id_offer,ean,locale,category,title,short_description,description,manufacturer,picture_1,picture_2,picture_3,picture_4,price_cs,quantity,condition,length,width,height,weight,content_volume,currency,handling_time,delivery_time_max,delivery_time_min
S91122243,8714612118122,cs-CZ,Gardening & DIY,Taška přes rameno XD Design P705.771 Černý,"Pokud hledáte nejnovější trendy na trhu, máme tu čest vám představit <b>Taška přes rameno XD Design P705.771 Černý</b>!<br><br><ul><li>Typ: Taška přes","Pokud hledáte nejnovější trendy na trhu, máme tu čest vám představit <b>Taška přes rameno XD Design P705.771 Černý</b>!<br><br><ul><li>Typ: Taška přes rameno</li><li>Barva: Černý</li><li>Přihrádky: Přihrádka na notebook (až 16"")</li></ul>",Pop Pulse Emporium,https://cdnbigbuy.com/images/8714612118122_S91122243_P00.jpg,https://cdnbigbuy.com/images/8714612118122_S91122243_P60.jpg,https://cdnbigbuy.com/images/8714612118122_S91122243_P70.jpg,https://cdnbigbuy.com/images/8714612118122_S91122243_P10.jpg,4734.51,2,NEW,25.5,38.8,56.5,3.71,55901.1,CZK,2,5,3
S0388885,0196237635624,cs-CZ,Gardening & DIY,Taška přes rameno Michael Kors Leida Černý 33 X 30 X 12 CM,"Pokud hledáte nejnovější trendy na trhu, máme tu čest vám představit <b>Taška přes rameno Michael Kors Leida Černý 33 X 30 X 12 CM</b>!<br><br><ul><li","Pokud hledáte nejnovější trendy na trhu, máme tu čest vám představit <b>Taška přes rameno Michael Kors Leida Černý 33 X 30 X 12 CM</b>!<br><br><ul><li>Typ: Taška</li><li>Pohlaví: Dáma</li><li>Barva: Černý</li><li>Materiál: Plátno</li><li>Typ zapínání: zip</li><li>Obsahuje: Obsahuje pouzdro nebo kryt značky</li><li>Přibližné rozměry: 33 X 30 X 12 CM</li></ul>",Pop Pulse Emporium,https://cdnbigbuy.com/images/0196237635624_S0388885_P00.jpg,https://cdnbigbuy.com/images/0196237635624_S0388885_P20.jpg,https://cdnbigbuy.com/images/0196237635624_S0388885_P10.jpg,,4038.32,10,NEW,12.0,33.0,22.0,0.4,8712.0,CZK,2,5,3
S0388890,0197853277397,cs-CZ,Gardening & DIY,Taška přes rameno Michael Kors Leida Béžový 34 x 29 x 12 cm,"Pokud hledáte nejnovější trendy na trhu, máme tu čest vám představit <b>Taška přes rameno Michael Kors Leida Béžový 34 x 29 x 12 cm</b>!<br><br><ul><l","Pokud hledáte nejnovější trendy na trhu, máme tu čest vám představit <b>Taška přes rameno Michael Kors Leida Béžový 34 x 29 x 12 cm</b>!<br><br><ul><li>Typ: Taška</li><li>Pohlaví: Dáma</li><li>Barva: Béžový</li><li>Materiál: Plátno</li><li>Typ zapínání: zip</li><li>Obsahuje: Obsahuje pouzdro nebo kryt značky</li><li>Přibližné rozměry: 34 x 29 x 12 cm</li></ul>",Pop Pulse Emporium,https://cdnbigbuy.com/images/0197853277397_S0388890_P00.jpg,https://cdnbigbuy.com/images/0197853277397_S0388890_P10.jpg,https://cdnbigbuy.com/images/0197853277397_S0388890_P20.jpg,,4594.05,9,NEW,12.0,33.0,22.0,0.4,8712.0,CZK,2,5,3
S7171063,8719076020066,cs-CZ,Gardening & DIY,Battery monitor Victron Energy BAM010700000,"Pokud se zajímáte o <b>počítače a elektronika</b>, rádi máte doma moderní vybavení a hlídáte si každý detail, kupte si <b>Battery monitor Victron Ener","Pokud se zajímáte o <b>počítače a elektronika</b>, rádi máte doma moderní vybavení a hlídáte si každý detail, kupte si <b>Battery monitor Victron Energy BAM010700000</b> za nejlepší ceny.<br><br><ul><li>Typ: Battery monitor</li><li>Tvar: Kulatý</li></ul>",Pop Pulse Emporium,https://cdnbigbuy.com/images/8719076020066_S7171063_P01.jpg,https://cdnbigbuy.com/images/8719076020066_S7171063_P11.jpg,,,4653.43,2,NEW,21.0,20.8,7.0,1.02,3057.6,CZK,2,5,3
S7172708,4063846162994,cs-CZ,Gardening & DIY,Podstavec Cybex Aton ISOFIX,"Pokud hledáte nejnovější trendy na trhu, máme tu čest vám představit <b>Podstavec Cybex Aton ISOFIX</b>!<br><br><ul><li>Barva: Černý</li><li>Typ: Pods","Pokud hledáte nejnovější trendy na trhu, máme tu čest vám představit <b>Podstavec Cybex Aton ISOFIX</b>!<br><br><ul><li>Barva: Černý</li><li>Typ: Podstavec</li><li>Systém nastavení: ISOFIX</li><li>Materiál: Plastické</li><li>Rok: 2022</li></ul>",Pop Pulse Emporium,https://cdnbigbuy.com/images/4063846162994_S7172708_P02.jpg,,,,4061.54,9,NEW,63.5,34.0,19.5,4.94,42100.5,CZK,2,5,3
S72101567,8054704174989,cs-CZ,Gardening & DIY,Manžetové knoflíčky Albert M. WSOX00174.TRQ,Vybavte svůj vůz posledními produkty průmyslu! Kupte <b>Manžetové knoflíčky Albert M. WSOX00174.TRQ</b> a už o nic nepřijdete!<br><br><ul><li>Typ: Man,Vybavte svůj vůz posledními produkty průmyslu! Kupte <b>Manžetové knoflíčky Albert M. WSOX00174.TRQ</b> a už o nic nepřijdete!<br><br><ul><li>Typ: Manžetové knoflíčky</li><li>Pohlaví: Pánský</li></ul>,Pop Pulse Emporium,https://cdnbigbuy.com/images/8054704174989_S72101567_P00.jpg,https://cdnbigbuy.com/images/8054704174989_S72101567_P10.jpg,,,4329.13,1,NEW,9.33,9.5,10.99,0.23,974.1,CZK,2,5,3
S7926304,4751029894564,cs-CZ,Gardening & DIY,Světelná girlanda Thorgeon Černý 2000 W 20 m 40,"<p>Chcete-li dodat svému domovu kouzlo originality, pomůže vám s tím <b>Světelná girlanda Thorgeon Černý 2000 W 20 m 40</b>.</p><br><br><ul><li>Není z","<p>Chcete-li dodat svému domovu kouzlo originality, pomůže vám s tím <b>Světelná girlanda Thorgeon Černý 2000 W 20 m 40</b>.</p><br><br><ul><li>Není zahrnut: žárovky</li><li>Typ: <ul><li>Objímky</li><li>LED řetězová světla</li><li>Světelná girlanda</li></ul></li><li>Barva: Černý</li><li>žárovky: 40</li><li>Příkon: 2000 W</li><li>Patice: E27</li><li>Napětí: 220-240 V</li><li>Délka kabelu: 20 m</li><li>Frekvence: 50/60 Hz</li><li>Stupeň krytí: IP44</li><li>Doporučené použití: Vnitřek/Exteriér</li>",Pop Pulse Emporium,https://cdnbigbuy.com/images/4751029894564_S7926304_P00.jpg,,,,3716.3,16,NEW,20.0,30.0,20.0,2.0,12000.0,CZK,2,5,3
S7285789,8057190246307,cs-CZ,Gardening & DIY,Dámské hodinky LIU JO TLJ1689,"Pokud sledujete trendy v oblasti módy a doplňků, nakupujte <b>Dámské hodinky LIU JO TLJ1689</b> za nejlepší ceny.<br><br><ul><li>Pohlaví: Dáma</li><li","Pokud sledujete trendy v oblasti módy a doplňků, nakupujte <b>Dámské hodinky LIU JO TLJ1689</b> za nejlepší ceny.<br><br><ul><li>Pohlaví: Dáma</li><li>Další odkazy: Č.</li><li>Typ hodinek: Náramkové hodinky</li></ul>",Pop Pulse Emporium,https://cdnbigbuy.com/images/8057190246307_S7285789_P01.jpg,https://cdnbigbuy.com/images/84846_mandatory-watch1.jpg,,,3658.82,2,NEW,39.0,19.0,10.0,0.4,7410.0,CZK,2,5,3
S72105196,8056597819695,cs-CZ,Gardening & DIY,Dámské Briļļu ietvars Emporio Armani EA 3222U,"Pokud přemýšlíte o obnově šatníku, <b>Dámské Briļļu ietvars Emporio Armani EA 3222U</b> je vám k dispozici, stejně jako jiné <b>produkty značky Empori","Pokud přemýšlíte o obnově šatníku, <b>Dámské Briļļu ietvars Emporio Armani EA 3222U</b> je vám k dispozici, stejně jako jiné <b>produkty značky Emporio Armani</b>! Nejlepší kvalitu za nejlepší cenu máte na dosah ruky!<br><br><ul><li>Vlastnosti: Bezrecepšu brilles</li><li>Typ: Briļļu ietvars</li><li>Materiál: Acetát</li><li>Pohlaví: Dáma</li></ul>",Pop Pulse Emporium,https://cdnbigbuy.com/images/8056597819695_S72105196_P00.jpg,https://cdnbigbuy.com/images/8056597819695_S72105196_P10.jpg,,,3957.24,1,NEW,8.25,9.94,12.12,0.24,993.9,CZK,2,5,3
S7917622,8430274148887,cs-CZ,Gardening & DIY,Bezpečnostní systém Pastormatic 250 Plot,"Pokud hledáte nejnovější trendy na trhu, máme tu čest vám představit <b>Bezpečnostní systém Pastormatic 250 Plot</b>!<br><br><ul><li>Typ: <ul><li>Elek","Pokud hledáte nejnovější trendy na trhu, máme tu čest vám představit <b>Bezpečnostní systém Pastormatic 250 Plot</b>!<br><br><ul><li>Typ: <ul><li>Elektrický</li><li>Plot</li></ul></li><li>Vlastnosti: Solární baterie</li><li>Není zahrnut: Baterie</li><li>Napětí: <ul><li>2900 V</li><li>9400 V</li></ul></li></ul>",Pop Pulse Emporium,https://cdnbigbuy.com/images/8430274148887_S7917622_P0_WBG1.jpg,,,,4167.36,1,NEW,30.0,30.0,20.0,2.11,18000.0,CZK,2,5,3
S0388884,0196237633620,cs-CZ,Gardening & DIY,Taška přes rameno Michael Kors Leida Růžový 33 X 30 X 12 CM,"Pokud hledáte nejnovější trendy na trhu, máme tu čest vám představit <b>Taška přes rameno Michael Kors Leida Růžový 33 X 30 X 12 CM</b>!<br><br><ul><l","Pokud hledáte nejnovější trendy na trhu, máme tu čest vám představit <b>Taška přes rameno Michael Kors Leida Růžový 33 X 30 X 12 CM</b>!<br><br><ul><li>Typ: Taška</li><li>Pohlaví: Dáma</li><li>Barva: Růžový</li><li>Materiál: Plátno</li><li>Typ zapínání: zip</li><li>Obsahuje: Obsahuje pouzdro nebo kryt značky</li><li>Přibližné rozměry: 33 X 30 X 12 CM</li></ul>",Pop Pulse Emporium,https://cdnbigbuy.com/images/0196237633620_S0388884_P00.jpg,https://cdnbigbuy.com/images/0196237633620_S0388884_P10.jpg,https://cdnbigbuy.com/images/0196237633620_S0388884_P20.jpg,,4038.32,22,NEW,12.0,33.0,22.0,0.4,8712.0,CZK,2,5,3
S0585544,0085805240288,cs-CZ,Gardening & DIY,Sérum proti stárnutí Elizabeth Arden Prevage Antioxidační 50 ml,"<p>Chtěli byste doma mít tu nejkvalitnější řadu <b> kosmetických výrobků</b> za skvělou cenu? Právě jste našli, co jste hledali. V naší nabídce je <b>","<p>Chtěli byste doma mít tu nejkvalitnější řadu <b> kosmetických výrobků</b> za skvělou cenu? Právě jste našli, co jste hledali. V naší nabídce je <b> Sérum proti stárnutí Elizabeth Arden Prevage Antioxidační 50 ml</b>!</p><br><br><ul><li>Typ: Kosmetika</li><li>Vlastnosti: <ul><li>Antioxidační</li><li>Den/noc</li></ul></li><li>Doporučené použití: <ul><li>Normální pleť</li><li>Všechny typy pleti</li></ul></li><li>Kapacita: 50 ml</li><li>Pohlaví: <ul><li>Dáma</li><li>Unisex</li></ul></li><li>Struk",Pop Pulse Emporium,https://cdnbigbuy.com/images/0085805240288_S0585544_P01.jpg,,,,4593.67,25,NEW,4.0,4.0,17.0,0.15,272.0,CZK,2,5,3
S7201614,4549526113819,cs-CZ,Gardening & DIY,Pánské hodinky Casio EFR-552D-1A2VUEF Stříbřitý Černý,"Pokud sledujete trendy v oblasti módy a doplňků, nakupujte <b>Pánské hodinky Casio EFR-552D-1A2VUEF Stříbřitý Černý</b> za nejlepší ceny.<br><br><ul><","Pokud sledujete trendy v oblasti módy a doplňků, nakupujte <b>Pánské hodinky Casio EFR-552D-1A2VUEF Stříbřitý Černý</b> za nejlepší ceny.<br><br><ul><li>Pohlaví: Pánský</li><li>Další odkazy: Č.</li><li>Typ hodinek: Náramkové hodinky</li><li>Typ: <ul><li>Analogové</li><li>Minerál</li><li>Mužský</li><li>Zápěstní</li></ul></li><li>Barva: <ul><li>Černý</li><li>Stříbřitý</li></ul></li><li>Materiál: Nerezová ocel</li><li>Vlastnosti: <ul><li>Voděodolný</li><li>Kalendář</li><li>Datum/kalendář</li><li>Od",Pop Pulse Emporium,https://cdnbigbuy.com/images/4549526113819_S7201614_P02.jpg,https://cdnbigbuy.com/images/1615_mandatory-watch2.jpg,,,3687.37,5,NEW,14.15,12.43,10.11,0.3,1778.19,CZK,2,5,3
S9902813,0888793238004,cs-CZ,Gardening & DIY,Originální toner HP 201X Žlutý,Vracejte se do kanceláře bez zapomenutí jediné věci! Nakupujte <b>Originální toner HP 201X Žlutý</b> a nechte kolegy závidět!<br><br><ul><li>Barva: Žl,Vracejte se do kanceláře bez zapomenutí jediné věci! Nakupujte <b>Originální toner HP 201X Žlutý</b> a nechte kolegy závidět!<br><br><ul><li>Barva: Žlutý</li><li>Technologie: Láser</li><li>Typ: Toner</li></ul>,Pop Pulse Emporium,https://cdnbigbuy.com/images/0888793238004_3_A00.jpg,https://cdnbigbuy.com/images/0888793238004_5_A20.jpg,https://cdnbigbuy.com/images/0888793238004_4_A10.jpg,https://cdnbigbuy.com/images/0888793238004_2_A10.jpg,3881.5,1,NEW,24.38,92.2,28.19,0.8,63387.26,CZK,2,5,3
S0430001,8434778015188,cs-CZ,Gardening & DIY,Dřez s dvěma vaničkami Teka Universe 115040007 80 cm,"Jestliže chcete renovovat svou kuchyň, kupte si <b>Dřez s dvěma vaničkami Teka Universe 115040007 80 cm</b> a další <b>produkty Teka</b>! Nejlepší kva","Jestliže chcete renovovat svou kuchyň, kupte si <b>Dřez s dvěma vaničkami Teka Universe 115040007 80 cm</b> a další <b>produkty Teka</b>! Nejlepší kvalitu za nejlepší cenu máte na dosah!<br><ul><li>Materiál: Nerezová ocel</li><li>Hloubka dřezu: 17 cm</li><li>Skříňka: 80 cm</li><li>Typ instalace: Vestavitelný</li><li>Přibližné rozměry: 50 x 17 x 79 cm</li></ul>",Pop Pulse Emporium,https://cdnbigbuy.com/images/import_images-2021050411555300.jpg,,,,3570.89,2,NEW,80.0,50.0,17.0,12.0,68000.0,CZK,2,5,3
S7270617,0883901151770,cs-CZ,Gardening & DIY,Dámské sluneční brýle Calvin Klein CK23506S,"Pokud rádi nosíte trendy <b>módní doplňky</b> a váš styl se bez nich neobejde, nenechte si ujít <b>Dámské sluneční brýle Calvin Klein CK23506S</b>! Vy","Pokud rádi nosíte trendy <b>módní doplňky</b> a váš styl se bez nich neobejde, nenechte si ujít <b>Dámské sluneční brýle Calvin Klein CK23506S</b>! Vyberte si ty nejlepší značkové <b>sluneční brýle</b>.<br><br><ul><li>Typ: Dámské sluneční brýle</li><li>Pohlaví: Dáma</li><li>ochrana: 100% ochrana proti UV záření (UV400)</li></ul>",Pop Pulse Emporium,https://cdnbigbuy.com/images/0883901151770_S7270617_P01.jpg,https://cdnbigbuy.com/images/0883901151770_S7270617_P11.jpg,,,4437.23,2,NEW,10.08,9.98,9.92,0.3,997.94,CZK,2,5,3
S7102084,3384349150389,cs-CZ,Gardening & DIY,Dětská houpačka Béaba Up & Down I - Nymphea,"Pokud přemýšlíte o obnově šatníku, <b>Dětská houpačka Béaba Up & Down I - Nymphea</b> je vám k dispozici, stejně jako jiné produkty <b>Béaba</b>! Nejl","Pokud přemýšlíte o obnově šatníku, <b>Dětská houpačka Béaba Up & Down I - Nymphea</b> je vám k dispozici, stejně jako jiné produkty <b>Béaba</b>! Nejlepší kvalitu za nejlepší cenu máte na dosah ruky!<br><br><ul><li>Typ: Houpací síť</li><li>Vlastnosti: <ul><li>Nakláněcí opěradlo</li><li>Regulovatelná výška</li><li>Ergonomické polstrování</li></ul></li><li>Maximální váha: 9 kg</li><li>Montáž: Ano</li><li>Doporučené použití: Miminka</li></ul>",Pop Pulse Emporium,https://cdnbigbuy.com/images/3384349150389_S7102084_P02.jpg,https://cdnbigbuy.com/images/3384349150389_S7102084_P22.jpg,,,3762.36,25,NEW,63.5,15.5,58.0,5.8,57086.5,CZK,2,5,3
S71013887,0197641223933,cs-CZ,Gardening & DIY,Sportovní batoh The North Face Base Camp Duffel Černý,Vracejte se do kanceláře bez zapomenutí jediné věci! Nakupujte <b>Sportovní batoh The North Face Base Camp Duffel Černý</b> a nechte kolegy závidět!<b,Vracejte se do kanceláře bez zapomenutí jediné věci! Nakupujte <b>Sportovní batoh The North Face Base Camp Duffel Černý</b> a nechte kolegy závidět!<br><br><ul><li>Kapacita: 95 L</li><li>Barva: Černý</li><li>Materiál: Polyester</li><li>Vlastnosti: <ul><li>Voděodolný</li><li>Rukojeť</li><li>Vodítko na rameno</li></ul></li><li>Typ zapínání: zip</li><li>Pohlaví: Unisex</li><li>Složení: 100 % Polyamid</li></ul>,Pop Pulse Emporium,https://cdnbigbuy.com/images/0197641223933_S71013887_P00.jpg,https://cdnbigbuy.com/images/0197641223933_S71013887_P10.jpg,https://cdnbigbuy.com/images/0197641223933_S71013887_P20.jpg,https://cdnbigbuy.com/images/0197641223933_S71013887_P30.jpg,4310.1,25,NEW,20.63,35.0,34.78,0.95,25112.9,CZK,2,5,3
S91104759,0197498938028,cs-CZ,Gardening & DIY,Monitor HP 94C36E9#ABB 100 Hz,"Pokud se zajímáte o <b>počítače a elektronika</b>, rádi máte doma moderní vybavení a hlídáte si každý detail, kupte si <b>Monitor HP 94C36E9#ABB 100 H","Pokud se zajímáte o <b>počítače a elektronika</b>, rádi máte doma moderní vybavení a hlídáte si každý detail, kupte si <b>Monitor HP 94C36E9#ABB 100 Hz</b> za nejlepší ceny.<br><br><ul><li>Úhlopříčka obrazovky (cm): <ul><li>61 cm</li><li>60,5 cm</li></ul></li><li>Rozlišení (px): 1920 x 1080 px</li><li>Plátno: <ul><li>24""</li><li>23,8""</li></ul></li><li>Frekvence: <ul><li>100 Hz</li><li>50 - 60 Hz</li></ul></li><li>Energetická klasifikace: E</li><li>Rozlišení: Full HD</li><li>Připojení: <ul><li>V",Pop Pulse Emporium,https://cdnbigbuy.com/images/0197498938028_S91104759_P00.jpg,https://cdnbigbuy.com/images/0197498938028_S91104759_P10.jpg,https://cdnbigbuy.com/images/0197498938028_S91104759_P20.jpg,https://cdnbigbuy.com/images/0197498938028_S91104759_P30.jpg,4290.3,22,NEW,40.5,61.5,12.0,4.66,29889.0,CZK,2,5,3
S55000344,7331021048362,cs-CZ,Gardening & DIY,Síťový kabel UTP kategorie 6 Axis 5506-191 Černý 5 m,"Pokud se zajímáte o <b>počítače a elektronika</b>, rádi máte doma moderní vybavení a hlídáte si každý detail, kupte si <b>Síťový kabel UTP kategorie 6","Pokud se zajímáte o <b>počítače a elektronika</b>, rádi máte doma moderní vybavení a hlídáte si každý detail, kupte si <b>Síťový kabel UTP kategorie 6 Axis 5506-191 Černý 5 m</b> za nejlepší ceny.<br><br><ul><li>Typ: Síťový kabel</li><li>Barva: Černý</li><li>Délka kabelu: 5 m</li></ul>",Pop Pulse Emporium,https://cdnbigbuy.com/images/7331021048362_R20.jpg,,,,4793.51,1,NEW,21.0,19.0,8.0,0.55,3192.0,CZK,2,5,3
S7249267,8430622791376,cs-CZ,Gardening & DIY,Pánské hodinky Lotus 18854/2,"Pokud sledujete trendy v oblasti módy a doplňků, nakupujte <b>Pánské hodinky Lotus 18854/2</b> za nejlepší ceny.<br><br><ul><li>Pohlaví: Pánský</li><l","Pokud sledujete trendy v oblasti módy a doplňků, nakupujte <b>Pánské hodinky Lotus 18854/2</b> za nejlepší ceny.<br><br><ul><li>Pohlaví: Pánský</li><li>Další odkazy: Č.</li><li>Typ hodinek: Náramkové hodinky</li></ul>",Pop Pulse Emporium,https://cdnbigbuy.com/images/8430622791376_S7249267_P01.jpg,https://cdnbigbuy.com/images/8430622791376_S7249267_P31.jpg,https://cdnbigbuy.com/images/8430622791376_S7249267_P41.jpg,https://cdnbigbuy.com/images/48431_mandatory-watch1.jpg,3671.38,50,NEW,32.0,19.0,10.0,0.4,6080.0,CZK,2,5,3
S3060435,8424002179465,cs-CZ,Gardening & DIY,Květináč Home ESPRIT Zelená Vícebarevný Porcelán 20 x 20 x 29 cm (2 kusů),"Pokud hledáte nejnovější trendy na trhu, máme tu čest vám představit <b>Květináč Home ESPRIT Zelená Vícebarevný Porcelán 20 x 20 x 29 cm (2 kusů)</b>!","Pokud hledáte nejnovější trendy na trhu, máme tu čest vám představit <b>Květináč Home ESPRIT Zelená Vícebarevný Porcelán 20 x 20 x 29 cm (2 kusů)</b>!<br><br><ul><li>Typ: Květináč</li><li>Barva: <ul><li>Zelená</li><li>Vícebarevný</li></ul></li><li>Materiál: Porcelán</li><li>Kusů: 2 kusů</li><li>Přibližné rozměry: 20 x 20 x 29 cm</li></ul><br><br>Důležité informace: Z více designů vybíráme náhodně podle skladové dostupnosti.",Pop Pulse Emporium,https://cdnbigbuy.com/images/8424002179465_S3060435_P30.jpg,https://cdnbigbuy.com/images/8424002179465_S3060435_P10.jpg,https://cdnbigbuy.com/images/8424002179465_S3060435_P20.jpg,https://cdnbigbuy.com/images/8424002179465_S3060435_P00.jpg,4018.53,50,NEW,20.0,20.0,29.0,1.49,11600.0,CZK,2,5,3
S72118377,7628907236884,cs-CZ,Gardening & DIY,Dámský prsten Guess JUBR05140JWYGBL54 14 Zlatá Modrý,"Představuje se vám <b>Dámský prsten Guess JUBR05140JWYGBL54 14 Zlatá Modrý</b> a široký výběr prstýnků, náramků, náhrdelníků, náušnic za skvělou cenu.","Představuje se vám <b>Dámský prsten Guess JUBR05140JWYGBL54 14 Zlatá Modrý</b> a široký výběr prstýnků, náramků, náhrdelníků, náušnic za skvělou cenu. Získejte podrobné informace o exkluzivních elegantních špercích a bižuterii v různých stylech, z nichž si vybere každý.<br><br><ul><li>Typ: prsten</li><li>Pohlaví: Dáma</li><li>Velikost: 14</li><li>Barva: <ul><li>Zlatá</li><li>Modrý</li></ul></li></ul>",Pop Pulse Emporium,https://cdnbigbuy.com/images/7628907236884_S72118377_P00.jpg,https://cdnbigbuy.com/images/117389_mandatory-ring0.jpg,,,3787.86,2,NEW,9.88,9.91,9.94,0.3,973.23,CZK,2,5,3
S8101078,8017709227852,cs-CZ,Gardening & DIY,"Konvice Smeg KLF03CREU Krém Nerezová ocel Plastické 2400 W 1,7 L","Jestli hledáte vhodné elektrospotřebiče za špičkové ceny, nesmí vám uniknout <b>Konvice Smeg KLF03CREU Krém Nerezová ocel Plastické 2400 W 1,7 L</b> a","Jestli hledáte vhodné elektrospotřebiče za špičkové ceny, nesmí vám uniknout <b>Konvice Smeg KLF03CREU Krém Nerezová ocel Plastické 2400 W 1,7 L</b> a další kousky z širokého výběru kvalitních malých domácích elektrospotřebičů!<br><br><p>Hrnčíř <b>KLF03CREU</b> od prestižní značky <b>Smeg</b> není jen kuchyňským nástrojem, ale skutečným symbolem stylu a funkčnosti. S okouzlujícím designem v <b>béžové barvě</b> se tento hrnčíř vyznačuje elegantním povrchem z <b>nerezové oceli</b>, který zajišťuje",Pop Pulse Emporium,https://cdnbigbuy.com/images/8017709227852_S8101078_P00.jpg,https://cdnbigbuy.com/images/8017709227852_S8101078_P20.jpg,,,3986.17,50,NEW,27.8,26.3,23.7,2.39,17328.02,CZK,2,5,3
S37114800,8056690100393,cs-CZ,Gardening & DIY,Závodní kotníkové boty OMP SPORT Černá/červená 40,Vybavte svůj vůz posledními produkty průmyslu! Kupte <b>Závodní kotníkové boty OMP SPORT Černá/červená 40</b> a už o nic nepřijdete!<br><br><ul><li>Vl,Vybavte svůj vůz posledními produkty průmyslu! Kupte <b>Závodní kotníkové boty OMP SPORT Černá/červená 40</b> a už o nic nepřijdete!<br><br><ul><li>Vlastnosti: <ul><li>Sjednocený FIA</li><li>Jemný</li><li>Přenosný</li></ul></li><li>Materiál: <ul><li>mikrovlákno</li><li>Nomex</li></ul></li><li>Barva: <ul><li>Černý</li><li>Červený</li></ul></li><li>Velikost: 40</li><li>Přibližné rozměry: 30 x 40 cm</li></ul>,Pop Pulse Emporium,https://cdnbigbuy.com/images/8056690100393_S37114800_P01.jpg,https://cdnbigbuy.com/images/8056690100393_S37114800_P11.jpg,https://cdnbigbuy.com/images/8056690100393_S37114800_P21.jpg,https://cdnbigbuy.com/images/114349_mandatory-motor1.jpg,3489.44,2,NEW,10.0,10.0,25.0,4.0,2500.0,CZK,2,5,3
M0509325,0888793173497,cs-CZ,Gardening & DIY,Příslušenství ke skeneru HP ScanJet Pro 3500 f1/4500 fn1,"Pokud se zajímáte o <b>počítače a elektronika</b>, rádi máte doma moderní vybavení a hlídáte si každý detail, kupte si <b>Příslušenství ke skeneru HP ","Pokud se zajímáte o <b>počítače a elektronika</b>, rádi máte doma moderní vybavení a hlídáte si každý detail, kupte si <b>Příslušenství ke skeneru HP ScanJet Pro 3500 f1/4500 fn1</b> za nejlepší ceny.<br><br><ul><li>Napětí: 230 V</li><li>Kompatibilní: HP</li></ul>",Pop Pulse Emporium,https://cdnbigbuy.com/images/0888793173497_M0509325_P00.jpg,https://cdnbigbuy.com/images/0888793173497R40.jpg,https://cdnbigbuy.com/images/0888793173497_R40.jpg,https://cdnbigbuy.com/images/0888793173497I00.jpg,4078.67,5,NEW,22.0,13.5,4.0,0.17,1188.0,CZK,2,5,3
S7263161,8430622806193,cs-CZ,Gardening & DIY,Pánské hodinky Festina F20623/1,"Pokud sledujete trendy v oblasti módy a doplňků, nakupujte <b>Pánské hodinky Festina F20623/1</b> za nejlepší ceny.<br><br><ul><li>Pohlaví: Pánský</li","Pokud sledujete trendy v oblasti módy a doplňků, nakupujte <b>Pánské hodinky Festina F20623/1</b> za nejlepší ceny.<br><br><ul><li>Pohlaví: Pánský</li><li>Další odkazy: Č.</li><li>Typ hodinek: Náramkové hodinky</li></ul>",Pop Pulse Emporium,https://cdnbigbuy.com/images/8430622806193_R00.jpg,https://cdnbigbuy.com/images/8430622806193_R10.jpg,https://cdnbigbuy.com/images/62325_mandatory-watch0.jpg,,3671.38,50,NEW,32.0,19.0,10.0,0.4,6080.0,CZK,2,5,3
S0461785,4549526377433,cs-CZ,Gardening & DIY,Pánské hodinky Casio EFS-S640D-1AVUEF,"Pokud sledujete trendy v oblasti módy a doplňků, nakupujte <b>Pánské hodinky Casio EFS-S640D-1AVUEF</b> za nejlepší ceny.","Pokud sledujete trendy v oblasti módy a doplňků, nakupujte <b>Pánské hodinky Casio EFS-S640D-1AVUEF</b> za nejlepší ceny.",Pop Pulse Emporium,https://cdnbigbuy.com/images/4549526377433_S72104505_P00.jpg,,,,4176.49,5,NEW,14.15,12.43,10.11,0.3,1778.19,CZK,2,5,3
S55017974,3660619040407,cs-CZ,Gardening & DIY,"Externí Pevný Disk Seagate STKP4000400 3,5"" 4TB","Pokud se zajímáte o <b>počítače a elektronika</b>, rádi máte doma moderní vybavení a hlídáte si každý detail, kupte si <b>Externí Pevný Disk Seagate S","Pokud se zajímáte o <b>počítače a elektronika</b>, rádi máte doma moderní vybavení a hlídáte si každý detail, kupte si <b>Externí Pevný Disk Seagate STKP4000400 3,5"" 4TB</b> za nejlepší ceny.<br><br><ul><li>Technologie: HDD</li><li>Typ: Externí Pevný Disk</li><li>Barva: Černý</li><li>velikost: 3,5""</li><li>Připojení: <ul><li>USB 3.2</li><li>USB</li></ul></li><li>Pevný disk: 4 TB HDD</li><li>Obsahuje: USB kabel</li><li>Operační systém: Windows 10</li><li>Není zahrnut: WiFi</li></ul>",Pop Pulse Emporium,https://cdnbigbuy.com/images/544382481.jpg,,,,3658.44,2,NEW,21.0,21.0,8.0,1.11,3528.0,CZK,2,5,3
S7101848,5010415237385,cs-CZ,Gardening & DIY,Ohřívač na kojeneckou láhev Tommee Tippee Perfect Prep Bílý,"Pokud přemýšlíte o obnově šatníku, <b>Ohřívač na kojeneckou láhev Tommee Tippee Perfect Prep Bílý</b> je vám k dispozici, stejně jako jiné <b>produkty","Pokud přemýšlíte o obnově šatníku, <b>Ohřívač na kojeneckou láhev Tommee Tippee Perfect Prep Bílý</b> je vám k dispozici, stejně jako jiné <b>produkty značky Tommee Tippee</b>! Nejlepší kvalitu za nejlepší cenu máte na dosah ruky!<br><br><ul><li>Teplota max.: 35ºC</li><li>Materiál: Silikonové</li><li>Doporučené použití: Vhodný pro domácí použití</li><li>Barva: Bílý</li></ul>",Pop Pulse Emporium,https://cdnbigbuy.com/images/5010415237385_S7101848_P03.jpg,https://cdnbigbuy.com/images/5010415237385_S7101848_P13.jpg,,,3807.27,10,NEW,33.3,22.9,34.0,2.84,25927.38,CZK,2,5,3
S7167776,8718696170793,cs-CZ,Gardening & DIY,LED lampa Philips (6500 K),"Pokud při zařizování vašeho domova kladete důraz na všelijaké detaily a chcete být průběžně informován o nejnovějších produktech, které vám usnadní ži","Pokud při zařizování vašeho domova kladete důraz na všelijaké detaily a chcete být průběžně informován o nejnovějších produktech, které vám usnadní život, nakupujte <b>LED lampa Philips (6500 K)</b> za tu nejlepší cenu.<br><br><ul><li>Zásuvný produkt: Ano</li><li>Typ zástrčky: Zástrčka EU</li><li>Stupeň krytí: IP20</li><li>Teplota barev: 6500 K</li><li>Barva: Bílý</li><li>Typ: LED Světlý</li><li>Materiál: <ul><li>Syntetický</li><li>Kov</li><li>Plastické</li></ul></li><li>Vlastnosti: <ul><li>LED ",Pop Pulse Emporium,https://cdnbigbuy.com/images/8718696170793_S7167776_P04.jpg,https://cdnbigbuy.com/images/8718696170793_S7167776_P14.jpg,https://cdnbigbuy.com/images/8718696170793_I04.jpg,https://cdnbigbuy.com/images/8718696170793_I24.jpg,4716.24,16,NEW,20.8,30.1,9.9,1.09,6198.19,CZK,2,5,3
S72108346,4894138361142,cs-CZ,Gardening & DIY,Pánské hodinky Lorus RT353KX9,"Pokud sledujete trendy v oblasti módy a doplňků, nakupujte <b>Pánské hodinky Lorus RT353KX9</b> za nejlepší ceny.<br><br><ul><li>Pohlaví: Pánský</li><","Pokud sledujete trendy v oblasti módy a doplňků, nakupujte <b>Pánské hodinky Lorus RT353KX9</b> za nejlepší ceny.<br><br><ul><li>Pohlaví: Pánský</li><li>Další odkazy: Č.</li><li>Typ hodinek: Náramkové hodinky</li></ul>",Pop Pulse Emporium,https://cdnbigbuy.com/images/4894138361142_S72108346_P00.jpg,https://cdnbigbuy.com/images/107358_mandatory-watch0.jpg,,,4074.1,1,NEW,14.15,12.43,10.11,0.3,1778.19,CZK,2,5,3
S0389799,0197853121850,cs-CZ,Gardening & DIY,Taška přes rameno Michael Kors GREENWICH Zelená 20 x 17 x 7 cm,"Pokud hledáte nejnovější trendy na trhu, máme tu čest vám představit <b>Taška přes rameno Michael Kors GREENWICH Zelená 20 x 17 x 7 cm</b>!<br><br><ul","Pokud hledáte nejnovější trendy na trhu, máme tu čest vám představit <b>Taška přes rameno Michael Kors GREENWICH Zelená 20 x 17 x 7 cm</b>!<br><br><ul><li>Typ: <ul><li>Taška</li><li>Taška přes rameno</li></ul></li><li>Pohlaví: Dáma</li><li>Barva: Zelená</li><li>Složení: Kůže</li><li>Typ zapínání: Jehlice</li><li>Obsahuje: Obsahuje pouzdro nebo kryt značky</li><li>Přibližné rozměry: 20 x 17 x 7 cm</li></ul>",Pop Pulse Emporium,https://cdnbigbuy.com/images/0197853121850_S0389799_P00.jpg,https://cdnbigbuy.com/images/0197853121850_S0389799_P10.jpg,https://cdnbigbuy.com/images/0197853121850_S0389799_P20.jpg,,4423.15,1,NEW,10.0,10.0,10.0,0.3,1000.0,CZK,2,5,3
S7740083,0731304428343,cs-CZ,Gardening & DIY,USB kabel APC ER7SHELF Černý,"Pokud se zajímáte o <b>počítače a elektronika</b>, rádi máte doma moderní vybavení a hlídáte si každý detail, kupte si <b>USB kabel APC ER7SHELF Černý","Pokud se zajímáte o <b>počítače a elektronika</b>, rádi máte doma moderní vybavení a hlídáte si každý detail, kupte si <b>USB kabel APC ER7SHELF Černý</b> za nejlepší ceny.<br><br><ul><li>Barva: Černý</li></ul>",Pop Pulse Emporium,https://cdnbigbuy.com/images/0731304428343_S7740083_P00.jpg,https://cdnbigbuy.com/images/0731304428343_S7740083_P10.jpg,,,3746.37,2,NEW,70.5,57.6,9.5,5.83,38577.6,CZK,2,5,3
S7923413,5901828852978,cs-CZ,Gardening & DIY,Hadice Cellfast Plastické,"Pokud při zařizování vašeho domova kladete důraz na všelijaké detaily a chcete být průběžně informován o nejnovějších produktech, které vám usnadní ži","Pokud při zařizování vašeho domova kladete důraz na všelijaké detaily a chcete být průběžně informován o nejnovějších produktech, které vám usnadní život, nakupujte <b>Hadice Cellfast Plastické</b> za tu nejlepší cenu.<br><br><ul><li>Barva: <ul><li>Černý</li><li>Modrý</li><li>Vícebarevný</li></ul></li><li>Materiál: <ul><li>PVC</li><li>Plastické</li></ul></li><li>Vlastnosti: Odolný vůči UV paprskům</li><li>Maximální tlak: 32 bar</li><li>Složení: Polyester</li></ul>",Pop Pulse Emporium,https://cdnbigbuy.com/images/5901828852978_I00.jpg,https://cdnbigbuy.com/images/5901828852978_I30.jpg,https://cdnbigbuy.com/images/5901828852978_I50.jpg,,3667.96,2,NEW,28.0,40.0,40.0,12.41,44800.0,CZK,2,5,3
S9167151,8714612109700,cs-CZ,Gardening & DIY,Batoh XD Design Bobby Urban Šedý,Zůstaňte ve formě a objevujte poslední novinky ze sportovního světa s největšími zárukami! Nakupte <b>Batoh XD Design Bobby Urban Šedý</b> za nejlepší,"Zůstaňte ve formě a objevujte poslední novinky ze sportovního světa s největšími zárukami! Nakupte <b>Batoh XD Design Bobby Urban Šedý</b> za nejlepší cenu a užívejte si života plného zdraví!<br><br><ul><li>Typ: <ul><li>Batoh</li><li>Batoh na Notebook</li></ul></li><li>Barva: Šedý</li><li>Vlastnosti: Nastavitelná ramínka</li><li>Přihrádky: Přihrádka na notebook (až 15,6"")</li><li>Kapacita: 22 L</li></ul>",Pop Pulse Emporium,https://cdnbigbuy.com/images/8714612109700_S9167151_P00.jpg,https://cdnbigbuy.com/images/8714612109700_S9167151_P10.jpg,https://cdnbigbuy.com/images/8714612109700_S9167151_P20.jpg,https://cdnbigbuy.com/images/8714612109700_S9167151_P30.jpg,3505.04,10,NEW,14.5,31.5,46.0,1.01,21010.5,CZK,2,5,3
S7193711,4549526322716,cs-CZ,Gardening & DIY,Pánské hodinky Casio GBA-900UU-5A Kaštanová Černý,"Pokud sledujete trendy v oblasti módy a doplňků, nakupujte <b>Pánské hodinky Casio GBA-900UU-5A Kaštanová Černý</b> za nejlepší ceny.<br><br><ul><li>P","Pokud sledujete trendy v oblasti módy a doplňků, nakupujte <b>Pánské hodinky Casio GBA-900UU-5A Kaštanová Černý</b> za nejlepší ceny.<br><br><ul><li>Průměr pouzdra hodin: <ul><li>Ø 51 mm</li><li>Ø 49 mm</li></ul></li><li>Typ pohybu: Křemen</li><li>Obsahuje: K produktu dostanete originální krabičku</li><li>Vodotěsnost: 20 atm</li><li>Sklo: Minerál</li><li>Materiál pásku: <ul><li>Pryskyřice</li><li>Nerezová ocel</li></ul></li><li>Funkce: <ul><li>Multifunkční</li><li>Alarm</li><li>Indikátor vybití ",Pop Pulse Emporium,https://cdnbigbuy.com/images/4549526322716_S7193711_P01.jpg,https://cdnbigbuy.com/images/29237_mandatory-watch1.jpg,https://cdnbigbuy.com/images/4549526322716_S7193711_P11.jpg,https://cdnbigbuy.com/images/4549526322716_S7193711_P21.jpg,3470.79,2,NEW,14.15,12.43,10.11,0.3,1778.19,CZK,2,5,3
S55272672,0196388338641,cs-CZ,Gardening & DIY,Klávesnice a myš Microsoft 8XA-00156,"Pokud se zajímáte o <b>počítače a elektronika</b>, rádi máte doma moderní vybavení a hlídáte si každý detail, kupte si <b>Klávesnice a myš Microsoft 8","Pokud se zajímáte o <b>počítače a elektronika</b>, rádi máte doma moderní vybavení a hlídáte si každý detail, kupte si <b>Klávesnice a myš Microsoft 8XA-00156</b> za nejlepší ceny.<br><br><ul><li>Typ: Klávesnice a myš</li><li>Barva: Béžový</li><li>Připojení: Spoj</li><li>Váha: 280 g</li><li>Obsahuje: Touchpad</li></ul>",Pop Pulse Emporium,https://cdnbigbuy.com/images/993587090.jpg,,,,4425.43,2,NEW,32.0,25.0,1.0,0.64,800.0,CZK,2,5,3
S3058738,8424002161705,cs-CZ,Gardening & DIY,"Malba Home ESPRIT Levhart Tropické 83 x 3,8 x 123 cm (2 kusů)","<p>Chcete-li dodat svému domovu kouzlo originality, pomůže vám s tím <b>Malba Home ESPRIT Levhart Tropické 83 x 3,8 x 123 cm (2 kusů)</b>.</p><br><br>","<p>Chcete-li dodat svému domovu kouzlo originality, pomůže vám s tím <b>Malba Home ESPRIT Levhart Tropické 83 x 3,8 x 123 cm (2 kusů)</b>.</p><br><br><ul><li>Důležité informace: Z více designů vybíráme náhodně podle skladové dostupnosti</li><li>Typ: Malba</li><li>Materiál: Plátno</li><li>Šířka: 83 cm</li><li>Vysoký: 123 cm</li><li>Design: <ul><li>Levhart</li><li>Samet</li><li>Tropické</li></ul></li><li>Kusů: 2 kusů</li><li>Přibližné rozměry: 83 x 3,8 x 123 cm</li></ul>",Pop Pulse Emporium,https://cdnbigbuy.com/images/8424002161705_S3058738_P30.jpg,https://cdnbigbuy.com/images/8424002161705_S3058738_P20.jpg,https://cdnbigbuy.com/images/8424002161705_S3058738_P10.jpg,https://cdnbigbuy.com/images/8424002161705_S3058738_P00.jpg,3539.68,21,NEW,3.8,83.0,123.0,1.34,38794.2,CZK,2,5,3
S9159215,0088381615860,cs-CZ,Gardening & DIY,Kráječka na houby Makita UH4861 400 W 240 V,"Pokud při zařizování vašeho domova kladete důraz na všelijaké detaily a chcete být průběžně informován o nejnovějších produktech, které vám usnadní ži","Pokud při zařizování vašeho domova kladete důraz na všelijaké detaily a chcete být průběžně informován o nejnovějších produktech, které vám usnadní život, nakupujte <b>Kráječka na houby Makita UH4861 400 W 240 V</b> za tu nejlepší cenu.<br><br><ul><li>Barva: <ul><li>Černý</li><li>Tyrkysová</li><li>Modrý</li></ul></li><li>Vlastnosti: Dvojitá čepel</li><li>Příkon: 400 W</li><li>Váha: 3 Kg</li><li>Napětí: 240 V</li></ul>",Pop Pulse Emporium,https://cdnbigbuy.com/images/0088381615860_S9159215_P00.jpg,,,,4065.73,8,NEW,103.0,20.0,24.0,4.28,49440.0,CZK,2,5,3
S72104395,8430622829291,cs-CZ,Gardening & DIY,Pánské hodinky Festina F20695/6,"Pokud sledujete trendy v oblasti módy a doplňků, nakupujte <b>Pánské hodinky Festina F20695/6</b> za nejlepší ceny.<br><br><ul><li>Pohlaví: Pánský</li","Pokud sledujete trendy v oblasti módy a doplňků, nakupujte <b>Pánské hodinky Festina F20695/6</b> za nejlepší ceny.<br><br><ul><li>Pohlaví: Pánský</li><li>Další odkazy: Č.</li><li>Typ hodinek: Náramkové hodinky</li></ul>",Pop Pulse Emporium,https://cdnbigbuy.com/images/S72104395_84306228292910.jpg,https://cdnbigbuy.com/images/103407_mandatory-watch0.jpg,,,4127.77,50,NEW,14.15,12.43,10.11,0.3,1778.19,CZK,2,5,3
S6101834,8414580021102,cs-CZ,Gardening & DIY,Kočičí toaleta Menforsan,"Pokud hledáte nejnovější trendy na trhu, máme tu čest vám představit <b>Kočičí toaleta Menforsan</b>!<br><br><ul><li>Typ: <ul><li>Maskoti</li><li>Koči","Pokud hledáte nejnovější trendy na trhu, máme tu čest vám představit <b>Kočičí toaleta Menforsan</b>!<br><br><ul><li>Typ: <ul><li>Maskoti</li><li>Kočičí toaleta</li></ul></li><li>Domacím mazlíčkem: Kočka</li></ul>",Pop Pulse Emporium,https://cdnbigbuy.com/images/8414580021102_00_WBG0.jpg,,,,4384.7,2,NEW,30.13,26.06,24.41,2.57,19166.43,CZK,2,5,3
S55110962,0095205862805,cs-CZ,Gardening & DIY,Toner Xerox 106R02759            Černý,Vracejte se do kanceláře bez zapomenutí jediné věci! Nakupujte <b>Toner Xerox 106R02759            Černý</b> a nechte kolegy závidět!<br><br><ul><li>T,Vracejte se do kanceláře bez zapomenutí jediné věci! Nakupujte <b>Toner Xerox 106R02759            Černý</b> a nechte kolegy závidět!<br><br><ul><li>Typ: <ul><li>Originální</li><li>Toner</li></ul></li><li>Kompatibilní: XEROX</li><li>Barva: Černý</li><li>Země/oblast výroby: Číňanka</li><li>Vlastnosti: Originální</li><li>Množství: 2000 pgs</li></ul>,Pop Pulse Emporium,https://cdnbigbuy.com/images/221911962.jpg,,,,3657.68,2,NEW,45.72,21.59,16.51,0.06,16296.94,CZK,2,5,3
S0317188,8431777733143,cs-CZ,Gardening & DIY,Dámské hodinky Montres de Luxe 09EX-LAB-8300 (Ø 35 mm),"Pokud sledujete trendy v oblasti módy a doplňků, nakupujte <b>Dámské hodinky Montres de Luxe 09EX-LAB-8300 (Ø 35 mm)</b> za nejlepší ceny.<br><br><ul>","Pokud sledujete trendy v oblasti módy a doplňků, nakupujte <b>Dámské hodinky Montres de Luxe 09EX-LAB-8300 (Ø 35 mm)</b> za nejlepší ceny.<br><br><ul><li>Materiál pásku: Kůže</li><li>Barva řemínku: Bílý</li><li>Barva pouzdra hodinek: Černý</li><li>Typ zapínání: Spona</li><li>Sklo: Minerál</li><li>Barva ciferníku: Modrý</li><li>Obsahuje: K produktu dostanete originální krabičku</li><li>Typ pohybu: Křemen</li><li>Materiál pouzdra hodinek: <ul><li>Ocel</li><li>Nerezová ocel</li></ul></li><li>Průměr",Pop Pulse Emporium,https://cdnbigbuy.com/images/8431777733143_0_P02.jpg,https://cdnbigbuy.com/images/8431777733143_mandatory-watch2.jpg,,,3867.03,1,NEW,32.0,19.0,10.0,0.4,6080.0,CZK,2,5,3
S0387828,0197853077720,cs-CZ,Gardening & DIY,"Taška přes rameno Michael Kors 35F4GTVC1B-BROWN Kaštanová 21 x 14 x 4,5 cm","Pokud hledáte nejnovější trendy na trhu, máme tu čest vám představit <b>Taška přes rameno Michael Kors 35F4GTVC1B-BROWN Kaštanová 21 x 14 x 4,5 cm</b>","Pokud hledáte nejnovější trendy na trhu, máme tu čest vám představit <b>Taška přes rameno Michael Kors 35F4GTVC1B-BROWN Kaštanová 21 x 14 x 4,5 cm</b>!<br><br><ul><li>Pohlaví: Dáma</li><li>Typ: Taška přes rameno</li><li>Barva: Kaštanová</li><li>Složení: Kůže</li><li>Typ zapínání: Magnetický</li><li>Obsahuje: Obsahuje pouzdro nebo kryt značky</li><li>Přibližné rozměry: 21 x 14 x 4,5 cm</li></ul>",Pop Pulse Emporium,https://cdnbigbuy.com/images/S0387828_1733921400-remove-background0.jpg,https://cdnbigbuy.com/images/0197853077720_S0387828_P00.jpg,https://cdnbigbuy.com/images/0197853077720_S0387828_P10.jpg,,4038.32,10,NEW,10.0,10.0,10.0,0.3,1000.0,CZK,2,5,3
S7196503,8059019042022,cs-CZ,Gardening & DIY,Mikrovlnná Trouba s Grilem Candy Černý 20 L 700 W,"Jestli hledáte vhodné elektrospotřebiče za špičkové ceny, nesmí vám uniknout <b>Mikrovlnná Trouba s Grilem Candy Černý 20 L 700 W</b> a další kousky z","Jestli hledáte vhodné elektrospotřebiče za špičkové ceny, nesmí vám uniknout <b>Mikrovlnná Trouba s Grilem Candy Černý 20 L 700 W</b> a další kousky z širokého výběru kvalitních malých domácích elektrospotřebičů!<br><br><ul><li>Barva: Černý</li><li>Typ instalace: <ul><li>Volná instalace</li><li>Samostatný</li></ul></li><li>Příkon: <ul><li>900 W</li><li>700 W</li></ul></li><li>Kapacita: 20 L</li><li>Zásuvný produkt: Ano</li><li>Typ zástrčky: Zástrčka EU</li><li>Typ: <ul><li>Mikrovlnnou Troubu</li",Pop Pulse Emporium,https://cdnbigbuy.com/images/80590190420220.jpg,https://cdnbigbuy.com/images/8059019042022_S7196503_P10.jpg,,,3901.29,25,NEW,49.2,38.6,29.2,12.47,55454.3,CZK,2,5,3
S9109501,0064992570170,cs-CZ,Gardening & DIY,Píce Acana Jehněčí maso 17 kg,"Pokud hledáte nejnovější trendy na trhu, máme tu čest vám představit <b>Píce Acana Jehněčí maso 17 kg</b>!<br><br><ul><li>Typ: Píce</li><li>Kapacita: ","Pokud hledáte nejnovější trendy na trhu, máme tu čest vám představit <b>Píce Acana Jehněčí maso 17 kg</b>!<br><br><ul><li>Typ: Píce</li><li>Kapacita: 17 kg</li><li>Tvar: Pevný</li><li>Jód: 2 MG/KG</li><li>Selen: 0,5 MG/KG</li><li>Mangan: 21 MG/KG</li><li>Magnézium: 0,1%</li><li>Vlhkost: <ul><li>12%</li><li>10%</li></ul></li><li>Železo: 250 MG/KG</li><li>Měd (mg): 20 MG/KG</li><li>Přísady: <ul><li>Vápník</li><li>Vitamin A</li><li>Vitamin E</li><li>Niacin</li><li>Vitamin B6</li><li>Vitamin B1</li>",Pop Pulse Emporium,https://cdnbigbuy.com/images/0064992570170_S9109501_P01.jpg,https://cdnbigbuy.com/images/0064992570170_S9109501_P11.jpg,https://cdnbigbuy.com/images/0064992570170_S9109501_P21.jpg,,4157.84,50,NEW,16.5,52.0,35.5,17.2,30459.0,CZK,2,5,3
S7148484,8058664109074,cs-CZ,Gardening & DIY,Houpací křeslo Chicco Relax & Play Swing Šedý Bílý,"Pokud přemýšlíte o obnově šatníku, <b>Houpací křeslo Chicco Relax & Play Swing Šedý Bílý</b> je vám k dispozici, stejně jako jiné produkty <b>Chicco</","Pokud přemýšlíte o obnově šatníku, <b>Houpací křeslo Chicco Relax & Play Swing Šedý Bílý</b> je vám k dispozici, stejně jako jiné produkty <b>Chicco</b>! Nejlepší kvalitu za nejlepší cenu máte na dosah ruky!<br><br><ul><li>Typ: <ul><li>Sklápěcí</li><li>Houpací křeslo</li></ul></li><li>Barva: <ul><li>Šedý</li><li>Bílý</li></ul></li><li>Vlastnosti: <ul><li>Praný v pračce</li><li>5 rychlosti</li></ul></li></ul>",Pop Pulse Emporium,https://cdnbigbuy.com/images/8058664109074_S7148484_P0_WBG3.jpg,https://cdnbigbuy.com/images/8058664109074_S7148484_P1_MKT3.jpg,https://cdnbigbuy.com/images/8058664109074_S7148484_P4_WBG3.jpg,,3984.65,1,NEW,57.8,37.8,13.4,4.32,29276.86,CZK,2,5,3
S55155491,8717371449216,cs-CZ,Gardening & DIY,Stolní držák na obrazovku Neomounts DS70-810BL1,"Pokud se zajímáte o <b>počítače a elektronika</b>, rádi máte doma moderní vybavení a hlídáte si každý detail, kupte si <b>Stolní držák na obrazovku Ne","Pokud se zajímáte o <b>počítače a elektronika</b>, rádi máte doma moderní vybavení a hlídáte si každý detail, kupte si <b>Stolní držák na obrazovku Neomounts DS70-810BL1</b> za nejlepší ceny.<br><br><ul><li>Typ: Držák</li><li>Barva: Černý</li><li>Vlastnosti: <ul><li>Nastavitelná výška</li><li>Nastavitelný</li><li>Sběrač kabelů</li><li>Naklápěcí</li></ul></li><li>Typ instalace: Psací stůl</li><li>Plátno: <ul><li>17""</li><li>32""</li></ul></li><li>VESA: <ul><li>10 x 10 cm</li><li>7,5 x 7,5 cm</li><",Pop Pulse Emporium,https://cdnbigbuy.com/images/8717371449216_R00.jpg,,,,3522.55,2,NEW,29.72,56.39,11.0,3.58,18433.12,CZK,2,5,3
S7715322,4002888362436,cs-CZ,Gardening & DIY,Kabel DVI LINDY 36243 Černý 25 m,"Pokud se zajímáte o <b>počítače a elektronika</b>, rádi máte doma moderní vybavení a hlídáte si každý detail, kupte si <b>Kabel DVI LINDY 36243 Černý ","Pokud se zajímáte o <b>počítače a elektronika</b>, rádi máte doma moderní vybavení a hlídáte si každý detail, kupte si <b>Kabel DVI LINDY 36243 Černý 25 m</b> za nejlepší ceny.<br><br><ul><li>Připojení: Koncovka samec</li><li>Délka kabelu: 25 m</li><li>Barva: Černý</li><li>Napětí: 5 V</li></ul>",Pop Pulse Emporium,https://cdnbigbuy.com/images/4002888362436_R00.jpg,,,,3471.55,2,NEW,26.0,30.0,6.0,2.8,4680.0,CZK,2,5,3
S7277213,8434103483422,cs-CZ,Gardening & DIY,Pánské hodinky Lorus RT315KX9 Zelená Stříbřitý,"Pokud sledujete trendy v oblasti módy a doplňků, nakupujte <b>Pánské hodinky Lorus RT315KX9 Zelená Stříbřitý</b> za nejlepší ceny.<br><br><ul><li>Pohl","Pokud sledujete trendy v oblasti módy a doplňků, nakupujte <b>Pánské hodinky Lorus RT315KX9 Zelená Stříbřitý</b> za nejlepší ceny.<br><br><ul><li>Pohlaví: Pánský</li><li>Další odkazy: Č.</li><li>Typ hodinek: Náramkové hodinky</li><li>Barva: <ul><li>Zelená</li><li>Stříbřitý</li></ul></li><li>Materiál pláště: Nerezová ocel</li><li>Typ pohybu: Křemen</li></ul>",Pop Pulse Emporium,https://cdnbigbuy.com/images/8434103483422_S7277213_P01.jpg,https://cdnbigbuy.com/images/8434103483422_S7277213_P11.jpg,https://cdnbigbuy.com/images/76270_mandatory-watch1.jpg,,3808.41,1,NEW,32.0,19.0,10.0,0.4,6080.0,CZK,2,5,3
S7193474,4005176782039,cs-CZ,Gardening & DIY,Smíšený kohoutek Grohe Start M Matná černá,"Pokud při zařizování vašeho domova kladete důraz na všelijaké detaily a chcete být průběžně informován o nejnovějších produktech, které vám usnadní ži","Pokud při zařizování vašeho domova kladete důraz na všelijaké detaily a chcete být průběžně informován o nejnovějších produktech, které vám usnadní život, nakupujte <b>Smíšený kohoutek Grohe Start M Matná černá</b> za tu nejlepší cenu.<br><br><ul><li>Typ: Smíšený kohoutek</li><li>Barva: Matná černá</li><li>Vlastnosti: Úspora vody</li></ul>",Pop Pulse Emporium,https://cdnbigbuy.com/images/4005176782039_S7193474_P00.jpg,https://cdnbigbuy.com/images/4005176782039_R10.jpg,https://cdnbigbuy.com/images/4005176782039_S7193474_P20.jpg,https://cdnbigbuy.com/images/4005176782039_S7193474_P10.jpg,3975.13,1,NEW,18.0,35.4,7.0,2.06,4460.4,CZK,2,5,3
S2215747,8718226492975,cs-CZ,Gardening & DIY,"Tabule Securit Malířský stojan Dvojité 125 x 69 x 56,5 cm","Vracejte se do kanceláře bez zapomenutí jediné věci! Nakupujte <b>Tabule Securit Malířský stojan Dvojité 125 x 69 x 56,5 cm</b> a nechte kolegy závidě","Vracejte se do kanceláře bez zapomenutí jediné věci! Nakupujte <b>Tabule Securit Malířský stojan Dvojité 125 x 69 x 56,5 cm</b> a nechte kolegy závidět!<br><br><ul><li>Typ: Hostely</li><li>Vlastnosti: <ul><li>Malířský stojan</li><li>Dvojité</li></ul></li><li>Přibližné rozměry: 125 x 69 x 56,5 cm</li></ul>",Pop Pulse Emporium,https://cdnbigbuy.com/images/S2215747_21575_1696246918-cropped1.jpg,https://cdnbigbuy.com/images/8718226492975_S2215747_P01.jpg,,,3459.37,22,NEW,125.0,6.9,56.5,9.3,48731.25,CZK,2,5,3
S7200516,7612635119335,cs-CZ,Gardening & DIY,Pánské hodinky Calvin Klein EVIDENCE,"Pokud sledujete trendy v oblasti módy a doplňků, nakupujte <b>Pánské hodinky Calvin Klein EVIDENCE</b> za nejlepší ceny.<br><br><ul><li>Funkce: Datum<","Pokud sledujete trendy v oblasti módy a doplňků, nakupujte <b>Pánské hodinky Calvin Klein EVIDENCE</b> za nejlepší ceny.<br><br><ul><li>Funkce: Datum</li><li>Pohlaví: Pánský</li><li>Materiál pásku: Kůže</li><li>Vodotěsnost: 5 atm</li><li>Sklo: Minerál</li><li>Obsahuje: K produktu dostanete originální krabičku</li><li>Typ pohybu: Křemen</li></ul>",Pop Pulse Emporium,https://cdnbigbuy.com/images/7612635119335_S7200516_P0_WBG3.jpg,https://cdnbigbuy.com/images/517_mandatory-watch3.jpg,,,3993.78,1,NEW,14.15,12.43,10.11,0.3,1778.19,CZK,2,5,3
S71008368,0731855721009,cs-CZ,Gardening & DIY,Myš Turtle Beach Burst II Air Černý 26000 DPI,"Pokud se zajímáte o <b>počítače a elektronika</b>, rádi máte doma moderní vybavení a hlídáte si každý detail, kupte si <b>Myš Turtle Beach Burst II Ai","Pokud se zajímáte o <b>počítače a elektronika</b>, rádi máte doma moderní vybavení a hlídáte si každý detail, kupte si <b>Myš Turtle Beach Burst II Air Černý 26000 DPI</b> za nejlepší ceny.<br><br><ul><li>Typ: Myš</li><li>Barva: Černý</li><li>Materiál: PTFE</li><li>Vlastnosti: Bezdrátový</li><li>Připojení: <ul><li>USB-C</li><li>USB-A - USB-C</li></ul></li><li>Typ baterie: <ul><li>Integrovaný</li><li>Nabíjecí</li></ul></li><li>Jazyk: Anglicky</li><li>Funguje na baterie: Ano</li><li>Délka kabelu: ",Pop Pulse Emporium,https://cdnbigbuy.com/images/0731855721009_S71008368_P00.jpg,https://cdnbigbuy.com/images/0731855721009_S71008368_P10.jpg,https://cdnbigbuy.com/images/0731855721009_S71008368_P50.jpg,https://cdnbigbuy.com/images/0731855721009_S71008368_P20.jpg,3693.84,2,NEW,17.8,12.0,6.0,0.3,1281.6,CZK,2,5,3
S7172628,4059952558752,cs-CZ,Gardening & DIY,Kráječka na houby BOSCH 0600849K00,"Pokud při zařizování vašeho domova kladete důraz na všelijaké detaily a chcete být průběžně informován o nejnovějších produktech, které vám usnadní ži","Pokud při zařizování vašeho domova kladete důraz na všelijaké detaily a chcete být průběžně informován o nejnovějších produktech, které vám usnadní život, nakupujte <b>Kráječka na houby BOSCH 0600849K00</b> za tu nejlepší cenu.<br><br><ul><li>Typ: Kráječka na houby</li><li>Čepele: Výdrž</li><li>Materiál: Karton</li></ul>",Pop Pulse Emporium,https://cdnbigbuy.com/images/4059952558752_S7172628_P01.jpg,,,,4233.59,5,NEW,23.9,105.9,18.9,3.0,47836.09,CZK,2,5,3
S71003555,8022967069342,cs-CZ,Gardening & DIY,Klec Kerbl Kov,"Pokud hledáte nejnovější trendy na trhu, máme tu čest vám představit <b>Klec Kerbl Kov</b>!<br><br><ul><li>Typ: Klec</li><li>Materiál: Kov</li><li>Dom","Pokud hledáte nejnovější trendy na trhu, máme tu čest vám představit <b>Klec Kerbl Kov</b>!<br><br><ul><li>Typ: Klec</li><li>Materiál: Kov</li><li>Domacím mazlíčkem: Malá zvířata</li></ul>",Pop Pulse Emporium,https://cdnbigbuy.com/images/8022967069342_S71003555_P00.jpg,https://cdnbigbuy.com/images/8022967069342_S71003555_P10.jpg,https://cdnbigbuy.com/images/8022967069342_S71003555_P20.jpg,https://cdnbigbuy.com/images/8022967069342_S71003555_P30.jpg,3871.22,2,NEW,26.46,25.06,32.33,2.06,21437.62,CZK,2,5,3
S05142862,3616304249716,cs-CZ,Gardening & DIY,Dámský parfém Gucci Bloom Intense EDP,"<p>Nechte&nbsp;<strong>100% origin&aacute;ln&iacute; Dámský parfém Gucci Bloom Intense EDP</strong>, aby v&aacute;s překvapil a zdůraznil va&scaron;i ","<p>Nechte&nbsp;<strong>100% origin&aacute;ln&iacute; Dámský parfém Gucci Bloom Intense EDP</strong>, aby v&aacute;s překvapil a zdůraznil va&scaron;i ženskost, použ&iacute;vejte <strong>d&aacute;msk&yacute; parf&eacute;m&nbsp;</strong>s jedinečnou a osobitou vůn&iacute;. Objevte&nbsp;<strong>100% origin&aacute;ln&iacute; v&yacute;robky Gucci</strong>!</p><br><br><ul><li>Typ vůně: EDP</li><li>Kapacita: 100 ml</li><li>Pohlaví: <ul><li>Dáma</li><li>Pánský</li></ul></li><li>Typ: EDP (Eau de Parfum)<",Pop Pulse Emporium,https://cdnbigbuy.com/images/3616304249716_S8316962_P00.jpg,https://cdnbigbuy.com/images/3616304249716_S8316962_P10.jpg,,,3666.05,8,NEW,3.8,8.0,13.7,0.17,416.48,CZK,2,5,3
M0517423,4961311942068,cs-CZ,Gardening & DIY,Toner Ricoh 408340 Černý,Vracejte se do kanceláře bez zapomenutí jediné věci! Nakupujte <b>Toner Ricoh 408340 Černý</b> a nechte kolegy závidět!<br><br><ul><li>Barva: Černý</l,Vracejte se do kanceláře bez zapomenutí jediné věci! Nakupujte <b>Toner Ricoh 408340 Černý</b> a nechte kolegy závidět!<br><br><ul><li>Barva: Černý</li><li>Kompatibilní: C301W / C250FW</li></ul>,Pop Pulse Emporium,https://cdnbigbuy.com/images/4961311942068_M0517423_P00.jpg,,,,3835.82,1,NEW,41.5,18.5,11.0,1.52,8445.25,CZK,2,5,3
S9135710,5714708000259,cs-CZ,Gardening & DIY,Souprava šroubů Epos 1000224,"Pokud se zajímáte o <b>počítače a elektronika</b>, rádi máte doma moderní vybavení a hlídáte si každý detail, kupte si <b>Souprava šroubů Epos 1000224","Pokud se zajímáte o <b>počítače a elektronika</b>, rádi máte doma moderní vybavení a hlídáte si každý detail, kupte si <b>Souprava šroubů Epos 1000224</b> za nejlepší ceny.<br><br><ul><li>Barva: <ul><li>Černý</li><li>Stříbřitý</li></ul></li><li>Vlastnosti: S dálkovým ovládáním</li><li>Připojení: Bluetooth</li></ul>",Pop Pulse Emporium,https://cdnbigbuy.com/images/5714708000259_S9135710_P00.jpg,https://cdnbigbuy.com/images/5714708000259_S9135710_P30.jpg,https://cdnbigbuy.com/images/5714708000259_S9135710_P40.jpg,https://cdnbigbuy.com/images/5714708000259_S9135710_P50.jpg,4796.17,1,NEW,5.0,14.0,15.0,0.44,1050.0,CZK,2,5,3
S7108956,4053423225259,cs-CZ,Gardening & DIY,Úderníková vrtačka BOSCH UniversalImpact 18 18 V 34 Nm,"Pokud při zařizování vašeho domova kladete důraz na všelijaké detaily a chcete být průběžně informován o nejnovějších produktech, které vám usnadní ži","Pokud při zařizování vašeho domova kladete důraz na všelijaké detaily a chcete být průběžně informován o nejnovějších produktech, které vám usnadní život, nakupujte <b>Úderníková vrtačka BOSCH UniversalImpact 18 18 V 34 Nm</b> za tu nejlepší cenu.<br><br><ul><li>Zásuvný produkt: Ano</li><li>Typ zástrčky: Zástrčka EU</li><li>Obsahuje: <ul><li>Aktovka</li><li>Nabíječka na baterie</li><li>Dobíjecí lithiová baterie x 2</li><li>Dobíjecí lithiová baterie</li><li>LED Světlý</li></ul></li><li>Kapacita b",Pop Pulse Emporium,https://cdnbigbuy.com/images/4053423225259_R01.jpg,https://cdnbigbuy.com/images/4053423225259_R71.jpg,https://cdnbigbuy.com/images/4053423225259_R21.jpg,https://cdnbigbuy.com/images/4053423225259_R31.jpg,4613.09,5,NEW,37.5,29.5,10.0,3.04,11062.5,CZK,2,5,3
S3059226,8424002165765,cs-CZ,Gardening & DIY,Stolní lampa Home ESPRIT Přírodní Juta Dřevo 50 W 220 V 36 x 36 x 58 cm,"<p>Chcete-li dodat svému domovu kouzlo originality, pomůže vám s tím <b>Stolní lampa Home ESPRIT Přírodní Juta Dřevo 50 W 220 V 36 x 36 x 58 cm</b>.</","<p>Chcete-li dodat svému domovu kouzlo originality, pomůže vám s tím <b>Stolní lampa Home ESPRIT Přírodní Juta Dřevo 50 W 220 V 36 x 36 x 58 cm</b>.</p><br><br><ul><li>Zásuvný produkt: Ano</li><li>Typ: Stolní lampa</li><li>Typ zástrčky: Zástrčka EU</li><li>Barva: Přírodní</li><li>Napětí: 220 V</li><li>Patice: E27</li><li>Délka: 36 cm</li><li>Vysoký: 58 cm</li><li>Příkon: 50 W</li><li>Šířka: 36 cm</li><li>Materiál: <ul><li>Juta</li><li>Dřevo</li></ul></li><li>Není zahrnut: žárovka</li><li>Přibliž",Pop Pulse Emporium,https://cdnbigbuy.com/images/8424002165765_S3059226_P00.jpg,https://cdnbigbuy.com/images/8424002165765_S3059226_P10.jpg,,,3660.34,25,NEW,37.0,38.5,25.0,4.5,35612.5,CZK,2,5,3
S7211395,4013496533460,cs-CZ,Gardening & DIY,Dámský náhrdelník Michael Kors MK,"Představuje se vám <b>Dámský náhrdelník Michael Kors MK</b> a široký výběr prstýnků, náramků, náhrdelníků, náušnic za skvělou cenu. Získejte podrobné ","Představuje se vám <b>Dámský náhrdelník Michael Kors MK</b> a široký výběr prstýnků, náramků, náhrdelníků, náušnic za skvělou cenu. Získejte podrobné informace o exkluzivních elegantních špercích a bižuterii v různých stylech, z nichž si vybere každý.<br><br><ul><li>Pohlaví: Dáma</li><li>Typ: <ul><li>Dámský náhrdelník</li><li>Náhrdelník</li></ul></li><li>Materiál: Nerezová ocel</li><li>Obsahuje: Obsahuje pouzdro nebo kryt značky</li></ul>",Pop Pulse Emporium,https://cdnbigbuy.com/images/4013496533460_S7211395_P01.jpg,,,,3565.18,5,NEW,9.98,9.98,9.92,0.3,988.04,CZK,2,5,3
S7753075,8436579984670,cs-CZ,Gardening & DIY,Čtečka čárových kódů Nilox NX-CSBT-2DU21,"Pokud se zajímáte o <b>počítače a elektronika</b>, rádi máte doma moderní vybavení a hlídáte si každý detail, kupte si <b>Čtečka čárových kódů Nilox N","Pokud se zajímáte o <b>počítače a elektronika</b>, rádi máte doma moderní vybavení a hlídáte si každý detail, kupte si <b>Čtečka čárových kódů Nilox NX-CSBT-2DU21</b> za nejlepší ceny.<br><br><ul><li>Typ: Čtečka čárových kódů</li><li>Barva: Černý</li><li>Připojení: <ul><li>USB</li><li>Bluetooth</li></ul></li><li>Kompatibilní: 1D/2D</li><li>Senzor: CMOS</li></ul>",Pop Pulse Emporium,https://cdnbigbuy.com/images/8436579984670_S7753075_P01.jpg,,,,3762.74,10,NEW,13.5,19.5,9.5,0.42,2500.88,CZK,2,5,3
S7276660,8430622797187,cs-CZ,Gardening & DIY,Dámské hodinky Lotus 18886/3,"Pokud sledujete trendy v oblasti módy a doplňků, nakupujte <b>Dámské hodinky Lotus 18886/3</b> za nejlepší ceny.<br><br><ul><li>Pohlaví: Dáma</li><li>","Pokud sledujete trendy v oblasti módy a doplňků, nakupujte <b>Dámské hodinky Lotus 18886/3</b> za nejlepší ceny.<br><br><ul><li>Pohlaví: Dáma</li><li>Další odkazy: Č.</li><li>Typ hodinek: Náramkové hodinky</li><li>Materiál pláště: Nerezová ocel</li><li>Barva řemínku: Vícebarevný</li><li>Design: Dáma</li><li>Barva ciferníku: Modrý</li><li>Přibližný průměr: 31 mm</li><li>Typ pohybu: Křemen</li></ul>",Pop Pulse Emporium,https://cdnbigbuy.com/images/8430622797187_R01.jpg,https://cdnbigbuy.com/images/75717_mandatory-watch1.jpg,,,4382.42,50,NEW,39.0,19.0,10.0,0.4,7410.0,CZK,2,5,3
S0387160,0194900033579,cs-CZ,Gardening & DIY,Dámská Taška Michael Kors 35F0GTVT9L-OPTIC-WHITE Bílý 45 x 29 x 16 cm,Chcete držet krok s módou a máte rádi drobné doplňky? Přinášíme vám <b>Dámská Taška Michael Kors 35F0GTVT9L-OPTIC-WHITE Bílý 45 x 29 x 16 cm</b> a šir,Chcete držet krok s módou a máte rádi drobné doplňky? Přinášíme vám <b>Dámská Taška Michael Kors 35F0GTVT9L-OPTIC-WHITE Bílý 45 x 29 x 16 cm</b> a široký výběr trendy kabelek a peněženek!<br><br><ul><li>Pohlaví: Dáma</li><li>Typ: Dámská Taška</li><li>Barva: Bílý</li><li>Složení: Kůže</li><li>Typ zapínání: zip</li><li>Obsahuje: Obsahuje pouzdro nebo kryt značky</li><li>Přibližné rozměry: 45 x 29 x 16 cm</li></ul>,Pop Pulse Emporium,https://cdnbigbuy.com/images/S0387160_1730366127-remove-background0.jpg,https://cdnbigbuy.com/images/0194900033579_S0387160_P00.jpg,https://cdnbigbuy.com/images/0194900033579_S0387160_P10.jpg,,3824.4,10,NEW,10.0,10.0,10.0,0.3,1000.0,CZK,2,5,3
S7295071,8430622819049,cs-CZ,Gardening & DIY,Pánské hodinky Festina F20680/1 Bílý,"Pokud sledujete trendy v oblasti módy a doplňků, nakupujte <b>Pánské hodinky Festina F20680/1 Bílý</b> za nejlepší ceny.<br><br><ul><li>Barva řemínku:","Pokud sledujete trendy v oblasti módy a doplňků, nakupujte <b>Pánské hodinky Festina F20680/1 Bílý</b> za nejlepší ceny.<br><br><ul><li>Barva řemínku: <ul><li>Zlatá</li><li>Zlato</li></ul></li><li>Pohlaví: Pánský</li><li>Další odkazy: Č.</li><li>Typ hodinek: Náramkové hodinky</li><li>Země/oblast výroby: Španělsko</li><li>Barva: Bílý</li><li>Materiál pásku: Nerezová ocel</li></ul>",Pop Pulse Emporium,https://cdnbigbuy.com/images/8430622819049_S7295071_P00.jpg,https://cdnbigbuy.com/images/8430622819049_S7295071_P10.jpg,https://cdnbigbuy.com/images/8430622819049_S7295071_P20.jpg,https://cdnbigbuy.com/images/94083_mandatory-watch0.jpg,4127.77,50,NEW,14.15,12.43,10.11,0.3,1778.19,CZK,2,5,3
S3056140,8424002142483,cs-CZ,Gardening & DIY,Stropní světlo Home ESPRIT Bílý Zlatá Silikonové Hliník 55 W 40 x 40 x 42 cm,"<p>Chcete-li dodat svému domovu kouzlo originality, pomůže vám s tím <b>Stropní světlo Home ESPRIT Bílý Zlatá Silikonové Hliník 55 W 40 x 40 x 42 cm</","<p>Chcete-li dodat svému domovu kouzlo originality, pomůže vám s tím <b>Stropní světlo Home ESPRIT Bílý Zlatá Silikonové Hliník 55 W 40 x 40 x 42 cm</b>.</p><br><br><ul><li>Typ: Stropní světlo</li><li>Barva: <ul><li>Bílý</li><li>Zlatá</li></ul></li><li>Materiál: <ul><li>Silikonové</li><li>Hliník</li></ul></li><li>Vlastnosti: LED</li><li>Příkon: 55 W</li><li>Design: <ul><li>Abstraktní</li><li>Moderní/jazz</li></ul></li><li>Napětí: 220 V</li><li>Obsahuje: žárovka</li><li>žárovky: 1</li><li>Přibliž",Pop Pulse Emporium,https://cdnbigbuy.com/images/8424002142483_S3056140_P30.jpg,https://cdnbigbuy.com/images/8424002142483_S3056140_P00.jpg,https://cdnbigbuy.com/images/8424002142483_S3056140_P10.jpg,https://cdnbigbuy.com/images/8424002142483_S3056140_P20.jpg,3559.86,2,NEW,51.0,35.0,38.0,3.0,67830.0,CZK,2,5,3
S8109367,6941812785911,cs-CZ,Gardening & DIY,"Kabinový kufr Xiaomi Classic Pro Šedý 28""","Jestli hledáte vhodné elektrospotřebiče za špičkové ceny, nesmí vám uniknout <b>Kabinový kufr Xiaomi Classic Pro Šedý 28""</b> a další kousky z širokéh","Jestli hledáte vhodné elektrospotřebiče za špičkové ceny, nesmí vám uniknout <b>Kabinový kufr Xiaomi Classic Pro Šedý 28""</b> a další kousky z širokého výběru kvalitních malých domácích elektrospotřebičů!<br><br><ul><li>velikost: 28""</li><li>Typ: Kufr</li><li>Barva: Šedý</li><li>Přibližné rozměry: 51,3 x 33,2 x 80,4 cm</li><li>Materiál: Plastické</li><li>Kolečka: 4</li><li>Vlastnosti: Bezpečnostní zámek</li></ul>",Pop Pulse Emporium,https://cdnbigbuy.com/images/6941812785911_S8109367_P00.jpg,,,,3851.43,50,NEW,16.26,14.36,16.45,0.57,3840.97,CZK,2,5,3
S91107275,5902414210981,cs-CZ,Gardening & DIY,Píce VETEXPERT Raw Paleo Ultra Medium&Large Puppy Turkey Krocan 10 kg,"Pokud hledáte nejnovější trendy na trhu, máme tu čest vám představit <b>Píce VETEXPERT Raw Paleo Ultra Medium&Large Puppy Turkey Krocan 10 kg</b>!<br>","Pokud hledáte nejnovější trendy na trhu, máme tu čest vám představit <b>Píce VETEXPERT Raw Paleo Ultra Medium&Large Puppy Turkey Krocan 10 kg</b>!<br><br><ul><li>Typ: Píce</li><li>Vlastnosti: <ul><li>Podporuje střevní flóru</li><li>Podpora trávení</li></ul></li><li>Tvar: Pevný</li><li>Příchuť: Krocan</li><li>Důležité informace: <ul><li>Bez lepku</li><li>Bez cukru</li><li>Bez sóji</li></ul></li><li>Doporučené použití: <ul><li>Domácí zvíře s potravinovou alergií nebo intolerancí</li><li>Domácí zví",Pop Pulse Emporium,https://cdnbigbuy.com/images/5902414210981_S91107275_P00.jpg,https://cdnbigbuy.com/images/5902414210981_S91107275_P10.jpg,https://cdnbigbuy.com/images/5902414210981_S91107275_P20.jpg,https://cdnbigbuy.com/images/5902414210981_S91107275_P30.jpg,3985.03,50,NEW,55.0,16.0,40.0,10.1,35200.0,CZK,2,5,3
S9917147,4719331310530,cs-CZ,Gardening & DIY,Grafická karta Gigabyte 9VR64D6L-00-10 4 GB GDDR6 GDDR6X,"Pokud se zajímáte o <b>počítače a elektronika</b>, rádi máte doma moderní vybavení a hlídáte si každý detail, kupte si <b>Grafická karta Gigabyte 9VR6","Pokud se zajímáte o <b>počítače a elektronika</b>, rádi máte doma moderní vybavení a hlídáte si každý detail, kupte si <b>Grafická karta Gigabyte 9VR64D6L-00-10 4 GB GDDR6 GDDR6X</b> za nejlepší ceny.<br><br><ul><li>Typ: Grafická karta (GPU)</li><li>Barva: <ul><li>Černý</li><li>Vícebarevný</li></ul></li><li>Připojení: <ul><li>HDMI</li><li>HDMI 2.1 x 1</li><li>PCI Express 4.0</li><li>PCI Express x16 2.0</li><li>DisplayPort 1.4</li><li>DisplayPort x 1</li></ul></li><li>Ventilátor: 1</li><li>Typ pa",Pop Pulse Emporium,https://cdnbigbuy.com/images/4719331310530_S9917147_P00.jpg,,,,3632.94,10,NEW,30.0,21.0,5.0,0.54,3150.0,CZK,2,5,3
S0391940,7613272607193,cs-CZ,Gardening & DIY,Pánské hodinky Tommy Hilfiger 1710652 (Ø 46 mm),"Pokud hledáte nejnovější trendy na trhu, máme tu čest vám představit <b>Pánské hodinky Tommy Hilfiger 1710652 (Ø 46 mm)</b>!<br><br><ul><li>Pohlaví: P","Pokud hledáte nejnovější trendy na trhu, máme tu čest vám představit <b>Pánské hodinky Tommy Hilfiger 1710652 (Ø 46 mm)</b>!<br><br><ul><li>Pohlaví: Pánský</li><li>Další odkazy: Č.</li><li>Typ hodinek: Náramkové hodinky</li><li>Vlastnosti: Multifunkční</li><li>Materiál pouzdra hodinek: Nerezová ocel</li><li>Typ pohybu: Křemen</li><li>Sklo: Minerál</li><li>Vodotěsnost: 5 atm</li><li>Obsahuje: Obsahuje pouzdro nebo kryt značky</li><li>Barva ciferníku: Modrý</li><li>Barva pouzdra hodinek: Modrý</li",Pop Pulse Emporium,https://cdnbigbuy.com/images/7613272607193_S0391940_P00.jpg,https://cdnbigbuy.com/images/7613272607193_S0391940_P10.jpg,https://cdnbigbuy.com/images/7613272607193_S0391940_P20.jpg,https://cdnbigbuy.com/images/88301_mandatory-watch0.jpg,3781.77,5,NEW,32.0,19.0,10.0,0.4,6080.0,CZK,2,5,3
S72104718,9009656932070,cs-CZ,Gardening & DIY,Dámský přívěsek Swarovski 5693207 Stříbřitý,"Představuje se vám <b>Dámský přívěsek Swarovski 5693207 Stříbřitý</b> a široký výběr prstýnků, náramků, náhrdelníků, náušnic za skvělou cenu. Získejte","Představuje se vám <b>Dámský přívěsek Swarovski 5693207 Stříbřitý</b> a široký výběr prstýnků, náramků, náhrdelníků, náušnic za skvělou cenu. Získejte podrobné informace o exkluzivních elegantních špercích a bižuterii v různých stylech, z nichž si vybere každý.<br><br><ul><li>Barva: Stříbřitý</li><li>Pohlaví: Dáma</li><li>Typ: Dámský přívěsek</li></ul>",Pop Pulse Emporium,https://cdnbigbuy.com/images/9009656932070_S72104718_P00.jpg,,,,3990.74,1,NEW,10.0,10.0,10.0,0.23,1000.0,CZK,2,5,3
S7276779,8430622742590,cs-CZ,Gardening & DIY,Hodinky pro nejmenší děti Lotus 18681/2,"Pokud sledujete trendy v oblasti módy a doplňků, nakupujte <b>Hodinky pro nejmenší děti Lotus 18681/2</b> za nejlepší ceny.<br><br><ul><li>Pohlaví: <u","Pokud sledujete trendy v oblasti módy a doplňků, nakupujte <b>Hodinky pro nejmenší děti Lotus 18681/2</b> za nejlepší ceny.<br><br><ul><li>Pohlaví: <ul><li>Dětské</li><li>Pánský</li></ul></li><li>Další odkazy: Č.</li><li>Typ hodinek: Náramkové hodinky</li><li>Země/oblast výroby: Španělsko</li><li>Rok: 2019</li><li>Materiál pláště: Nerezová ocel</li><li>Barva řemínku: Modrý</li><li>Materiál pásku: Kůže</li><li>Typ zapínání: Přezka</li><li>Barva ciferníku: Modrý</li><li>velikost: 43 mm</li><li>Typ",Pop Pulse Emporium,https://cdnbigbuy.com/images/8430622742590_S7276779_P01.jpg,https://cdnbigbuy.com/images/75836_mandatory-watch1.jpg,,,3929.08,50,NEW,20.0,20.0,20.0,0.12,8000.0,CZK,2,5,3
S0390370,0196237506146,cs-CZ,Gardening & DIY,Batoh Michael Kors Cara Černý,"Pokud hledáte nejnovější trendy na trhu, máme tu čest vám představit <b>Batoh Michael Kors Cara Černý</b>!<br><br><ul><li>Typ: Batoh</li><li>Pohlaví: ","Pokud hledáte nejnovější trendy na trhu, máme tu čest vám představit <b>Batoh Michael Kors Cara Černý</b>!<br><br><ul><li>Typ: Batoh</li><li>Pohlaví: Dáma</li><li>Barva: Černý</li><li>Materiál: Plátno</li></ul>",Pop Pulse Emporium,https://cdnbigbuy.com/images/0196237506146_S0390370_P00.jpg,https://cdnbigbuy.com/images/0196237506146_S0390370_P10.jpg,https://cdnbigbuy.com/images/0196237506146_S0390370_P20.jpg,,3653.49,2,NEW,10.0,10.0,10.0,0.3,1000.0,CZK,2,5,3
S7901709,8711277643280,cs-CZ,Gardening & DIY,Postranní stolek Stuttgart Kaštanová Železo (70 x 77 cm),Tyto nabídky produktů vám zajistí příjemnou letní zábavu. Malí i dospělí si je okamžitě zamilují ! Nakupujte <b>Postranní stolek Stuttgart Kaštanová Ž,Tyto nabídky produktů vám zajistí příjemnou letní zábavu. Malí i dospělí si je okamžitě zamilují ! Nakupujte <b>Postranní stolek Stuttgart Kaštanová Železo (70 x 77 cm)</b> a užívejte si chvíle volna!<br><br><ul><li>Typ: <ul><li>Postranní stolek</li><li>Stůl</li></ul></li><li>Barva: Kaštanová</li><li>Materiál: Železo</li><li>Přibližná hmotnost: 22 Kg</li><li>Přibližné rozměry: 70 x 77 cm</li><li>Pohlaví: Unisex dospělí</li></ul>,Pop Pulse Emporium,https://cdnbigbuy.com/images/8711277643280_R0_WBG1.jpg,https://cdnbigbuy.com/images/8711277643280_R1_WBG1.jpg,,,3538.54,5,NEW,10.0,10.0,10.0,22.0,1000.0,CZK,2,5,3
S0385063,7613272540247,cs-CZ,Gardening & DIY,Dámské hodinky Tommy Hilfiger 1782640 (Ø 38 mm),"Pokud sledujete trendy v oblasti módy a doplňků, nakupujte <b>Dámské hodinky Tommy Hilfiger 1782640 (Ø 38 mm)</b> za nejlepší ceny.<br><br><ul><li>Poh","Pokud sledujete trendy v oblasti módy a doplňků, nakupujte <b>Dámské hodinky Tommy Hilfiger 1782640 (Ø 38 mm)</b> za nejlepší ceny.<br><br><ul><li>Pohlaví: Dáma</li><li>Další odkazy: Č.</li><li>Typ hodinek: Náramkové hodinky</li><li>Materiál pásku: Nerezová ocel</li><li>Materiál pouzdra hodinek: Nerezová ocel</li><li>Typ pohybu: Křemen</li><li>Sklo: Minerál</li><li>Vodotěsnost: Č.</li><li>Obsahuje: K produktu dostanete originální krabičku</li><li>Typ zapínání: Motýl</li><li>Barva ciferníku: Zlat",Pop Pulse Emporium,https://cdnbigbuy.com/images/7613272540247_S0385063_P00.jpg,https://cdnbigbuy.com/images/81422_mandatory-watch0.jpg,,,3478.4,10,NEW,32.0,19.0,10.0,0.4,6080.0,CZK,2,5,3
S7905607,8431075250892,cs-CZ,Gardening & DIY,Řetěz Katiak 6 mm 41 m,"Pokud při zařizování vašeho domova kladete důraz na všelijaké detaily a chcete být průběžně informován o nejnovějších produktech, které vám usnadní ži","Pokud při zařizování vašeho domova kladete důraz na všelijaké detaily a chcete být průběžně informován o nejnovějších produktech, které vám usnadní život, nakupujte <b>Řetěz Katiak 6 mm 41 m</b> za tu nejlepší cenu.<br><br><ul><li>Typ: <ul><li>Řetěz</li><li>Pozinkované</li></ul></li><li>Barva: Nikl</li><li>Materiál: Ocel</li><li>Přibližné rozměry: 6 mm</li></ul>",Pop Pulse Emporium,https://cdnbigbuy.com/images/8431075250892_00_WBG1.jpg,,,,3764.64,2,NEW,30.0,30.0,30.0,23.0,27000.0,CZK,2,5,3
S71017841,8590669354269,cs-CZ,Gardening & DIY,Odvlhčovač Sencor SDH 1028WH,"Pokud hledáte nejnovější trendy na trhu, máme tu čest vám představit <b>Odvlhčovač Sencor SDH 1028WH</b>!<br><br><ul><li>Vlastnosti: Odvlhčovač</li><l","Pokud hledáte nejnovější trendy na trhu, máme tu čest vám představit <b>Odvlhčovač Sencor SDH 1028WH</b>!<br><br><ul><li>Vlastnosti: Odvlhčovač</li><li>Barva: Bílý</li></ul>",Pop Pulse Emporium,https://cdnbigbuy.com/images/8590669354269_S71017841_P00.jpg,https://cdnbigbuy.com/images/8590669354269_S71017841_P50.jpg,https://cdnbigbuy.com/images/8590669354269_S71017841_P40.jpg,https://cdnbigbuy.com/images/8590669354269_S71017841_P30.jpg,4653.43,1,NEW,39.99,34.52,35.9,10.11,49558.33,CZK,2,5,3
S8901008,4899888612575,cs-CZ,Gardening & DIY,Ležaljka Aktive Modrý Skládací 180 x 18 x 60 cm (6 kusů),"<p>Chcete-li dodat svému domovu kouzlo originality, pomůže vám s tím <b>Ležaljka Aktive Modrý Skládací 180 x 18 x 60 cm (6 kusů)</b>.</p><br><br><ul><","<p>Chcete-li dodat svému domovu kouzlo originality, pomůže vám s tím <b>Ležaljka Aktive Modrý Skládací 180 x 18 x 60 cm (6 kusů)</b>.</p><br><br><ul><li>Materiál: <ul><li>PVC</li><li>Ocel</li></ul></li><li>Vlastnosti: <ul><li>Snadný k čištění</li><li>Skládací</li></ul></li><li>Maximální váha: 100 kg</li><li>Kusů: 6 kusů</li><li>Přibližné rozměry: 180 x 18 x 60 cm</li><li>Sport: Tábornický</li><li>Barva: Modrý</li><li>Obsahuje: Přepravní taška</li><li>Šířka: 60 cm</li><li>Délka: 180 cm</li><li>Vy",Pop Pulse Emporium,https://cdnbigbuy.com/images/S8901008_P0_icon1.jpg,https://cdnbigbuy.com/images/S8901008_P31.jpg,https://cdnbigbuy.com/images/S8901008_P01.jpg,https://cdnbigbuy.com/images/S8901008_P11.jpg,3946.59,21,NEW,21.0,63.5,29.0,20.16,38671.5,CZK,2,5,3
S71013889,0197641224015,cs-CZ,Gardening & DIY,Sportovní batoh The North Face Base Camp Duffel Černý,Vracejte se do kanceláře bez zapomenutí jediné věci! Nakupujte <b>Sportovní batoh The North Face Base Camp Duffel Černý</b> a nechte kolegy závidět!<b,Vracejte se do kanceláře bez zapomenutí jediné věci! Nakupujte <b>Sportovní batoh The North Face Base Camp Duffel Černý</b> a nechte kolegy závidět!<br><br><ul><li>Kapacita: 95 L</li><li>Barva: Černý</li><li>Materiál: Polyester</li><li>Vlastnosti: <ul><li>Voděodolný</li><li>Rukojeť</li><li>Vodítko na rameno</li></ul></li><li>Typ zapínání: zip</li><li>Pohlaví: Unisex</li><li>Doporučený věk: Dospělé</li></ul>,Pop Pulse Emporium,https://cdnbigbuy.com/images/0197641224015_S71013889_P00.jpg,https://cdnbigbuy.com/images/0197641224015_S71013889_P20.jpg,https://cdnbigbuy.com/images/0197641224015_S71013889_P30.jpg,https://cdnbigbuy.com/images/0197641224015_S71013889_P40.jpg,4310.1,10,NEW,20.63,35.0,34.78,0.95,25112.9,CZK,2,5,3
S7291958,8430622796258,cs-CZ,Gardening & DIY,Pánské hodinky Lotus 18152/E Stříbřitý,"Pokud sledujete trendy v oblasti módy a doplňků, nakupujte <b>Pánské hodinky Lotus 18152/E Stříbřitý</b> za nejlepší ceny.<br><br><ul><li>Pohlaví: Pán","Pokud sledujete trendy v oblasti módy a doplňků, nakupujte <b>Pánské hodinky Lotus 18152/E Stříbřitý</b> za nejlepší ceny.<br><br><ul><li>Pohlaví: Pánský</li><li>Další odkazy: Č.</li><li>Typ hodinek: Náramkové hodinky</li><li>Materiál pásku: Nerezová ocel</li><li>Materiál pláště: Nerezová ocel</li><li>Barva: Stříbřitý</li><li>velikost: 43 mm</li><li>Typ pohybu: Křemen</li></ul>",Pop Pulse Emporium,https://cdnbigbuy.com/images/8430622796258_R01.jpg,https://cdnbigbuy.com/images/90970_mandatory-watch1.jpg,,,3929.08,50,NEW,32.0,19.0,10.0,0.4,6080.0,CZK,2,5,3
S71003993,9312742820602,cs-CZ,Gardening & DIY,Bezpečnostní závora Dreambaby 35 Kusy (3 kusů),"Pokud přemýšlíte o obnově šatníku, <b>Bezpečnostní závora Dreambaby 35 Kusy (3 kusů)</b> je vám k dispozici, stejně jako jiné <b>produkty značky Dream","Pokud přemýšlíte o obnově šatníku, <b>Bezpečnostní závora Dreambaby 35 Kusy (3 kusů)</b> je vám k dispozici, stejně jako jiné <b>produkty značky Dreambaby</b>! Nejlepší kvalitu za nejlepší cenu máte na dosah ruky!<br><br><ul><li>Barva: Černý</li><li>Vlastnosti: 3 Panely</li><li>Materiál: Kov</li><li>Pohlaví: Unisex</li><li>Počet kusů: 35 Kusy</li><li>Kusů: 3 kusů</li></ul>",Pop Pulse Emporium,https://cdnbigbuy.com/images/9312742820602_S71003993_P00.jpg,https://cdnbigbuy.com/images/9312742820602_S71003993_P10.jpg,https://cdnbigbuy.com/images/9312742820602_S71003993_P20.jpg,https://cdnbigbuy.com/images/9312742820602_S71003993_P30.jpg,3542.73,1,NEW,80.0,64.0,10.0,8.34,51200.0,CZK,2,5,3
S0389712,0197853084568,cs-CZ,Gardening & DIY,Taška přes rameno Michael Kors 35F4STVT9L-NAVY Modrý 37 x 28 x 12 cm,"Pokud hledáte nejnovější trendy na trhu, máme tu čest vám představit <b>Taška přes rameno Michael Kors 35F4STVT9L-NAVY Modrý 37 x 28 x 12 cm</b>!<br><","Pokud hledáte nejnovější trendy na trhu, máme tu čest vám představit <b>Taška přes rameno Michael Kors 35F4STVT9L-NAVY Modrý 37 x 28 x 12 cm</b>!<br><br><ul><li>Typ: Taška</li><li>Barva: Modrý</li><li>Složení: Kůže</li><li>Typ zapínání: zip</li><li>Obsahuje: Obsahuje pouzdro nebo kryt značky</li><li>Přibližné rozměry: 37 x 28 x 12 cm</li></ul>",Pop Pulse Emporium,https://cdnbigbuy.com/images/0197853084568_S0389712_P00.jpg,https://cdnbigbuy.com/images/0197853084568_S0389712_P10.jpg,https://cdnbigbuy.com/images/0197853084568_S0389712_P20.jpg,,4423.15,25,NEW,10.0,10.0,10.0,0.3,1000.0,CZK,2,5,3
S7189697,4059952518800,cs-CZ,Gardening & DIY,Telemetr BOSCH GLM 50-22 Professional,"Pokud při zařizování vašeho domova kladete důraz na všelijaké detaily a chcete být průběžně informován o nejnovějších produktech, které vám usnadní ži","Pokud při zařizování vašeho domova kladete důraz na všelijaké detaily a chcete být průběžně informován o nejnovějších produktech, které vám usnadní život, nakupujte <b>Telemetr BOSCH GLM 50-22 Professional</b> za tu nejlepší cenu.<br><br><ul><li>Napětí: 1,5 V</li><li>Typ: Laser</li><li>Barva: Modrý</li><li>Materiál: Přírodní guma</li><li>Vlastnosti: S pouzdrem</li><li>Nápajecí Zdroj: Baterie</li><li>Stupeň krytí: IP65</li><li>Funguje na baterie: Ano</li><li>Baterie v ceně: Ano</li><li>Voděodolný",Pop Pulse Emporium,https://cdnbigbuy.com/images/4059952518800_I01.jpg,https://cdnbigbuy.com/images/4059952518800_S7189697_P11.jpg,https://cdnbigbuy.com/images/4059952518800_S7189697_P21.jpg,https://cdnbigbuy.com/images/4059952518800_S7189697_P31.jpg,4713.58,5,NEW,32.5,31.0,13.5,0.49,13601.25,CZK,2,5,3
S91110439,4713294237132,cs-CZ,Gardening & DIY,Paměť RAM GSKILL F5-6000J3636F16GX2-RM5NRK 32 GB DDR5 6000 MHz CL36,"Pokud se zajímáte o <b>počítače a elektronika</b>, rádi máte doma moderní vybavení a hlídáte si každý detail, kupte si <b>Paměť RAM GSKILL F5-6000J363","Pokud se zajímáte o <b>počítače a elektronika</b>, rádi máte doma moderní vybavení a hlídáte si každý detail, kupte si <b>Paměť RAM GSKILL F5-6000J3636F16GX2-RM5NRK 32 GB DDR5 6000 MHz CL36</b> za nejlepší ceny.<br><br><ul><li>Typ: Paměť (RAM)</li><li>Vlastnosti: Podsvícení</li><li>Tvar: 2 x 16 GB</li><li>Form factor: 288-pin DIMM</li><li>Napětí: <ul><li>1.35 V</li><li>1,1 V</li></ul></li><li>Ventilátor: Chladič</li><li>Kapacita: 32 GB</li><li>Typ paměti: DDR5</li><li>Rychlost: 6000 MHz</li><li>",Pop Pulse Emporium,https://cdnbigbuy.com/images/4713294237132_S91110439_P00.jpg,https://cdnbigbuy.com/images/4713294237132_S91110439_P30.jpg,https://cdnbigbuy.com/images/4713294237132_S91110439_P10.jpg,https://cdnbigbuy.com/images/4713294237132_S91110439_P40.jpg,3535.11,4,NEW,1.9,16.1,13.6,0.18,416.02,CZK,2,5,3
S0388248,0196237633507,cs-CZ,Gardening & DIY,Taška přes rameno Michael Kors Leida Růžový 23 x 17 x 6 cm,"Pokud hledáte nejnovější trendy na trhu, máme tu čest vám představit <b>Taška přes rameno Michael Kors Leida Růžový 23 x 17 x 6 cm</b>!<br><br><ul><li","Pokud hledáte nejnovější trendy na trhu, máme tu čest vám představit <b>Taška přes rameno Michael Kors Leida Růžový 23 x 17 x 6 cm</b>!<br><br><ul><li>Typ: <ul><li>Dámská Taška</li><li>Taška přes rameno</li></ul></li><li>Barva: Růžový</li><li>Materiál: Plátno</li><li>Typ zapínání: Magnetický</li><li>Obsahuje: Obsahuje pouzdro nebo kryt značky</li><li>Přibližné rozměry: 23 x 17 x 6 cm</li></ul>",Pop Pulse Emporium,https://cdnbigbuy.com/images/0196237633507_S0388248_P00.jpg,https://cdnbigbuy.com/images/0196237633507_S0388248_P10.jpg,https://cdnbigbuy.com/images/0196237633507_S0388248_P20.jpg,,4038.32,21,NEW,10.0,10.0,10.0,0.3,1000.0,CZK,2,5,3
S71017383,8710103849049,cs-CZ,Gardening & DIY,Dětská chůva Philips,"Pokud hledáte nejnovější trendy na trhu, máme tu čest vám představit <b>Dětská chůva Philips</b>!<br><br><ul><li>Funguje na baterie: Ano</li><li>Typ: ","Pokud hledáte nejnovější trendy na trhu, máme tu čest vám představit <b>Dětská chůva Philips</b>!<br><br><ul><li>Funguje na baterie: Ano</li><li>Typ: Dětská chůva</li><li>Zásuvný produkt: Ano</li><li>Barva: Bílý</li><li>Vlastnosti: <ul><li>Integrované reproduktory</li><li>Noční světlo</li><li>Integrovaný mikrofon</li></ul></li><li>Funkce: <ul><li>Indikátor vybití baterie</li><li>ECO</li></ul></li><li>Počet baterií: 2</li><li>Typ baterie: AA</li><li>Baterie v ceně: Č.</li><li>Rozsah: 300 m</li><l",Pop Pulse Emporium,https://cdnbigbuy.com/images/8710103849049_S71017383_P00.jpg,https://cdnbigbuy.com/images/8710103849049_S71017383_P50.jpg,https://cdnbigbuy.com/images/8710103849049_S71017383_P10.jpg,https://cdnbigbuy.com/images/8710103849049_S71017383_P20.jpg,4284.97,2,NEW,19.04,16.51,12.15,0.61,3819.36,CZK,2,5,3
S9191401,8886419347477,cs-CZ,Gardening & DIY,Klávesnice Razer RZ03-03940100-R3M1 Černý Vícebarevný QWERTY Qwerty US,"Pokud se zajímáte o <b>počítače a elektronika</b>, rádi máte doma moderní vybavení a hlídáte si každý detail, kupte si <b>Klávesnice Razer RZ03-039401","Pokud se zajímáte o <b>počítače a elektronika</b>, rádi máte doma moderní vybavení a hlídáte si každý detail, kupte si <b>Klávesnice Razer RZ03-03940100-R3M1 Černý Vícebarevný QWERTY Qwerty US</b> za nejlepší ceny.<br><br><ul><li>Typ: <ul><li>Klávesnice</li><li>Opěrka zápěstí/rukou</li><li>Drátový</li><li>Herní klávesnice</li></ul></li><li>Barva: <ul><li>Černý</li><li>Vícebarevný</li></ul></li><li>Vlastnosti: <ul><li>Podsvícení</li><li>Programovatelný</li></ul></li><li>Připojení: <ul><li>USB</li",Pop Pulse Emporium,https://cdnbigbuy.com/images/8886419347477_S9191401_P60.jpg,https://cdnbigbuy.com/images/8886419347477_S9191401_P50.jpg,https://cdnbigbuy.com/images/8886419347477_S9191401_P30.jpg,https://cdnbigbuy.com/images/8886419347477_S9191401_P00.jpg,4312.38,2,NEW,7.0,40.0,20.0,1.25,5600.0,CZK,2,5,3
S9903345,0043859753239,cs-CZ,Gardening & DIY,Laminátor Fellowes 5601601,Vracejte se do kanceláře bez zapomenutí jediné věci! Nakupujte <b>Laminátor Fellowes 5601601</b> a nechte kolegy závidět!<br><br><ul><li>velikost: A3<,"Vracejte se do kanceláře bez zapomenutí jediné věci! Nakupujte <b>Laminátor Fellowes 5601601</b> a nechte kolegy závidět!<br><br><ul><li>velikost: A3</li><li>Vlastnosti: <ul><li>Automatické vypínání</li><li>Snadné použití</li></ul></li><li>Typ: Laminátor</li><li>Barva: Bílý/Šedý</li><li>Váha: 1,4 Kg</li><li>Vestavěný displej: Č.</li></ul>",Pop Pulse Emporium,https://cdnbigbuy.com/images/0043859753239_R00.jpg,,,,4156.7,1,NEW,49.6,16.0,12.2,2.34,9681.92,CZK,2,5,3
S7200810,0091661488450,cs-CZ,Gardening & DIY,Pánské hodinky Guess W1161G1 Černý,"Pokud sledujete trendy v oblasti módy a doplňků, nakupujte <b>Pánské hodinky Guess W1161G1 Černý</b> za nejlepší ceny.<br><br><ul><li>Pohlaví: Pánský<","Pokud sledujete trendy v oblasti módy a doplňků, nakupujte <b>Pánské hodinky Guess W1161G1 Černý</b> za nejlepší ceny.<br><br><ul><li>Pohlaví: Pánský</li><li>Další odkazy: Č.</li><li>Typ hodinek: Náramkové hodinky</li><li>Země/oblast výroby: Čína</li><li>Barva: Černý</li><li>Rok: 2018</li><li>Materiál pláště: Nerezová ocel</li><li>Materiál pásku: Kůže</li><li>Typ pohybu: Křemen</li></ul>",Pop Pulse Emporium,https://cdnbigbuy.com/images/0091661488450_A01.jpg,https://cdnbigbuy.com/images/0091661488450_S7200810_P01.jpg,https://cdnbigbuy.com/images/811_mandatory-watch1.jpg,,4189.43,2,NEW,14.15,12.43,10.11,0.3,1778.19,CZK,2,5,3
S91102690,6975253983179,cs-CZ,Gardening & DIY,Bezpečnostní kamera Reolink Argus Series B350,"Pokud při zařizování vašeho domova kladete důraz na všelijaké detaily a chcete být průběžně informován o nejnovějších produktech, které vám usnadní ži","Pokud při zařizování vašeho domova kladete důraz na všelijaké detaily a chcete být průběžně informován o nejnovějších produktech, které vám usnadní život, nakupujte <b>Bezpečnostní kamera Reolink Argus Series B350</b> za tu nejlepší cenu.<br><br><ul><li>Typ: <ul><li>Videokamera</li><li>IP bezpečnostní kamera</li></ul></li><li>Barva: Bílý</li><li>Vlastnosti: <ul><li>Bezdrátová</li><li>Integrované reproduktory</li><li>Integrovaný mikrofon</li><li>Čtečka Paměťových Karet</li><li>Tlačítko reset</li>",Pop Pulse Emporium,https://cdnbigbuy.com/images/6975253983179_S91102690_P00.jpg,https://cdnbigbuy.com/images/6975253983179_S91102690_P10.jpg,https://cdnbigbuy.com/images/6975253983179_S91102690_P20.jpg,,3609.72,2,NEW,10.0,15.5,22.5,0.69,3487.5,CZK,2,5,3
S7276656,8430622797088,cs-CZ,Gardening & DIY,Dámské hodinky Lotus 18885/2,"Pokud sledujete trendy v oblasti módy a doplňků, nakupujte <b>Dámské hodinky Lotus 18885/2</b> za nejlepší ceny.<br><br><ul><li>Pohlaví: Dáma</li><li>","Pokud sledujete trendy v oblasti módy a doplňků, nakupujte <b>Dámské hodinky Lotus 18885/2</b> za nejlepší ceny.<br><br><ul><li>Pohlaví: Dáma</li><li>Další odkazy: Č.</li><li>Typ hodinek: Náramkové hodinky</li><li>Barva: <ul><li>Růžový</li><li>Stříbřitý</li></ul></li><li>Materiál pláště: Nerezová ocel</li><li>Design: Dáma</li><li>Přibližný průměr: 31 mm</li><li>Typ pohybu: Křemen</li></ul>",Pop Pulse Emporium,https://cdnbigbuy.com/images/8430622797088_R01.jpg,https://cdnbigbuy.com/images/75713_mandatory-watch1.jpg,,,3929.08,50,NEW,39.0,19.0,10.0,0.4,7410.0,CZK,2,5,3
S0389709,0197853079014,cs-CZ,Gardening & DIY,Taška přes rameno Michael Kors 35F4GTVT9L-LT-CREAM Béžový 37 x 28 x 12 cm,"Pokud hledáte nejnovější trendy na trhu, máme tu čest vám představit <b>Taška přes rameno Michael Kors 35F4GTVT9L-LT-CREAM Béžový 37 x 28 x 12 cm</b>!","Pokud hledáte nejnovější trendy na trhu, máme tu čest vám představit <b>Taška přes rameno Michael Kors 35F4GTVT9L-LT-CREAM Béžový 37 x 28 x 12 cm</b>!<br><br><ul><li>Typ: Taška</li><li>Barva: Béžový</li><li>Složení: Kůže</li><li>Typ zapínání: zip</li><li>Obsahuje: Obsahuje pouzdro nebo kryt značky</li><li>Přibližné rozměry: 37 x 28 x 12 cm</li></ul>",Pop Pulse Emporium,https://cdnbigbuy.com/images/0197853079014_S0389709_P00.jpg,https://cdnbigbuy.com/images/0197853079014_S0389709_P10.jpg,https://cdnbigbuy.com/images/0197853079014_S0389709_P20.jpg,,4423.15,23,NEW,10.0,10.0,10.0,0.3,1000.0,CZK,2,5,3
S7188555,4059952613826,cs-CZ,Gardening & DIY,Senzor teploty BOSCH,"Pokud při zařizování vašeho domova kladete důraz na všelijaké detaily a chcete být průběžně informován o nejnovějších produktech, které vám usnadní ži","Pokud při zařizování vašeho domova kladete důraz na všelijaké detaily a chcete být průběžně informován o nejnovějších produktech, které vám usnadní život, nakupujte <b>Senzor teploty BOSCH</b> za tu nejlepší cenu.<br><br><ul><li>Nápajecí Zdroj: Baterie</li><li>Funguje na baterie: Ano</li><li>Baterie v ceně: Ano</li><li>Baterie: Alkalické Baterie</li></ul>",Pop Pulse Emporium,https://cdnbigbuy.com/images/4059952613826_S7188555_P01.jpg,https://cdnbigbuy.com/images/4059952613826_S7188555_P11.jpg,,,3757.79,8,NEW,22.8,12.2,8.8,0.66,2447.81,CZK,2,5,3
S3723118,4038373002235,cs-CZ,Gardening & DIY,"Rázový klíč, rázový utahovák FORMULA 1 IW220 220 nm 2600 - 3300 rpm 20 V",Vybavte svůj vůz posledními produkty průmyslu! Kupte <b>Impact spanner FORMULA 1 IW220 220 nm 2600 - 3300 rpm 20 V</b> a už o nic nepřijdete!<br><ul><,"Vybavte svůj vůz posledními produkty průmyslu! Kupte <b>Impact spanner FORMULA 1 IW220 220 nm 2600 - 3300 rpm 20 V</b> a už o nic nepřijdete!<br><ul><li>velikost: 1/2""</li><li>Vlastnosti: <ul><li>Ergonomický</li><li>Protiskluzový</li></ul></li><li>Napětí: 20 V</li><li>Kompatibilní: <ul><li>LB200 - LB400</li><li>BC400</li></ul></li><li>Příkon: 220 nm</li><li>Rychlost: 2600 - 3300 rpm</li><li>Obsahuje: Klíč gola, ráčnový klíč 17/19/21/22 mm</li><li>Není zahrnut: Baterie</li></ul>",Pop Pulse Emporium,https://cdnbigbuy.com/images/4038373002235_S3723118_P02.jpg,https://cdnbigbuy.com/images/4038373002235_S3723118_P12.jpg,,,4008.63,4,NEW,30.0,10.0,21.0,2.0,6300.0,CZK,2,5,3
S7216653,3608700066363,cs-CZ,Gardening & DIY,Pánské hodinky Nixon A045-1696,"Pokud sledujete trendy v oblasti módy a doplňků, nakupujte <b>Pánské hodinky Nixon A045-1696</b> za nejlepší ceny.<br><br><ul><li>Pohlaví: Pánský</li>","Pokud sledujete trendy v oblasti módy a doplňků, nakupujte <b>Pánské hodinky Nixon A045-1696</b> za nejlepší ceny.<br><br><ul><li>Pohlaví: Pánský</li><li>Další odkazy: Č.</li><li>Typ hodinek: Náramkové hodinky</li></ul>",Pop Pulse Emporium,https://cdnbigbuy.com/images/3608700066363_S7216653_P01.jpg,https://cdnbigbuy.com/images/16654_mandatory-watch1.jpg,,,3994.17,2,NEW,32.0,19.0,10.0,0.4,6080.0,CZK,2,5,3
S7285825,8052011759370,cs-CZ,Gardening & DIY,Dámské hodinky LIU JO TLJ2258,"Pokud sledujete trendy v oblasti módy a doplňků, nakupujte <b>Dámské hodinky LIU JO TLJ2258</b> za nejlepší ceny.<br><br><ul><li>Pohlaví: Dáma</li><li","Pokud sledujete trendy v oblasti módy a doplňků, nakupujte <b>Dámské hodinky LIU JO TLJ2258</b> za nejlepší ceny.<br><br><ul><li>Pohlaví: Dáma</li><li>Další odkazy: Č.</li><li>Typ hodinek: Náramkové hodinky</li></ul>",Pop Pulse Emporium,https://cdnbigbuy.com/images/8052011759370_S7285825_P01.jpg,https://cdnbigbuy.com/images/84882_mandatory-watch1.jpg,,,4620.7,2,NEW,39.0,19.0,10.0,0.4,7410.0,CZK,2,5,3
S72118534,4894138362668,cs-CZ,Gardening & DIY,Pánské hodinky Lorus RM385JX9 Stříbřitý,"Pokud hledáte nejnovější trendy na trhu, máme tu čest vám představit <b>Pánské hodinky Lorus RM385JX9 Stříbřitý</b>!<br><br><ul><li>Pohlaví: Pánský</l","Pokud hledáte nejnovější trendy na trhu, máme tu čest vám představit <b>Pánské hodinky Lorus RM385JX9 Stříbřitý</b>!<br><br><ul><li>Pohlaví: Pánský</li><li>Další odkazy: Č.</li><li>Typ hodinek: Náramkové hodinky</li><li>Barva řemínku: Stříbřitý</li></ul>",Pop Pulse Emporium,https://cdnbigbuy.com/images/4894138362668_S72118534_P00.jpg,https://cdnbigbuy.com/images/117546_mandatory-watch0.jpg,,,3534.73,2,NEW,14.15,12.43,10.11,0.3,1778.19,CZK,2,5,3
S0387830,0197853077768,cs-CZ,Gardening & DIY,"Taška přes rameno Michael Kors 35F4GTVC1L-BLACK Černý 21 x 14 x 4,5 cm","Pokud hledáte nejnovější trendy na trhu, máme tu čest vám představit <b>Taška přes rameno Michael Kors 35F4GTVC1L-BLACK Černý 21 x 14 x 4,5 cm</b>!<br","Pokud hledáte nejnovější trendy na trhu, máme tu čest vám představit <b>Taška přes rameno Michael Kors 35F4GTVC1L-BLACK Černý 21 x 14 x 4,5 cm</b>!<br><br><ul><li>Pohlaví: Dáma</li><li>Typ: Taška přes rameno</li><li>Barva: Černý</li><li>Složení: Kůže</li><li>Typ zapínání: Magnetický</li><li>Obsahuje: Obsahuje pouzdro nebo kryt značky</li><li>Přibližné rozměry: 21 x 14 x 4,5 cm</li></ul>",Pop Pulse Emporium,https://cdnbigbuy.com/images/S0387830_1733921421-remove-background0.jpg,https://cdnbigbuy.com/images/0197853077768_S0387830_P00.jpg,https://cdnbigbuy.com/images/0197853077768_S0387830_P10.jpg,,4038.32,25,NEW,10.0,10.0,10.0,0.3,1000.0,CZK,2,5,3
S7274964,8430622736902,cs-CZ,Gardening & DIY,Pánské hodinky Festina F20445/4 Stříbřitý,"Pokud sledujete trendy v oblasti módy a doplňků, nakupujte <b>Pánské hodinky Festina F20445/4 Stříbřitý</b> za nejlepší ceny.<br><br><ul><li>Pohlaví: ","Pokud sledujete trendy v oblasti módy a doplňků, nakupujte <b>Pánské hodinky Festina F20445/4 Stříbřitý</b> za nejlepší ceny.<br><br><ul><li>Pohlaví: Pánský</li><li>Další odkazy: Č.</li><li>Typ hodinek: Náramkové hodinky</li><li>Rok: 2019</li><li>Materiál pásku: Nerezová ocel</li><li>Materiál pláště: Nerezová ocel</li><li>Barva: Stříbřitý</li><li>Barva ciferníku: Modrý</li><li>Přibližný průměr: 43 mm</li><li>Typ pohybu: Křemen</li></ul>",Pop Pulse Emporium,https://cdnbigbuy.com/images/8430622736902_S7274964_P01.jpg,https://cdnbigbuy.com/images/74021_mandatory-watch1.jpg,,,3671.38,50,NEW,14.15,12.43,10.11,0.3,1778.19,CZK,2,5,3
M0517431,4961311957666,cs-CZ,Gardening & DIY,Originální toner Ricoh M C240 (1 kusů),Vracejte se do kanceláře bez zapomenutí jediné věci! Nakupujte <b>Originální toner Ricoh M C240 (1 kusů)</b> a nechte kolegy závidět!<br><br><ul><li>B,Vracejte se do kanceláře bez zapomenutí jediné věci! Nakupujte <b>Originální toner Ricoh M C240 (1 kusů)</b> a nechte kolegy závidět!<br><br><ul><li>Barva: Černý</li><li>Typ: Toner</li><li>Barevný tisk: Č.</li><li>Vlastnosti: Originální</li><li>Kusů: 1 kusů</li></ul>,Pop Pulse Emporium,https://cdnbigbuy.com/images/4961311957666_M0517431_P00.jpg,,,,4490.52,2,NEW,40.0,12.0,13.0,0.91,6240.0,CZK,2,5,3
S3710499,8033280339777,cs-CZ,Gardening & DIY,Mono Racing Sparco K43 THUNDER Černý XS,Vybavte svůj vůz posledními produkty průmyslu! Kupte <b>Mono Racing Sparco K43 THUNDER Černý XS</b> a už o nic nepřijdete!<br><br><ul><li>Typ: Mono Ra,Vybavte svůj vůz posledními produkty průmyslu! Kupte <b>Mono Racing Sparco K43 THUNDER Černý XS</b> a už o nic nepřijdete!<br><br><ul><li>Typ: Mono Racing</li><li>Barva: Černý</li><li>Velikost: XS</li><li>Osvědčení: CIK-FIA N2013.1</li></ul>,Pop Pulse Emporium,https://cdnbigbuy.com/images/8033280339777_A00.jpg,https://cdnbigbuy.com/images/8033280339777_S3710499_P10.jpg,,,4750.88,1,NEW,10.0,20.0,35.0,5.0,7000.0,CZK,2,5,3
S9130210,8016738768770,cs-CZ,Gardening & DIY,Vzduchový kompresor Stanley B2BL104STF564 550 W 8 bar 105 l/min 6 L,"Pokud při zařizování vašeho domova kladete důraz na všelijaké detaily a chcete být průběžně informován o nejnovějších produktech, které vám usnadní ži","Pokud při zařizování vašeho domova kladete důraz na všelijaké detaily a chcete být průběžně informován o nejnovějších produktech, které vám usnadní život, nakupujte <b>Vzduchový kompresor Stanley B2BL104STF564 550 W 8 bar 105 l/min 6 L</b> za tu nejlepší cenu.<br><br><ul><li>Vlastnosti: <ul><li>Přenosný</li><li>Bez oleje</li></ul></li><li>Barva: Černý</li><li>Příkon: 550 W</li><li>Rychlost: 1450 rpm</li><li>Napětí: <ul><li>230 V</li><li>240 V</li></ul></li><li>Tlakové: 8 bar</li><li>Proud vzduch",Pop Pulse Emporium,https://cdnbigbuy.com/images/8016738768770_S9130210_P00.jpg,,,,4692.64,21,NEW,36.0,36.0,36.0,17.2,46656.0,CZK,2,5,3
S7175765,3165140973366,cs-CZ,Gardening & DIY,elektrický zastřihovač BOSCH Easy GrassCut 18V-230 18 V Ø 23 cm,"Pokud při zařizování vašeho domova kladete důraz na všelijaké detaily a chcete být průběžně informován o nejnovějších produktech, které vám usnadní ži","Pokud při zařizování vašeho domova kladete důraz na všelijaké detaily a chcete být průběžně informován o nejnovějších produktech, které vám usnadní život, nakupujte <b>elektrický zastřihovač BOSCH Easy GrassCut 18V-230 18 V Ø 23 cm</b> za tu nejlepší cenu.<br><br><ul><li>Nápajecí Zdroj: Baterie</li><li>Typ baterie: Litio Ion</li><li>Obsahuje: <ul><li>Dobíjecí lithiová baterie</li><li>Nabíječka na baterie</li></ul></li><li>Zásuvný produkt: Ano</li><li>Typ zástrčky: Zástrčka EU</li><li>Napětí: 18 ",Pop Pulse Emporium,https://cdnbigbuy.com/images/3165140973366_S7175765_P01.jpg,https://cdnbigbuy.com/images/3165140973366_S7175765_P21.jpg,https://cdnbigbuy.com/images/3165140973366_S7175765_P41.jpg,https://cdnbigbuy.com/images/3165140973366_S7175765_P11.jpg,4213.41,25,NEW,47.0,22.0,14.0,3.3,14476.0,CZK,2,5,3
S0388889,0197853083714,cs-CZ,Gardening & DIY,Taška přes rameno Michael Kors Leida Kaštanová 34 x 29 x 12 cm,"Pokud hledáte nejnovější trendy na trhu, máme tu čest vám představit <b>Taška přes rameno Michael Kors Leida Kaštanová 34 x 29 x 12 cm</b>!<br><br><ul","Pokud hledáte nejnovější trendy na trhu, máme tu čest vám představit <b>Taška přes rameno Michael Kors Leida Kaštanová 34 x 29 x 12 cm</b>!<br><br><ul><li>Typ: Taška</li><li>Pohlaví: Dáma</li><li>Barva: Kaštanová</li><li>Materiál: Plátno</li><li>Typ zapínání: zip</li><li>Obsahuje: Obsahuje pouzdro nebo kryt značky</li><li>Přibližné rozměry: 34 x 29 x 12 cm</li></ul>",Pop Pulse Emporium,https://cdnbigbuy.com/images/0197853083714_S0388889_P00.jpg,https://cdnbigbuy.com/images/0197853083714_S0388889_P10.jpg,https://cdnbigbuy.com/images/0197853083714_S0388889_P20.jpg,,4594.05,5,NEW,12.0,33.0,22.0,0.4,8712.0,CZK,2,5,3
S71003068,4067393016847,cs-CZ,Gardening & DIY,Sprchový sloup Grohe Vitalio Start 110 Silikonové,"Pokud při zařizování vašeho domova kladete důraz na všelijaké detaily a chcete být průběžně informován o nejnovějších produktech, které vám usnadní ži","Pokud při zařizování vašeho domova kladete důraz na všelijaké detaily a chcete být průběžně informován o nejnovějších produktech, které vám usnadní život, nakupujte <b>Sprchový sloup Grohe Vitalio Start 110 Silikonové</b> za tu nejlepší cenu.<br><br><ul><li>Barva: <ul><li>Černý</li><li>Matná černá</li></ul></li><li>Materiál: Silikonové</li><li>Typ instalace: Montáž na stěnu</li></ul>",Pop Pulse Emporium,https://cdnbigbuy.com/images/4067393016847_S71003068_P00.jpg,https://cdnbigbuy.com/images/4067393016847_S71003068_P30.jpg,https://cdnbigbuy.com/images/4067393016847_S71003068_P10.jpg,https://cdnbigbuy.com/images/4067393016847_S71003068_P20.jpg,3743.7,2,NEW,14.6,7.8,66.8,1.1,7607.18,CZK,2,5,3
S7917615,8430274148924,cs-CZ,Gardening & DIY,Bezpečnostní systém Pastormatic 500 Plot,"Pokud hledáte nejnovější trendy na trhu, máme tu čest vám představit <b>Bezpečnostní systém Pastormatic 500 Plot</b>!<br><br><ul><li>Typ: <ul><li>Elek","Pokud hledáte nejnovější trendy na trhu, máme tu čest vám představit <b>Bezpečnostní systém Pastormatic 500 Plot</b>!<br><br><ul><li>Typ: <ul><li>Elektrický</li><li>Plot</li></ul></li><li>Napětí: <ul><li>230 V</li><li>1600 V</li><li>8800 V</li></ul></li><li>Vlastnosti: LED kontrolka provozu</li><li>Není zahrnut: Baterie</li><li>Zvíře: <ul><li>Kůň</li><li>Pes</li></ul></li></ul>",Pop Pulse Emporium,https://cdnbigbuy.com/images/8430274148924_S7917615_P0_WBG1.jpg,,,,4103.41,2,NEW,50.0,50.0,20.0,0.93,50000.0,CZK,2,5,3
S71013884,0197641223889,cs-CZ,Gardening & DIY,Sportovní batoh The North Face Base Camp Duffel Černý 71 L,Vracejte se do kanceláře bez zapomenutí jediné věci! Nakupujte <b>Sportovní batoh The North Face Base Camp Duffel Černý 71 L</b> a nechte kolegy závid,"Vracejte se do kanceláře bez zapomenutí jediné věci! Nakupujte <b>Sportovní batoh The North Face Base Camp Duffel Černý 71 L</b> a nechte kolegy závidět!<br><br><p><b>Base Camp Duffel</b> od <b>The North Face</b> je sportovní batoh navržený pro ty, kteří potřebují odolný a prostorný zavazadlový prostor pro venkovní aktivity nebo sport. S objemem <b>71 litrů</b> nabízí dostatek místa pro přepravu oděvů i objemného vybavení, ideální pro delší cesty nebo sporty vyžadující hodně materiálu. Jeho unis",Pop Pulse Emporium,https://cdnbigbuy.com/images/0197641223889_S71013884_P00.jpg,https://cdnbigbuy.com/images/0197641223889_S71013884_P10.jpg,https://cdnbigbuy.com/images/0197641223889_S71013884_P20.jpg,https://cdnbigbuy.com/images/0197641223889_S71013884_P30.jpg,3966.76,23,NEW,20.63,35.0,34.78,0.95,25112.9,CZK,2,5,3
S3059331,8424002176952,cs-CZ,Gardening & DIY,Stojací lampa Home ESPRIT 25 x 25 x 165 cm,"<p>Chcete-li dodat svému domovu kouzlo originality, pomůže vám s tím <b>Stojací lampa Home ESPRIT 25 x 25 x 165 cm</b>.</p><br><br><ul><li>Typ: Stojac","<p>Chcete-li dodat svému domovu kouzlo originality, pomůže vám s tím <b>Stojací lampa Home ESPRIT 25 x 25 x 165 cm</b>.</p><br><br><ul><li>Typ: Stojací lampa</li><li>Zásuvný produkt: Ano</li><li>Materiál: Keramický</li><li>Vysoký: 165 cm</li><li>Složení: Len</li><li>Není zahrnut: žárovka</li><li>Přibližné rozměry: 25 x 25 x 165 cm</li></ul>",Pop Pulse Emporium,https://cdnbigbuy.com/images/8424002176952_S3059331_P00.jpg,https://cdnbigbuy.com/images/8424002176952_S3059331_P10.jpg,,,4522.11,10,NEW,26.5,85.0,26.5,6.0,59691.25,CZK,2,5,3
S7152261,8711465046152,cs-CZ,Gardening & DIY,LED bodové světlo do bazénu Ubbink 350 24 W,"Pokud při zařizování vašeho domova kladete důraz na všelijaké detaily a chcete být průběžně informován o nejnovějších produktech, které vám usnadní ži","Pokud při zařizování vašeho domova kladete důraz na všelijaké detaily a chcete být průběžně informován o nejnovějších produktech, které vám usnadní život, nakupujte <b>LED bodové světlo do bazénu Ubbink 350 24 W</b> za tu nejlepší cenu.<br><br><ul><li>Barva: Bílý</li><li>Příkon: 24 W</li><li>ochrana: IP68</li></ul>",Pop Pulse Emporium,https://cdnbigbuy.com/images/8711465046152_S7152261_P00.jpg,,,,3820.97,10,NEW,35.7,38.0,11.1,2.56,15058.26,CZK,2,5,3
S7195670,3507460246155,cs-CZ,Gardening & DIY,Židle do Auta Nania ANGELUS,"Pokud přemýšlíte o obnově šatníku, <b>Židle do Auta Nania ANGELUS</b> je vám k dispozici, stejně jako jiné <b>produkty značky Nania</b>! Nejlepší kval","Pokud přemýšlíte o obnově šatníku, <b>Židle do Auta Nania ANGELUS</b> je vám k dispozici, stejně jako jiné <b>produkty značky Nania</b>! Nejlepší kvalitu za nejlepší cenu máte na dosah ruky!<br><br><ul><li>Typ: Židle do Auta</li><li>Barva: Černý</li><li>Skupina: <ul><li>0+ (de 0 a 13 kilos)</li><li>I (9 - 18 kg)</li><li>II (15-25 kg)</li><li>III (22 - 36 kg)</li></ul></li></ul>",Pop Pulse Emporium,https://cdnbigbuy.com/images/3507460246155_S7195670_P40.jpg,https://cdnbigbuy.com/images/3507460246155_S7195670_P00.jpg,https://cdnbigbuy.com/images/3507460246155_S7195670_P10.jpg,https://cdnbigbuy.com/images/3507460246155_S7195670_P20.jpg,4310.1,1,NEW,36.21,47.21,25.93,5.36,44326.66,CZK,2,5,3
S72112918,8055385055222,cs-CZ,Gardening & DIY,Chytré hodinky LIU JO SWLJ148,"Pokud sledujete trendy v oblasti módy a doplňků, nakupujte <b>Chytré hodinky LIU JO SWLJ148</b> za nejlepší ceny.<br><br><ul><li>Pohlaví: Pánský</li><","Pokud sledujete trendy v oblasti módy a doplňků, nakupujte <b>Chytré hodinky LIU JO SWLJ148</b> za nejlepší ceny.<br><br><ul><li>Pohlaví: Pánský</li><li>Další odkazy: Č.</li><li>Typ hodinek: <ul><li>Náramkové hodinky</li><li>Chytré hodinky</li></ul></li><li>Zásuvný produkt: Ano</li><li>Typ zástrčky: Zástrčka EU</li></ul>",Pop Pulse Emporium,https://cdnbigbuy.com/images/8055385055222_S72112918_P00.jpg,https://cdnbigbuy.com/images/111930_mandatory-watch0.jpg,,,3658.82,1,NEW,10.0,10.0,10.0,0.3,1000.0,CZK,2,5,3
S9147050,4895252502480,cs-CZ,Gardening & DIY,Router TP-Link Deco X10,"Pokud se zajímáte o <b>počítače a elektronika</b>, rádi máte doma moderní vybavení a hlídáte si každý detail, kupte si <b>Router TP-Link Deco X10</b> ","Pokud se zajímáte o <b>počítače a elektronika</b>, rádi máte doma moderní vybavení a hlídáte si každý detail, kupte si <b>Router TP-Link Deco X10</b> za nejlepší ceny.<br><br><ul><li>Barva: Bílý</li><li>Připojení: <ul><li>Wi-Fi 6 GHz</li><li>Wi-Fi</li><li>RJ45</li></ul></li><li>Šířka: <ul><li>110 mm</li><li>11 cm</li></ul></li><li>Zásuvný produkt: Ano</li><li>Vlastnosti: <ul><li>Tlačítko reset</li><li>indikátor LED</li></ul></li><li>Přibližné rozměry: 11,4 x 11,4 x 11 cm</li><li>Délka: 11 cm</li",Pop Pulse Emporium,https://cdnbigbuy.com/images/4895252502480_I00.jpg,https://cdnbigbuy.com/images/4895252502480_S9147050_P00.jpg,https://cdnbigbuy.com/images/S9147050_1719831308-cut-out0.jpg,https://cdnbigbuy.com/images/4895252502480_S9147050_P10.jpg,4254.52,25,NEW,12.5,18.0,35.5,2.07,7987.5,CZK,2,5,3
S55101562,0085896583554,cs-CZ,Gardening & DIY,Chránič obrazovky Kensington K58355WW            ,"Pokud se zajímáte o <b>počítače a elektronika</b>, rádi máte doma moderní vybavení a hlídáte si každý detail, kupte si <b>Chránič obrazovky Kensington","Pokud se zajímáte o <b>počítače a elektronika</b>, rádi máte doma moderní vybavení a hlídáte si každý detail, kupte si <b>Chránič obrazovky Kensington K58355WW            </b>za nejlepší ceny.<br><br><ul><li>Plátno: 23""</li><li>Typ: Chránič obrazovky</li><li>Funkce: Ochraňuje soukromí</li><li>Vlastnosti: Proti stopám</li><li>Množství: 10</li></ul>",Pop Pulse Emporium,https://cdnbigbuy.com/images/389791192.jpg,,,,4059.64,1,NEW,61.0,37.4,1.0,0.4,2281.4,CZK,2,5,3
S91117184,0843820187816,cs-CZ,Gardening & DIY,Batoh na nošení miminek Osprey Poco™ Child Carrier Černý + 0 měsíců,"Pokud hledáte nejnovější trendy na trhu, máme tu čest vám představit <b>Batoh na nošení miminek Osprey Poco™ Child Carrier Černý + 0 měsíců</b>!<br><b","Pokud hledáte nejnovější trendy na trhu, máme tu čest vám představit <b>Batoh na nošení miminek Osprey Poco™ Child Carrier Černý + 0 měsíců</b>!<br><br><ul><li>Barva: Černý</li><li>Materiál: Polyester</li><li>Šířka: 45 cm</li><li>Vysoký: 65 cm</li><li>Délka: 9 cm</li><li>Přibližná hmotnost: 762 g</li><li>Vlastnosti: <ul><li>Polstrovaný</li><li>Ergonomický</li><li>Pohodlné, jednoduché a bezpečné užívání</li></ul></li><li>Složení: Nylon</li><li>Pohlaví: Unisex</li><li>Doporučený věk: + 0 měsíců</l",Pop Pulse Emporium,https://cdnbigbuy.com/images/0843820187816_S91117184_P00.jpg,https://cdnbigbuy.com/images/0843820187816_S91117184_P10.jpg,https://cdnbigbuy.com/images/0843820187816_S91117184_P20.jpg,https://cdnbigbuy.com/images/0843820187816_S91117184_P30.jpg,3518.37,2,NEW,30.5,18.0,24.0,1.16,13176.0,CZK,2,5,3
S8436909,4977766788083,cs-CZ,Gardening & DIY,"Originální inkoustové náplně Brother HLJ6000 / MFCJ5945, 6945 Žlutý (5 kusů)","Pokud se zajímáte o <b>počítače a elektronika</b>, rádi máte doma moderní vybavení a hlídáte si každý detail, kupte si <b>Originální inkoustové náplně","Pokud se zajímáte o <b>počítače a elektronika</b>, rádi máte doma moderní vybavení a hlídáte si každý detail, kupte si <b>Originální inkoustové náplně Brother HLJ6000 / MFCJ5945, 6945 Žlutý (5 kusů)</b> za nejlepší ceny.<br><br><ul><li>Typ: Originální inkoustové náplně</li><li>Barva: Žlutý</li><li>Kusů: 5 kusů</li></ul>",Pop Pulse Emporium,https://cdnbigbuy.com/images/4977766788083_S8436909_P00.jpg,,,,3652.73,1,NEW,14.06,15.38,11.28,0.09,2439.22,CZK,2,5,3
S9143871,4719331854096,cs-CZ,Gardening & DIY,Základní Deska Gigabyte A620M GAMING X AMD AM5 AMD A620,"Pokud se zajímáte o <b>počítače a elektronika</b>, rádi máte doma moderní vybavení a hlídáte si každý detail, kupte si <b>Základní Deska Gigabyte A620","Pokud se zajímáte o <b>počítače a elektronika</b>, rádi máte doma moderní vybavení a hlídáte si každý detail, kupte si <b>Základní Deska Gigabyte A620M GAMING X AMD AM5 AMD A620</b> za nejlepší ceny.<br><br><ul><li>Sada čipů: <ul><li>AMD A620</li><li>AMD AM5</li><li>AMD</li></ul></li><li>Typ paměti: DDR5</li><li>Šířka: 244 mm</li><li>Hloubka: 244 mm</li><li>procesor: AMD</li><li>USB 2.0: 2</li><li>Připojení: <ul><li>USB 3.2</li><li>PS/2 x 1</li><li>Ethernet LAN</li><li>DisplayPort</li><li>HDMI</",Pop Pulse Emporium,https://cdnbigbuy.com/images/4719331854096_I101.jpg,https://cdnbigbuy.com/images/4719331854096_R01.jpg,https://cdnbigbuy.com/images/4719331854096_I21.jpg,https://cdnbigbuy.com/images/4719331854096_I111.jpg,3619.62,9,NEW,27.0,6.0,27.0,1.0,4374.0,CZK,2,5,3
S0390218,0196237635785,cs-CZ,Gardening & DIY,Dámská Taška Michael Kors Kelli Modrý 30 x 27 x 9 cm,"Pokud hledáte nejnovější trendy na trhu, máme tu čest vám představit <b>Dámská Taška Michael Kors Kelli Modrý 30 x 27 x 9 cm</b>!<br><br><ul><li>Typ: ","Pokud hledáte nejnovější trendy na trhu, máme tu čest vám představit <b>Dámská Taška Michael Kors Kelli Modrý 30 x 27 x 9 cm</b>!<br><br><ul><li>Typ: <ul><li>Taška</li><li>Dámská Taška</li></ul></li><li>Pohlaví: Dáma</li><li>Barva: Modrý</li><li>Složení: Kůže</li><li>Obsahuje: Obsahuje pouzdro nebo kryt značky</li><li>Přibližné rozměry: 30 x 27 x 9 cm</li></ul>",Pop Pulse Emporium,https://cdnbigbuy.com/images/0196237635785_S0390218_P00.jpg,https://cdnbigbuy.com/images/0196237635785_S0390218_P10.jpg,https://cdnbigbuy.com/images/0196237635785_S0390218_P20.jpg,,4038.32,5,NEW,10.0,10.0,10.0,0.3,1000.0,CZK,2,5,3
M0506359,8715946693002,cs-CZ,Gardening & DIY,Originální inkoustové náplně Epson UltraChrome XD3 Žlutý Vícebarevný,"Pokud se zajímáte o <b>počítače a elektronika</b>, rádi máte doma moderní vybavení a hlídáte si každý detail, kupte si <b>Originální inkoustové náplně","Pokud se zajímáte o <b>počítače a elektronika</b>, rádi máte doma moderní vybavení a hlídáte si každý detail, kupte si <b>Originální inkoustové náplně Epson UltraChrome XD3 Žlutý Vícebarevný</b> za nejlepší ceny.<br><br><ul><li>Typ: <ul><li>Originální</li><li>Originální inkoustové náplně</li></ul></li><li>Barva: <ul><li>Žlutý</li><li>Vícebarevný</li></ul></li><li>Kapacita: 350 ml</li><li>Kompatibilní: Epson</li><li>Rok: 2022</li></ul>",Pop Pulse Emporium,https://cdnbigbuy.com/images/8715946693002_M0506359_P00.jpg,https://cdnbigbuy.com/images/8715946693002_I00.jpg,,,4286.5,2,NEW,24.5,11.5,4.0,0.23,1127.0,CZK,2,5,3
S7276773,8430622732485,cs-CZ,Gardening & DIY,Pánské hodinky Lotus 18637/3 Stříbřitý,"Pokud sledujete trendy v oblasti módy a doplňků, nakupujte <b>Pánské hodinky Lotus 18637/3 Stříbřitý</b> za nejlepší ceny.<br><br><ul><li>Pohlaví: Pán","Pokud sledujete trendy v oblasti módy a doplňků, nakupujte <b>Pánské hodinky Lotus 18637/3 Stříbřitý</b> za nejlepší ceny.<br><br><ul><li>Pohlaví: Pánský</li><li>Další odkazy: Č.</li><li>Typ hodinek: Náramkové hodinky</li><li>Rok: 2019</li><li>Materiál pásku: Nerezová ocel</li><li>Materiál pláště: Nerezová ocel</li><li>Barva: Stříbřitý</li><li>Barva ciferníku: Modrý</li><li>Přibližný průměr: 43 mm</li><li>Typ pohybu: Křemen</li></ul>",Pop Pulse Emporium,https://cdnbigbuy.com/images/8430622732485_S7276773_P01.jpg,https://cdnbigbuy.com/images/75830_mandatory-watch1.jpg,,,3929.08,50,NEW,14.15,12.43,10.11,0.3,1778.19,CZK,2,5,3
S3059191,8424002178970,cs-CZ,Gardening & DIY,Stropní světlo Home ESPRIT Železo Dřevo 160 x 30 x 40 cm,"<p>Chcete-li dodat svému domovu kouzlo originality, pomůže vám s tím <b>Stropní světlo Home ESPRIT Železo Dřevo 160 x 30 x 40 cm</b>.</p><br><br><ul><","<p>Chcete-li dodat svému domovu kouzlo originality, pomůže vám s tím <b>Stropní světlo Home ESPRIT Železo Dřevo 160 x 30 x 40 cm</b>.</p><br><br><ul><li>Typ: Stropní světlo</li><li>Materiál: <ul><li>Železo</li><li>Dřevo</li></ul></li><li>Není zahrnut: žárovka</li><li>Přibližné rozměry: 160 x 30 x 40 cm</li></ul>",Pop Pulse Emporium,https://cdnbigbuy.com/images/8424002178970_S3059191_P00.jpg,https://cdnbigbuy.com/images/8424002178970_S3059191_P10.jpg,,,3908.9,25,NEW,75.0,30.0,26.0,12.33,58500.0,CZK,2,5,3
S8903058,4899888735205,cs-CZ,Gardening & DIY,Dětský bazének Intex Duhová 374 L 295 x 109 x 191 cm (2 kusů),Tyto nabídky produktů vám zajistí příjemnou letní zábavu. Malí i dospělí si je okamžitě zamilují ! Nakupujte <b>Dětský bazének Intex Duhová 374 L 295 ,Tyto nabídky produktů vám zajistí příjemnou letní zábavu. Malí i dospělí si je okamžitě zamilují ! Nakupujte <b>Dětský bazének Intex Duhová 374 L 295 x 109 x 191 cm (2 kusů)</b> a užívejte si chvíle volna!<br><br><ul><li>Design: Duhová</li><li>Typ: Dětský bazének</li><li>Materiál: PVC</li><li>Kusů: 2 kusů</li><li>Obsahuje: <ul><li>Náplast na opravy</li><li>Tobogán</li></ul></li><li>Kapacita: 374 L</li><li>Přibližné rozměry: 295 x 109 x 191 cm</li></ul>,Pop Pulse Emporium,https://cdnbigbuy.com/images/S8903058_P0_icon1.jpg,https://cdnbigbuy.com/images/S8903058_P11.jpg,https://cdnbigbuy.com/images/S8903058_P21.jpg,https://cdnbigbuy.com/images/S8903058_P31.jpg,4090.47,22,NEW,32.5,49.0,42.0,14.4,66885.0,CZK,2,5,3
S71003725,4053423245059,cs-CZ,Gardening & DIY,Infračervený teploměr BOSCH AdvancedTemp,"Pokud vám záleží na vašem zdraví a hledáte produkty, které nabízejí <b>ochranu a péči o zdraví</b>, <b>Infračervený teploměr BOSCH AdvancedTemp</b> je","Pokud vám záleží na vašem zdraví a hledáte produkty, které nabízejí <b>ochranu a péči o zdraví</b>, <b>Infračervený teploměr BOSCH AdvancedTemp</b> je pro vás připraven k oběru, stejně jako další produkty značky <b>BOSCH</b> za nejlepší ceny.<br><br><ul><li>Nápajecí Zdroj: Baterie</li><li>Technologie: Digitální</li><li>Funguje na baterie: Ano</li><li>Baterie v ceně: Ano</li><li>Typ baterie: Alkalické Baterie</li><li>Doporučený věk: Dospělé</li></ul>",Pop Pulse Emporium,https://cdnbigbuy.com/images/4053423245059_S71003725_P00.jpg,https://cdnbigbuy.com/images/4053423245059_S71003725_P10.jpg,https://cdnbigbuy.com/images/4053423245059_S71003725_P20.jpg,https://cdnbigbuy.com/images/4053423245059_S71003725_P30.jpg,3850.28,9,NEW,8.64,22.61,11.94,0.68,2332.48,CZK,2,5,3
S7274936,8430622770159,cs-CZ,Gardening & DIY,Pánské hodinky Festina F20542/1 Černý,"Pokud sledujete trendy v oblasti módy a doplňků, nakupujte <b>Pánské hodinky Festina F20542/1 Černý</b> za nejlepší ceny.<br><br><ul><li>Pohlaví: Páns","Pokud sledujete trendy v oblasti módy a doplňků, nakupujte <b>Pánské hodinky Festina F20542/1 Černý</b> za nejlepší ceny.<br><br><ul><li>Pohlaví: Pánský</li><li>Další odkazy: Č.</li><li>Typ hodinek: Náramkové hodinky</li><li>Barva: Černý</li><li>Materiál pláště: Nerezová ocel</li><li>Typ zapínání: Přezka</li><li>Typ pohybu: Křemen</li></ul>",Pop Pulse Emporium,https://cdnbigbuy.com/images/8430622770159_S7274936_P01.jpg,https://cdnbigbuy.com/images/73993_mandatory-watch1.jpg,,,4127.77,50,NEW,32.0,19.0,10.0,0.4,6080.0,CZK,2,5,3
S0460716,5055374710050,cs-CZ,Gardening & DIY,Dětská chůva Motorola MOTOVM85,"Pokud přemýšlíte o obnově šatníku, <b>Dětská chůva Motorola MOTOVM85</b> je vám k dispozici, stejně jako jiné <b>produkty značky Motorola</b>! Nejlepš","Pokud přemýšlíte o obnově šatníku, <b>Dětská chůva Motorola MOTOVM85</b> je vám k dispozici, stejně jako jiné <b>produkty značky Motorola</b>! Nejlepší kvalitu za nejlepší cenu máte na dosah ruky!<br><br><ul><li>Typ: Dětská chůva</li><li>Zásuvný produkt: Ano</li><li>Typ zástrčky: Zástrčka EU</li></ul>",Pop Pulse Emporium,https://cdnbigbuy.com/images/5055374710050_S0460716_P00.jpg,https://cdnbigbuy.com/images/5055374710050_S0460716_P40.jpg,https://cdnbigbuy.com/images/5055374710050_S0460716_P50.jpg,https://cdnbigbuy.com/images/5055374710050_S0460716_P10.jpg,4044.79,1,NEW,10.5,23.0,16.5,0.71,3984.75,CZK,2,5,3
S7286336,8430622796357,cs-CZ,Gardening & DIY,Pánské hodinky Lotus 18854/5 Stříbřitý,"Pokud sledujete trendy v oblasti módy a doplňků, nakupujte <b>Pánské hodinky Lotus 18854/5 Stříbřitý</b> za nejlepší ceny.<br><br><ul><li>Pohlaví: Pán","Pokud sledujete trendy v oblasti módy a doplňků, nakupujte <b>Pánské hodinky Lotus 18854/5 Stříbřitý</b> za nejlepší ceny.<br><br><ul><li>Pohlaví: Pánský</li><li>Další odkazy: Č.</li><li>Typ hodinek: Náramkové hodinky</li><li>Materiál pásku: Nerezová ocel</li><li>Materiál pláště: Nerezová ocel</li><li>Barva: Stříbřitý</li><li>Barva ciferníku: Modrý</li><li>Typ pohybu: Křemen</li><li>Funguje na baterie: 1 LR44</li><li>Přibližný průměr: 41 mm</li></ul>",Pop Pulse Emporium,https://cdnbigbuy.com/images/8430622796357_R00.jpg,https://cdnbigbuy.com/images/85393_mandatory-watch0.jpg,,,3671.38,50,NEW,32.0,19.0,10.0,0.4,6080.0,CZK,2,5,3
S7926303,4751029898456,cs-CZ,Gardening & DIY,Světelná girlanda Thorgeon Černý 2000 W 30 m 30,"<p>Chcete-li dodat svému domovu kouzlo originality, pomůže vám s tím <b>Světelná girlanda Thorgeon Černý 2000 W 30 m 30</b>.</p><br><br><ul><li>Není z","<p>Chcete-li dodat svému domovu kouzlo originality, pomůže vám s tím <b>Světelná girlanda Thorgeon Černý 2000 W 30 m 30</b>.</p><br><br><ul><li>Není zahrnut: žárovky</li><li>Typ: <ul><li>Objímky</li><li>LED řetězová světla</li><li>Světelná girlanda</li></ul></li><li>Barva: Černý</li><li>žárovky: 30</li><li>Příkon: 2000 W</li><li>Patice: E27</li><li>Napětí: 220-240 V</li><li>Délka kabelu: 30 m</li><li>Frekvence: 50/60 Hz</li><li>Stupeň krytí: IP44</li><li>Doporučené použití: Vnitřek/Exteriér</li>",Pop Pulse Emporium,https://cdnbigbuy.com/images/4751029898456_S7926303_P00.jpg,,,,4505.75,25,NEW,20.0,30.0,20.0,2.0,12000.0,CZK,2,5,3
S8434201,4899888758761,cs-CZ,Gardening & DIY,"DVD+R Verbatim 4,7 GB 16x (8 kusů)","Pokud se zajímáte o <b>počítače a elektronika</b>, rádi máte doma moderní vybavení a hlídáte si každý detail, kupte si <b>DVD+R Verbatim 4,7 GB 16x (8","Pokud se zajímáte o <b>počítače a elektronika</b>, rádi máte doma moderní vybavení a hlídáte si každý detail, kupte si <b>DVD+R Verbatim 4,7 GB 16x (8 kusů)</b> za nejlepší ceny.<br><br><ul><li>Typ: DVD-R</li><li>Kusů: <ul><li>25 kusů</li><li>8 kusů</li></ul></li><li>Barva: Černý</li><li>Interní paměť: 4,7 GB</li><li>Rychlost: 16x</li></ul>",Pop Pulse Emporium,https://cdnbigbuy.com/images/S8434201_P0_icon1.jpg,https://cdnbigbuy.com/images/S8434201_P01.jpg,,,3873.88,4,NEW,12.96,13.15,7.8,0.46,1329.31,CZK,2,5,3
S0391216,0194900082171,cs-CZ,Gardening & DIY,Příruční taška Michael Kors Jet Set Travel,"Pokud hledáte nejnovější trendy na trhu, máme tu čest vám představit <b>Příruční taška Michael Kors Jet Set Travel</b>!<br><br><ul><li>Typ: Taška</li>","Pokud hledáte nejnovější trendy na trhu, máme tu čest vám představit <b>Příruční taška Michael Kors Jet Set Travel</b>!<br><br><ul><li>Typ: Taška</li><li>Pohlaví: Dáma</li><li>Barva: Modrý</li><li>Materiál: Plátno</li><li>Typ zapínání: zip</li><li>Obsahuje: Obsahuje pouzdro nebo kryt značky</li><li>Přibližné rozměry: 42 x 30 x 15 cm</li></ul>",Pop Pulse Emporium,https://cdnbigbuy.com/images/S0391216_1749553045-remove-background0.jpg,https://cdnbigbuy.com/images/0194900082171_S0391216_P10.jpg,https://cdnbigbuy.com/images/0194900082171_S0391216_P20.jpg,https://cdnbigbuy.com/images/0194900082171_S0391216_P00.jpg,3824.4,10,NEW,10.0,10.0,10.0,0.3,1000.0,CZK,2,5,3
S72126299,8430622856044,cs-CZ,Gardening & DIY,Pánské hodinky Festina F20742/3,"Pokud hledáte nejnovější trendy na trhu, máme tu čest vám představit <b>Pánské hodinky Festina F20742/3</b>!<br><br><ul><li>Pohlaví: Pánský</li><li>Da","Pokud hledáte nejnovější trendy na trhu, máme tu čest vám představit <b>Pánské hodinky Festina F20742/3</b>!<br><br><ul><li>Pohlaví: Pánský</li><li>Další odkazy: Č.</li><li>Typ hodinek: Náramkové hodinky</li></ul>",Pop Pulse Emporium,https://cdnbigbuy.com/images/8430622856044_S72126299_P00.jpg,https://cdnbigbuy.com/images/125311_mandatory-watch0.jpg,,,4382.42,50,NEW,14.15,12.43,10.11,0.3,1778.19,CZK,2,5,3
S0391918,0196237483430,cs-CZ,Gardening & DIY,Příruční taška Michael Kors 35H3STVT6B-PEARL-GREY,"Pokud hledáte nejnovější trendy na trhu, máme tu čest vám představit <b>Příruční taška Michael Kors 35H3STVT6B-PEARL-GREY</b>!<br><br><ul><li>Typ: Taš","Pokud hledáte nejnovější trendy na trhu, máme tu čest vám představit <b>Příruční taška Michael Kors 35H3STVT6B-PEARL-GREY</b>!<br><br><ul><li>Typ: Taška</li><li>Pohlaví: Dáma</li><li>Barva: Šedý</li><li>Materiál: <ul><li>Plátno</li><li>Syntetická kůže</li></ul></li><li>Typ zapínání: zip</li><li>Obsahuje: Obsahuje pouzdro nebo kryt značky</li><li>Přibližné rozměry: 36,8 x 26 x 17,1 cm</li></ul>",Pop Pulse Emporium,https://cdnbigbuy.com/images/0196237483430_S0391918_P00.jpg,https://cdnbigbuy.com/images/0196237483430_S0391918_P20.jpg,https://cdnbigbuy.com/images/0196237483430_S0391918_P10.jpg,,4038.32,5,NEW,10.0,10.0,10.0,0.3,1000.0,CZK,2,5,3
S7108866,3165140731126,cs-CZ,Gardening & DIY,Elektrická stříkací pistole BOSCH 3000-2,"Pokud při zařizování vašeho domova kladete důraz na všelijaké detaily a chcete být průběžně informován o nejnovějších produktech, které vám usnadní ži","Pokud při zařizování vašeho domova kladete důraz na všelijaké detaily a chcete být průběžně informován o nejnovějších produktech, které vám usnadní život, nakupujte <b>Elektrická stříkací pistole BOSCH 3000-2</b> za tu nejlepší cenu.<br><br><ul><li>Typ zástrčky: Zástrčka EU</li><li>Zásuvný produkt: Ano</li><li>Příkon: 650 W</li><li>Barva: Zelená</li><li>Vhodné pro: Exteriér</li><li>Kapacita: 1 L</li><li>Napětí: 220 V</li><li>Délka kabelu: 2 m</li><li>Není zahrnut: Baterie</li><li>Váha: 2,8 Kg</l",Pop Pulse Emporium,https://cdnbigbuy.com/images/3165140731126_S7108866_P01.jpg,https://cdnbigbuy.com/images/3165140731126_I01.jpg,https://cdnbigbuy.com/images/3165140731126_R51.jpg,https://cdnbigbuy.com/images/3165140731126_I11.jpg,4613.85,10,NEW,36.0,32.9,28.8,4.56,34110.72,CZK,2,5,3
S8906355,4899888792536,cs-CZ,Gardening & DIY,Suncobran Aktive Modrý 200 x 185 x 200 cm (6 kusů),"Pokud hledáte nejnovější trendy na trhu, máme tu čest vám představit <b>Suncobran Aktive Modrý 200 x 185 x 200 cm (6 kusů)</b>!<br><br><ul><li>Typ: Su","Pokud hledáte nejnovější trendy na trhu, máme tu čest vám představit <b>Suncobran Aktive Modrý 200 x 185 x 200 cm (6 kusů)</b>!<br><br><ul><li>Typ: Suncobran</li><li>Barva: Modrý</li><li>Materiál: <ul><li>Polyester</li><li>Oxford</li><li>Hliník</li></ul></li><li>Kusů: 6 kusů</li><li>Obsahuje: <ul><li>Kapesní</li><li>Povlak na transport</li></ul></li><li>Solární filtr: UV50</li><li>Přibližné rozměry: 200 x 185 x 200 cm</li></ul>",Pop Pulse Emporium,https://cdnbigbuy.com/images/s8906355_p0_icon0.jpg,https://cdnbigbuy.com/images/S8906355_P10.jpg,https://cdnbigbuy.com/images/S8906355_P20.jpg,https://cdnbigbuy.com/images/S8906355_P30.jpg,3684.71,50,NEW,30.37,20.81,56.0,7.57,35391.98,CZK,2,5,3
S7204161,8430622722240,cs-CZ,Gardening & DIY,Pánské hodinky Festina F20343/8 Černý Stříbřitý,"Pokud sledujete trendy v oblasti módy a doplňků, nakupujte <b>Pánské hodinky Festina F20343/8 Černý Stříbřitý</b> za nejlepší ceny.<br><br><ul><li>Poh","Pokud sledujete trendy v oblasti módy a doplňků, nakupujte <b>Pánské hodinky Festina F20343/8 Černý Stříbřitý</b> za nejlepší ceny.<br><br><ul><li>Pohlaví: Pánský</li><li>Další odkazy: Č.</li><li>Typ hodinek: Náramkové hodinky</li><li>Barva: <ul><li>Černý</li><li>Stříbřitý</li></ul></li><li>Rok: 2018</li><li>Materiál pásku: Nerezová ocel</li><li>Materiál pláště: Nerezová ocel</li><li>Typ pohybu: Křemen</li></ul>",Pop Pulse Emporium,https://cdnbigbuy.com/images/8430622722240_S7204161_P01.jpg,https://cdnbigbuy.com/images/4162_mandatory-watch1.jpg,,,4382.42,50,NEW,32.0,19.0,10.0,0.4,6080.0,CZK,2,5,3
S3031421,8424001951871,cs-CZ,Gardening & DIY,"Nástěnná lampa DKD Home Decor Zlatá Bílý Pryskyřice 220 V 50 W (26 x 19,5 x 44 cm) (2 kusů)","Pokud při zařizování vašeho domova kladete důraz na všelijaké detaily a chcete být průběžně informován o nejnovějších produktech, které vám usnadní ži","Pokud při zařizování vašeho domova kladete důraz na všelijaké detaily a chcete být průběžně informován o nejnovějších produktech, které vám usnadní život, nakupujte <b>Nástěnná lampa DKD Home Decor Zlatá Bílý Pryskyřice 220 V 50 W (26 x 19,5 x 44 cm) (2 kusů)</b> za tu nejlepší cenu.<br><br><ul><li>Barva: <ul><li>Bílý</li><li>Zlatá</li></ul></li><li>Materiál: Pryskyřice</li><li>Příkon: <ul><li>220 V</li><li>50 W</li></ul></li><li>Patice: E27</li><li>žárovky: 1</li><li>Kusů: 2 kusů</li><li>Přibli",Pop Pulse Emporium,https://cdnbigbuy.com/images/8424001951871_S3031421_P32.jpg,https://cdnbigbuy.com/images/8424001951871_S3031421_P22.jpg,https://cdnbigbuy.com/images/8424001951871_S3031421_P02.jpg,https://cdnbigbuy.com/images/8424001951871_S3031421_P12.jpg,3581.55,2,NEW,19.5,26.0,44.0,6.0,22308.0,CZK,2,5,3
S0389692,0197853277472,cs-CZ,Gardening & DIY,Taška přes rameno Michael Kors 35F4STVC1L-PEARL-GREY Šedý 21 x 12 x 5 cm,"Pokud hledáte nejnovější trendy na trhu, máme tu čest vám představit <b>Taška přes rameno Michael Kors 35F4STVC1L-PEARL-GREY Šedý 21 x 12 x 5 cm</b>!<","Pokud hledáte nejnovější trendy na trhu, máme tu čest vám představit <b>Taška přes rameno Michael Kors 35F4STVC1L-PEARL-GREY Šedý 21 x 12 x 5 cm</b>!<br><br><ul><li>Typ: Taška přes rameno</li><li>Barva: Šedý</li><li>Složení: Kůže</li><li>Typ zapínání: click</li><li>Obsahuje: Obsahuje pouzdro nebo kryt značky</li><li>Přibližné rozměry: 21 x 12 x 5 cm</li></ul>",Pop Pulse Emporium,https://cdnbigbuy.com/images/0197853277472_S0389692_P00.jpg,https://cdnbigbuy.com/images/0197853277472_S0389692_P10.jpg,https://cdnbigbuy.com/images/0197853277472_S0389692_P20.jpg,,4038.32,10,NEW,10.0,10.0,10.0,0.3,1000.0,CZK,2,5,3
S9909148,8435089029949,cs-CZ,Gardening & DIY,Interaktivní Systém Nepřerušitelného Napájení UPS Woxter UPS 2000 VA 1200 W,"Pokud se zajímáte o <b>počítače a elektronika</b>, rádi máte doma moderní vybavení a hlídáte si každý detail, kupte si <b>Interaktivní Systém Nepřeruš","Pokud se zajímáte o <b>počítače a elektronika</b>, rádi máte doma moderní vybavení a hlídáte si každý detail, kupte si <b>Interaktivní Systém Nepřerušitelného Napájení UPS Woxter UPS 2000 VA 1200 W</b> za nejlepší ceny.<br><br><ul><li>Vlastnosti: LED obrazovka</li><li>Příkon: 1200 W</li><li>Napětí: 12 V</li><li>Zásuvný produkt: Ano</li><li>Typ zástrčky: Zástrčka EU</li></ul>",Pop Pulse Emporium,https://cdnbigbuy.com/images/8435089029949_S9909148_P00.jpg,,,,4262.14,2,NEW,47.0,25.0,20.0,12.5,23500.0,CZK,2,5,3
S7738757,5704174199816,cs-CZ,Gardening & DIY,Čtečka čárových kódů Zebra DS2278-SR00007ZZWW,"Pokud se zajímáte o <b>počítače a elektronika</b>, rádi máte doma moderní vybavení a hlídáte si každý detail, kupte si <b>Čtečka čárových kódů Zebra D","Pokud se zajímáte o <b>počítače a elektronika</b>, rádi máte doma moderní vybavení a hlídáte si každý detail, kupte si <b>Čtečka čárových kódů Zebra DS2278-SR00007ZZWW</b> za nejlepší ceny.<br><br><ul><li>Typ zástrčky: Zástrčka EU</li><li>Zásuvný produkt: Ano</li><li>Typ: <ul><li>1D</li><li>2D</li></ul></li><li>Barva: Černý</li><li>Připojení: <ul><li>USB</li><li>Bluetooth</li></ul></li><li>Nápajecí Zdroj: Elektrický kabel</li></ul>",Pop Pulse Emporium,https://cdnbigbuy.com/images/5704174199816_S7738757_P00.jpg,,,,4457.78,10,NEW,18.0,12.5,7.5,0.29,1687.5,CZK,2,5,3
S7225644,8057190249803,cs-CZ,Gardening & DIY,Dámské hodinky LIU JO GIULIA (Ø 24 mm) (Ø 35 mm),"Pokud sledujete trendy v oblasti módy a doplňků, nakupujte <b>Dámské hodinky LIU JO GIULIA (Ø 24 mm) (Ø 35 mm)</b> za nejlepší ceny.<br><br><ul><li>Př","Pokud sledujete trendy v oblasti módy a doplňků, nakupujte <b>Dámské hodinky LIU JO GIULIA (Ø 24 mm) (Ø 35 mm)</b> za nejlepší ceny.<br><br><ul><li>Přibližný průměr: 35 mm</li><li>Pohlaví: Dáma</li><li>Další odkazy: Č.</li><li>Typ hodinek: Náramkové hodinky</li><li>Materiál pásku: Nerezová ocel</li><li>Obsahuje: K produktu dostanete originální krabičku</li><li>Vodotěsnost: 5 atm</li><li>Sklo: Minerál</li><li>Typ pohybu: Křemen</li><li>Průměr pouzdra hodin: <ul><li>Ø 24 mm</li><li>Ø 35 mm</li></u",Pop Pulse Emporium,https://cdnbigbuy.com/images/8057190249803_R01.jpg,,,,3849.52,5,NEW,39.0,19.0,10.0,0.4,7410.0,CZK,2,5,3
S71013343,5010996248947,cs-CZ,Gardening & DIY,Wigs Hasbro,"Pokud hledáte nejnovější trendy na trhu, máme tu čest vám představit <b>Wigs Hasbro</b>!<br><br><ul><li>Země/oblast výroby: Čína</li><li>Napětí: 1,5 V","Pokud hledáte nejnovější trendy na trhu, máme tu čest vám představit <b>Wigs Hasbro</b>!<br><br><ul><li>Země/oblast výroby: Čína</li><li>Napětí: 1,5 V</li><li>Počet baterií: 2</li><li>Doporučený věk: <ul><li>+ 3 roků</li><li>+ 14 roků</li><li>Dětské</li></ul></li><li>Funguje na baterie: Ano</li><li>Typ baterie: AA</li></ul>",Pop Pulse Emporium,https://cdnbigbuy.com/images/5010996248947_S71013343_P00.jpg,https://cdnbigbuy.com/images/5010996248947_S71013343_P40.jpg,https://cdnbigbuy.com/images/5010996248947_S71013343_P50.jpg,https://cdnbigbuy.com/images/5010996248947_I00.jpg,3456.32,23,NEW,35.0,35.0,30.0,2.12,36750.0,CZK,2,5,3
S3727469,8033280424305,cs-CZ,Gardening & DIY,Závodní kotníkové boty Sparco SLALOM 2022 FIA 8856-2018 Černý 45,"Pokud přemýšlíte o obnově šatníku, <b>Závodní kotníkové boty Sparco SLALOM 2022 FIA 8856-2018 Černý 45</b> je vám k dispozici, stejně jako jiné <b>pro","Pokud přemýšlíte o obnově šatníku, <b>Závodní kotníkové boty Sparco SLALOM 2022 FIA 8856-2018 Černý 45</b> je vám k dispozici, stejně jako jiné <b>produkty značky Sparco</b>! Nejlepší kvalitu za nejlepší cenu máte na dosah ruky!<br><br><ul><li>Sport: Racing</li><li>Pohlaví: <ul><li>Unisex</li><li>Unisex dospělí</li></ul></li><li>Typ: Sportovní boty</li><li>Doporučený věk: Dospělé</li><li>Barva: <ul><li>Žlutý</li><li>Černý</li></ul></li><li>Vlastnosti: <ul><li>Fluorescenční</li><li>Odolný vůči br",Pop Pulse Emporium,https://cdnbigbuy.com/images/8033280424305_S3727469_P21.jpg,https://cdnbigbuy.com/images/8033280424305_S3727469_P51.jpg,https://cdnbigbuy.com/images/8033280424305_S3727469_P61.jpg,https://cdnbigbuy.com/images/27186_mandatory-motor1.jpg,3568.61,2,NEW,25.0,10.0,25.0,10.0,6250.0,CZK,2,5,3
S55065081,4712511125092,cs-CZ,Gardening & DIY,Držák Posuvná Police do Rackové Skříně Qnap RAIL-A02-90,"Pokud se zajímáte o <b>počítače a elektronika</b>, rádi máte doma moderní vybavení a hlídáte si každý detail, kupte si <b>Držák Posuvná Police do Rack","Pokud se zajímáte o <b>počítače a elektronika</b>, rádi máte doma moderní vybavení a hlídáte si každý detail, kupte si <b>Držák Posuvná Police do Rackové Skříně Qnap RAIL-A02-90</b> za nejlepší ceny.<br><br><ul><li>Typ: Kolejnice na prádlo</li><li>Maximální váha: 35 kg</li><li>Barva: Hliník</li><li>Kompatibilní: QNAP TS-EC2480U-RP</li></ul>",Pop Pulse Emporium,https://cdnbigbuy.com/images/156860002.jpg,,,,4294.11,2,NEW,76.0,22.0,8.0,3.53,13376.0,CZK,2,5,3
S72123743,4894626288289,cs-CZ,Gardening & DIY,Dámské hodinky Just Cavalli ANIMALIER SPECIAL PACK + BRACELET Zlatá (Ø 30 mm),"Pokud hledáte nejnovější trendy na trhu, máme tu čest vám představit <b>Dámské hodinky Just Cavalli ANIMALIER SPECIAL PACK + BRACELET Zlatá (Ø 30 mm)<","Pokud hledáte nejnovější trendy na trhu, máme tu čest vám představit <b>Dámské hodinky Just Cavalli ANIMALIER SPECIAL PACK + BRACELET Zlatá (Ø 30 mm)</b>!<br><br><ul><li>Další odkazy: Č.</li><li>Typ hodinek: Náramkové hodinky</li><li>Barva řemínku: Zlatá</li><li>Pohlaví: Dáma</li><li>Materiál pásku: Nerezová ocel</li><li>Vodotěsnost: 3 atm</li><li>Sklo: Minerál</li><li>Typ pohybu: Křemen</li><li>Průměr pouzdra hodin: Ø 30 mm</li><li>Design: Dáma</li></ul>",Pop Pulse Emporium,https://cdnbigbuy.com/images/4894626288289_S72123743_P00.jpg,https://cdnbigbuy.com/images/122755_mandatory-watch0.jpg,,,4221.41,1,NEW,14.16,11.56,10.0,0.33,1636.9,CZK,2,5,3
S7710327,0632983035580,cs-CZ,Gardening & DIY,Toner Kyocera 1T02R4BNL0 Černý Purpurová,Vracejte se do kanceláře bez zapomenutí jediné věci! Nakupujte <b>Toner Kyocera 1T02R4BNL0 Černý Purpurová</b> a nechte kolegy závidět!<br><br><ul><li,Vracejte se do kanceláře bez zapomenutí jediné věci! Nakupujte <b>Toner Kyocera 1T02R4BNL0 Černý Purpurová</b> a nechte kolegy závidět!<br><br><ul><li>Barva: <ul><li>Purpurová</li><li>Černý</li></ul></li><li>Technologie: Laser</li><li>Typ: Toner</li><li>Kompatibilní: Kyocera</li><li>Vlastnosti: Originální</li></ul>,Pop Pulse Emporium,https://cdnbigbuy.com/images/0632983035580_I01.jpg,,,,3600.58,17,NEW,45.0,8.5,7.0,0.53,2677.5,CZK,2,5,3
S5609099,0730143313414,cs-CZ,Gardening & DIY,procesor AMD AMD Ryzen 5 5600G,"Pokud se zajímáte o <b>počítače a elektronika</b>, rádi máte doma moderní vybavení a hlídáte si každý detail, kupte si <b>procesor AMD AMD Ryzen 5 560","Pokud se zajímáte o <b>počítače a elektronika</b>, rádi máte doma moderní vybavení a hlídáte si každý detail, kupte si <b>procesor AMD AMD Ryzen 5 5600G</b> za nejlepší ceny.<br><br><ul><li>Cache: 16 MB</li><li>Kompatibilní: <ul><li>DDR4-SDRAM</li><li>PC</li></ul></li><li>Vlastnosti: Integrovaný grafický adaptér</li><li>procesor: AMD Ryzen 5 5600G</li><li>Typ: procesor</li><li>Jádro: 6 Jádro</li><li>Rodina procesorů: AMD Ryzen 5</li><li>Podporovaná rychlost paměti: 3200 mhz</li></ul>",Pop Pulse Emporium,https://cdnbigbuy.com/images/0730143313414_S5609099_P01.jpg,,,,4139.57,5,NEW,13.2,7.3,13.5,0.4,1300.86,CZK,2,5,3
S7187126,4054278952024,cs-CZ,Gardening & DIY,Zalévací bomba Kärcher Ponořitelné do vody 22000 l/h,"Pokud při zařizování vašeho domova kladete důraz na všelijaké detaily a chcete být průběžně informován o nejnovějších produktech, které vám usnadní ži","Pokud při zařizování vašeho domova kladete důraz na všelijaké detaily a chcete být průběžně informován o nejnovějších produktech, které vám usnadní život, nakupujte <b>Zalévací bomba Kärcher Ponořitelné do vody 22000 l/h</b> za tu nejlepší cenu.<br><br><ul><li>Vlastnosti: <ul><li>Ponořitelné do vody</li><li>Nosná rukojeť</li></ul></li><li>Příkon: 750 W</li><li>Výkonnost: 22000 l/h</li><li>Materiál: Nerezová ocel</li><li>Frekvence: 50 Hz</li><li>Napětí: 230-240 V</li></ul>",Pop Pulse Emporium,https://cdnbigbuy.com/images/4054278952024_S7187126_P00.jpg,https://cdnbigbuy.com/images/4054278952024_S7187126_P30.jpg,https://cdnbigbuy.com/images/4054278952024_S7187126_P10.jpg,,4158.22,10,NEW,39.3,30.1,22.5,7.36,26615.92,CZK,2,5,3
S9900195,4711099476237,cs-CZ,Gardening & DIY,Nápajecí Zdroj Aerocool LUXPRORGB1000M ATX 1000 W 80 Plus Gold,"Pokud se zajímáte o <b>počítače a elektronika</b>, rádi máte doma moderní vybavení a hlídáte si každý detail, kupte si <b>Nápajecí Zdroj Aerocool LUXP","Pokud se zajímáte o <b>počítače a elektronika</b>, rádi máte doma moderní vybavení a hlídáte si každý detail, kupte si <b>Nápajecí Zdroj Aerocool LUXPRORGB1000M ATX 1000 W 80 Plus Gold</b> za nejlepší ceny.<br><br><ul><li>Typ: Nápajecí Zdroj</li><li>Zásuvný produkt: Ano</li><li>Typ zástrčky: Zástrčka EU</li><li>Ventilátor: Ø 14 cm</li><li>Form factor: ATX</li><li>Příkon: 1000 W</li><li>Osvědčení: 80 Plus Gold</li><li>Barva: Černý</li></ul>",Pop Pulse Emporium,https://cdnbigbuy.com/images/4711099476237_S9900195_P00.jpg,https://cdnbigbuy.com/images/4711099476237_S9900195_P20.jpg,https://cdnbigbuy.com/images/4711099476237_S9900195_P30.jpg,https://cdnbigbuy.com/images/4711099476237_S9900195_P40.jpg,3797.37,2,NEW,25.0,9.5,21.5,2.67,5106.25,CZK,2,5,3
S71015257,9312742894375,cs-CZ,Gardening & DIY,Bezpečnostní závora Dreambaby,"Pokud hledáte nejnovější trendy na trhu, máme tu čest vám představit <b>Bezpečnostní závora Dreambaby</b>!<br><br><ul><li>Materiál: Kov</li></ul>","Pokud hledáte nejnovější trendy na trhu, máme tu čest vám představit <b>Bezpečnostní závora Dreambaby</b>!<br><br><ul><li>Materiál: Kov</li></ul>",Pop Pulse Emporium,https://cdnbigbuy.com/images/9312742894375_S71015257_P00.jpg,https://cdnbigbuy.com/images/9312742894375_S71015257_P10.jpg,https://cdnbigbuy.com/images/9312742894375_S71015257_P20.jpg,https://cdnbigbuy.com/images/9312742894375_S71015257_P30.jpg,3623.42,8,NEW,41.28,30.78,16.77,7.75,21307.94,CZK,2,5,3
S71013886,0197641223902,cs-CZ,Gardening & DIY,Sportovní batoh The North Face Base Camp Duffel Černý 71 L,Vracejte se do kanceláře bez zapomenutí jediné věci! Nakupujte <b>Sportovní batoh The North Face Base Camp Duffel Černý 71 L</b> a nechte kolegy závid,"Vracejte se do kanceláře bez zapomenutí jediné věci! Nakupujte <b>Sportovní batoh The North Face Base Camp Duffel Černý 71 L</b> a nechte kolegy závidět!<br><br><p><b>Base Camp Duffel</b> od <b>The North Face</b> je sportovní batoh navržený pro ty, kteří potřebují velkou kapacitu a odolnost při pohybu, ať už při outdoorových aktivitách nebo náročných cestách. S objemem <b>71 litrů</b> umožňuje tato taška organizovat a přenášet velké množství vybavení, aniž by byla ohrožena pohodlnost a funkčnost",Pop Pulse Emporium,https://cdnbigbuy.com/images/0197641223902_S71013886_P00.jpg,https://cdnbigbuy.com/images/0197641223902_S71013886_P30.jpg,https://cdnbigbuy.com/images/0197641223902_S71013886_P10.jpg,https://cdnbigbuy.com/images/0197641223902_S71013886_P20.jpg,4394.6,25,NEW,20.63,35.0,34.78,0.95,25112.9,CZK,2,5,3
S7107509,3701085203443,cs-CZ,Gardening & DIY,Chytrý video nosič SCS SENTINEL Visiodoor 4.3 Hliník,"Pokud při zařizování vašeho domova kladete důraz na všelijaké detaily a chcete být průběžně informován o nejnovějších produktech, které vám usnadní ži","Pokud při zařizování vašeho domova kladete důraz na všelijaké detaily a chcete být průběžně informován o nejnovějších produktech, které vám usnadní život, nakupujte <b>Chytrý video nosič SCS SENTINEL Visiodoor 4.3 Hliník</b> za tu nejlepší cenu.<br><br><ul><li>Obsahuje: <ul><li>Door phone entry system</li><li>Video door entry monitor</li></ul></li><li>Počet kusů: 2 Kusy</li><li>Typ instalace: Montáž na stěnu</li><li>Typ: Chytrý video nosič</li><li>Vlastnosti: Dotyková obrazovka</li><li>Materiál:",Pop Pulse Emporium,https://cdnbigbuy.com/images/3701085203443_S7107509_P00.jpg,https://cdnbigbuy.com/images/S7107509_1704449136-no-background0.jpg,https://cdnbigbuy.com/images/3701085203443_R50.jpg,https://cdnbigbuy.com/images/3701085203443_S7107509_P10.jpg,4275.08,5,NEW,30.4,21.6,7.2,1.14,4727.81,CZK,2,5,3
S0391211,0197853089365,cs-CZ,Gardening & DIY,Příruční taška Michael Kors Mercer,"Pokud hledáte nejnovější trendy na trhu, máme tu čest vám představit <b>Příruční taška Michael Kors Mercer</b>!<br><br><ul><li>Typ: Taška</li><li>Pohl","Pokud hledáte nejnovější trendy na trhu, máme tu čest vám představit <b>Příruční taška Michael Kors Mercer</b>!<br><br><ul><li>Typ: Taška</li><li>Pohlaví: Dáma</li><li>Barva: Šedý</li><li>Složení: Kůže</li><li>Typ zapínání: zip</li><li>Obsahuje: Obsahuje pouzdro nebo kryt značky</li><li>Přibližné rozměry: 30 x 23 x 10 cm</li></ul>",Pop Pulse Emporium,https://cdnbigbuy.com/images/0197853089365_S0391211_P00.jpg,https://cdnbigbuy.com/images/0197853089365_S0391211_P10.jpg,https://cdnbigbuy.com/images/0197853089365_S0391211_P20.jpg,,4551.42,10,NEW,10.0,10.0,10.0,0.3,1000.0,CZK,2,5,3
S7248202,4894816034566,cs-CZ,Gardening & DIY,Pánské hodinky Timberland TDWGF2201002,"Pokud sledujete trendy v oblasti módy a doplňků, nakupujte <b>Pánské hodinky Timberland TDWGF2201002</b> za nejlepší ceny.<br><br><ul><li>Pohlaví: Pán","Pokud sledujete trendy v oblasti módy a doplňků, nakupujte <b>Pánské hodinky Timberland TDWGF2201002</b> za nejlepší ceny.<br><br><ul><li>Pohlaví: Pánský</li><li>Další odkazy: Č.</li><li>Typ hodinek: Náramkové hodinky</li></ul>",Pop Pulse Emporium,https://cdnbigbuy.com/images/4894816034566_S7248202_P01.jpg,https://cdnbigbuy.com/images/4894816034566_S7248202_P21.jpg,https://cdnbigbuy.com/images/47366_mandatory-watch1.jpg,https://cdnbigbuy.com/images/4894816034566_S7248202_P11.jpg,3782.53,10,NEW,32.0,19.0,10.0,0.4,6080.0,CZK,2,5,3
S7271048,8430622817038,cs-CZ,Gardening & DIY,Pánské hodinky Festina F20669/2,"Pokud sledujete trendy v oblasti módy a doplňků, nakupujte <b>Pánské hodinky Festina F20669/2</b> za nejlepší ceny.<br><br><ul><li>Pohlaví: Pánský</li","Pokud sledujete trendy v oblasti módy a doplňků, nakupujte <b>Pánské hodinky Festina F20669/2</b> za nejlepší ceny.<br><br><ul><li>Pohlaví: Pánský</li><li>Další odkazy: Č.</li><li>Typ hodinek: Náramkové hodinky</li></ul>",Pop Pulse Emporium,https://cdnbigbuy.com/images/8430622817038_S7271048_P00.jpg,https://cdnbigbuy.com/images/70212_mandatory-watch0.jpg,,,3929.08,50,NEW,32.0,19.0,10.0,0.4,6080.0,CZK,2,5,3
S3726574,8434207259718,cs-CZ,Gardening & DIY,Postroj s 6 úchytkami OCC Motorsport OCCRF4 Žlutý,Vybavte svůj vůz posledními produkty průmyslu! Kupte <b>Postroj s 6 úchytkami OCC Motorsport OCCRF4 Žlutý</b> a už o nic nepřijdete!<br><br><ul><li>Vl,Vybavte svůj vůz posledními produkty průmyslu! Kupte <b>Postroj s 6 úchytkami OCC Motorsport OCCRF4 Žlutý</b> a už o nic nepřijdete!<br><br><ul><li>Vlastnosti: <ul><li>Univerzální</li><li>FIA 8853-2016</li><li>Nstavitelná vodítka</li><li>Sjednocený FIA</li></ul></li><li>Fixování: 6 bodů</li><li>Barva: Žlutý</li></ul>,Pop Pulse Emporium,https://cdnbigbuy.com/images/8434207259718_S3726574_P01.jpg,https://cdnbigbuy.com/images/8434207259718_S3726574_P11.jpg,https://cdnbigbuy.com/images/8434207259718_S3726574_P21.jpg,,3507.33,25,NEW,40.0,30.0,30.0,4.0,36000.0,CZK,2,5,3
S7275097,8430622806209,cs-CZ,Gardening & DIY,Pánské hodinky Festina F20623/2 Stříbřitý,"Pokud sledujete trendy v oblasti módy a doplňků, nakupujte <b>Pánské hodinky Festina F20623/2 Stříbřitý</b> za nejlepší ceny.<br><br><ul><li>Pohlaví: ","Pokud sledujete trendy v oblasti módy a doplňků, nakupujte <b>Pánské hodinky Festina F20623/2 Stříbřitý</b> za nejlepší ceny.<br><br><ul><li>Pohlaví: Pánský</li><li>Další odkazy: Č.</li><li>Typ hodinek: Náramkové hodinky</li><li>Materiál pásku: Nerezová ocel</li><li>Materiál pláště: Nerezová ocel</li><li>Barva: Stříbřitý</li><li>Druh záruky: podle výrobce</li><li>Barva ciferníku: Modrý</li><li>Typ pohybu: Křemen</li></ul>",Pop Pulse Emporium,https://cdnbigbuy.com/images/8430622806209_S7275097_P01.jpg,https://cdnbigbuy.com/images/74154_mandatory-watch1.jpg,,,3671.38,50,NEW,32.0,19.0,10.0,0.4,6080.0,CZK,2,5,3
S37115024,8027280053931,cs-CZ,Gardening & DIY,Závodní volant OMP Trecento Uno Polyuretan Černý Ø 30 cm,Vybavte svůj vůz posledními produkty průmyslu! Kupte <b>Závodní volant OMP Trecento Uno Polyuretan Černý Ø 30 cm</b> a už o nic nepřijdete!<br><br><ul,Vybavte svůj vůz posledními produkty průmyslu! Kupte <b>Závodní volant OMP Trecento Uno Polyuretan Černý Ø 30 cm</b> a už o nic nepřijdete!<br><br><ul><li>Typ: <ul><li>Univerzální</li><li>Závodní volant</li></ul></li><li>Materiál: Polyuretan</li><li>Barva: Černý</li><li>Přibližný průměr: Ø 30 cm</li></ul>,Pop Pulse Emporium,https://cdnbigbuy.com/images/8027280053931_R00.jpg,https://cdnbigbuy.com/images/8027280053931_R10.jpg,https://cdnbigbuy.com/images/8027280053931_R20.jpg,https://cdnbigbuy.com/images/8027280053931_R30.jpg,3801.56,5,NEW,30.0,30.0,30.0,10.0,27000.0,CZK,2,5,3
S0385080,0193599729978,cs-CZ,Gardening & DIY,Dámská Taška Michael Kors 35T0GTVT3V-BROWN Kaštanová 39 x 29 x 16 cm,Chcete držet krok s módou a máte rádi drobné doplňky? Přinášíme vám <b>Dámská Taška Michael Kors 35T0GTVT3V-BROWN Kaštanová 39 x 29 x 16 cm</b> a širo,Chcete držet krok s módou a máte rádi drobné doplňky? Přinášíme vám <b>Dámská Taška Michael Kors 35T0GTVT3V-BROWN Kaštanová 39 x 29 x 16 cm</b> a široký výběr trendy kabelek a peněženek!<br><br><ul><li>Typ: <ul><li>Taška</li><li>Dámská Taška</li></ul></li><li>Pohlaví: Dáma</li><li>Barva: Kaštanová</li><li>Materiál: Plátno</li><li>Typ zapínání: zip</li><li>Obsahuje: Obsahuje pouzdro nebo kryt značky</li><li>Přibližné rozměry: 39 x 29 x 16 cm</li></ul>,Pop Pulse Emporium,https://cdnbigbuy.com/images/0193599729978_S0385080_P00.jpg,https://cdnbigbuy.com/images/0193599729978_S0385080_P10.jpg,https://cdnbigbuy.com/images/0193599729978_S0385080_P20.jpg,,3824.4,9,NEW,25.0,25.0,10.0,0.3,6250.0,CZK,2,5,3
S0376348,8033288956440,cs-CZ,Gardening & DIY,Dámské hodinky Chiara Ferragni R1953102501 (Ø 32 mm),"Pokud sledujete trendy v oblasti módy a doplňků, nakupujte <b>Dámské hodinky Chiara Ferragni R1953102501 (Ø 32 mm)</b> za nejlepší ceny.<br><br><ul><l","Pokud sledujete trendy v oblasti módy a doplňků, nakupujte <b>Dámské hodinky Chiara Ferragni R1953102501 (Ø 32 mm)</b> za nejlepší ceny.<br><br><ul><li>Pohlaví: Dáma</li><li>Další odkazy: Č.</li><li>Typ hodinek: Náramkové hodinky</li><li>Materiál pásku: Nerezová ocel</li><li>Materiál pouzdra hodinek: Nerezová ocel</li><li>Typ pohybu: Křemen</li><li>Sklo: Minerál</li><li>Vodotěsnost: 5 atm</li><li>Obsahuje: K produktu dostanete originální krabičku</li><li>Barva ciferníku: Zlatá</li><li>Barva pouz",Pop Pulse Emporium,https://cdnbigbuy.com/images/8033288956440_S0376348_P01.jpg,https://cdnbigbuy.com/images/72707_mandatory-watch1.jpg,,,3478.4,25,NEW,32.0,19.0,10.0,0.4,6080.0,CZK,2,5,3
S71009354,4059433716817,cs-CZ,Gardening & DIY,Playset Schleich Great Conquest of the Lost Temple,"Pokud přemýšlíte o obnově šatníku, <b>Playset Schleich Great Conquest of the Lost Temple</b> je vám k dispozici, stejně jako jiné produkty <b>Schleich","Pokud přemýšlíte o obnově šatníku, <b>Playset Schleich Great Conquest of the Lost Temple</b> je vám k dispozici, stejně jako jiné produkty <b>Schleich</b>! Nejlepší kvalitu za nejlepší cenu máte na dosah ruky!<br><br><p><b>Great Conquest of the Lost Temple</b> de <b>Schleich</b> es un <b>playset</b> diseñado para estimular la imaginación y el juego activo en niños mayores de <b>3 o 4 años</b>, combinando aventura y exploración en un entorno prehistórico detallado. Este set de figuras representa ",Pop Pulse Emporium,https://cdnbigbuy.com/images/4059433716817_S71009354_P00.jpg,https://cdnbigbuy.com/images/4059433716817_S71009354_P20.jpg,https://cdnbigbuy.com/images/4059433716817_S71009354_P30.jpg,https://cdnbigbuy.com/images/4059433716817_S71009354_P40.jpg,3808.79,5,NEW,55.8,37.6,14.2,3.99,29792.74,CZK,2,5,3
S0390371,0196237506153,cs-CZ,Gardening & DIY,Batoh Michael Kors 30R4GRKB7C-NAVY Modrý,"Pokud hledáte nejnovější trendy na trhu, máme tu čest vám představit <b>Batoh Michael Kors 30R4GRKB7C-NAVY Modrý</b>!<br><br><ul><li>Pohlaví: Dáma</li","Pokud hledáte nejnovější trendy na trhu, máme tu čest vám představit <b>Batoh Michael Kors 30R4GRKB7C-NAVY Modrý</b>!<br><br><ul><li>Pohlaví: Dáma</li><li>Typ: Batoh</li><li>Barva: Modrý</li><li>Materiál: Plátno</li><li>Obsahuje: Obsahuje pouzdro nebo kryt značky</li></ul>",Pop Pulse Emporium,https://cdnbigbuy.com/images/0196237506153_S0390371_P00.jpg,https://cdnbigbuy.com/images/0196237506153_S0390371_P10.jpg,https://cdnbigbuy.com/images/0196237506153_S0390371_P20.jpg,,3653.49,10,NEW,10.0,10.0,10.0,0.3,1000.0,CZK,2,5,3
S7905610,8431075250922,cs-CZ,Gardening & DIY,Řetěz Katiak 10 mm 14 m,"Pokud hledáte nejnovější trendy na trhu, máme tu čest vám představit <b>Řetěz Katiak 10 mm 14 m</b>!<br><ul><li>Materiál: Ocel</li><li>Délka: 14 m</li","Pokud hledáte nejnovější trendy na trhu, máme tu čest vám představit <b>Řetěz Katiak 10 mm 14 m</b>!<br><ul><li>Materiál: Ocel</li><li>Délka: 14 m</li><li>Barva: Nikl</li><li>Přibližné rozměry: 10 mm</li><li>Typ: Pozinkované</li></ul>",Pop Pulse Emporium,https://cdnbigbuy.com/images/8431075250922_S7905610_P01.jpg,,,,3594.87,4,NEW,20.0,40.0,30.0,23.0,24000.0,CZK,2,5,3
S0391916,0196237481740,cs-CZ,Gardening & DIY,Příruční taška Michael Kors Jet Set Travel,"Pokud hledáte nejnovější trendy na trhu, máme tu čest vám představit <b>Příruční taška Michael Kors Jet Set Travel</b>!<br><br><ul><li>Typ: Taška</li>","Pokud hledáte nejnovější trendy na trhu, máme tu čest vám představit <b>Příruční taška Michael Kors Jet Set Travel</b>!<br><br><ul><li>Typ: Taška</li><li>Pohlaví: Dáma</li><li>Barva: Béžový</li><li>Materiál: <ul><li>Plátno</li><li>Syntetická kůže</li></ul></li><li>Typ zapínání: zip</li><li>Obsahuje: Obsahuje pouzdro nebo kryt značky</li><li>Přibližné rozměry: 36,8 x 26 x 17,1 cm</li></ul>",Pop Pulse Emporium,https://cdnbigbuy.com/images/0196237481740_S0391916_P00.jpg,https://cdnbigbuy.com/images/0196237481740_S0391916_P10.jpg,https://cdnbigbuy.com/images/0196237481740_S0391916_P20.jpg,,4038.32,5,NEW,10.0,10.0,10.0,0.3,1000.0,CZK,2,5,3
S0430919,8436016685832,cs-CZ,Gardening & DIY,Šicí stroj Alfa 720+ 9,"Pokud při zařizování vašeho domova kladete důraz na všelijaké detaily a chcete být průběžně informován o nejnovějších produktech, které vám usnadní ži","Pokud při zařizování vašeho domova kladete důraz na všelijaké detaily a chcete být průběžně informován o nejnovějších produktech, které vám usnadní život, nakupujte <b>Šicí stroj Alfa 720+ 9</b> za tu nejlepší cenu.<br><br><ul><li>Typ zástrčky: Zástrčka EU</li><li>Příkon: 70 W</li><li>Barva: <ul><li>Bílý</li><li>Rojo/Blanco</li></ul></li><li>Materiál: <ul><li>Nerezová ocel</li><li>Plastické</li><li>Kov/Plastické</li></ul></li><li>Přibližná hmotnost: 5 kg</li><li>Obsahuje: Povlak na transport</li",Pop Pulse Emporium,https://cdnbigbuy.com/images/8436016685832_A01.jpg,,,,3959.91,9,NEW,44.0,35.0,23.0,6.72,35420.0,CZK,2,5,3
S7183126,3362934403164,cs-CZ,Gardening & DIY,Joystick Thrustmaster TCA Sidestick X Airbus Edition,"Pokud se zajímáte o <b>počítače a elektronika</b>, rádi máte doma moderní vybavení a hlídáte si každý detail, kupte si <b>Joystick Thrustmaster TCA Si","Pokud se zajímáte o <b>počítače a elektronika</b>, rádi máte doma moderní vybavení a hlídáte si každý detail, kupte si <b>Joystick Thrustmaster TCA Sidestick X Airbus Edition</b> za nejlepší ceny.<br><br><ul><li>Připojení: <ul><li>USB</li><li>USB-C</li><li>Kabel jack 3,5 mm</li></ul></li><li>Jazyk: Anglicky</li><li>Nápajecí Zdroj: Drátový</li><li>Kompatibilní: Windows</li><li>Vlastnosti: LED kontrolka provozu</li><li>Osvědčení: CE</li><li>Vestavěný displej: Č.</li><li>Obsahuje: Manuál uživatele<",Pop Pulse Emporium,https://cdnbigbuy.com/images/3362934403164_I02.jpg,https://cdnbigbuy.com/images/3362934403164_R42.jpg,https://cdnbigbuy.com/images/3362934403164_R52.jpg,https://cdnbigbuy.com/images/3362934403164_R62.jpg,4085.14,1,NEW,23.0,22.2,26.6,1.37,13581.96,CZK,2,5,3
S7266094,0716736169170,cs-CZ,Gardening & DIY,Dámské sluneční brýle Kate Spade CAROLANE_F_S,"Pokud rádi nosíte trendy <a href=""##TAXONOMY_12833##""><b>módní doplňky</b></a> a váš styl se bez nich neobejde, nenechte si ujít <b>Dámské sluneční br","Pokud rádi nosíte trendy <a href=""##TAXONOMY_12833##""><b>módní doplňky</b></a> a váš styl se bez nich neobejde, nenechte si ujít <b>Dámské sluneční brýle Kate Spade CAROLANE_F_S</b>! Vyberte si ty nejlepší značkové <a href=""##TAXONOMY_12833##""><b>sluneční brýle</b></a>.<br><br><ul><li>Typ: Dámské sluneční brýle</li><li>Pohlaví: Dáma</li><li>ochrana: 100% ochrana proti UV záření (UV400)</li></ul>",Pop Pulse Emporium,https://cdnbigbuy.com/images/0716736169170_R00.jpg,https://cdnbigbuy.com/images/0716736169170_R10.jpg,https://cdnbigbuy.com/images/0716736169170_R20.jpg,https://cdnbigbuy.com/images/0716736169170_R30.jpg,4748.21,1,NEW,10.08,9.98,9.92,0.3,997.94,CZK,2,5,3
S0376333,8033288958093,cs-CZ,Gardening & DIY,Dámské hodinky Chiara Ferragni R1953100501 (Ø 34 mm),"Pokud sledujete trendy v oblasti módy a doplňků, nakupujte <b>Dámské hodinky Chiara Ferragni R1953100501 (Ø 34 mm)</b> za nejlepší ceny.<br><br><ul><l","Pokud sledujete trendy v oblasti módy a doplňků, nakupujte <b>Dámské hodinky Chiara Ferragni R1953100501 (Ø 34 mm)</b> za nejlepší ceny.<br><br><ul><li>Pohlaví: Dáma</li><li>Další odkazy: Č.</li><li>Typ hodinek: Náramkové hodinky</li><li>Materiál pásku: Nerezová ocel</li><li>Materiál pouzdra hodinek: Nerezová ocel</li><li>Typ pohybu: Křemen</li><li>Sklo: Minerál</li><li>Vodotěsnost: 5 atm</li><li>Obsahuje: K produktu dostanete originální krabičku</li><li>Barva ciferníku: Zlatá</li><li>Barva pouz",Pop Pulse Emporium,https://cdnbigbuy.com/images/8033288958093_S0376333_P01.jpg,https://cdnbigbuy.com/images/72692_mandatory-watch1.jpg,,,3478.4,17,NEW,32.0,19.0,10.0,0.4,6080.0,CZK,2,5,3
S55001309,4718937567669,cs-CZ,Gardening & DIY,Optický modul SFP pro multimode kabel ZyXEL SFP10G-SR-ZZ0101F   ,"Pokud se zajímáte o <b>počítače a elektronika</b>, rádi máte doma moderní vybavení a hlídáte si každý detail, kupte si <b>Optický modul SFP pro multim","Pokud se zajímáte o <b>počítače a elektronika</b>, rádi máte doma moderní vybavení a hlídáte si každý detail, kupte si <b>Optický modul SFP pro multimode kabel ZyXEL SFP10G-SR-ZZ0101F   </b> za nejlepší ceny.<br><br><ul><li>Připojení: <ul><li>SFP+</li><li>2</li><li>SATA</li></ul></li><li>Typ: <ul><li>Optické vlákno</li><li>Optický modul SFP+ pro multimode kabel</li></ul></li><li>Rychlost: 10000 Mbit/s</li><li>Rozsah: 300 m</li><li>Délka vlny: 850 nm</li><li>Kompatibilní: Hot-Plug</li><li>Nápajec",Pop Pulse Emporium,https://cdnbigbuy.com/images/4718937567669_S5501309_P01.jpg,,,,4126.25,5,NEW,14.35,3.76,3.0,0.01,161.67,CZK,2,5,3
S7271230,4894816070496,cs-CZ,Gardening & DIY,Pánské hodinky Police PEWJA2227410 Černý,"Pokud sledujete trendy v oblasti módy a doplňků, nakupujte <b>Pánské hodinky Police PEWJA2227410 Černý</b> za nejlepší ceny.<br><br><ul><li>Pohlaví: P","Pokud sledujete trendy v oblasti módy a doplňků, nakupujte <b>Pánské hodinky Police PEWJA2227410 Černý</b> za nejlepší ceny.<br><br><ul><li>Pohlaví: Pánský</li><li>Další odkazy: Č.</li><li>Typ hodinek: Náramkové hodinky</li><li>Barva: Černý</li><li>Materiál pásku: Nerezová ocel</li><li>Materiál pláště: Nerezová ocel</li><li>Barva ciferníku: Modrý</li><li>Typ pohybu: Křemen</li></ul>",Pop Pulse Emporium,https://cdnbigbuy.com/images/4894816070496_S7271230_P01.jpg,https://cdnbigbuy.com/images/70394_mandatory-watch1.jpg,https://cdnbigbuy.com/images/4894816070496_S7271230_P11.jpg,https://cdnbigbuy.com/images/4894816070496_S7271230_P21.jpg,3766.16,5,NEW,9.0,10.0,12.0,0.3,1080.0,CZK,2,5,3
S0507718,3145891073003,cs-CZ,Gardening & DIY,Souprava s pánským parfémem Bleu Chanel 3145891073003 (3 pcs) Bleu,"Chcete někoho potěšit <a href=""##TAXONOMY_14099##""><b>balíčkem parfémů či kosmetiky</b></a>? <b>100% originální Souprava s pánským parfémem Bleu Chane","Chcete někoho potěšit <a href=""##TAXONOMY_14099##""><b>balíčkem parfémů či kosmetiky</b></a>? <b>100% originální Souprava s pánským parfémem Bleu Chanel 3145891073003 (3 pcs) Bleu</b> je exkluzivní balíček, kterým můžete potěšit příbuzné či kamarády. Nenechte si ujít <b>100% originální produkty značky Chanel</b>!<br><br><ul><li>Pohlaví: Pánský</li><li>Obsahuje: <ul><li>Nabíjecí</li><li>edp 20 ml x 3</li></ul></li><li>Název vůně: Bleu</li><li>Typ: Nabíjecí</li><li>Vlastnosti: <ul><li>Nabíjecí</li>",Pop Pulse Emporium,https://cdnbigbuy.com/images/3145891073003_0_P01.jpg,https://cdnbigbuy.com/images/3145891073003_805_P01.jpg,,,3518.75,17,NEW,7.6,3.2,10.4,0.16,252.93,CZK,2,5,3
S0391209,0196237626141,cs-CZ,Gardening & DIY,Příruční taška Michael Kors Mercer,"Pokud hledáte nejnovější trendy na trhu, máme tu čest vám představit <b>Příruční taška Michael Kors Mercer</b>!<br><br><ul><li>Typ: Taška</li><li>Pohl","Pokud hledáte nejnovější trendy na trhu, máme tu čest vám představit <b>Příruční taška Michael Kors Mercer</b>!<br><br><ul><li>Typ: Taška</li><li>Pohlaví: Dáma</li><li>Barva: Béžový</li><li>Složení: Kůže</li><li>Typ zapínání: zip</li><li>Obsahuje: Obsahuje pouzdro nebo kryt značky</li><li>Přibližné rozměry: 30 x 23 x 10 cm</li></ul>",Pop Pulse Emporium,https://cdnbigbuy.com/images/0196237626141_S0391209_P00.jpg,https://cdnbigbuy.com/images/0196237626141_S0391209_P10.jpg,,,4551.42,10,NEW,10.0,10.0,10.0,0.3,1000.0,CZK,2,5,3
S7138023,8719514291232,cs-CZ,Gardening & DIY,Chytrá žárovka Philips 8719514291232 Bílý F 11 W E27 806 lm (3 kusů),"<p>Chcete-li dodat svému domovu kouzlo originality, pomůže vám s tím <b>Chytrá žárovka Philips 8719514291232 Bílý F 11 W E27 806 lm (3 kusů)</b>.</p><","<p>Chcete-li dodat svému domovu kouzlo originality, pomůže vám s tím <b>Chytrá žárovka Philips 8719514291232 Bílý F 11 W E27 806 lm (3 kusů)</b>.</p><br><br><ul><li>Obsahuje: <ul><li>RJ45 kabel</li><li>Adaptér AC</li></ul></li><li>Kusů: 3 kusů</li><li>Barva: Bílý</li><li>Vlastnosti: Nastavitelné</li><li>Energetická klasifikace: F</li><li>Patice: E27</li><li>Napětí: 240 V</li><li>Technologie: LED</li><li>Kompatibilní: Amazon Alexa</li><li>Příkon: 11 W</li><li>Životnost: 25000 hodin</li><li>Světel",Pop Pulse Emporium,https://cdnbigbuy.com/images/8719514291232_R22.jpg,https://cdnbigbuy.com/images/8719514291232_R12.jpg,https://cdnbigbuy.com/images/8719514291232_R32.jpg,https://cdnbigbuy.com/images/8719514291232_R42.jpg,4076.0,2,NEW,17.6,22.2,13.8,0.96,5391.94,CZK,2,5,3
S71003932,5999861015306,cs-CZ,Gardening & DIY,Nosní aspirátor Nosiboo,"Nenechte se zaskočit drobnými domácími nehodami, <b>Nosní aspirátor Nosiboo</b> byste měli mít v <b> lékárničce</b> vždy po ruce!<br><br><ul><li>Barva","Nenechte se zaskočit drobnými domácími nehodami, <b>Nosní aspirátor Nosiboo</b> byste měli mít v <b> lékárničce</b> vždy po ruce!<br><br><ul><li>Barva: Šedý</li><li>Materiál: Plastické</li><li>Nápajecí Zdroj: Elektrický kabel</li></ul>",Pop Pulse Emporium,https://cdnbigbuy.com/images/5999861015306_S71003932_P00.jpg,https://cdnbigbuy.com/images/5999861015306_S71003932_P10.jpg,https://cdnbigbuy.com/images/5999861015306_S71003932_P20.jpg,https://cdnbigbuy.com/images/5999861015306_S71003932_P30.jpg,4471.87,25,NEW,19.0,19.0,24.2,1.7,8736.2,CZK,2,5,3
S0389521,0197853285569,cs-CZ,Gardening & DIY,Taška přes rameno Michael Kors 35T4STVC5L-DRAGONFRUIT Růžový 22 x 20 x 7 cm,"Pokud hledáte nejnovější trendy na trhu, máme tu čest vám představit <b>Taška přes rameno Michael Kors 35T4STVC5L-DRAGONFRUIT Růžový 22 x 20 x 7 cm</b","Pokud hledáte nejnovější trendy na trhu, máme tu čest vám představit <b>Taška přes rameno Michael Kors 35T4STVC5L-DRAGONFRUIT Růžový 22 x 20 x 7 cm</b>!<br><br><ul><li>Typ: Taška přes rameno</li><li>Barva: Růžový</li><li>Materiál: Plátno</li><li>Typ zapínání: zip</li><li>Obsahuje: Obsahuje pouzdro nebo kryt značky</li><li>Přibližné rozměry: 22 x 20 x 7 cm</li></ul>",Pop Pulse Emporium,https://cdnbigbuy.com/images/0197853285569_S0389521_P00.jpg,https://cdnbigbuy.com/images/0197853285569_S0389521_P10.jpg,https://cdnbigbuy.com/images/0197853285569_S0389521_P20.jpg,,4038.32,10,NEW,10.0,10.0,10.0,0.3,1000.0,CZK,2,5,3
S91120536,6942160489803,cs-CZ,Gardening & DIY,Síťový Videorekordér Hikvision DS-7616NXI-K1(D),"Pokud hledáte nejnovější trendy na trhu, máme tu čest vám představit <b>Síťový Videorekordér Hikvision DS-7616NXI-K1(D)</b>!<br><br><ul><li>Zásuvný pr","Pokud hledáte nejnovější trendy na trhu, máme tu čest vám představit <b>Síťový Videorekordér Hikvision DS-7616NXI-K1(D)</b>!<br><br><ul><li>Zásuvný produkt: Ano</li><li>Typ: Síťový Videorekordér</li><li>Barva: Černý</li><li>Vlastnosti: Vypínač zapnutí/vypnutí</li><li>Připojení: <ul><li>HDMI</li><li>USB 2.0</li><li>RJ45</li><li>RCA</li><li>VGA D-sub</li></ul></li><li>Napětí: 12 V</li><li>Funkční rozpětí vlhkosti: 10 % - 90 %</li><li>Montáž podvozku: 1U</li><li>Vestavěný displej: Č.</li><li>Nápaje",Pop Pulse Emporium,https://cdnbigbuy.com/images/6942160489803_S91120536_P00.jpg,https://cdnbigbuy.com/images/6942160489803_S91120536_P70.jpg,https://cdnbigbuy.com/images/6942160489803_S91120536_P10.jpg,https://cdnbigbuy.com/images/6942160489803_S91120536_P80.jpg,4209.99,4,NEW,29.5,8.2,42.0,1.66,10159.8,CZK,2,5,3
S0384624,8033288966272,cs-CZ,Gardening & DIY,Pánské hodinky Maserati R8851146001 (Ø 45 mm),"Pokud sledujete trendy v oblasti módy a doplňků, nakupujte <b>Pánské hodinky Maserati R8851146001 (Ø 45 mm)</b> za nejlepší ceny.<br><br><ul><li>Funkc","Pokud sledujete trendy v oblasti módy a doplňků, nakupujte <b>Pánské hodinky Maserati R8851146001 (Ø 45 mm)</b> za nejlepší ceny.<br><br><ul><li>Funkce: Datum</li><li>Typ pohybu: Solární</li><li>Obsahuje: K produktu dostanete originální krabičku</li><li>Sklo: Minerál</li><li>Vodotěsnost: 10 atm</li><li>Materiál pásku: Kůže</li><li>Pohlaví: Pánský</li><li>Průměr pouzdra hodin: Ø 45 mm</li><li>Další odkazy: Č.</li><li>Typ hodinek: Náramkové hodinky</li><li>Materiál pouzdra hodinek: Nerezová ocel</",Pop Pulse Emporium,https://cdnbigbuy.com/images/8033288966272_S0384624_P00.jpg,https://cdnbigbuy.com/images/80983_mandatory-watch0.jpg,https://cdnbigbuy.com/images/8033288966272_R00.jpg,https://cdnbigbuy.com/images/8033288966272_R10.jpg,4294.87,5,NEW,32.0,19.0,10.0,0.4,6080.0,CZK,2,5,3
S7172311,4005176728082,cs-CZ,Gardening & DIY,Smíšený kohoutek Grohe 30531001 Kov,"Jestliže chcete renovovat svou kuchyň, kupte si <b>Smíšený kohoutek Grohe 30531001 Kov</b> a další <b>produkty Grohe</b>! Nejlepší kvalitu za nejlepší","Jestliže chcete renovovat svou kuchyň, kupte si <b>Smíšený kohoutek Grohe 30531001 Kov</b> a další <b>produkty Grohe</b>! Nejlepší kvalitu za nejlepší cenu máte na dosah!<br><br><ul><li>Design: Chromovaný</li><li>Typ: Kohoutek</li><li>Doporučené použití: Dřez</li><li>Materiál: Kov</li><li>Dokončení: <ul><li>Leštěný</li><li>Chromovaný</li></ul></li><li>Velikost závitu: 3/8""</li></ul>",Pop Pulse Emporium,https://cdnbigbuy.com/images/4005176728082_S7172311_P00.jpg,,,,4688.83,4,NEW,23.6,45.9,8.4,2.47,9099.22,CZK,2,5,3
S7141557,8719076044253,cs-CZ,Gardening & DIY,Battery monitor Victron Energy 500 A,"Pokud se zajímáte o <b>počítače a elektronika</b>, rádi máte doma moderní vybavení a hlídáte si každý detail, kupte si <b>Battery monitor Victron Ener","Pokud se zajímáte o <b>počítače a elektronika</b>, rádi máte doma moderní vybavení a hlídáte si každý detail, kupte si <b>Battery monitor Victron Energy 500 A</b> za nejlepší ceny.<br><br><ul><li>Typ: Monitor baterie</li><li>Intenzita: 500 A</li><li>Připojení: Bluetooth</li><li>Materiál: Plastické</li><li>Pohlaví: Unisex dospělí</li></ul>",Pop Pulse Emporium,https://cdnbigbuy.com/images/8719076044253_S7141557_P01.jpg,https://cdnbigbuy.com/images/8719076044253_S7141557_P21.jpg,https://cdnbigbuy.com/images/8719076044253_R61.jpg,https://cdnbigbuy.com/images/8719076044253_S7141557_P11.jpg,4333.7,2,NEW,8.8,13.4,7.2,0.42,849.02,CZK,2,5,3
S71017585,3174269070535,cs-CZ,Gardening & DIY,Základní Nátěr Ripolin,"Pokud hledáte nejnovější trendy na trhu, máme tu čest vám představit <b>Základní Nátěr Ripolin</b>!","Pokud hledáte nejnovější trendy na trhu, máme tu čest vám představit <b>Základní Nátěr Ripolin</b>!",Pop Pulse Emporium,https://cdnbigbuy.com/images/3174269070535_S71017585_P00.jpg,,,,4653.43,1,NEW,29.0,29.0,29.0,7.94,24389.0,CZK,2,5,3
