id_offer,ean,locale,category,title,short_description,description,manufacturer,picture_1,picture_2,picture_3,picture_4,price_cs,quantity,condition,length,width,height,weight,content_volume,currency,handling_time,delivery_time_max,delivery_time_min
S72105362,8434103509887,sk-SK,Gardening & DIY,Pánske hodinky Radiant RAS11001,"Ak sledujete trendy v oblasti módy a doplnkov, nakupujte <b>Pánske hodinky Radiant RAS11001</b> za najlepšie ceny.<br><br><ul><li>Pohlavie: Muž</li><l","Ak sledujete trendy v oblasti módy a doplnkov, nakupujte <b>Pánske hodinky Radiant RAS11001</b> za najlepšie ceny.<br><br><ul><li>Pohlavie: Muž</li><li>Extra články reťaze: Č.</li><li>Druh hodiniek: Náramkové hodinky</li></ul>",Pop Pulse Emporium,https://cdnbigbuy.com/images/8434103509887_R00.jpg,https://cdnbigbuy.com/images/104374_mandatory-watch0.jpg,,,111.44,16,NEW,14.15,12.43,10.11,0.3,1778.19,EUR,2,8,3
S7161254,8718696170717,sk-SK,Gardening & DIY,Stolná Lampa Philips Hue Color Play Čierna 530 Lm,"Ak pri zariaďovaní vášho domova kladiete dôraz na všetky detaily a chcete byť priebežne informovaný o najnovších výrobkoch, ktoré vám uľahčia život, n","Ak pri zariaďovaní vášho domova kladiete dôraz na všetky detaily a chcete byť priebežne informovaný o najnovších výrobkoch, ktoré vám uľahčia život, nakupujte <b>Stolná Lampa Philips Hue Color Play Čierna 530 Lm</b> za tú najlepšiu cenu.<br><br><ul><li>Typ: <ul><li>Stolná lampa</li><li>LED Svetlý</li></ul></li><li>Zásuvný produkt: áno</li><li>Druh zástrčky: EU zástrčky</li><li>IP klasifikácia: IP20</li><li>Teplota farby: 6500 K</li><li>Farba: Čierna</li><li>Materiál: <ul><li>Syntetický/á</li><li",Pop Pulse Emporium,https://cdnbigbuy.com/images/8718696170717_R01.jpg,https://cdnbigbuy.com/images/8718696170717_R11.jpg,https://cdnbigbuy.com/images/8718696170717_R101.jpg,https://cdnbigbuy.com/images/8718696170717_R121.jpg,118.31,19,NEW,30.0,9.8,10.4,0.8,3057.6,EUR,2,8,3
M0115411,3365440375079,sk-SK,Gardening & DIY,Pánsky parfum Yves Saint Laurent La Nuit De L'homme EDT,"<p>Nechajte <strong>100% origin&aacute;lny Pánsky parfum Yves Saint Laurent La Nuit De L'homme EDT</strong>, aby prekvapil okolie a dal vynikn&uacute;","<p>Nechajte <strong>100% origin&aacute;lny Pánsky parfum Yves Saint Laurent La Nuit De L'homme EDT</strong>, aby prekvapil okolie a dal vynikn&uacute;ť va&scaron;ej osobnosti, použ&iacute;vajte <strong>p&aacute;nsky parf&eacute;m</strong> s jedinečnou a osobitou v&ocirc;ňou. Objavte <strong>100% origin&aacute;lne v&yacute;robky Yves Saint Laurent</strong>!</p><br><br><ul><li>Kapacita: 100 ml</li><li>Typ: EDT (Eau de Toilette)</li><li>Názov vône: La Nuit De L'homme</li><li>Pohlavie: Muž</li><li>D",Pop Pulse Emporium,https://cdnbigbuy.com/images/M0115411_P00.jpg,,,,122.41,4,NEW,8.0,8.0,18.0,0.1,1152.0,EUR,2,8,3
S8421122,4977766673389,sk-SK,Gardening & DIY,Montáž tesnenia Brother 4090 Čierna (6 kusov),Tillbaka till kontoret utan att ha glömt en enda pryl! Köp <b>Montáž tesnenia Brother 4090 Čierna (6 kusov)</b> och låt dina kollegor avundas dig!<br>,Tillbaka till kontoret utan att ha glömt en enda pryl! Köp <b>Montáž tesnenia Brother 4090 Čierna (6 kusov)</b> och låt dina kollegor avundas dig!<br><br><ul><li>Typ: Rámik</li><li>Farba: Čierna</li><li>Kusov: 6 kusov</li></ul>,Pop Pulse Emporium,https://cdnbigbuy.com/images/S8421122_P01.jpg,,,,106.41,1,NEW,6.0,6.0,10.0,0.2,360.0,EUR,2,8,3
S9139400,0064992560171,sk-SK,Gardening & DIY,"Krmivo Acana Classics Prairie Poultry Dospelý Kurča 14,5 kg","Ak hľadáte nové trendy na trhu, predstavujeme <b>Krmivo Acana Classics Prairie Poultry Dospelý Kurča 14,5 kg</b>!<br><br><ul><li>Pet: pes</li><li>Typ:","Ak hľadáte nové trendy na trhu, predstavujeme <b>Krmivo Acana Classics Prairie Poultry Dospelý Kurča 14,5 kg</b>!<br><br><ul><li>Pet: pes</li><li>Typ: Krmivo</li><li>Odporúčaný vek: <ul><li>Dospelý</li><li>Deti</li></ul></li><li>Tvar: Pevný</li><li>Príchuť: Kurča</li><li>Dôležité informácie: <ul><li>Bez konzervačných látok</li><li>Bez laktózy</li><li>Bez cukru</li><li>Bez sóje</li></ul></li><li>Prísada: <ul><li>Gluten</li><li>Tuk</li><li>Bielkovina</li><li>Vlákna</li><li>Popolavý</li></ul></li><",Pop Pulse Emporium,https://cdnbigbuy.com/images/0064992560171_S9139400_P01.jpg,,,,138.9,25,NEW,54.0,14.0,38.0,17.2,28728.0,EUR,2,8,3
S7274794,8430622595066,sk-SK,Gardening & DIY,Pánske hodinky Festina F16716/1 Striebristý,"Ak sledujete trendy v oblasti módy a doplnkov, nakupujte <b>Pánske hodinky Festina F16716/1 Striebristý</b> za najlepšie ceny.<br><br><ul><li>Pohlavie","Ak sledujete trendy v oblasti módy a doplnkov, nakupujte <b>Pánske hodinky Festina F16716/1 Striebristý</b> za najlepšie ceny.<br><br><ul><li>Pohlavie: Muž</li><li>Extra články reťaze: Č.</li><li>Druh hodiniek: Náramkové hodinky</li><li>Krajina / Región výroby: Čína</li><li>Rok: 2019</li><li>Materiál náramku: Nerezová oceľ</li><li>Materiál hodiniek: Nerezová oceľ</li><li>Farba: Striebristý</li><li>Približný priemer: 36 mm</li><li>Typ pohybu: Kremeň</li><li>Funguje na batérie: 1 Litio Ion, inclui",Pop Pulse Emporium,https://cdnbigbuy.com/images/8430622595066_S7274794_P01.jpg,https://cdnbigbuy.com/images/73851_mandatory-watch1.jpg,,,158.83,50,NEW,14.15,12.43,10.11,0.3,1778.19,EUR,2,8,3
S0392132,0197853085183,sk-SK,Gardening & DIY,Taška do ruky Michael Kors Avril,"Ak hľadáte nové trendy na trhu, predstavujeme <b>Taška do ruky Michael Kors Avril</b>!<br><br><ul><li>Farba: Modrá</li><li>Materiál: Plátno</li><li>Ty","Ak hľadáte nové trendy na trhu, predstavujeme <b>Taška do ruky Michael Kors Avril</b>!<br><br><ul><li>Farba: Modrá</li><li>Materiál: Plátno</li><li>Typ zapínania: Zips</li><li>Obsahuje: Zahŕňa puzdro alebo obal značky</li><li>Približné rozmery: 19 x 16 x 9 cm</li></ul>",Pop Pulse Emporium,https://cdnbigbuy.com/images/0197853085183_S0392132_P00.jpg,https://cdnbigbuy.com/images/0197853085183_S0392132_P10.jpg,https://cdnbigbuy.com/images/0197853085183_S0392132_P20.jpg,,158.05,21,NEW,10.0,10.0,10.0,0.3,1000.0,EUR,2,8,3
S91099223,3701127706499,sk-SK,Gardening & DIY,Záchodová doska Aston 500431 Modrá Biela,"Ak pri zariaďovaní vášho domova kladiete dôraz na všetky detaily a chcete byť priebežne informovaný o najnovších výrobkoch, ktoré vám uľahčia život, n","Ak pri zariaďovaní vášho domova kladiete dôraz na všetky detaily a chcete byť priebežne informovaný o najnovších výrobkoch, ktoré vám uľahčia život, nakupujte <b>Záchodová doska Aston 500431 Modrá Biela</b> za tú najlepšiu cenu.<br><br><ul><li>Typ: Predĺženie</li><li>Farba: <ul><li>Modrá</li><li>Biela</li></ul></li><li>Materiál: Polypropylén</li><li>Funguje na batérie: Č.</li></ul>",Pop Pulse Emporium,https://cdnbigbuy.com/images/3701127706499_R00.jpg,,,,142.11,5,NEW,45.0,46.0,21.5,6.25,44505.0,EUR,2,8,3
S3031607,8424001999767,sk-SK,Gardening & DIY,Stropné svetlo DKD Home Decor Zlatá 50 W (43 x 43 x 61 cm),"<p>Ak chcete vášmu domovu dodať kúsok originality, môžete tak urobiť s <b>Stropné svetlo DKD Home Decor Zlatá 50 W (43 x 43 x 61 cm)</b>.</p><br><br><","<p>Ak chcete vášmu domovu dodať kúsok originality, môžete tak urobiť s <b>Stropné svetlo DKD Home Decor Zlatá 50 W (43 x 43 x 61 cm)</b>.</p><br><br><ul><li>Design: Starožitný povrch</li><li>Typ: Stropné svetlo</li><li>Farba: Zlatá</li><li>Materiál: Železo</li><li>Príkon: 50 W</li><li>Vysoký: 61 cm</li><li>Pätica: E27</li><li>Napätie: 220 V</li><li>Žiarovky: 1</li><li>Nezahŕňa: Žiarovka</li><li>Približné rozmery: 43 x 43 x 61 cm</li><li>Krajina / Región výroby: Španielsko</li><li>Napájací Zdroj:",Pop Pulse Emporium,https://cdnbigbuy.com/images/8424001999767_S3031607_P54.jpg,https://cdnbigbuy.com/images/8424001999767_S3031607_P44.jpg,https://cdnbigbuy.com/images/8424001999767_S3031607_P34.jpg,https://cdnbigbuy.com/images/8424001999767_S3031607_P24.jpg,105.05,25,NEW,43.0,59.0,43.0,7.0,109091.0,EUR,2,8,3
S71009811,5410527152444,sk-SK,Gardening & DIY,Kvetináč Garden ID,"Ak pri zariaďovaní vášho domova kladiete dôraz na všetky detaily a chcete byť priebežne informovaný o najnovších výrobkoch, ktoré vám uľahčia život, n","Ak pri zariaďovaní vášho domova kladiete dôraz na všetky detaily a chcete byť priebežne informovaný o najnovších výrobkoch, ktoré vám uľahčia život, nakupujte <b>Kvetináč Garden ID</b> za tú najlepšiu cenu.<br><br><ul><li>Typ: Kvetináč</li></ul>",Pop Pulse Emporium,https://cdnbigbuy.com/images/5410527152444_S71009811_P00.jpg,https://cdnbigbuy.com/images/5410527152444_S71009811_P20.jpg,https://cdnbigbuy.com/images/5410527152444_S71009811_P10.jpg,,116.72,5,NEW,50.0,50.0,41.0,6.02,102500.0,EUR,2,8,3
S5630973,4044951041800,sk-SK,Gardening & DIY,Počítačová skriňa ATX v prevedení midi-tower Sharkoon MK6 RGB,"Ak sú <b>počítače a elektronika</b> vašou vášňou a máte radi aktualizácie z oblasti technológie, a neuniknú vám ani najmenšie detajly, zakúpte <b>Počí","Ak sú <b>počítače a elektronika</b> vašou vášňou a máte radi aktualizácie z oblasti technológie, a neuniknú vám ani najmenšie detajly, zakúpte <b>Počítačová skriňa ATX v prevedení midi-tower Sharkoon MK6 RGB</b> za neporaziteľnú cenu.<br><br><ul><li>Farba: Čierna</li><li>Typ: Počítačová skriňa ATX v prevedení midi-tower</li></ul>",Pop Pulse Emporium,https://cdnbigbuy.com/images/4044951041800_S5630973_P00.jpg,,,,107.66,2,NEW,50.74,40.68,43.28,6.59,89334.39,EUR,2,8,3
S72123150,4894327112609,sk-SK,Gardening & DIY,Rám na okuliare Yohji Yamamoto YY1006 47620,"Ak rozmýšľate nad obnovením vášho šatníka, nakúpte <b>Rám na okuliare Yohji Yamamoto YY1006 47620</b> ďalšie <b>produkty Yohji Yamamoto</b>! Najlepšia","Ak rozmýšľate nad obnovením vášho šatníka, nakúpte <b>Rám na okuliare Yohji Yamamoto YY1006 47620</b> ďalšie <b>produkty Yohji Yamamoto</b>! Najlepšia kvalita za najlepšiu cenu je už na dosah!<br><br><ul><li>Pohlavie: Unisex</li><li>Vlastnosti: Nedioptrické sklo</li><li>Typ: Rám na okuliare</li></ul>",Pop Pulse Emporium,https://cdnbigbuy.com/images/4894327112609_S72123150_P00.jpg,https://cdnbigbuy.com/images/4894327112609_S72123150_P10.jpg,https://cdnbigbuy.com/images/4894327112609_S72123150_P20.jpg,,117.77,25,NEW,9.9,10.0,9.94,0.29,984.06,EUR,2,8,3
S9145788,5901750503825,sk-SK,Gardening & DIY,Bezdrôtový bezvreckový vysávač s kefou Blaupunkt VCH602BL,"Ak hľadáte vhodné elektrospotrebiče za špičkové ceny, kúpte si domov <b> Bezdrôtový bezvreckový vysávač s kefou Blaupunkt VCH602BL</b> a ďalšie kúsky ","Ak hľadáte vhodné elektrospotrebiče za špičkové ceny, kúpte si domov <b> Bezdrôtový bezvreckový vysávač s kefou Blaupunkt VCH602BL</b> a ďalšie kúsky z širokého výberu kvalitných malých domácich elektrospotrebičov!<br><br><ul><li>Typ: <ul><li>Bez vrecka</li><li>Suchý</li></ul></li><li>Farba: <ul><li>Modrá</li><li>Čierna</li><li>Čierna/Modrá</li></ul></li><li>Približná výdrž: 30 minút</li><li>Kapacita: 700 ml</li><li>Napájací Zdroj: Batérie</li><li>Frekvencia vstupného striedavého napätia: 50-60 ",Pop Pulse Emporium,https://cdnbigbuy.com/images/5901750503825_S9145788_P20.jpg,https://cdnbigbuy.com/images/5901750503825_S9145788_P60.jpg,https://cdnbigbuy.com/images/5901750503825_S9145788_P50.jpg,https://cdnbigbuy.com/images/5901750503825_S9145788_P40.jpg,119.78,5,NEW,27.5,62.0,15.5,3.4,26427.5,EUR,2,8,3
S7203715,8054726933045,sk-SK,Gardening & DIY,Pánske hodinky Light Time SPEED WAY (Ø 48 mm),"Ak sledujete trendy v oblasti módy a doplnkov, nakupujte <b>Pánske hodinky Light Time SPEED WAY (Ø 48 mm)</b> za najlepšie ceny.<br><br><ul><li>Typ: N","Ak sledujete trendy v oblasti módy a doplnkov, nakupujte <b>Pánske hodinky Light Time SPEED WAY (Ø 48 mm)</b> za najlepšie ceny.<br><br><ul><li>Typ: Náramkové hodinky</li><li>Pohlavie: Muž</li><li>Extra články reťaze: Č.</li><li>Druh hodiniek: Náramkové hodinky</li><li>Funkcie: <ul><li>Dátum</li><li>Stopky</li></ul></li><li>Materiál náramku: Silikónové</li><li>Obsahuje: Zahŕňa puzdro alebo obal značky</li><li>Vodeodolnosť: 5 atm</li><li>Sklo: Minerál</li><li>Typ pohybu: Kremeň</li><li>Priemer pu",Pop Pulse Emporium,https://cdnbigbuy.com/images/8054726933045_S7203715_P01.jpg,https://cdnbigbuy.com/images/3716_mandatory-watch1.jpg,,,108.79,18,NEW,32.0,19.0,10.0,0.4,6080.0,EUR,2,8,3
S72109437,4549526394492,sk-SK,Gardening & DIY,Pánske hodinky Casio MTP-1302PGC-5AVEF Gaštanová,"Ak sledujete trendy v oblasti módy a doplnkov, nakupujte <b>Pánske hodinky Casio MTP-1302PGC-5AVEF Gaštanová</b> za najlepšie ceny.<br><br><ul><li>Fun","Ak sledujete trendy v oblasti módy a doplnkov, nakupujte <b>Pánske hodinky Casio MTP-1302PGC-5AVEF Gaštanová</b> za najlepšie ceny.<br><br><ul><li>Funguje na batérie: áno</li><li>Pohlavie: Muž</li><li>Extra články reťaze: Č.</li><li>Druh hodiniek: Náramkové hodinky</li><li>Farba: Gaštanová</li><li>Materiál náramku: Nerezová oceľ</li><li>Materiál hodiniek: Nerezová oceľ</li><li>Farba remienka: Zlato</li><li>Typ batérie: LR44</li><li>Krabičku: Podľa výrobcu</li><li>Typ pohybu: Kremeň</li></ul>",Pop Pulse Emporium,https://cdnbigbuy.com/images/4549526394492_S72109437_P00.jpg,https://cdnbigbuy.com/images/108449_mandatory-watch0.jpg,,,123.39,1,NEW,14.15,12.43,10.11,0.3,1778.19,EUR,2,8,3
S72118540,4894138362354,sk-SK,Gardening & DIY,Pánske hodinky Lorus RT375KX9,"Ak hľadáte nové trendy na trhu, predstavujeme <b>Pánske hodinky Lorus RT375KX9</b>!<br><br><ul><li>Pohlavie: Muž</li><li>Extra články reťaze: Č.</li><","Ak hľadáte nové trendy na trhu, predstavujeme <b>Pánske hodinky Lorus RT375KX9</b>!<br><br><ul><li>Pohlavie: Muž</li><li>Extra články reťaze: Č.</li><li>Druh hodiniek: Náramkové hodinky</li></ul>",Pop Pulse Emporium,https://cdnbigbuy.com/images/4894138362354_S72118540_P00.jpg,https://cdnbigbuy.com/images/117552_mandatory-watch0.jpg,,,151.99,2,NEW,14.15,12.43,10.11,0.3,1778.19,EUR,2,8,3
M0511880,4026631057769,sk-SK,Gardening & DIY,Skartovačka Hsm X10 20 L,Tillbaka till kontoret utan att ha glömt en enda pryl! Köp <b>Skartovačka Hsm X10 20 L</b> och låt dina kollegor avundas dig!<br><br><ul><li>Vstupné s,"Tillbaka till kontoret utan att ha glömt en enda pryl! Köp <b>Skartovačka Hsm X10 20 L</b> och låt dina kollegor avundas dig!<br><br><ul><li>Vstupné striedavé napätie: 230 V</li><li>Približné rozmery: 34,5 x 5 x 24,5 cm</li><li>Kapacita: <ul><li>10 Listy</li><li>20 L</li></ul></li><li>Vysoký: 44,5 cm</li><li>Bezpečnostné: P-4</li><li>Vlastnosti: <ul><li>Ochrana proti prehriatiu</li><li>Riadenie prostredníctvom tlačidiel</li><li>Automatické</li></ul></li><li>Šírka: 34,5 cm</li><li>Úroveň hluku: 5",Pop Pulse Emporium,https://cdnbigbuy.com/images/4026631057769_M0511880_P00.jpg,https://cdnbigbuy.com/images/4026631057769_I50.jpg,https://cdnbigbuy.com/images/4026631057769_I60.jpg,https://cdnbigbuy.com/images/4026631057769_I90.jpg,173.69,4,NEW,34.5,24.5,44.5,6.2,37613.62,EUR,2,8,3
S3721327,8033280392291,sk-SK,Gardening & DIY,Pánska mikina bez kapucne Sparco Martini Racing Námornícka modrá,"Ak rozmýšľate nad obnovením vášho šatníka, nakúpte <b>Pánska mikina bez kapucne Sparco Martini Racing Námornícka modrá</b> ďalšie <b>produkty Sparco</","Ak rozmýšľate nad obnovením vášho šatníka, nakúpte <b>Pánska mikina bez kapucne Sparco Martini Racing Námornícka modrá</b> ďalšie <b>produkty Sparco</b>! Najlepšia kvalita za najlepšiu cenu je už na dosah!<br><br><ul><li>Farba: Námornícka modrá</li><li>Veľkosť: XL</li><li>Typ: Mikiny</li><li>Vlastnosti: <ul><li>Zapínanie na zips</li><li>Možno prať v práčke</li></ul></li><li>Zloženie: 100% bavlna</li><li>Gramáž: 300 g/m²</li><li>Pohlavie: Unisex dospelí</li></ul>",Pop Pulse Emporium,https://cdnbigbuy.com/images/8033280392291_S3721327_P01.jpg,https://cdnbigbuy.com/images/21037_mandatory-motor1.jpg,,,130.34,8,NEW,10.0,10.0,5.0,1.0,500.0,EUR,2,8,3
S0361538,9009654483543,sk-SK,Gardening & DIY,Dámsky náramok Karl Lagerfeld 5448354 20 cm,"Predstavuje sa vám <b>Dámsky náramok Karl Lagerfeld 5448354 20 cm</b> a široký výber prstienkov, náramkov, náhrdelníkov, náušníc za skvelú cenu. Získa","Predstavuje sa vám <b>Dámsky náramok Karl Lagerfeld 5448354 20 cm</b> a široký výber prstienkov, náramkov, náhrdelníkov, náušníc za skvelú cenu. Získajte podrobné informácie o exkluzívnych elegantných šperkoch a bižutérii v rôznych štýloch, z ktorých si vyberie každý.<br><br><ul><li>Typ: <ul><li>Náramok</li><li>Dámsky náramok</li></ul></li><li>Pohlavie: Dáma</li><li>Farba: Sivá</li><li>Materiál: Nerezová oceľ</li><li>Obsahuje: K produktu dostanete originálnu krabičku</li><li>Približné rozmery: 2",Pop Pulse Emporium,https://cdnbigbuy.com/images/9009654483543_S0361538_P03.jpg,,,,107.43,2,NEW,10.0,10.0,10.0,0.3,1000.0,EUR,2,8,3
S71016733,0074451169685,sk-SK,Gardening & DIY,Lehátko pre bábätko Ingenuity,"Ak hľadáte nové trendy na trhu, predstavujeme <b>Lehátko pre bábätko Ingenuity</b>!","Ak hľadáte nové trendy na trhu, predstavujeme <b>Lehátko pre bábätko Ingenuity</b>!",Pop Pulse Emporium,https://cdnbigbuy.com/images/0074451169685_S71016733_P00.jpg,https://cdnbigbuy.com/images/0074451169685_S71016733_P10.jpg,https://cdnbigbuy.com/images/0074451169685_S71016733_P20.jpg,https://cdnbigbuy.com/images/0074451169685_S71016733_P30.jpg,154.58,2,NEW,53.0,40.46,11.0,5.8,23588.18,EUR,2,8,3
S91115865,5702017583501,sk-SK,Gardening & DIY,Stavebná hra Lego 10334,"Ak hľadáte nové trendy na trhu, predstavujeme <b>Stavebná hra Lego 10334</b>!<br><br><ul><li>Odporúčaný vek: + 18 rokov</li><li>Obsahuje: Návod na mon","Ak hľadáte nové trendy na trhu, predstavujeme <b>Stavebná hra Lego 10334</b>!<br><br><ul><li>Odporúčaný vek: + 18 rokov</li><li>Obsahuje: Návod na montáž</li></ul>",Pop Pulse Emporium,https://cdnbigbuy.com/images/5702017583501_S91115865_P00.jpg,https://cdnbigbuy.com/images/5702017583501_S91115865_P40.jpg,https://cdnbigbuy.com/images/5702017583501_S91115865_P50.jpg,https://cdnbigbuy.com/images/5702017583501_S91115865_P60.jpg,138.85,2,NEW,26.0,10.0,38.0,1.35,9880.0,EUR,2,8,3
S8421123,4977766673402,sk-SK,Gardening & DIY,Montáž tesnenia Brother (6 kusov),Tillbaka till kontoret utan att ha glömt en enda pryl! Köp <b>Montáž tesnenia Brother (6 kusov)</b> och låt dina kollegor avundas dig!<br><br><ul><li>,Tillbaka till kontoret utan att ha glömt en enda pryl! Köp <b>Montáž tesnenia Brother (6 kusov)</b> och låt dina kollegor avundas dig!<br><br><ul><li>Farba: Modrá</li><li>Kusov: 6 kusov</li></ul>,Pop Pulse Emporium,https://cdnbigbuy.com/images/S8421123_P00.jpg,https://cdnbigbuy.com/images/4977766673402_R00.jpg,,,106.41,2,NEW,7.8,7.8,8.0,0.11,486.72,EUR,2,8,3
S3061465,8424002210304,sk-SK,Gardening & DIY,Stojaca lampa Home ESPRIT Béžová Zlatá,"Ak hľadáte nové trendy na trhu, predstavujeme <b>Stojaca lampa Home ESPRIT Béžová Zlatá</b>!<br><br><ul><li>Typ: Stojaca lampa</li><li>Zásuvný produkt","Ak hľadáte nové trendy na trhu, predstavujeme <b>Stojaca lampa Home ESPRIT Béžová Zlatá</b>!<br><br><ul><li>Typ: Stojaca lampa</li><li>Zásuvný produkt: áno</li><li>Farba: <ul><li>Béžová</li><li>Zlatá</li></ul></li><li>Materiál: Železo</li><li>Design: Moderný</li><li>Zloženie: Ľan</li><li>Nezahŕňa: Žiarovka</li></ul>",Pop Pulse Emporium,https://cdnbigbuy.com/images/8424002210304_S3061465_P00.jpg,,,,150.08,10,NEW,33.33,32.35,41.05,6.6,44261.16,EUR,2,8,3
S5630927,8716309129114,sk-SK,Gardening & DIY,HDMI Kábel GEMBIRD CCAP-HDMIDD-AOC-30M Čierna 30 m,"Ak sú <b>počítače a elektronika</b> vašou vášňou a máte radi aktualizácie z oblasti technológie, a neuniknú vám ani najmenšie detajly, zakúpte <b>HDMI","Ak sú <b>počítače a elektronika</b> vašou vášňou a máte radi aktualizácie z oblasti technológie, a neuniknú vám ani najmenšie detajly, zakúpte <b>HDMI Kábel GEMBIRD CCAP-HDMIDD-AOC-30M Čierna 30 m</b> za neporaziteľnú cenu.<br><br><ul><li>Typ: Koncovka Samec</li><li>Farba: Čierna</li><li>Materiál: Zlato</li><li>Pripojenie: <ul><li>HDMI 2.0</li><li>HDCP</li></ul></li><li>Dĺžka kábla: 30 m</li><li>Vlastnosti: Plug and play</li><li>Technológia: HDR</li><li>Podporované režimy videa: 2160p</li><li>Fo",Pop Pulse Emporium,https://cdnbigbuy.com/images/8716309129114_S5630927_P00.jpg,,,,104.05,2,NEW,19.72,18.63,13.6,0.37,4996.42,EUR,2,8,3
S7175587,4018653992692,sk-SK,Gardening & DIY,Bezpečnostná sieť Kerbl 25 m Sliepka,"Ak hľadáte nové trendy na trhu, predstavujeme <b>Bezpečnostná sieť Kerbl 25 m Sliepka</b>!<br><br><ul><li>Typ: Bezpečnostná sieť</li><li>Vysoký: 106 c","Ak hľadáte nové trendy na trhu, predstavujeme <b>Bezpečnostná sieť Kerbl 25 m Sliepka</b>!<br><br><ul><li>Typ: Bezpečnostná sieť</li><li>Vysoký: 106 cm</li><li>Približné rozmery: 25 m</li><li>Pet: Sliepka</li></ul>",Pop Pulse Emporium,https://cdnbigbuy.com/images/4018653992692_S7175587_P11.jpg,https://cdnbigbuy.com/images/4018653992692_S7175587_P01.jpg,https://cdnbigbuy.com/images/4018653992692_S7175587_P51.jpg,,137.24,5,NEW,121.0,18.0,16.0,5.3,34848.0,EUR,2,8,3
S37115593,5998167750423,sk-SK,Gardening & DIY,Opierka na lakte Armster RENAULT CLIO 2019 Koženka,Vybavte svoje vozidlo najnovšími výrobkami! Kúpte si <b>Opierka na lakte Armster RENAULT CLIO 2019 Koženka</b> a nenechajte si ujsť žiadne detaily!<br,"Vybavte svoje vozidlo najnovšími výrobkami! Kúpte si <b>Opierka na lakte Armster RENAULT CLIO 2019 Koženka</b> a nenechajte si ujsť žiadne detaily!<br><br><p><b>Stredový lakťový opierka Armster 3</b> navrhnutá špeciálne pre <b>Renault Clio 2019</b> ponúka ergonomické a funkčné riešenie na zvýšenie pohodlia za volantom. Táto <b>lakťová opierka</b> sa jednoducho inštaluje na stredovú konzolu pomocou exkluzívneho adaptéra pre tento model, čím zabezpečuje <b>prispôsobené uchytenie</b> ideálne pre po",Pop Pulse Emporium,https://cdnbigbuy.com/images/5998167750423_S37115593_P00.jpg,https://cdnbigbuy.com/images/5998167750423_S37115593_P40.jpg,https://cdnbigbuy.com/images/5998167750423_S37115593_P50.jpg,https://cdnbigbuy.com/images/5998167750423_S37115593_P60.jpg,127.29,1,NEW,35.0,25.0,25.0,8.0,21875.0,EUR,2,8,3
S0389280,0091661527159,sk-SK,Gardening & DIY,Dámske hodinky Guess GW0410L4 (Ø 36 mm),"Ak hľadáte nové trendy na trhu, predstavujeme <b>Dámske hodinky Guess GW0410L4 (Ø 36 mm)</b>!<br><br><ul><li>Pohlavie: Dáma</li><li>Extra články reťaz","Ak hľadáte nové trendy na trhu, predstavujeme <b>Dámske hodinky Guess GW0410L4 (Ø 36 mm)</b>!<br><br><ul><li>Pohlavie: Dáma</li><li>Extra články reťaze: Č.</li><li>Druh hodiniek: Náramkové hodinky</li><li>Materiál náramku: Nerezová oceľ</li><li>Materiál puzdra hodiniek: Nerezová oceľ</li><li>Typ pohybu: Kremeň</li><li>Sklo: Minerál</li><li>Vodeodolnosť: 5 atm</li><li>Obsahuje: Zahŕňa puzdro alebo obal značky</li><li>Typ zapínania: Tlakové</li><li>Farba cilindra: Purpurová</li><li>Farba puzdra ho",Pop Pulse Emporium,https://cdnbigbuy.com/images/0091661527159_S7273694_P00.jpg,https://cdnbigbuy.com/images/0091661527159_S7273694_P20.jpg,https://cdnbigbuy.com/images/85639_mandatory-watch0.jpg,https://cdnbigbuy.com/images/0091661527159_S0389280_P00.jpg,113.04,1,NEW,32.0,19.0,10.0,0.4,6080.0,EUR,2,8,3
S3714168,8024055179360,sk-SK,Gardening & DIY,Pneumatika na auto MOMO T-004-BLKN ET37,Vybavte svoje vozidlo najnovšími výrobkami! Kúpte si <b>Pneumatika na auto MOMO T-004-BLKN ET37</b> a nenechajte si ujsť žiadne detaily!<br><br><ul><l,"Vybavte svoje vozidlo najnovšími výrobkami! Kúpte si <b>Pneumatika na auto MOMO T-004-BLKN ET37</b> a nenechajte si ujsť žiadne detaily!<br><br><ul><li>Hĺbka pneumatiky (ET): ET37</li><li>Veľkosť priechodky (CB): CB 72,3</li><li>Približný priemer: 16""</li><li>Šírka: <ul><li>7,0 x 16""</li><li>70 cm</li><li>70</li></ul></li><li>Kotva na pneumatiku (PCD): PCD 5x114</li><li>Materiál: Aluminium</li><li>Hmotnosť: 8 kg</li><li>Veľkosť: 16""</li><li>Konečná: Aluminium</li></ul>",Pop Pulse Emporium,https://cdnbigbuy.com/images/8024055179360_S3714168_P01.jpg,,,,191.32,1,NEW,55.0,55.0,35.0,12.0,105875.0,EUR,2,8,3
S0378634,7613272450645,sk-SK,Gardening & DIY,Dámske hodinky Tommy Hilfiger (Ø 38 mm),"Ak sledujete trendy v oblasti módy a doplnkov, nakupujte <b>Dámske hodinky Tommy Hilfiger (Ø 38 mm)</b> za najlepšie ceny.<br><br><ul><li>Pohlavie: Dá","Ak sledujete trendy v oblasti módy a doplnkov, nakupujte <b>Dámske hodinky Tommy Hilfiger (Ø 38 mm)</b> za najlepšie ceny.<br><br><ul><li>Pohlavie: Dáma</li><li>Extra články reťaze: Č.</li><li>Druh hodiniek: Náramkové hodinky</li><li>Materiál náramku: Nerezová oceľ</li><li>Materiál puzdra hodiniek: Nerezová oceľ</li><li>Typ pohybu: Kremeň</li><li>Sklo: Minerál</li><li>Obsahuje: K produktu dostanete originálnu krabičku</li><li>Typ zapínania: Tlakové</li><li>Farba cilindra: Biela</li><li>Farba puz",Pop Pulse Emporium,https://cdnbigbuy.com/images/7613272450645_S0378634_P01.jpg,https://cdnbigbuy.com/images/74993_mandatory-watch1.jpg,,,128.01,2,NEW,32.0,19.0,10.0,0.4,6080.0,EUR,2,8,3
S72112354,8050506113669,sk-SK,Gardening & DIY,Pánsky náramok Talent Jewels TJA-2-03-02-1-215 Striebristý,"Predstavuje sa vám <b>Pánsky náramok Talent Jewels TJA-2-03-02-1-215 Striebristý</b> a široký výber prstienkov, náramkov, náhrdelníkov, náušníc za skv","Predstavuje sa vám <b>Pánsky náramok Talent Jewels TJA-2-03-02-1-215 Striebristý</b> a široký výber prstienkov, náramkov, náhrdelníkov, náušníc za skvelú cenu. Získajte podrobné informácie o exkluzívnych elegantných šperkoch a bižutérii v rôznych štýloch, z ktorých si vyberie každý.<br><br><ul><li>Typ: Náramok</li><li>Pohlavie: Muž</li><li>Farba: Striebristý</li></ul>",Pop Pulse Emporium,https://cdnbigbuy.com/images/8050506113669_S72112354_P00.jpg,,,,123.12,5,NEW,10.0,10.0,10.0,0.3,1000.0,EUR,2,8,3
S0391216,0194900082171,sk-SK,Gardening & DIY,Taška do ruky Michael Kors Jet Set Travel,"Ak hľadáte nové trendy na trhu, predstavujeme <b>Taška do ruky Michael Kors Jet Set Travel</b>!<br><br><ul><li>Typ: Taška</li><li>Pohlavie: Dáma</li><","Ak hľadáte nové trendy na trhu, predstavujeme <b>Taška do ruky Michael Kors Jet Set Travel</b>!<br><br><ul><li>Typ: Taška</li><li>Pohlavie: Dáma</li><li>Farba: Modrá</li><li>Materiál: Plátno</li><li>Typ zapínania: Zips</li><li>Obsahuje: Zahŕňa puzdro alebo obal značky</li><li>Približné rozmery: 42 x 30 x 15 cm</li></ul>",Pop Pulse Emporium,https://cdnbigbuy.com/images/S0391216_1749553045-remove-background0.jpg,https://cdnbigbuy.com/images/0194900082171_S0391216_P20.jpg,https://cdnbigbuy.com/images/0194900082171_S0391216_P00.jpg,https://cdnbigbuy.com/images/0194900082171_S0391216_P10.jpg,165.45,8,NEW,10.0,10.0,10.0,0.3,1000.0,EUR,2,8,3
S55168712,4025112091902,sk-SK,Gardening & DIY,Klávesnica a bezdrôtová myš Cherry JD-9500ES-2 Sivá Španielčina Španielska Qwerty,"Ak sú <b>počítače a elektronika</b> vašou vášňou a máte radi aktualizácie z oblasti technológie, a neuniknú vám ani najmenšie detajly, zakúpte <b>Kláv","Ak sú <b>počítače a elektronika</b> vašou vášňou a máte radi aktualizácie z oblasti technológie, a neuniknú vám ani najmenšie detajly, zakúpte <b>Klávesnica a bezdrôtová myš Cherry JD-9500ES-2 Sivá Španielčina Španielska Qwerty</b> za neporaziteľnú cenu.<br><br><ul><li>Typ: <ul><li>Klávesnica a myš</li><li>Klávesnica a bezdrôtová myš</li><li>Bezdrôtový</li><li>Univerzálny</li><li>Numerická klávesnica</li></ul></li><li>Klávesnica: <ul><li>Španielska Qwerty</li><li>QWERTY</li></ul></li><li>Vlastno",Pop Pulse Emporium,https://cdnbigbuy.com/images/684956252.jpg,https://cdnbigbuy.com/images/684973502.jpg,https://cdnbigbuy.com/images/684974502.jpg,,181.51,50,NEW,50.3,20.22,10.46,0.91,10638.51,EUR,2,8,3
S7185035,4059433572680,sk-SK,Gardening & DIY,Playset Schleich Adventure tree house 28 Kusy,"Pre naše deti chceme len to najlepšie, a preto by sme Vám chceli predstaviť <b>Playset Schleich Adventure tree house 28 Kusy</b>, perfektný pre všetký","Pre naše deti chceme len to najlepšie, a preto by sme Vám chceli predstaviť <b>Playset Schleich Adventure tree house 28 Kusy</b>, perfektný pre všetkých, ktorí hľadajú kvalitatívne vysokohodnotný produkt pre najmenších. Nakúpte <b>Schleich</b> za tie najlepšie ceny!<br><br><ul><li>Obsahuje: Doplnky</li><li>Farba: Viacfarebná</li><li>Materiál: Plastické</li><li>Balného: original (sin abrir)</li><li>Odporúčaný vek: <ul><li>+ 3 rokov</li><li>Chlapci</li><li>Detské</li></ul></li><li>Počet kusov: 28 ",Pop Pulse Emporium,https://cdnbigbuy.com/images/4059433572680_S7185035_P01.jpg,,,,104.21,5,NEW,34.6,39.6,10.0,1.45,13701.6,EUR,2,8,3
S72105212,8430622829727,sk-SK,Gardening & DIY,Pánske hodinky Lotus 18980/1,"Ak sledujete trendy v oblasti módy a doplnkov, nakupujte <b>Pánske hodinky Lotus 18980/1</b> za najlepšie ceny.<br><br><ul><li>Pohlavie: Muž</li><li>E","Ak sledujete trendy v oblasti módy a doplnkov, nakupujte <b>Pánske hodinky Lotus 18980/1</b> za najlepšie ceny.<br><br><ul><li>Pohlavie: Muž</li><li>Extra články reťaze: Č.</li><li>Druh hodiniek: Náramkové hodinky</li></ul>",Pop Pulse Emporium,https://cdnbigbuy.com/images/8430622829727_R00.jpg,https://cdnbigbuy.com/images/8430622829727_R10.jpg,https://cdnbigbuy.com/images/8430622829727_R20.jpg,https://cdnbigbuy.com/images/104224_mandatory-watch0.jpg,136.43,50,NEW,14.15,12.43,10.11,0.3,1778.19,EUR,2,8,3
S0389521,0197853285569,sk-SK,Gardening & DIY,Taška na plece Michael Kors 35T4STVC5L-DRAGONFRUIT Ružová 22 x 20 x 7 cm,"Ak hľadáte nové trendy na trhu, predstavujeme <b>Taška na plece Michael Kors 35T4STVC5L-DRAGONFRUIT Ružová 22 x 20 x 7 cm</b>!<br><br><ul><li>Typ: Taš","Ak hľadáte nové trendy na trhu, predstavujeme <b>Taška na plece Michael Kors 35T4STVC5L-DRAGONFRUIT Ružová 22 x 20 x 7 cm</b>!<br><br><ul><li>Typ: Taška na plece</li><li>Farba: Ružová</li><li>Materiál: Plátno</li><li>Typ zapínania: Zips</li><li>Obsahuje: Zahŕňa puzdro alebo obal značky</li><li>Približné rozmery: 22 x 20 x 7 cm</li></ul>",Pop Pulse Emporium,https://cdnbigbuy.com/images/0197853285569_S0389521_P00.jpg,https://cdnbigbuy.com/images/0197853285569_S0389521_P10.jpg,https://cdnbigbuy.com/images/0197853285569_S0389521_P20.jpg,,174.71,10,NEW,10.0,10.0,10.0,0.3,1000.0,EUR,2,8,3
S7164789,3507460146752,sk-SK,Gardening & DIY,Detská postieľka Nania Dodi Sivá 5 Polohy,"Pre naše deti chceme len to najlepšie, a preto by sme Vám chceli predstaviť <b>Detská postieľka Nania Dodi Sivá 5 Polohy</b>, perfektný pre všetkých, ","Pre naše deti chceme len to najlepšie, a preto by sme Vám chceli predstaviť <b>Detská postieľka Nania Dodi Sivá 5 Polohy</b>, perfektný pre všetkých, ktorí hľadajú kvalitatívne vysokohodnotný produkt pre najmenších. Nakúpte <b>Nania</b> a ďalšie značky a licencie za tie najlepšie ceny!<br><br><ul><li>Farba: Sivá</li><li>Vlastnosti: <ul><li>5 Polohy</li><li>Nastaviteľný</li></ul></li><li>Odporúčaný vek: 0–6 mesiacov</li><li>Zloženie: Polyester</li></ul>",Pop Pulse Emporium,https://cdnbigbuy.com/images/3507460146752_S7164789_P03.jpg,https://cdnbigbuy.com/images/3507460146752_S7164789_P13.jpg,,,134.42,25,NEW,83.5,47.5,13.0,8.3,51561.25,EUR,2,8,3
S3058571,8424002176594,sk-SK,Gardening & DIY,"Stropné svetlo Home ESPRIT Prírodná Juta Kov 50 W 50,5 x 50,5 x 148 cm","<p>Ak chcete vášmu domovu dodať kúsok originality, môžete tak urobiť s <b>Stropné svetlo Home ESPRIT Prírodná Juta Kov 50 W 50,5 x 50,5 x 148 cm</b>.<","<p>Ak chcete vášmu domovu dodať kúsok originality, môžete tak urobiť s <b>Stropné svetlo Home ESPRIT Prírodná Juta Kov 50 W 50,5 x 50,5 x 148 cm</b>.</p><br><br><ul><li>Typ: Stropné svetlo</li><li>Farba: Prírodná</li><li>Materiál: <ul><li>Juta</li><li>Kov</li></ul></li><li>Príkon: 50 W</li><li>Design: Strapce</li><li>Pätica: E27</li><li>Napätie: 220 V</li><li>Nezahŕňa: Žiarovka</li><li>Približné rozmery: 50,5 x 50,5 x 148 cm</li></ul>",Pop Pulse Emporium,https://cdnbigbuy.com/images/8424002176594_S3058571_P00.jpg,https://cdnbigbuy.com/images/8424002176594_S3058571_P10.jpg,https://cdnbigbuy.com/images/8424002176594_S3058571_P20.jpg,,130.2,50,NEW,52.0,53.0,19.0,3.77,52364.0,EUR,2,8,3
S8906502,6941057429076,sk-SK,Gardening & DIY,Čistička bazéna Intex,"Ak hľadáte nové trendy na trhu, predstavujeme <b>Čistička bazéna Intex</b>!<br><br><ul><li>Materiál: <ul><li>PVC</li><li>Guma</li><li>Polyetylén</li><","Ak hľadáte nové trendy na trhu, predstavujeme <b>Čistička bazéna Intex</b>!<br><br><ul><li>Materiál: <ul><li>PVC</li><li>Guma</li><li>Polyetylén</li><li>Polypropylén</li></ul></li><li>Obsahuje: Doplnky</li><li>Približný priemer: Ø 38 mm</li><li>Filtračný objem: 9463 L/H</li><li>Približné rozmery: 42 x 39 x 29 cm</li></ul>",Pop Pulse Emporium,https://cdnbigbuy.com/images/6941057429076_S8906502_P00.jpg,https://cdnbigbuy.com/images/6941057429076_S8906502_P10.jpg,https://cdnbigbuy.com/images/6941057429076_S8906502_P20.jpg,https://cdnbigbuy.com/images/6941057429076_S8906502_P30.jpg,153.9,10,NEW,38.0,54.0,46.0,13.0,94392.0,EUR,2,8,3
S55125987,0065030891752,sk-SK,Gardening & DIY,USB rozbočovač Startech DKT30CHVPD2         ,"Ak sú <b>počítače a elektronika</b> vašou vášňou a máte radi aktualizácie z oblasti technológie, a neuniknú vám ani najmenšie detajly, zakúpte <b>USB ","Ak sú <b>počítače a elektronika</b> vašou vášňou a máte radi aktualizácie z oblasti technológie, a neuniknú vám ani najmenšie detajly, zakúpte <b>USB rozbočovač Startech DKT30CHVPD2         </b> za neporaziteľnú cenu.<br><br><ul><li>Pripojenie: <ul><li>RJ45</li><li>USB-A 3.2</li><li>HDMI</li><li>USB-C</li><li>VGA</li><li>USB x 2</li><li>VGA D-sub</li><li>USB-C x 1</li><li>USB 3.2</li><li>USB-C 3.2 Gen 1 (3.1 Gen 1)</li><li>USB x 3</li></ul></li><li>Typ: USB rozbočovač</li><li>Porty: 6</li><li>Fa",Pop Pulse Emporium,https://cdnbigbuy.com/images/548928962.jpg,,,,112.78,5,NEW,17.0,14.0,3.0,0.14,714.0,EUR,2,8,3
S5633494,5901969449372,sk-SK,Gardening & DIY,Tekutá chladiaca súprava Genesis NLG-2320,"Ak sú <b>počítače a elektronika</b> vašou vášňou a máte radi aktualizácie z oblasti technológie, a neuniknú vám ani najmenšie detajly, zakúpte <b>Teku","Ak sú <b>počítače a elektronika</b> vašou vášňou a máte radi aktualizácie z oblasti technológie, a neuniknú vám ani najmenšie detajly, zakúpte <b>Tekutá chladiaca súprava Genesis NLG-2320</b> za neporaziteľnú cenu.<br><br><ul><li>Typ: Tekutá chladiaca súprava</li><li>Farba: Čierna</li></ul>",Pop Pulse Emporium,https://cdnbigbuy.com/images/5901969449372_S5633494_P00.jpg,https://cdnbigbuy.com/images/5901969449372_S5633494_P90.jpg,https://cdnbigbuy.com/images/5901969449372_S5633494_P50.jpg,https://cdnbigbuy.com/images/5901969449372_S5633494_P20.jpg,135.28,2,NEW,47.0,14.0,22.0,2.08,14476.0,EUR,2,8,3
S71010580,0050743175060,sk-SK,Gardening & DIY,Chladnička hračka Little Tikes 651427E7C Interaktívny,"Pre naše deti chceme len to najlepšie, a preto by sme Vám chceli predstaviť <b>Chladnička hračka Little Tikes 651427E7C Interaktívny</b>, perfektný pr","Pre naše deti chceme len to najlepšie, a preto by sme Vám chceli predstaviť <b>Chladnička hračka Little Tikes 651427E7C Interaktívny</b>, perfektný pre všetkých, ktorí hľadajú kvalitatívne vysokohodnotný produkt pre najmenších. Nakúpte <b>Little Tikes</b> za tie najlepšie ceny!<br><br><ul><li>Manuál: Viacjazyčný</li><li>Jazyk packaging: Viacjazyčný</li><li>Vrátane batérií: áno</li><li>Typ batérie: AA</li><li>Odporúčaný vek: <ul><li>+ 2 rokov</li><li>+ 3 rokov</li></ul></li><li>Funguje na batérie",Pop Pulse Emporium,https://cdnbigbuy.com/images/0050743651427_S71010580_P00.jpg,https://cdnbigbuy.com/images/0050743651427_S71010580_P10.jpg,https://cdnbigbuy.com/images/0050743651427_S71010580_P50.jpg,https://cdnbigbuy.com/images/0050743651427_S71010580_P60.jpg,119.42,10,NEW,60.0,40.0,22.0,4.8,52800.0,EUR,2,8,3
S0390283,0886895604949,sk-SK,Gardening & DIY,Dámske slnečné okuliare Victoria Beckham VB239S-6309319 ø 63 mm,"Ak hľadáte nové trendy na trhu, predstavujeme <b>Dámske slnečné okuliare Victoria Beckham VB239S-6309319 ø 63 mm</b>!<br><br><ul><li>Typ: Dámske slneč","Ak hľadáte nové trendy na trhu, predstavujeme <b>Dámske slnečné okuliare Victoria Beckham VB239S-6309319 ø 63 mm</b>!<br><br><ul><li>Typ: Dámske slnečné okuliare</li><li>Pohlavie: Dáma</li><li>Ochrana: 100% ochrana proti UV žiareniu (UV400)</li><li>Materiál šošovky: Polykarbonát</li><li>Farba: <ul><li>Modrá</li><li>zelená</li></ul></li><li>Materiál: Kov</li><li>Obsahuje: Zahŕňa puzdro alebo obal značky</li><li>Most: 9 mm</li><li>Stranice: 140 mm</li><li>Solárny filter: Kategória 2</li><li>Šošovk",Pop Pulse Emporium,https://cdnbigbuy.com/images/0886895604949_S0390283_P00.jpg,https://cdnbigbuy.com/images/0886895604949_S0390283_P10.jpg,https://cdnbigbuy.com/images/0886895604949_S0390283_P20.jpg,,109.3,5,NEW,10.0,10.0,10.0,0.3,1000.0,EUR,2,8,3
S71002078,5060508072416,sk-SK,Gardening & DIY,Bezdrôtový SoundBar Majority Snowdon,"Ak sú <b>počítače a elektronika</b> vašou vášňou a máte radi aktualizácie z oblasti technológie, a neuniknú vám ani najmenšie detajly, zakúpte <b>Bezd","Ak sú <b>počítače a elektronika</b> vašou vášňou a máte radi aktualizácie z oblasti technológie, a neuniknú vám ani najmenšie detajly, zakúpte <b>Bezdrôtový SoundBar Majority Snowdon</b> za neporaziteľnú cenu.<br><br><ul><li>Typ: <ul><li>Bezdrôtový SoundBar</li><li>Reprosústavy</li></ul></li><li>Pripojenie: Bluetooth</li><li>Príkon: 120 W</li></ul>",Pop Pulse Emporium,https://cdnbigbuy.com/images/5060508072416_S71002078_P00.jpg,https://cdnbigbuy.com/images/5060508072416_S71002078_P10.jpg,https://cdnbigbuy.com/images/5060508072416_S71002078_P20.jpg,https://cdnbigbuy.com/images/5060508072416_S71002078_P30.jpg,104.17,23,NEW,90.0,13.3,13.1,2.32,15680.7,EUR,2,8,3
S91105867,4771317456649,sk-SK,Gardening & DIY,Krmivo NATURE'S PROTECTION Superior Care White Dogs Baránok 10 kg,"Ak hľadáte nové trendy na trhu, predstavujeme <b>Krmivo NATURE'S PROTECTION Superior Care White Dogs Baránok 10 kg</b>!<br><br><ul><li>Typ: Krmivo</li","Ak hľadáte nové trendy na trhu, predstavujeme <b>Krmivo NATURE'S PROTECTION Superior Care White Dogs Baránok 10 kg</b>!<br><br><ul><li>Typ: Krmivo</li><li>Tvar: Pevný</li><li>Príchuť: Baránok</li><li>Dôležité informácie: <ul><li>Bezlepkový</li><li>Bez cukru</li><li>Bez sóje</li></ul></li><li>Vlastnosti: Pomoc pre trávenie</li><li>Odporúčané použitie: <ul><li>Domáci miláčik s potravinovou alergiou alebo intoleranciou</li><li>Domáci miláčik so zdravotnými problémami kože</li><li>Domáci miláčik so ",Pop Pulse Emporium,https://cdnbigbuy.com/images/4771317456649_S91105867_P00.jpg,,,,118.16,5,NEW,11.1,37.8,56.2,10.12,23580.4,EUR,2,8,3
S37115734,5998167710670,sk-SK,Gardening & DIY,Opierka na lakte Armster PEUGEOT 208 2020 Koženka,Vybavte svoje vozidlo najnovšími výrobkami! Kúpte si <b>Opierka na lakte Armster PEUGEOT 208 2020 Koženka</b> a nenechajte si ujsť žiadne detaily!<br>,"Vybavte svoje vozidlo najnovšími výrobkami! Kúpte si <b>Opierka na lakte Armster PEUGEOT 208 2020 Koženka</b> a nenechajte si ujsť žiadne detaily!<br><br><p><b>Opierka na lakte Armster 2</b> pre <b>PEUGEOT 208 2020</b> je príslušenstvo navrhnuté špeciálne na maximálne pohodlie a funkčnosť vo vnútri vozidla. Ide o <b>centrálnu opierku na lakte</b> v <b>čiernej</b> farbe, ktorú je možné jednoducho namontovať na stredovú konzolu vďaka špecifickému adaptéru, ktorý zabezpečuje dokonalé prispôsobenie ",Pop Pulse Emporium,https://cdnbigbuy.com/images/5998167710670_S37115734_P00.jpg,https://cdnbigbuy.com/images/5998167710670_S37115734_P60.jpg,https://cdnbigbuy.com/images/5998167710670_S37115734_P10.jpg,https://cdnbigbuy.com/images/5998167710670_S37115734_P20.jpg,142.39,2,NEW,35.0,25.0,25.0,8.0,21875.0,EUR,2,8,3
S0389800,0197853282100,sk-SK,Gardening & DIY,Taška na plece Michael Kors BRADSHAW Čierna 20 x 12 x 8 cm,"Ak hľadáte nové trendy na trhu, predstavujeme <b>Taška na plece Michael Kors BRADSHAW Čierna 20 x 12 x 8 cm</b>!<br><br><ul><li>Typ: <ul><li>Taška</li","Ak hľadáte nové trendy na trhu, predstavujeme <b>Taška na plece Michael Kors BRADSHAW Čierna 20 x 12 x 8 cm</b>!<br><br><ul><li>Typ: <ul><li>Taška</li><li>Taška na plece</li></ul></li><li>Pohlavie: Dáma</li><li>Farba: Čierna</li><li>Materiál: Plátno</li><li>Typ zapínania: click</li><li>Obsahuje: Zahŕňa puzdro alebo obal značky</li><li>Približné rozmery: 20 x 12 x 8 cm</li></ul>",Pop Pulse Emporium,https://cdnbigbuy.com/images/0197853282100_S0389800_P00.jpg,https://cdnbigbuy.com/images/0197853282100_S0389800_P10.jpg,https://cdnbigbuy.com/images/0197853282100_S0389800_P20.jpg,,174.71,25,NEW,10.0,10.0,10.0,0.3,1000.0,EUR,2,8,3
S0388883,0196237633538,sk-SK,Gardening & DIY,Taška na plece Michael Kors Leida Čierna 33 X 30 X 12 CM,"Ak hľadáte nové trendy na trhu, predstavujeme <b>Taška na plece Michael Kors Leida Čierna 33 X 30 X 12 CM</b>!<br><br><ul><li>Typ: Taška</li><li>Pohla","Ak hľadáte nové trendy na trhu, predstavujeme <b>Taška na plece Michael Kors Leida Čierna 33 X 30 X 12 CM</b>!<br><br><ul><li>Typ: Taška</li><li>Pohlavie: Dáma</li><li>Farba: Čierna</li><li>Materiál: Plátno</li><li>Typ zapínania: Zips</li><li>Obsahuje: Zahŕňa puzdro alebo obal značky</li><li>Približné rozmery: 33 X 30 X 12 CM</li></ul>",Pop Pulse Emporium,https://cdnbigbuy.com/images/0196237633538_S0388883_P00.jpg,https://cdnbigbuy.com/images/0196237633538_S0388883_P10.jpg,https://cdnbigbuy.com/images/0196237633538_S0388883_P20.jpg,,198.75,4,NEW,12.0,33.0,22.0,0.4,8712.0,EUR,2,8,3
S7297111,0889214295699,sk-SK,Gardening & DIY,Dámske Rám na okuliare Max Mara MM5030 52052,"Ak rozmýšľate nad obnovením vášho šatníka, nakúpte <b>Dámske Rám na okuliare Max Mara MM5030 52052</b> ďalšie <b>produkty Max Mara</b>! Najlepšia kval","Ak rozmýšľate nad obnovením vášho šatníka, nakúpte <b>Dámske Rám na okuliare Max Mara MM5030 52052</b> ďalšie <b>produkty Max Mara</b>! Najlepšia kvalita za najlepšiu cenu je už na dosah!<br><br><ul><li>Vlastnosti: Nedioptrické sklo</li><li>Pohlavie: Dáma</li><li>Typ: Rám na okuliare</li></ul>",Pop Pulse Emporium,https://cdnbigbuy.com/images/0889214295699_S7297111_P00.jpg,https://cdnbigbuy.com/images/0889214295699_S7297111_P10.jpg,https://cdnbigbuy.com/images/0889214295699_S7297111_P20.jpg,,108.55,8,NEW,8.25,9.94,12.12,0.24,993.9,EUR,2,8,3
S8111190,8806095646756,sk-SK,Gardening & DIY,In - Ear Bluetooth slúchadlá Samsung BUDS 3 PRO Biela,"Ak hľadáte nové trendy na trhu, predstavujeme <b>In - Ear Bluetooth slúchadlá Samsung BUDS 3 PRO Biela</b>!<br><br><ul><li>Typ: <ul><li>Slúchadlá</li>","Ak hľadáte nové trendy na trhu, predstavujeme <b>In - Ear Bluetooth slúchadlá Samsung BUDS 3 PRO Biela</b>!<br><br><ul><li>Typ: <ul><li>Slúchadlá</li><li>Slúchadlá s mikrofónom</li><li>In - Ear slúchadlá</li></ul></li><li>Farba: Biela</li><li>Vlastnosti: <ul><li>Púzdro</li><li>Zníženie hluku</li><li>Zabudovaný mikrofón</li><li>Podsvietenie</li><li>Bezdrôtová nabíjačka</li></ul></li><li>Pripojenie: <ul><li>USB</li><li>USB-C</li><li>Bluetooth</li></ul></li><li>Druh slúchadiel: Interné slúchadlá do",Pop Pulse Emporium,https://cdnbigbuy.com/images/8806095646756_I00.jpg,,,,184.72,4,NEW,15.52,15.05,11.41,0.26,2665.1,EUR,2,8,3
S7286008,8057191137871,sk-SK,Gardening & DIY,Dámske hodinky Stroili 1685387,"Ak sledujete trendy v oblasti módy a doplnkov, nakupujte <b>Dámske hodinky Stroili 1685387</b> za najlepšie ceny.<br><br><ul><li>Pohlavie: Dáma</li><l","Ak sledujete trendy v oblasti módy a doplnkov, nakupujte <b>Dámske hodinky Stroili 1685387</b> za najlepšie ceny.<br><br><ul><li>Pohlavie: Dáma</li><li>Extra články reťaze: Č.</li><li>Druh hodiniek: Náramkové hodinky</li></ul>",Pop Pulse Emporium,https://cdnbigbuy.com/images/8057191137871_S7286008_P01.jpg,https://cdnbigbuy.com/images/85065_mandatory-watch1.jpg,,,128.66,1,NEW,39.0,19.0,10.0,0.4,7410.0,EUR,2,8,3
S91118705,0810036058155,sk-SK,Gardening & DIY,Sada darčeky Therabody TB02784-01,"Ak hľadáte nové trendy na trhu, predstavujeme <b>Sada darčeky Therabody TB02784-01</b>!<br><br><ul><li>Typ: Sada darčeky</li></ul>","Ak hľadáte nové trendy na trhu, predstavujeme <b>Sada darčeky Therabody TB02784-01</b>!<br><br><ul><li>Typ: Sada darčeky</li></ul>",Pop Pulse Emporium,https://cdnbigbuy.com/images/0810036058155_S91118705_P00.jpg,https://cdnbigbuy.com/images/0810036058155_S91118705_P10.jpg,https://cdnbigbuy.com/images/0810036058155_S91118705_P20.jpg,,177.14,5,NEW,17.0,5.0,25.0,0.5,2125.0,EUR,2,8,3
S7102662,3023191493298,sk-SK,Gardening & DIY,Vaňa ThermoBaby Vasco Sivá Dieťa,"Pre naše deti chceme len to najlepšie, apreto by sme Vám chceli predstaviť <b>Vaňa ThermoBaby Vasco Sivá Dieťa</b>, perfektný pre všetkých, ktorí hľad","Pre naše deti chceme len to najlepšie, apreto by sme Vám chceli predstaviť <b>Vaňa ThermoBaby Vasco Sivá Dieťa</b>, perfektný pre všetkých, ktorí hľadajú kvalitatívne vysokohodnotný produkt pre najmenších. Nakúpte <b>ThermoBaby</b> aďalšie značky alicencie za tie najlepšie ceny!<br><ul><li>Typ: Vaňa</li><li>Vhodné pre: Dieťa</li><li>Materiál: ABS</li><li>Farba: Sivá</li></ul>",Pop Pulse Emporium,https://cdnbigbuy.com/images/3023191493298_S7102662_P03.jpg,https://cdnbigbuy.com/images/3023191493298_S7102662_P13.jpg,https://cdnbigbuy.com/images/3023191493298_S7102662_P33.jpg,https://cdnbigbuy.com/images/3023191493298_S7102662_P43.jpg,151.37,2,NEW,79.0,50.7,26.0,4.94,104137.8,EUR,2,8,3
S91116879,6930444801182,sk-SK,Gardening & DIY,Grafické tablety a perá Huion HS610,"Ak sú <b>počítače a elektronika</b> vašou vášňou a máte radi aktualizácie z oblasti technológie, a neuniknú vám ani najmenšie detajly, zakúpte <b>Graf","Ak sú <b>počítače a elektronika</b> vašou vášňou a máte radi aktualizácie z oblasti technológie, a neuniknú vám ani najmenšie detajly, zakúpte <b>Grafické tablety a perá Huion HS610</b> za neporaziteľnú cenu.<br><br><ul><li>Typ: Grafické tablety a perá</li><li>Farba: Čierna</li><li>Pripojenie: USB-C</li><li>Rozhodnutie: 5080 LPI</li><li>Obsahuje: <ul><li>Micro USB</li><li>Digitálne pero</li><li>Ceruzka</li></ul></li><li>Šírka: 35 cm</li></ul>",Pop Pulse Emporium,https://cdnbigbuy.com/images/6930444801182_S91116879_P00.jpg,https://cdnbigbuy.com/images/6930444801182_S91116879_P60.jpg,https://cdnbigbuy.com/images/6930444801182_S91116879_P70.jpg,https://cdnbigbuy.com/images/6930444801182_S91116879_P10.jpg,111.54,5,NEW,23.0,8.0,42.0,1.27,7728.0,EUR,2,8,3
S9124551,4710483931727,sk-SK,Gardening & DIY,Základná Doska ASRock B550M-ITX/ac AMD B550 AMD AM4,"Ak sú <b>počítače a elektronika</b> vašou vášňou a máte radi aktualizácie z oblasti technológie, a neuniknú vám ani najmenšie detajly, zakúpte <b>Zákl","Ak sú <b>počítače a elektronika</b> vašou vášňou a máte radi aktualizácie z oblasti technológie, a neuniknú vám ani najmenšie detajly, zakúpte <b>Základná Doska ASRock B550M-ITX/ac AMD B550 AMD AM4</b> za neporaziteľnú cenu.<br><br><ul><li>Kompatibilné: <ul><li>AMD Ryzen 9</li><li>AMD Ryzen 3</li><li>AMD Ryzen 5</li><li>AMD Ryzen 7</li><li>LED strips</li><li>HDCP</li><li>DDR4-SDRAM</li><li>PC</li></ul></li><li>Pripojenie: <ul><li>RJ45 x 1</li><li>USB 2.0 x 2</li><li>USB 3.2 x 3</li><li>8-pin</li",Pop Pulse Emporium,https://cdnbigbuy.com/images/4710483931727_S9124551_P01.jpg,https://cdnbigbuy.com/images/4710483931727_S9124551_P11.jpg,https://cdnbigbuy.com/images/4710483931727_S9124551_P21.jpg,https://cdnbigbuy.com/images/4710483931727_S9124551_P31.jpg,172.3,10,NEW,21.0,6.0,28.0,0.86,3528.0,EUR,2,8,3
S7923422,5907512605653,sk-SK,Gardening & DIY,Zavlažovací systém kvapkaním Cellfast Hydro,"Ak pri zariaďovaní vášho domova kladiete dôraz na všetky detaily a chcete byť priebežne informovaný o najnovších výrobkoch, ktoré vám uľahčia život, n","Ak pri zariaďovaní vášho domova kladiete dôraz na všetky detaily a chcete byť priebežne informovaný o najnovších výrobkoch, ktoré vám uľahčia život, nakupujte <b>Zavlažovací systém kvapkaním Cellfast Hydro</b> za tú najlepšiu cenu.<br><br><ul><li>Odporúčané použitie: Záhrada</li><li>Typ: <ul><li>Záhrada</li><li>Zavlažovací systém</li><li>Zavlažovací systém kvapkaním</li></ul></li><li>Približné rozmery: 16 mm x 50 m</li></ul>",Pop Pulse Emporium,https://cdnbigbuy.com/images/5907512605653_S7923422_P00.jpg,https://cdnbigbuy.com/images/5907512605653_R30.jpg,https://cdnbigbuy.com/images/5907512605653_R80.jpg,https://cdnbigbuy.com/images/5907512605653_S7923422_P20.jpg,106.95,8,NEW,35.0,35.0,5.0,3.47,6125.0,EUR,2,8,3
S7196869,6941057421896,sk-SK,Gardening & DIY,Systém chlórovania soli Intex,"Ak hľadáte nové trendy na trhu, predstavujeme <b>Systém chlórovania soli Intex</b>!<br><br><ul><li>Materiál: Plastické</li><li>Napätie: 220-240 V</li>","Ak hľadáte nové trendy na trhu, predstavujeme <b>Systém chlórovania soli Intex</b>!<br><br><ul><li>Materiál: Plastické</li><li>Napätie: 220-240 V</li><li>Zásuvný produkt: áno</li><li>Približné rozmery: 20,5 x 20 x 22 cm</li><li>Typ: Systém chlórovania soli</li><li>Dôležité informácie: Elektrický výrobok nekompatibilný so Spojeným kráľovstvom</li><li>Druh zástrčky: EU zástrčky</li><li>Jazyk: Francúzština</li></ul>",Pop Pulse Emporium,https://cdnbigbuy.com/images/6941057421896_S7196869_P00.jpg,,,,103.26,5,NEW,27.4,27.6,22.2,2.58,16788.53,EUR,2,8,3
S0389010,0091661529535,sk-SK,Gardening & DIY,Dámske hodinky Guess GW0483L2 (Ø 38 mm),"Ak sledujete trendy v oblasti módy a doplnkov, nakupujte <b>Dámske hodinky Guess GW0483L2 (Ø 38 mm)</b> za najlepšie ceny.<br><br><ul><li>Extra články","Ak sledujete trendy v oblasti módy a doplnkov, nakupujte <b>Dámske hodinky Guess GW0483L2 (Ø 38 mm)</b> za najlepšie ceny.<br><br><ul><li>Extra články reťaze: Č.</li><li>Druh hodiniek: Náramkové hodinky</li><li>Pohlavie: Dáma</li><li>Materiál náramku: Nerezová oceľ</li><li>Materiál puzdra hodiniek: Nerezová oceľ</li><li>Typ pohybu: Kremeň</li><li>Sklo: Minerál</li><li>Obsahuje: Zahŕňa puzdro alebo obal značky</li><li>Typ zapínania: Motýľ</li><li>Farba cilindra: Zlatá</li><li>Farba puzdra hodinie",Pop Pulse Emporium,https://cdnbigbuy.com/images/0091661529535_S0389010_P00.jpg,https://cdnbigbuy.com/images/0091661529535_S0389010_P10.jpg,https://cdnbigbuy.com/images/0091661529535_S0389010_P20.jpg,https://cdnbigbuy.com/images/85369_mandatory-watch0.jpg,122.4,10,NEW,32.0,19.0,10.0,0.4,6080.0,EUR,2,8,3
S5632471,8059019065731,sk-SK,Gardening & DIY,"Vzduchová fritéza Cecotec HAF5TWA 011 Čierna 2000 W 6,5 L","Ak hľadáte vhodné elektrospotrebiče za špičkové ceny, kúpte si domov <b> Vzduchová fritéza Cecotec HAF5TWA 011 Čierna 2000 W 6,5 L</b> a ďalšie kúsky ","Ak hľadáte vhodné elektrospotrebiče za špičkové ceny, kúpte si domov <b> Vzduchová fritéza Cecotec HAF5TWA 011 Čierna 2000 W 6,5 L</b> a ďalšie kúsky z širokého výberu kvalitných malých domácich elektrospotrebičov!<br><br><p><p>Fritéza na vzduch Cecotec HAF5TWA 011 je zariadenie navrhnuté na zdravé a efektívne varenie pomocou horúceho vzduchu namiesto veľkého množstva oleja. S výkonom 2000 W zabezpečuje rýchle zahriatie a rovnomerné varenie, ktoré uchováva chrumkavú textúru a prirodzenú chuť jed",Pop Pulse Emporium,https://cdnbigbuy.com/images/8059019065731_S5632471_P00.jpg,https://cdnbigbuy.com/images/8059019065731_S5632471_P250.jpg,https://cdnbigbuy.com/images/8059019065731_S5632471_P240.jpg,https://cdnbigbuy.com/images/8059019065731_S5632471_P230.jpg,159.78,10,NEW,43.0,43.0,43.0,5.48,79507.0,EUR,2,8,3
S5631784,8011000029832,sk-SK,Gardening & DIY,Prenosný reproduktor Trevi Trevi XF 1250 KB,"Ak sú <b>počítače a elektronika</b> vašou vášňou a máte radi aktualizácie z oblasti technológie, a neuniknú vám ani najmenšie detajly, zakúpte <b>Pren","Ak sú <b>počítače a elektronika</b> vašou vášňou a máte radi aktualizácie z oblasti technológie, a neuniknú vám ani najmenšie detajly, zakúpte <b>Prenosný reproduktor Trevi Trevi XF 1250 KB</b> za neporaziteľnú cenu.<br><br><ul><li>Typ: <ul><li>Bezdrôtový</li><li>Univerzálny</li></ul></li><li>Farba: Čierna</li><li>Vlastnosti: <ul><li>Vstavaný displej</li><li>Bezdrôtový</li><li>AUX vstup</li><li>Jeden jediný reproduktor</li><li>Zabudovaná čítacia karta</li></ul></li><li>Pripojenie: <ul><li>USB</l",Pop Pulse Emporium,https://cdnbigbuy.com/images/8011000029832_S5631784_P00.jpg,https://cdnbigbuy.com/images/8011000029832I00.jpg,https://cdnbigbuy.com/images/8011000029832R40.jpg,https://cdnbigbuy.com/images/8011000029832I10.jpg,114.82,4,NEW,20.78,21.64,19.51,1.5,8773.24,EUR,2,8,3
S72108562,7626741535347,sk-SK,Gardening & DIY,Dámske náušnice Guess JUBE04585JWRHT-U Striebristý,"Predstavuje sa vám <b>Dámske náušnice Guess JUBE04585JWRHT-U Striebristý</b> a široký výber prstienkov, náramkov, náhrdelníkov, náušníc za skvelú cenu","Predstavuje sa vám <b>Dámske náušnice Guess JUBE04585JWRHT-U Striebristý</b> a široký výber prstienkov, náramkov, náhrdelníkov, náušníc za skvelú cenu. Získajte podrobné informácie o exkluzívnych elegantných šperkoch a bižutérii v rôznych štýloch, z ktorých si vyberie každý.<br><br><ul><li>Pohlavie: Dáma</li><li>Typ: <ul><li>Náušnice</li><li>Dámske náušnice</li></ul></li><li>Farba: Striebristý</li></ul>",Pop Pulse Emporium,https://cdnbigbuy.com/images/7626741535347_S72108562_P00.jpg,,,,140.84,2,NEW,10.0,10.0,10.0,0.3,1000.0,EUR,2,8,3
S7202312,8434103464858,sk-SK,Gardening & DIY,Pánske hodinky Lorus SPORTS (Ø 45 mm),"Ak sledujete trendy v oblasti módy a doplnkov, nakupujte <b>Pánske hodinky Lorus SPORTS (Ø 45 mm)</b> za najlepšie ceny.<br><br><ul><li>Extra články r","Ak sledujete trendy v oblasti módy a doplnkov, nakupujte <b>Pánske hodinky Lorus SPORTS (Ø 45 mm)</b> za najlepšie ceny.<br><br><ul><li>Extra články reťaze: Č.</li><li>Druh hodiniek: Náramkové hodinky</li><li>Pohlavie: Muž</li><li>Funkcie: Stopky</li><li>Materiál náramku: Nerezová oceľ</li><li>Obsahuje: K produktu dostanete originálnu krabičku</li><li>Vodeodolnosť: 10 atm</li><li>Sklo: Minerál</li><li>Typ pohybu: Kremeň</li><li>Priemer puzdra hodiniek: Ø 45 mm</li></ul>",Pop Pulse Emporium,https://cdnbigbuy.com/images/8434103464858_S7202312_P01.jpg,https://cdnbigbuy.com/images/2313_mandatory-watch1.jpg,,,177.49,2,NEW,32.0,19.0,10.0,0.4,6080.0,EUR,2,8,3
S91112796,8886419379485,sk-SK,Gardening & DIY,Slúchadlá Razer RZ04-03800300-R3M1 Ružová,"Ak sú <b>počítače a elektronika</b> vašou vášňou a máte radi aktualizácie z oblasti technológie, a neuniknú vám ani najmenšie detajly, zakúpte <b>Slúc","Ak sú <b>počítače a elektronika</b> vašou vášňou a máte radi aktualizácie z oblasti technológie, a neuniknú vám ani najmenšie detajly, zakúpte <b>Slúchadlá Razer RZ04-03800300-R3M1 Ružová</b> za neporaziteľnú cenu.<br><br><ul><li>Typ: <ul><li>Slúchadlá</li><li>Slúchadlá z diadému</li><li>Binaural</li></ul></li><li>Farba: Ružová</li><li>Vlastnosti: <ul><li>Zrušenie hluku</li><li>Bezdrôtový</li><li>Zníženie hluku</li><li>32 Ohm</li><li>Vstavaná batéria</li></ul></li><li>Pripojenie: <ul><li>USB</li",Pop Pulse Emporium,https://cdnbigbuy.com/images/8886419379485_S91112796_P00.jpg,https://cdnbigbuy.com/images/8886419379485_S91112796_P30.jpg,https://cdnbigbuy.com/images/8886419379485_S91112796_P10.jpg,https://cdnbigbuy.com/images/8886419379485_S91112796_P20.jpg,121.89,1,NEW,21.0,10.0,19.6,0.67,4116.0,EUR,2,8,3
S7196390,8058664173297,sk-SK,Gardening & DIY,Cestovná postieľka Chicco Goodnight,"Pre naše deti chceme len to najlepšie, a preto by sme Vám chceli predstaviť <b>Cestovná postieľka Chicco Goodnight</b>, perfektný pre všetkých, ktorí ","Pre naše deti chceme len to najlepšie, a preto by sme Vám chceli predstaviť <b>Cestovná postieľka Chicco Goodnight</b>, perfektný pre všetkých, ktorí hľadajú kvalitatívne vysokohodnotný produkt pre najmenších. Nakúpte <b>Chicco</b> a ďalšie značky a licencie za tie najlepšie ceny!<br><br><ul><li>Typ: Cestovná postieľka</li><li>Farba: Modrá Irídium</li><li>Materiál: Polyester</li><li>Vlastnosti: Skladateľný</li></ul>",Pop Pulse Emporium,https://cdnbigbuy.com/images/8058664173297_S7196390_P00.jpg,https://cdnbigbuy.com/images/8058664173297_S7196390_P20.jpg,https://cdnbigbuy.com/images/8058664173297_S7196390_P30.jpg,https://cdnbigbuy.com/images/8058664173297_S7196390_P10.jpg,162.02,1,NEW,78.5,26.0,26.0,10.3,53066.0,EUR,2,8,3
S72120628,4894327354177,sk-SK,Gardening & DIY,Dámske slnečné okuliare Yohji Yamamoto YY7031 52031,"Ak hľadáte nové trendy na trhu, predstavujeme <b>Dámske slnečné okuliare Yohji Yamamoto YY7031 52031</b>!<br><br><ul><li>Typ: Dámske slnečné okuliare<","Ak hľadáte nové trendy na trhu, predstavujeme <b>Dámske slnečné okuliare Yohji Yamamoto YY7031 52031</b>!<br><br><ul><li>Typ: Dámske slnečné okuliare</li><li>Ochrana: 100% ochrana proti UV žiareniu (UV400)</li><li>Pohlavie: Dáma</li></ul>",Pop Pulse Emporium,https://cdnbigbuy.com/images/4894327354177_S72120628_P00.jpg,https://cdnbigbuy.com/images/4894327354177_S72120628_P20.jpg,https://cdnbigbuy.com/images/4894327354177_S72120628_P30.jpg,https://cdnbigbuy.com/images/4894327354177_S72120628_P10.jpg,129.48,5,NEW,10.0,9.99,10.0,0.3,999.0,EUR,2,8,3
S71009804,5410527152314,sk-SK,Gardening & DIY,Kvetináč Garden ID,"Ak pri zariaďovaní vášho domova kladiete dôraz na všetky detaily a chcete byť priebežne informovaný o najnovších výrobkoch, ktoré vám uľahčia život, n","Ak pri zariaďovaní vášho domova kladiete dôraz na všetky detaily a chcete byť priebežne informovaný o najnovších výrobkoch, ktoré vám uľahčia život, nakupujte <b>Kvetináč Garden ID</b> za tú najlepšiu cenu.<br><br><ul><li>Typ: <ul><li>Sada kvetináčov</li><li>Kvetináč</li></ul></li></ul>",Pop Pulse Emporium,https://cdnbigbuy.com/images/5410527152314_S71009804_P00.jpg,https://cdnbigbuy.com/images/5410527152314_S71009804_P10.jpg,https://cdnbigbuy.com/images/5410527152314_S71009804_P20.jpg,,116.72,1,NEW,49.8,49.8,41.0,5.26,101681.64,EUR,2,8,3
S7274714,8430622779077,sk-SK,Gardening & DIY,Pánske hodinky Festina F20556/1,"Ak sledujete trendy v oblasti módy a doplnkov, nakupujte <b>Pánske hodinky Festina F20556/1</b> za najlepšie ceny.<br><br><ul><li>Pohlavie: Muž</li><l","Ak sledujete trendy v oblasti módy a doplnkov, nakupujte <b>Pánske hodinky Festina F20556/1</b> za najlepšie ceny.<br><br><ul><li>Pohlavie: Muž</li><li>Extra články reťaze: Č.</li><li>Druh hodiniek: Náramkové hodinky</li><li>Krajina / Región výroby: Čína</li><li>Materiál náramku: Nerezová oceľ</li><li>Materiál hodiniek: Nerezová oceľ</li><li>Farba remienka: Viacfarebná</li><li>Design: Dáma</li><li>Približný priemer: 31 mm</li><li>Typ pohybu: Kremeň</li></ul>",Pop Pulse Emporium,https://cdnbigbuy.com/images/8430622779077_S7274714_P00.jpg,https://cdnbigbuy.com/images/73771_mandatory-watch0.jpg,,,147.63,50,NEW,32.0,19.0,10.0,0.4,6080.0,EUR,2,8,3
S7164562,0074451121843,sk-SK,Gardening & DIY,Lehátko pre bábätko Ingenuity Cuddle Lamb Kompaktný Sivá,"Pre naše deti chceme len to najlepšie, a preto by sme Vám chceli predstaviť <b>Lehátko pre bábätko Ingenuity Cuddle Lamb Kompaktný Sivá</b>, perfektný","Pre naše deti chceme len to najlepšie, a preto by sme Vám chceli predstaviť <b>Lehátko pre bábätko Ingenuity Cuddle Lamb Kompaktný Sivá</b>, perfektný pre všetkých, ktorí hľadajú kvalitatívne vysokohodnotný produkt pre najmenších. Nakúpte <b>Ingenuity</b> a ďalšie značky a licencie za tie najlepšie ceny!<br><br><ul><li>Vlastnosti: <ul><li>Kompaktný</li><li>Skladateľný</li><li>2 Polohy</li></ul></li><li>Farba: Sivá</li><li>Design: ovca</li><li>Maximálna povolená hmotnosť: 9 kg</li><li>Pohlavie: U",Pop Pulse Emporium,https://cdnbigbuy.com/images/B07QVLTZ6N_R03.jpg,https://cdnbigbuy.com/images/B07QVLTZ6N_R133.jpg,,,118.41,25,NEW,57.0,35.0,14.0,3.8,27930.0,EUR,2,8,3
S7188973,4066407501768,sk-SK,Gardening & DIY,Hadica Gardena Liano PVC (30 m),"Ak pri zariaďovaní vášho domova kladiete dôraz na všetky detaily a chcete byť priebežne informovaný o najnovších výrobkoch, ktoré vám uľahčia život, n","Ak pri zariaďovaní vášho domova kladiete dôraz na všetky detaily a chcete byť priebežne informovaný o najnovších výrobkoch, ktoré vám uľahčia život, nakupujte <b>Hadica Gardena Liano PVC (30 m)</b> za tú najlepšiu cenu.<br><br><ul><li>Dĺžka: 30 m</li><li>Tlakové: 22 bar</li><li>Farba: Viacfarebná</li><li>Materiál: PVC</li><li>Obsahuje: Špička</li></ul>",Pop Pulse Emporium,https://cdnbigbuy.com/images/4066407501768_S7188973_P01.jpg,https://cdnbigbuy.com/images/4066407501768_S7188973_P11.jpg,,,112.04,5,NEW,32.2,18.4,17.4,3.34,10309.15,EUR,2,8,3
S0374438,5060496418043,sk-SK,Gardening & DIY,Dámske hodinky Olivia Burton OB16ES10 (Ø 38 mm),"Ak sledujete trendy v oblasti módy a doplnkov, nakupujte <b>Dámske hodinky Olivia Burton OB16ES10 (Ø 38 mm)</b> za najlepšie ceny.<br><br><ul><li>Pohl","Ak sledujete trendy v oblasti módy a doplnkov, nakupujte <b>Dámske hodinky Olivia Burton OB16ES10 (Ø 38 mm)</b> za najlepšie ceny.<br><br><ul><li>Pohlavie: Dáma</li><li>Extra články reťaze: Č.</li><li>Druh hodiniek: Náramkové hodinky</li><li>Materiál náramku: Oceľ</li><li>Materiál puzdra hodiniek: Nerezová oceľ</li><li>Typ pohybu: Kremeň</li><li>Sklo: Minerál</li><li>Vodeodolnosť: 1 atm</li><li>Obsahuje: K produktu dostanete originálnu krabičku</li><li>Farba cilindra: Biela</li><li>Farba puzdra ",Pop Pulse Emporium,https://cdnbigbuy.com/images/5060496418043_S0374438_P01.jpg,https://cdnbigbuy.com/images/5060496418043_S0374438_P11.jpg,https://cdnbigbuy.com/images/70801_mandatory-watch1.jpg,,141.12,2,NEW,32.0,19.0,10.0,0.4,6080.0,EUR,2,8,3
S7195187,3362934003791,sk-SK,Gardening & DIY,Príslušenstvo Thrustmaster 4060302,"Ak sú <b>počítače a elektronika</b> vašou vášňou a máte radi aktualizácie z oblasti technológie, a neuniknú vám ani najmenšie detajly, zakúpte <b>Prís","Ak sú <b>počítače a elektronika</b> vašou vášňou a máte radi aktualizácie z oblasti technológie, a neuniknú vám ani najmenšie detajly, zakúpte <b>Príslušenstvo Thrustmaster 4060302</b> za neporaziteľnú cenu.<br><br><ul><li>Platforma: PC</li><li>Typ: Príslušenstvo</li><li>Farba: <ul><li>Čierna</li><li>noir</li><li>Sivá</li></ul></li><li>Krajina / Región výroby: Čína</li><li>Materiál: Kov</li><li>Vlastnosti: <ul><li>Záruka</li><li>Vrátane inštalačnej príručky</li></ul></li><li>Jazyk: Anglicky</li>",Pop Pulse Emporium,https://cdnbigbuy.com/images/3362934003791_S7195187_P00.jpg,,,,135.8,10,NEW,27.8,25.8,14.0,2.56,10041.36,EUR,2,8,3
S3624862,4899888622031,sk-SK,Gardening & DIY,Ochranný štít na tvár Transparentná Plastické (100 kusov),<p><b>Ochranný štít na tvár Transparentná Plastické (100 kusov)</b> je kvalitný produkt pre starostlivosť o telo. Ak hľadáte tie najlepšie prípravky n,"<p><b>Ochranný štít na tvár Transparentná Plastické (100 kusov)</b> je kvalitný produkt pre starostlivosť o telo. Ak hľadáte tie najlepšie prípravky na osobnú hygienu, <b>100% originálne produkty značky  </b> sú presne to, čo potrebujete.</p><br><br><ul><li>Farba: Transparentná</li><li>Materiál: Plastické</li><li>Približné rozmery: 0,003 x 22 x 16 cm</li><li>Kusov: 100 kusov</li><li>Typ: Hygiena</li></ul>",Pop Pulse Emporium,https://cdnbigbuy.com/images/S3624862_P0_WBG_icon1.jpg,https://cdnbigbuy.com/images/S3624862_P0_WBG1.jpg,https://cdnbigbuy.com/images/S3624862_P1_WBG1.jpg,,168.02,50,NEW,57.0,44.5,18.0,7.0,45657.0,EUR,2,8,3
S7106320,8003507800243,sk-SK,Gardening & DIY,Kvetináč Biela,"Ak pri zariaďovaní vášho domova kladiete dôraz na všetky detaily a chcete byť priebežne informovaný o najnovších výrobkoch, ktoré vám uľahčia život, n","Ak pri zariaďovaní vášho domova kladiete dôraz na všetky detaily a chcete byť priebežne informovaný o najnovších výrobkoch, ktoré vám uľahčia život, nakupujte <b>Kvetináč Biela</b> za tú najlepšiu cenu.<br><br><ul><li>Farba: Biela</li></ul>",Pop Pulse Emporium,https://cdnbigbuy.com/images/8003507800243_S7106320_P01.jpg,,,,112.96,18,NEW,93.0,36.0,20.0,7.0,66960.0,EUR,2,8,3
S9145329,0064992530174,sk-SK,Gardening & DIY,Krmivo Acana Dospelý Kurča Ryby 17 kg,"Ak hľadáte nové trendy na trhu, predstavujeme <b>Krmivo Acana Dospelý Kurča Ryby 17 kg</b>!<br><br><ul><li>Pet: pes</li><li>Typ: Krmivo</li><li>Veľkos","Ak hľadáte nové trendy na trhu, predstavujeme <b>Krmivo Acana Dospelý Kurča Ryby 17 kg</b>!<br><br><ul><li>Pet: pes</li><li>Typ: Krmivo</li><li>Veľkosť: <ul><li>Mini</li><li>Stredné</li><li>Maxi</li></ul></li><li>Jód: 2,1 MG/KG</li><li>Vitamín E: 150 MG/KG</li><li>Vitamín D3: 1400 IU/KG</li><li>Vitamín B12: 70 ΜG/KG</li><li>Vitamín A: 13000 IU/KG</li><li>Selén: 0,5 MG/KG</li><li>Draslík: 0,7%</li><li>Mangán: 13 MG/KG</li><li>Magnézium: 0,14%</li><li>Vlhkosť: 12%</li><li>Medený (mg): 25 MG/KG</li",Pop Pulse Emporium,https://cdnbigbuy.com/images/0064992530174_S9145329_P00.jpg,https://cdnbigbuy.com/images/0064992530174_S9145329_P10.jpg,,,147.78,25,NEW,16.0,38.0,58.0,17.4,35264.0,EUR,2,8,3
S7187107,3275055657609,sk-SK,Gardening & DIY,Koberec na hranie Tineo Little Farmer,"Pre naše deti chceme len to najlepšie, a preto by sme Vám chceli predstaviť <b>Koberec na hranie Tineo Little Farmer</b>, perfektný pre všetkých, ktor","Pre naše deti chceme len to najlepšie, a preto by sme Vám chceli predstaviť <b>Koberec na hranie Tineo Little Farmer</b>, perfektný pre všetkých, ktorí hľadajú kvalitatívne vysokohodnotný produkt pre najmenších. Nakúpte <b>Tineo</b> a ďalšie značky a licencie za tie najlepšie ceny!<br><br><ul><li>Počet kusov: 6 Kusy</li><li>Vlastnosti: 5 v 1</li><li>Typ: Koberec na hranie</li><li>Odporúčaný vek: + 3 mesiacov</li></ul>",Pop Pulse Emporium,https://cdnbigbuy.com/images/3275055657609_S7187107_P21.jpg,https://cdnbigbuy.com/images/3275055657609_S7187107_P31.jpg,https://cdnbigbuy.com/images/3275055657609_S7187107_P41.jpg,https://cdnbigbuy.com/images/3275055657609_S7187107_P51.jpg,102.88,10,NEW,60.0,60.0,29.0,2.31,104400.0,EUR,2,8,3
S7273010,4549526358883,sk-SK,Gardening & DIY,Pánske hodinky Casio MDV-107D-1A1VEF Čierna Striebristý (Ø 46 mm),"Ak sledujete trendy v oblasti módy a doplnkov, nakupujte <b>Pánske hodinky Casio MDV-107D-1A1VEF Čierna Striebristý (Ø 46 mm)</b> za najlepšie ceny.<b","Ak sledujete trendy v oblasti módy a doplnkov, nakupujte <b>Pánske hodinky Casio MDV-107D-1A1VEF Čierna Striebristý (Ø 46 mm)</b> za najlepšie ceny.<br><br><ul><li>Pohlavie: Muž</li><li>Extra články reťaze: Č.</li><li>Druh hodiniek: Náramkové hodinky</li><li>Funkcie: Dátum</li><li>Obsahuje: K produktu dostanete originálnu krabičku</li><li>Vodeodolnosť: 20 atm</li><li>Sklo: Minerál</li><li>Typ pohybu: Kremeň</li><li>Priemer puzdra hodiniek: Ø 46 mm</li><li>Farba: <ul><li>Čierna</li><li>Striebrist",Pop Pulse Emporium,https://cdnbigbuy.com/images/S7273010_4549526358883_S7273010_P11.jpg,https://cdnbigbuy.com/images/72174_mandatory-watch1.jpg,,,138.04,2,NEW,32.0,19.0,10.0,0.4,6080.0,EUR,2,8,3
S2438988,8412688557950,sk-SK,Gardening & DIY,Bábika bábätko Safta,"Pre naše deti chceme len to najlepšie, a preto by sme Vám chceli predstaviť <b>Bábika bábätko Safta</b>, perfektný pre všetkých, ktorí hľadajú kvalita","Pre naše deti chceme len to najlepšie, a preto by sme Vám chceli predstaviť <b>Bábika bábätko Safta</b>, perfektný pre všetkých, ktorí hľadajú kvalitatívne vysokohodnotný produkt pre najmenších. Nakúpte <b>Safta</b> za tie najlepšie ceny!<br><br><p><b>Dvojitý stojan na všetko</b> značky <b>Safta</b> je špeciálne navrhnutý pre detské použitie a slúži ako praktický a funkčný doplnok na usporiadanie bábätkovských bábik alebo iných detských hračiek. Tento <b>bábätkovský bábika</b> je dodávaný so sto",Pop Pulse Emporium,https://cdnbigbuy.com/images/8412688557950_S2438988_P10.jpg,https://cdnbigbuy.com/images/8412688557950_S2438988_P00.jpg,,,185.84,20,NEW,23.0,23.5,31.5,5.23,17025.75,EUR,2,8,3
S7249758,4549526322488,sk-SK,Gardening & DIY,Pánske hodinky Casio ECB-30P-1AEF,"Ak sledujete trendy v oblasti módy a doplnkov, nakupujte <b>Pánske hodinky Casio ECB-30P-1AEF</b> za najlepšie ceny.<br><br><ul><li>Pohlavie: Muž</li>","Ak sledujete trendy v oblasti módy a doplnkov, nakupujte <b>Pánske hodinky Casio ECB-30P-1AEF</b> za najlepšie ceny.<br><br><ul><li>Pohlavie: Muž</li><li>Extra články reťaze: Č.</li><li>Druh hodiniek: Náramkové hodinky</li></ul>",Pop Pulse Emporium,https://cdnbigbuy.com/images/4549526322488_S7249758_P02.jpg,https://cdnbigbuy.com/images/4549526322488_S7249758_P12.jpg,https://cdnbigbuy.com/images/48922_mandatory-watch2.jpg,,190.47,2,NEW,32.0,19.0,10.0,0.4,6080.0,EUR,2,8,3
S7901709,8711277643280,sk-SK,Gardening & DIY,Postranný stolík Stuttgart Gaštanová Železo (70 x 77 cm),"Tieto výrobky vám zabezpečia letnú zábavu, ktoré zároveň oslovia mladých aj starých! Kúpte si <b>Postranný stolík Stuttgart Gaštanová Železo (70 x 77 ","Tieto výrobky vám zabezpečia letnú zábavu, ktoré zároveň oslovia mladých aj starých! Kúpte si <b>Postranný stolík Stuttgart Gaštanová Železo (70 x 77 cm)</b> a užívajte si svoj voľný čas!<br><br><ul><li>Typ: <ul><li>Postranný stolík</li><li>Stôl</li></ul></li><li>Farba: Gaštanová</li><li>Materiál: Železo</li><li>Približná hmotnosť: 22 Kg</li><li>Približné rozmery: 70 x 77 cm</li><li>Pohlavie: Unisex dospelí</li></ul>",Pop Pulse Emporium,https://cdnbigbuy.com/images/8711277643280_R0_WBG1.jpg,https://cdnbigbuy.com/images/8711277643280_R1_WBG1.jpg,,,153.08,5,NEW,10.0,10.0,10.0,22.0,1000.0,EUR,2,8,3
S9113896,4015588889875,sk-SK,Gardening & DIY,Pištoľ na horúce a studené svalové masáže Medisana MG 600 Modrá Čierna,"Ak vám záleží na zdraviu a hľadáte produkty, ktoré ponúkajú <b>ochranu a pohodu</b>, nakupujte <b>Pištoľ na horúce a studené svalové masáže Medisana M","Ak vám záleží na zdraviu a hľadáte produkty, ktoré ponúkajú <b>ochranu a pohodu</b>, nakupujte <b>Pištoľ na horúce a studené svalové masáže Medisana MG 600 Modrá Čierna</b> a iné <b>produkty Medisana</b> za najlepšie ceny.<br><br><ul><li>Farba: <ul><li>Modrá</li><li>Čierna</li></ul></li><li>Vlastnosti: <ul><li>Jednoduché na umývanie</li><li>Ľahké na používanie</li><li>Chňapka</li><li>Jednoduché a pohodlné použitie</li></ul></li><li>Počet kusov: 1 Kusy</li><li>Obsahuje: Hlavice x 6</li><li>Odporú",Pop Pulse Emporium,https://cdnbigbuy.com/images/4015588889875_I01.jpg,https://cdnbigbuy.com/images/4015588889875_I21.jpg,https://cdnbigbuy.com/images/4015588889875_R11.jpg,https://cdnbigbuy.com/images/S9113896_1695291542-no-background1.jpg,133.5,22,NEW,26.0,9.2,27.0,1.4,6458.4,EUR,2,8,3
S55275495,5706991031508,sk-SK,Gardening & DIY,Slúchadlá GN Audio 6693-839-409 Čierna,"Ak sú <b>počítače a elektronika</b> vašou vášňou a máte radi aktualizácie z oblasti technológie, a neuniknú vám ani najmenšie detajly, zakúpte <b>Slúc","Ak sú <b>počítače a elektronika</b> vašou vášňou a máte radi aktualizácie z oblasti technológie, a neuniknú vám ani najmenšie detajly, zakúpte <b>Slúchadlá GN Audio 6693-839-409 Čierna</b> za neporaziteľnú cenu.<br><br><ul><li>Typ: <ul><li>Slúchadlá</li><li>Slúchadlo</li><li>Bezdrôtový</li><li>Slúchadlá z diadému</li><li>Slúchadlá s mikrofónom</li></ul></li><li>Farba: Čierna</li><li>Vlastnosti: <ul><li>Plug and play</li><li>Vstavaná batéria</li><li>Zníženie hluku</li><li>Záruka</li><li>LED indik",Pop Pulse Emporium,https://cdnbigbuy.com/images/949259600.jpg,,,,198.74,2,NEW,21.0,17.0,5.0,0.22,1785.0,EUR,2,8,3
S7276629,8430622791260,sk-SK,Gardening & DIY,Pánske hodinky Lotus 18836/3,"Ak sledujete trendy v oblasti módy a doplnkov, nakupujte <b>Pánske hodinky Lotus 18836/3</b> za najlepšie ceny.<br><br><ul><li>Pohlavie: Muž</li><li>E","Ak sledujete trendy v oblasti módy a doplnkov, nakupujte <b>Pánske hodinky Lotus 18836/3</b> za najlepšie ceny.<br><br><ul><li>Pohlavie: Muž</li><li>Extra články reťaze: Č.</li><li>Druh hodiniek: Náramkové hodinky</li><li>Materiál hodiniek: Nerezová oceľ</li><li>Farba remienka: Viacfarebná</li><li>Typ pohybu: Kremeň</li></ul>",Pop Pulse Emporium,https://cdnbigbuy.com/images/8430622791260_R00.jpg,https://cdnbigbuy.com/images/8430622791260_R20.jpg,https://cdnbigbuy.com/images/75686_mandatory-watch0.jpg,https://cdnbigbuy.com/images/8430622791260_R10.jpg,178.58,50,NEW,32.0,19.0,10.0,0.4,6080.0,EUR,2,8,3
S7196510,0840006659341,sk-SK,Gardening & DIY,Pamäť RAM Corsair Pc5600 Vengeance DDR5 SDRAM 32 GB CL40,"Ak sú <b>počítače a elektronika</b> vašou vášňou a máte radi aktualizácie z oblasti technológie, a neuniknú vám ani najmenšie detajly, zakúpte <b>Pamä","Ak sú <b>počítače a elektronika</b> vašou vášňou a máte radi aktualizácie z oblasti technológie, a neuniknú vám ani najmenšie detajly, zakúpte <b>Pamäť RAM Corsair Pc5600 Vengeance DDR5 SDRAM 32 GB CL40</b> za neporaziteľnú cenu.<br><br><ul><li>Typ: Pamäť (RAM)</li><li>Kapacita: 32 GB</li><li>Farba: Čierna</li><li>Typ pamäte: <ul><li>DDR5 SDRAM</li><li>DDR5</li></ul></li><li>Kompatibilné: <ul><li>Intel XMP 2.0</li><li>Počítač</li><li>PC/Server</li></ul></li><li>Podsvietenie: Č.</li><li>Form fact",Pop Pulse Emporium,https://cdnbigbuy.com/images/0840006659341_S7196510_P00.jpg,,,,179.27,1,NEW,15.6,9.2,1.4,0.1,200.93,EUR,2,8,3
S37116168,5998167753042,sk-SK,Gardening & DIY,Opierka na lakte Armster FORD CONNECT RHD 2014-2018 Látka,Vybavte svoje vozidlo najnovšími výrobkami! Kúpte si <b>Opierka na lakte Armster FORD CONNECT RHD 2014-2018 Látka</b> a nenechajte si ujsť žiadne deta,"Vybavte svoje vozidlo najnovšími výrobkami! Kúpte si <b>Opierka na lakte Armster FORD CONNECT RHD 2014-2018 Látka</b> a nenechajte si ujsť žiadne detaily!<br><br><p><b>Podrúčka Armster 3</b>, navrhnutá špeciálne pre <b>FORD CONNECT RHD 2014-2018</b>, je vysoko kvalitný doplnok, ktorý sa inštaluje do stredovej konzoly pomocou špecifického adaptéra pre tento model, čím sa zabezpečí dokonalé a prispôsobené uchytenie. Tento <b>stredový podrúčka</b> v <b>čiernej</b> farbe vyniká <b>plynulým nastavení",Pop Pulse Emporium,https://cdnbigbuy.com/images/5998167753042_S37116168_P00.jpg,https://cdnbigbuy.com/images/5998167753042_S37116168_P50.jpg,https://cdnbigbuy.com/images/5998167753042_S37116168_P60.jpg,https://cdnbigbuy.com/images/5998167753042_S37116168_P10.jpg,127.29,1,NEW,35.0,25.0,25.0,8.0,21875.0,EUR,2,8,3
S77207856,0195949715884,sk-SK,Gardening & DIY,Remienok hodiniek Apple MXY03ZM/A,"Ak sú <b>počítače a elektronika</b> vašou vášňou a máte radi aktualizácie z oblasti technológie, a neuniknú vám ani najmenšie detajly, zakúpte <b>Remi","Ak sú <b>počítače a elektronika</b> vašou vášňou a máte radi aktualizácie z oblasti technológie, a neuniknú vám ani najmenšie detajly, zakúpte <b>Remienok hodiniek Apple MXY03ZM/A</b> za neporaziteľnú cenu.<br><br><ul><li>Typ: Náhradný remienok</li><li>Farba: Čierna</li><li>Materiál: Polyester</li><li>Kompatibilné: <ul><li>Apple</li><li>Apple Watch Models 44 mm, 45 mm, 46 mm, 49 mm</li></ul></li></ul>",Pop Pulse Emporium,https://cdnbigbuy.com/images/0195949715884_I00.jpg,https://cdnbigbuy.com/images/0195949715884_I20.jpg,https://cdnbigbuy.com/images/0195949715884_R00.jpg,https://cdnbigbuy.com/images/0195949715884_R10.jpg,129.94,1,NEW,13.22,9.48,6.3,0.07,789.55,EUR,2,8,3
S71017388,8719514491588,sk-SK,Gardening & DIY,Led baterka Philips Biela G 400 lm 2 kusov (2200K) (6500 K),"Ak hľadáte nové trendy na trhu, predstavujeme <b>Led baterka Philips Biela G 400 lm 2 kusov (2200K) (6500 K)</b>!<br><br><ul><li>Typ: <ul><li>Led bate","Ak hľadáte nové trendy na trhu, predstavujeme <b>Led baterka Philips Biela G 400 lm 2 kusov (2200K) (6500 K)</b>!<br><br><ul><li>Typ: <ul><li>Led baterka</li><li>Žiarovka</li></ul></li><li>Farba: Biela</li><li>Vlastnosti: Nastaviteľný</li><li>Energetická klasifikácia: G</li><li>Napätie: 12 V</li><li>Technológia: LED</li><li>Kompatibilné: <ul><li>Amazon Alexa</li><li>Google Home</li></ul></li><li>Výdrž: 25000 hodín</li><li>Svetelný tok: 400 lm</li><li>Teplota farby: <ul><li>2200K</li><li>6500 K</",Pop Pulse Emporium,https://cdnbigbuy.com/images/8719514491588_S71017388_P00.jpg,https://cdnbigbuy.com/images/8719514491588_S71017388_P20.jpg,https://cdnbigbuy.com/images/8719514491588_S71017388_P30.jpg,https://cdnbigbuy.com/images/8719514491588_S71017388_P40.jpg,105.89,5,NEW,9.65,9.6,10.96,0.15,1015.33,EUR,2,8,3
S72118275,3840452723167,sk-SK,Gardening & DIY,Dámske hodinky Tommy Hilfiger 1782664 (Ø 40 mm),"Ak hľadáte nové trendy na trhu, predstavujeme <b>Dámske hodinky Tommy Hilfiger 1782664 (Ø 40 mm)</b>!<br><br><ul><li>Extra články reťaze: Č.</li><li>D","Ak hľadáte nové trendy na trhu, predstavujeme <b>Dámske hodinky Tommy Hilfiger 1782664 (Ø 40 mm)</b>!<br><br><ul><li>Extra články reťaze: Č.</li><li>Druh hodiniek: Náramkové hodinky</li><li>Typ: <ul><li>Chytré hodinky</li><li>Náušnice</li></ul></li><li>Materiál: Mincovné striebro 925</li><li>Funkcie: Dátum</li><li>Pohlavie: Dáma</li><li>Obsahuje: Zahŕňa puzdro alebo obal značky</li><li>Vodeodolnosť: 3 atm</li><li>Sklo: Minerál</li><li>Typ pohybu: Kremeň</li><li>Priemer puzdra hodiniek: Ø 40 mm</",Pop Pulse Emporium,https://cdnbigbuy.com/images/3840452723167_S72118275_P00.jpg,https://cdnbigbuy.com/images/117287_mandatory-watch0.jpg,,,188.16,10,NEW,14.16,11.56,10.0,0.33,1636.9,EUR,2,8,3
S7103959,4039784292833,sk-SK,Gardening & DIY,Zavlažovacie čerpadlo Kärcher 3800 l/h,"Ak pri zariaďovaní vášho domova kladiete dôraz na všetky detaily a chcete byť priebežne informovaný o najnovších výrobkoch, ktoré vám uľahčia život, n","Ak pri zariaďovaní vášho domova kladiete dôraz na všetky detaily a chcete byť priebežne informovaný o najnovších výrobkoch, ktoré vám uľahčia život, nakupujte <b>Zavlažovacie čerpadlo Kärcher 3800 l/h</b> za tú najlepšiu cenu.<br><br><ul><li>Vlastnosti: <ul><li>Ponorný</li><li>On/Off vypínač</li><li>Vypúšťací ventil</li><li>Prenosný</li></ul></li><li>Príkon: 400 W</li><li>Výkon: 3800 l/h</li><li>Farba: Čierna</li><li>Materiál: <ul><li>Oceľ</li><li>Plastické</li></ul></li></ul>",Pop Pulse Emporium,https://cdnbigbuy.com/images/4039784292833_S7103959_P00.jpg,https://cdnbigbuy.com/images/4039784292833_R10.jpg,https://cdnbigbuy.com/images/4039784292833_R20.jpg,https://cdnbigbuy.com/images/4039784292833_R30.jpg,140.55,10,NEW,24.6,30.5,19.1,5.77,14330.73,EUR,2,8,3
S7185058,4059433533575,sk-SK,Gardening & DIY,Playset Schleich 42588 Kôň,"Pre naše deti chceme len to najlepšie, a preto by sme Vám chceli predstaviť <b>Playset Schleich 42588 Kôň</b>, perfektný pre všetkých, ktorí hľadajú k","Pre naše deti chceme len to najlepšie, a preto by sme Vám chceli predstaviť <b>Playset Schleich 42588 Kôň</b>, perfektný pre všetkých, ktorí hľadajú kvalitatívne vysokohodnotný produkt pre najmenších. Nakúpte <b>Schleich</b> za tie najlepšie ceny!<br><br><ul><li>Obsahuje: <ul><li>Doplnky</li><li>Kôň</li></ul></li><li>Odporúčaný vek: + 4 rokov</li></ul>",Pop Pulse Emporium,https://cdnbigbuy.com/images/4059433533575_S7185058_P01.jpg,https://cdnbigbuy.com/images/4059433533575_S7185058_P11.jpg,,,124.54,5,NEW,34.6,48.6,10.6,2.26,17824.54,EUR,2,8,3
S71001477,3666162006679,sk-SK,Gardening & DIY,Stolná lampa Lumisky ROBY WHITE Biela Aluminium,"<p>Ak chcete vášmu domovu dodať kúsok originality, môžete tak urobiť s <b>Stolná lampa Lumisky ROBY WHITE Biela Aluminium</b>.</p><br><br><ul><li>Zásu","<p>Ak chcete vášmu domovu dodať kúsok originality, môžete tak urobiť s <b>Stolná lampa Lumisky ROBY WHITE Biela Aluminium</b>.</p><br><br><ul><li>Zásuvný produkt: áno</li><li>Druh zástrčky: EU zástrčky</li><li>Typ: Stolná lampa</li><li>Farba: Biela</li><li>Materiál: Aluminium</li><li>Typ žiarovky: LED</li><li>Napájací Zdroj: Elektrický kábel</li><li>Funguje na batérie: <ul><li>áno</li><li>1 Litio Ion, incluidas</li></ul></li><li>Vrátane batérií: áno</li></ul>",Pop Pulse Emporium,https://cdnbigbuy.com/images/3666162006679_S71001477_P00.jpg,https://cdnbigbuy.com/images/3666162006679_S71001477_P20.jpg,https://cdnbigbuy.com/images/3666162006679_S71001477_P30.jpg,https://cdnbigbuy.com/images/3666162006679_S71001477_P40.jpg,106.69,1,NEW,36.0,13.6,13.8,1.26,6756.48,EUR,2,8,3
S7211695,8431283490158,sk-SK,Gardening & DIY,Pánske hodinky Mark Maddox HC7100-47 (Ø 41 mm),"Ak sledujete trendy v oblasti módy a doplnkov, nakupujte <b>Pánske hodinky Mark Maddox HC7100-47 (Ø 41 mm)</b> za najlepšie ceny.<br><br><ul><li>Pohla","Ak sledujete trendy v oblasti módy a doplnkov, nakupujte <b>Pánske hodinky Mark Maddox HC7100-47 (Ø 41 mm)</b> za najlepšie ceny.<br><br><ul><li>Pohlavie: Muž</li><li>Extra články reťaze: Č.</li><li>Druh hodiniek: Náramkové hodinky</li><li>Vodeodolnosť: 5 atm</li><li>Typ pohybu: Kremeň</li><li>Priemer puzdra hodiniek: Ø 41 mm</li></ul>",Pop Pulse Emporium,https://cdnbigbuy.com/images/8431283490158_S7211695_P00.jpg,https://cdnbigbuy.com/images/8431283490158_S7211695_P10.jpg,https://cdnbigbuy.com/images/11696_mandatory-watch0.jpg,,100.25,1,NEW,32.0,19.0,10.0,0.4,6080.0,EUR,2,8,3
S0390372,0196237506245,sk-SK,Gardening & DIY,Dámska Taška Michael Kors Cara Modrá,"Ak hľadáte nové trendy na trhu, predstavujeme <b>Dámska Taška Michael Kors Cara Modrá</b>!<br><br><ul><li>Typ: <ul><li>Taška</li><li>Dámska Taška</li>","Ak hľadáte nové trendy na trhu, predstavujeme <b>Dámska Taška Michael Kors Cara Modrá</b>!<br><br><ul><li>Typ: <ul><li>Taška</li><li>Dámska Taška</li></ul></li><li>Pohlavie: Dáma</li><li>Farba: Modrá</li><li>Materiál: Plátno</li><li>Typ zapínania: Zips</li><li>Obsahuje: Zahŕňa puzdro alebo obal značky</li></ul>",Pop Pulse Emporium,https://cdnbigbuy.com/images/0196237506245_S0390372_P00.jpg,https://cdnbigbuy.com/images/0196237506245_S0390372_P10.jpg,https://cdnbigbuy.com/images/0196237506245_S0390372_P20.jpg,,158.05,2,NEW,10.0,10.0,10.0,0.3,1000.0,EUR,2,8,3
S9912240,8436546594314,sk-SK,Gardening & DIY,Bluetooth Handsfree Tech One Tech TEC1420 Biela,"<p>Ak chcete vášmu domovu dodať kúsok originality, môžete tak urobiť s <b>Bluetooth Handsfree Tech One Tech TEC1420 Biela</b>.</p><br><br><ul><li>Farb","<p>Ak chcete vášmu domovu dodať kúsok originality, môžete tak urobiť s <b>Bluetooth Handsfree Tech One Tech TEC1420 Biela</b>.</p><br><br><ul><li>Farba: Biela</li><li>Pripojenie: Bluetooth 5.3</li></ul>",Pop Pulse Emporium,https://cdnbigbuy.com/images/8436546594314_S9912240_P00.jpg,,,,132.67,1,NEW,19.0,20.0,16.0,0.67,6080.0,EUR,2,8,3
S71017383,8710103849049,sk-SK,Gardening & DIY,Detská opatrovateľka Philips,"Ak hľadáte nové trendy na trhu, predstavujeme <b>Detská opatrovateľka Philips</b>!<br><br><ul><li>Funguje na batérie: áno</li><li>Typ: Detská opatrova","Ak hľadáte nové trendy na trhu, predstavujeme <b>Detská opatrovateľka Philips</b>!<br><br><ul><li>Funguje na batérie: áno</li><li>Typ: Detská opatrovateľka</li><li>Zásuvný produkt: áno</li><li>Farba: Biela</li><li>Vlastnosti: <ul><li>Vstavané reproduktory</li><li>Nočné svetlo</li><li>Zabudovaný mikrofón</li></ul></li><li>Funkcie: <ul><li>Indikátor vybitia batérie</li><li>ECO</li></ul></li><li>Počet batérií: 2</li><li>Typ batérie: AA</li><li>Vrátane batérií: Č.</li><li>Rozsah: 300 m</li><li>Pribl",Pop Pulse Emporium,https://cdnbigbuy.com/images/8710103849049_S71017383_P00.jpg,https://cdnbigbuy.com/images/8710103849049_S71017383_P20.jpg,https://cdnbigbuy.com/images/8710103849049_S71017383_P30.jpg,https://cdnbigbuy.com/images/8710103849049_S71017383_P40.jpg,185.38,2,NEW,19.04,16.51,12.15,0.61,3819.36,EUR,2,8,3
S71013886,0197641223902,sk-SK,Gardening & DIY,Športový ruksak The North Face Base Camp Duffel Čierna 71 L,Tillbaka till kontoret utan att ha glömt en enda pryl! Köp <b>Športový ruksak The North Face Base Camp Duffel Čierna 71 L</b> och låt dina kollegor av,"Tillbaka till kontoret utan att ha glömt en enda pryl! Köp <b>Športový ruksak The North Face Base Camp Duffel Čierna 71 L</b> och låt dina kollegor avundas dig!<br><br><p><b>Base Camp Duffel</b> od <b>The North Face</b> je športová taška navrhnutá pre tých, ktorí potrebujú veľkú kapacitu a odolnosť pri presunoch, či už na outdoorové aktivity alebo náročné cesty. S objemom <b>71 litrov</b> umožňuje usporiadať a prenášať veľké množstvo výbavy bez straty pohodlia a funkčnosti. Jej konštrukcia kombi",Pop Pulse Emporium,https://cdnbigbuy.com/images/0197641223902_S71013886_P00.jpg,https://cdnbigbuy.com/images/0197641223902_S71013886_P30.jpg,https://cdnbigbuy.com/images/0197641223902_S71013886_P10.jpg,https://cdnbigbuy.com/images/0197641223902_S71013886_P20.jpg,190.12,25,NEW,20.63,35.0,34.78,0.95,25112.9,EUR,2,8,3
S91106501,0840295401805,sk-SK,Gardening & DIY,Elektrostimulátor Therabody TB03780-01 Čierna,"Ak vám záleží na zdraviu a hľadáte produkty, ktoré ponúkajú <b>ochranu a pohodu</b>, nakupujte <b>Elektrostimulátor Therabody TB03780-01 Čierna</b> a ","Ak vám záleží na zdraviu a hľadáte produkty, ktoré ponúkajú <b>ochranu a pohodu</b>, nakupujte <b>Elektrostimulátor Therabody TB03780-01 Čierna</b> a iné <b>produkty Therabody</b> za najlepšie ceny.<br><br><ul><li>Farba: Čierna</li><li>Vlastnosti: <ul><li>Ľahké na používanie</li><li>Nastaviteľný termostat</li></ul></li><li>Napájací Zdroj: Batérie</li></ul>",Pop Pulse Emporium,https://cdnbigbuy.com/images/0840295401805_S91106501_P00.jpg,,,,193.09,5,NEW,15.5,9.0,20.5,0.85,2859.75,EUR,2,8,3
S55285647,8595611707117,sk-SK,Gardening & DIY,USB rozbočovač i-Tec C31FLATPRO100 Sivá,"Ak sú <b>počítače a elektronika</b> vašou vášňou a máte radi aktualizácie z oblasti technológie, a neuniknú vám ani najmenšie detajly, zakúpte <b>USB ","Ak sú <b>počítače a elektronika</b> vašou vášňou a máte radi aktualizácie z oblasti technológie, a neuniknú vám ani najmenšie detajly, zakúpte <b>USB rozbočovač i-Tec C31FLATPRO100 Sivá</b> za neporaziteľnú cenu.<br><br><ul><li>Typ: <ul><li>USB rozbočovač</li><li>S káblom</li></ul></li><li>Farba: Sivá</li><li>Pripojenie: <ul><li>HDMI</li><li>USB-C</li><li>USB 2.0</li><li>RJ45</li><li>DisplayPort</li><li>3</li><li>VGA D-sub</li><li>USB-C x 1</li></ul></li><li>Rozhodnutie: 4K Ultra HD</li><li>Komp",Pop Pulse Emporium,https://cdnbigbuy.com/images/950977510.jpg,https://cdnbigbuy.com/images/950977450.jpg,https://cdnbigbuy.com/images/950977480.jpg,https://cdnbigbuy.com/images/950977440.jpg,143.43,2,NEW,34.0,17.0,10.0,0.96,5780.0,EUR,2,8,3
S71000798,5702017592480,sk-SK,Gardening & DIY,Stavebná hra Lego 77050 Nook's Shop & Rosie's House Viacfarebná,"Pre naše deti chceme len to najlepšie, a preto by sme Vám chceli predstaviť <b>Stavebná hra Lego 77050 Nook's Shop & Rosie's House Viacfarebná</b>, pe","Pre naše deti chceme len to najlepšie, a preto by sme Vám chceli predstaviť <b>Stavebná hra Lego 77050 Nook's Shop & Rosie's House Viacfarebná</b>, perfektný pre všetkých, ktorí hľadajú kvalitatívne vysokohodnotný produkt pre najmenších. Nakúpte <b>Lego</b> a ďalšie značky a licencie za tie najlepšie ceny!<br><br><ul><li>Odporúčaný vek: + 7 rokov</li><li>Obsahuje: Návod na montáž</li><li>Typ: Stavebná hra</li><li>Farba: Viacfarebná</li><li>Materiál: Plastické</li><li>Jazyk: Anglicky</li></ul>",Pop Pulse Emporium,https://cdnbigbuy.com/images/5702017592480_S71000798_P00.jpg,https://cdnbigbuy.com/images/5702017592480_S71000798_P50.jpg,https://cdnbigbuy.com/images/5702017592480_S71000798_P10.jpg,https://cdnbigbuy.com/images/5702017592480_S71000798_P20.jpg,104.56,25,NEW,27.0,7.4,38.2,0.88,7632.36,EUR,2,8,3
S9917337,4711387717424,sk-SK,Gardening & DIY,"Monitor Asus 90LM06B0-B05B70 Full HD 22"" 21,4""","Ak sú <b>počítače a elektronika</b> vašou vášňou a máte radi aktualizácie z oblasti technológie, a neuniknú vám ani najmenšie detajly, zakúpte <b>Moni","Ak sú <b>počítače a elektronika</b> vašou vášňou a máte radi aktualizácie z oblasti technológie, a neuniknú vám ani najmenšie detajly, zakúpte <b>Monitor Asus 90LM06B0-B05B70 Full HD 22"" 21,4""</b> za neporaziteľnú cenu.<br><br><ul><li>Typ: Monitor</li><li>Druh zástrčky: EU zástrčky</li><li>Zásuvný produkt: áno</li><li>Uhlopriečka obrazovky (cm): <ul><li>54,6 cm</li><li>54,4 cm</li><li>55,9 cm</li></ul></li><li>Vstupné striedavé napätie: 100-240 V</li><li>Frekvencia: <ul><li>50 - 60 Hz</li><li>10",Pop Pulse Emporium,https://cdnbigbuy.com/images/4711387717424_M0325363_P02.jpg,https://cdnbigbuy.com/images/4711387717424_S9917337_P12.jpg,https://cdnbigbuy.com/images/4711387717424_R02.jpg,https://cdnbigbuy.com/images/4711387717424_I12.jpg,111.21,50,NEW,55.0,13.0,39.0,3.95,27885.0,EUR,2,8,3
S91111825,4210201414865,sk-SK,Gardening & DIY,Elektrická zubná kefka Braun,"Dajte si záležať na <b>ústnej hygiene</b> a používajte kvalitné produkty, ako sú výrobky značky <b>[[value_product_name]</b>!<br><br><ul><li>Funkcie: ","Dajte si záležať na <b>ústnej hygiene</b> a používajte kvalitné produkty, ako sú výrobky značky <b>[[value_product_name]</b>!<br><br><ul><li>Funkcie: Bluetooth pripojenie</li><li>Typ: <ul><li>Bielič na zuby</li><li>Vibračný</li></ul></li><li>Farba: <ul><li>Biela</li><li>Čierna</li></ul></li><li>Vlastnosti: <ul><li>Dobíjacie batérie</li><li>LED indikátor</li><li>Vstavaná batéria</li><li>Nastaviteľná rýchlosť</li><li>Na denné použitie</li><li>Tlakový snímač</li><li>LED kontrolka činnosti</li><li>N",Pop Pulse Emporium,https://cdnbigbuy.com/images/4210201414865_S7838818_P10.jpg,https://cdnbigbuy.com/images/4210201414865_I20.jpg,https://cdnbigbuy.com/images/4210201414865_S7838818_P00.jpg,,118.08,50,NEW,9.0,17.0,24.0,0.6,3672.0,EUR,2,8,3
S71003326,0045496420833,sk-SK,Gardening & DIY,Videohra pre Switch Nintendo Fire Emblem Warriors,"Ak sú <b>počítače a elektronika</b> vašou vášňou a máte radi aktualizácie z oblasti technológie, a neuniknú vám ani najmenšie detajly, zakúpte <b>Vide","Ak sú <b>počítače a elektronika</b> vašou vášňou a máte radi aktualizácie z oblasti technológie, a neuniknú vám ani najmenšie detajly, zakúpte <b>Videohra pre Switch Nintendo Fire Emblem Warriors</b> za neporaziteľnú cenu.<br><br><ul><li>Platforma: Nintendo Switch</li><li>Jazyk: <ul><li>FR</li><li>Anglicky</li></ul></li><li>Kompatibilné: Francúzsko</li><li>Pohlavie: Činnosť</li></ul>",Pop Pulse Emporium,https://cdnbigbuy.com/images/0045496420833_S71003326_P00.jpg,https://cdnbigbuy.com/images/0045496420833_I00.jpg,,,114.0,5,NEW,10.5,17.0,1.2,0.07,214.2,EUR,2,8,3
S0381668,0091661529641,sk-SK,Gardening & DIY,Dámske hodinky Guess (Ø 28 mm),"Ak sledujete trendy v oblasti módy a doplnkov, nakupujte <b>Dámske hodinky Guess (Ø 28 mm)</b> za najlepšie ceny.<br><br><ul><li>Pohlavie: Dáma</li><l","Ak sledujete trendy v oblasti módy a doplnkov, nakupujte <b>Dámske hodinky Guess (Ø 28 mm)</b> za najlepšie ceny.<br><br><ul><li>Pohlavie: Dáma</li><li>Typ pohybu: Kremeň</li><li>Obsahuje: K produktu dostanete originálnu krabičku</li><li>Sklo: Minerál</li><li>Vodeodolnosť: <ul><li>3 atm</li><li>Č.</li></ul></li><li>Materiál náramku: Nerezová oceľ</li><li>Priemer puzdra hodiniek: Ø 28 mm</li><li>Extra články reťaze: Č.</li><li>Druh hodiniek: Náramkové hodinky</li><li>Materiál puzdra hodiniek: Ner",Pop Pulse Emporium,https://cdnbigbuy.com/images/0091661529641_S0381668_P00.jpg,https://cdnbigbuy.com/images/72766_mandatory-watch0.jpg,https://cdnbigbuy.com/images/78027_mandatory-watch0.jpg,,154.22,1,NEW,32.0,19.0,10.0,0.4,6080.0,EUR,2,8,3
S72109045,8434103510531,sk-SK,Gardening & DIY,Pánske hodinky Lorus RH387AX9S,"Ak sledujete trendy v oblasti módy a doplnkov, nakupujte <b>Pánske hodinky Lorus RH387AX9S</b> za najlepšie ceny.<br><br><ul><li>Pohlavie: Muž</li><li","Ak sledujete trendy v oblasti módy a doplnkov, nakupujte <b>Pánske hodinky Lorus RH387AX9S</b> za najlepšie ceny.<br><br><ul><li>Pohlavie: Muž</li><li>Extra články reťaze: Č.</li><li>Druh hodiniek: Náramkové hodinky</li></ul>",Pop Pulse Emporium,https://cdnbigbuy.com/images/8434103510531_S72109045_P00.jpg,https://cdnbigbuy.com/images/108057_mandatory-watch0.jpg,,,117.67,2,NEW,14.15,12.43,10.11,0.3,1778.19,EUR,2,8,3
S72124986,4894138354410,sk-SK,Gardening & DIY,Pánske hodinky Lorus RG231UX9,"Ak hľadáte nové trendy na trhu, predstavujeme <b>Pánske hodinky Lorus RG231UX9</b>!<br><br><ul><li>Pohlavie: Muž</li><li>Extra články reťaze: Č.</li><","Ak hľadáte nové trendy na trhu, predstavujeme <b>Pánske hodinky Lorus RG231UX9</b>!<br><br><ul><li>Pohlavie: Muž</li><li>Extra články reťaze: Č.</li><li>Druh hodiniek: Náramkové hodinky</li></ul>",Pop Pulse Emporium,https://cdnbigbuy.com/images/4894138354410_S72124986_P00.jpg,https://cdnbigbuy.com/images/4894138354410_S72124986_P10.jpg,https://cdnbigbuy.com/images/123998_mandatory-watch0.jpg,,115.78,2,NEW,14.15,12.43,10.11,0.3,1778.19,EUR,2,8,3
S0359658,2210003735733,sk-SK,Gardening & DIY,Dámsky náhrdelník Folli Follie 4N9A113KY 80 cm,"Predstavuje sa vám <b>Dámsky náhrdelník Folli Follie 4N9A113KY 80 cm</b> a široký výber prstienkov, náramkov, náhrdelníkov, náušníc za skvelú cenu. Zí","Predstavuje sa vám <b>Dámsky náhrdelník Folli Follie 4N9A113KY 80 cm</b> a široký výber prstienkov, náramkov, náhrdelníkov, náušníc za skvelú cenu. Získajte podrobné informácie o exkluzívnych elegantných šperkoch a bižutérii v rôznych štýloch, z ktorých si vyberie každý.<br><br><ul><li>Pohlavie: Dáma</li><li>Typ: Dámsky náhrdelník</li><li>Farba: Viacfarebná</li><li>Materiál: Nerezová oceľ</li><li>Obsahuje: K produktu dostanete originálnu krabičku</li><li>Približné rozmery: 80 cm</li></ul>",Pop Pulse Emporium,https://cdnbigbuy.com/images/2210003735733_S0359658_P02.jpg,,,,120.54,2,NEW,10.0,10.0,10.0,0.3,1000.0,EUR,2,8,3
S71013891,0197642126325,sk-SK,Gardening & DIY,Športový ruksak The North Face Base Camp Duffel Čierna 50 ml,Tillbaka till kontoret utan att ha glömt en enda pryl! Köp <b>Športový ruksak The North Face Base Camp Duffel Čierna 50 ml</b> och låt dina kollegor a,"Tillbaka till kontoret utan att ha glömt en enda pryl! Köp <b>Športový ruksak The North Face Base Camp Duffel Čierna 50 ml</b> och låt dina kollegor avundas dig!<br><br><p><b>Base Camp Duffel</b> od <b>The North Face</b> je športový batoh navrhnutý tak, aby poskytoval vysokú funkčnosť a odolnosť pri outdoorových aktivitách a náročných cestách. Tento model vyniká svojou <b>kapacitou 50 litrov</b>, vďaka čomu je ideálny na prenášanie všetkej potrebnej výbavy pri dlhších výletoch alebo športových a",Pop Pulse Emporium,https://cdnbigbuy.com/images/0197642126325_S71013891_P00.jpg,https://cdnbigbuy.com/images/0197642126325_S71013891_P10.jpg,https://cdnbigbuy.com/images/0197642126325_S71013891_P20.jpg,https://cdnbigbuy.com/images/0197642126325_S71013891_P30.jpg,160.69,25,NEW,20.63,35.0,34.78,0.95,25112.9,EUR,2,8,3
S7290138,0889214291776,sk-SK,Gardening & DIY,Dámske slnečné okuliare Emilio Pucci EP0178 6128E,"Ak radi nosíte trendy <b>módne doplnky</b> a váš štýl sa bez nich nezaobíde, nenechajte si ujsť <b>Dámske slnečné okuliare Emilio Pucci EP0178 6128E</","Ak radi nosíte trendy <b>módne doplnky</b> a váš štýl sa bez nich nezaobíde, nenechajte si ujsť <b>Dámske slnečné okuliare Emilio Pucci EP0178 6128E</b>! Vyberte si tie najlepšie značkové <b>slnečné okuliare</b>.<br><br><ul><li>Pohlavie: Dáma</li></ul>",Pop Pulse Emporium,https://cdnbigbuy.com/images/0889214291776_S7290138_P00.jpg,https://cdnbigbuy.com/images/0889214291776_S7290138_P10.jpg,https://cdnbigbuy.com/images/0889214291776_S7290138_P20.jpg,,116.19,2,NEW,10.08,9.98,9.92,0.3,997.94,EUR,2,8,3
S0379955,8431777847482,sk-SK,Gardening & DIY,Dámske hodinky Tetra 125-C (Ø 27 mm),"Ak sledujete trendy v oblasti módy a doplnkov, nakupujte <b>Dámske hodinky Tetra 125-C (Ø 27 mm)</b> za najlepšie ceny.<br><br><ul><li>Pohlavie: Dáma<","Ak sledujete trendy v oblasti módy a doplnkov, nakupujte <b>Dámske hodinky Tetra 125-C (Ø 27 mm)</b> za najlepšie ceny.<br><br><ul><li>Pohlavie: Dáma</li><li>Extra články reťaze: Č.</li><li>Druh hodiniek: Náramkové hodinky</li><li>Materiál náramku: Koža</li><li>Materiál puzdra hodiniek: Nerezová oceľ</li><li>Typ pohybu: Kremeň</li><li>Sklo: Minerál</li><li>Obsahuje: K produktu dostanete originálnu krabičku</li><li>Typ zapínania: Pracka</li><li>Farba cilindra: Zlatá</li><li>Farba puzdra hodiniek:",Pop Pulse Emporium,https://cdnbigbuy.com/images/8431777847482_S0379955_P01.jpg,https://cdnbigbuy.com/images/76314_mandatory-watch1.jpg,,,101.35,1,NEW,32.0,19.0,10.0,0.4,6080.0,EUR,2,8,3
S0384431,0196237633927,sk-SK,Gardening & DIY,Dámska Taška Michael Kors MERCER Modrá 30 x 23 x 10 cm,Chcete držať krok s módou a máte radi drobné doplnky? Prinášame vám <b>Dámska Taška Michael Kors MERCER Modrá 30 x 23 x 10 cm</b> a široký výber trend,Chcete držať krok s módou a máte radi drobné doplnky? Prinášame vám <b>Dámska Taška Michael Kors MERCER Modrá 30 x 23 x 10 cm</b> a široký výber trendy kabeliek a peňaženiek!<br><br><ul><li>Typ: <ul><li>Taška</li><li>Dámska Taška</li></ul></li><li>Pohlavie: Dáma</li><li>Farba: Modrá</li><li>Zloženie: Koža</li><li>Typ zapínania: Zips</li><li>Obsahuje: Zahŕňa puzdro alebo obal značky</li><li>Približné rozmery: 30 x 23 x 10 cm</li></ul>,Pop Pulse Emporium,https://cdnbigbuy.com/images/0196237633927_S0384431_P00.jpg,https://cdnbigbuy.com/images/0196237633927_S0384431_P10.jpg,https://cdnbigbuy.com/images/0196237633927_S0384431_P20.jpg,,196.91,10,NEW,10.0,10.0,10.0,0.3,1000.0,EUR,2,8,3
S3709470,8033280325367,sk-SK,Gardening & DIY,Závodné členkové topánky Sparco K-Pole Modrá 48,"Ak rozmýšľate nad obnovením vášho šatníka, nakúpte <b>Závodné členkové topánky Sparco K-Pole Modrá 48</b> ďalšie <b>produkty Sparco</b>! Najlepšia kva","Ak rozmýšľate nad obnovením vášho šatníka, nakúpte <b>Závodné členkové topánky Sparco K-Pole Modrá 48</b> ďalšie <b>produkty Sparco</b>! Najlepšia kvalita za najlepšiu cenu je už na dosah!<br><br><ul><li>Farba: Modrá</li><li>Veľkosť: 48</li></ul>",Pop Pulse Emporium,https://cdnbigbuy.com/images/8033280325367_A01.jpg,,,,108.96,2,NEW,12.0,25.0,35.0,3.0,10500.0,EUR,2,8,3
S7292856,4971850054900,sk-SK,Gardening & DIY,"Pánske hodinky Casio MULTIFUNCTION CALENDAR - BLACK & BORDEAUX (Ø 43,5 mm)","Ak sledujete trendy v oblasti módy a doplnkov, nakupujte <b>Pánske hodinky Casio MULTIFUNCTION CALENDAR - BLACK & BORDEAUX (Ø 43,5 mm)</b> za najlepši","Ak sledujete trendy v oblasti módy a doplnkov, nakupujte <b>Pánske hodinky Casio MULTIFUNCTION CALENDAR - BLACK & BORDEAUX (Ø 43,5 mm)</b> za najlepšie ceny.<br><br><ul><li>Pohlavie: Muž</li><li>Extra články reťaze: Č.</li><li>Druh hodiniek: Náramkové hodinky</li><li>Funkcie: Multifunkčný</li><li>Materiál náramku: Nerezová oceľ</li><li>Obsahuje: Zahŕňa puzdro alebo obal značky</li><li>Vodeodolnosť: 5 atm</li><li>Sklo: Minerál</li><li>Typ pohybu: Kremeň</li><li>Priemer puzdra hodiniek: Ø 43,5 mm<",Pop Pulse Emporium,https://cdnbigbuy.com/images/4971850054900_S7292856_P01.jpg,https://cdnbigbuy.com/images/91868_mandatory-watch1.jpg,,,120.06,2,NEW,14.15,12.43,10.11,0.3,1778.19,EUR,2,8,3
S9164320,5901780419912,sk-SK,Gardening & DIY,Chodítko na kolieskach Vitea Care VCBK2A,"Ak vám záleží na zdraviu a hľadáte produkty, ktoré ponúkajú <b>ochranu a pohodu</b>, nakupujte <b>Chodítko na kolieskach Vitea Care VCBK2A</b> a iné <","Ak vám záleží na zdraviu a hľadáte produkty, ktoré ponúkajú <b>ochranu a pohodu</b>, nakupujte <b>Chodítko na kolieskach Vitea Care VCBK2A</b> a iné <b>produkty Vitea Care</b> za najlepšie ceny.<br><br><ul><li>Farba: <ul><li>Modrá</li><li>Čierna</li></ul></li><li>Šírka: 59 cm</li><li>Dlhý: 76 cm</li><li>Kolesá: Kolesá x 4</li><li>Približná hmotnosť: 11 Kg</li></ul>",Pop Pulse Emporium,https://cdnbigbuy.com/images/5901780419912_S9164320_P00.jpg,https://cdnbigbuy.com/images/5901780419912_S9164320_P40.jpg,https://cdnbigbuy.com/images/5901780419912_S9164320_P10.jpg,https://cdnbigbuy.com/images/5901780419912_S9164320_P20.jpg,164.07,5,NEW,80.0,19.0,64.0,11.0,97280.0,EUR,2,8,3
S91115727,8437012083912,sk-SK,Gardening & DIY,Krmivo Nature Grain Free Holistic Salmón Lososová 12 kg,"Ak hľadáte nové trendy na trhu, predstavujeme <b>Krmivo Nature Grain Free Holistic Salmón Lososová 12 kg</b>!<br><br><ul><li>Typ: <ul><li>Krmivo</li><","Ak hľadáte nové trendy na trhu, predstavujeme <b>Krmivo Nature Grain Free Holistic Salmón Lososová 12 kg</b>!<br><br><ul><li>Typ: <ul><li>Krmivo</li><li>Suché jedlo alebo krmivo</li></ul></li><li>Tvar: Pevný</li><li>Príchuť: Lososová</li><li>Pet: pes</li><li>Odporúčané použitie: <ul><li>Domáci miláčik s potravinovou alergiou alebo intoleranciou</li><li>Domáci miláčik so špecifickými potrebami kože a srsti</li></ul></li><li>Prísada: <ul><li>Tuk</li><li>Bielkovina</li><li>Popolavý</li></ul></li><l",Pop Pulse Emporium,https://cdnbigbuy.com/images/8437012083912_S91115727_P00.jpg,,,,128.18,25,NEW,38.0,17.0,52.0,12.1,33592.0,EUR,2,8,3
S7102100,8058664141456,sk-SK,Gardening & DIY,Lehátko pre bábätko Chicco Balloon Dots Modrá,"Pre naše deti chceme len to najlepšie, apreto by sme Vám chceli predstaviť <b>Lehátko pre bábätko Chicco Balloon Dots Modrá</b>, perfektný pre všetkýc","Pre naše deti chceme len to najlepšie, apreto by sme Vám chceli predstaviť <b>Lehátko pre bábätko Chicco Balloon Dots Modrá</b>, perfektný pre všetkých, ktorí hľadajú kvalitatívne vysokohodnotný produkt pre najmenších. Nakúpte <b>Chicco</b> za tie najlepšie ceny!<br><br><ul><li>Typ: Hojdacia sieť na spanie</li><li>Farba: Modrá</li><li>Vhodné pre: Dieťa</li><li>Vlastnosti: <ul><li>Postroj pre nováčikov</li><li>Pohodlný a komfortný</li></ul></li><li>Design: ryba</li></ul>",Pop Pulse Emporium,https://cdnbigbuy.com/images/8058664141456_S7102100_P0_WBG3.jpg,https://cdnbigbuy.com/images/8058664141456_S7102100_P1_MKT3.jpg,,,145.13,10,NEW,79.5,14.0,50.0,5.0,55650.0,EUR,2,8,3
S71015051,3366670001158,sk-SK,Gardening & DIY,Semienka BHS 5 kg,"Ak hľadáte nové trendy na trhu, predstavujeme <b>Semienka BHS 5 kg</b>!<br><br><ul><li>Typ: Trávnik</li><li>Kapacita: 5 kg</li></ul>","Ak hľadáte nové trendy na trhu, predstavujeme <b>Semienka BHS 5 kg</b>!<br><br><ul><li>Typ: Trávnik</li><li>Kapacita: 5 kg</li></ul>",Pop Pulse Emporium,https://cdnbigbuy.com/images/3366670001158_S71015051_P00.jpg,https://cdnbigbuy.com/images/3366670001158_S71015051_P10.jpg,https://cdnbigbuy.com/images/3366670001158_S71015051_P20.jpg,,113.54,2,NEW,4.8,14.11,16.03,5.1,1085.68,EUR,2,8,3
M0517150,4961311858819,sk-SK,Gardening & DIY,Toner Ricoh 431013 Čierna,Tillbaka till kontoret utan att ha glömt en enda pryl! Köp <b>Toner Ricoh 431013 Čierna</b> och låt dina kollegor avundas dig!<br><br><ul><li>Farba: Č,Tillbaka till kontoret utan att ha glömt en enda pryl! Köp <b>Toner Ricoh 431013 Čierna</b> och låt dina kollegor avundas dig!<br><br><ul><li>Farba: Čierna</li><li>Presnosť (relatívna vlhkosť): 20 % - 80 %</li><li>Vlastnosti: Originálny</li></ul>,Pop Pulse Emporium,https://cdnbigbuy.com/images/4961311858819_M0517150_P00.jpg,,,,146.38,1,NEW,36.0,18.0,13.0,0.87,8424.0,EUR,2,8,3
S7298590,7895653263659,sk-SK,Gardening & DIY,Pánske slnečné okuliare Arnette MWANBA AN 4322,"Ak radi nosíte trendy <b>módne doplnky</b> a váš štýl sa bez nich nezaobíde, nenechajte si ujsť <b>Pánske slnečné okuliare Arnette MWANBA AN 4322</b>!","Ak radi nosíte trendy <b>módne doplnky</b> a váš štýl sa bez nich nezaobíde, nenechajte si ujsť <b>Pánske slnečné okuliare Arnette MWANBA AN 4322</b>! Vyberte si tie najlepšie značkové <b>slnečné okuliare</b>.<br><br><ul><li>Typ: Pánske slnečné okuliare</li><li>Ochrana: 100% ochrana proti UV žiareniu (UV400)</li><li>Pohlavie: Muž</li><li>Materiál: Acetate</li></ul>",Pop Pulse Emporium,https://cdnbigbuy.com/images/7895653263659_S7298590_P10.jpg,https://cdnbigbuy.com/images/7895653263659_S7298590_P00.jpg,,,108.97,2,NEW,10.0,10.0,10.06,0.28,1006.0,EUR,2,8,3
S71008117,3760240783275,sk-SK,Gardening & DIY,Digitálna Osobné Váha Little Balance PRO M 225,"Ak vám záleží na zdraviu a hľadáte produkty, ktoré ponúkajú <b>ochranu a pohodu</b>, nakupujte <b>Digitálna Osobné Váha Little Balance PRO M 225</b> a","Ak vám záleží na zdraviu a hľadáte produkty, ktoré ponúkajú <b>ochranu a pohodu</b>, nakupujte <b>Digitálna Osobné Váha Little Balance PRO M 225</b> a iné <b>produkty Little Balance</b> za najlepšie ceny.<br><br><ul><li>Maximálna povolená hmotnosť: 225 kg</li><li>Obsahuje: Batérie</li><li>Rozhodnutie: LCD</li><li>Technológia: LCD</li></ul>",Pop Pulse Emporium,https://cdnbigbuy.com/images/3760240783275_S71008117_P10.jpg,https://cdnbigbuy.com/images/3760240783275_S71008117_P00.jpg,,,113.49,9,NEW,44.8,32.6,7.6,2.42,11099.65,EUR,2,8,3
M0806229,6921815628682,sk-SK,Gardening & DIY,Slúchadlá s Bluetooth OnePlus OnePlus Buds 4 Sivá,"Ak sú <b>počítače a elektronika</b> vašou vášňou a máte radi aktualizácie z oblasti technológie, a neuniknú vám ani najmenšie detajly, zakúpte <b>Slúc","Ak sú <b>počítače a elektronika</b> vašou vášňou a máte radi aktualizácie z oblasti technológie, a neuniknú vám ani najmenšie detajly, zakúpte <b>Slúchadlá s Bluetooth OnePlus OnePlus Buds 4 Sivá</b> za neporaziteľnú cenu.<br><br><ul><li>Typ: Slúchadlá</li><li>Farba: Sivá</li><li>Pripojenie: USB-C</li></ul>",Pop Pulse Emporium,https://cdnbigbuy.com/images/6921815628682_M0806229_P00.jpg,https://cdnbigbuy.com/images/6921815628682_M0806229_P10.jpg,https://cdnbigbuy.com/images/6921815628682_M0806229_P20.jpg,,134.4,1,NEW,19.0,10.0,12.0,1.8,2280.0,EUR,2,8,3
S7724902,5711045490286,sk-SK,Gardening & DIY,Príslušenstvo Zebra 800261-107 (30960 Štítky) (12 kusov),Tillbaka till kontoret utan att ha glömt en enda pryl! Köp <b>Príslušenstvo Zebra 800261-107 (30960 Štítky) (12 kusov)</b> och låt dina kollegor avund,Tillbaka till kontoret utan att ha glömt en enda pryl! Köp <b>Príslušenstvo Zebra 800261-107 (30960 Štítky) (12 kusov)</b> och låt dina kollegor avundas dig!<br><br><ul><li>Typ: Lepidlá</li><li>Farba: Biela</li><li>Kusov: <ul><li>30960 Štítky</li><li>12 kusov</li></ul></li><li>Materiál: Papier</li><li>Technológia: Tepelný</li></ul>,Pop Pulse Emporium,https://cdnbigbuy.com/images/5711045490286_R00.jpg,,,,180.16,2,NEW,26.2,26.2,21.5,5.36,14758.46,EUR,2,8,3
S0462361,0711719590392,sk-SK,Gardening & DIY,Slúchadlá Sony 1000044483,"Ak hľadáte nové trendy na trhu, predstavujeme <b>Slúchadlá Sony 1000044483</b>!<br><br><ul><li>Typ: Slúchadlá</li></ul>","Ak hľadáte nové trendy na trhu, predstavujeme <b>Slúchadlá Sony 1000044483</b>!<br><br><ul><li>Typ: Slúchadlá</li></ul>",Pop Pulse Emporium,https://cdnbigbuy.com/images/0711719590392_S0462361_P00.jpg,,,,187.5,1,NEW,15.52,15.05,11.41,0.26,2665.1,EUR,2,8,3
S0441371,8007403168803,sk-SK,Gardening & DIY,Vyhrievané deky Daga S.C. 16880 150 X 160 CM ,"<p>Ak chcete vášmu domovu dodať kúsok originality, môžete tak urobiť s <b>Vyhrievané deky Daga S.C. 16880 150 X 160 CM </b>.</p><br><ul><li>Približné ","<p>Ak chcete vášmu domovu dodať kúsok originality, môžete tak urobiť s <b>Vyhrievané deky Daga S.C. 16880 150 X 160 CM </b>.</p><br><ul><li>Približné rozmery: 150 X 160 CM </li><li>Príkon: 150 W</li></ul>",Pop Pulse Emporium,https://cdnbigbuy.com/images/80074031688032.jpg,,,,162.57,10,NEW,30.78,36.7,12.58,1.27,14210.7,EUR,2,8,3
S5629193,5901969439212,sk-SK,Gardening & DIY,Počítačová skriňa ATX v prevedení midi-tower Genesis NPC-2046 Čierna,"Ak sú <b>počítače a elektronika</b> vašou vášňou a máte radi aktualizácie z oblasti technológie, a neuniknú vám ani najmenšie detajly, zakúpte <b>Počí","Ak sú <b>počítače a elektronika</b> vašou vášňou a máte radi aktualizácie z oblasti technológie, a neuniknú vám ani najmenšie detajly, zakúpte <b>Počítačová skriňa ATX v prevedení midi-tower Genesis NPC-2046 Čierna</b> za neporaziteľnú cenu.<br><br><ul><li>Typ: <ul><li>Počítačová skriňa ATX v prevedení midi-tower</li><li>PC</li><li>Gaming</li></ul></li><li>Farba: Čierna</li><li>Hĺbka: 420 mm</li><li>Osvetlenie: No</li><li>Vlastnosti: Tlačidlo na zapnutie</li><li>Porty: Zvukový záznam</li><li>For",Pop Pulse Emporium,https://cdnbigbuy.com/images/5901969439212_I10.jpg,https://cdnbigbuy.com/images/5901969439212_I30.jpg,,,103.28,10,NEW,53.0,28.0,49.0,8.1,72716.0,EUR,2,8,3
S37113873,8435682605786,sk-SK,Gardening & DIY,"Súprava skrutiek OMP OMPS09981208 28 mm zelená M12 x 1,50","Vybavte svoje vozidlo najnovšími výrobkami! Kúpte si <b>Súprava skrutiek OMP OMPS09981208 28 mm zelená M12 x 1,50</b> a nenechajte si ujsť žiadne deta","Vybavte svoje vozidlo najnovšími výrobkami! Kúpte si <b>Súprava skrutiek OMP OMPS09981208 28 mm zelená M12 x 1,50</b> a nenechajte si ujsť žiadne detaily!<br><br><ul><li>Farba: zelená</li><li>Skrutka: M12 x 1,50</li><li>Dĺžka: 28 mm</li><li>Typ: DIN 12.9</li><li>Kusov: 20 kusov</li><li>Materiál: Aluminium</li></ul>",Pop Pulse Emporium,https://cdnbigbuy.com/images/8435682605786_S37113873_P00.jpg,,,,141.6,1,NEW,5.0,5.0,5.0,1.0,125.0,EUR,2,8,3
S7175328,8003507757585,sk-SK,Gardening & DIY,Kvetináč Stefanplast Deluxe 43 x 43 x 142 cm Sivá,"Ak pri zariaďovaní vášho domova kladiete dôraz na všetky detaily a chcete byť priebežne informovaný o najnovších výrobkoch, ktoré vám uľahčia život, n","Ak pri zariaďovaní vášho domova kladiete dôraz na všetky detaily a chcete byť priebežne informovaný o najnovších výrobkoch, ktoré vám uľahčia život, nakupujte <b>Kvetináč Stefanplast Deluxe 43 x 43 x 142 cm Sivá</b> za tú najlepšiu cenu.<br><br><ul><li>Typ: Kvetináč</li><li>Farba: Sivá</li><li>Približné rozmery: 43 x 43 x 142 cm</li></ul>",Pop Pulse Emporium,https://cdnbigbuy.com/images/8003507757585_S7175328_P02.jpg,,,,113.4,2,NEW,64.0,46.0,23.0,5.26,67712.0,EUR,2,8,3
S7232851,5700303014067,sk-SK,Gardening & DIY,Dámske prívesky Pandora SPIDER-MAN CAMERA SELFIE,"Predstavuje sa vám <b>Dámske prívesky Pandora SPIDER-MAN CAMERA SELFIE</b> a široký výber prstienkov, náramkov, náhrdelníkov, náušníc za skvelú cenu. ","Predstavuje sa vám <b>Dámske prívesky Pandora SPIDER-MAN CAMERA SELFIE</b> a široký výber prstienkov, náramkov, náhrdelníkov, náušníc za skvelú cenu. Získajte podrobné informácie o exkluzívnych elegantných šperkoch a bižutérii v rôznych štýloch, z ktorých si vyberie každý.<br><br><ul><li>Typ: <ul><li>Dámske prívesky</li><li>Korálky</li></ul></li><li>Pohlavie: Dáma</li><li>Materiál: Mincovné striebro 925</li><li>Obsahuje: K produktu dostanete originálnu krabičku</li></ul>",Pop Pulse Emporium,https://cdnbigbuy.com/images/5700303014067_R01.jpg,https://cdnbigbuy.com/images/5700303014067_R11.jpg,https://cdnbigbuy.com/images/5700303014067_R21.jpg,,101.68,1,NEW,10.0,10.0,10.0,0.3,1000.0,EUR,2,8,3
S91118704,0810036058315,sk-SK,Gardening & DIY,Elektrostimulátor Therabody TB02800-01,"Ak vám záleží na zdraviu a hľadáte produkty, ktoré ponúkajú <b>ochranu a pohodu</b>, nakupujte <b>Elektrostimulátor Therabody TB02800-01</b> a iné <b>","Ak vám záleží na zdraviu a hľadáte produkty, ktoré ponúkajú <b>ochranu a pohodu</b>, nakupujte <b>Elektrostimulátor Therabody TB02800-01</b> a iné <b>produkty Therabody</b> za najlepšie ceny.<br><br><ul><li>Farba: Modrá</li><li>Veľkosť: XL</li><li>Obsahuje: Batérie</li></ul>",Pop Pulse Emporium,https://cdnbigbuy.com/images/0810036058315_M0323235_P00.jpg,,,,177.14,5,NEW,17.0,5.0,25.0,0.5,2125.0,EUR,2,8,3
S71019541,8720169229815,sk-SK,Gardening & DIY,Led baterka Philips Biela E GU10 400 lm 2 kusov (6500 K),"Ak pri zariaďovaní vášho domova kladiete dôraz na všetky detaily a chcete byť priebežne informovaný o najnovších výrobkoch, ktoré vám uľahčia život, n","Ak pri zariaďovaní vášho domova kladiete dôraz na všetky detaily a chcete byť priebežne informovaný o najnovších výrobkoch, ktoré vám uľahčia život, nakupujte <b>Led baterka Philips Biela E GU10 400 lm 2 kusov (6500 K)</b> za tú najlepšiu cenu.<br><br><ul><li>Typ: <ul><li>Led baterka</li><li>Žiarovka</li></ul></li><li>Farba: Biela</li><li>Vlastnosti: Nastaviteľný</li><li>Energetická klasifikácia: E</li><li>Pätica: GU10</li><li>Kompatibilné: <ul><li>iOS, Android</li><li>Amazon Alexa</li><li>Googl",Pop Pulse Emporium,https://cdnbigbuy.com/images/8720169229815_S71019541_P00.jpg,https://cdnbigbuy.com/images/8720169229815_S71019541_P30.jpg,https://cdnbigbuy.com/images/8720169229815_S71019541_P40.jpg,https://cdnbigbuy.com/images/8720169229815_S71019541_P50.jpg,143.1,25,NEW,15.0,8.0,7.0,0.15,840.0,EUR,2,8,3
S0391210,0196237626196,sk-SK,Gardening & DIY,Taška do ruky Michael Kors Mercer,"Ak hľadáte nové trendy na trhu, predstavujeme <b>Taška do ruky Michael Kors Mercer</b>!<br><br><ul><li>Typ: Taška</li><li>Pohlavie: Dáma</li><li>Farba","Ak hľadáte nové trendy na trhu, predstavujeme <b>Taška do ruky Michael Kors Mercer</b>!<br><br><ul><li>Typ: Taška</li><li>Pohlavie: Dáma</li><li>Farba: Ružová</li><li>Zloženie: Koža</li><li>Typ zapínania: Zips</li><li>Obsahuje: Zahŕňa puzdro alebo obal značky</li><li>Približné rozmery: 30 x 23 x 10 cm</li></ul>",Pop Pulse Emporium,https://cdnbigbuy.com/images/0196237626196_S0391210_P00.jpg,https://cdnbigbuy.com/images/0196237626196_S0391210_P10.jpg,https://cdnbigbuy.com/images/0196237626196_S0391210_P20.jpg,,196.91,10,NEW,10.0,10.0,10.0,0.3,1000.0,EUR,2,8,3
S72114334,4894816159931,sk-SK,Gardening & DIY,Pánske hodinky Timberland TDWGI0068703,"Ak hľadáte nové trendy na trhu, predstavujeme <b>Pánske hodinky Timberland TDWGI0068703</b>!<br><br><ul><li>Pohlavie: Muž</li><li>Extra články reťaze:","Ak hľadáte nové trendy na trhu, predstavujeme <b>Pánske hodinky Timberland TDWGI0068703</b>!<br><br><ul><li>Pohlavie: Muž</li><li>Extra články reťaze: Č.</li><li>Druh hodiniek: Náramkové hodinky</li></ul>",Pop Pulse Emporium,https://cdnbigbuy.com/images/4894816159931_S72114334_P00.jpg,https://cdnbigbuy.com/images/113346_mandatory-watch0.jpg,https://cdnbigbuy.com/images/4894816159931_S72114334_P10.jpg,https://cdnbigbuy.com/images/4894816159931_S72114334_P20.jpg,199.64,2,NEW,14.15,12.43,10.11,0.3,1778.19,EUR,2,8,3
S91122552,5901571447308,sk-SK,Gardening & DIY,Chodítko na kolieskach Antar AT51006,"Ak hľadáte nové trendy na trhu, predstavujeme <b>Chodítko na kolieskach Antar AT51006</b>!<br><br><ul><li>Farba: <ul><li>Červená</li><li>Striebristý</","Ak hľadáte nové trendy na trhu, predstavujeme <b>Chodítko na kolieskach Antar AT51006</b>!<br><br><ul><li>Farba: <ul><li>Červená</li><li>Striebristý</li></ul></li><li>Materiál: Aluminium</li><li>Šírka: 59 cm</li><li>Dlhý: 51 cm</li><li>Približná hmotnosť: 7,35 KG</li><li>Skladateľný: áno</li><li>Odporúčaný vek: Deti</li></ul>",Pop Pulse Emporium,https://cdnbigbuy.com/images/5901571447308_S91122552_P00.jpg,https://cdnbigbuy.com/images/5901571447308_S91122552_P40.jpg,https://cdnbigbuy.com/images/5901571447308_S91122552_P50.jpg,https://cdnbigbuy.com/images/5901571447308_S91122552_P60.jpg,172.66,10,NEW,67.0,28.0,37.0,9.1,69412.0,EUR,2,8,3
S5633035,0765441773042,sk-SK,Gardening & DIY,Pamäť RAM Team Group FF4D532G6000HC38GDC01,"Ak hľadáte nové trendy na trhu, predstavujeme <b>Pamäť RAM Team Group FF4D532G6000HC38GDC01</b>!<br><br><ul><li>Typ: Pamäť (RAM)</li></ul>","Ak hľadáte nové trendy na trhu, predstavujeme <b>Pamäť RAM Team Group FF4D532G6000HC38GDC01</b>!<br><br><ul><li>Typ: Pamäť (RAM)</li></ul>",Pop Pulse Emporium,https://cdnbigbuy.com/images/0765441773042_S5633035_P00.jpg,https://cdnbigbuy.com/images/0765441773042_R20.jpg,https://cdnbigbuy.com/images/0765441773042_I20.jpg,https://cdnbigbuy.com/images/0765441773042_R70.jpg,137.17,10,NEW,14.21,8.93,5.47,0.09,694.12,EUR,2,8,3
S0452657,6941764417359,sk-SK,Gardening & DIY,Smartphony Realme Čierna 4 GB RAM 128 GB,"Ak sú <b>počítače a elektronika</b> vašou vášňou a máte radi aktualizácie z oblasti technológie, a neuniknú vám ani najmenšie detajly, zakúpte <b>Smar","Ak sú <b>počítače a elektronika</b> vašou vášňou a máte radi aktualizácie z oblasti technológie, a neuniknú vám ani najmenšie detajly, zakúpte <b>Smartphony Realme Čierna 4 GB RAM 128 GB</b> za neporaziteľnú cenu.<br><br><ul><li>Zásuvný produkt: áno</li><li>Typ: <ul><li>Smartphony</li><li>Dual SIM</li><li>LPDDR4X</li></ul></li><li>Druh zástrčky: EU zástrčky</li><li>Uhlopriečka obrazovky (cm): <ul><li>17,1 cm</li><li>16,5 cm</li><li>17 cm</li></ul></li><li>Obsahuje: <ul><li>Nabíjačka</li><li>Ochr",Pop Pulse Emporium,https://cdnbigbuy.com/images/6941764417359_S0452657_P01.jpg,,,,127.78,50,NEW,14.62,11.13,11.54,1.0,1877.8,EUR,2,8,3
S72124498,0889214215055,sk-SK,Gardening & DIY,Rám na okuliare Guess GU2813,"Ak rozmýšľate nad obnovením vášho šatníka, nakúpte <b>Rám na okuliare Guess GU2813</b> ďalšie <b>produkty Guess</b>! Najlepšia kvalita za najlepšiu ce","Ak rozmýšľate nad obnovením vášho šatníka, nakúpte <b>Rám na okuliare Guess GU2813</b> ďalšie <b>produkty Guess</b>! Najlepšia kvalita za najlepšiu cenu je už na dosah!<br><br><ul><li>Vlastnosti: Nedioptrické sklo</li><li>Typ: Rám na okuliare</li><li>Pohlavie: Unisex</li><li>Materiál: Kov</li></ul>",Pop Pulse Emporium,https://cdnbigbuy.com/images/0889214215055_S72124498_P00.jpg,,,,133.86,1,NEW,9.9,10.0,9.94,0.29,984.06,EUR,2,8,3
M0513478,0632983061268,sk-SK,Gardening & DIY,Toner Kyocera 1T02Y40NL0 Čierna,Tillbaka till kontoret utan att ha glömt en enda pryl! Köp <b>Toner Kyocera 1T02Y40NL0 Čierna</b> och låt dina kollegor avundas dig!<br><br><ul><li>Fa,Tillbaka till kontoret utan att ha glömt en enda pryl! Köp <b>Toner Kyocera 1T02Y40NL0 Čierna</b> och låt dina kollegor avundas dig!<br><br><ul><li>Farba: Čierna</li><li>Typ: Toner</li><li>Vlastnosti: Originálny</li></ul>,Pop Pulse Emporium,https://cdnbigbuy.com/images/0632983061268_M0513478_P00.jpg,,,,142.95,18,NEW,38.5,11.5,15.5,1.0,6862.62,EUR,2,8,3
S55058042,0065030870153,sk-SK,Gardening & DIY,Držiak monitoru Startech ARMBARDUOV          ,"Ak sú <b>počítače a elektronika</b> vašou vášňou a máte radi aktualizácie z oblasti technológie, a neuniknú vám ani najmenšie detajly, zakúpte <b>Drži","Ak sú <b>počítače a elektronika</b> vašou vášňou a máte radi aktualizácie z oblasti technológie, a neuniknú vám ani najmenšie detajly, zakúpte <b>Držiak monitoru Startech ARMBARDUOV          </b> za neporaziteľnú cenu.<br><br><ul><li>Typ: Držiak</li><li>Farba: Čierna</li><li>Šírka: 316 mm</li><li>Typ montáže: Písací stôl</li><li>Plátno: <ul><li>27""</li><li>13""</li></ul></li><li>Montáž: Samostatný</li><li>VESA: <ul><li>10 x 10 cm</li><li>7,5 x 7,5 cm</li></ul></li><li>Kompatibilné: VESA 100 x 100",Pop Pulse Emporium,https://cdnbigbuy.com/images/207145522.jpg,https://cdnbigbuy.com/images/207145582.jpg,https://cdnbigbuy.com/images/297172722.jpg,,153.79,5,NEW,46.0,33.0,11.0,4.89,16698.0,EUR,2,8,3
S2233089,4899888746317,sk-SK,Gardening & DIY,"Panvica na omelety Quttin Infinity Plus 44 x 24,5 x 4 cm (6 kusov)","Ak pri zariaďovaní vášho domova kladiete dôraz na všetky detaily a chcete byť priebežne informovaný o najnovších výrobkoch, ktoré vám uľahčia život, n","Ak pri zariaďovaní vášho domova kladiete dôraz na všetky detaily a chcete byť priebežne informovaný o najnovších výrobkoch, ktoré vám uľahčia život, nakupujte <b>Panvica na omelety Quttin Infinity Plus 44 x 24,5 x 4 cm (6 kusov)</b> za tú najlepšiu cenu.<br><br><ul><li>Typ: Nástroje a príslušenstvo pre kuchyňu</li><li>Hrúbka: 2,5 mm</li><li>Kusov: 6 kusov</li><li>Približné rozmery: 44 x 24,5 x 4 cm</li></ul>",Pop Pulse Emporium,https://cdnbigbuy.com/images/S2233089_P0_WBG_icon1.jpg,https://cdnbigbuy.com/images/S2233089_P0_WBG1.jpg,,,130.22,50,NEW,51.0,32.0,28.0,8.48,45696.0,EUR,2,8,3
S9909778,5605922015047,sk-SK,Gardening & DIY,Interaktívny Systém Neprerušovaného Napájania UPS Phasak PH 9420 1200 W,"Ak sú <b>počítače a elektronika</b> vašou vášňou a máte radi aktualizácie z oblasti technológie, a neuniknú vám ani najmenšie detajly, zakúpte <b>Inte","Ak sú <b>počítače a elektronika</b> vašou vášňou a máte radi aktualizácie z oblasti technológie, a neuniknú vám ani najmenšie detajly, zakúpte <b>Interaktívny Systém Neprerušovaného Napájania UPS Phasak PH 9420 1200 W</b> za neporaziteľnú cenu.<br><br><ul><li>Typ: Interaktívny Systém Neprerušovaného Napájania UPS</li><li>Zásuvný produkt: áno</li><li>Druh zástrčky: EU zástrčky</li><li>Pripojenie: <ul><li>Schuko x 4</li><li>USB</li><li>RJ45</li><li>AC x 4</li></ul></li><li>Farba: Čierna</li><li>Vl",Pop Pulse Emporium,https://cdnbigbuy.com/images/5605922015047_I00.jpg,https://cdnbigbuy.com/images/5605922015047_I40.jpg,https://cdnbigbuy.com/images/5605922015047_I20.jpg,,185.54,5,NEW,39.0,19.5,27.5,11.6,20913.75,EUR,2,8,3
S8905207,4899888762027,sk-SK,Gardening & DIY,Kolieskové korčule Colorbaby Žltá 36-37 (4 kusov),Udržujte sa vo forme a objavte posledné novinky zo sveta športu s tými najväčšími zárukami! Nakúpte <b>Kolieskové korčule Colorbaby Žltá 36-37 (4 kuso,Udržujte sa vo forme a objavte posledné novinky zo sveta športu s tými najväčšími zárukami! Nakúpte <b>Kolieskové korčule Colorbaby Žltá 36-37 (4 kusov)</b> za najlepšiu cenu a užívajte si zdravý život!<br><br><ul><li>Farba: Žltá</li><li>Materiál: Plastické</li><li>Vlastnosti: <ul><li>Nastaviteľný</li><li>Rovnováha</li></ul></li><li>Odporúčaný vek: + 3 rokov</li><li>Kusov: 4 kusov</li><li>Veľkosť: 36-37</li><li>Maximálna povolená hmotnosť: 50 kg</li></ul>,Pop Pulse Emporium,https://cdnbigbuy.com/images/s8905207_p0_icon1.jpg,https://cdnbigbuy.com/images/S8905207_P31.jpg,https://cdnbigbuy.com/images/S8905207_P41.jpg,https://cdnbigbuy.com/images/S8905207_P51.jpg,134.91,48,NEW,46.5,47.0,33.5,9.54,73214.25,EUR,2,8,3
S0463909,8720689023009,sk-SK,Gardening & DIY,Elektrická zubná kefka Philips HX7108/02 SONICARE 5300,"Dajte si záležať na <b>ústnej hygiene</b> a používajte kvalitné produkty, ako sú výrobky značky <b>[[value_product_name]</b>!<br><br><ul><li>Zásuvný p","Dajte si záležať na <b>ústnej hygiene</b> a používajte kvalitné produkty, ako sú výrobky značky <b>[[value_product_name]</b>!<br><br><ul><li>Zásuvný produkt: áno</li><li>Druh zástrčky: EU zástrčky</li><li>Farba: Biela</li><li>Vlastnosti: Časový spínač</li><li>Typ batérie: <ul><li>Zabudovaná/ý</li><li>Dobíjacie batérie</li><li>Litio Ion</li></ul></li><li>Napájací Zdroj: Batérie</li><li>Programy: 1</li><li>Typ: <ul><li>Tlakový snímač</li><li>Sonická zubná kefka</li></ul></li><li>Napätie: 100 - 240",Pop Pulse Emporium,https://cdnbigbuy.com/images/8720689023009_I00.jpg,https://cdnbigbuy.com/images/8720689023009_I10.jpg,,,106.11,9,NEW,17.67,12.02,16.0,0.4,3398.29,EUR,2,8,3
M0521629,4549292226690,sk-SK,Gardening & DIY,Originálne atramentové náplne Canon PRO-2600 PRO-4600 PRO-6600 Purpurová,"Ak sú <b>počítače a elektronika</b> vašou vášňou a máte radi aktualizácie z oblasti technológie, a neuniknú vám ani najmenšie detajly, zakúpte <b>Orig","Ak sú <b>počítače a elektronika</b> vašou vášňou a máte radi aktualizácie z oblasti technológie, a neuniknú vám ani najmenšie detajly, zakúpte <b>Originálne atramentové náplne Canon PRO-2600 PRO-4600 PRO-6600 Purpurová</b> za neporaziteľnú cenu.<br><br><ul><li>Typ: Originálne atramentové náplne</li><li>Farba: Purpurová</li><li>Kapacita: 160 ml</li><li>Vlastnosti: Originálny</li></ul>",Pop Pulse Emporium,https://cdnbigbuy.com/images/4549292226690_M0521629_P00.jpg,,,,118.44,5,NEW,14.5,5.3,14.5,0.32,1114.32,EUR,2,8,3
S0365341,0091661517204,sk-SK,Gardening & DIY,Unisex hodinky Guess GW0209G1 (Ø 47 mm),"Ak sledujete trendy v oblasti módy a doplnkov, nakupujte <b>Unisex hodinky Guess GW0209G1 (Ø 47 mm)</b> za najlepšie ceny.<br><br><ul><li>Extra články","Ak sledujete trendy v oblasti módy a doplnkov, nakupujte <b>Unisex hodinky Guess GW0209G1 (Ø 47 mm)</b> za najlepšie ceny.<br><br><ul><li>Extra články reťaze: Č.</li><li>Pohlavie: Unisex</li><li>Farba: Striebristý</li><li>Druh hodiniek: Náramkové hodinky</li><li>Približný priemer: 45 mm</li><li>Vlastnosti: Multifunkčný</li><li>Materiál puzdra hodiniek: Nerezová oceľ</li><li>Typ pohybu: Kremeň</li><li>Sklo: Minerál</li><li>Vodeodolnosť: 5 atm</li><li>Obsahuje: Zahŕňa puzdro alebo obal značky</li>",Pop Pulse Emporium,https://cdnbigbuy.com/images/0091661517204_R0_WBG3.jpg,https://cdnbigbuy.com/images/0091661517204_R2_WBG3.jpg,https://cdnbigbuy.com/images/0091661517204_S0365341_P0_WBG3.jpg,https://cdnbigbuy.com/images/61702_mandatory-watch3.jpg,154.22,50,NEW,10.0,10.0,10.0,0.3,1000.0,EUR,2,8,3
S9137316,5902533921591,sk-SK,Gardening & DIY,Autosedačka Kinderkraft KCJUFI20BLU0000 Modrá,"Pre naše deti chceme len to najlepšie, a preto by sme Vám chceli predstaviť <b>Autosedačka Kinderkraft KCJUFI20BLU0000 Modrá</b>, perfektný pre všetký","Pre naše deti chceme len to najlepšie, a preto by sme Vám chceli predstaviť <b>Autosedačka Kinderkraft KCJUFI20BLU0000 Modrá</b>, perfektný pre všetkých, ktorí hľadajú kvalitatívne vysokohodnotný produkt pre najmenších. Nakúpte <b>Kinderkraft</b> a ďalšie značky a licencie za tie najlepšie ceny!<br><br><ul><li>Farba: Modrá</li><li>Šírka: 42 cm</li><li>Vlastnosti: <ul><li>Odnímateľný</li><li>Opierka hlavy</li></ul></li><li>Vysoký: 66 cm</li><li>Typ: 3-bodové</li><li>Maximálna povolená hmotnosť: 3",Pop Pulse Emporium,https://cdnbigbuy.com/images/5902533921591_S9137316_P00.jpg,https://cdnbigbuy.com/images/5902533921591_S9137316_P30.jpg,https://cdnbigbuy.com/images/5902533921591_S9137316_P40.jpg,https://cdnbigbuy.com/images/5902533921591_S9137316_P50.jpg,105.78,50,NEW,45.0,62.0,30.0,7.0,83700.0,EUR,2,8,3
S7286311,8430622742859,sk-SK,Gardening & DIY,Pánske hodinky Festina F20466/2 Striebristý (Ø 40 mm),"Ak sledujete trendy v oblasti módy a doplnkov, nakupujte <b>Pánske hodinky Festina F20466/2 Striebristý (Ø 40 mm)</b> za najlepšie ceny.<br><br><ul><l","Ak sledujete trendy v oblasti módy a doplnkov, nakupujte <b>Pánske hodinky Festina F20466/2 Striebristý (Ø 40 mm)</b> za najlepšie ceny.<br><br><ul><li>Pohlavie: Muž</li><li>Extra články reťaze: Č.</li><li>Druh hodiniek: Náramkové hodinky</li><li>Rok: 2019</li><li>Materiál náramku: Titan</li><li>Materiál hodiniek: Titan</li><li>Farba: Striebristý</li><li>Farba cilindra: Modrá</li><li>Typ pohybu: Kremeň</li><li>Priemer puzdra hodiniek: Ø 40 mm</li></ul>",Pop Pulse Emporium,https://cdnbigbuy.com/images/8430622742859_S7286311_P01.jpg,https://cdnbigbuy.com/images/85368_mandatory-watch1.jpg,,,169.98,50,NEW,14.15,12.43,10.11,0.3,1778.19,EUR,2,8,3
S7274973,8430622788949,sk-SK,Gardening & DIY,Dámske hodinky Festina F20603/3,"Ak sledujete trendy v oblasti módy a doplnkov, nakupujte <b>Dámske hodinky Festina F20603/3</b> za najlepšie ceny.<br><br><ul><li>Pohlavie: Dáma</li><","Ak sledujete trendy v oblasti módy a doplnkov, nakupujte <b>Dámske hodinky Festina F20603/3</b> za najlepšie ceny.<br><br><ul><li>Pohlavie: Dáma</li><li>Extra články reťaze: Č.</li><li>Druh hodiniek: Náramkové hodinky</li><li>Materiál náramku: Nerezová oceľ</li><li>Materiál hodiniek: Nerezová oceľ</li><li>Farba: Striebristý</li><li>Design: Dáma</li><li>Farba cilindra: Modrá</li><li>Typ pohybu: Kremeň</li></ul>",Pop Pulse Emporium,https://cdnbigbuy.com/images/8430622788949_S7274973_P01.jpg,https://cdnbigbuy.com/images/74030_mandatory-watch1.jpg,,,189.6,50,NEW,39.0,19.0,10.0,0.4,7410.0,EUR,2,8,3
S37113872,8435682605779,sk-SK,Gardening & DIY,"Súprava skrutiek OMP OMPS09981210 28 mm Oranžová M12 x 1,50","Vybavte svoje vozidlo najnovšími výrobkami! Kúpte si <b>Súprava skrutiek OMP OMPS09981210 28 mm Oranžová M12 x 1,50</b> a nenechajte si ujsť žiadne de","Vybavte svoje vozidlo najnovšími výrobkami! Kúpte si <b>Súprava skrutiek OMP OMPS09981210 28 mm Oranžová M12 x 1,50</b> a nenechajte si ujsť žiadne detaily!<br><br><ul><li>Farba: Oranžová</li><li>Skrutka: M12 x 1,50</li><li>Dĺžka: 28 mm</li><li>Typ: DIN 12.9</li><li>Kusov: 20 kusov</li><li>Materiál: Aluminium</li></ul>",Pop Pulse Emporium,https://cdnbigbuy.com/images/8435682605779_S37113872_P00.jpg,,,,141.6,5,NEW,5.0,5.0,5.0,1.0,125.0,EUR,2,8,3
S91119224,0694318024812,sk-SK,Gardening & DIY,Náušníky M-Audio BX3 PAIRBT,"Ak sú <b>počítače a elektronika</b> vašou vášňou a máte radi aktualizácie z oblasti technológie, a neuniknú vám ani najmenšie detajly, zakúpte <b>Náuš","Ak sú <b>počítače a elektronika</b> vašou vášňou a máte radi aktualizácie z oblasti technológie, a neuniknú vám ani najmenšie detajly, zakúpte <b>Náušníky M-Audio BX3 PAIRBT</b> za neporaziteľnú cenu.<br><br><ul><li>Pripojenie: <ul><li>RCA</li><li>Bluetooth</li></ul></li><li>Farba: Čierna</li><li>Príkon: 120 W</li></ul>",Pop Pulse Emporium,https://cdnbigbuy.com/images/0694318024812_S7844588_P00.jpg,https://cdnbigbuy.com/images/0694318024812_S7844588_P60.jpg,https://cdnbigbuy.com/images/0694318024812_S7844588_P10.jpg,https://cdnbigbuy.com/images/0694318024812_S7844588_P20.jpg,120.62,1,NEW,42.6,25.2,33.6,4.76,36070.27,EUR,2,8,3
S37113764,8000866103954,sk-SK,Gardening & DIY,Detský kočík Mickey Mouse CZ10395 Modrá Skladateľný,"Pre naše deti chceme len to najlepšie, a preto by sme Vám chceli predstaviť <b>Detský kočík Mickey Mouse CZ10395 Modrá Skladateľný</b>, perfektný pre ","Pre naše deti chceme len to najlepšie, a preto by sme Vám chceli predstaviť <b>Detský kočík Mickey Mouse CZ10395 Modrá Skladateľný</b>, perfektný pre všetkých, ktorí hľadajú kvalitatívne vysokohodnotný produkt pre najmenších. Nakúpte <b>Mickey Mouse</b> a ďalšie značky a licencie za tie najlepšie ceny!<br><br><ul><li>Vlastnosti: <ul><li>Skladateľný</li><li>Vrátane striešky</li><li>Vyplnené</li><li>Systém proti vetru</li><li>Ľahký</li><li>S brzdami</li></ul></li><li>Odporúčaný vek: 6 - 36 mesiaco",Pop Pulse Emporium,https://cdnbigbuy.com/images/8000866103954_S37113764_P01.jpg,https://cdnbigbuy.com/images/8000866103954_R41.jpg,https://cdnbigbuy.com/images/8000866103954_R01.jpg,https://cdnbigbuy.com/images/8000866103954_R11.jpg,175.74,1,NEW,10.0,50.0,80.0,3.0,40000.0,EUR,2,8,3
S91111833,8720689021708,sk-SK,Gardening & DIY,Elektrická zubná kefka Philips HX7119/01,"Dajte si záležať na <b>ústnej hygiene</b> a používajte kvalitné produkty, ako sú výrobky značky <b>[[value_product_name]</b>!<br><br><ul><li>Zásuvný p","Dajte si záležať na <b>ústnej hygiene</b> a používajte kvalitné produkty, ako sú výrobky značky <b>[[value_product_name]</b>!<br><br><ul><li>Zásuvný produkt: áno</li><li>Druh zástrčky: EU zástrčky</li><li>Typ: <ul><li>Bielič na zuby</li><li>Sonická zubná kefka</li><li>Tlakový snímač</li></ul></li><li>Farba: Biela</li><li>Vlastnosti: <ul><li>Ergonomická rúčka</li><li>Dobíjacie batérie</li><li>Vstavaná batéria</li><li>Na denné použitie</li><li>Tlakový snímač</li><li>Časový spínač</li><li>Nabíjacia",Pop Pulse Emporium,https://cdnbigbuy.com/images/8720689021708_S91111833_P00.jpg,https://cdnbigbuy.com/images/8720689021708_S91111833_P20.jpg,https://cdnbigbuy.com/images/8720689021708_S91111833_P30.jpg,https://cdnbigbuy.com/images/8720689021708_S91111833_P40.jpg,182.12,45,NEW,12.4,23.8,17.5,0.77,5164.6,EUR,2,8,3
S71012849,4053423254143,sk-SK,Gardening & DIY,Sieťový adaptér BOSCH,"Ak hľadáte nové trendy na trhu, predstavujeme <b>Sieťový adaptér BOSCH</b>!<br><br><ul><li>Typ: Sieťový adaptér</li><li>Zásuvný produkt: áno</li></ul>","Ak hľadáte nové trendy na trhu, predstavujeme <b>Sieťový adaptér BOSCH</b>!<br><br><ul><li>Typ: Sieťový adaptér</li><li>Zásuvný produkt: áno</li></ul>",Pop Pulse Emporium,https://cdnbigbuy.com/images/4053423254143_S71012849_P00.jpg,https://cdnbigbuy.com/images/4053423254143R30.jpg,https://cdnbigbuy.com/images/4053423254143R40.jpg,https://cdnbigbuy.com/images/4053423254143R50.jpg,111.25,2,NEW,20.0,39.0,7.0,3.77,5460.0,EUR,2,8,3
S37114934,8056690438830,sk-SK,Gardening & DIY,Prilba OMP Star Biela XL,Vybavte svoje vozidlo najnovšími výrobkami! Kúpte si <b>Prilba OMP Star Biela XL</b> a nenechajte si ujsť žiadne detaily!<br><br><ul><li>Certifikát: E,Vybavte svoje vozidlo najnovšími výrobkami! Kúpte si <b>Prilba OMP Star Biela XL</b> a nenechajte si ujsť žiadne detaily!<br><br><ul><li>Certifikát: ECE 22.06</li><li>Farba: Biela</li><li>Veľkosť: XL</li></ul>,Pop Pulse Emporium,https://cdnbigbuy.com/images/8056690438830_S37114934_P01.jpg,https://cdnbigbuy.com/images/114483_mandatory-motor1.jpg,,,118.02,1,NEW,50.0,50.0,40.0,5.0,100000.0,EUR,2,8,3
S0371223,4894816001124,sk-SK,Gardening & DIY,Pánske hodinky Police PL-16114JSU-03 (Ø 45 mm),"Ak sledujete trendy v oblasti módy a doplnkov, nakupujte <b>Pánske hodinky Police PL-16114JSU-03 (Ø 45 mm)</b> za najlepšie ceny.<br><br><ul><li>Pohla","Ak sledujete trendy v oblasti módy a doplnkov, nakupujte <b>Pánske hodinky Police PL-16114JSU-03 (Ø 45 mm)</b> za najlepšie ceny.<br><br><ul><li>Pohlavie: Muž</li><li>Typ pohybu: Kremeň</li><li>Obsahuje: K produktu dostanete originálnu krabičku</li><li>Priemer puzdra hodiniek: Ø 45 mm</li><li>Sklo: Minerál</li><li>Vodeodolnosť: <ul><li>3 atm</li><li>5 atm</li></ul></li><li>Materiál náramku: Koža</li><li>Extra články reťaze: Č.</li><li>Druh hodiniek: Náramkové hodinky</li><li>Približný priemer: 4",Pop Pulse Emporium,https://cdnbigbuy.com/images/4894816001124_S0371223_P01.jpg,https://cdnbigbuy.com/images/67585_mandatory-watch1.jpg,,,118.66,50,NEW,32.0,19.0,10.0,0.4,6080.0,EUR,2,8,3
S05109212,9120066430793,sk-SK,Gardening & DIY,Tequila Padre Azul Biela 700 ml,"Ak pri zariaďovaní vášho domova kladiete dôraz na všetky detaily a chcete byť priebežne informovaný o najnovších výrobkoch, ktoré vám uľahčia život, n","Ak pri zariaďovaní vášho domova kladiete dôraz na všetky detaily a chcete byť priebežne informovaný o najnovších výrobkoch, ktoré vám uľahčia život, nakupujte <b>Tequila Padre Azul Biela 700 ml</b> za tú najlepšiu cenu.<br><br><ul><li>Typ: <ul><li>Biela</li><li>Nápoj</li></ul></li><li>Obsah alkoholu: 40 %</li></ul>",Pop Pulse Emporium,https://cdnbigbuy.com/images/9120066430793_R01.jpg,,,,115.73,10,NEW,10.0,10.0,26.5,0.7,2650.0,EUR,2,8,3
S0407382,8422248100823,sk-SK,Gardening & DIY,Odsávač pre kuchyňu Cata PROFESSIONAL 750 L,"Ak chcete zrenovovať svoju kuchyňu, kúpte si <b>Odsávač pre kuchyňu Cata PROFESSIONAL 750 L</b> a ďalšie <b>produkty Cata</b>! Najlepšiu kvalitu za na","Ak chcete zrenovovať svoju kuchyňu, kúpte si <b>Odsávač pre kuchyňu Cata PROFESSIONAL 750 L</b> a ďalšie <b>produkty Cata</b>! Najlepšiu kvalitu za najlepšiu cenu máte na dosah!<br><br><ul><li>Zásuvný produkt: áno</li><li>Druh zástrčky: EU zástrčky</li><li>Typ: <ul><li>Odsávač pre kuchyňu</li><li>Nástenný</li></ul></li><li>Farba: Biela</li><li>Materiál: <ul><li>Kov</li><li>Plastické</li></ul></li><li>Napätie: 230 V</li><li>Typ montáže: Montáž na stenu</li><li>Úroveň hluku: 49 dB</li><li>Vstavaný",Pop Pulse Emporium,https://cdnbigbuy.com/images/8422248100823_0_P01.jpg,,,,128.16,10,NEW,46.0,37.0,25.0,6.2,42550.0,EUR,2,8,3
S7157864,4009847084613,sk-SK,Gardening & DIY,Sada náradia pre deti Klein Workbench  82 Kusy,"Pre naše deti chceme len to najlepšie, a preto by sme Vám chceli predstaviť <b>Sada náradia pre deti Klein Workbench  82 Kusy</b>, perfektný pre všetk","Pre naše deti chceme len to najlepšie, a preto by sme Vám chceli predstaviť <b>Sada náradia pre deti Klein Workbench  82 Kusy</b>, perfektný pre všetkých, ktorí hľadajú kvalitatívne vysokohodnotný produkt pre najmenších. Nakúpte <b>Klein</b> za tie najlepšie ceny!<br><br><ul><li>Odporúčaný vek: + 3 rokov</li><li>Počet kusov: 82 Kusy</li><li>Typ: Pracovný stôl</li></ul>",Pop Pulse Emporium,https://cdnbigbuy.com/images/4009847084613_S7157864_P02.jpg,,,,105.6,4,NEW,85.0,59.0,14.0,4.4,70210.0,EUR,2,8,3
S0462034,0759454301040,sk-SK,Gardening & DIY,Rádiobudík Pure PURE MOMENT,"Ak hľadáte nové trendy na trhu, predstavujeme <b>Rádiobudík Pure PURE MOMENT</b>!<br><br><ul><li>Farba: Biela</li><li>Vlastnosti: Podsvietenie</li></u","Ak hľadáte nové trendy na trhu, predstavujeme <b>Rádiobudík Pure PURE MOMENT</b>!<br><br><ul><li>Farba: Biela</li><li>Vlastnosti: Podsvietenie</li></ul>",Pop Pulse Emporium,https://cdnbigbuy.com/images/0759454301040R00.jpg,https://cdnbigbuy.com/images/0759454301040R10.jpg,https://cdnbigbuy.com/images/0759454301040R20.jpg,,155.67,2,NEW,15.0,15.95,13.19,0.48,3155.71,EUR,2,8,3
S7275112,8430622618680,sk-SK,Gardening & DIY,Pánske hodinky Festina F16820/2 Striebristý,"Ak sledujete trendy v oblasti módy a doplnkov, nakupujte <b>Pánske hodinky Festina F16820/2 Striebristý</b> za najlepšie ceny.<br><br><ul><li>Pohlavie","Ak sledujete trendy v oblasti módy a doplnkov, nakupujte <b>Pánske hodinky Festina F16820/2 Striebristý</b> za najlepšie ceny.<br><br><ul><li>Pohlavie: Muž</li><li>Extra články reťaze: Č.</li><li>Druh hodiniek: Náramkové hodinky</li><li>Krajina / Región výroby: Čína</li><li>Rok: 2019</li><li>Materiál náramku: Nerezová oceľ</li><li>Materiál hodiniek: Nerezová oceľ</li><li>Farba: Striebristý</li><li>Funguje na batérie: AA x 1, priložené</li><li>Farba cilindra: Modrá</li><li>Typ pohybu: Kremeň</li>",Pop Pulse Emporium,https://cdnbigbuy.com/images/8430622618680_S7275112_P01.jpg,https://cdnbigbuy.com/images/74169_mandatory-watch1.jpg,,,189.6,50,NEW,32.0,19.0,10.0,0.4,6080.0,EUR,2,8,3
S7197473,4063846445233,sk-SK,Gardening & DIY,Stolička Step Cybex Lemo 2 Montessori metóda Modrá,"Pre naše deti chceme len to najlepšie, a preto by sme Vám chceli predstaviť <b>Stolička Step Cybex Lemo 2 Montessori metóda Modrá</b>, perfektný pre v","Pre naše deti chceme len to najlepšie, a preto by sme Vám chceli predstaviť <b>Stolička Step Cybex Lemo 2 Montessori metóda Modrá</b>, perfektný pre všetkých, ktorí hľadajú kvalitatívne vysokohodnotný produkt pre najmenších. Nakúpte <b>Cybex</b> a ďalšie značky a licencie za tie najlepšie ceny!<br><br><ul><li>Typ: <ul><li>Stolička</li><li>Príslušenstvo</li></ul></li><li>Vlastnosti: <ul><li>Inšpirovaný metódou Montessori</li><li>Montessori metóda</li><li>Protišmykový</li></ul></li><li>Farba: Modr",Pop Pulse Emporium,https://cdnbigbuy.com/images/4063846445233_S7197473_P00.jpg,https://cdnbigbuy.com/images/4063846445233_S7197473_P40.jpg,https://cdnbigbuy.com/images/4063846445233_S7197473_P50.jpg,https://cdnbigbuy.com/images/4063846445233_S7197473_P10.jpg,144.35,2,NEW,36.6,46.0,14.6,2.16,24580.56,EUR,2,8,3
S72125094,4894327113262,sk-SK,Gardening & DIY,Rám na okuliare Yohji Yamamoto YY1011 52710,"Ak rozmýšľate nad obnovením vášho šatníka, nakúpte <b>Rám na okuliare Yohji Yamamoto YY1011 52710</b> ďalšie <b>produkty Yohji Yamamoto</b>! Najlepšia","Ak rozmýšľate nad obnovením vášho šatníka, nakúpte <b>Rám na okuliare Yohji Yamamoto YY1011 52710</b> ďalšie <b>produkty Yohji Yamamoto</b>! Najlepšia kvalita za najlepšiu cenu je už na dosah!<br><br><ul><li>Pohlavie: Unisex</li><li>Vlastnosti: Nedioptrické sklo</li><li>Typ: Rám na okuliare</li></ul>",Pop Pulse Emporium,https://cdnbigbuy.com/images/4894327113262_S72125094_P00.jpg,https://cdnbigbuy.com/images/4894327113262_S72125094_P10.jpg,https://cdnbigbuy.com/images/4894327113262_S72125094_P20.jpg,,111.63,25,NEW,9.9,10.0,9.94,0.29,984.06,EUR,2,8,3
S0452894,8006540841433,sk-SK,Gardening & DIY,Ústna sprcha Oral-B Biela,"Dajte si záležať na <b>ústnej hygiene</b> a používajte kvalitné produkty, ako sú výrobky značky <b>[[value_product_name]</b>!<br><br><ul><li>Kapacita:","Dajte si záležať na <b>ústnej hygiene</b> a používajte kvalitné produkty, ako sú výrobky značky <b>[[value_product_name]</b>!<br><br><ul><li>Kapacita: 600 ml</li><li>Farba: Biela</li><li>Typ: Ústna sprcha</li><li>Vlastnosti: Nastaviteľný</li></ul>",Pop Pulse Emporium,https://cdnbigbuy.com/images/8006540841433_S0452894_P01.jpg,,,,110.57,16,NEW,17.1,18.8,23.2,1.17,7458.34,EUR,2,8,3
S9902813,0888793238004,sk-SK,Gardening & DIY,Originálny toner HP 201X Žltá,Tillbaka till kontoret utan att ha glömt en enda pryl! Köp <b>Originálny toner HP 201X Žltá</b> och låt dina kollegor avundas dig!<br><br><ul><li>Farb,Tillbaka till kontoret utan att ha glömt en enda pryl! Köp <b>Originálny toner HP 201X Žltá</b> och låt dina kollegor avundas dig!<br><br><ul><li>Farba: Žltá</li><li>Technológia: Láser</li><li>Typ: Toner</li></ul>,Pop Pulse Emporium,https://cdnbigbuy.com/images/0888793238004_3_A00.jpg,https://cdnbigbuy.com/images/0888793238004_2_A10.jpg,https://cdnbigbuy.com/images/0888793238004_5_A20.jpg,https://cdnbigbuy.com/images/0888793238004_4_A10.jpg,167.2,2,NEW,24.38,92.2,28.19,0.8,63387.26,EUR,2,8,3
S55080598,5099206090347,sk-SK,Gardening & DIY,Slúchadlá s mikrofónom Logitech 981-000870 Čierna Grafitová,"Ak sú <b>počítače a elektronika</b> vašou vášňou a máte radi aktualizácie z oblasti technológie, a neuniknú vám ani najmenšie detajly, zakúpte <b>Slúc","Ak sú <b>počítače a elektronika</b> vašou vášňou a máte radi aktualizácie z oblasti technológie, a neuniknú vám ani najmenšie detajly, zakúpte <b>Slúchadlá s mikrofónom Logitech 981-000870 Čierna Grafitová</b> za neporaziteľnú cenu.<br><br><ul><li>Farba: <ul><li>Čierna</li><li>Grafitová</li></ul></li><li>Typ: <ul><li>S káblom</li><li>Slúchadlo</li><li>Slúchadlá z diadému</li><li>Slúchadlá s mikrofónom</li><li>Ambidextrous</li></ul></li><li>Pripojenie: <ul><li>USB</li><li>USB-C</li><li>S káblom</",Pop Pulse Emporium,https://cdnbigbuy.com/images/436028713.jpg,https://cdnbigbuy.com/images/436028723.jpg,https://cdnbigbuy.com/images/436028703.jpg,,166.75,2,NEW,23.0,19.0,8.0,0.48,3496.0,EUR,2,8,3
S7233981,4971850924562,sk-SK,Gardening & DIY,"Pánske hodinky Casio ENTICER GENT (Ø 43,5 mm)","Ak sledujete trendy v oblasti módy a doplnkov, nakupujte <b>Pánske hodinky Casio ENTICER GENT (Ø 43,5 mm)</b> za najlepšie ceny.<br><br><ul><li>Pohlav","Ak sledujete trendy v oblasti módy a doplnkov, nakupujte <b>Pánske hodinky Casio ENTICER GENT (Ø 43,5 mm)</b> za najlepšie ceny.<br><br><ul><li>Pohlavie: Muž</li><li>Extra články reťaze: Č.</li><li>Druh hodiniek: Náramkové hodinky</li><li>Funkcie: Multifunkčný</li><li>Materiál náramku: Koža</li><li>Obsahuje: K produktu dostanete originálnu krabičku</li><li>Vodeodolnosť: 5 atm</li><li>Sklo: Minerál</li><li>Typ pohybu: Kremeň</li><li>Priemer puzdra hodiniek: Ø 43,5 mm</li></ul>",Pop Pulse Emporium,https://cdnbigbuy.com/images/4971850924562_R02.jpg,https://cdnbigbuy.com/images/4971850924562_R22.jpg,https://cdnbigbuy.com/images/33145_mandatory-watch2.jpg,https://cdnbigbuy.com/images/4971850924562_R12.jpg,118.4,4,NEW,32.0,19.0,10.0,0.4,6080.0,EUR,2,8,3
S0459248,4894461984308,sk-SK,Gardening & DIY,"Smartphony TCL 50 5G 4 GB RAM 128 GB Sivá 6,56"" ARM Cortex-A55 Mediatek Dimensity 6100+","Ak sú <b>počítače a elektronika</b> vašou vášňou a máte radi aktualizácie z oblasti technológie, a neuniknú vám ani najmenšie detajly, zakúpte <b>Smar","Ak sú <b>počítače a elektronika</b> vašou vášňou a máte radi aktualizácie z oblasti technológie, a neuniknú vám ani najmenšie detajly, zakúpte <b>Smartphony TCL 50 5G 4 GB RAM 128 GB Sivá 6,56"" ARM Cortex-A55 Mediatek Dimensity 6100+</b> za neporaziteľnú cenu.<br><br><ul><li>Farba: Sivá</li><li>Interná pamäť: 128 GB</li><li>Typ: <ul><li>Smartphony</li><li>Smartphones, Mobile phones</li><li>Dual SIM</li></ul></li><li>Kapacita batérie: <ul><li>5000 mAh</li><li>5010 MAH</li></ul></li><li>Plátno: <u",Pop Pulse Emporium,https://cdnbigbuy.com/images/4894461984308_S0459248_P00.jpg,https://cdnbigbuy.com/images/4894461984308_S0459248_P10.jpg,https://cdnbigbuy.com/images/4894461984308_S0459248_P20.jpg,,174.1,48,NEW,17.0,7.0,4.0,0.25,476.0,EUR,2,8,3
S7191367,0711719407591,sk-SK,Gardening & DIY,PlayStation 4 videohry Santa Monica Studio Gof of War: Ragnarok,"Ak sú <b>počítače a elektronika</b> vašou vášňou a máte radi aktualizácie z oblasti technológie, a neuniknú vám ani najmenšie detajly, zakúpte <b>Play","Ak sú <b>počítače a elektronika</b> vašou vášňou a máte radi aktualizácie z oblasti technológie, a neuniknú vám ani najmenšie detajly, zakúpte <b>PlayStation 4 videohry Santa Monica Studio Gof of War: Ragnarok</b> za neporaziteľnú cenu.<br><br><ul><li>PEGI klasifikácia: 18</li><li>Pohlavie: Činnosť a dobrodružstvá</li><li>Typ: PlayStation 4 videohry</li><li>Jazyk packaging: FR</li><li>Kompatibilné: Francúzsko</li></ul>",Pop Pulse Emporium,https://cdnbigbuy.com/images/0711719407591_S7191367_P01.jpg,https://cdnbigbuy.com/images/0711719407591_S7191367_P21.jpg,https://cdnbigbuy.com/images/0711719407591_S7191367_P31.jpg,https://cdnbigbuy.com/images/0711719407591_S7191367_P41.jpg,116.29,10,NEW,17.0,13.4,0.8,0.1,182.24,EUR,2,8,3
S71009810,5410527152437,sk-SK,Gardening & DIY,Kvetináč Garden ID,"Ak pri zariaďovaní vášho domova kladiete dôraz na všetky detaily a chcete byť priebežne informovaný o najnovších výrobkoch, ktoré vám uľahčia život, n","Ak pri zariaďovaní vášho domova kladiete dôraz na všetky detaily a chcete byť priebežne informovaný o najnovších výrobkoch, ktoré vám uľahčia život, nakupujte <b>Kvetináč Garden ID</b> za tú najlepšiu cenu.<br><br><ul><li>Typ: Kvetináč</li></ul>",Pop Pulse Emporium,https://cdnbigbuy.com/images/5410527152437_S71009810_P00.jpg,https://cdnbigbuy.com/images/5410527152437_S71009810_P10.jpg,https://cdnbigbuy.com/images/5410527152437_S71009810_P20.jpg,,109.75,2,NEW,50.0,50.0,40.8,5.93,102000.0,EUR,2,8,3
S8900768,4899888615507,sk-SK,Gardening & DIY,Kolobežka Colorbaby Červená 6 kusov,"Pre naše deti chceme len to najlepšie, a preto by sme Vám chceli predstaviť <b>Kolobežka Colorbaby Červená 6 kusov</b>, perfektný pre všetkých, ktorí ","Pre naše deti chceme len to najlepšie, a preto by sme Vám chceli predstaviť <b>Kolobežka Colorbaby Červená 6 kusov</b>, perfektný pre všetkých, ktorí hľadajú kvalitatívne vysokohodnotný produkt pre najmenších. Nakúpte <b>Colorbaby</b> za tie najlepšie ceny!<br><br><ul><li>Materiál: <ul><li>Aluminium</li><li>Plastické</li><li>EVA</li></ul></li><li>Vlastnosti: <ul><li>Ovládateľná výška:</li><li>Protišmykový podklad</li></ul></li><li>Odporúčaný vek: + 3 rokov</li><li>Kolesá: 2</li><li>Maximálna pov",Pop Pulse Emporium,https://cdnbigbuy.com/images/S8900768_P0_icon1.jpg,https://cdnbigbuy.com/images/S8900768_P01.jpg,https://cdnbigbuy.com/images/S8900768_P11.jpg,https://cdnbigbuy.com/images/S8900768_P21.jpg,193.53,50,NEW,32.0,63.0,47.5,13.33,95760.0,EUR,2,8,3
S7235410,0664689951505,sk-SK,Gardening & DIY,Dámske slnečné okuliare Emilio Pucci EP0088 6105W,"Ak radi nosíte trendy <a href=""##TAXONOMY_12833##""><b>módne doplnky</b></a> a váš štýl sa bez nich nezaobíde, nenechajte si ujsť <b>Dámske slnečné oku","Ak radi nosíte trendy <a href=""##TAXONOMY_12833##""><b>módne doplnky</b></a> a váš štýl sa bez nich nezaobíde, nenechajte si ujsť <b>Dámske slnečné okuliare Emilio Pucci EP0088 6105W</b>! Vyberte si tie najlepšie značkové <a href=""##TAXONOMY_12833##""><b>slnečné okuliare</b></a>.<br><br><ul><li>Pohlavie: Dáma</li><li>Typ: Dámske slnečné okuliare</li></ul>",Pop Pulse Emporium,https://cdnbigbuy.com/images/0664689951505_S7235410_P01.jpg,https://cdnbigbuy.com/images/0664689951505_S7235410_P21.jpg,https://cdnbigbuy.com/images/0664689951505_S7235410_P31.jpg,https://cdnbigbuy.com/images/0664689951505_S7235410_P11.jpg,116.19,2,NEW,10.08,9.98,9.92,0.3,997.94,EUR,2,8,3
S71002902,3454980332656,sk-SK,Gardening & DIY,Matrac do kolísky YOOPIDOO Bamboo 60 x 120 cm,"Pre naše deti chceme len to najlepšie, a preto by sme Vám chceli predstaviť <b>Matrac do kolísky YOOPIDOO Bamboo 60 x 120 cm</b>, perfektný pre všetký","Pre naše deti chceme len to najlepšie, a preto by sme Vám chceli predstaviť <b>Matrac do kolísky YOOPIDOO Bamboo 60 x 120 cm</b>, perfektný pre všetkých, ktorí hľadajú kvalitatívne vysokohodnotný produkt pre najmenších. Nakúpte <b>YOOPIDOO</b> a ďalšie značky a licencie za tie najlepšie ceny!<br><br><ul><li>Vlastnosti: Obojstranný</li><li>Približné rozmery: 60 x 120 cm</li></ul>",Pop Pulse Emporium,https://cdnbigbuy.com/images/3454980332656_S71002902_P00.jpg,https://cdnbigbuy.com/images/3454980332656_S71002902_P10.jpg,https://cdnbigbuy.com/images/3454980332656_S71002902_P20.jpg,https://cdnbigbuy.com/images/3454980332656_S71002902_P30.jpg,109.5,2,NEW,73.39,52.99,16.68,2.18,64867.45,EUR,2,8,3
S8903168,4899888738022,sk-SK,Gardening & DIY,Vedecká hra Lisciani Giochi Magnetismo ES (6 kusov),"Pre naše deti chceme len to najlepšie, a preto by sme Vám chceli predstaviť <b>Vedecká hra Lisciani Giochi Magnetismo ES (6 kusov)</b>, perfektný pre ","Pre naše deti chceme len to najlepšie, a preto by sme Vám chceli predstaviť <b>Vedecká hra Lisciani Giochi Magnetismo ES (6 kusov)</b>, perfektný pre všetkých, ktorí hľadajú kvalitatívne vysokohodnotný produkt pre najmenších. Nakúpte <b>Lisciani Giochi</b> a ďalšie značky a licencie za tie najlepšie ceny!<br><br><ul><li>Typ: Vedecká hra</li><li>Jazyk: ES</li><li>Materiál: Plastické</li><li>Kusov: 6 kusov</li></ul>",Pop Pulse Emporium,https://cdnbigbuy.com/images/S8903168_P0_icon1.jpg,https://cdnbigbuy.com/images/S8903168_P01.jpg,,,115.18,50,NEW,30.0,43.5,31.0,4.42,40455.0,EUR,2,8,3
S37117191,8056690419068,sk-SK,Gardening & DIY,Rukavice OMP OMPKB0-2751-A01-071-005,"Ak hľadáte nové trendy na trhu, predstavujeme <b>Rukavice OMP OMPKB0-2751-A01-071-005</b>!<br><br><ul><li>Typ: Rukavice</li><li>Schválené: FIA 8877-20","Ak hľadáte nové trendy na trhu, predstavujeme <b>Rukavice OMP OMPKB0-2751-A01-071-005</b>!<br><br><ul><li>Typ: Rukavice</li><li>Schválené: FIA 8877-2022</li></ul>",Pop Pulse Emporium,https://cdnbigbuy.com/images/8056690419068_S37117191_P00.jpg,https://cdnbigbuy.com/images/8056690419068_S37117191_P10.jpg,https://cdnbigbuy.com/images/8056690419068_S37117191_P20.jpg,https://cdnbigbuy.com/images/8056690419068_S37117191_P30.jpg,152.27,2,NEW,20.0,20.0,20.0,1.0,8000.0,EUR,2,8,3
S7271327,3608700311746,sk-SK,Gardening & DIY,Dámske hodinky Nixon A1211-1098,"Ak sledujete trendy v oblasti módy a doplnkov, nakupujte <b>Dámske hodinky Nixon A1211-1098</b> za najlepšie ceny.<br><br><ul><li>Pohlavie: <ul><li>Dá","Ak sledujete trendy v oblasti módy a doplnkov, nakupujte <b>Dámske hodinky Nixon A1211-1098</b> za najlepšie ceny.<br><br><ul><li>Pohlavie: <ul><li>Dáma</li><li>Ženský</li></ul></li><li>Extra články reťaze: Č.</li><li>Druh hodiniek: Náramkové hodinky</li><li>Typ: Zápästie</li><li>Farba: Čierna</li><li>Materiál: <ul><li>Silikónové</li><li>Nerezová oceľ</li></ul></li><li>Vlastnosti: <ul><li>Vodeodolný</li><li>Kalendár</li><li>Dátum/kalendár</li><li>Stopky</li><li>12h / 24h formát</li></ul></li><li",Pop Pulse Emporium,https://cdnbigbuy.com/images/3608700311746_S7271327_P01.jpg,https://cdnbigbuy.com/images/3608700311746_R11.jpg,https://cdnbigbuy.com/images/3608700311746_R21.jpg,https://cdnbigbuy.com/images/70491_mandatory-watch1.jpg,199.26,2,NEW,39.0,19.0,10.0,0.4,7410.0,EUR,2,8,3
S7275083,8430622802652,sk-SK,Gardening & DIY,Pánske hodinky Festina F20656/4 Čierna Striebristý,"Ak sledujete trendy v oblasti módy a doplnkov, nakupujte <b>Pánske hodinky Festina F20656/4 Čierna Striebristý</b> za najlepšie ceny.<br><br><ul><li>P","Ak sledujete trendy v oblasti módy a doplnkov, nakupujte <b>Pánske hodinky Festina F20656/4 Čierna Striebristý</b> za najlepšie ceny.<br><br><ul><li>Pohlavie: Muž</li><li>Extra články reťaze: Č.</li><li>Druh hodiniek: Náramkové hodinky</li><li>Farba: <ul><li>Čierna</li><li>Striebristý</li></ul></li><li>Materiál náramku: Nerezová oceľ</li><li>Materiál hodiniek: Nerezová oceľ</li><li>Typ pohybu: Kremeň</li></ul>",Pop Pulse Emporium,https://cdnbigbuy.com/images/8430622802652_S7275083_P01.jpg,https://cdnbigbuy.com/images/74140_mandatory-watch1.jpg,,,189.6,50,NEW,32.0,19.0,10.0,0.4,6080.0,EUR,2,8,3
S0384624,8033288966272,sk-SK,Gardening & DIY,Pánske hodinky Maserati R8851146001 (Ø 45 mm),"Ak sledujete trendy v oblasti módy a doplnkov, nakupujte <b>Pánske hodinky Maserati R8851146001 (Ø 45 mm)</b> za najlepšie ceny.<br><br><ul><li>Funkci","Ak sledujete trendy v oblasti módy a doplnkov, nakupujte <b>Pánske hodinky Maserati R8851146001 (Ø 45 mm)</b> za najlepšie ceny.<br><br><ul><li>Funkcie: Dátum</li><li>Typ pohybu: Solárny</li><li>Obsahuje: K produktu dostanete originálnu krabičku</li><li>Sklo: Minerál</li><li>Vodeodolnosť: 10 atm</li><li>Materiál náramku: Koža</li><li>Pohlavie: Muž</li><li>Priemer puzdra hodiniek: Ø 45 mm</li><li>Extra články reťaze: Č.</li><li>Druh hodiniek: Náramkové hodinky</li><li>Materiál puzdra hodiniek: Ne",Pop Pulse Emporium,https://cdnbigbuy.com/images/8033288966272_S0384624_P00.jpg,https://cdnbigbuy.com/images/8033288966272_R10.jpg,https://cdnbigbuy.com/images/8033288966272_R20.jpg,https://cdnbigbuy.com/images/8033288966272_R30.jpg,185.81,5,NEW,32.0,19.0,10.0,0.4,6080.0,EUR,2,8,3
S3713725,5055676503114,sk-SK,Gardening & DIY,Silentblock Powerflex PFR19-1511,Vybavte svoje vozidlo najnovšími výrobkami! Kúpte si <b>Silentblock Powerflex PFR19-1511</b> a nenechajte si ujsť žiadne detaily!<br><br><ul><li>Kompa,Vybavte svoje vozidlo najnovšími výrobkami! Kúpte si <b>Silentblock Powerflex PFR19-1511</b> a nenechajte si ujsť žiadne detaily!<br><br><ul><li>Kompatibilné vozidlo: Mazda Brand: Powerflex Mazda 2 De 2007_</li></ul>,Pop Pulse Emporium,https://cdnbigbuy.com/images/5055676503114_S3713725_P0-v_11.jpg,https://cdnbigbuy.com/images/5055676503114_S3713725_P11.jpg,,,113.09,1,NEW,20.0,30.0,10.0,1.0,6000.0,EUR,2,8,3
S8900711,4899888616306,sk-SK,Gardening & DIY,Pištoľ na penovými nábojmi Zuru X-Shot Last Stand,"Pre naše deti chceme len to najlepšie, a preto by sme Vám chceli predstaviť <b>Pištoľ na penovými nábojmi Zuru X-Shot Last Stand</b>, perfektný pre vš","Pre naše deti chceme len to najlepšie, a preto by sme Vám chceli predstaviť <b>Pištoľ na penovými nábojmi Zuru X-Shot Last Stand</b>, perfektný pre všetkých, ktorí hľadajú kvalitatívne vysokohodnotný produkt pre najmenších. Nakúpte <b>Zuru</b> za tie najlepšie ceny!<br><br><ul><li>Farba: Viacfarebná</li><li>Dôležité informácie: Z viac designov vyberáme náhodne podľa skladovej dostupnosti</li><li>Odporúčaný vek: + 8 rokov</li><li>Obsahuje: Šípky x 16</li></ul>",Pop Pulse Emporium,https://cdnbigbuy.com/images/S8900711_P0_icon2.jpg,https://cdnbigbuy.com/images/S8900711_P12.jpg,https://cdnbigbuy.com/images/S8900711_P22.jpg,https://cdnbigbuy.com/images/S8900711_P42.jpg,115.73,50,NEW,53.5,61.0,31.5,5.7,102800.25,EUR,2,8,3
S37116268,5998167762204,sk-SK,Gardening & DIY,Podpery na ruky Armster C06220A,Vybavte svoje vozidlo najnovšími výrobkami! Kúpte si <b>Podpery na ruky Armster C06220A</b> a nenechajte si ujsť žiadne detaily!<br><br><ul><li>Typ: O,Vybavte svoje vozidlo najnovšími výrobkami! Kúpte si <b>Podpery na ruky Armster C06220A</b> a nenechajte si ujsť žiadne detaily!<br><br><ul><li>Typ: Opierka na lakte</li><li>Model: 500</li><li>Obsahuje: <ul><li>Montážny set</li><li>Manuál</li></ul></li></ul>,Pop Pulse Emporium,https://cdnbigbuy.com/images/5998167762204_S37116268_P00.jpg,https://cdnbigbuy.com/images/5998167762204_S37116268_P40.jpg,https://cdnbigbuy.com/images/5998167762204_S37116268_P50.jpg,https://cdnbigbuy.com/images/5998167762204_S37116268_P60.jpg,142.39,2,NEW,35.0,25.0,25.0,8.0,21875.0,EUR,2,8,3
S9144384,0608887786842,sk-SK,Gardening & DIY,LED stropné svetlo Yeelight Arwen 450C F 50 W 4000 Lm (2700 K) (6500 K),"<p>Ak chcete vášmu domovu dodať kúsok originality, môžete tak urobiť s <b>LED stropné svetlo Yeelight Arwen 450C F 50 W 4000 Lm (2700 K) (6500 K)</b>.","<p>Ak chcete vášmu domovu dodať kúsok originality, môžete tak urobiť s <b>LED stropné svetlo Yeelight Arwen 450C F 50 W 4000 Lm (2700 K) (6500 K)</b>.</p><br><br><ul><li>Farba: <ul><li>Biela</li><li>Viacfarebná</li><li>áno</li><li>Teplá biela</li><li>Multi</li></ul></li><li>Materiál: SPCC</li><li>Vlastnosti: <ul><li>Diaľkové ovládanie</li><li>LED</li><li>Nastaviteľný</li><li>Spínač/vypínač</li></ul></li><li>Príkon: 50 W</li><li>Napätie: 220-240 V</li><li>Teplota farby: <ul><li>2700 K</li><li>650",Pop Pulse Emporium,https://cdnbigbuy.com/images/0608887786842_S9144384_P00.jpg,https://cdnbigbuy.com/images/0608887786842_S9144384_P10.jpg,,,127.32,10,NEW,54.0,54.5,13.0,2.96,38259.0,EUR,2,8,3
S9903444,4719331852764,sk-SK,Gardening & DIY,Základná Doska Gigabyte B550M K 1.0 AMD B550 AMD AMD AM4,"Ak sú <b>počítače a elektronika</b> vašou vášňou a máte radi aktualizácie z oblasti technológie, a neuniknú vám ani najmenšie detajly, zakúpte <b>Zákl","Ak sú <b>počítače a elektronika</b> vašou vášňou a máte radi aktualizácie z oblasti technológie, a neuniknú vám ani najmenšie detajly, zakúpte <b>Základná Doska Gigabyte B550M K 1.0 AMD B550 AMD AMD AM4</b> za neporaziteľnú cenu.<br><br><ul><li>Počet pamäťových intervalov: 4</li><li>Pripojenie: <ul><li>Ethernet LAN</li><li>PS/2 x 1</li><li>HDMI x 1</li><li>Mikrofón</li><li>USB 2.0 x 4</li><li>SATA x 4</li><li>HDMI 2.1 x 1</li><li>DIMM</li><li>4 x USB 3.2 Gen 1 (3.1 Gen 1)</li><li>DisplayPort x 1",Pop Pulse Emporium,https://cdnbigbuy.com/images/4719331852764_S9903444_P00.jpg,,,,100.01,25,NEW,61.98,61.98,5.5,0.78,21125.64,EUR,2,8,3
S77212286,0766907015102,sk-SK,Gardening & DIY,Držiak na televíziu ViewSonic VB-WMK-002,"Ak sú <b>počítače a elektronika</b> vašou vášňou a máte radi aktualizácie z oblasti technológie, a neuniknú vám ani najmenšie detajly, zakúpte <b>Drži","Ak sú <b>počítače a elektronika</b> vašou vášňou a máte radi aktualizácie z oblasti technológie, a neuniknú vám ani najmenšie detajly, zakúpte <b>Držiak na televíziu ViewSonic VB-WMK-002</b> za neporaziteľnú cenu.<br><br><ul><li>Typ: Držiak</li><li>Farba: Čierna</li></ul>",Pop Pulse Emporium,https://cdnbigbuy.com/images/0766907015102_I00.jpg,https://cdnbigbuy.com/images/0766907015102_I10.jpg,,,108.4,1,NEW,44.42,30.93,17.02,4.73,23383.96,EUR,2,8,3
S7277233,4894138358562,sk-SK,Gardening & DIY,Pánske hodinky Lorus RM329JX9,"Ak sledujete trendy v oblasti módy a doplnkov, nakupujte <b>Pánske hodinky Lorus RM329JX9</b> za najlepšie ceny.<br><br><ul><li>Pohlavie: Muž</li><li>","Ak sledujete trendy v oblasti módy a doplnkov, nakupujte <b>Pánske hodinky Lorus RM329JX9</b> za najlepšie ceny.<br><br><ul><li>Pohlavie: Muž</li><li>Extra články reťaze: Č.</li><li>Druh hodiniek: Náramkové hodinky</li></ul>",Pop Pulse Emporium,https://cdnbigbuy.com/images/4894138358562_S7277233_P01.jpg,https://cdnbigbuy.com/images/76290_mandatory-watch1.jpg,,,187.52,2,NEW,32.0,19.0,10.0,0.4,6080.0,EUR,2,8,3
S71017372,8719514491649,sk-SK,Gardening & DIY,Led baterka Philips Biela G 400 lm 2 kusov (6500 K),"Ak hľadáte nové trendy na trhu, predstavujeme <b>Led baterka Philips Biela G 400 lm 2 kusov (6500 K)</b>!<br><br><ul><li>Typ: <ul><li>Led baterka</li>","Ak hľadáte nové trendy na trhu, predstavujeme <b>Led baterka Philips Biela G 400 lm 2 kusov (6500 K)</b>!<br><br><ul><li>Typ: <ul><li>Led baterka</li><li>Žiarovka</li></ul></li><li>Farba: Biela</li><li>Vlastnosti: Nastaviteľný</li><li>Energetická klasifikácia: G</li><li>Napätie: 12 V</li><li>Technológia: LED</li><li>Kompatibilné: <ul><li>iOS, Android</li><li>Amazon Alexa</li><li>Google Home</li></ul></li><li>Výdrž: 25000 hodín</li><li>Svetelný tok: 400 lm</li><li>Teplota farby: 6500 K</li><li>Ku",Pop Pulse Emporium,https://cdnbigbuy.com/images/8719514491649_S71017372_P00.jpg,https://cdnbigbuy.com/images/8719514491649_S71017372_P30.jpg,https://cdnbigbuy.com/images/8719514491649_S71017372_P40.jpg,https://cdnbigbuy.com/images/8719514491649_S71017372_P50.jpg,153.51,4,NEW,9.65,9.6,10.96,0.15,1015.33,EUR,2,8,3
S0388336,0196163993188,sk-SK,Gardening & DIY,Dámska Kabelka Michael Kors 35F3STVE7L-BLACK 19 x 10 x 3 cm,"Ak rozmýšľate nad obnovením vášho šatníka, nakúpte <b>Dámska Kabelka Michael Kors 35F3STVE7L-BLACK 19 x 10 x 3 cm</b> ďalšie <b>produkty Michael Kors<","Ak rozmýšľate nad obnovením vášho šatníka, nakúpte <b>Dámska Kabelka Michael Kors 35F3STVE7L-BLACK 19 x 10 x 3 cm</b> ďalšie <b>produkty Michael Kors</b>! Najlepšia kvalita za najlepšiu cenu je už na dosah!<br><br><ul><li>Typ: Peňaženka</li><li>Farba: Čierna</li><li>Materiál: Plátno</li><li>Približné rozmery: 19 x 10 x 3 cm</li><li>Typ zapínania: Magnet</li><li>Obsahuje: Zahŕňa puzdro alebo obal značky</li></ul>",Pop Pulse Emporium,https://cdnbigbuy.com/images/0196163993188_S0388336_P00.jpg,https://cdnbigbuy.com/images/0196163993188_S0388336_P10.jpg,https://cdnbigbuy.com/images/0196163993188_S0388336_P20.jpg,,131.77,5,NEW,10.0,10.0,10.0,0.3,1000.0,EUR,2,8,3
S7101848,5010415237385,sk-SK,Gardening & DIY,Ohrievač na dojčenské fľaše Tommee Tippee Perfect Prep Biela,"Pre naše deti chceme len to najlepšie, a preto by sme Vám chceli predstaviť <b>Ohrievač na dojčenské fľaše Tommee Tippee Perfect Prep Biela</b>, perfe","Pre naše deti chceme len to najlepšie, a preto by sme Vám chceli predstaviť <b>Ohrievač na dojčenské fľaše Tommee Tippee Perfect Prep Biela</b>, perfektný pre všetkých, ktorí hľadajú kvalitatívne vysokohodnotný produkt pre najmenších. Nakúpte <b>Tommee Tippee</b> a ďalšie značky a licencie za tie najlepšie ceny!<br><br><ul><li>Teplota max.: 35ºC</li><li>Materiál: Silikónové</li><li>Odporúčané použitie: Vhodný na domáce použitie</li><li>Farba: Biela</li></ul>",Pop Pulse Emporium,https://cdnbigbuy.com/images/5010415237385_S7101848_P03.jpg,https://cdnbigbuy.com/images/5010415237385_S7101848_P13.jpg,,,164.71,10,NEW,33.3,22.9,34.0,2.84,25927.38,EUR,2,8,3
S37115762,5998167713824,sk-SK,Gardening & DIY,Opierka na lakte Armster RENAULT CLIO 2013-2020 Ekologická koža,Vybavte svoje vozidlo najnovšími výrobkami! Kúpte si <b>Opierka na lakte Armster RENAULT CLIO 2013-2020 Ekologická koža</b> a nenechajte si ujsť žiadn,"Vybavte svoje vozidlo najnovšími výrobkami! Kúpte si <b>Opierka na lakte Armster RENAULT CLIO 2013-2020 Ekologická koža</b> a nenechajte si ujsť žiadne detaily!<br><br><p><b>Stredový lakťový opierka Armster pre Renault Clio 2013-2020</b> je príslušenstvo navrhnuté špeciálne na zvýšenie pohodlia a funkčnosti vozidla, ktoré sa dokonale prispôsobí originálnym sedadlám vďaka <b>prispôsobenému uchyteniu</b> zohľadňujúcemu polohu sedadla, volantu a radiacej páky. Vyrobená z kvalitných OEM materiálov, ",Pop Pulse Emporium,https://cdnbigbuy.com/images/5998167713824_S37115762_P00.jpg,https://cdnbigbuy.com/images/5998167713824_S37115762_P40.jpg,https://cdnbigbuy.com/images/5998167713824_S37115762_P50.jpg,https://cdnbigbuy.com/images/5998167713824_S37115762_P60.jpg,127.27,10,NEW,35.0,25.0,25.0,8.0,21875.0,EUR,2,8,3
S55249218,5025232951284,sk-SK,Gardening & DIY,Elektrická zubná kefka Panasonic EW1614W503,"Dajte si záležať na <b>ústnej hygiene</b> a používajte kvalitné produkty, ako sú výrobky značky <b>[[value_product_name]</b>!<br><br><ul><li>Farba: <u","Dajte si záležať na <b>ústnej hygiene</b> a používajte kvalitné produkty, ako sú výrobky značky <b>[[value_product_name]</b>!<br><br><ul><li>Farba: <ul><li>Biela</li><li>Čierna</li><li>Viacfarebná</li></ul></li><li>Zásuvný produkt: áno</li><li>Dlhý: 14 cm</li><li>Obsahuje: Hlavice x 4</li><li>Šírka: 12,5 cm</li><li>Systém ovládania: Tlačidiel</li><li>Približná hmotnosť: 998 g</li><li>Stupeň výkonu: 10</li><li>Kapacita: 600 ml</li><li>Vysoký: 30 cm</li><li>Druh zástrčky: EU zástrčky</li><li>Napáj",Pop Pulse Emporium,https://cdnbigbuy.com/images/5025232951284_S55249218_P00.jpg,https://cdnbigbuy.com/images/5025232951284_S55249218_P40.jpg,https://cdnbigbuy.com/images/5025232951284_S55249218_P50.jpg,https://cdnbigbuy.com/images/5025232951284_S55249218_P10.jpg,141.6,1,NEW,24.0,17.0,17.0,1.52,6936.0,EUR,2,8,3
S9141093,4015588889301,sk-SK,Gardening & DIY,Opierka na sedadlo Medisana MCN Sedadlo,"Ak vám záleží na zdraviu a hľadáte produkty, ktoré ponúkajú <b>ochranu a pohodu</b>, nakupujte <b>Opierka na sedadlo Medisana MCN Sedadlo</b> a iné <b","Ak vám záleží na zdraviu a hľadáte produkty, ktoré ponúkajú <b>ochranu a pohodu</b>, nakupujte <b>Opierka na sedadlo Medisana MCN Sedadlo</b> a iné <b>produkty Medisana</b> za najlepšie ceny.<br><br><ul><li>Typ: Sedadlo</li><li>Vlastnosti: <ul><li>Diaľkové ovládanie</li><li>Uvoľňuje a upokojujte chrbát, krk a spodnú časť chrbta</li></ul></li><li>Farba: Čierna</li><li>Odporúčané použitie: Unisex dospelý</li><li>Príkon: 48 W</li><li>Pohlavie: Unisex dospelí</li><li>Frekvencia: 50 - 60 Hz</li></ul>",Pop Pulse Emporium,https://cdnbigbuy.com/images/4015588889301_S9141093_P00.jpg,https://cdnbigbuy.com/images/4015588889301_S9141093_P10.jpg,https://cdnbigbuy.com/images/B004N3CACQ_R00.jpg,https://cdnbigbuy.com/images/B004N3CACQ_R100.jpg,138.13,25,NEW,16.5,45.5,71.5,6.15,53678.62,EUR,2,8,3
S05130694,3616305266705,sk-SK,Gardening & DIY,Súprava s dámskym parfumom Marc Jacobs DAISY,"Ak hľadáte nové trendy na trhu, predstavujeme <b>Súprava s dámskym parfumom Marc Jacobs DAISY</b>!<br><br><ul><li>Pohlavie: Dáma</li><li>Dôležité info","Ak hľadáte nové trendy na trhu, predstavujeme <b>Súprava s dámskym parfumom Marc Jacobs DAISY</b>!<br><br><ul><li>Pohlavie: Dáma</li><li>Dôležité informácie: Obal výrobku sa môže svojim dizajnom líšiť v závislosti od reklamných akcií výrobcu alebo v závislosti od ročného obdobia. Jednotlivé balenia sa uchovávajú do vypredania zásob.</li></ul>",Pop Pulse Emporium,https://cdnbigbuy.com/images/3616305266705_S05130694_P00.jpg,,,,114.29,10,NEW,9.0,27.0,19.5,0.6,4738.5,EUR,2,8,3
S8903179,4899888728160,sk-SK,Gardening & DIY,Stolová hra Lisciani Giochi Juegos reunidos 26 x 1 x 26 cm ES (10 kusov),"Pre naše deti chceme len to najlepšie, a preto by sme Vám chceli predstaviť <b>Stolová hra Lisciani Giochi Juegos reunidos 26 x 1 x 26 cm ES (10 kusov","Pre naše deti chceme len to najlepšie, a preto by sme Vám chceli predstaviť <b>Stolová hra Lisciani Giochi Juegos reunidos 26 x 1 x 26 cm ES (10 kusov)</b>, perfektný pre všetkých, ktorí hľadajú kvalitatívne vysokohodnotný produkt pre najmenších. Nakúpte <b>Lisciani Giochi</b> za tie najlepšie ceny!<br><br><ul><li>Obsahuje: <ul><li>Kocky</li><li>Šach</li><li>Backgammon</li><li>Dámy</li></ul></li><li>Jazyk: ES</li><li>Materiál: <ul><li>Kartón</li><li>Plastické</li></ul></li><li>Odporúčaný vek: + ",Pop Pulse Emporium,https://cdnbigbuy.com/images/S8903179_P0_icon1.jpg,https://cdnbigbuy.com/images/S8903179_P31.jpg,https://cdnbigbuy.com/images/S8903179_P41.jpg,https://cdnbigbuy.com/images/S8903179_P51.jpg,133.96,25,NEW,9.57,22.48,24.11,8.78,5186.87,EUR,2,8,3
S0387911,0197853085022,sk-SK,Gardening & DIY,Taška do ruky Michael Kors Vincent,"Ak hľadáte nové trendy na trhu, predstavujeme <b>Taška do ruky Michael Kors Vincent</b>!<br><br><ul><li>Farba: Striebristý</li><li>Zloženie: Koža</li>","Ak hľadáte nové trendy na trhu, predstavujeme <b>Taška do ruky Michael Kors Vincent</b>!<br><br><ul><li>Farba: Striebristý</li><li>Zloženie: Koža</li><li>Typ zapínania: Zips</li><li>Obsahuje: Zahŕňa puzdro alebo obal značky</li><li>Približné rozmery: 26 x 14 x 6 cm</li></ul>",Pop Pulse Emporium,https://cdnbigbuy.com/images/0197853085022_S0387911_P00.jpg,https://cdnbigbuy.com/images/0197853085022_S0387911_P10.jpg,https://cdnbigbuy.com/images/0197853085022_S0387911_P20.jpg,,124.28,5,NEW,10.0,10.0,10.0,0.3,1000.0,EUR,2,8,3
S3700853,4008321787019,sk-SK,Gardening & DIY,Autožiarovka OS66548 Osram OS66548 D8S 25W 40V,Vybavte svoje vozidlo najnovšími výrobkami! Kúpte si <b>Autožiarovka OS66548 Osram OS66548 D8S 25W 40V</b> a nenechajte si ujsť žiadne detaily!<br><ul,Vybavte svoje vozidlo najnovšími výrobkami! Kúpte si <b>Autožiarovka OS66548 Osram OS66548 D8S 25W 40V</b> a nenechajte si ujsť žiadne detaily!<br><ul><li>Príkon: 25 W</li><li>Typ: D8S</li><li>Napätie: 40 V</li></ul>,Pop Pulse Emporium,https://cdnbigbuy.com/images/4008321787019_S3700853_P11.jpg,https://cdnbigbuy.com/images/4008321787019_I11.jpg,,,163.09,1,NEW,9.3,5.3,4.6,0.3,226.73,EUR,2,8,3
S91119893,8885020624786,sk-SK,Gardening & DIY,Router TP-Link Archer BE3600,"Ak hľadáte nové trendy na trhu, predstavujeme <b>Router TP-Link Archer BE3600</b>!<br><br><ul><li>Typ: Router</li><li>Zásuvný produkt: áno</li></ul>","Ak hľadáte nové trendy na trhu, predstavujeme <b>Router TP-Link Archer BE3600</b>!<br><br><ul><li>Typ: Router</li><li>Zásuvný produkt: áno</li></ul>",Pop Pulse Emporium,https://cdnbigbuy.com/images/8885020624786_S91119893_P00.jpg,https://cdnbigbuy.com/images/8885020624786_S91119893_P20.jpg,https://cdnbigbuy.com/images/8885020624786_S91119893_P30.jpg,https://cdnbigbuy.com/images/8885020624786_R00.jpg,125.03,2,NEW,10.0,23.5,34.0,1.25,7990.0,EUR,2,8,3
S0376360,8033288958079,sk-SK,Gardening & DIY,Dámske hodinky Chiara Ferragni R1953104501 (Ø 34 mm),"Ak sledujete trendy v oblasti módy a doplnkov, nakupujte <b>Dámske hodinky Chiara Ferragni R1953104501 (Ø 34 mm)</b> za najlepšie ceny.<br><br><ul><li","Ak sledujete trendy v oblasti módy a doplnkov, nakupujte <b>Dámske hodinky Chiara Ferragni R1953104501 (Ø 34 mm)</b> za najlepšie ceny.<br><br><ul><li>Pohlavie: Dáma</li><li>Extra články reťaze: Č.</li><li>Druh hodiniek: Náramkové hodinky</li><li>Materiál náramku: Nerezová oceľ</li><li>Materiál puzdra hodiniek: Nerezová oceľ</li><li>Typ pohybu: Kremeň</li><li>Sklo: Minerál</li><li>Vodeodolnosť: 5 atm</li><li>Obsahuje: K produktu dostanete originálnu krabičku</li><li>Farba cilindra: Ružová</li><l",Pop Pulse Emporium,https://cdnbigbuy.com/images/8033288958079_S0376360_P01.jpg,https://cdnbigbuy.com/images/72719_mandatory-watch1.jpg,,,159.9,10,NEW,32.0,19.0,10.0,0.4,6080.0,EUR,2,8,3
S7175322,3023190012308,sk-SK,Gardening & DIY,Vaňa ThermoBaby Vasco Sivá,"Pre naše deti chceme len to najlepšie, apreto by sme Vám chceli predstaviť <b>Vaňa ThermoBaby Vasco Sivá</b>, perfektný pre všetkých, ktorí hľadajú kv","Pre naše deti chceme len to najlepšie, apreto by sme Vám chceli predstaviť <b>Vaňa ThermoBaby Vasco Sivá</b>, perfektný pre všetkých, ktorí hľadajú kvalitatívne vysokohodnotný produkt pre najmenších. Nakúpte <b>ThermoBaby</b> aďalšie značky alicencie za tie najlepšie ceny!<br><ul><li>Farba: Sivá</li><li>Typ: Vaňa</li></ul>",Pop Pulse Emporium,https://cdnbigbuy.com/images/3023190012308_S7175322_P01.jpg,https://cdnbigbuy.com/images/3023190012308_S7175322_P41.jpg,https://cdnbigbuy.com/images/3023190012308_S7175322_P51.jpg,,124.95,10,NEW,79.0,50.6,26.8,4.59,107130.32,EUR,2,8,3
S77185596,4961310159870,sk-SK,Gardening & DIY,Slúchadlá s Bluetooth Audio-Technica Iberia ATH-M20XBTWH,"Ak sú <b>počítače a elektronika</b> vašou vášňou a máte radi aktualizácie z oblasti technológie, a neuniknú vám ani najmenšie detajly, zakúpte <b>Slúc","Ak sú <b>počítače a elektronika</b> vašou vášňou a máte radi aktualizácie z oblasti technológie, a neuniknú vám ani najmenšie detajly, zakúpte <b>Slúchadlá s Bluetooth Audio-Technica Iberia ATH-M20XBTWH</b> za neporaziteľnú cenu.<br><br><ul><li>Typ: <ul><li>Slúchadlá</li><li>Bezdrôtové slúchadlá</li></ul></li><li>Farba: Biela</li></ul>",Pop Pulse Emporium,https://cdnbigbuy.com/images/4961310159870_S77185596_P00.jpg,,,,108.86,2,NEW,13.08,12.42,10.73,0.22,1743.13,EUR,2,8,3
S0461621,8435568403888,sk-SK,Gardening & DIY,Sľudový radiátor Orbegozo RMB2010,"Ak hľadáte nové trendy na trhu, predstavujeme <b>Sľudový radiátor Orbegozo RMB2010</b>!","Ak hľadáte nové trendy na trhu, predstavujeme <b>Sľudový radiátor Orbegozo RMB2010</b>!",Pop Pulse Emporium,https://cdnbigbuy.com/images/8435568403888_S0461621_P00.jpg,,,,110.21,5,NEW,54.4,53.6,19.81,4.1,57762.79,EUR,2,8,3
S8418503,7322540868906,sk-SK,Gardening & DIY,Papierové utierky na ruky Tork Matic Biela 150 m,"<p><b>Paper hand towels Tork Matic (6 kusov)</b> je kvalitný produkt pre starostlivosť o telo. Ak hľadáte tie najlepšie prípravky na osobnú hygienu, <","<p><b>Paper hand towels Tork Matic (6 kusov)</b> je kvalitný produkt pre starostlivosť o telo. Ak hľadáte tie najlepšie prípravky na osobnú hygienu, <b>100% originálne produkty značky Tork </b> sú presne to, čo potrebujete.</p><br><br><ul><li>Farba: Biela</li><li>Dĺžka: 150 m</li><li>Kusov: 6 kusov</li><li>Typ: Paper hand towels</li></ul>",Pop Pulse Emporium,https://cdnbigbuy.com/images/7322540868906_R01.jpg,https://cdnbigbuy.com/images/7322540868906_I21.jpg,,,103.72,2,NEW,58.0,38.0,23.0,4.22,50692.0,EUR,2,8,3
S3061467,8424002210328,sk-SK,Gardening & DIY,Stojaca lampa Home ESPRIT Transparentná Striebristý 50 W 220 V 30 x 30 x 172 cm,"Ak hľadáte nové trendy na trhu, predstavujeme <b>Stojaca lampa Home ESPRIT Transparentná Striebristý 50 W 220 V 30 x 30 x 172 cm</b>!<br><br><ul><li>T","Ak hľadáte nové trendy na trhu, predstavujeme <b>Stojaca lampa Home ESPRIT Transparentná Striebristý 50 W 220 V 30 x 30 x 172 cm</b>!<br><br><ul><li>Typ: <ul><li>Stojaca lampa</li><li>Glamour</li></ul></li><li>Zásuvný produkt: áno</li><li>Farba: <ul><li>Transparentná</li><li>Striebristý</li></ul></li><li>Materiál: <ul><li>Sklo</li><li>Železo</li></ul></li><li>Príkon: 50 W</li><li>Pätica: E27</li><li>Napätie: 220 V</li><li>Obsahuje: 3 Gule</li><li>Žiarovky: 3</li><li>Približné rozmery: 30 x 30 x ",Pop Pulse Emporium,https://cdnbigbuy.com/images/8424002210328_S3061467_P00.jpg,https://cdnbigbuy.com/images/8424002210328_S3061467_P10.jpg,,,136.97,25,NEW,33.33,32.35,41.05,10.0,44261.16,EUR,2,8,3
S7213623,8426881576489,sk-SK,Gardening & DIY,Dámske náušnice Majorica 16139.01.2.000.010.1,"Predstavuje sa vám <b>Dámske náušnice Majorica 16139.01.2.000.010.1</b> a široký výber prstienkov, náramkov, náhrdelníkov, náušníc za skvelú cenu. Zís","Predstavuje sa vám <b>Dámske náušnice Majorica 16139.01.2.000.010.1</b> a široký výber prstienkov, náramkov, náhrdelníkov, náušníc za skvelú cenu. Získajte podrobné informácie o exkluzívnych elegantných šperkoch a bižutérii v rôznych štýloch, z ktorých si vyberie každý.<br><br><ul><li>Pohlavie: Dáma</li><li>Typ: Dámske náušnice</li><li>Farba: Striebristý</li></ul>",Pop Pulse Emporium,https://cdnbigbuy.com/images/8426881576489_S7213623_P01.jpg,,,,136.51,4,NEW,9.95,9.94,9.73,0.29,962.33,EUR,2,8,3
S37116145,5998167751192,sk-SK,Gardening & DIY,Opierka na lakte Armster Suzuki Swift 2005-2011 Koženka,Vybavte svoje vozidlo najnovšími výrobkami! Kúpte si <b>Opierka na lakte Armster Suzuki Swift 2005-2011 Koženka</b> a nenechajte si ujsť žiadne detail,Vybavte svoje vozidlo najnovšími výrobkami! Kúpte si <b>Opierka na lakte Armster Suzuki Swift 2005-2011 Koženka</b> a nenechajte si ujsť žiadne detaily!<br><br><p><b>Opierka na lakte Armster 3</b> pre <b>Suzuki Swift 2005-2011</b> je doplnok navrhnutý na zabezpečenie optimálneho pohodlia a dokonalého prispôsobenia pri inštalácii do <b>stredovej konzoly</b> vozidla pomocou špecifického adaptéra pre tento model. Táto <b>centrálna opierka na lakte</b> disponuje systémom <b>plynulého nastavenia výšk,Pop Pulse Emporium,https://cdnbigbuy.com/images/5998167751192_S37116145_P00.jpg,https://cdnbigbuy.com/images/5998167751192_S37116145_P20.jpg,https://cdnbigbuy.com/images/5998167751192_S37116145_P30.jpg,https://cdnbigbuy.com/images/5998167751192_S37116145_P40.jpg,127.29,1,NEW,35.0,25.0,25.0,8.0,21875.0,EUR,2,8,3
S0578169,3145891071207,sk-SK,Gardening & DIY,Dámsky parfum Bleu Chanel Chanel EDP (3 x 20 ml) Bleu 20 ml,"<p>Nechajte <strong>100% origin&aacute;lny Dámsky parfum Bleu Chanel Chanel EDP (3 x 20 ml) Bleu 20 ml</strong>, aby v&aacute;s prekvapil a zd&ocirc;r","<p>Nechajte <strong>100% origin&aacute;lny Dámsky parfum Bleu Chanel Chanel EDP (3 x 20 ml) Bleu 20 ml</strong>, aby v&aacute;s prekvapil a zd&ocirc;raznil va&scaron;u ženskosť, použ&iacute;vajte <strong>d&aacute;msky parf&eacute;m</strong> s jedinečnou a osobitou v&ocirc;ňou. Objavte <strong>100% origin&aacute;lne v&yacute;robky Chanel</strong>!</p><br><br><ul><li>Pohlavie: <ul><li>Muž</li><li>Dáma</li></ul></li><li>Obsahuje: 3 x 20 ml</li><li>Typ: EDP (Eau de Parfum)</li><li>Názov vône: Bleu</",Pop Pulse Emporium,https://cdnbigbuy.com/images/3145891071207_S0578169_P01.jpg,,,,176.57,10,NEW,8.0,5.0,15.0,1.0,600.0,EUR,2,8,3
S7298876,7618391693621,sk-SK,Gardening & DIY,Pánsky náramok Guess JUMB04030JWYGBKT-U,Vybavte svoje vozidlo najnovšími výrobkami! Kúpte si <b>Pánsky náramok Guess JUMB04030JWYGBKT-U</b> a nenechajte si ujsť žiadne detaily!<br><br><ul><l,Vybavte svoje vozidlo najnovšími výrobkami! Kúpte si <b>Pánsky náramok Guess JUMB04030JWYGBKT-U</b> a nenechajte si ujsť žiadne detaily!<br><br><ul><li>Pohlavie: Muž</li><li>Typ: Náramok</li></ul>,Pop Pulse Emporium,https://cdnbigbuy.com/images/7618391693621_S7298876_P00.jpg,,,,114.06,2,NEW,10.0,10.0,10.0,0.3,1000.0,EUR,2,8,3
S3042513,8424002022334,sk-SK,Gardening & DIY,Lavica DKD Home Decor Biela 118 x 53 x 98 cm,"<p>Ak chcete vášmu domovu dodať kúsok originality, môžete tak urobiť s <b>Lavica DKD Home Decor Biela 118 x 53 x 98 cm</b>.</p><br><br><ul><li>Typ: <u","<p>Ak chcete vášmu domovu dodať kúsok originality, môžete tak urobiť s <b>Lavica DKD Home Decor Biela 118 x 53 x 98 cm</b>.</p><br><br><ul><li>Typ: <ul><li>Záhrada</li><li>Starožitný povrch</li></ul></li><li>Farba: Biela</li><li>Materiál: Kov</li><li>Nastaviteľný: Č.</li><li>Približné rozmery: 118 x 53 x 98 cm</li><li>Veľkosť: Štandard</li><li>Materiál rámu: Kov</li></ul>",Pop Pulse Emporium,https://cdnbigbuy.com/images/8424002022334_S3042513_P30.jpg,https://cdnbigbuy.com/images/8424002022334_S3042513_P40.jpg,,,151.38,10,NEW,83.0,17.0,16.0,4.8,22576.0,EUR,2,8,3
S91121665,0840023284397,sk-SK,Gardening & DIY,"Smartphony Motorola 6,72"" Unisoc 8 GB RAM 256 GB Červená","Ak hľadáte nové trendy na trhu, predstavujeme <b>Smartphony Motorola 6,72"" Unisoc 8 GB RAM 256 GB Červená</b>!<br><br><ul><li>Uhlopriečka obrazovky (c","Ak hľadáte nové trendy na trhu, predstavujeme <b>Smartphony Motorola 6,72"" Unisoc 8 GB RAM 256 GB Červená</b>!<br><br><ul><li>Uhlopriečka obrazovky (cm): 17,1 cm</li><li>Zásuvný produkt: áno</li><li>Typ: <ul><li>Smartphony</li><li>Spúšť fotoaparátu</li><li>Dual SIM</li></ul></li><li>Farba: Červená</li><li>Vlastnosti: <ul><li>GPS</li><li>Snímač okolitého svetla</li><li>HDR</li><li>Automatické zaostrenie</li><li>Stabilizátor obrazu</li><li>Senzor priblíženia</li><li>Gorilla Glass</li><li>Screen wi",Pop Pulse Emporium,https://cdnbigbuy.com/images/0840023284397_I00.jpg,https://cdnbigbuy.com/images/0840023284397_I20.jpg,https://cdnbigbuy.com/images/0840023284397_I10.jpg,,198.52,2,NEW,9.5,3.5,18.0,0.33,598.5,EUR,2,8,3
S05123109,0887167570153,sk-SK,Gardening & DIY,Denný krém Estee Lauder PERFECTIONIST 50 ml,"<p> <b> Denný krém Estee Lauder PERFECTIONIST 50 ml </b> je kvalitný výrobok určený pre náročných ľudí, ktorí sa starajú o svoj imidž a hľadajú tú naj","<p> <b> Denný krém Estee Lauder PERFECTIONIST 50 ml </b> je kvalitný výrobok určený pre náročných ľudí, ktorí sa starajú o svoj imidž a hľadajú tú najlepšiu kozmetiku na zvýraznenie svojej krásy. Ak ste jedným z nich, výrobky <b> Estee Lauder 100% originálne </b> sú vyrobené pre vás. </p><br><br><ul><li>Typ: Kozmetika</li><li>Pohlavie: Dáma</li><li>Štruktúra: Sérum</li><li>Odporúčané použitie: Všetky typy pleti</li><li>Prísada: <ul><li>Pisum sativum (pea) extract</li><li>Polyquaternium-51</li><l",Pop Pulse Emporium,https://cdnbigbuy.com/images/0887167570153_R10.jpg,https://cdnbigbuy.com/images/0887167570153_R00.jpg,,,142.06,25,NEW,4.5,4.6,11.5,0.2,238.05,EUR,2,8,3
S3623477,4899888650126,sk-SK,Gardening & DIY,Panvica Ø 42 cm Smaltovaná oceľ (6 kusov),"Ak pri zariaďovaní vášho domova kladiete dôraz na všetky detaily a chcete byť priebežne informovaný o najnovších výrobkoch, ktoré vám uľahčia život, n","Ak pri zariaďovaní vášho domova kladiete dôraz na všetky detaily a chcete byť priebežne informovaný o najnovších výrobkoch, ktoré vám uľahčia život, nakupujte <b>Panvica Ø 42 cm Smaltovaná oceľ (6 kusov)</b> za tú najlepšiu cenu.<br><br><ul><li>Typ: Panvica</li><li>Približný priemer: Ø 42 cm</li><li>Farba: Čierna</li><li>Materiál: Smaltovaná oceľ</li><li>Vhodné pre: <ul><li>Rúra</li><li>Plynová Varná Doska</li><li>Drevo</li></ul></li><li>Kusov: 6 kusov</li><li>Porcie: 10 Porcie</li></ul>",Pop Pulse Emporium,https://cdnbigbuy.com/images/S3623477_28430852306580_P4_icon1.jpg,https://cdnbigbuy.com/images/S3623477_28430852306580_P41.jpg,https://cdnbigbuy.com/images/S3623477_57227_1692866482-cropped1.jpg,,107.57,50,NEW,42.0,54.0,12.0,10.5,27216.0,EUR,2,8,3
S0368583,8431777839166,sk-SK,Gardening & DIY,Dámska Taška Laura Ashley LAURA-RED Červená 23 x 20 x 8 cm,Chcete držať krok s módou a máte radi drobné doplnky? Prinášame vám <b>Dámska Taška Laura Ashley LAURA-RED Červená 23 x 20 x 8 cm</b> a široký výber t,Chcete držať krok s módou a máte radi drobné doplnky? Prinášame vám <b>Dámska Taška Laura Ashley LAURA-RED Červená 23 x 20 x 8 cm</b> a široký výber trendy kabeliek a peňaženiek!<br><br><ul><li>Pohlavie: Dáma</li><li>Typ: Dámska Taška</li><li>Farba: Červená</li><li>Materiál: Syntetický/á</li><li>Typ zapínania: Magnetic</li><li>Približné rozmery: 23 x 20 x 8 cm</li></ul>,Pop Pulse Emporium,https://cdnbigbuy.com/images/8431777839166_S0368583_P01.jpg,,,,113.04,1,NEW,10.0,10.0,10.0,0.3,1000.0,EUR,2,8,3
S9120077,5035048661628,sk-SK,Gardening & DIY,Vzduchový kompresor Black & Decker BDCINF18N-QS 12 V 36 W 1 Kusy,Vybavte svoje vozidlo najnovšími výrobkami! Kúpte si <b>Vzduchový kompresor Black & Decker BDCINF18N-QS 12 V 36 W 1 Kusy</b> a nenechajte si ujsť žiad,Vybavte svoje vozidlo najnovšími výrobkami! Kúpte si <b>Vzduchový kompresor Black & Decker BDCINF18N-QS 12 V 36 W 1 Kusy</b> a nenechajte si ujsť žiadne detaily!<br><br><ul><li>Vlastnosti: <ul><li>Bezdrôtový</li><li>Spínač na vypnutie a zapnutie</li><li>Automatické vypnutie</li><li>Spínač/vypínač</li><li>Vstavaný displej</li></ul></li><li>Druh zástrčky: EU zástrčky</li><li>Farba: <ul><li>Čierna</li><li>Oranžová</li></ul></li><li>Napätie: <ul><li>12 V</li><li>18 V</li><li>220 - 230 V</li></ul></l,Pop Pulse Emporium,https://cdnbigbuy.com/images/5035048661628_S9120077_P00.jpg,https://cdnbigbuy.com/images/5035048661628_R60.jpg,https://cdnbigbuy.com/images/5035048661628_R40.jpg,https://cdnbigbuy.com/images/5035048661628_S9120077_P10.jpg,113.73,4,NEW,19.0,21.0,29.5,2.55,11770.5,EUR,2,8,3
S7182399,8719514291812,sk-SK,Gardening & DIY,Smart Žiarovka Philips 8719514291812 (2 kusov),"<p>Ak chcete vášmu domovu dodať kúsok originality, môžete tak urobiť s <b>Smart Žiarovka Philips 8719514291812 (2 kusov)</b>.</p><br><br><ul><li>Teplo","<p>Ak chcete vášmu domovu dodať kúsok originality, môžete tak urobiť s <b>Smart Žiarovka Philips 8719514291812 (2 kusov)</b>.</p><br><br><ul><li>Teplota farby: 6500 K</li><li>Obsahuje: RJ45 kábel</li><li>Kusov: 2 kusov</li></ul>",Pop Pulse Emporium,https://cdnbigbuy.com/images/8719514291812_S7182399_P03.jpg,https://cdnbigbuy.com/images/8719514291812_S7182399_P23.jpg,https://cdnbigbuy.com/images/8719514291812_S7182399_P13.jpg,https://cdnbigbuy.com/images/8719514291812_S7182399_P33.jpg,161.28,10,NEW,17.4,22.2,14.0,0.9,5407.92,EUR,2,8,3
S72107718,7612901736938,sk-SK,Gardening & DIY,Dámske hodinky Breil EW0691 (Ø 28 mm),"Ak sledujete trendy v oblasti módy a doplnkov, nakupujte <b>Dámske hodinky Breil EW0691 (Ø 28 mm)</b> za najlepšie ceny.<br><br><ul><li>Extra články r","Ak sledujete trendy v oblasti módy a doplnkov, nakupujte <b>Dámske hodinky Breil EW0691 (Ø 28 mm)</b> za najlepšie ceny.<br><br><ul><li>Extra články reťaze: Č.</li><li>Druh hodiniek: Náramkové hodinky</li><li>Funkcie: Stopky</li><li>Pohlavie: Dáma</li><li>Obsahuje: Zahŕňa puzdro alebo obal značky</li><li>Vodeodolnosť: 5 atm</li><li>Sklo: Minerál</li><li>Typ pohybu: Kremeň</li><li>Priemer puzdra hodiniek: Ø 28 mm</li><li>Materiál hodiniek: Nerezová oceľ</li><li>Farba: Striebristý</li><li>Farba ci",Pop Pulse Emporium,https://cdnbigbuy.com/images/7612901736938_S72107718_P00.jpg,https://cdnbigbuy.com/images/106730_mandatory-watch0.jpg,,,127.17,1,NEW,14.16,11.56,10.0,0.33,1636.9,EUR,2,8,3
S7277246,8430622783432,sk-SK,Gardening & DIY,Pánske hodinky Lotus 18672/C Čierna,"Ak sledujete trendy v oblasti módy a doplnkov, nakupujte <b>Pánske hodinky Lotus 18672/C Čierna</b> za najlepšie ceny.<br><br><ul><li>Pohlavie: Muž</l","Ak sledujete trendy v oblasti módy a doplnkov, nakupujte <b>Pánske hodinky Lotus 18672/C Čierna</b> za najlepšie ceny.<br><br><ul><li>Pohlavie: Muž</li><li>Extra články reťaze: Č.</li><li>Druh hodiniek: Náramkové hodinky</li><li>Farba: Čierna</li><li>Materiál hodiniek: Nerezová oceľ</li><li>Typ pohybu: Kremeň</li></ul>",Pop Pulse Emporium,https://cdnbigbuy.com/images/8430622783432_R01.jpg,https://cdnbigbuy.com/images/8430622783432_R11.jpg,https://cdnbigbuy.com/images/76303_mandatory-watch1.jpg,,169.98,50,NEW,32.0,19.0,10.0,0.4,6080.0,EUR,2,8,3
S3714149,8024055160498,sk-SK,Gardening & DIY,Pneumatika na auto MOMO WIN PRO ET40,Vybavte svoje vozidlo najnovšími výrobkami! Kúpte si <b>Pneumatika na auto MOMO WIN PRO ET40</b> a nenechajte si ujsť žiadne detaily!<br><br><ul><li>H,"Vybavte svoje vozidlo najnovšími výrobkami! Kúpte si <b>Pneumatika na auto MOMO WIN PRO ET40</b> a nenechajte si ujsť žiadne detaily!<br><br><ul><li>Hĺbka pneumatiky (ET): ET40</li><li>Kotva na pneumatiku (PCD): PCD 4x108</li><li>Veľkosť priechodky (CB): CB 63,4</li><li>Približný priemer: 15""</li><li>Farba: Striebristý</li><li>Šírka: 6</li><li>Materiál: Aluminium</li><li>Hmotnosť: 8 kg</li></ul>",Pop Pulse Emporium,https://cdnbigbuy.com/images/8024055160498_S3714149_P02.jpg,,,,118.51,2,NEW,55.0,55.0,35.0,12.0,105875.0,EUR,2,8,3
M0504518,4960999909516,sk-SK,Gardening & DIY,Originálne atramentové náplne Canon PFI-106 C Azúrová,"Ak sú <b>počítače a elektronika</b> vašou vášňou a máte radi aktualizácie z oblasti technológie, a neuniknú vám ani najmenšie detajly, zakúpte <b>Orig","Ak sú <b>počítače a elektronika</b> vašou vášňou a máte radi aktualizácie z oblasti technológie, a neuniknú vám ani najmenšie detajly, zakúpte <b>Originálne atramentové náplne Canon PFI-106 C Azúrová</b> za neporaziteľnú cenu.<br><br><ul><li>Farba: Azúrová</li><li>Technológia: Inkjet</li><li>Typ: Originálne atramentové náplne</li><li>Vlastnosti: Originálny</li></ul>",Pop Pulse Emporium,https://cdnbigbuy.com/images/4960999909516_I00.jpg,https://cdnbigbuy.com/images/4960999909516_R00.jpg,https://cdnbigbuy.com/images/4960999909516_M0504518_P00.jpg,,109.14,2,NEW,12.0,8.0,3.0,0.18,288.0,EUR,2,8,3
S0388841,0091661534348,sk-SK,Gardening & DIY,Pánske hodinky Guess GW0571G2 (Ø 42 mm),"Ak sledujete trendy v oblasti módy a doplnkov, nakupujte <b>Pánske hodinky Guess GW0571G2 (Ø 42 mm)</b> za najlepšie ceny.<br><br><ul><li>Extra články","Ak sledujete trendy v oblasti módy a doplnkov, nakupujte <b>Pánske hodinky Guess GW0571G2 (Ø 42 mm)</b> za najlepšie ceny.<br><br><ul><li>Extra články reťaze: Č.</li><li>Druh hodiniek: Náramkové hodinky</li><li>Materiál náramku: Silikónové</li><li>Materiál puzdra hodiniek: Nerezová oceľ</li><li>Typ pohybu: Kremeň</li><li>Sklo: Minerál</li><li>Obsahuje: Zahŕňa puzdro alebo obal značky</li><li>Typ zapínania: Pracka</li><li>Farba cilindra: Modrá</li><li>Farba puzdra hodiniek: Ružová</li><li>Farba r",Pop Pulse Emporium,https://cdnbigbuy.com/images/0091661534348_S0388841_P00.jpg,https://cdnbigbuy.com/images/85200_mandatory-watch0.jpg,,,141.12,5,NEW,32.0,19.0,10.0,0.4,6080.0,EUR,2,8,3
S7271333,3608701100929,sk-SK,Gardening & DIY,Pánske hodinky Nixon A1309-000 Čierna,"Ak sledujete trendy v oblasti módy a doplnkov, nakupujte <b>Pánske hodinky Nixon A1309-000 Čierna</b> za najlepšie ceny.<br><br><ul><li>Pohlavie: Muž<","Ak sledujete trendy v oblasti módy a doplnkov, nakupujte <b>Pánske hodinky Nixon A1309-000 Čierna</b> za najlepšie ceny.<br><br><ul><li>Pohlavie: Muž</li><li>Extra články reťaze: Č.</li><li>Druh hodiniek: Náramkové hodinky</li><li>Farba: Čierna</li><li>Rok: 2020</li><li>Materiál náramku: Silikónové</li><li>Materiál hodiniek: Polykarbonát</li><li>Tvar: Obdĺžnikový</li><li>Typ zapínania: Pracka</li><li>Približný priemer: 39 mm</li></ul>",Pop Pulse Emporium,https://cdnbigbuy.com/images/3608701100929_S7271333_P01.jpg,https://cdnbigbuy.com/images/70497_mandatory-watch1.jpg,,,172.8,2,NEW,32.0,19.0,10.0,0.4,6080.0,EUR,2,8,3
S0368819,4549526127304,sk-SK,Gardening & DIY,Unisex hodinky Casio GX-56BB-1ER (Ø 55 mm),"Ak sledujete trendy v oblasti módy a doplnkov, nakupujte <b>Unisex hodinky Casio GX-56BB-1ER (Ø 55 mm)</b> za najlepšie ceny.<br><br><ul><li>Funkcie: ","Ak sledujete trendy v oblasti módy a doplnkov, nakupujte <b>Unisex hodinky Casio GX-56BB-1ER (Ø 55 mm)</b> za najlepšie ceny.<br><br><ul><li>Funkcie: Multifunkčný</li><li>Typ pohybu: Solárny</li><li>Obsahuje: Zahŕňa puzdro alebo obal značky</li><li>Vodeodolnosť: 20 atm</li><li>Sklo: Minerál</li><li>Materiál náramku: Živica</li><li>Priemer puzdra hodiniek: <ul><li>Ø 53,5 mm</li><li>Ø 55 mm</li></ul></li><li>Extra články reťaze: Č.</li><li>Druh hodiniek: Náramkové hodinky</li><li>Pohlavie: Unisex<",Pop Pulse Emporium,https://cdnbigbuy.com/images/4549526127304_S0368819_P01.jpg,https://cdnbigbuy.com/images/65180_mandatory-watch1.jpg,,,178.41,2,NEW,32.0,19.0,10.0,0.4,6080.0,EUR,2,8,3
S72107713,7612901736983,sk-SK,Gardening & DIY,Dámske hodinky Breil EW0696 (Ø 26 mm),"Ak sledujete trendy v oblasti módy a doplnkov, nakupujte <b>Dámske hodinky Breil EW0696 (Ø 26 mm)</b> za najlepšie ceny.<br><br><ul><li>Extra články r","Ak sledujete trendy v oblasti módy a doplnkov, nakupujte <b>Dámske hodinky Breil EW0696 (Ø 26 mm)</b> za najlepšie ceny.<br><br><ul><li>Extra články reťaze: Č.</li><li>Druh hodiniek: Náramkové hodinky</li><li>Funkcie: Stopky</li><li>Pohlavie: Dáma</li><li>Obsahuje: Zahŕňa puzdro alebo obal značky</li><li>Vodeodolnosť: 3 atm</li><li>Sklo: Minerál</li><li>Typ pohybu: Kremeň</li><li>Priemer puzdra hodiniek: Ø 26 mm</li><li>Materiál hodiniek: Nerezová oceľ</li><li>Farba: Striebristý</li></ul>",Pop Pulse Emporium,https://cdnbigbuy.com/images/7612901736983_S72107713_P00.jpg,https://cdnbigbuy.com/images/106725_mandatory-watch0.jpg,,,126.23,2,NEW,14.16,11.56,10.0,0.33,1636.9,EUR,2,8,3
S7192257,3417766172051,sk-SK,Gardening & DIY,Centrum aktivít Vtech Baby (Francúzština),"Pre naše deti chceme len to najlepšie, a preto by sme Vám chceli predstaviť <b>Centrum aktivít Vtech Baby (Francúzština)</b>, perfektný pre všetkých, ","Pre naše deti chceme len to najlepšie, a preto by sme Vám chceli predstaviť <b>Centrum aktivít Vtech Baby (Francúzština)</b>, perfektný pre všetkých, ktorí hľadajú kvalitatívne vysokohodnotný produkt pre najmenších. Nakúpte <b>Vtech Baby</b> a ďalšie značky a licencie za tie najlepšie ceny!<br><br><ul><li>Typ: Centrum aktivít</li><li>Farba: Viacfarebná</li><li>Jazyk: Francúzština</li><li>Vrátane batérií: áno</li><li>Odporúčaný vek: + 9 mesiacov</li><li>Odporúčané použitie: Deti</li></ul>",Pop Pulse Emporium,https://cdnbigbuy.com/images/3417766172051_S7192257_P00.jpg,https://cdnbigbuy.com/images/3417766172051_S7192257_P10.jpg,https://cdnbigbuy.com/images/3417766172051_S7192257_P20.jpg,https://cdnbigbuy.com/images/3417766172051_S7192257_P30.jpg,126.63,5,NEW,40.4,55.0,13.4,3.5,29774.8,EUR,2,8,3
S3060675,8424002201296,sk-SK,Gardening & DIY,Stolná lampa Home ESPRIT Biela Striebristý 50 W 220 V,"Ak hľadáte nové trendy na trhu, predstavujeme <b>Stolná lampa Home ESPRIT Biela Striebristý 50 W 220 V</b>!<br><br><ul><li>Zásuvný produkt: áno</li><l","Ak hľadáte nové trendy na trhu, predstavujeme <b>Stolná lampa Home ESPRIT Biela Striebristý 50 W 220 V</b>!<br><br><ul><li>Zásuvný produkt: áno</li><li>Typ: Stolná lampa</li><li>Druh zástrčky: EU zástrčky</li><li>Farba: <ul><li>Biela</li><li>Striebristý</li></ul></li><li>Zloženie: Polyester</li><li>Napätie: 220 V</li><li>Pätica: E27</li><li>Dlhý: 23 cm</li><li>Design: <ul><li>Moderný</li><li>Pochrómované</li></ul></li><li>Vysoký: 80 cm</li><li>Príkon: 50 W</li><li>Šírka: 43 cm</li><li>Materiál: ",Pop Pulse Emporium,https://cdnbigbuy.com/images/8424002201296_S3060675_P50.jpg,https://cdnbigbuy.com/images/8424002201296_S3060675_P30.jpg,https://cdnbigbuy.com/images/8424002201296_S3060675_P40.jpg,https://cdnbigbuy.com/images/8424002201296_S3060675_P00.jpg,119.12,21,NEW,45.0,62.0,27.0,4.3,75330.0,EUR,2,8,3
S7196388,8058664165933,sk-SK,Gardening & DIY,Cestovná postieľka Chicco Good Night,"Pre naše deti chceme len to najlepšie, a preto by sme Vám chceli predstaviť <b>Cestovná postieľka Chicco Good Night</b>, perfektný pre všetkých, ktorí","Pre naše deti chceme len to najlepšie, a preto by sme Vám chceli predstaviť <b>Cestovná postieľka Chicco Good Night</b>, perfektný pre všetkých, ktorí hľadajú kvalitatívne vysokohodnotný produkt pre najmenších. Nakúpte <b>Chicco</b> a ďalšie značky a licencie za tie najlepšie ceny!<br><br><ul><li>Farba: Sivá</li><li>Typ: Cestovná postieľka</li><li>Vlastnosti: Skladateľný</li></ul>",Pop Pulse Emporium,https://cdnbigbuy.com/images/8058664165933_S7196388_P00.jpg,https://cdnbigbuy.com/images/8058664165933_S7196388_P20.jpg,https://cdnbigbuy.com/images/8058664165933_S7196388_P30.jpg,https://cdnbigbuy.com/images/8058664165933_S7196388_P40.jpg,162.02,2,NEW,22.7,22.5,70.0,10.3,35752.5,EUR,2,8,3
S71015772,0074451999060,sk-SK,Gardening & DIY,Vysoká stolička (trona minerál),"Ak hľadáte nové trendy na trhu, predstavujeme <b>Vysoká stolička (trona minerál)</b>!","Ak hľadáte nové trendy na trhu, predstavujeme <b>Vysoká stolička (trona minerál)</b>!",Pop Pulse Emporium,https://cdnbigbuy.com/images/0074451999060_S71015772_P00.jpg,https://cdnbigbuy.com/images/0074451999060_S71015772_P10.jpg,https://cdnbigbuy.com/images/0074451999060_S71015772_P20.jpg,https://cdnbigbuy.com/images/0074451999060_S71015772_P30.jpg,128.28,1,NEW,38.83,35.6,39.17,6.66,54146.57,EUR,2,8,3
S71012250,0074451166639,sk-SK,Gardening & DIY,Lehátko pre bábätko Baby Einstein Ocean Modrá,"Ak hľadáte nové trendy na trhu, predstavujeme <b>Lehátko pre bábätko Baby Einstein Ocean Modrá</b>!<br><br><ul><li>Farba: Modrá</li><li>Materiál: Kov<","Ak hľadáte nové trendy na trhu, predstavujeme <b>Lehátko pre bábätko Baby Einstein Ocean Modrá</b>!<br><br><ul><li>Farba: Modrá</li><li>Materiál: Kov</li><li>Vyžaduje si montáž: áno</li><li>Odporúčaný vek: + 0 mesiacov</li><li>Maximálna povolená hmotnosť: 9 kg</li></ul>",Pop Pulse Emporium,https://cdnbigbuy.com/images/0074451166639_S71012250_P00.jpg,https://cdnbigbuy.com/images/0074451166639_S71012250_P10.jpg,https://cdnbigbuy.com/images/0074451166639_S71012250_P20.jpg,https://cdnbigbuy.com/images/0074451166639_S71012250_P30.jpg,149.56,9,NEW,50.0,19.0,82.0,8.75,77900.0,EUR,2,8,3
S3040027,8424002005047,sk-SK,Gardening & DIY,"Stropné svetlo DKD Home Decor Čierna Striebristý Kov Sklo 25,4 x 25,4 x 35,5 cm (2 kusov)","<p>Ak chcete vášmu domovu dodať kúsok originality, môžete tak urobiť s <b>Stropné svetlo DKD Home Decor Sklo Striebristý Čierna Kov Striebro (25.4 x 2","<p>Ak chcete vášmu domovu dodať kúsok originality, môžete tak urobiť s <b>Stropné svetlo DKD Home Decor Sklo Striebristý Čierna Kov Striebro (25.4 x 25.4 x 35.5 cm) (2 kusov)</b>.</p><br><ul><li>Farba: <ul><li>Čierna</li><li>Striebro</li><li>Striebristý</li></ul></li><li>Materiál: <ul><li>Kov</li><li>Sklo</li></ul></li><li>Štýl: Loft</li><li>Kusov: 2 kusov</li><li>Približné rozmery: 25.4 x 25.4 x 35.5 cm</li><li>Dôležité informácie: Z viac designov vyberáme náhodne podľa skladovej dostupnosti</l",Pop Pulse Emporium,https://cdnbigbuy.com/images/8424002005047_S3040027_P34.jpg,https://cdnbigbuy.com/images/8424002005047_S3040027_P24.jpg,https://cdnbigbuy.com/images/8424002005047_S3040027_P04.jpg,https://cdnbigbuy.com/images/8424002005047_S3040027_P14.jpg,122.74,25,NEW,25.4,25.4,35.5,6.1,22903.18,EUR,2,8,3
S0385048,0886895517072,sk-SK,Gardening & DIY,Pánske slnečné okuliare Lanvin LNV620S-234 Ø 52 mm,"Ak radi nosíte trendy <b>módne doplnky</b> a váš štýl sa bez nich nezaobíde, nenechajte si ujsť <b>Pánske slnečné okuliare Lanvin LNV620S-234 Ø 52 mm<","Ak radi nosíte trendy <b>módne doplnky</b> a váš štýl sa bez nich nezaobíde, nenechajte si ujsť <b>Pánske slnečné okuliare Lanvin LNV620S-234 Ø 52 mm</b>! Vyberte si tie najlepšie značkové <b>slnečné okuliare</b>.<br><br><ul><li>Typ: Pánske slnečné okuliare</li><li>Ochrana: 100% ochrana proti UV žiareniu (UV400)</li><li>Pohlavie: Muž</li><li>Materiál: <ul><li>Polykarbonát</li><li>Acetate</li></ul></li><li>Materiál šošovky: Polykarbonát</li><li>Farba: Gaštanová</li><li>Farba šošovky: Gaštanová</l",Pop Pulse Emporium,https://cdnbigbuy.com/images/0886895517072_S0385048_P00.jpg,https://cdnbigbuy.com/images/0886895517072_S0385048_P10.jpg,https://cdnbigbuy.com/images/0886895517072_S0385048_P20.jpg,,109.3,2,NEW,10.0,10.0,10.0,0.3,1000.0,EUR,2,8,3
S72108109,4894816148300,sk-SK,Gardening & DIY,Pánske hodinky Timberland TDWGB0055903,"Ak sledujete trendy v oblasti módy a doplnkov, nakupujte <b>Pánske hodinky Timberland TDWGB0055903</b> za najlepšie ceny.<br><br><ul><li>Pohlavie: Muž","Ak sledujete trendy v oblasti módy a doplnkov, nakupujte <b>Pánske hodinky Timberland TDWGB0055903</b> za najlepšie ceny.<br><br><ul><li>Pohlavie: Muž</li><li>Extra články reťaze: Č.</li><li>Druh hodiniek: Náramkové hodinky</li></ul>",Pop Pulse Emporium,https://cdnbigbuy.com/images/4894816148300_S72108109_P00.jpg,https://cdnbigbuy.com/images/107121_mandatory-watch0.jpg,https://cdnbigbuy.com/images/4894816148300_S72108109_P10.jpg,https://cdnbigbuy.com/images/4894816148300_S72108109_P20.jpg,179.99,2,NEW,14.15,12.43,10.11,0.3,1778.19,EUR,2,8,3
S91111935,5902414211834,sk-SK,Gardening & DIY,Krmivo VETEXPERT Ultra Pork Mini Adult Prasa 8 kg,"Ak hľadáte nové trendy na trhu, predstavujeme <b>Krmivo VETEXPERT Ultra Pork Mini Adult Prasa 8 kg</b>!<br><br><ul><li>Typ: Krmivo</li><li>Tvar: Pevný","Ak hľadáte nové trendy na trhu, predstavujeme <b>Krmivo VETEXPERT Ultra Pork Mini Adult Prasa 8 kg</b>!<br><br><ul><li>Typ: Krmivo</li><li>Tvar: Pevný</li><li>Príchuť: Prasa</li><li>Dôležité informácie: <ul><li>Bezlepkový</li><li>Bez cukru</li><li>Bez sóje</li></ul></li><li>Vlastnosti: Pomoc pre trávenie</li><li>Odporúčané použitie: <ul><li>Domáci miláčik s potravinovou alergiou alebo intoleranciou</li><li>Domáci miláčik s citlivým žalúdkom</li><li>Domáci miláčik so zdravotnými problémami kože</",Pop Pulse Emporium,https://cdnbigbuy.com/images/5902414211834_S91111935_P00.jpg,https://cdnbigbuy.com/images/5902414211834_S91111935_P10.jpg,https://cdnbigbuy.com/images/5902414211834_S91111935_P20.jpg,,126.66,4,NEW,12.0,41.0,35.5,8.08,17466.0,EUR,2,8,3
S91104850,5038483539330,sk-SK,Gardening & DIY,Žabky Scholl PRS014BEZ46,"Ak rozmýšľate nad obnovením vášho šatníka, nakúpte <b>Žabky Scholl PRS014BEZ46</b> ďalšie <b>produkty Scholl</b>! Najlepšia kvalita za najlepšiu cenu ","Ak rozmýšľate nad obnovením vášho šatníka, nakúpte <b>Žabky Scholl PRS014BEZ46</b> ďalšie <b>produkty Scholl</b>! Najlepšia kvalita za najlepšiu cenu je už na dosah!<br><br><ul><li>Typ: Žabky</li><li>Materiál: <ul><li>Semiš</li><li>Guma</li></ul></li><li>Pohlavie: <ul><li>Unisex</li><li>Unisex dospelí</li></ul></li></ul>",Pop Pulse Emporium,https://cdnbigbuy.com/images/5038483539330_S91104850_P00.jpg,https://cdnbigbuy.com/images/5038483539330_S91104850_P60.jpg,https://cdnbigbuy.com/images/5038483539330_S91104850_P70.jpg,https://cdnbigbuy.com/images/5038483539330_S91104850_P10.jpg,107.66,2,NEW,18.5,31.5,11.5,0.93,6701.62,EUR,2,8,3
S0581771,7350064168974,sk-SK,Gardening & DIY,Elektrická zubná kefka Beconfident Sonic,"Dajte si záležať na <b>ústnej hygiene</b> a používajte kvalitné produkty, ako sú výrobky značky <b>[[value_product_name]</b>!<br><br><ul><li>Zásuvný p","Dajte si záležať na <b>ústnej hygiene</b> a používajte kvalitné produkty, ako sú výrobky značky <b>[[value_product_name]</b>!<br><br><ul><li>Zásuvný produkt: áno</li><li>Druh zástrčky: EU zástrčky</li><li>Farba: <ul><li>Ružové zlatá</li><li>Biela</li></ul></li></ul>",Pop Pulse Emporium,https://cdnbigbuy.com/images/7350064168974_S0581771_P02.jpg,,,,106.7,5,NEW,5.0,15.0,25.0,0.32,1875.0,EUR,2,8,3
S7193854,4573201242020,sk-SK,Gardening & DIY,Slúchadlá Pioneer HDJ-CUE1-Noir Biela Čierna,"Ak sú <b>počítače a elektronika</b> vašou vášňou a máte radi aktualizácie z oblasti technológie, a neuniknú vám ani najmenšie detajly, zakúpte <b>Slúc","Ak sú <b>počítače a elektronika</b> vašou vášňou a máte radi aktualizácie z oblasti technológie, a neuniknú vám ani najmenšie detajly, zakúpte <b>Slúchadlá Pioneer HDJ-CUE1-Noir Biela Čierna</b> za neporaziteľnú cenu.<br><br><ul><li>Typ: Slúchadlá</li><li>Farba: <ul><li>Biela</li><li>Čierna</li></ul></li><li>Vlastnosti: <ul><li>Skladateľný</li><li>32 Ohm</li></ul></li><li>Pripojenie: USB</li><li>Druh slúchadiel: Vonkajší obvod</li><li>Dĺžka kábla: 1,2 m</li><li>Hlasitosť: 104 dB</li><li>Slúchadl",Pop Pulse Emporium,https://cdnbigbuy.com/images/4573201242020_I01.jpg,https://cdnbigbuy.com/images/4573201242020_I21.jpg,https://cdnbigbuy.com/images/4573201242020_I41.jpg,https://cdnbigbuy.com/images/4573201242020_I101.jpg,122.86,5,NEW,20.4,23.2,9.8,0.53,4638.14,EUR,2,8,3
S9131864,5908267964293,sk-SK,Gardening & DIY,Pevný disk GoodRam IRP-SSDPR-P44S-1K0-80 1 TB SSD,"Ak sú <b>počítače a elektronika</b> vašou vášňou a máte radi aktualizácie z oblasti technológie, a neuniknú vám ani najmenšie detajly, zakúpte <b>Pevn","Ak sú <b>počítače a elektronika</b> vašou vášňou a máte radi aktualizácie z oblasti technológie, a neuniknú vám ani najmenšie detajly, zakúpte <b>Pevný disk GoodRam IRP-SSDPR-P44S-1K0-80 1 TB SSD</b> za neporaziteľnú cenu.<br><br><ul><li>Typ: SSD</li><li>Pripojenie: <ul><li>PCIe</li><li>M.2</li><li>PCI Express 4.0</li></ul></li><li>Rýchlosť: <ul><li>7000 MB/s</li><li>5500 MB/S</li></ul></li><li>Pevný disk: 1 TB SSD</li><li>Typ pamäte: 3D TLC NAND</li><li>Odporúčané použitie: Riadiaci panel; konz",Pop Pulse Emporium,https://cdnbigbuy.com/images/5908267964293_S9131864_P01.jpg,https://cdnbigbuy.com/images/5908267964293_S9131864_P11.jpg,https://cdnbigbuy.com/images/5908267964293_S9131864_P21.jpg,https://cdnbigbuy.com/images/5908267964293_S9131864_P31.jpg,127.35,1,NEW,2.0,11.5,14.0,0.04,322.0,EUR,2,8,3
S0389513,0193599711218,sk-SK,Gardening & DIY,Taška do ruky Michael Kors 35S0STVT1L-BLACK,"Ak hľadáte nové trendy na trhu, predstavujeme <b>Taška do ruky Michael Kors 35S0STVT1L-BLACK</b>!<br><br><ul><li>Typ: Taška</li><li>Pohlavie: Dáma</li","Ak hľadáte nové trendy na trhu, predstavujeme <b>Taška do ruky Michael Kors 35S0STVT1L-BLACK</b>!<br><br><ul><li>Typ: Taška</li><li>Pohlavie: Dáma</li><li>Farba: Čierna</li><li>Zloženie: Koža</li><li>Typ zapínania: Zips</li><li>Obsahuje: Zahŕňa puzdro alebo obal značky</li><li>Približné rozmery: 35 x 25 x 13 cm</li></ul>",Pop Pulse Emporium,https://cdnbigbuy.com/images/0193599711218_S0389513_P00.jpg,,,,191.36,25,NEW,10.0,10.0,10.0,0.3,1000.0,EUR,2,8,3
S7274703,8430622791536,sk-SK,Gardening & DIY,Pánske hodinky Festina F20636/4 Čierna,"Ak sledujete trendy v oblasti módy a doplnkov, nakupujte <b>Pánske hodinky Festina F20636/4 Čierna</b> za najlepšie ceny.<br><br><ul><li>Pohlavie: Muž","Ak sledujete trendy v oblasti módy a doplnkov, nakupujte <b>Pánske hodinky Festina F20636/4 Čierna</b> za najlepšie ceny.<br><br><ul><li>Pohlavie: Muž</li><li>Extra články reťaze: Č.</li><li>Druh hodiniek: Náramkové hodinky</li><li>Krajina / Región výroby: Čína</li><li>Farba: Čierna</li><li>Materiál hodiniek: Nerezová oceľ</li><li>Materiál náramku: Koža</li><li>Typ pohybu: Kremeň</li></ul>",Pop Pulse Emporium,https://cdnbigbuy.com/images/8430622791536_S7274703_P00.jpg,https://cdnbigbuy.com/images/73760_mandatory-watch0.jpg,,,189.6,50,NEW,32.0,19.0,10.0,0.4,6080.0,EUR,2,8,3
S8901371,0841101005316,sk-SK,Gardening & DIY,"Skladací Stolík Lifetime Krém 106,5 x 73,5 x 61 cm Oceľ Plastické","Ak hľadáte nové trendy na trhu, predstavujeme <b>Skladací Stolík Lifetime Krém 106,5 x 73,5 x 61 cm Oceľ Plastické</b>!<br><br><ul><li>Materiál: <ul><","Ak hľadáte nové trendy na trhu, predstavujeme <b>Skladací Stolík Lifetime Krém 106,5 x 73,5 x 61 cm Oceľ Plastické</b>!<br><br><ul><li>Materiál: <ul><li>Oceľ</li><li>Plastické</li></ul></li><li>Približné rozmery: 106,5 x 73,5 x 61 cm</li><li>Typ: Stôl</li><li>Kapacita: 4 osoby</li><li>Farba: Krém</li><li>Obsahuje: Lavica x 2</li></ul>",Pop Pulse Emporium,https://cdnbigbuy.com/images/0841101005316_S8901371_P02.jpg,https://cdnbigbuy.com/images/0841101005316_S8901371_P42.jpg,https://cdnbigbuy.com/images/0841101005316_S8901371_P52.jpg,https://cdnbigbuy.com/images/0841101005316_S8901371_P12.jpg,106.03,50,NEW,63.0,109.0,8.0,14.65,54936.0,EUR,2,8,3
S72118284,0769152723167,sk-SK,Gardening & DIY,Pánske hodinky Tommy Hilfiger 1710522 (Ø 46 mm),"Ak hľadáte nové trendy na trhu, predstavujeme <b>Pánske hodinky Tommy Hilfiger 1710522 (Ø 46 mm)</b>!<br><br><ul><li>Extra články reťaze: Č.</li><li>D","Ak hľadáte nové trendy na trhu, predstavujeme <b>Pánske hodinky Tommy Hilfiger 1710522 (Ø 46 mm)</b>!<br><br><ul><li>Extra články reťaze: Č.</li><li>Druh hodiniek: Náramkové hodinky</li><li>Typ: Chytré hodinky</li><li>Funkcie: Dátum</li><li>Pohlavie: Muž</li><li>Materiál náramku: Mincovné striebro</li><li>Obsahuje: Zahŕňa puzdro alebo obal značky</li><li>Vodeodolnosť: 5 atm</li><li>Sklo: Minerál</li><li>Typ pohybu: Kremeň</li><li>Priemer puzdra hodiniek: Ø 46 mm</li></ul>",Pop Pulse Emporium,https://cdnbigbuy.com/images/0769152723167_S72118284_P00.jpg,https://cdnbigbuy.com/images/117296_mandatory-watch0.jpg,,,179.98,2,NEW,14.15,12.43,10.11,0.3,1778.19,EUR,2,8,3
S7283297,8050506110248,sk-SK,Gardening & DIY,Unisex korálky Talent Jewels TJC-2-03-03,"Predstavuje sa vám <b>Unisex korálky Talent Jewels TJC-2-03-03</b> a široký výber prstienkov, náramkov, náhrdelníkov, náušníc za skvelú cenu. Získajte","Predstavuje sa vám <b>Unisex korálky Talent Jewels TJC-2-03-03</b> a široký výber prstienkov, náramkov, náhrdelníkov, náušníc za skvelú cenu. Získajte podrobné informácie o exkluzívnych elegantných šperkoch a bižutérii v rôznych štýloch, z ktorých si vyberie každý.<br><br><ul><li>Pohlavie: Unisex</li><li>Typ: Korálky</li></ul>",Pop Pulse Emporium,https://cdnbigbuy.com/images/8050506110248_S7283297_P01.jpg,https://cdnbigbuy.com/images/8050506110248_R31.jpg,https://cdnbigbuy.com/images/8050506110248_R41.jpg,https://cdnbigbuy.com/images/8050506110248_R01.jpg,103.87,25,NEW,10.0,10.0,10.0,0.3,1000.0,EUR,2,8,3
S72100051,0889214346797,sk-SK,Gardening & DIY,Dámske Rám na okuliare Max Mara MM5068-D 50057,"Ak rozmýšľate nad obnovením vášho šatníka, nakúpte <b>Dámske Rám na okuliare Max Mara MM5068-D 50057</b> ďalšie <b>produkty Max Mara</b>! Najlepšia kv","Ak rozmýšľate nad obnovením vášho šatníka, nakúpte <b>Dámske Rám na okuliare Max Mara MM5068-D 50057</b> ďalšie <b>produkty Max Mara</b>! Najlepšia kvalita za najlepšiu cenu je už na dosah!<br><br><ul><li>Vlastnosti: Nedioptrické sklo</li><li>Pohlavie: Dáma</li><li>Typ: Rám na okuliare</li></ul>",Pop Pulse Emporium,https://cdnbigbuy.com/images/0889214346797_S72100051_P00.jpg,https://cdnbigbuy.com/images/0889214346797_S72100051_P10.jpg,https://cdnbigbuy.com/images/0889214346797_S72100051_P20.jpg,,108.55,10,NEW,8.25,9.94,12.12,0.24,993.9,EUR,2,8,3
M0506946,8715946548807,sk-SK,Gardening & DIY,Originálne atramentové náplne Epson C13T907340 Purpurová,"Ak sú <b>počítače a elektronika</b> vašou vášňou a máte radi aktualizácie z oblasti technológie, a neuniknú vám ani najmenšie detajly, zakúpte <b>Orig","Ak sú <b>počítače a elektronika</b> vašou vášňou a máte radi aktualizácie z oblasti technológie, a neuniknú vám ani najmenšie detajly, zakúpte <b>Originálne atramentové náplne Epson C13T907340 Purpurová</b> za neporaziteľnú cenu.<br><br><ul><li>Kompatibilné: <ul><li>WORKFORCE PRO WF-6590DTWFC</li><li>WORKFORCE PRO WF-6590D2TWFC</li><li>WORKFORCE PRO WF-6090DW</li><li>WORKFORCE PRO WF-6090D2TWC</li><li>WORKFORCE PRO C11CD47201</li><li>WORKFORCE PRO WFA 6590D2TWFC</li><li>WORKFORCE PRO WF-6590DWF<",Pop Pulse Emporium,https://cdnbigbuy.com/images/8715946548807_M0506946_P00.jpg,,,,150.0,10,NEW,18.5,11.5,2.5,0.22,531.88,EUR,2,8,3
S0387161,0194900033678,sk-SK,Gardening & DIY,Dámska Taška Michael Kors 35F0GTVT9L-POWDER-BLUSH-ROSE-POUDRE Ružová 46 x 29 x 16 cm,Chcete držať krok s módou a máte radi drobné doplnky? Prinášame vám <b>Dámska Taška Michael Kors 35F0GTVT9L-POWDER-BLUSH-ROSE-POUDRE Ružová 46 x 29 x ,Chcete držať krok s módou a máte radi drobné doplnky? Prinášame vám <b>Dámska Taška Michael Kors 35F0GTVT9L-POWDER-BLUSH-ROSE-POUDRE Ružová 46 x 29 x 16 cm</b> a široký výber trendy kabeliek a peňaženiek!<br><br><ul><li>Pohlavie: Dáma</li><li>Typ: Dámska Taška</li><li>Farba: Ružová</li><li>Zloženie: Koža</li><li>Typ zapínania: Zips</li><li>Obsahuje: Zahŕňa puzdro alebo obal značky</li><li>Približné rozmery: 46 x 29 x 16 cm</li></ul>,Pop Pulse Emporium,https://cdnbigbuy.com/images/S0387161_1730366140-remove-background0.jpg,https://cdnbigbuy.com/images/0194900033678_S0387161_P10.jpg,https://cdnbigbuy.com/images/0194900033678_S0387161_P00.jpg,,165.45,10,NEW,10.0,10.0,10.0,0.3,1000.0,EUR,2,8,3
S7189036,8720389015762,sk-SK,Gardening & DIY,Parný generátor Philips 7000 Series,"Ak hľadáte vhodné elektrospotrebiče za špičkové ceny, kúpte si domov <b> Parný generátor Philips 7000 Series</b> a ďalšie kúsky z širokého výberu kval","Ak hľadáte vhodné elektrospotrebiče za špičkové ceny, kúpte si domov <b> Parný generátor Philips 7000 Series</b> a ďalšie kúsky z širokého výberu kvalitných malých domácich elektrospotrebičov!<br><br><ul><li>Dĺžka kábla: 2 m</li><li>Farba: Modrá</li><li>Vlastnosti: <ul><li>Automatické vypnutie</li><li>Programovateľný termostat</li><li>Krúžok na hrdlo fľaše</li><li>Funkcia vertikálnej pary</li><li>Regulátor pary</li><li>Vhodné použiť vodu z vodovodu</li><li>Automatic anti-scale system</li><li>Nep",Pop Pulse Emporium,https://cdnbigbuy.com/images/8720389015762_S7189036_P01.jpg,https://cdnbigbuy.com/images/8720389015762_S7189036_P51.jpg,https://cdnbigbuy.com/images/8720389015762_S7189036_P41.jpg,https://cdnbigbuy.com/images/8720389015762_S7189036_P31.jpg,124.79,25,NEW,33.8,13.8,17.0,1.88,7929.48,EUR,2,8,3
S72117502,8434103513532,sk-SK,Gardening & DIY,Pánske hodinky Lorus RM387JX9 Striebristý,"Ak hľadáte nové trendy na trhu, predstavujeme <b>Pánske hodinky Lorus RM387JX9 Striebristý</b>!<br><br><ul><li>Pohlavie: Muž</li><li>Extra články reťa","Ak hľadáte nové trendy na trhu, predstavujeme <b>Pánske hodinky Lorus RM387JX9 Striebristý</b>!<br><br><ul><li>Pohlavie: Muž</li><li>Extra články reťaze: Č.</li><li>Druh hodiniek: Náramkové hodinky</li><li>Farba remienka: Striebristý</li></ul>",Pop Pulse Emporium,https://cdnbigbuy.com/images/8434103513532_S72117502_P00.jpg,https://cdnbigbuy.com/images/116514_mandatory-watch0.jpg,,,152.92,2,NEW,14.15,12.43,10.11,0.3,1778.19,EUR,2,8,3
S0374309,7613272485609,sk-SK,Gardening & DIY,Dámske hodinky Tommy Hilfiger 1782533 (Ø 36 mm),"Ak sledujete trendy v oblasti módy a doplnkov, nakupujte <b>Dámske hodinky Tommy Hilfiger 1782533 (Ø 36 mm)</b> za najlepšie ceny.<br><br><ul><li>Pohl","Ak sledujete trendy v oblasti módy a doplnkov, nakupujte <b>Dámske hodinky Tommy Hilfiger 1782533 (Ø 36 mm)</b> za najlepšie ceny.<br><br><ul><li>Pohlavie: Dáma</li><li>Extra články reťaze: Č.</li><li>Druh hodiniek: Náramkové hodinky</li><li>Približný priemer: 36 mm</li><li>Materiál náramku: Oceľ</li><li>Materiál puzdra hodiniek: Nerezová oceľ</li><li>Typ pohybu: Kremeň</li><li>Sklo: Minerál</li><li>Vodeodolnosť: 3 atm</li><li>Obsahuje: K produktu dostanete originálnu krabičku</li><li>Farba cili",Pop Pulse Emporium,https://cdnbigbuy.com/images/7613272485609_S0374309_P01.jpg,https://cdnbigbuy.com/images/70672_mandatory-watch1.jpg,,,159.9,2,NEW,32.0,19.0,10.0,0.4,6080.0,EUR,2,8,3
S0391917,0197853079564,sk-SK,Gardening & DIY,Taška na plece Michael Kors Carmela Béžová 27 x 17 x 8 cm,Chcete držať krok s módou a máte radi drobné doplnky? Prinášame vám <b>Taška na plece Michael Kors Carmela Béžová 27 x 17 x 8 cm</b> a široký výber tr,Chcete držať krok s módou a máte radi drobné doplnky? Prinášame vám <b>Taška na plece Michael Kors Carmela Béžová 27 x 17 x 8 cm</b> a široký výber trendy kabeliek a peňaženiek!<br><br><ul><li>Typ: Taška</li><li>Pohlavie: Dáma</li><li>Farba: Béžová</li><li>Zloženie: Koža</li><li>Typ zapínania: Zips</li><li>Obsahuje: Zahŕňa puzdro alebo obal značky</li><li>Približné rozmery: 27 x 17 x 8 cm</li></ul>,Pop Pulse Emporium,https://cdnbigbuy.com/images/0197853079564_S0391917_P00.jpg,https://cdnbigbuy.com/images/0197853079564_S0391917_P10.jpg,https://cdnbigbuy.com/images/0197853079564_S0391917_P20.jpg,,174.71,2,NEW,10.0,10.0,10.0,0.3,1000.0,EUR,2,8,3
S7715705,4002888380843,sk-SK,Gardening & DIY,HDMI Kábel LINDY 38084 Čierna,"Ak sú <b>počítače a elektronika</b> vašou vášňou a máte radi aktualizácie z oblasti technológie, a neuniknú vám ani najmenšie detajly, zakúpte <b>HDMI","Ak sú <b>počítače a elektronika</b> vašou vášňou a máte radi aktualizácie z oblasti technológie, a neuniknú vám ani najmenšie detajly, zakúpte <b>HDMI Kábel LINDY 38084 Čierna</b> za neporaziteľnú cenu.<br><br><ul><li>Rozhodnutie: 4K Ultra HD</li><li>Pripojenie: <ul><li>HDMI</li><li>USB</li><li>ženská zástrčka</li></ul></li><li>Batérie: 1000 mAh</li><li>Farba: Čierna</li><li>Kompatibilné: Monitor</li></ul>",Pop Pulse Emporium,https://cdnbigbuy.com/images/4002888380843_R00.jpg,,,,195.44,10,NEW,7.0,20.0,25.0,0.75,3500.0,EUR,2,8,3
S4302194,8412688190072,sk-SK,Gardening & DIY,Vozík na batožinu Safta 30 x 85 x 23 cm (12 uds),"Pre naše deti chceme len to najlepšie, a preto by sme Vám chceli predstaviť <b>Vozík na batožinu Safta 30 x 85 x 23 cm (12 uds)</b>, perfektný pre vše","Pre naše deti chceme len to najlepšie, a preto by sme Vám chceli predstaviť <b>Vozík na batožinu Safta 30 x 85 x 23 cm (12 uds)</b>, perfektný pre všetkých, ktorí hľadajú kvalitatívne vysokohodnotný produkt pre najmenších. Nakúpte <b>Safta</b> a ďalšie značky a licencie za tie najlepšie ceny!<br><br><ul><li>Materiál: <ul><li>Oceľ</li><li>Polypropylén</li></ul></li><li>Vlastnosti: Proti vibrácii</li><li>Vhodné pre: Batoh 32 x 16 x 44 cm</li><li>Dôležité informácie: Z viac designov vyberáme náhodn",Pop Pulse Emporium,https://cdnbigbuy.com/images/8412688190072_S4302194_P02.jpg,https://cdnbigbuy.com/images/8412688190072_S4302194_P12.jpg,,,168.6,50,NEW,3.0,30.0,85.0,1.1,7650.0,EUR,2,8,3
S9918716,8806095655635,sk-SK,Gardening & DIY,Bezdrôtové slúchadlá s nabíjacím puzdrom Samsung SM-R530NZWAPHE Biela,"Ak hľadáte nové trendy na trhu, predstavujeme <b>Bezdrôtové slúchadlá s nabíjacím puzdrom Samsung SM-R530NZWAPHE Biela</b>!<br><br><ul><li>Typ: <ul><l","Ak hľadáte nové trendy na trhu, predstavujeme <b>Bezdrôtové slúchadlá s nabíjacím puzdrom Samsung SM-R530NZWAPHE Biela</b>!<br><br><ul><li>Typ: <ul><li>Slúchadlá</li><li>Bezdrôtové slúchadlá</li><li>Slúchadlá s mikrofónom</li><li>In - Ear slúchadlá</li></ul></li><li>Vlastnosti: <ul><li>Bezdrôtový</li><li>Rýchle nabíjanie</li><li>Zrušenie hluku</li><li>Slúchadlá a mikrofón</li><li>Púzdro</li><li>Zníženie hluku</li><li>Zabudovaný mikrofón</li><li>Podsvietenie</li><li>Bezdrôtová nabíjačka</li></ul>",Pop Pulse Emporium,https://cdnbigbuy.com/images/8806095655635_S0458630_P00.jpg,https://cdnbigbuy.com/images/8806095655635_I10.jpg,https://cdnbigbuy.com/images/8806095655635_S7838463_P60.jpg,https://cdnbigbuy.com/images/8806095655635_S7838463_P00.jpg,187.4,5,NEW,9.5,9.5,4.5,1.6,406.12,EUR,2,8,3
S71001501,3354766300452,sk-SK,Gardening & DIY,Bezpečnostná bariéra Nidalys Sivá,"Pre naše deti chceme len to najlepšie, a preto by sme Vám chceli predstaviť <b>Bezpečnostná bariéra Nidalys Sivá</b>, perfektný pre všetkých, ktorí hľ","Pre naše deti chceme len to najlepšie, a preto by sme Vám chceli predstaviť <b>Bezpečnostná bariéra Nidalys Sivá</b>, perfektný pre všetkých, ktorí hľadajú kvalitatívne vysokohodnotný produkt pre najmenších. Nakúpte <b>Nidalys</b> a ďalšie značky a licencie za tie najlepšie ceny!<br><br><ul><li>Typ: Bezpečnostná bariéra</li><li>Farba: <ul><li>Sivá</li><li>Biela</li></ul></li><li>Materiál: Kov</li><li>Odporúčaný vek: Chlapci</li></ul>",Pop Pulse Emporium,https://cdnbigbuy.com/images/3354766300452_S71001501_P00.jpg,https://cdnbigbuy.com/images/3354766300452_S71001501_P10.jpg,https://cdnbigbuy.com/images/3354766300452_S71001501_P20.jpg,https://cdnbigbuy.com/images/3354766300452_S71001501_P30.jpg,122.71,2,NEW,77.0,72.0,4.5,4.1,24948.0,EUR,2,8,3
S3624339,4899888629405,sk-SK,Gardening & DIY,"Plátno Abstraktný 61,5 x 3 x 121 cm (3 kusov)","<p>Ak chcete vášmu domovu dodať kúsok originality, môžete tak urobiť s <b>Plátno Abstraktný 61,5 x 3 x 121 cm (3 kusov)</b>.</p><br><br><ul><li>Typ: P","<p>Ak chcete vášmu domovu dodať kúsok originality, môžete tak urobiť s <b>Plátno Abstraktný 61,5 x 3 x 121 cm (3 kusov)</b>.</p><br><br><ul><li>Typ: Plátno</li><li>Design: Abstraktný</li><li>Kusov: <ul><li>1 kusov</li><li>3 kusov</li></ul></li><li>Farba: <ul><li>Modrá</li><li>Gaštanová</li><li>Ružová</li></ul></li><li>Materiál: drevotriesková doska</li><li>Dôležité informácie: Z viac designov vyberáme náhodne podľa skladovej dostupnosti</li><li>Približné rozmery: 61,5 x 3 x 121 cm</li></ul>",Pop Pulse Emporium,https://cdnbigbuy.com/images/S3624339_58518_1689145782-cropped_icon1.jpg,https://cdnbigbuy.com/images/S3624339_58518_1689145782-cropped1.jpg,,,112.98,5,NEW,62.0,11.0,123.0,10.1,83886.0,EUR,2,8,3
S3615122,4899888512813,sk-SK,Gardening & DIY,Skladací tunel pre domácich miláčikov 90 x 25 x 25 cm (24 kusov),"Ak hľadáte nové trendy na trhu, predstavujeme <b>Skladací tunel pre domácich miláčikov Mascow MC371(PHB) 90 x 25 x 25 cm (24 kusov)</b>!<br><br><ul><l","Ak hľadáte nové trendy na trhu, predstavujeme <b>Skladací tunel pre domácich miláčikov Mascow MC371(PHB) 90 x 25 x 25 cm (24 kusov)</b>!<br><br><ul><li>Pet: Mačka</li><li>Typ: Hračka pre mačky</li><li>Vlastnosti: Skladateľný</li><li>Farba: Sivá</li><li>Kusov: 24 kusov</li><li>Približné rozmery: 90 x 25 x 25 cm</li></ul>",Pop Pulse Emporium,https://cdnbigbuy.com/images/S3615122_28430852572589_P1_icon1.jpg,https://cdnbigbuy.com/images/S3615122_28430852572589_P1_icon0.jpg,https://cdnbigbuy.com/images/S3615122_28430852572589_P11.jpg,,121.61,45,NEW,34.0,34.0,18.0,4.25,20808.0,EUR,2,8,3
S55024839,8717371445614,sk-SK,Gardening & DIY,"Držiak na televíziu Neomounts NM-C440BLACK         32-60"" 50 kg","Ak sú <b>počítače a elektronika</b> vašou vášňou a máte radi aktualizácie z oblasti technológie, a neuniknú vám ani najmenšie detajly, zakúpte <b>Drži","Ak sú <b>počítače a elektronika</b> vašou vášňou a máte radi aktualizácie z oblasti technológie, a neuniknú vám ani najmenšie detajly, zakúpte <b>Držiak na televíziu Neomounts NM-C440BLACK         32-60"" 50 kg</b> za neporaziteľnú cenu.<br><br><ul><li>Typ: Držiak na televíziu</li><li>Obsahuje: Skrutky</li><li>Farba: Čierna</li><li>Vlastnosti: <ul><li>Nastaviteľná výška</li><li>Nastaviteľný</li></ul></li><li>Plátno: <ul><li>32""</li><li>60""</li></ul></li><li>VESA: <ul><li>20 x 20 cm</li><li>40 x 4",Pop Pulse Emporium,https://cdnbigbuy.com/images/572758835.jpg,https://cdnbigbuy.com/images/8717371445614_R15.jpg,https://cdnbigbuy.com/images/8717371445614_R65.jpg,https://cdnbigbuy.com/images/8717371445614_R05.jpg,141.85,2,NEW,61.0,31.0,15.0,7.06,28365.0,EUR,2,8,3
S3710556,8033280340773,sk-SK,Gardening & DIY,Motokáry overal Sparco 002343NRRS3L Čierna/Červená,Vybavte svoje vozidlo najnovšími výrobkami! Kúpte si <b>Motokáry overal Sparco 002343NRRS3L Čierna/Červená</b> a nenechajte si ujsť žiadne detaily!<br,Vybavte svoje vozidlo najnovšími výrobkami! Kúpte si <b>Motokáry overal Sparco 002343NRRS3L Čierna/Červená</b> a nenechajte si ujsť žiadne detaily!<br><br><ul><li>Vlastnosti: <ul><li>Priedušný</li><li>Elastické</li><li>So zipsom</li></ul></li><li>Nastaviteľný: Velcro</li><li>Design: Ultraľahký</li><li>Farba: <ul><li>Čierna</li><li>Červená</li></ul></li><li>Veľkosť: L</li><li>Hmotnosť: 190 g</li></ul>,Pop Pulse Emporium,https://cdnbigbuy.com/images/8033280340773_S3710556_P01.jpg,https://cdnbigbuy.com/images/8033280340773_S3710556_P11.jpg,,,119.65,50,NEW,10.0,20.0,35.0,5.0,7000.0,EUR,2,8,3
S7216393,3608701047590,sk-SK,Gardening & DIY,Dámske hodinky Nixon A1272-897,"Ak sledujete trendy v oblasti módy a doplnkov, nakupujte <b>Dámske hodinky Nixon A1272-897</b> za najlepšie ceny.<br><br><ul><li>Obsahuje: K produktu ","Ak sledujete trendy v oblasti módy a doplnkov, nakupujte <b>Dámske hodinky Nixon A1272-897</b> za najlepšie ceny.<br><br><ul><li>Obsahuje: K produktu dostanete originálnu krabičku</li><li>Pohlavie: Dáma</li><li>Extra články reťaze: Č.</li><li>Druh hodiniek: Náramkové hodinky</li><li>Približný priemer: 36 mm</li><li>Farba: <ul><li>Ružová</li><li>Čierna</li></ul></li><li>Typ: Digitálne hodinky</li><li>Materiál náramku: Nerezová oceľ</li><li>Materiál hodiniek: Nerezová oceľ</li><li>Farba remienka: ",Pop Pulse Emporium,https://cdnbigbuy.com/images/3608701047590_S7216393_P01.jpg,https://cdnbigbuy.com/images/16394_mandatory-watch1.jpg,,,199.26,2,NEW,10.0,10.0,10.0,0.3,1000.0,EUR,2,8,3
S0390218,0196237635785,sk-SK,Gardening & DIY,Dámska Taška Michael Kors Kelli Modrá 30 x 27 x 9 cm,"Ak hľadáte nové trendy na trhu, predstavujeme <b>Dámska Taška Michael Kors Kelli Modrá 30 x 27 x 9 cm</b>!<br><br><ul><li>Typ: <ul><li>Taška</li><li>D","Ak hľadáte nové trendy na trhu, predstavujeme <b>Dámska Taška Michael Kors Kelli Modrá 30 x 27 x 9 cm</b>!<br><br><ul><li>Typ: <ul><li>Taška</li><li>Dámska Taška</li></ul></li><li>Pohlavie: Dáma</li><li>Farba: Modrá</li><li>Zloženie: Koža</li><li>Obsahuje: Zahŕňa puzdro alebo obal značky</li><li>Približné rozmery: 30 x 27 x 9 cm</li></ul>",Pop Pulse Emporium,https://cdnbigbuy.com/images/0196237635785_S0390218_P00.jpg,https://cdnbigbuy.com/images/0196237635785_S0390218_P10.jpg,https://cdnbigbuy.com/images/0196237635785_S0390218_P20.jpg,,174.71,5,NEW,10.0,10.0,10.0,0.3,1000.0,EUR,2,8,3
S72122247,0889214375049,sk-SK,Gardening & DIY,Pánske slnečné okuliare BMW BW0039 5852P,"Ak hľadáte nové trendy na trhu, predstavujeme <b>Pánske slnečné okuliare BMW BW0039 5852P</b>!<br><br><ul><li>Typ: Pánske slnečné okuliare</li><li>Och","Ak hľadáte nové trendy na trhu, predstavujeme <b>Pánske slnečné okuliare BMW BW0039 5852P</b>!<br><br><ul><li>Typ: Pánske slnečné okuliare</li><li>Ochrana: 100% ochrana proti UV žiareniu (UV400)</li><li>Pohlavie: Muž</li></ul>",Pop Pulse Emporium,https://cdnbigbuy.com/images/0889214375049_S72122247_P00.jpg,https://cdnbigbuy.com/images/0889214375049_S72122247_P10.jpg,https://cdnbigbuy.com/images/0889214375049_S72122247_P20.jpg,,112.84,5,NEW,10.0,10.0,10.06,0.28,1006.0,EUR,2,8,3
S7288980,5700303024639,sk-SK,Gardening & DIY,Dámske náušnice Pandora 292545C01 Nerezová oceľ Mincovné striebro 925,"Predstavuje sa vám <b>Dámske náušnice Pandora 292545C01 Nerezová oceľ Mincovné striebro 925</b> a široký výber prstienkov, náramkov, náhrdelníkov, náu","Predstavuje sa vám <b>Dámske náušnice Pandora 292545C01 Nerezová oceľ Mincovné striebro 925</b> a široký výber prstienkov, náramkov, náhrdelníkov, náušníc za skvelú cenu. Získajte podrobné informácie o exkluzívnych elegantných šperkoch a bižutérii v rôznych štýloch, z ktorých si vyberie každý.<br><br><ul><li>Pohlavie: Dáma</li><li>Typ: Dámske náušnice</li><li>Materiál: <ul><li>Mincovné striebro 925</li><li>Nerezová oceľ</li></ul></li><li>Obsahuje: K produktu dostanete originálnu krabičku</li></u",Pop Pulse Emporium,https://cdnbigbuy.com/images/S7288980_1701155454-no-background0.jpg,https://cdnbigbuy.com/images/5700303024639_S7288980_P00.jpg,,,111.21,2,NEW,9.95,9.94,9.73,0.29,962.33,EUR,2,8,3
S0388886,0196237918635,sk-SK,Gardening & DIY,Taška na plece Michael Kors Leida Modrá 33 X 30 X 12 CM,"Ak hľadáte nové trendy na trhu, predstavujeme <b>Taška na plece Michael Kors Leida Modrá 33 X 30 X 12 CM</b>!<br><br><ul><li>Typ: Taška</li><li>Pohlav","Ak hľadáte nové trendy na trhu, predstavujeme <b>Taška na plece Michael Kors Leida Modrá 33 X 30 X 12 CM</b>!<br><br><ul><li>Typ: Taška</li><li>Pohlavie: Dáma</li><li>Farba: Modrá</li><li>Materiál: Plátno</li><li>Typ zapínania: Zips</li><li>Obsahuje: Zahŕňa puzdro alebo obal značky</li><li>Približné rozmery: 33 X 30 X 12 CM</li></ul>",Pop Pulse Emporium,https://cdnbigbuy.com/images/0196237918635_S0388886_P00.jpg,https://cdnbigbuy.com/images/0196237918635_S0388886_P10.jpg,,,174.71,18,NEW,12.0,33.0,22.0,0.4,8712.0,EUR,2,8,3
S72103505,0716736441009,sk-SK,Gardening & DIY,Rám na okuliare Hugo Boss BOSS 1184_IT 55KB716,"Ak rozmýšľate nad obnovením vášho šatníka, nakúpte <b>Rám na okuliare Hugo Boss BOSS 1184_IT 55KB716</b> ďalšie <b>produkty Hugo Boss</b>! Najlepšia k","Ak rozmýšľate nad obnovením vášho šatníka, nakúpte <b>Rám na okuliare Hugo Boss BOSS 1184_IT 55KB716</b> ďalšie <b>produkty Hugo Boss</b>! Najlepšia kvalita za najlepšiu cenu je už na dosah!<br><br><ul><li>Vlastnosti: Nedioptrické sklo</li><li>Pohlavie: <ul><li>Muž</li><li>Unisex</li></ul></li><li>Typ: Rám na okuliare</li></ul>",Pop Pulse Emporium,https://cdnbigbuy.com/images/0716736441009_S72103505_P00.jpg,https://cdnbigbuy.com/images/0716736441009_S72103505_P10.jpg,https://cdnbigbuy.com/images/0716736441009_S72103505_P20.jpg,,131.59,5,NEW,10.0,9.97,10.0,0.29,997.0,EUR,2,8,3
S7190537,4066407501881,sk-SK,Gardening & DIY,Hadica Gardena Liano PVC (30 m),"Ak pri zariaďovaní vášho domova kladiete dôraz na všetky detaily a chcete byť priebežne informovaný o najnovších výrobkoch, ktoré vám uľahčia život, n","Ak pri zariaďovaní vášho domova kladiete dôraz na všetky detaily a chcete byť priebežne informovaný o najnovších výrobkoch, ktoré vám uľahčia život, nakupujte <b>Hadica Gardena Liano PVC (30 m)</b> za tú najlepšiu cenu.<br><br><ul><li>Dĺžka: 30 m</li><li>Tlakové: 35 bar</li><li>Materiál: PVC</li><li>Farba: Čierna/Sivá</li><li>Obsahuje: Špička</li></ul>",Pop Pulse Emporium,https://cdnbigbuy.com/images/4066407501881_S7190537_P00.jpg,,,,121.59,2,NEW,15.8,20.0,35.0,4.0,11060.0,EUR,2,8,3
S7250098,8426881583555,sk-SK,Gardening & DIY,Dámske náušnice Majorica 16632.01.1.000.010.1,"Ak sledujete trendy v oblasti módy a doplnkov, nakupujte <b>Dámske náušnice Majorica 16632.01.1.000.010.1</b> za najlepšie ceny.<br><br><ul><li>Pohlav","Ak sledujete trendy v oblasti módy a doplnkov, nakupujte <b>Dámske náušnice Majorica 16632.01.1.000.010.1</b> za najlepšie ceny.<br><br><ul><li>Pohlavie: Dáma</li><li>Typ: Dámske náušnice</li></ul>",Pop Pulse Emporium,https://cdnbigbuy.com/images/8426881583555_S7250098_P00.jpg,,,,141.14,5,NEW,9.95,9.94,9.73,0.29,962.33,EUR,2,8,3
S7274872,8430622743122,sk-SK,Gardening & DIY,Dámske hodinky Festina F20475/4,"Ak sledujete trendy v oblasti módy a doplnkov, nakupujte <b>Dámske hodinky Festina F20475/4</b> za najlepšie ceny.<br><br><ul><li>Pohlavie: <ul><li>Dá","Ak sledujete trendy v oblasti módy a doplnkov, nakupujte <b>Dámske hodinky Festina F20475/4</b> za najlepšie ceny.<br><br><ul><li>Pohlavie: <ul><li>Dáma</li><li>Ženský</li></ul></li><li>Extra články reťaze: Č.</li><li>Druh hodiniek: Náramkové hodinky</li><li>Typ: <ul><li>Analógové</li><li>Minerál</li><li>Zápästie</li></ul></li><li>Krajina / Región výroby: Čína</li><li>Farba: <ul><li>Čierna</li><li>Striebristý</li></ul></li><li>Materiál: Oceľ</li><li>Vlastnosti: Vodeodolný</li><li>Model: Quartz</",Pop Pulse Emporium,https://cdnbigbuy.com/images/8430622743122_S7274872_P01.jpg,https://cdnbigbuy.com/images/73929_mandatory-watch1.jpg,,,136.43,50,NEW,39.0,19.0,10.0,0.4,7410.0,EUR,2,8,3
S37114663,8027280489396,sk-SK,Gardening & DIY,Motokáry overal OMP SUMMER-K Čierna Chlapci 120,Vybavte svoje vozidlo najnovšími výrobkami! Kúpte si <b>Motokáry overal OMP SUMMER-K Čierna Chlapci 120</b> a nenechajte si ujsť žiadne detaily!<br><b,Vybavte svoje vozidlo najnovšími výrobkami! Kúpte si <b>Motokáry overal OMP SUMMER-K Čierna Chlapci 120</b> a nenechajte si ujsť žiadne detaily!<br><br><ul><li>Materiál: Bavlna</li><li>Vlastnosti: <ul><li>Odolný</li><li>S vreckom</li></ul></li><li>Odporúčané použitie: <ul><li>Na použitie vo vnútri</li><li>Chlapci</li></ul></li><li>Farba: Čierna</li><li>Veľkosť: 120</li></ul>,Pop Pulse Emporium,https://cdnbigbuy.com/images/8027280489396_S37114663_P10.jpg,https://cdnbigbuy.com/images/8027280489396_S37114663_P00.jpg,,,112.75,1,NEW,35.0,30.0,10.0,4.0,10500.0,EUR,2,8,3
S37115955,5998167753066,sk-SK,Gardening & DIY,Opierka na lakte Armster KIA VENGA 2010 Látka,Vybavte svoje vozidlo najnovšími výrobkami! Kúpte si <b>Opierka na lakte Armster KIA VENGA 2010 Látka</b> a nenechajte si ujsť žiadne detaily!<br><br>,"Vybavte svoje vozidlo najnovšími výrobkami! Kúpte si <b>Opierka na lakte Armster KIA VENGA 2010 Látka</b> a nenechajte si ujsť žiadne detaily!<br><br><p><b>Podrúčka Armster</b> pre <b>KIA VENGA 2010</b> je príslušenstvo navrhnuté na zlepšenie ergonómie a pohodlia počas jazdy, predstavujúce <b>centrálnu podrúčku</b>, ktorá sa inštaluje priamo do stredovej konzoly vozidla pomocou špecifického adaptéra pre tento model. Zaručuje <b>prispôsobené uchytenie</b>, ktoré zohľadňuje polohu sedadla, volantu",Pop Pulse Emporium,https://cdnbigbuy.com/images/5998167753066_S37115955_P00.jpg,https://cdnbigbuy.com/images/5998167753066_S37115955_P20.jpg,https://cdnbigbuy.com/images/5998167753066_S37115955_P30.jpg,https://cdnbigbuy.com/images/5998167753066_S37115955_P10.jpg,127.29,2,NEW,35.0,25.0,25.0,8.0,21875.0,EUR,2,8,3
S8401314,8429368678010,sk-SK,Gardening & DIY,"Modular Filing Cabinet Archivo 2000 ArchiSystem 6 zásuviek Sivá (35,6 x 31,6 x 36,2 cm)","Tillbaka till kontoret utan att ha glömt en enda pryl! Köp  <b>Modular Filing Cabinet Archivo 2000 ArchiSystem 6 zásuviek Sivá (35,6 x 31,6 x 36,2 cm)","Tillbaka till kontoret utan att ha glömt en enda pryl! Köp  <b>Modular Filing Cabinet Archivo 2000 ArchiSystem 6 zásuviek Sivá (35,6 x 31,6 x 36,2 cm)</b> och låt dina kollegor avundas dig!<br><br><ul><li>Farba: Sivá</li><li>Zásuvky: 6 zásuviek</li><li>Približné rozmery: 35,6 x 31,6 x 36,2 cm</li><li>Typ: Modular Filing Cabinet</li></ul>",Pop Pulse Emporium,https://cdnbigbuy.com/images/8429368678010_S8401314_P00.jpg,,,,111.63,9,NEW,37.0,36.0,32.0,5.0,42624.0,EUR,2,8,3
S05114047,0073950255004,sk-SK,Gardening & DIY,Ústna sprcha Waterpik Ultra Plus WP-160 Biela,"Dajte si záležať na <b>ústnej hygiene</b> a používajte kvalitné produkty, ako sú výrobky značky <b>[[value_product_name]</b>!<br><br><ul><li>Farba: Bi","Dajte si záležať na <b>ústnej hygiene</b> a používajte kvalitné produkty, ako sú výrobky značky <b>[[value_product_name]</b>!<br><br><ul><li>Farba: Biela</li><li>Napájací Zdroj: Batérie</li><li>Nádoba na vodu: 600 ml</li><li>Približné rozmery: 24 x 69 x 2,5 cm</li><li>Typ: Ústna sprcha</li></ul>",Pop Pulse Emporium,https://cdnbigbuy.com/images/0073950255004_S05114047_P01.jpg,,,,160.43,1,NEW,14.0,17.0,22.0,1.45,5236.0,EUR,2,8,3
S5625992,9120072375163,sk-SK,Gardening & DIY,Projektor STRONG Q1 Full HD LCD 300 Lm 1280 x 720 px,"Ak sú <b>počítače a elektronika</b> vašou vášňou a máte radi aktualizácie z oblasti technológie, a neuniknú vám ani najmenšie detajly, zakúpte <b>Proj","Ak sú <b>počítače a elektronika</b> vašou vášňou a máte radi aktualizácie z oblasti technológie, a neuniknú vám ani najmenšie detajly, zakúpte <b>Projektor STRONG Q1 Full HD LCD 300 Lm 1280 x 720 px</b> za neporaziteľnú cenu.<br><br><ul><li>Typ: Projektor</li><li>Farba: Biela</li><li>Prierezový pomer: 16:9</li><li>Ethernet: Č.</li><li>Pripojenie: <ul><li>USB 2.0</li><li>PC Audio-in x 1</li><li>HDMI 1.4</li><li>HDMI x 2</li></ul></li><li>Tvar: 4:3</li><li>Rozhodnutie: <ul><li>Full HD</li><li>LCD<",Pop Pulse Emporium,https://cdnbigbuy.com/images/9120072375163_M0306076_P00.jpg,https://cdnbigbuy.com/images/9120072375163_R20.jpg,https://cdnbigbuy.com/images/9120072375163_R30.jpg,https://cdnbigbuy.com/images/9120072375163I00.jpg,135.56,2,NEW,9.7,15.0,14.0,0.8,2037.0,EUR,2,8,3
S0392129,0197853116245,sk-SK,Gardening & DIY,Taška do ruky Michael Kors Colby,"Ak hľadáte nové trendy na trhu, predstavujeme <b>Taška do ruky Michael Kors Colby</b>!<br><br><ul><li>Farba: Gaštanová</li><li>Materiál: Plátno</li><l","Ak hľadáte nové trendy na trhu, predstavujeme <b>Taška do ruky Michael Kors Colby</b>!<br><br><ul><li>Farba: Gaštanová</li><li>Materiál: Plátno</li><li>Typ zapínania: Magnetic</li><li>Obsahuje: Zahŕňa puzdro alebo obal značky</li><li>Približné rozmery: 18 x 10 x 6 cm</li></ul>",Pop Pulse Emporium,https://cdnbigbuy.com/images/0197853116245_S0392129_P00.jpg,https://cdnbigbuy.com/images/0197853116245_S0392129_P10.jpg,https://cdnbigbuy.com/images/0197853116245_S0392129_P20.jpg,,141.12,10,NEW,10.0,10.0,10.0,0.3,1000.0,EUR,2,8,3
S55082572,4549292051254,sk-SK,Gardening & DIY,Multifunkčná tlačiareň Canon 0959C009             WIFI 27W,"Ak sú <b>počítače a elektronika</b> vašou vášňou a máte radi aktualizácie z oblasti technológie, a neuniknú vám ani najmenšie detajly, zakúpte <b>Mult","Ak sú <b>počítače a elektronika</b> vašou vášňou a máte radi aktualizácie z oblasti technológie, a neuniknú vám ani najmenšie detajly, zakúpte <b>Multifunkčná tlačiareň Canon 0959C009             WIFI 27W</b> za neporaziteľnú cenu.<br><br><ul><li>Typ: <ul><li>Farba</li><li>Multifunkčná tlačiareň</li><li>Všetko v jednom</li></ul></li><li>Rýchlosť: 19 ppm</li><li>Funkcie: <ul><li>Skener</li><li>Fax</li></ul></li><li>Obojstranná tlač: Automatické</li><li>Napätie: <ul><li>120-230 V</li><li>100 - 240",Pop Pulse Emporium,https://cdnbigbuy.com/images/4549292051254_3_P02.jpg,https://cdnbigbuy.com/images/4549292051254_2_P12.jpg,https://cdnbigbuy.com/images/4549292051254_1_P32.jpg,https://cdnbigbuy.com/images/4549292051254_0_P22.jpg,155.65,10,NEW,55.0,47.0,42.0,13.6,108570.0,EUR,2,8,3
S9195295,4210201438069,sk-SK,Gardening & DIY,Elektrická zubná kefka Braun iO6,"Dajte si záležať na <b>ústnej hygiene</b> a používajte kvalitné produkty, ako sú výrobky značky <b>[[value_product_name]</b>!<br><br><ul><li>Zásuvný p","Dajte si záležať na <b>ústnej hygiene</b> a používajte kvalitné produkty, ako sú výrobky značky <b>[[value_product_name]</b>!<br><br><ul><li>Zásuvný produkt: áno</li><li>Druh zástrčky: EU zástrčky</li><li>Typ: <ul><li>Bielič na zuby</li><li>Zdravé ďasná</li></ul></li><li>Farba: Biela</li><li>Vlastnosti: <ul><li>Indikátor batérie</li><li>Dobíjacie batérie</li><li>Vstavaná batéria</li><li>Na denné použitie</li><li>Tlakový snímač</li></ul></li><li>Pripojenie: Bluetooth</li><li>Obsahuje: Nabíjačka</",Pop Pulse Emporium,https://cdnbigbuy.com/images/4210201438069_S9195295_P00.jpg,https://cdnbigbuy.com/images/4210201438069_S9195295_P120.jpg,https://cdnbigbuy.com/images/4210201438069_S9195295_P60.jpg,https://cdnbigbuy.com/images/4210201438069_S9195295_P130.jpg,172.02,5,NEW,17.0,9.5,24.5,0.66,3956.75,EUR,2,8,3
S7188555,4059952613826,sk-SK,Gardening & DIY,Snímač teploty BOSCH,"Ak pri zariaďovaní vášho domova kladiete dôraz na všetky detaily a chcete byť priebežne informovaný o najnovších výrobkoch, ktoré vám uľahčia život, n","Ak pri zariaďovaní vášho domova kladiete dôraz na všetky detaily a chcete byť priebežne informovaný o najnovších výrobkoch, ktoré vám uľahčia život, nakupujte <b>Snímač teploty BOSCH</b> za tú najlepšiu cenu.<br><br><ul><li>Napájací Zdroj: Batérie</li><li>Funguje na batérie: áno</li><li>Vrátane batérií: áno</li><li>Batérie: Alkalické Batérie</li></ul>",Pop Pulse Emporium,https://cdnbigbuy.com/images/4059952613826_S7188555_P01.jpg,https://cdnbigbuy.com/images/4059952613826_S7188555_P11.jpg,,,162.57,5,NEW,22.8,12.2,8.8,0.66,2447.81,EUR,2,8,3
S72121513,4549526398933,sk-SK,Gardening & DIY,Pánske hodinky Casio EFB-109D-2AVEF,"Ak hľadáte nové trendy na trhu, predstavujeme <b>Pánske hodinky Casio EFB-109D-2AVEF</b>!<br><br><ul><li>Pohlavie: Muž</li><li>Extra články reťaze: Č.","Ak hľadáte nové trendy na trhu, predstavujeme <b>Pánske hodinky Casio EFB-109D-2AVEF</b>!<br><br><ul><li>Pohlavie: Muž</li><li>Extra články reťaze: Č.</li><li>Druh hodiniek: Náramkové hodinky</li></ul>",Pop Pulse Emporium,https://cdnbigbuy.com/images/4549526398933_S72121513_P00.jpg,https://cdnbigbuy.com/images/120525_mandatory-watch0.jpg,,,170.79,1,NEW,14.15,12.43,10.11,0.3,1778.19,EUR,2,8,3
S7183417,3023191494431,sk-SK,Gardening & DIY,Vaňa ThermoBaby Modrá,"Pre naše deti chceme len to najlepšie, apreto by sme Vám chceli predstaviť <b>Vaňa ThermoBaby Modrá</b>, perfektný pre všetkých, ktorí hľadajú kvalita","Pre naše deti chceme len to najlepšie, apreto by sme Vám chceli predstaviť <b>Vaňa ThermoBaby Modrá</b>, perfektný pre všetkých, ktorí hľadajú kvalitatívne vysokohodnotný produkt pre najmenších. Nakúpte <b>ThermoBaby</b> aďalšie značky alicencie za tie najlepšie ceny!<br><br><ul><li>Farba: Modrá</li></ul>",Pop Pulse Emporium,https://cdnbigbuy.com/images/3023191494431_R31.jpg,https://cdnbigbuy.com/images/3023191494431_R41.jpg,https://cdnbigbuy.com/images/3023191494431_R51.jpg,https://cdnbigbuy.com/images/3023191494431_R61.jpg,143.33,8,NEW,79.2,51.0,26.4,5.12,106634.88,EUR,2,8,3
S7238565,0664689753406,sk-SK,Gardening & DIY,Rám na okuliare Ermenegildo Zegna ZC5008 06549,"Ak rozmýšľate nad obnovením vášho šatníka, nakúpte <b>Rám na okuliare Ermenegildo Zegna ZC5008 06549</b> ďalšie <b>produkty Ermenegildo Zegna</b>! Naj","Ak rozmýšľate nad obnovením vášho šatníka, nakúpte <b>Rám na okuliare Ermenegildo Zegna ZC5008 06549</b> ďalšie <b>produkty Ermenegildo Zegna</b>! Najlepšia kvalita za najlepšiu cenu je už na dosah!<br><ul><li>Pohlavie: Muž</li><li>Vlastnosti: Nedioptrické sklo</li><li>Typ: Rám na okuliare</li></ul>",Pop Pulse Emporium,https://cdnbigbuy.com/images/0664689753406_S7238565_P01.jpg,https://cdnbigbuy.com/images/0664689753406_S7238565_P11.jpg,https://cdnbigbuy.com/images/0664689753406_S7238565_P31.jpg,https://cdnbigbuy.com/images/0664689753406_S7238565_P21.jpg,106.83,25,NEW,10.33,9.92,9.83,0.3,1007.32,EUR,2,8,3
S9917953,3417765491573,sk-SK,Gardening & DIY,Fotoaparát na vytváranie okamžitých snímok Vtech 80-549157-022,"Ak sú <b>počítače a elektronika</b> vašou vášňou a máte radi aktualizácie z oblasti technológie, a neuniknú vám ani najmenšie detajly, zakúpte <b>Foto","Ak sú <b>počítače a elektronika</b> vašou vášňou a máte radi aktualizácie z oblasti technológie, a neuniknú vám ani najmenšie detajly, zakúpte <b>Fotoaparát na vytváranie okamžitých snímok Vtech 80-549157-022</b> za neporaziteľnú cenu.<br><br><ul><li>Jazyk packaging: ES</li><li>Manuál: ES</li><li>Odporúčaný vek: + 5 rokov</li><li>Vyžaduje si montáž: Č.</li><li>Funguje na batérie: áno</li><li>Funkcie: Zvuk</li><li>Jazyk: <ul><li>ES</li><li>Španielčina</li></ul></li><li>Počet batérií: 1</li><li>Sv",Pop Pulse Emporium,https://cdnbigbuy.com/images/3417765491573_S9917953_P00.jpg,https://cdnbigbuy.com/images/3417765491573_S9917953_P10.jpg,https://cdnbigbuy.com/images/3417765491573_S9917953_P20.jpg,https://cdnbigbuy.com/images/3417765491573_S9917953_P30.jpg,108.18,2,NEW,28.0,20.0,8.0,0.66,4480.0,EUR,2,8,3
S71011627,5400653010374,sk-SK,Gardening & DIY,Breastfeeding Cushion Doomoo Béžová XXL (2 kusov),"Pre naše deti chceme len to najlepšie, a preto by sme Vám chceli predstaviť <b>Breastfeeding Cushion Doomoo Béžová XXL (2 kusov)</b>, perfektný pre vš","Pre naše deti chceme len to najlepšie, a preto by sme Vám chceli predstaviť <b>Breastfeeding Cushion Doomoo Béžová XXL (2 kusov)</b>, perfektný pre všetkých, ktorí hľadajú kvalitatívne vysokohodnotný produkt pre najmenších. Nakúpte <b>Doomoo</b> a ďalšie značky a licencie za tie najlepšie ceny!<br><br><ul><li>Farba: Béžová</li><li>Veľkosť: XXL</li><li>Vlastnosti: Pohodlný a komfortný</li><li>Materiál: Polyester</li><li>Pohlavie: Unisex</li><li>Kusov: 2 kusov</li></ul>",Pop Pulse Emporium,https://cdnbigbuy.com/images/5400653010374_S71011627_P00.jpg,https://cdnbigbuy.com/images/5400653010374_S71011627_P30.jpg,https://cdnbigbuy.com/images/5400653010374_S71011627_P40.jpg,https://cdnbigbuy.com/images/5400653010374_S71011627_P50.jpg,112.05,9,NEW,43.6,50.0,10.4,3.06,22672.0,EUR,2,8,3
S5702345,8436549390258,sk-SK,Gardening & DIY,Kancelárska stolička Minaya Piqueras y Crespo 944513 Čierna,Tillbaka till kontoret utan att ha glömt en enda pryl! Köp <b>Kancelárska stolička Minaya Piqueras y Crespo 944513 Čierna</b> och låt dina kollegor av,"Tillbaka till kontoret utan att ha glömt en enda pryl! Köp <b>Kancelárska stolička Minaya Piqueras y Crespo 944513 Čierna</b> och låt dina kollegor avundas dig!<br><br><p><b>Kancelárska stolička 944513</b> od <b>Piqueras y Crespo</b> je model navrhnutý tak, aby poskytoval pohodlie a funkčnosť v profesionálnom prostredí. Vyrobená v <b>Španielsku</b>, táto <b>ergonomická stolička</b> má <b>priedušnú sieťovanú opierku chrbta</b>, ktorá podporuje ventiláciu a udržiava sviežosť počas dlhých pracovnýc",Pop Pulse Emporium,https://cdnbigbuy.com/images/8436549390258_S5702345_P02.jpg,https://cdnbigbuy.com/images/8436549390258_S5702345_P72.jpg,https://cdnbigbuy.com/images/8436549390258_S5702345_P32.jpg,,161.65,50,NEW,69.0,25.0,59.0,13.0,101775.0,EUR,2,8,3
S3624672,4899888643173,sk-SK,Gardening & DIY,Dáždniky Čierna Kov Látka 100 x 100 x 62 cm (16 kusov),"Ak rozmýšľate nad obnovením vášho šatníka, nakúpte <b>Dáždniky Čierna Kov Látka 100 x 100 x 62 cm (16 kusov)</b> ďalšie <b>produkty </b>! Najlepšia kv","Ak rozmýšľate nad obnovením vášho šatníka, nakúpte <b>Dáždniky Čierna Kov Látka 100 x 100 x 62 cm (16 kusov)</b> ďalšie <b>produkty </b>! Najlepšia kvalita za najlepšiu cenu je už na dosah!<br><br><ul><li>Farba: Čierna</li><li>Materiál: <ul><li>Kov</li><li>Látka</li></ul></li><li>Kusov: 16 kusov</li><li>Približné rozmery: 100 x 100 x 62 cm</li><li>Typ: Dáždniky</li></ul>",Pop Pulse Emporium,https://cdnbigbuy.com/images/S3624672_P0_icon1.jpg,https://cdnbigbuy.com/images/S3624672_P01.jpg,https://cdnbigbuy.com/images/S3624672_P31.jpg,,108.58,50,NEW,25.0,25.0,46.0,7.95,28750.0,EUR,2,8,3
S2229038,4899888693925,sk-SK,Gardening & DIY,Tabuľa Securit Woody Teak Nástenný Čierna 80 x 60 cm,Tillbaka till kontoret utan att ha glömt en enda pryl! Köp <b>Tabuľa Securit Woody Teak Nástenný Čierna 80 x 60 cm</b> och låt dina kollegor avundas d,Tillbaka till kontoret utan att ha glömt en enda pryl! Köp <b>Tabuľa Securit Woody Teak Nástenný Čierna 80 x 60 cm</b> och låt dina kollegor avundas dig!<br><br><ul><li>Typ: <ul><li>Pohostinstvo</li><li>Tabuľa</li></ul></li><li>Obsahuje: Fixka na tabuľu</li><li>Materiál: Teak</li><li>Vlastnosti: Nástenný</li><li>Farba: Čierna</li><li>Približné rozmery: 80 x 60 cm</li></ul>,Pop Pulse Emporium,https://cdnbigbuy.com/images/S2229038_8718226494801_S2229038_P1_icon1.jpg,https://cdnbigbuy.com/images/S2229038_8718226494801_S2229038_P1_icon0.jpg,https://cdnbigbuy.com/images/S2229038_8718226494801_S2229038_P11.jpg,,196.48,50,NEW,80.0,60.0,1.0,13.9,4800.0,EUR,2,8,3
S05121788,3616303466060,sk-SK,Gardening & DIY,Dámsky parfum Marc Jacobs DAISY WILD 100 ml,"<p>Nechajte <strong>100% origin&aacute;lny Dámsky parfum Marc Jacobs DAISY WILD 100 ml</strong>, aby v&aacute;s prekvapil a zd&ocirc;raznil va&scaron;","<p>Nechajte <strong>100% origin&aacute;lny Dámsky parfum Marc Jacobs DAISY WILD 100 ml</strong>, aby v&aacute;s prekvapil a zd&ocirc;raznil va&scaron;u ženskosť, použ&iacute;vajte <strong>d&aacute;msky parf&eacute;m</strong> s jedinečnou a osobitou v&ocirc;ňou. Objavte <strong>100% origin&aacute;lne v&yacute;robky Marc Jacobs</strong>!</p><br><br><ul><li>Dôležité informácie: Obal výrobku sa môže svojim dizajnom líšiť v závislosti od reklamných akcií výrobcu alebo v závislosti od ročného obdobia.",Pop Pulse Emporium,https://cdnbigbuy.com/images/3616303466060_R00.jpg,,,,119.83,2,NEW,8.4,9.5,14.5,0.36,1157.1,EUR,2,8,3
S91111975,5906800299048,sk-SK,Gardening & DIY,Prenosná video konzola Anbernic RG35XX SP,"Ak sú <b>počítače a elektronika</b> vašou vášňou a máte radi aktualizácie z oblasti technológie, a neuniknú vám ani najmenšie detajly, zakúpte <b>Pren","Ak sú <b>počítače a elektronika</b> vašou vášňou a máte radi aktualizácie z oblasti technológie, a neuniknú vám ani najmenšie detajly, zakúpte <b>Prenosná video konzola Anbernic RG35XX SP</b> za neporaziteľnú cenu.<br><br><ul><li>Farba: Striebro</li><li>Pripojenie: <ul><li>Bluetooth</li><li>Wi-Fi</li></ul></li><li>Jazyk: <ul><li>Nemčina</li><li>Španielčina</li><li>Francúzština</li><li>Anglicky</li><li>Ruština</li><li>Japončina</li></ul></li><li>Operačný systém: Linux</li><li>Pamäť RAM: 1 GB RAM<",Pop Pulse Emporium,https://cdnbigbuy.com/images/5906800299048_S91111975_P10.jpg,https://cdnbigbuy.com/images/5906800299048_S91111975_P00.jpg,https://cdnbigbuy.com/images/5906800299048_S91111975_P20.jpg,https://cdnbigbuy.com/images/5906800299048_S91111975_P30.jpg,111.99,5,NEW,11.0,4.5,12.8,0.33,633.6,EUR,2,8,3
S0379269,4894816038748,sk-SK,Gardening & DIY,Dámske hodinky Police PEWLG2202204 (Ø 34 mm),"Ak sledujete trendy v oblasti módy a doplnkov, nakupujte <b>Dámske hodinky Police PEWLG2202204 (Ø 34 mm)</b> za najlepšie ceny.<br><br><ul><li>Pohlavi","Ak sledujete trendy v oblasti módy a doplnkov, nakupujte <b>Dámske hodinky Police PEWLG2202204 (Ø 34 mm)</b> za najlepšie ceny.<br><br><ul><li>Pohlavie: Dáma</li><li>Extra články reťaze: Č.</li><li>Druh hodiniek: Náramkové hodinky</li><li>Materiál náramku: Nerezová oceľ</li><li>Materiál puzdra hodiniek: Nerezová oceľ</li><li>Typ pohybu: Kremeň</li><li>Sklo: Minerál</li><li>Obsahuje: K produktu dostanete originálnu krabičku</li><li>Typ zapínania: Motýľ</li><li>Farba cilindra: Čierna</li><li>Farba",Pop Pulse Emporium,https://cdnbigbuy.com/images/S0379269_1707720101-no-background1.jpg,https://cdnbigbuy.com/images/4894816038748_S0379269_P01.jpg,https://cdnbigbuy.com/images/75628_mandatory-watch1.jpg,,118.66,5,NEW,32.0,19.0,10.0,0.4,6080.0,EUR,2,8,3
S72111845,8050506112105,sk-SK,Gardening & DIY,Pánsky náramok Talent Jewels TJA-1-02-03-1-235 Striebristý,"Predstavuje sa vám <b>Pánsky náramok Talent Jewels TJA-1-02-03-1-235 Striebristý</b> a široký výber prstienkov, náramkov, náhrdelníkov, náušníc za skv","Predstavuje sa vám <b>Pánsky náramok Talent Jewels TJA-1-02-03-1-235 Striebristý</b> a široký výber prstienkov, náramkov, náhrdelníkov, náušníc za skvelú cenu. Získajte podrobné informácie o exkluzívnych elegantných šperkoch a bižutérii v rôznych štýloch, z ktorých si vyberie každý.<br><br><ul><li>Typ: Náramok</li><li>Pohlavie: Muž</li><li>Farba: Striebristý</li></ul>",Pop Pulse Emporium,https://cdnbigbuy.com/images/8050506112105_S72111845_P00.jpg,,,,134.19,5,NEW,10.0,10.0,10.0,0.3,1000.0,EUR,2,8,3
S7249268,8430622791116,sk-SK,Gardening & DIY,Pánske hodinky Lotus 18854/1,"Ak sledujete trendy v oblasti módy a doplnkov, nakupujte <b>Pánske hodinky Lotus 18854/1</b> za najlepšie ceny.<br><br><ul><li>Pohlavie: Muž</li><li>E","Ak sledujete trendy v oblasti módy a doplnkov, nakupujte <b>Pánske hodinky Lotus 18854/1</b> za najlepšie ceny.<br><br><ul><li>Pohlavie: Muž</li><li>Extra články reťaze: Č.</li><li>Druh hodiniek: Náramkové hodinky</li></ul>",Pop Pulse Emporium,https://cdnbigbuy.com/images/8430622791116_S7249268_P01.jpg,https://cdnbigbuy.com/images/48432_mandatory-watch1.jpg,,,158.83,50,NEW,32.0,19.0,10.0,0.4,6080.0,EUR,2,8,3
S7194811,3384349117153,sk-SK,Gardening & DIY,Ohrievač na dojčenské fľaše Béaba,"Pre naše deti chceme len to najlepšie, a preto by sme Vám chceli predstaviť <b>Ohrievač na dojčenské fľaše Béaba</b>, perfektný pre všetkých, ktorí hľ","Pre naše deti chceme len to najlepšie, a preto by sme Vám chceli predstaviť <b>Ohrievač na dojčenské fľaše Béaba</b>, perfektný pre všetkých, ktorí hľadajú kvalitatívne vysokohodnotný produkt pre najmenších. Nakúpte <b>Béaba</b> a ďalšie značky a licencie za tie najlepšie ceny!<br><br><ul><li>Typ: Ohrievač na dojčenské fľaše</li><li>Farba: Terakota</li></ul>",Pop Pulse Emporium,https://cdnbigbuy.com/images/3384349117153_S7194811_P00.jpg,https://cdnbigbuy.com/images/3384349117153_S7194811_P10.jpg,https://cdnbigbuy.com/images/3384349117153_S7194811_P20.jpg,https://cdnbigbuy.com/images/3384349117153_S7194811_P30.jpg,128.43,25,NEW,24.64,22.35,23.62,1.32,13007.63,EUR,2,8,3
S3714106,8024055166254,sk-SK,Gardening & DIY,Pneumatika na auto MOMO WHEA65540512 PCD 5x112 ET40,Vybavte svoje vozidlo najnovšími výrobkami! Kúpte si <b>Pneumatika na auto MOMO WHEA65540512 PCD 5x112 ET40</b> a nenechajte si ujsť žiadne detaily!<b,"Vybavte svoje vozidlo najnovšími výrobkami! Kúpte si <b>Pneumatika na auto MOMO WHEA65540512 PCD 5x112 ET40</b> a nenechajte si ujsť žiadne detaily!<br><br><ul><li>Hĺbka pneumatiky (ET): ET40</li><li>Kotva na pneumatiku (PCD): PCD 5x112</li><li>Veľkosť priechodky (CB): CB 72,3</li><li>Približný priemer: 15""</li><li>Šírka: 6,5 x 15""</li><li>Materiál: Aluminium</li><li>Hmotnosť: 8 kg</li><li>Konečná: Aluminium</li></ul>",Pop Pulse Emporium,https://cdnbigbuy.com/images/8024055166254_S3714106_P01.jpg,,,,140.53,1,NEW,55.0,55.0,35.0,12.0,105875.0,EUR,2,8,3
S9148741,0195042180107,sk-SK,Gardening & DIY,Nabíjačka k notebooku Lenovo GX20Z46306,"Ak sú <b>počítače a elektronika</b> vašou vášňou a máte radi aktualizácie z oblasti technológie, a neuniknú vám ani najmenšie detajly, zakúpte <b>Nabí","Ak sú <b>počítače a elektronika</b> vašou vášňou a máte radi aktualizácie z oblasti technológie, a neuniknú vám ani najmenšie detajly, zakúpte <b>Nabíjačka k notebooku Lenovo GX20Z46306</b> za neporaziteľnú cenu.<br><br><ul><li>Farba: Čierna</li><li>Príkon: 230 W</li><li>Zásuvný produkt: áno</li><li>Druh zástrčky: EU zástrčky</li><li>Napätie: 100-240V</li><li>Certifikát: FCC</li><li>Približná hmotnosť: 780 g</li><li>Kompatibilné: <ul><li>Lenovo</li><li>Notebook</li></ul></li><li>Pripojenie: USB<",Pop Pulse Emporium,https://cdnbigbuy.com/images/0195042180107_S9148741_P00.jpg,https://cdnbigbuy.com/images/0195042180107_S9148741_P10.jpg,,,110.62,25,NEW,7.5,15.0,22.0,1.1,2475.0,EUR,2,8,3
S3721339,8033280392413,sk-SK,Gardening & DIY,Pánska mikina s kapucňou Sparco Martini Racing Biela,"Ak rozmýšľate nad obnovením vášho šatníka, nakúpte <b>Pánska mikina s kapucňou Sparco MARTINI RACING Veľkosť XL Biela</b> ďalšie <b>produkty Sparco</b","Ak rozmýšľate nad obnovením vášho šatníka, nakúpte <b>Pánska mikina s kapucňou Sparco MARTINI RACING Veľkosť XL Biela</b> ďalšie <b>produkty Sparco</b>! Najlepšia kvalita za najlepšiu cenu je už na dosah!<br><ul><li>Veľkosť: Veľkosť XL</li><li>Farba: Biela</li></ul>",Pop Pulse Emporium,https://cdnbigbuy.com/images/8033280392413_S3721339_P03.jpg,https://cdnbigbuy.com/images/21049_mandatory-motor3.jpg,,,122.32,5,NEW,50.0,50.0,10.0,1.3,25000.0,EUR,2,8,3
S9905955,5605922028641,sk-SK,Gardening & DIY,Stieracia Mapa Sveta Phasak PHR 6312,Tillbaka till kontoret utan att ha glömt en enda pryl! Köp <b>Stieracia Mapa Sveta Phasak PHR 6312</b> och låt dina kollegor avundas dig!<br><br><ul><,Tillbaka till kontoret utan att ha glömt en enda pryl! Köp <b>Stieracia Mapa Sveta Phasak PHR 6312</b> och låt dina kollegor avundas dig!<br><br><ul><li>Dĺžka kábla: 305 m</li><li>Farba: Sivá</li><li>Pripojenie: RJ45</li></ul>,Pop Pulse Emporium,https://cdnbigbuy.com/images/5605922028641_S9905955_P00.jpg,,,,104.54,4,NEW,38.5,38.0,24.0,9.4,35112.0,EUR,2,8,3
S7283240,8050506111801,sk-SK,Gardening & DIY,Unisex korálky Talent Jewels TJC-1-09-03,"Predstavuje sa vám <b>Unisex korálky Talent Jewels TJC-1-09-03</b> a široký výber prstienkov, náramkov, náhrdelníkov, náušníc za skvelú cenu. Získajte","Predstavuje sa vám <b>Unisex korálky Talent Jewels TJC-1-09-03</b> a široký výber prstienkov, náramkov, náhrdelníkov, náušníc za skvelú cenu. Získajte podrobné informácie o exkluzívnych elegantných šperkoch a bižutérii v rôznych štýloch, z ktorých si vyberie každý.<br><br><ul><li>Pohlavie: Unisex</li><li>Typ: Korálky</li></ul>",Pop Pulse Emporium,https://cdnbigbuy.com/images/8050506111801_S7283240_P01.jpg,https://cdnbigbuy.com/images/8050506111801_R31.jpg,https://cdnbigbuy.com/images/8050506111801_R01.jpg,https://cdnbigbuy.com/images/8050506111801_R41.jpg,103.87,25,NEW,10.0,10.0,10.0,0.3,1000.0,EUR,2,8,3
S7183416,3023191494318,sk-SK,Gardening & DIY,Vaňa ThermoBaby Ružová,"Pre naše deti chceme len to najlepšie, apreto by sme Vám chceli predstaviť <b>Vaňa ThermoBaby Ružová</b>, perfektný pre všetkých, ktorí hľadajú kvalit","Pre naše deti chceme len to najlepšie, apreto by sme Vám chceli predstaviť <b>Vaňa ThermoBaby Ružová</b>, perfektný pre všetkých, ktorí hľadajú kvalitatívne vysokohodnotný produkt pre najmenších. Nakúpte <b>ThermoBaby</b> aďalšie značky alicencie za tie najlepšie ceny!<br><ul><li>Farba: Ružová</li></ul>",Pop Pulse Emporium,https://cdnbigbuy.com/images/3023191494318_R31.jpg,https://cdnbigbuy.com/images/3023191494318_R01.jpg,https://cdnbigbuy.com/images/3023191494318_R61.jpg,https://cdnbigbuy.com/images/3023191494318_R41.jpg,144.55,5,NEW,79.2,51.0,26.4,5.13,106634.88,EUR,2,8,3
S0382209,0725125068918,sk-SK,Gardening & DIY,Dámske slnečné okuliare Michael Kors MK2113-333287 Ø 66 mm,"Ak radi nosíte trendy <b>módne doplnky</b> a váš štýl sa bez nich nezaobíde, nenechajte si ujsť <b>Dámske slnečné okuliare Michael Kors MK2113-333287 ","Ak radi nosíte trendy <b>módne doplnky</b> a váš štýl sa bez nich nezaobíde, nenechajte si ujsť <b>Dámske slnečné okuliare Michael Kors MK2113-333287 Ø 66 mm</b>! Vyberte si tie najlepšie značkové <b>slnečné okuliare</b>.<br><br><ul><li>Šošovky: Ø 66 mm</li><li>Typ: Dámske slnečné okuliare</li><li>Pohlavie: Dáma</li><li>Ochrana: 100% ochrana proti UV žiareniu (UV400)</li><li>Materiál šošovky: Polykarbonát</li><li>Farba: Čierna</li><li>Solárny filter: Kategória 3</li><li>Stranice: 135 mm</li><li>",Pop Pulse Emporium,https://cdnbigbuy.com/images/0725125068918_R00.jpg,https://cdnbigbuy.com/images/0725125068918_R10.jpg,,,105.57,2,NEW,10.0,10.0,10.0,0.3,1000.0,EUR,2,8,3
S71011335,5099206123366,sk-SK,Gardening & DIY,Klávesnica Logitech G515 TKL Čierna AZERTY,Tillbaka till kontoret utan att ha glömt en enda pryl! Köp <b>Klávesnica Logitech G515 TKL Čierna AZERTY</b> och låt dina kollegor avundas dig!<br><br,Tillbaka till kontoret utan att ha glömt en enda pryl! Köp <b>Klávesnica Logitech G515 TKL Čierna AZERTY</b> och låt dina kollegor avundas dig!<br><br><ul><li>Typ: <ul><li>Klávesnica a myš</li><li>Klávesnica</li><li>mechanická klávesnica</li><li>Herná klávesnica</li></ul></li><li>Farba: Čierna</li><li>Vlastnosti: RGB</li><li>Klávesnica: AZERTY</li></ul>,Pop Pulse Emporium,https://cdnbigbuy.com/images/5099206123366_S71011335_P00.jpg,https://cdnbigbuy.com/images/5099206123366_S71011335_P10.jpg,https://cdnbigbuy.com/images/5099206123366_S71011335_P20.jpg,https://cdnbigbuy.com/images/5099206123366_S71011335_P30.jpg,150.51,22,NEW,38.4,16.2,4.2,1.14,2612.74,EUR,2,8,3
S0390901,4894041918754,sk-SK,Gardening & DIY,Dámske hodinky Bering 11422-765 (Ø 22 mm),"Ak hľadáte nové trendy na trhu, predstavujeme <b>Dámske hodinky Bering 11422-765 (Ø 22 mm)</b>!<br><br><ul><li>Pohlavie: Dáma</li><li>Extra články reť","Ak hľadáte nové trendy na trhu, predstavujeme <b>Dámske hodinky Bering 11422-765 (Ø 22 mm)</b>!<br><br><ul><li>Pohlavie: Dáma</li><li>Extra články reťaze: Č.</li><li>Druh hodiniek: Náramkové hodinky</li><li>Materiál náramku: Keramický</li><li>Materiál puzdra hodiniek: Nerezová oceľ</li><li>Typ pohybu: Kremeň</li><li>Sklo: Zafírové</li><li>Vodeodolnosť: 5 atm</li><li>Obsahuje: Zahŕňa puzdro alebo obal značky</li><li>Typ zapínania: Tlakové</li><li>Farba cilindra: Gaštanová</li><li>Farba puzdra hod",Pop Pulse Emporium,https://cdnbigbuy.com/images/4894041918754_S0390901_P00.jpg,https://cdnbigbuy.com/images/87262_mandatory-watch0.jpg,,,101.81,10,NEW,32.0,19.0,10.0,0.4,6080.0,EUR,2,8,3
S3056142,8424002142506,sk-SK,Gardening & DIY,Stolná lampa Home ESPRIT Biela Zlatá Železo 50 W 220 V 35 x 35 x 78 cm,"<p>Ak chcete vášmu domovu dodať kúsok originality, môžete tak urobiť s <b>Stolná lampa Home ESPRIT Biela Zlatá Železo 50 W 220 V 35 x 35 x 78 cm</b>.<","<p>Ak chcete vášmu domovu dodať kúsok originality, môžete tak urobiť s <b>Stolná lampa Home ESPRIT Biela Zlatá Železo 50 W 220 V 35 x 35 x 78 cm</b>.</p><br><br><ul><li>Zásuvný produkt: áno</li><li>Typ: Stolná lampa</li><li>Druh zástrčky: EU zástrčky</li><li>Farba: <ul><li>Biela</li><li>Zlatá</li></ul></li><li>Zloženie: <ul><li>Bavlna</li><li>Polyester</li><li>Akryl</li></ul></li><li>Napätie: 220 V</li><li>Pätica: E27</li><li>Dlhý: 35 cm</li><li>Design: Moderný</li><li>Vysoký: 78 cm</li><li>Prík",Pop Pulse Emporium,https://cdnbigbuy.com/images/8424002142506_S3056142_P40.jpg,https://cdnbigbuy.com/images/8424002142506_S3056142_P50.jpg,https://cdnbigbuy.com/images/8424002142506_S3056142_P00.jpg,https://cdnbigbuy.com/images/8424002142506_S3056142_P10.jpg,108.0,25,NEW,41.0,60.0,41.0,4.5,100860.0,EUR,2,8,3
S91114465,5902414200913,sk-SK,Gardening & DIY,Krmivo VETEXPERT Hepatic Dog Mäso 12 kg,"Ak hľadáte nové trendy na trhu, predstavujeme <b>Krmivo VETEXPERT Hepatic Dog Mäso 12 kg</b>!<br><br><ul><li>Typ: Krmivo</li><li>Tvar: Pevný</li><li>P","Ak hľadáte nové trendy na trhu, predstavujeme <b>Krmivo VETEXPERT Hepatic Dog Mäso 12 kg</b>!<br><br><ul><li>Typ: Krmivo</li><li>Tvar: Pevný</li><li>Príchuť: Mäso</li><li>Pet: pes</li><li>Odporúčané použitie: Domáci miláčik s ochorením pečene</li><li>Prísada: <ul><li>Tuk</li><li>Bielkovina</li><li>Vlákna</li><li>Popolavý</li></ul></li><li>Kapacita: 12 kg</li></ul><br><br>Dôležité informácie: Bezlepkový. <br><br> Dôležité informácie: Bez cukru. <br><br> Dôležité informácie: Bez sóje.",Pop Pulse Emporium,https://cdnbigbuy.com/images/5902414200913_S91114465_P00.jpg,https://cdnbigbuy.com/images/5902414200913_S91114465_P20.jpg,https://cdnbigbuy.com/images/5902414200913_S91114465_P10.jpg,,148.04,5,NEW,40.0,14.0,48.0,12.2,26880.0,EUR,2,8,3
S9190234,0840295402345,sk-SK,Gardening & DIY,Dobíjací ručný masér Therabody TG0003969-3A50 Piesok,"Ak vám záleží na zdraviu a hľadáte produkty, ktoré ponúkajú <b>ochranu a pohodu</b>, nakupujte <b>Dobíjací ručný masér Therabody TG0003969-3A50 Piesok","Ak vám záleží na zdraviu a hľadáte produkty, ktoré ponúkajú <b>ochranu a pohodu</b>, nakupujte <b>Dobíjací ručný masér Therabody TG0003969-3A50 Piesok</b> a iné <b>produkty Therabody</b> za najlepšie ceny.<br><br><ul><li>Vlastnosti: <ul><li>Jednoduché na umývanie</li><li>Ľahké na používanie</li></ul></li><li>Dlhý: 3,5 cm</li><li>Napájací Zdroj: Batérie</li><li>Materiál: Polykarbonát</li><li>Funguje na batérie: 1 Litio Ion, incluidas</li><li>Farba: Piesok</li></ul>",Pop Pulse Emporium,https://cdnbigbuy.com/images/0840295402345_S9190234_P00.jpg,https://cdnbigbuy.com/images/0840295402345_S9190234_P60.jpg,https://cdnbigbuy.com/images/0840295402345_S9190234_P70.jpg,https://cdnbigbuy.com/images/0840295402345_S9190234_P10.jpg,168.99,5,NEW,9.5,27.0,27.0,1.54,6925.5,EUR,2,8,3
S0408455,8413893103321,sk-SK,Gardening & DIY,Odsávač pre kuchyňu S&P ECO-500 90W,"Ak chcete zrenovovať svoju kuchyňu, kúpte si <b>Odsávač pre kuchyňu S&P ECO-500 90W</b> a ďalšie <b>produkty S&P</b>! Najlepšiu kvalitu za najlepšiu c","Ak chcete zrenovovať svoju kuchyňu, kúpte si <b>Odsávač pre kuchyňu S&P ECO-500 90W</b> a ďalšie <b>produkty S&P</b>! Najlepšiu kvalitu za najlepšiu cenu máte na dosah!<br><br><ul><li>Výkon: 480 m3/h</li><li>Napätie: 230 V</li><li>Zásuvný produkt: áno</li><li>Druh zástrčky: EU zástrčky</li><li>Konečná: Štandardná biela</li><li>Typ: Odsávač pre kuchyňu</li><li>Farba: Biela</li><li>Šírka: 315</li><li>Príkon: 90 W</li><li>Rýchlosť: 1050 rpm</li><li>Krajina / Región výroby: Španielsko</li><li>Materi",Pop Pulse Emporium,https://cdnbigbuy.com/images/8413893103321_0_P02.jpg,,,,136.46,2,NEW,34.8,32.2,15.8,3.36,17704.85,EUR,2,8,3
S91104869,5038483539262,sk-SK,Gardening & DIY,Žabky pre mužov Mobilex PRS014BEZ39 Bronz,"Ak rozmýšľate nad obnovením vášho šatníka, nakúpte <b>Žabky pre mužov Mobilex PRS014BEZ39 Bronz</b> ďalšie <b>produkty Mobilex</b>! Najlepšia kvalita ","Ak rozmýšľate nad obnovením vášho šatníka, nakúpte <b>Žabky pre mužov Mobilex PRS014BEZ39 Bronz</b> ďalšie <b>produkty Mobilex</b>! Najlepšia kvalita za najlepšiu cenu je už na dosah!<br><br><ul><li>Vlastnosti: Vhodné na rehabilitáciu</li><li>Typ: Šľapky do bazéna</li><li>Farba: Bronz</li><li>Pohlavie: Unisex</li><li>Veľkosť: 39</li><li>Funguje na batérie: Č.</li></ul>",Pop Pulse Emporium,https://cdnbigbuy.com/images/5038483539262_S91104869_P10.jpg,https://cdnbigbuy.com/images/5038483539262_S91104869_P30.jpg,https://cdnbigbuy.com/images/5038483539262_S91104869_P40.jpg,https://cdnbigbuy.com/images/5038483539262_S91104869_P50.jpg,107.66,2,NEW,18.5,11.5,31.5,0.92,6701.62,EUR,2,8,3
S0382151,8056597738965,sk-SK,Gardening & DIY,Pánske slnečné okuliare Armani AR8169-59606R,"Ak radi nosíte trendy <b>módne doplnky</b> a váš štýl sa bez nich nezaobíde, nenechajte si ujsť <b>Pánske slnečné okuliare Armani AR8169-59606R</b>! V","Ak radi nosíte trendy <b>módne doplnky</b> a váš štýl sa bez nich nezaobíde, nenechajte si ujsť <b>Pánske slnečné okuliare Armani AR8169-59606R</b>! Vyberte si tie najlepšie značkové <b>slnečné okuliare</b>.<br><br><ul><li>Typ: Pánske slnečné okuliare</li><li>Ochrana: 100% ochrana proti UV žiareniu (UV400)</li><li>Pohlavie: Muž</li><li>Materiál šošovky: Polykarbonát</li><li>Farba: Čierna</li><li>Materiál: Acetate</li><li>Farba šošovky: zelená</li><li>Obsahuje: K produktu dostanete originálnu kra",Pop Pulse Emporium,https://cdnbigbuy.com/images/8056597738965_S0382151_P00.jpg,https://cdnbigbuy.com/images/8056597738965_S0382151_P10.jpg,,,159.9,10,NEW,10.0,10.0,10.0,0.3,1000.0,EUR,2,8,3
M0506609,8715946451657,sk-SK,Gardening & DIY,Originálny toner Epson AcuLaser M1200 Čierna,Tillbaka till kontoret utan att ha glömt en enda pryl! Köp <b>Originálny toner Epson AcuLaser M1200 Čierna</b> och låt dina kollegor avundas dig!<br><,Tillbaka till kontoret utan att ha glömt en enda pryl! Köp <b>Originálny toner Epson AcuLaser M1200 Čierna</b> och låt dina kollegor avundas dig!<br><br><ul><li>Farba: Čierna</li><li>Krajina / Región výroby: Čína</li><li>Kompatibilné: Epson</li><li>Vlastnosti: Originálny</li><li>Kapacita: 3200 Strany</li></ul>,Pop Pulse Emporium,https://cdnbigbuy.com/images/8715946451657_M0506609_P00.jpg,,,,156.28,2,NEW,35.0,12.0,17.0,0.61,7140.0,EUR,2,8,3
S72100516,8430622818974,sk-SK,Gardening & DIY,Pánske hodinky Festina F20678/1,"Ak sledujete trendy v oblasti módy a doplnkov, nakupujte <b>Pánske hodinky Festina F20678/1</b> za najlepšie ceny.<br><br><ul><li>Farba remienka: <ul>","Ak sledujete trendy v oblasti módy a doplnkov, nakupujte <b>Pánske hodinky Festina F20678/1</b> za najlepšie ceny.<br><br><ul><li>Farba remienka: <ul><li>Zlatá</li><li>Zlato</li></ul></li><li>Pohlavie: Muž</li><li>Extra články reťaze: Č.</li><li>Druh hodiniek: Náramkové hodinky</li><li>Materiál náramku: Nerezová oceľ</li><li>Materiál hodiniek: Nerezová oceľ</li><li>Tvar: Obdĺžnikový</li><li>Typ pohybu: Kremeň</li></ul>",Pop Pulse Emporium,https://cdnbigbuy.com/images/8430622818974_S72100516_P00.jpg,https://cdnbigbuy.com/images/99528_mandatory-watch0.jpg,,,178.58,50,NEW,14.15,12.43,10.11,0.3,1778.19,EUR,2,8,3
S91101923,0064992185602,sk-SK,Gardening & DIY,Krmivo Orijen Tundra Dospelý Teľacie mäso Baránok Kačica Diviak Koza 6 Kg,"Ak hľadáte nové trendy na trhu, predstavujeme <b>Krmivo Orijen Tundra Dospelý Teľacie mäso Baránok Kačica Diviak Koza 6 Kg</b>!<br><br><ul><li>Typ: Kr","Ak hľadáte nové trendy na trhu, predstavujeme <b>Krmivo Orijen Tundra Dospelý Teľacie mäso Baránok Kačica Diviak Koza 6 Kg</b>!<br><br><ul><li>Typ: Krmivo</li><li>Odporúčaný vek: Dospelý</li><li>Tvar: Pevný</li><li>Príchuť: <ul><li>Teľacie mäso</li><li>Baránok</li><li>Kačica</li><li>Diviak</li><li>Koza</li></ul></li><li>Dôležité informácie: <ul><li>Bezlepkový</li><li>Bez cukru</li><li>Bez sóje</li></ul></li><li>Prísada: <ul><li>Tuk</li><li>Bielkovina</li><li>Vlákna</li><li>Popolavý</li></ul></li",Pop Pulse Emporium,https://cdnbigbuy.com/images/0064992185602_S91101923_P00.jpg,https://cdnbigbuy.com/images/0064992185602_S91101923_P10.jpg,,,118.05,50,NEW,45.0,9.0,32.0,6.1,12960.0,EUR,2,8,3
S7274865,8430622735530,sk-SK,Gardening & DIY,Pánske hodinky Festina F20446/3 Ø 40 mm (Ø 40 mm),"Ak sledujete trendy v oblasti módy a doplnkov, nakupujte <b>Pánske hodinky Festina F20446/3 Ø 40 mm (Ø 40 mm)</b> za najlepšie ceny.<br><br><ul><li>Ex","Ak sledujete trendy v oblasti módy a doplnkov, nakupujte <b>Pánske hodinky Festina F20446/3 Ø 40 mm (Ø 40 mm)</b> za najlepšie ceny.<br><br><ul><li>Extra články reťaze: Č.</li><li>Druh hodiniek: Náramkové hodinky</li><li>Priemer puzdra hodiniek: Ø 40 mm</li><li>Pohlavie: Muž</li><li>Krajina / Región výroby: Čína</li><li>Farba: Čierna</li><li>Rok: 2019</li><li>Materiál hodiniek: Nerezová oceľ</li><li>Materiál náramku: Koža</li><li>Typ zapínania: Pracka</li><li>Typ pohybu: Kremeň</li></ul>",Pop Pulse Emporium,https://cdnbigbuy.com/images/8430622735530_S7274865_P01.jpg,https://cdnbigbuy.com/images/73922_mandatory-watch1.jpg,,,116.12,50,NEW,14.15,12.43,10.11,0.3,1778.19,EUR,2,8,3
M0509593,0190781061120,sk-SK,Gardening & DIY,Recyklovaný Toner HP LaserJet,"Ak sú <b>počítače a elektronika</b> vašou vášňou a máte radi aktualizácie z oblasti technológie, a neuniknú vám ani najmenšie detajly, zakúpte <b>Recy","Ak sú <b>počítače a elektronika</b> vašou vášňou a máte radi aktualizácie z oblasti technológie, a neuniknú vám ani najmenšie detajly, zakúpte <b>Recyklovaný Toner HP LaserJet</b> za neporaziteľnú cenu.<br><br><ul><li>Typ: Recyklovaný Toner</li></ul>",Pop Pulse Emporium,https://cdnbigbuy.com/images/0190781061120_R00.jpg,,,,152.93,16,NEW,48.5,21.5,17.0,3.34,17726.75,EUR,2,8,3
S3061106,8424002200183,sk-SK,Gardening & DIY,Hamak Home ESPRIT Béžová Bavlna Mestská 82 x 82 x 170 cm,"Tieto výrobky vám zabezpečia letnú zábavu, ktoré zároveň oslovia mladých aj starých! Kúpte si <b>Hamak Home ESPRIT Béžová Bavlna Mestská 82 x 82 x 170","Tieto výrobky vám zabezpečia letnú zábavu, ktoré zároveň oslovia mladých aj starých! Kúpte si <b>Hamak Home ESPRIT Béžová Bavlna Mestská 82 x 82 x 170 cm</b> a užívajte si svoj voľný čas!<br><br><ul><li>Farba: Béžová</li><li>Design: Mestská</li><li>Maximálna povolená hmotnosť: 120 kg</li><li>Približné rozmery: 82 x 82 x 170 cm</li></ul>",Pop Pulse Emporium,https://cdnbigbuy.com/images/8424002200183_S3061106_P60.jpg,https://cdnbigbuy.com/images/8424002200183_S3061106_P40.jpg,https://cdnbigbuy.com/images/8424002200183_S3061106_P50.jpg,https://cdnbigbuy.com/images/8424002200183_S3061106_P00.jpg,125.44,25,NEW,84.0,10.0,84.0,6.7,70560.0,EUR,2,8,3
S72125673,4894816000479,sk-SK,Gardening & DIY,Pánske hodinky Timberland TDWJF2001201,"Ak hľadáte nové trendy na trhu, predstavujeme <b>Pánske hodinky Timberland TDWJF2001201</b>!<br><br><ul><li>Pohlavie: Muž</li><li>Extra články reťaze:","Ak hľadáte nové trendy na trhu, predstavujeme <b>Pánske hodinky Timberland TDWJF2001201</b>!<br><br><ul><li>Pohlavie: Muž</li><li>Extra články reťaze: Č.</li><li>Druh hodiniek: Náramkové hodinky</li></ul>",Pop Pulse Emporium,https://cdnbigbuy.com/images/4894816000479_S72125673_P00.jpg,https://cdnbigbuy.com/images/124685_mandatory-watch0.jpg,https://cdnbigbuy.com/images/4894816000479_S72125673_P10.jpg,https://cdnbigbuy.com/images/4894816000479_R00.jpg,135.52,10,NEW,14.15,12.43,10.11,0.3,1778.19,EUR,2,8,3
S0388851,0091661536953,sk-SK,Gardening & DIY,Dámske hodinky Guess GW0615L3 (Ø 33 mm),"Ak hľadáte nové trendy na trhu, predstavujeme <b>Dámske hodinky Guess GW0615L3 (Ø 33 mm)</b>!<br><br><ul><li>Pohlavie: Dáma</li><li>Extra články reťaz","Ak hľadáte nové trendy na trhu, predstavujeme <b>Dámske hodinky Guess GW0615L3 (Ø 33 mm)</b>!<br><br><ul><li>Pohlavie: Dáma</li><li>Extra články reťaze: Č.</li><li>Druh hodiniek: Náramkové hodinky</li><li>Materiál náramku: Nerezová oceľ</li><li>Materiál puzdra hodiniek: Nerezová oceľ</li><li>Typ pohybu: Kremeň</li><li>Sklo: Minerál</li><li>Vodeodolnosť: 3 atm</li><li>Obsahuje: Zahŕňa puzdro alebo obal značky</li><li>Typ zapínania: Tlakové</li><li>Farba cilindra: Ružová</li><li>Farba puzdra hodin",Pop Pulse Emporium,https://cdnbigbuy.com/images/0091661536953_S0388851_P00.jpg,https://cdnbigbuy.com/images/85210_mandatory-watch0.jpg,,,109.3,25,NEW,32.0,19.0,10.0,0.4,6080.0,EUR,2,8,3
S55180501,5706991028669,sk-SK,Gardening & DIY,Slúchadlá a mikrofón GN Audio EVOLVE2 30 Čierna,"Ak sú <b>počítače a elektronika</b> vašou vášňou a máte radi aktualizácie z oblasti technológie, a neuniknú vám ani najmenšie detajly, zakúpte <b>Slúc","Ak sú <b>počítače a elektronika</b> vašou vášňou a máte radi aktualizácie z oblasti technológie, a neuniknú vám ani najmenšie detajly, zakúpte <b>Slúchadlá a mikrofón GN Audio EVOLVE2 30 Čierna</b> za neporaziteľnú cenu.<br><br><ul><li>Typ: <ul><li>Slúchadlo</li><li>Slúchadlá z diadému</li><li>S káblom</li><li>Slúchadlá s mikrofónom</li></ul></li><li>Farba: Čierna</li><li>Vlastnosti: <ul><li>Plug and play</li><li>Bezdrôtový</li><li>Záruka</li><li>LED indikátor</li><li>Vrátane inštalačnej príručk",Pop Pulse Emporium,https://cdnbigbuy.com/images/5706991028669_I01.jpg,https://cdnbigbuy.com/images/5706991028669_I21.jpg,https://cdnbigbuy.com/images/5706991028669_I41.jpg,,115.25,50,NEW,23.83,13.8,18.89,0.19,6212.05,EUR,2,8,3
S3624415,4899888641773,sk-SK,Gardening & DIY,Kalkulačka Pincello CN-1202 Solárny (24 kusov),Tillbaka till kontoret utan att ha glömt en enda pryl! Köp <b>Kalkulačka Pincello CN-1202 Solárny (24 kusov)</b> och låt dina kollegor avundas dig!<br,Tillbaka till kontoret utan att ha glömt en enda pryl! Köp <b>Kalkulačka Pincello CN-1202 Solárny (24 kusov)</b> och låt dina kollegor avundas dig!<br><br><ul><li>Typ: <ul><li>Kalkulačka</li><li>Solárny</li></ul></li><li>Kusov: <ul><li>1 kusov</li><li>24 kusov</li></ul></li><li>Dôležité informácie: Z viac designov vyberáme náhodne podľa skladovej dostupnosti</li></ul>,Pop Pulse Emporium,https://cdnbigbuy.com/images/S3624415_58620_1691572535-cropped_icon1.jpg,https://cdnbigbuy.com/images/S3624415_58620_1691572535-cropped1.jpg,,,113.42,4,NEW,72.0,24.0,21.0,6.1,36288.0,EUR,2,8,3
S0388828,0091661534560,sk-SK,Gardening & DIY,Dámske hodinky Guess GW0547L3 (Ø 38 mm),"Ak hľadáte nové trendy na trhu, predstavujeme <b>Dámske hodinky Guess GW0547L3 (Ø 38 mm)</b>!<br><br><ul><li>Extra články reťaze: Č.</li><li>Druh hodi","Ak hľadáte nové trendy na trhu, predstavujeme <b>Dámske hodinky Guess GW0547L3 (Ø 38 mm)</b>!<br><br><ul><li>Extra články reťaze: Č.</li><li>Druh hodiniek: Náramkové hodinky</li><li>Pohlavie: Dáma</li><li>Materiál náramku: Koža</li><li>Materiál puzdra hodiniek: Nerezová oceľ</li><li>Typ pohybu: Kremeň</li><li>Sklo: Minerál</li><li>Vodeodolnosť: 5 atm</li><li>Obsahuje: Zahŕňa puzdro alebo obal značky</li><li>Typ zapínania: Pracka</li><li>Farba cilindra: Zlatá</li><li>Farba puzdra hodiniek: Zlatá<",Pop Pulse Emporium,https://cdnbigbuy.com/images/0091661534560_S0388828_P00.jpg,https://cdnbigbuy.com/images/85187_mandatory-watch0.jpg,,,116.78,25,NEW,32.0,19.0,10.0,0.4,6080.0,EUR,2,8,3
S0391919,0197853282292,sk-SK,Gardening & DIY,Taška na plece Michael Kors Bradshaw Biela 24 x 17 x 5 cm,Chcete držať krok s módou a máte radi drobné doplnky? Prinášame vám <b>Taška na plece Michael Kors Bradshaw Biela 24 x 17 x 5 cm</b> a široký výber tr,Chcete držať krok s módou a máte radi drobné doplnky? Prinášame vám <b>Taška na plece Michael Kors Bradshaw Biela 24 x 17 x 5 cm</b> a široký výber trendy kabeliek a peňaženiek!<br><br><ul><li>Typ: Taška</li><li>Pohlavie: Dáma</li><li>Farba: Biela</li><li>Zloženie: Koža</li><li>Typ zapínania: Magnetic</li><li>Obsahuje: Zahŕňa puzdro alebo obal značky</li><li>Približné rozmery: 24 x 17 x 5 cm</li></ul>,Pop Pulse Emporium,https://cdnbigbuy.com/images/0197853282292_S0391919_P00.jpg,https://cdnbigbuy.com/images/0197853282292_S0391919_P10.jpg,https://cdnbigbuy.com/images/0197853282292_S0391919_P20.jpg,,191.36,5,NEW,10.0,10.0,10.0,0.3,1000.0,EUR,2,8,3
S7141557,8719076044253,sk-SK,Gardening & DIY,Battery monitor Victron Energy 500 A,"Ak sú <b>počítače a elektronika</b> vašou vášňou a máte radi aktualizácie z oblasti technológie, a neuniknú vám ani najmenšie detajly, zakúpte <b>Batt","Ak sú <b>počítače a elektronika</b> vašou vášňou a máte radi aktualizácie z oblasti technológie, a neuniknú vám ani najmenšie detajly, zakúpte <b>Battery monitor Victron Energy 500 A</b> za neporaziteľnú cenu.<br><br><ul><li>Typ: Monitor batérie</li><li>Ampérové napätie: 500 A</li><li>Pripojenie: Bluetooth</li><li>Materiál: Plastické</li><li>Pohlavie: Unisex dospelí</li></ul>",Pop Pulse Emporium,https://cdnbigbuy.com/images/8719076044253_S7141557_P01.jpg,https://cdnbigbuy.com/images/8719076044253_S7141557_P11.jpg,https://cdnbigbuy.com/images/8719076044253_S7141557_P21.jpg,https://cdnbigbuy.com/images/8719076044253_R61.jpg,187.49,1,NEW,8.8,13.4,7.2,0.42,849.02,EUR,2,8,3
S8436576,4002030000018,sk-SK,Gardening & DIY,Pákový kartotéka Elba Sivá A4 (20 kusov),Tillbaka till kontoret utan att ha glömt en enda pryl! Köp <b>Pákový kartotéka Elba Sivá A4 (20 kusov)</b> och låt dina kollegor avundas dig!<br><br><,Tillbaka till kontoret utan att ha glömt en enda pryl! Köp <b>Pákový kartotéka Elba Sivá A4 (20 kusov)</b> och låt dina kollegor avundas dig!<br><br><ul><li>Typ: Pákový kartotéka</li><li>Farba: Sivá</li><li>Veľkosť: A4</li><li>Kusov: 20 kusov</li></ul>,Pop Pulse Emporium,https://cdnbigbuy.com/images/4002030000018_s8436576_p0_icon0.jpg,https://cdnbigbuy.com/images/4002030000018_S8436576_P00.jpg,,,119.84,2,NEW,40.28,28.43,32.14,2.86,36805.46,EUR,2,8,3
S71003359,3760024822923,sk-SK,Gardening & DIY,Reproduktory k PC Inovalley HP58 BTH,"Ak sú <b>počítače a elektronika</b> vašou vášňou a máte radi aktualizácie z oblasti technológie, a neuniknú vám ani najmenšie detajly, zakúpte <b>Repr","Ak sú <b>počítače a elektronika</b> vašou vášňou a máte radi aktualizácie z oblasti technológie, a neuniknú vám ani najmenšie detajly, zakúpte <b>Reproduktory k PC Inovalley HP58 BTH</b> za neporaziteľnú cenu.<br><br><ul><li>Farba: Čierna</li></ul>",Pop Pulse Emporium,https://cdnbigbuy.com/images/3760024822923_S71003359_P00.jpg,https://cdnbigbuy.com/images/3760024822923_S71003359_P10.jpg,https://cdnbigbuy.com/images/3760024822923_S71003359_P20.jpg,https://cdnbigbuy.com/images/3760024822923_S71003359_P30.jpg,104.68,9,NEW,24.02,21.25,22.36,1.8,11413.1,EUR,2,8,3
S7275045,8430622802584,sk-SK,Gardening & DIY,Dámske hodinky Festina F20654/1,"Ak sledujete trendy v oblasti módy a doplnkov, nakupujte <b>Dámske hodinky Festina F20654/1</b> za najlepšie ceny.<br><br><ul><li>Pohlavie: Dáma</li><","Ak sledujete trendy v oblasti módy a doplnkov, nakupujte <b>Dámske hodinky Festina F20654/1</b> za najlepšie ceny.<br><br><ul><li>Pohlavie: Dáma</li><li>Extra články reťaze: Č.</li><li>Druh hodiniek: Náramkové hodinky</li><li>Materiál náramku: Nerezová oceľ</li><li>Materiál hodiniek: Nerezová oceľ</li><li>Farba: Striebristý</li><li>Typ pohybu: Kremeň</li><li>Približná hmotnosť: 300 gr</li></ul>",Pop Pulse Emporium,https://cdnbigbuy.com/images/8430622802584_S7275045_P01.jpg,https://cdnbigbuy.com/images/74102_mandatory-watch1.jpg,,,189.6,50,NEW,39.0,19.0,10.0,0.4,7410.0,EUR,2,8,3
S7253061,8054704462024,sk-SK,Gardening & DIY,Dámsky náhrdelník Albert M. WSOX00476.TG,"Predstavuje sa vám <b>Dámsky náhrdelník Albert M. WSOX00476.TG</b> a široký výber prstienkov, náramkov, náhrdelníkov, náušníc za skvelú cenu. Získajte","Predstavuje sa vám <b>Dámsky náhrdelník Albert M. WSOX00476.TG</b> a široký výber prstienkov, náramkov, náhrdelníkov, náušníc za skvelú cenu. Získajte podrobné informácie o exkluzívnych elegantných šperkoch a bižutérii v rôznych štýloch, z ktorých si vyberie každý.<br><br><ul><li>Pohlavie: Dáma</li><li>Typ: Dámsky náhrdelník</li></ul>",Pop Pulse Emporium,https://cdnbigbuy.com/images/8054704462024_S7253061_P01.jpg,https://cdnbigbuy.com/images/8054704462024_S7253061_P11.jpg,https://cdnbigbuy.com/images/8054704462024_S7253061_P21.jpg,,148.47,2,NEW,9.98,9.98,9.92,0.3,988.04,EUR,2,8,3
S71014691,0731855230020,sk-SK,Gardening & DIY,Klávesnica Turtle Beach Vulcan II Čierna QWERTY,"Ak sú <b>počítače a elektronika</b> vašou vášňou a máte radi aktualizácie z oblasti technológie, a neuniknú vám ani najmenšie detajly, zakúpte <b>Kláv","Ak sú <b>počítače a elektronika</b> vašou vášňou a máte radi aktualizácie z oblasti technológie, a neuniknú vám ani najmenšie detajly, zakúpte <b>Klávesnica Turtle Beach Vulcan II Čierna QWERTY</b> za neporaziteľnú cenu.<br><br><ul><li>Farba: Čierna</li><li>Typ: <ul><li>Klávesnica</li><li>Gaming</li></ul></li><li>Dĺžka kábla: 1,8 m</li><li>Rozhranie: USB</li><li>Pripojenie: Bezdrôtový</li><li>Jazyk: Anglicky</li><li>Odporúčané použitie: Gaming</li><li>Klávesnica: QWERTY</li></ul>",Pop Pulse Emporium,https://cdnbigbuy.com/images/0731855230020_S71014691_P00.jpg,https://cdnbigbuy.com/images/0731855230020_S71014691_P40.jpg,https://cdnbigbuy.com/images/0731855230020_S71014691_P10.jpg,https://cdnbigbuy.com/images/0731855230020_S71014691_P50.jpg,197.62,4,NEW,31.19,20.78,11.27,0.78,7304.4,EUR,2,8,3
S77194719,6942103123542,sk-SK,Gardening & DIY,Bezdrôtové slúchadlá s nabíjacím puzdrom Huawei FREEBUDS 6I ORCA-T100,"Ak sú <b>počítače a elektronika</b> vašou vášňou a máte radi aktualizácie z oblasti technológie, a neuniknú vám ani najmenšie detajly, zakúpte <b>Bezd","Ak sú <b>počítače a elektronika</b> vašou vášňou a máte radi aktualizácie z oblasti technológie, a neuniknú vám ani najmenšie detajly, zakúpte <b>Bezdrôtové slúchadlá s nabíjacím puzdrom Huawei FREEBUDS 6I ORCA-T100</b> za neporaziteľnú cenu.<br><br><ul><li>Typ: <ul><li>Slúchadlá</li><li>Bezdrôtové slúchadlá</li><li>Slúchadlá s mikrofónom</li><li>In - Ear slúchadlá</li></ul></li><li>Farba: <ul><li>Biela</li><li>Čierna</li></ul></li><li>Vlastnosti: <ul><li>Zrušenie hluku</li><li>Púzdro</li><li>Zn",Pop Pulse Emporium,https://cdnbigbuy.com/images/6942103123542_M0801552_P00.jpg,https://cdnbigbuy.com/images/6942103123542_M0801552_P10.jpg,https://cdnbigbuy.com/images/6942103123542_M0801552_P20.jpg,,129.84,50,NEW,9.5,10.0,4.0,0.15,380.0,EUR,2,8,3
S7287650,8431283579143,sk-SK,Gardening & DIY,Pánske hodinky Mark Maddox HM0144-15 (Ø 44 mm),"Ak sledujete trendy v oblasti módy a doplnkov, nakupujte <b>Pánske hodinky Mark Maddox HM0144-15 (Ø 44 mm)</b> za najlepšie ceny.<br><br><ul><li>Pohla","Ak sledujete trendy v oblasti módy a doplnkov, nakupujte <b>Pánske hodinky Mark Maddox HM0144-15 (Ø 44 mm)</b> za najlepšie ceny.<br><br><ul><li>Pohlavie: Muž</li><li>Extra články reťaze: Č.</li><li>Druh hodiniek: Náramkové hodinky</li><li>Funkcie: Multifunkčný</li><li>Obsahuje: K produktu dostanete originálnu krabičku</li><li>Sklo: Minerál</li><li>Typ pohybu: Kremeň</li><li>Priemer puzdra hodiniek: Ø 44 mm</li><li>Farba remienka: Striebristý</li></ul>",Pop Pulse Emporium,https://cdnbigbuy.com/images/8431283579143_S7287650_P01.jpg,https://cdnbigbuy.com/images/86707_mandatory-watch1.jpg,,,109.73,2,NEW,32.0,19.0,10.0,0.4,6080.0,EUR,2,8,3
S71000919,3384349161040,sk-SK,Gardening & DIY,"Kuchynský robot Béaba Babycook 1,1 L Gaštanová","Ak hľadáte vhodné elektrospotrebiče za špičkové ceny, kúpte si domov <b> Kuchynský robot Béaba Babycook 1,1 L Gaštanová</b> a ďalšie kúsky z širokého ","Ak hľadáte vhodné elektrospotrebiče za špičkové ceny, kúpte si domov <b> Kuchynský robot Béaba Babycook 1,1 L Gaštanová</b> a ďalšie kúsky z širokého výberu kvalitných malých domácich elektrospotrebičov!<br><br><ul><li>Zásuvný produkt: áno</li><li>Typ: Kuchynský robot</li><li>Kapacita: 1,1 L</li><li>Približné rozmery: 24 x 18 x 24 cm</li><li>Druh zástrčky: EU zástrčky</li><li>Funkcie: <ul><li>Varenie na pare</li><li>Miešať</li><li>Rozdrviť</li><li>Rozmrazovanie</li></ul></li><li>Farba: Gaštanová",Pop Pulse Emporium,https://cdnbigbuy.com/images/3384349161040_S71000919_P00.jpg,https://cdnbigbuy.com/images/3384349161040_S71000919_P10.jpg,https://cdnbigbuy.com/images/3384349161040_S71000919_P20.jpg,https://cdnbigbuy.com/images/3384349161040_S71000919_P30.jpg,156.75,25,NEW,20.07,27.18,25.15,2.26,13719.39,EUR,2,8,3
S7150745,3384349124717,sk-SK,Gardening & DIY,Kuchynský robot Béaba 912471 800 ml,"Ak hľadáte vhodné elektrospotrebiče za špičkové ceny, kúpte si domov <b> Kuchynský robot Béaba 912471 800 ml</b> a ďalšie kúsky z širokého výberu kval","Ak hľadáte vhodné elektrospotrebiče za špičkové ceny, kúpte si domov <b> Kuchynský robot Béaba 912471 800 ml</b> a ďalšie kúsky z širokého výberu kvalitných malých domácich elektrospotrebičov!<br><br><ul><li>Farba: <ul><li>Modrá</li><li>Biela</li></ul></li><li>Zásuvný produkt: áno</li><li>Druh zástrčky: EU zástrčky</li><li>Kapacita: 800 ml</li><li>Vlastnosti: Vhodné do umývačky</li><li>Odporúčaný vek: + 6 mesiacov</li><li>Pohlavie: Unisex</li><li>Hmotnosť: 1,67 Kg</li></ul>",Pop Pulse Emporium,https://cdnbigbuy.com/images/3384349124717_S7150745_P02.jpg,https://cdnbigbuy.com/images/3384349124717_S7150745_P12.jpg,,,139.43,20,NEW,27.6,26.8,15.8,2.02,11686.94,EUR,2,8,3
S7198615,4007922053530,sk-SK,Gardening & DIY,Mikroskop Bresser Junior,Tillbaka till kontoret utan att ha glömt en enda pryl! Köp <b>Mikroskop Bresser Junior</b> och låt dina kollegor avundas dig!<br><br><ul><li>Farba: Če,"Tillbaka till kontoret utan att ha glömt en enda pryl! Köp <b>Mikroskop Bresser Junior</b> och låt dina kollegor avundas dig!<br><br><ul><li>Farba: Červená</li><li>Materiál: <ul><li>Prírodná guma</li><li>Kartón</li></ul></li><li>Napätie: 240 V</li><li>Napájací Zdroj: Batérie</li><li>Technológia: LED</li><li>Počet batérií: 3</li><li>Typ batérie: AA</li><li>Funguje na batérie: AA x 3, priložené</li><li>Hmotnosť: 1,4 Kg</li><li>Vstavaný displej: Č.</li></ul>",Pop Pulse Emporium,https://cdnbigbuy.com/images/4007922053530_R00.jpg,https://cdnbigbuy.com/images/4007922053530_R30.jpg,https://cdnbigbuy.com/images/4007922053530_R20.jpg,,153.76,4,NEW,18.0,34.0,16.0,1.47,9792.0,EUR,2,8,3
S8425008,4009729028582,sk-SK,Gardening & DIY,Spinky Novus NE 6 Electric 5000 Kusy (20 kusov),Tillbaka till kontoret utan att ha glömt en enda pryl! Köp <b>Spinky Novus NE 6 Electric 5000 Kusy (20 kusov)</b> och låt dina kollegor avundas dig!<b,Tillbaka till kontoret utan att ha glömt en enda pryl! Köp <b>Spinky Novus NE 6 Electric 5000 Kusy (20 kusov)</b> och låt dina kollegor avundas dig!<br><br><ul><li>Počet kusov: 5000 Kusy</li><li>Typ: Spinky</li><li>Farba: Striebristý</li><li>Kusov: 20 kusov</li><li>Kapacita: 20 Listy</li><li>Približné rozmery: 6 mm</li></ul>,Pop Pulse Emporium,https://cdnbigbuy.com/images/4009729028582_S8425008_P0_icon2.jpg,https://cdnbigbuy.com/images/4009729028582_S8425008_P02.jpg,,,121.29,2,NEW,14.09,6.94,13.03,0.22,1274.13,EUR,2,8,3
S91116364,4033653032261,sk-SK,Gardening & DIY,Elektrický klavír Behringer 27000791,"Ak hľadáte nové trendy na trhu, predstavujeme <b>Elektrický klavír Behringer 27000791</b>!<br><br><ul><li>Farba: <ul><li>Žltá</li><li>Zlatá</li></ul><","Ak hľadáte nové trendy na trhu, predstavujeme <b>Elektrický klavír Behringer 27000791</b>!<br><br><ul><li>Farba: <ul><li>Žltá</li><li>Zlatá</li></ul></li><li>Napájací Zdroj: <ul><li>CC</li><li>DC</li></ul></li><li>USB: 1</li><li>Napätie: 9 V</li><li>Vstupy a výstupy: <ul><li>MIDI vstup</li><li>Výstup MIDI</li></ul></li><li>Šírka: 30,5 cm</li><li>Pripojenie: USB x 1</li><li>Dĺžka: 16,5 cm</li></ul>",Pop Pulse Emporium,https://cdnbigbuy.com/images/4033653032261_S91116364_P00.jpg,https://cdnbigbuy.com/images/4033653032261_S91116364_P10.jpg,https://cdnbigbuy.com/images/4033653032261_S91116364_P20.jpg,https://cdnbigbuy.com/images/4033653032261_S91116364_P30.jpg,153.79,2,NEW,9.4,22.2,43.1,1.2,8994.11,EUR,2,8,3
S3036288,8424001985517,sk-SK,Gardening & DIY,Vianočný stromček DKD Home Decor zelená Kov Polyetylén 80 x 80 x 183 cm 1 x 1 x 180 cm,"<p>Ak chcete vášmu domovu dodať kúsok originality, môžete tak urobiť s <b>Vianočný stromček DKD Home Decor zelená Kov Polyetylén 80 x 80 x 183 cm 1 x ","<p>Ak chcete vášmu domovu dodať kúsok originality, môžete tak urobiť s <b>Vianočný stromček DKD Home Decor zelená Kov Polyetylén 80 x 80 x 183 cm 1 x 1 x 180 cm</b>.</p><br><br><ul><li>Farba: zelená</li><li>Materiál: <ul><li>Kov</li><li>Polyetylén</li></ul></li><li>Vlastnosti: LED Svetlý</li><li>Vysoký: 180 cm</li><li>Približné rozmery: <ul><li>80 x 80 x 183 cm</li><li>1 x 1 x 180 cm</li></ul></li><li>Typ: <ul><li>Vianoce</li><li>Vianočný stromček</li></ul></li><li>Hmotnosť: 15 kg</li></ul>",Pop Pulse Emporium,https://cdnbigbuy.com/images/8424001985517_S3036288_P53.jpg,https://cdnbigbuy.com/images/8424001985517_S3036288_P43.jpg,https://cdnbigbuy.com/images/8424001985517_S3036288_P33.jpg,https://cdnbigbuy.com/images/8424001985517_S3036288_P23.jpg,102.12,2,NEW,43.06,71.2,33.54,2.51,102829.35,EUR,2,8,3
S3727466,8033280414269,sk-SK,Gardening & DIY,Závodné členkové topánky Sparco SLALOM Červená/Čierna Veľkosť 44,"Ak rozmýšľate nad obnovením vášho šatníka, nakúpte <b>Závodné členkové topánky Sparco SLALOM Červená/Čierna Veľkosť 44</b> ďalšie <b>produkty Sparco</","Ak rozmýšľate nad obnovením vášho šatníka, nakúpte <b>Závodné členkové topánky Sparco SLALOM Červená/Čierna Veľkosť 44</b> ďalšie <b>produkty Sparco</b>! Najlepšia kvalita za najlepšiu cenu je už na dosah!<br><br><ul><li>Farba: <ul><li>Čierna</li><li>Červená</li></ul></li><li>Veľkosť: 44</li><li>Vlastnosti: Odolný voči opotrebeniu sa</li></ul>",Pop Pulse Emporium,https://cdnbigbuy.com/images/8033280414269_S3727466_P01.jpg,https://cdnbigbuy.com/images/27183_mandatory-motor1.jpg,,,154.38,1,NEW,25.0,10.0,25.0,10.0,6250.0,EUR,2,8,3
S7144499,3222870505707,sk-SK,Gardening & DIY,Hojdačka Trigano J-JOU057,"Pre naše deti chceme len to najlepšie, a preto by sme Vám chceli predstaviť <b>Hojdačka Trigano J-JOU057</b>, perfektný pre všetkých, ktorí hľadajú kv","Pre naše deti chceme len to najlepšie, a preto by sme Vám chceli predstaviť <b>Hojdačka Trigano J-JOU057</b>, perfektný pre všetkých, ktorí hľadajú kvalitatívne vysokohodnotný produkt pre najmenších. Nakúpte <b>Trigano</b> za tie najlepšie ceny!<br><br><ul><li>Typ: Detské</li><li>Vlastnosti: Individuálny</li><li>Odporúčaný vek: + 3 rokov</li><li>Počet hráčov: 1 hráči</li><li>Vhodné pre: Exteriér</li><li>Počet stĺpov: 6</li><li>Jazyk: Viacjazyčný</li><li>Pohlavie: Unisex</li><li>Certifikát: CE</l",Pop Pulse Emporium,https://cdnbigbuy.com/images/3222870505707_S7144499_P0_WBG3.jpg,https://cdnbigbuy.com/images/3222870505707_S7144499_P13.jpg,https://cdnbigbuy.com/images/3222870505707_S7144499_P1_WBG3.jpg,,103.06,10,NEW,31.6,40.0,19.0,1.66,24016.0,EUR,2,8,3
S9912455,5400520065612,sk-SK,Gardening & DIY,"Stredný kufor American Tourister 133190-2645 Sivá 67,5 x 42 x 27,5 cm",Udržujte sa vo forme a objavte posledné novinky zo sveta športu s tými najväčšími zárukami! Nakúpte <b>Stredný kufor American Tourister 133190-2645 Si,"Udržujte sa vo forme a objavte posledné novinky zo sveta športu s tými najväčšími zárukami! Nakúpte <b>Stredný kufor American Tourister 133190-2645 Sivá 67,5 x 42 x 27,5 cm</b> za najlepšiu cenu a užívajte si zdravý život!<br><br><ul><li>Typ: Vozík</li><li>Farba: Sivá</li><li>Materiál: 100 % polyester</li><li>Vlastnosti: 2 Vrecká</li><li>Kolesá: Kolesá x 4</li><li>Približné rozmery: 67,5 x 42 x 27,5 cm</li><li>Pohlavie: Unisex</li></ul>",Pop Pulse Emporium,https://cdnbigbuy.com/images/5400520065612_S9912455_P00.jpg,,,,120.24,2,NEW,26.0,38.44,46.38,4.21,46354.03,EUR,2,8,3
S8434072,4899888758587,sk-SK,Gardening & DIY,"DVD-R Verbatim 4,7 GB 16x (4 kusov)","Ak sú <b>počítače a elektronika</b> vašou vášňou a máte radi aktualizácie z oblasti technológie, a neuniknú vám ani najmenšie detajly, zakúpte <b>DVD-","Ak sú <b>počítače a elektronika</b> vašou vášňou a máte radi aktualizácie z oblasti technológie, a neuniknú vám ani najmenšie detajly, zakúpte <b>DVD-R Verbatim 4,7 GB 16x (4 kusov)</b> za neporaziteľnú cenu.<br><br><ul><li>Typ: DVD-R</li><li>Počet kusov: 50 Kusy</li><li>Interná pamäť: 4,7 GB</li><li>Rýchlosť: 16x</li><li>Kusov: 4 kusov</li></ul>",Pop Pulse Emporium,https://cdnbigbuy.com/images/S8434072_P0_icon1.jpg,https://cdnbigbuy.com/images/S8434072_P01.jpg,,,167.81,2,NEW,12.62,14.3,9.09,0.65,1640.44,EUR,2,8,3
S0391918,0196237483430,sk-SK,Gardening & DIY,Taška do ruky Michael Kors 35H3STVT6B-PEARL-GREY,"Ak hľadáte nové trendy na trhu, predstavujeme <b>Taška do ruky Michael Kors 35H3STVT6B-PEARL-GREY</b>!<br><br><ul><li>Typ: Taška</li><li>Pohlavie: Dám","Ak hľadáte nové trendy na trhu, predstavujeme <b>Taška do ruky Michael Kors 35H3STVT6B-PEARL-GREY</b>!<br><br><ul><li>Typ: Taška</li><li>Pohlavie: Dáma</li><li>Farba: Sivá</li><li>Materiál: <ul><li>Plátno</li><li>Syntetická koža</li></ul></li><li>Typ zapínania: Zips</li><li>Obsahuje: Zahŕňa puzdro alebo obal značky</li><li>Približné rozmery: 36,8 x 26 x 17,1 cm</li></ul>",Pop Pulse Emporium,https://cdnbigbuy.com/images/0196237483430_S0391918_P00.jpg,https://cdnbigbuy.com/images/0196237483430_S0391918_P10.jpg,https://cdnbigbuy.com/images/0196237483430_S0391918_P20.jpg,,174.71,5,NEW,10.0,10.0,10.0,0.3,1000.0,EUR,2,8,3
S0387833,0197853084117,sk-SK,Gardening & DIY,"Taška na plece Michael Kors 35F4STVC1L-NAVY Modrá 21 x 14 x 4,5 cm","Ak hľadáte nové trendy na trhu, predstavujeme <b>Taška na plece Michael Kors 35F4STVC1L-NAVY Modrá 21 x 14 x 4,5 cm</b>!<br><br><ul><li>Pohlavie: Dáma","Ak hľadáte nové trendy na trhu, predstavujeme <b>Taška na plece Michael Kors 35F4STVC1L-NAVY Modrá 21 x 14 x 4,5 cm</b>!<br><br><ul><li>Pohlavie: Dáma</li><li>Typ: Taška na plece</li><li>Farba: Modrá</li><li>Zloženie: Koža</li><li>Typ zapínania: Magnetic</li><li>Obsahuje: Zahŕňa puzdro alebo obal značky</li><li>Približné rozmery: 21 x 14 x 4,5 cm</li></ul>",Pop Pulse Emporium,https://cdnbigbuy.com/images/0197853084117_S0387833_P00.jpg,https://cdnbigbuy.com/images/0197853084117_S0387833_P10.jpg,https://cdnbigbuy.com/images/0197853084117_S0387833_P20.jpg,,141.12,4,NEW,10.0,10.0,10.0,0.3,1000.0,EUR,2,8,3
M0515312,5099206088290,sk-SK,Gardening & DIY,Púzdro na tablet a klávesnicu Logitech 920-009478 Sivá Grafitová Španielska Qwerty QWERTY,Tillbaka till kontoret utan att ha glömt en enda pryl! Köp <b>Púzdro na tablet a klávesnicu Logitech 920-009478 Sivá Grafitová Španielska Qwerty QWERT,Tillbaka till kontoret utan att ha glömt en enda pryl! Köp <b>Púzdro na tablet a klávesnicu Logitech 920-009478 Sivá Grafitová Španielska Qwerty QWERTY</b> och låt dina kollegor avundas dig!<br><br><ul><li>Typ: <ul><li>Klávesnica</li><li>Bezdrôtový</li><li>Púzdro</li><li>Púzdro na tablet</li></ul></li><li>Klávesnica: <ul><li>QWERTY</li><li>Španielska Qwerty</li></ul></li><li>Kompatibilné: <ul><li>iPad 7</li><li>iPad (7th gen)</li></ul></li><li>Batérie: <ul><li>Litio Ion</li><li>220 mAh</li></ul>,Pop Pulse Emporium,https://cdnbigbuy.com/images/5099206088290_M0515312_P00.jpg,https://cdnbigbuy.com/images/374528000.jpg,https://cdnbigbuy.com/images/374527990.jpg,,119.7,10,NEW,26.5,19.5,3.0,0.76,1550.25,EUR,2,8,3
S91110944,0716408562810,sk-SK,Gardening & DIY,Nastaviteľný držiak Shure 111-26-001,"Ak sú <b>počítače a elektronika</b> vašou vášňou a máte radi aktualizácie z oblasti technológie, a neuniknú vám ani najmenšie detajly, zakúpte <b>Nast","Ak sú <b>počítače a elektronika</b> vašou vášňou a máte radi aktualizácie z oblasti technológie, a neuniknú vám ani najmenšie detajly, zakúpte <b>Nastaviteľný držiak Shure 111-26-001</b> za neporaziteľnú cenu.<br><br><ul><li>Farba: Čierna</li></ul>",Pop Pulse Emporium,https://cdnbigbuy.com/images/0716408562810_I00.jpg,https://cdnbigbuy.com/images/0716408562810_I10.jpg,,,141.85,10,NEW,21.5,23.0,17.87,2.61,8836.72,EUR,2,8,3
S3618348,4899888545071,sk-SK,Gardening & DIY,Odmerková lyžica 3 v 1 Sivá zelená (473 ml),"Ak hľadáte nové trendy na trhu, predstavujeme <b>Odmerková lyžica Mascow W818303 zelená Sivá 473 ml 3 v 1 (24 kusov)</b>!<br><br><ul><li>Vlastnosti: <","Ak hľadáte nové trendy na trhu, predstavujeme <b>Odmerková lyžica Mascow W818303 zelená Sivá 473 ml 3 v 1 (24 kusov)</b>!<br><br><ul><li>Vlastnosti: <ul><li>Skladací / kompaktný</li><li>Kliešte</li><li>3 v 1</li></ul></li><li>Pet: Mačka</li><li>Typ: Odmerková lyžica</li><li>Farba: <ul><li>zelená</li><li>Sivá</li></ul></li><li>Materiál: <ul><li>Polypropylén</li><li>TPE</li></ul></li><li>Kusov: 24 kusov</li><li>Kapacita: 473 ml</li></ul>",Pop Pulse Emporium,https://cdnbigbuy.com/images/S3618348_28430852815983_P1_icon1.jpg,https://cdnbigbuy.com/images/S3618348_28430852815983_P11.jpg,,,103.21,2,NEW,38.5,29.0,31.0,3.35,34611.5,EUR,2,8,3
S71004597,3760119731741,sk-SK,Gardening & DIY,Stojaca lampa Lumisky H150 Biela,"<p>Ak chcete vášmu domovu dodať kúsok originality, môžete tak urobiť s <b>Stojaca lampa Lumisky H150 Biela</b>.</p><br><br><ul><li>Typ: Stojaca lampa<","<p>Ak chcete vášmu domovu dodať kúsok originality, môžete tak urobiť s <b>Stojaca lampa Lumisky H150 Biela</b>.</p><br><br><ul><li>Typ: Stojaca lampa</li><li>Zásuvný produkt: áno</li><li>Druh zástrčky: EU zástrčky</li><li>Farba: Biela</li><li>Materiál: Polyetylén</li><li>Pätica: E27</li><li>IP klasifikácia: IP44</li></ul>",Pop Pulse Emporium,https://cdnbigbuy.com/images/3760119731741_S71004597_P00.jpg,https://cdnbigbuy.com/images/3760119731741_S71004597_P30.jpg,https://cdnbigbuy.com/images/3760119731741_S71004597_P40.jpg,https://cdnbigbuy.com/images/3760119731741_S71004597_P50.jpg,153.13,2,NEW,53.0,45.0,28.0,4.25,66780.0,EUR,2,8,3
S8439839,8421938470239,sk-SK,Gardening & DIY,Krúžkové zakladače DOHE Ružová A4 (12 kusov),"Ak hľadáte nové trendy na trhu, predstavujeme <b>Krúžkové zakladače DOHE Ružová A4 (12 kusov)</b>!<br><br><ul><li>Typ: Krúžkové zakladače</li><li>Farb","Ak hľadáte nové trendy na trhu, predstavujeme <b>Krúžkové zakladače DOHE Ružová A4 (12 kusov)</b>!<br><br><ul><li>Typ: Krúžkové zakladače</li><li>Farba: Ružová</li><li>Kruhy: 4 Kruhy (35 mm)</li><li>Obsahuje: Oddeľovače</li><li>Gramáž: 90 g/m²</li><li>Typ zapínania: Guma</li><li>Listy: 100 Listy</li><li>Kusov: 12 kusov</li><li>Materiál: Polyfoam</li><li>Veľkosť: A4</li><li>Štvorcový: 5 mm</li></ul>",Pop Pulse Emporium,https://cdnbigbuy.com/images/8421938470239_s8439839_p0_icon0.jpg,https://cdnbigbuy.com/images/8421938470239_S8439839_P00.jpg,,,178.41,2,NEW,5.89,26.65,31.69,0.5,4974.33,EUR,2,8,3
S0392221,4894626177477,sk-SK,Gardening & DIY,Pánske hodinky Just Cavalli JC1G214L0045 (Ø 44 mm),"Ak hľadáte nové trendy na trhu, predstavujeme <b>Pánske hodinky Just Cavalli JC1G214L0045 (Ø 44 mm)</b>!<br><br><ul><li>Pohlavie: Muž</li><li>Extra čl","Ak hľadáte nové trendy na trhu, predstavujeme <b>Pánske hodinky Just Cavalli JC1G214L0045 (Ø 44 mm)</b>!<br><br><ul><li>Pohlavie: Muž</li><li>Extra články reťaze: Č.</li><li>Druh hodiniek: Náramkové hodinky</li><li>Obsahuje: Zahŕňa puzdro alebo obal značky</li><li>Vodeodolnosť: 10 atm</li><li>Funkcie: Stopky</li><li>Vlastnosti: Multifunkčný</li><li>Materiál puzdra hodiniek: Nerezová oceľ</li><li>Typ pohybu: Kremeň</li><li>Sklo: Minerál</li><li>Typ zapínania: Pracka</li><li>Farba cilindra: Modrá<",Pop Pulse Emporium,https://cdnbigbuy.com/images/4894626177477_S7234327_P00.jpg,https://cdnbigbuy.com/images/4894626177477_R20.jpg,https://cdnbigbuy.com/images/4894626177477_S0392221_P00.jpg,https://cdnbigbuy.com/images/4894626177477_S7234327_P10.jpg,107.43,5,NEW,32.0,19.0,10.0,0.4,6080.0,EUR,2,8,3
S3031422,8424001951888,sk-SK,Gardening & DIY,"Stropné svetlo DKD Home Decor Zlatá Biela 220 V 50 W (29,5 x 22 x 44,5 cm) (2 kusov)","<p>Ak chcete vášmu domovu dodať kúsok originality, môžete tak urobiť s <b>Stropné svetlo DKD Home Decor Zlatá Biela 220 V 50 W (29,5 x 22 x 44,5 cm) (","<p>Ak chcete vášmu domovu dodať kúsok originality, môžete tak urobiť s <b>Stropné svetlo DKD Home Decor Zlatá Biela 220 V 50 W (29,5 x 22 x 44,5 cm) (2 kusov)</b>.</p><br><br><ul><li>Farba: <ul><li>Biela</li><li>Zlatá</li></ul></li><li>Materiál: <ul><li>Kov</li><li>Živica</li></ul></li><li>Príkon: <ul><li>220 V</li><li>50 W</li></ul></li><li>Pätica: E27</li><li>Kusov: 2 kusov</li><li>Približné rozmery: 29,5 x 22 x 44,5 cm</li><li>Dôležité informácie: Z viac designov vyberáme náhodne podľa sklado",Pop Pulse Emporium,https://cdnbigbuy.com/images/8424001951888_S3031422_P43.jpg,https://cdnbigbuy.com/images/8424001951888_S3031422_P03.jpg,https://cdnbigbuy.com/images/8424001951888_S3031422_P13.jpg,https://cdnbigbuy.com/images/8424001951888_S3031422_P23.jpg,130.17,25,NEW,22.0,29.5,44.5,4.4,28880.5,EUR,2,8,3
S8409752,0886111334957,sk-SK,Gardening & DIY,Originálny toner HP CF210A Čierna,Tillbaka till kontoret utan att ha glömt en enda pryl! Köp <b>Originálny toner HP CF210A Čierna</b> och låt dina kollegor avundas dig!<br><br><ul><li>,Tillbaka till kontoret utan att ha glömt en enda pryl! Köp <b>Originálny toner HP CF210A Čierna</b> och låt dina kollegor avundas dig!<br><br><ul><li>Farba: Čierna</li><li>Kompatibilné: <ul><li>LASERJET PRO 200 COLOR MFP M276N</li><li>LASERJET PRO 200 COLOR PRINTER M251N</li><li>LASERJET PRO 200 COLOR PRINTER M251NW</li><li>LASERJET PRO 200 M276NW</li></ul></li></ul>,Pop Pulse Emporium,https://cdnbigbuy.com/images/0886111334957_A22.jpg,,,,115.66,1,NEW,10.41,11.18,27.94,0.72,3251.76,EUR,2,8,3
S72111718,8050506115625,sk-SK,Gardening & DIY,Pánsky náramok Talent Jewels TJA-3-19-01-2-215 Čierna,"Predstavuje sa vám <b>Pánsky náramok Talent Jewels TJA-3-19-01-2-215 Čierna</b> a široký výber prstienkov, náramkov, náhrdelníkov, náušníc za skvelú c","Predstavuje sa vám <b>Pánsky náramok Talent Jewels TJA-3-19-01-2-215 Čierna</b> a široký výber prstienkov, náramkov, náhrdelníkov, náušníc za skvelú cenu. Získajte podrobné informácie o exkluzívnych elegantných šperkoch a bižutérii v rôznych štýloch, z ktorých si vyberie každý.<br><br><ul><li>Typ: Náramok</li><li>Pohlavie: Muž</li><li>Farba: Čierna</li></ul>",Pop Pulse Emporium,https://cdnbigbuy.com/images/8050506115625_S72111718_P00.jpg,,,,123.12,25,NEW,10.0,10.0,10.0,0.3,1000.0,EUR,2,8,3
S55069754,7291063043674,sk-SK,Gardening & DIY,"HDMI Kábel Kramer Electronics 97-01213050 Čierna 15,2 m","Ak sú <b>počítače a elektronika</b> vašou vášňou a máte radi aktualizácie z oblasti technológie, a neuniknú vám ani najmenšie detajly, zakúpte <b>HDMI","Ak sú <b>počítače a elektronika</b> vašou vášňou a máte radi aktualizácie z oblasti technológie, a neuniknú vám ani najmenšie detajly, zakúpte <b>HDMI Kábel Kramer Electronics 97-01213050 Čierna 15,2 m</b> za neporaziteľnú cenu.<br><br><ul><li>Zásuvný produkt: áno</li><li>Druh zástrčky: EU zástrčky</li><li>Typ: <ul><li>Koncovka Samec</li><li>Koncovka Samec/Koncovka Samec</li></ul></li><li>Farba: Čierna</li><li>Pripojenie: HDMI</li><li>Frekvencia: 60 Hz</li><li>Rozhodnutie (px): 1080 px</li><li>M",Pop Pulse Emporium,https://cdnbigbuy.com/images/196642860.jpg,,,,131.18,5,NEW,22.0,20.0,8.0,1.18,3520.0,EUR,2,8,3
S9195633,5903940705675,sk-SK,Gardening & DIY,Chodítko na kolieskach Reha Fund RF 622,"Ak vám záleží na zdraviu a hľadáte produkty, ktoré ponúkajú <b>ochranu a pohodu</b>, nakupujte <b>Chodítko na kolieskach Reha Fund RF 622</b> a iné <b","Ak vám záleží na zdraviu a hľadáte produkty, ktoré ponúkajú <b>ochranu a pohodu</b>, nakupujte <b>Chodítko na kolieskach Reha Fund RF 622</b> a iné <b>produkty Reha Fund</b> za najlepšie ceny.<br><br><ul><li>Farba: <ul><li>Čierna</li><li>Sivá</li></ul></li><li>Materiál: Aluminium</li><li>Približná hmotnosť: 5 kg</li><li>Skladateľný: áno</li></ul>",Pop Pulse Emporium,https://cdnbigbuy.com/images/5903940705675_S9195633_P00.jpg,,,,139.79,2,NEW,77.0,38.5,15.0,5.93,44467.5,EUR,2,8,3
S0389943,0197853431997,sk-SK,Gardening & DIY,Taška do ruky Michael Kors 35S5STVW3I-OPTIC-WHITE,"Ak hľadáte nové trendy na trhu, predstavujeme <b>Taška do ruky Michael Kors 35S5STVW3I-OPTIC-WHITE</b>!<br><br><ul><li>Typ: Taška</li><li>Pohlavie: Dá","Ak hľadáte nové trendy na trhu, predstavujeme <b>Taška do ruky Michael Kors 35S5STVW3I-OPTIC-WHITE</b>!<br><br><ul><li>Typ: Taška</li><li>Pohlavie: Dáma</li><li>Farba: Biela</li><li>Zloženie: Koža</li><li>Typ zapínania: Zips</li><li>Obsahuje: Zahŕňa puzdro alebo obal značky</li><li>Približné rozmery: 25 x 14 x 1 cm</li></ul>",Pop Pulse Emporium,https://cdnbigbuy.com/images/0197853431997_S0389943_P00.jpg,https://cdnbigbuy.com/images/0197853431997_S0389943_P10.jpg,https://cdnbigbuy.com/images/0197853431997_S0389943_P20.jpg,,105.57,5,NEW,10.0,10.0,10.0,0.3,1000.0,EUR,2,8,3
S3714104,8024055166230,sk-SK,Gardening & DIY,Pneumatika na auto MOMO HYPERSTAR EVO ET35,Vybavte svoje vozidlo najnovšími výrobkami! Kúpte si <b>Pneumatika na auto MOMO HYPERSTAR EVO ET35</b> a nenechajte si ujsť žiadne detaily!<br><br><ul,"Vybavte svoje vozidlo najnovšími výrobkami! Kúpte si <b>Pneumatika na auto MOMO HYPERSTAR EVO ET35</b> a nenechajte si ujsť žiadne detaily!<br><br><ul><li>Hĺbka pneumatiky (ET): ET35</li><li>Kotva na pneumatiku (PCD): PCD 5x100</li><li>Veľkosť priechodky (CB): CB 72,3</li><li>Približný priemer: 15""</li><li>Šírka: 6,5 x 15""</li><li>Farba: Matná čierna</li><li>Materiál: Aluminium</li><li>Hmotnosť: 8 kg</li><li>Konečná: Aluminium</li></ul>",Pop Pulse Emporium,https://cdnbigbuy.com/images/8024055166230_S3714104_P01.jpg,,,,150.63,1,NEW,55.0,55.0,35.0,12.0,105875.0,EUR,2,8,3
S91119487,0198154671105,sk-SK,Gardening & DIY,"Tablet Lenovo ZAEH0049SE 10,1"" MediaTek Helio G85 4 GB RAM 128 GB Sivá","Ak sú <b>počítače a elektronika</b> vašou vášňou a máte radi aktualizácie z oblasti technológie, a neuniknú vám ani najmenšie detajly, zakúpte <b>Tabl","Ak sú <b>počítače a elektronika</b> vašou vášňou a máte radi aktualizácie z oblasti technológie, a neuniknú vám ani najmenšie detajly, zakúpte <b>Tablet Lenovo ZAEH0049SE 10,1"" MediaTek Helio G85 4 GB RAM 128 GB Sivá</b> za neporaziteľnú cenu.<br><br><ul><li>Typ: Tablet</li><li>Druh zástrčky: EU zástrčky</li><li>Zásuvný produkt: áno</li><li>Uhlopriečka obrazovky (cm): 25,7 cm</li><li>Farba: Sivá</li><li>Vlastnosti: <ul><li>Predná kamera</li><li>Automatické zaostrenie</li><li>Batéria v balení</li",Pop Pulse Emporium,https://cdnbigbuy.com/images/0198154671105_S9916987_P00.jpg,,,,177.21,25,NEW,17.5,6.5,25.5,0.89,2900.62,EUR,2,8,3
S37113891,8435682605984,sk-SK,Gardening & DIY,"Súprava skrutiek OMP OMPS09981408 28 mm zelená M14 x 1,50","Vybavte svoje vozidlo najnovšími výrobkami! Kúpte si <b>Súprava skrutiek OMP OMPS09981408 28 mm zelená M14 x 1,50</b> a nenechajte si ujsť žiadne deta","Vybavte svoje vozidlo najnovšími výrobkami! Kúpte si <b>Súprava skrutiek OMP OMPS09981408 28 mm zelená M14 x 1,50</b> a nenechajte si ujsť žiadne detaily!<br><br><ul><li>Farba: zelená</li><li>Skrutka: M14 x 1,50</li><li>Dĺžka: 28 mm</li><li>Typ: DIN 12.9</li><li>Kusov: 20 kusov</li><li>Materiál: Aluminium</li></ul>",Pop Pulse Emporium,https://cdnbigbuy.com/images/8435682605984_S37113891_P00.jpg,,,,141.6,2,NEW,5.0,5.0,5.0,1.0,125.0,EUR,2,8,3
S0464335,6970100377552,sk-SK,Gardening & DIY,Chytré hodinky Amazfit W2433EU1N Čierna Striebristý,"Ak sú <b>počítače a elektronika</b> vašou vášňou a máte radi aktualizácie z oblasti technológie, a neuniknú vám ani najmenšie detajly, zakúpte <b>Chyt","Ak sú <b>počítače a elektronika</b> vašou vášňou a máte radi aktualizácie z oblasti technológie, a neuniknú vám ani najmenšie detajly, zakúpte <b>Chytré hodinky Amazfit W2433EU1N Čierna Striebristý</b> za neporaziteľnú cenu.<br><br><ul><li>Druh hodiniek: Chytré hodinky</li><li>Zásuvný produkt: áno</li><li>Farba: <ul><li>Čierna</li><li>Striebristý</li></ul></li><li>Vlastnosti: <ul><li>Vodeodolný</li><li>Akcelerometer</li><li>Dotyková obrazovka</li><li>Snímač okolitého svetla</li><li>Gyroskop</li>",Pop Pulse Emporium,https://cdnbigbuy.com/images/6970100377552_S0464335_P00.jpg,,,,165.61,25,NEW,11.49,10.93,10.1,0.19,1268.42,EUR,2,8,3
S37115197,8027280359149,sk-SK,Gardening & DIY,Závodné sedadlo OMP 33 kart 33 cm,Vybavte svoje vozidlo najnovšími výrobkami! Kúpte si <b>Závodné sedadlo OMP 33 kart 33 cm</b> a nenechajte si ujsť žiadne detaily!<br><br><ul><li>Vhod,Vybavte svoje vozidlo najnovšími výrobkami! Kúpte si <b>Závodné sedadlo OMP 33 kart 33 cm</b> a nenechajte si ujsť žiadne detaily!<br><br><ul><li>Vhodné pre: Plochý spodok</li><li>Typ: Závodné sedadlo</li><li>Odporúčané použitie: kart</li><li>Šport: Racing</li><li>Farba: Biela</li><li>Šírka: 33 cm</li><li>Materiál: Laminát</li><li>Veľkosť: 33</li><li>Hmotnosť: 1 kg</li></ul>,Pop Pulse Emporium,https://cdnbigbuy.com/images/8027280359149_S37115197_P00.jpg,,,,125.92,2,NEW,33.0,33.0,33.0,1.5,35937.0,EUR,2,8,3
S77212397,0195949751042,sk-SK,Gardening & DIY,VGA kábel Apple MYH83Z/A,"Ak hľadáte nové trendy na trhu, predstavujeme <b>VGA kábel Apple MYH83Z/A</b>!","Ak hľadáte nové trendy na trhu, predstavujeme <b>VGA kábel Apple MYH83Z/A</b>!",Pop Pulse Emporium,https://cdnbigbuy.com/images/0195949751042_S77212397_P00.jpg,,,,106.62,24,NEW,14.0,13.0,7.5,0.28,1365.0,EUR,2,8,3
S7192578,0074451130692,sk-SK,Gardening & DIY,Hamak Bright Starts,"Pre naše deti chceme len to najlepšie, a preto by sme Vám chceli predstaviť <b>Hamak Bright Starts</b>, perfektný pre všetkých, ktorí hľadajú kvalitat","Pre naše deti chceme len to najlepšie, a preto by sme Vám chceli predstaviť <b>Hamak Bright Starts</b>, perfektný pre všetkých, ktorí hľadajú kvalitatívne vysokohodnotný produkt pre najmenších. Nakúpte <b>Bright Starts</b> a ďalšie značky a licencie za tie najlepšie ceny!<br><br><ul><li>Typ: Hamak</li><li>Farba: Viacfarebná</li><li>Materiál: Tvrdý plast</li><li>Zloženie: Polyester</li><li>Vlastnosti: Kompaktný</li><li>Odporúčaný vek: + 0 mesiacov</li></ul>",Pop Pulse Emporium,https://cdnbigbuy.com/images/0074451130692_S7192578_P00.jpg,https://cdnbigbuy.com/images/0074451130692_S7192578_P30.jpg,https://cdnbigbuy.com/images/0074451130692_S7192578_P40.jpg,https://cdnbigbuy.com/images/0074451130692_S7192578_P50.jpg,100.36,10,NEW,57.4,14.0,33.6,3.72,27000.96,EUR,2,8,3
S91110059,5902349391892,sk-SK,Gardening & DIY,Gitara Arrow L2050026,"Ak hľadáte nové trendy na trhu, predstavujeme <b>Gitara Arrow L2050026</b>!<br><br><ul><li>Farba: Prírodná</li></ul>","Ak hľadáte nové trendy na trhu, predstavujeme <b>Gitara Arrow L2050026</b>!<br><br><ul><li>Farba: Prírodná</li></ul>",Pop Pulse Emporium,https://cdnbigbuy.com/images/5902349391892_S91110059_P00.jpg,,,,102.96,1,NEW,13.0,49.0,95.0,1.94,60515.0,EUR,2,8,3
S2215742,8718226491756,sk-SK,Gardening & DIY,"Tabuľa Securit Maliarsky stojan Dve 85 x 54,5 x 44 cm","Tillbaka till kontoret utan att ha glömt en enda pryl! Köp <b>Tabuľa Securit Maliarsky stojan Dve 85 x 54,5 x 44 cm</b> och låt dina kollegor avundas ","Tillbaka till kontoret utan att ha glömt en enda pryl! Köp <b>Tabuľa Securit Maliarsky stojan Dve 85 x 54,5 x 44 cm</b> och låt dina kollegor avundas dig!<br><br><ul><li>Typ: Pohostinstvo</li><li>Vlastnosti: <ul><li>Maliarsky stojan</li><li>Dve</li></ul></li><li>Približné rozmery: 85 x 54,5 x 44 cm</li></ul>",Pop Pulse Emporium,https://cdnbigbuy.com/images/8718226491756_S2215742_P01.jpg,,,,100.85,50,NEW,85.0,54.5,5.0,5.45,23162.5,EUR,2,8,3
S0388421,7613272578622,sk-SK,Gardening & DIY,Dámske hodinky Tommy Hilfiger (Ø 34 mm),"Ak sledujete trendy v oblasti módy a doplnkov, nakupujte <b>Dámske hodinky Tommy Hilfiger (Ø 34 mm)</b> za najlepšie ceny.<br><br><ul><li>Pohlavie: Dá","Ak sledujete trendy v oblasti módy a doplnkov, nakupujte <b>Dámske hodinky Tommy Hilfiger (Ø 34 mm)</b> za najlepšie ceny.<br><br><ul><li>Pohlavie: Dáma</li><li>Extra články reťaze: Č.</li><li>Druh hodiniek: Náramkové hodinky</li><li>Materiál náramku: Nerezová oceľ</li><li>Farba remienka: Striebristý</li><li>Farba puzdra hodiniek: Striebristý</li><li>Farba cilindra: Striebristý</li><li>Obsahuje: Zahŕňa puzdro alebo obal značky</li><li>Typ pohybu: Kremeň</li><li>Materiál puzdra hodiniek: Nerezová",Pop Pulse Emporium,https://cdnbigbuy.com/images/7613272578622_S0388421_P00.jpg,https://cdnbigbuy.com/images/7613272578622_S0388421_P10.jpg,https://cdnbigbuy.com/images/84780_mandatory-watch0.jpg,,142.98,10,NEW,32.0,19.0,10.0,0.4,6080.0,EUR,2,8,3
S7204553,8033100876864,sk-SK,Gardening & DIY,Dámske hodinky Chronotech CT-7941LS_01,"Ak sledujete trendy v oblasti módy a doplnkov, nakupujte <b>Dámske hodinky Chronotech CT-7941LS_01</b> za najlepšie ceny.<br><br><ul><li>Pohlavie: Dám","Ak sledujete trendy v oblasti módy a doplnkov, nakupujte <b>Dámske hodinky Chronotech CT-7941LS_01</b> za najlepšie ceny.<br><br><ul><li>Pohlavie: Dáma</li><li>Extra články reťaze: Č.</li><li>Druh hodiniek: Náramkové hodinky</li><li>Materiál hodiniek: Nerezová oceľ</li><li>Farba remienka: Viacfarebná</li><li>Typ pohybu: Kremeň</li><li>Vlastnosti: Bez uzáveru</li><li>Odporúčané použitie: Unisex dospelý</li></ul>",Pop Pulse Emporium,https://cdnbigbuy.com/images/8033100876864_S7204553_P01.jpg,https://cdnbigbuy.com/images/4554_mandatory-watch1.jpg,,,141.73,1,NEW,20.0,20.0,20.0,0.4,8000.0,EUR,2,8,3
S7285063,3608701169650,sk-SK,Gardening & DIY,Pánske hodinky Nixon A1369-510,"Ak sledujete trendy v oblasti módy a doplnkov, nakupujte <b>Pánske hodinky Nixon A1369-510</b> za najlepšie ceny.<br><br><ul><li>Pohlavie: Muž</li><li","Ak sledujete trendy v oblasti módy a doplnkov, nakupujte <b>Pánske hodinky Nixon A1369-510</b> za najlepšie ceny.<br><br><ul><li>Pohlavie: Muž</li><li>Extra články reťaze: Č.</li><li>Druh hodiniek: Náramkové hodinky</li></ul>",Pop Pulse Emporium,https://cdnbigbuy.com/images/3608701169650_R00.jpg,https://cdnbigbuy.com/images/3608701169650_R10.jpg,https://cdnbigbuy.com/images/84120_mandatory-watch0.jpg,,199.26,2,NEW,32.0,19.0,10.0,0.4,6080.0,EUR,2,8,3
S0390463,8018225011710,sk-SK,Gardening & DIY,Pánske hodinky Citizen BM8476-23E,"Ak sledujete trendy v oblasti módy a doplnkov, nakupujte <b>Pánske hodinky Citizen BM8476-23E</b> za najlepšie ceny.<br><br><p><p>Hodinky Citizen BM84","Ak sledujete trendy v oblasti módy a doplnkov, nakupujte <b>Pánske hodinky Citizen BM8476-23E</b> za najlepšie ceny.<br><br><p><p>Hodinky Citizen BM8476-23E sú pánskym náramkovým modelom, ktorý spája pokročilú funkčnosť s klasickým a praktickým dizajnom. Tento model vyniká solárnym pohonom, ktorý využíva svetelnú energiu na prevádzku bez potreby častej výmeny batérie, čím zvyšuje udržateľnosť a pohodlie. Minerálne sklíčko účinne chráni ciferník pred poškriabaním a nárazmi, čím zachováva estetiku",Pop Pulse Emporium,https://cdnbigbuy.com/images/8018225011710_S7234215_P00.jpg,https://cdnbigbuy.com/images/86822_mandatory-watch0.jpg,https://cdnbigbuy.com/images/33379_mandatory-watch0.jpg,https://cdnbigbuy.com/images/8018225011710_S0390463_P00.jpg,176.55,5,NEW,32.0,19.0,10.0,0.4,6080.0,EUR,2,8,3
S0382093,8053672895964,sk-SK,Gardening & DIY,Pánske slnečné okuliare Burberry BE3099-11452L Zlatá Ø 61 mm,"Ak radi nosíte trendy <b>módne doplnky</b> a váš štýl sa bez nich nezaobíde, nenechajte si ujsť <b>Pánske slnečné okuliare Burberry BE3099-11452L Zlat","Ak radi nosíte trendy <b>módne doplnky</b> a váš štýl sa bez nich nezaobíde, nenechajte si ujsť <b>Pánske slnečné okuliare Burberry BE3099-11452L Zlatá Ø 61 mm</b>! Vyberte si tie najlepšie značkové <b>slnečné okuliare</b>.<br><br><ul><li>Typ: Pánske slnečné okuliare</li><li>Ochrana: 100% ochrana proti UV žiareniu (UV400)</li><li>Pohlavie: Muž</li><li>Materiál šošovky: Polykarbonát</li><li>Farba rámu: Zlatá</li><li>Materiál: Kov</li><li>Druh šošovky: Degradovaný</li><li>Farba šošovky: Gaštanová<",Pop Pulse Emporium,https://cdnbigbuy.com/images/8053672895964_S0382093_P00.jpg,https://cdnbigbuy.com/images/8053672895964_S0382093_P10.jpg,,,131.77,8,NEW,10.0,10.0,10.0,0.3,1000.0,EUR,2,8,3
S0378566,5060496418586,sk-SK,Gardening & DIY,Dámske hodinky Olivia Burton OB16FS99 (Ø 38 mm),"Ak sledujete trendy v oblasti módy a doplnkov, nakupujte <b>Dámske hodinky Olivia Burton OB16FS99 (Ø 38 mm)</b> za najlepšie ceny.<br><br><ul><li>Pohl","Ak sledujete trendy v oblasti módy a doplnkov, nakupujte <b>Dámske hodinky Olivia Burton OB16FS99 (Ø 38 mm)</b> za najlepšie ceny.<br><br><ul><li>Pohlavie: Dáma</li><li>Extra články reťaze: Č.</li><li>Druh hodiniek: Náramkové hodinky</li><li>Materiál náramku: Koža</li><li>Materiál puzdra hodiniek: Oceľ</li><li>Typ pohybu: Kremeň</li><li>Sklo: Minerál</li><li>Obsahuje: K produktu dostanete originálnu krabičku</li><li>Typ zapínania: Pracka</li><li>Farba cilindra: Sivá</li><li>Farba puzdra hodiniek",Pop Pulse Emporium,https://cdnbigbuy.com/images/5060496418586_S0378566_P01.jpg,https://cdnbigbuy.com/images/74925_mandatory-watch1.jpg,,,122.4,2,NEW,39.0,19.0,10.0,0.4,7410.0,EUR,2,8,3
S0383527,3700565222585,sk-SK,Gardening & DIY,Dámske slnečné okuliare Vuarnet VL200200041622 Ø 52 mm,"Ak radi nosíte trendy <b>módne doplnky</b> a váš štýl sa bez nich nezaobíde, nenechajte si ujsť <b>Dámske slnečné okuliare Vuarnet VL200200041622 Ø 52","Ak radi nosíte trendy <b>módne doplnky</b> a váš štýl sa bez nich nezaobíde, nenechajte si ujsť <b>Dámske slnečné okuliare Vuarnet VL200200041622 Ø 52 mm</b>! Vyberte si tie najlepšie značkové <b>slnečné okuliare</b>.<br><br><ul><li>Typ: Dámske slnečné okuliare</li><li>Pohlavie: Dáma</li><li>Ochrana: 100% ochrana proti UV žiareniu (UV400)</li><li>Materiál šošovky: Polykarbonát</li><li>Farba: Gaštanová</li><li>Materiál: Acetate</li><li>Farba šošovky: zelená</li><li>Obsahuje: K produktu dostanete ",Pop Pulse Emporium,https://cdnbigbuy.com/images/3700565222585_S0383527_P00.jpg,,,,109.3,50,NEW,10.0,10.0,10.0,0.3,1000.0,EUR,2,8,3
M0802605,6921815626299,sk-SK,Gardening & DIY,In - Ear Bluetooth slúchadlá OnePlus Buds 3 Modrá,"Ak sú <b>počítače a elektronika</b> vašou vášňou a máte radi aktualizácie z oblasti technológie, a neuniknú vám ani najmenšie detajly, zakúpte <b>In -","Ak sú <b>počítače a elektronika</b> vašou vášňou a máte radi aktualizácie z oblasti technológie, a neuniknú vám ani najmenšie detajly, zakúpte <b>In - Ear Bluetooth slúchadlá OnePlus Buds 3 Modrá</b> za neporaziteľnú cenu.<br><br><ul><li>Pripojenie: <ul><li>Bluetooth</li><li>USB-C</li><li>Bluetooth 5.3</li></ul></li><li>Farba: Modrá</li><li>Typ: <ul><li>In - Ear slúchadlá</li><li>Slúchadlá s mikrofónom</li><li>Slúchadlá do uší</li></ul></li><li>Približná výdrž: 44 hodín</li><li>Krajina / Región ",Pop Pulse Emporium,https://cdnbigbuy.com/images/6921815626299_M0802605_P00.jpg,https://cdnbigbuy.com/images/6921815626299_M0802605_P20.jpg,https://cdnbigbuy.com/images/6921815626299_M0802605_P10.jpg,,104.92,2,NEW,8.37,7.25,6.17,0.14,374.41,EUR,2,8,3
S7274863,8430622736926,sk-SK,Gardening & DIY,Pánske hodinky Festina F20445/6 Čierna Striebristý,"Ak sledujete trendy v oblasti módy a doplnkov, nakupujte <b>Pánske hodinky Festina F20445/6 Čierna Striebristý</b> za najlepšie ceny.<br><br><ul><li>P","Ak sledujete trendy v oblasti módy a doplnkov, nakupujte <b>Pánske hodinky Festina F20445/6 Čierna Striebristý</b> za najlepšie ceny.<br><br><ul><li>Pohlavie: Muž</li><li>Extra články reťaze: Č.</li><li>Druh hodiniek: Náramkové hodinky</li><li>Krajina / Región výroby: Čína</li><li>Farba: <ul><li>Čierna</li><li>Striebristý</li></ul></li><li>Rok: 2019</li><li>Materiál náramku: Nerezová oceľ</li><li>Materiál hodiniek: Nerezová oceľ</li><li>Približný priemer: 43 mm</li><li>Typ pohybu: Kremeň</li><li",Pop Pulse Emporium,https://cdnbigbuy.com/images/8430622736926_S7274863_P01.jpg,https://cdnbigbuy.com/images/73920_mandatory-watch1.jpg,,,158.83,50,NEW,14.15,12.43,10.11,0.3,1778.19,EUR,2,8,3
S2425789,8056379136538,sk-SK,Gardening & DIY,Playset Famosa Little Live Pets,"Pre naše deti chceme len to najlepšie, a preto by sme Vám chceli predstaviť <b>Playset Famosa Little Live Pets</b>, perfektný pre všetkých, ktorí hľad","Pre naše deti chceme len to najlepšie, a preto by sme Vám chceli predstaviť <b>Playset Famosa Little Live Pets</b>, perfektný pre všetkých, ktorí hľadajú kvalitatívne vysokohodnotný produkt pre najmenších. Nakúpte <b>Famosa</b> za tie najlepšie ceny!<br><br><ul><li>Funkcie: <ul><li>Svetlý</li><li>Zvuk</li></ul></li><li>Počet batérií: 6</li><li>Funguje na batérie: áno</li><li>Odporúčaný vek: + 4 rokov</li><li>Typ batérie: AA</li><li>Vrátane batérií: Č.</li><li>Typ: Playset</li><li>Obsahuje: <ul><",Pop Pulse Emporium,https://cdnbigbuy.com/images/8056379136538_S2425789_P03.jpg,https://cdnbigbuy.com/images/8056379136538_S2425789_P43.jpg,https://cdnbigbuy.com/images/8056379136538_S2425789_P23.jpg,https://cdnbigbuy.com/images/8056379136538_R03.jpg,131.95,1,NEW,31.0,33.0,33.0,1.6,33759.0,EUR,2,8,3
S7917266,8425998758054,sk-SK,Gardening & DIY,Krycia plachta EDM 75805 75805 Gaštanová Polypropylén 2 x 50 m,"Ak pri zariaďovaní vášho domova kladiete dôraz na všetky detaily a chcete byť priebežne informovaný o najnovších výrobkoch, ktoré vám uľahčia život, n","Ak pri zariaďovaní vášho domova kladiete dôraz na všetky detaily a chcete byť priebežne informovaný o najnovších výrobkoch, ktoré vám uľahčia život, nakupujte <b>Krycia plachta EDM 75805 75805 Gaštanová Polypropylén 2 x 50 m</b> za tú najlepšiu cenu.<br><br><ul><li>Typ: Legíny</li><li>Farba: <ul><li>Gaštanová</li><li>Viacfarebná</li></ul></li><li>Materiál: Polypropylén</li><li>Približné rozmery: 2 x 50 m</li></ul>",Pop Pulse Emporium,https://cdnbigbuy.com/images/8425998758054_R0_WBG2.jpg,https://cdnbigbuy.com/images/8425998758054_S7917266_P02.jpg,,,100.66,47,NEW,20.0,20.0,99.0,8.9,39600.0,EUR,2,8,3
S71015820,3760275213136,sk-SK,Gardening & DIY,Robotický vysávač pre bazény Bestway,"Ak hľadáte nové trendy na trhu, predstavujeme <b>Robotický vysávač pre bazény Bestway</b>!<br><br><ul><li>Zásuvný produkt: áno</li><li>Typ: Vysávač</l","Ak hľadáte nové trendy na trhu, predstavujeme <b>Robotický vysávač pre bazény Bestway</b>!<br><br><ul><li>Zásuvný produkt: áno</li><li>Typ: Vysávač</li></ul>",Pop Pulse Emporium,https://cdnbigbuy.com/images/3760275213136_S71015820_P00.jpg,https://cdnbigbuy.com/images/3760275213136_S71015820_P10.jpg,https://cdnbigbuy.com/images/3760275213136_S71015820_P20.jpg,https://cdnbigbuy.com/images/3760275213136_S71015820_P30.jpg,187.5,5,NEW,30.0,43.0,31.0,3.0,39990.0,EUR,2,8,3
S7195347,8006540730935,sk-SK,Gardening & DIY,Elektrická zubná kefka Oral-B,"Dajte si záležať na <b>ústnej hygiene</b> a používajte kvalitné produkty, ako sú výrobky značky <b>[[value_product_name]</b>!<br><br><ul><li>Farba: Mo","Dajte si záležať na <b>ústnej hygiene</b> a používajte kvalitné produkty, ako sú výrobky značky <b>[[value_product_name]</b>!<br><br><ul><li>Farba: Modrá</li><li>Vlastnosti: Dobíjateľný</li><li>Batérie: áno</li><li>Zásuvný produkt: áno</li><li>Druh zástrčky: EU zástrčky</li></ul>",Pop Pulse Emporium,https://cdnbigbuy.com/images/8006540730935_S7195347_P00.jpg,,,,139.69,20,NEW,12.2,6.9,24.3,0.47,2045.57,EUR,2,8,3
S3709443,8033280325640,sk-SK,Gardening & DIY,Papuče Sparco K-POLE Čierna,"Ak rozmýšľate nad obnovením vášho šatníka, nakúpte <b>Papuče Sparco K-POLE (Veľkosť 43) Čierna</b> ďalšie <b>produkty Sparco</b>! Najlepšia kvalita za","Ak rozmýšľate nad obnovením vášho šatníka, nakúpte <b>Papuče Sparco K-POLE (Veľkosť 43) Čierna</b> ďalšie <b>produkty Sparco</b>! Najlepšia kvalita za najlepšiu cenu je už na dosah!<br><ul><li>Farba: Čierna</li><li>Veľkosť: (Veľkosť 43)</li></ul>",Pop Pulse Emporium,https://cdnbigbuy.com/images/8033280325640_A01.jpg,https://cdnbigbuy.com/images/9444_mandatory-motor1.jpg,,,108.96,5,NEW,12.0,25.0,35.0,3.0,10500.0,EUR,2,8,3
S0388617,0193599710150,sk-SK,Gardening & DIY,Taška na plece Michael Kors Lenox Modrá 40 x 32 x 13 cm,"Ak hľadáte nové trendy na trhu, predstavujeme <b>Taška na plece Michael Kors Lenox Modrá 40 x 32 x 13 cm</b>!<br><br><ul><li>Typ: Dámska Taška</li><li","Ak hľadáte nové trendy na trhu, predstavujeme <b>Taška na plece Michael Kors Lenox Modrá 40 x 32 x 13 cm</b>!<br><br><ul><li>Typ: Dámska Taška</li><li>Farba: Modrá</li><li>Zloženie: Koža</li><li>Typ zapínania: Magnetic</li><li>Obsahuje: Zahŕňa puzdro alebo obal značky</li><li>Približné rozmery: 40 x 32 x 13 cm</li></ul>",Pop Pulse Emporium,https://cdnbigbuy.com/images/0193599710150_S0388617_P00.jpg,https://cdnbigbuy.com/images/0193599710150_S0388617_P10.jpg,https://cdnbigbuy.com/images/0193599710150_S0388617_P20.jpg,,174.71,1,NEW,10.0,10.0,10.0,0.3,1000.0,EUR,2,8,3
S0384613,0196237627056,sk-SK,Gardening & DIY,Taška na plece Michael Kors JET SET TRAVEL Žltá 22 x 15 x 6 cm,Chcete držať krok s módou a máte radi drobné doplnky? Prinášame vám <b>Taška na plece Michael Kors JET SET TRAVEL Žltá 22 x 15 x 6 cm</b> a široký výb,Chcete držať krok s módou a máte radi drobné doplnky? Prinášame vám <b>Taška na plece Michael Kors JET SET TRAVEL Žltá 22 x 15 x 6 cm</b> a široký výber trendy kabeliek a peňaženiek!<br><br><ul><li>Typ: <ul><li>Taška</li><li>Taška na plece</li></ul></li><li>Pohlavie: Dáma</li><li>Farba: Žltá</li><li>Materiál: Plátno</li><li>Typ zapínania: Zips</li><li>Obsahuje: Zahŕňa puzdro alebo obal značky</li><li>Približné rozmery: 22 x 15 x 6 cm</li></ul>,Pop Pulse Emporium,https://cdnbigbuy.com/images/0196237627056_S0384613_P00.jpg,https://cdnbigbuy.com/images/0196237627056_S0384613_P20.jpg,https://cdnbigbuy.com/images/0196237627056_S0384613_P10.jpg,,198.75,5,NEW,10.0,10.0,10.0,0.3,1000.0,EUR,2,8,3
S0379117,0091661507267,sk-SK,Gardening & DIY,Pánske hodinky Guess (Ø 44 mm),"Ak sledujete trendy v oblasti módy a doplnkov, nakupujte <b>Pánske hodinky Guess (Ø 44 mm)</b> za najlepšie ceny.<br><br><ul><li>Pohlavie: Muž</li><li","Ak sledujete trendy v oblasti módy a doplnkov, nakupujte <b>Pánske hodinky Guess (Ø 44 mm)</b> za najlepšie ceny.<br><br><ul><li>Pohlavie: Muž</li><li>Extra články reťaze: Č.</li><li>Druh hodiniek: Náramkové hodinky</li><li>Materiál náramku: Nerezová oceľ</li><li>Materiál puzdra hodiniek: Nerezová oceľ</li><li>Typ pohybu: Kremeň</li><li>Sklo: Minerál</li><li>Vodeodolnosť: 5 atm</li><li>Obsahuje: K produktu dostanete originálnu krabičku</li><li>Typ zapínania: Tlakové</li><li>Farba cilindra: Sivá<",Pop Pulse Emporium,https://cdnbigbuy.com/images/0091661507267_S0379117_P00.jpg,https://cdnbigbuy.com/images/75476_mandatory-watch0.jpg,https://cdnbigbuy.com/images/832_mandatory-watch0.jpg,,118.66,25,NEW,32.0,19.0,10.0,0.4,6080.0,EUR,2,8,3
S37115741,5998167750379,sk-SK,Gardening & DIY,Opierka na lakte Armster RENAULT ZOE 2020 Látka,Vybavte svoje vozidlo najnovšími výrobkami! Kúpte si <b>Opierka na lakte Armster RENAULT ZOE 2020 Látka</b> a nenechajte si ujsť žiadne detaily!<br><b,"Vybavte svoje vozidlo najnovšími výrobkami! Kúpte si <b>Opierka na lakte Armster RENAULT ZOE 2020 Látka</b> a nenechajte si ujsť žiadne detaily!<br><br><p><b>Podrúčka Armster</b> špecifická pre <b>Renault ZOE 2020</b> je doplnok navrhnutý na zvýšenie komfortu a funkčnosti vo vozidle, ktorý sa jednoducho inštaluje do stredovej konzoly pomocou prispôsobeného adaptéra pre tento model. Tento stredový podrúčka vyniká <b>plynulým nastavením výšky</b>, čo umožňuje prispôsobiť jeho polohu pre optimálnu ",Pop Pulse Emporium,https://cdnbigbuy.com/images/5998167750379_S37115741_P00.jpg,https://cdnbigbuy.com/images/5998167750379_S37115741_P50.jpg,https://cdnbigbuy.com/images/5998167750379_S37115741_P60.jpg,https://cdnbigbuy.com/images/5998167750379_S37115741_P10.jpg,127.29,2,NEW,35.0,25.0,25.0,8.0,21875.0,EUR,2,8,3
S71012750,0196388434442,sk-SK,Gardening & DIY,Xbox Series X videohry Microsoft Indiana Jones and the Ancient Circle,"Ak sú <b>počítače a elektronika</b> vašou vášňou a máte radi aktualizácie z oblasti technológie, a neuniknú vám ani najmenšie detajly, zakúpte <b>Xbox","Ak sú <b>počítače a elektronika</b> vašou vášňou a máte radi aktualizácie z oblasti technológie, a neuniknú vám ani najmenšie detajly, zakúpte <b>Xbox Series X videohry Microsoft Indiana Jones and the Ancient Circle</b> za neporaziteľnú cenu.<br><br><ul><li>Kompatibilné: Francúzsko</li><li>Platforma: Xbox Series X</li></ul>",Pop Pulse Emporium,https://cdnbigbuy.com/images/S71012750_P00.jpg,https://cdnbigbuy.com/images/S71012750_P30.jpg,https://cdnbigbuy.com/images/S71012750_P40.jpg,https://cdnbigbuy.com/images/S71012750_P50.jpg,110.47,5,NEW,4.7,17.22,14.0,0.11,1133.08,EUR,2,8,3
S05144326,3605972975850,sk-SK,Gardening & DIY,Pánsky parfum Ralph Lauren POLO,"Ak hľadáte nové trendy na trhu, predstavujeme <b>Pánsky parfum Ralph Lauren POLO</b>!<br><br><ul><li>Pohlavie: Muž</li></ul><br><br>Dôležité informáci","Ak hľadáte nové trendy na trhu, predstavujeme <b>Pánsky parfum Ralph Lauren POLO</b>!<br><br><ul><li>Pohlavie: Muž</li></ul><br><br>Dôležité informácie: Obal výrobku sa môže svojim dizajnom líšiť v závislosti od reklamných akcií výrobcu alebo v závislosti od ročného obdobia. Jednotlivé balenia sa uchovávajú do vypredania zásob..",Pop Pulse Emporium,https://cdnbigbuy.com/images/3605972975850_R00.jpg,https://cdnbigbuy.com/images/3605972975850_R10.jpg,https://cdnbigbuy.com/images/3605972975850_R20.jpg,https://cdnbigbuy.com/images/3605972975850_R30.jpg,108.74,50,NEW,4.3,8.5,15.0,0.3,548.25,EUR,2,8,3
S8426198,4899888594574,sk-SK,Gardening & DIY,Poznámkový Bloček Post-it 38 x 51 mm Žltá (15 kusov),Tillbaka till kontoret utan att ha glömt en enda pryl! Köp <b>Poznámkový Bloček Post-it 38 x 51 mm Žltá (15 kusov)</b> och låt dina kollegor avundas d,Tillbaka till kontoret utan att ha glömt en enda pryl! Köp <b>Poznámkový Bloček Post-it 38 x 51 mm Žltá (15 kusov)</b> och låt dina kollegor avundas dig!<br><ul><li>Farba: Žltá</li><li>Kusov: 15 kusov</li><li>Približné rozmery: 38 x 51 mm</li><li>Typ: Poznámkový Bloček</li><li>Počet kusov: 12 Kusy</li></ul>,Pop Pulse Emporium,https://cdnbigbuy.com/images/S8426198_P0_icon0.jpg,https://cdnbigbuy.com/images/S8426198_P00.jpg,,,152.24,5,NEW,9.19,2.11,10.86,0.05,210.59,EUR,2,8,3
S0374884,0886895488389,sk-SK,Gardening & DIY,Dámske slnečné okuliare Victoria Beckham Ø 64 mm,"Ak radi nosíte trendy <b>módne doplnky</b> a váš štýl sa bez nich nezaobíde, nenechajte si ujsť <b>Dámske slnečné okuliare Victoria Beckham Ø 64 mm</b","Ak radi nosíte trendy <b>módne doplnky</b> a váš štýl sa bez nich nezaobíde, nenechajte si ujsť <b>Dámske slnečné okuliare Victoria Beckham Ø 64 mm</b>! Vyberte si tie najlepšie značkové <b>slnečné okuliare</b>.<br><br><ul><li>Typ: Dámske slnečné okuliare</li><li>Pohlavie: Dáma</li><li>Ochrana: 100% ochrana proti UV žiareniu (UV400)</li><li>Materiál šošovky: Polykarbonát</li><li>Farba: Zlatá</li><li>Materiál: Kov</li><li>Obsahuje: K produktu dostanete originálnu krabičku</li><li>Most: 15 mm</li>",Pop Pulse Emporium,https://cdnbigbuy.com/images/0886895488389_S0374884_P01.jpg,https://cdnbigbuy.com/images/0886895488389_S0374884_P21.jpg,,,109.3,4,NEW,10.0,10.0,10.0,0.3,1000.0,EUR,2,8,3
M0517366,4961311893827,sk-SK,Gardening & DIY,Toner Ricoh 407642 Čierna,Tillbaka till kontoret utan att ha glömt en enda pryl! Köp <b>Toner Ricoh 407642 Čierna</b> och låt dina kollegor avundas dig!<br><br><ul><li>Farba: Č,Tillbaka till kontoret utan att ha glömt en enda pryl! Köp <b>Toner Ricoh 407642 Čierna</b> och låt dina kollegor avundas dig!<br><br><ul><li>Farba: Čierna</li><li>Kompatibilné: SPC220N/220S/221N/221SF/222DN/222SF/240SF</li><li>Typ: Toner</li><li>Vlastnosti: Originálny</li><li>Kapacita: 2000 Strany</li></ul>,Pop Pulse Emporium,https://cdnbigbuy.com/images/4961311893827_M0517366_P00.jpg,,,,107.08,10,NEW,41.0,18.0,12.0,1.53,8856.0,EUR,2,8,3
S7289970,0716736363875,sk-SK,Gardening & DIY,Unisex slnečné okuliare Tommy Hilfiger TJ 0053_F_S 58CTLXT,"Ak radi nosíte trendy <b>módne doplnky</b> a váš štýl sa bez nich nezaobíde, nenechajte si ujsť <b>Unisex slnečné okuliare Tommy Hilfiger TJ 0053_F_S ","Ak radi nosíte trendy <b>módne doplnky</b> a váš štýl sa bez nich nezaobíde, nenechajte si ujsť <b>Unisex slnečné okuliare Tommy Hilfiger TJ 0053_F_S 58CTLXT</b>! Vyberte si tie najlepšie značkové <b>slnečné okuliare</b>.<br><br><ul><li>Ochrana: 100% ochrana proti UV žiareniu (UV400)</li><li>Typ: Unisex slnečné okuliare</li><li>Pohlavie: Unisex</li></ul>",Pop Pulse Emporium,https://cdnbigbuy.com/images/0716736363875_R00.jpg,https://cdnbigbuy.com/images/0716736363875_R10.jpg,https://cdnbigbuy.com/images/0716736363875_R20.jpg,,107.81,1,NEW,9.69,9.06,10.48,0.22,920.05,EUR,2,8,3
S7716747,4002888410724,sk-SK,Gardening & DIY,HDMI Kábel LINDY 41072 15 m Čierna,"Ak sú <b>počítače a elektronika</b> vašou vášňou a máte radi aktualizácie z oblasti technológie, a neuniknú vám ani najmenšie detajly, zakúpte <b>HDMI","Ak sú <b>počítače a elektronika</b> vašou vášňou a máte radi aktualizácie z oblasti technológie, a neuniknú vám ani najmenšie detajly, zakúpte <b>HDMI Kábel LINDY 41072 15 m Čierna</b> za neporaziteľnú cenu.<br><br><ul><li>Dĺžka kábla: 15 m</li><li>Farba: Čierna</li><li>Pripojenie: <ul><li>HDMI</li><li>HDMI 2.0</li></ul></li><li>Typ: Koncovka Samec</li><li>Materiál: <ul><li>PVC</li><li>Zlato</li><li>Medený</li></ul></li><li>Certifikát: RoHS</li><li>Podporované režimy videa: 2160p</li><li>Form fa",Pop Pulse Emporium,https://cdnbigbuy.com/images/4002888410724_I00.jpg,,,,125.69,5,NEW,3.0,32.0,35.0,1.2,3360.0,EUR,2,8,3
S71006979,4018653223833,sk-SK,Gardening & DIY,Bezpečnostná sieť pre domácich miláčikov Kerbl zelená Kov,"Ak hľadáte nové trendy na trhu, predstavujeme <b>Bezpečnostná sieť pre domácich miláčikov Kerbl zelená Kov</b>!<br><br><ul><li>Farba: zelená</li><li>M","Ak hľadáte nové trendy na trhu, predstavujeme <b>Bezpečnostná sieť pre domácich miláčikov Kerbl zelená Kov</b>!<br><br><ul><li>Farba: zelená</li><li>Materiál: Kov</li><li>Pet: Mačka</li><li>Počet kusov: 11 Kusy</li></ul>",Pop Pulse Emporium,https://cdnbigbuy.com/images/4018653223833_S71006979_P00.jpg,https://cdnbigbuy.com/images/4018653223833_S71006979_P20.jpg,https://cdnbigbuy.com/images/4018653223833_S71006979_P30.jpg,https://cdnbigbuy.com/images/4018653223833_S71006979_P40.jpg,128.43,2,NEW,19.0,25.0,8.0,3.14,3800.0,EUR,2,8,3
M0505165,6955530955617,sk-SK,Gardening & DIY,Tlačiareň 3D CoLiDo 3D-Panel LCD DIY/Compact,"Ak sú <b>počítače a elektronika</b> vašou vášňou a máte radi aktualizácie z oblasti technológie, a neuniknú vám ani najmenšie detajly, zakúpte <b>Tlač","Ak sú <b>počítače a elektronika</b> vašou vášňou a máte radi aktualizácie z oblasti technológie, a neuniknú vám ani najmenšie detajly, zakúpte <b>Tlačiareň 3D CoLiDo 3D-Panel LCD DIY/Compact</b> za neporaziteľnú cenu.<br><br><ul><li>Typ: Karta</li><li>Zásuvný produkt: áno</li><li>Druh zástrčky: EU zástrčky</li></ul>",Pop Pulse Emporium,https://cdnbigbuy.com/images/6955530955617_M0505165_P00.jpg,https://cdnbigbuy.com/images/6955530955617_R10.jpg,,,108.63,1,NEW,22.5,11.0,14.0,0.43,3465.0,EUR,2,8,3
S71013887,0197641223933,sk-SK,Gardening & DIY,Športový ruksak The North Face Base Camp Duffel Čierna,Tillbaka till kontoret utan att ha glömt en enda pryl! Köp <b>Športový ruksak The North Face Base Camp Duffel Čierna</b> och låt dina kollegor avundas,Tillbaka till kontoret utan att ha glömt en enda pryl! Köp <b>Športový ruksak The North Face Base Camp Duffel Čierna</b> och låt dina kollegor avundas dig!<br><br><ul><li>Kapacita: 95 L</li><li>Farba: Čierna</li><li>Materiál: Polyester</li><li>Vlastnosti: <ul><li>Vodeodolný</li><li>Chňapka</li><li>Ramenný popruh</li></ul></li><li>Typ zapínania: Zips</li><li>Pohlavie: Unisex</li><li>Zloženie: 100 % Polyamid</li></ul>,Pop Pulse Emporium,https://cdnbigbuy.com/images/0197641223933_S71013887_P00.jpg,https://cdnbigbuy.com/images/0197641223933_S71013887_P10.jpg,https://cdnbigbuy.com/images/0197641223933_S71013887_P20.jpg,https://cdnbigbuy.com/images/0197641223933_S71013887_P30.jpg,186.47,22,NEW,20.63,35.0,34.78,0.95,25112.9,EUR,2,8,3
S7121391,3352210673855,sk-SK,Gardening & DIY,"Rybárska tyč SAKURA 2,44 m","Udržujte sa vo forme a objavte posledné novinky zo sveta športu s tými najväčšími zárukami! Nakúpte <b>Rybárska tyč SAKURA 2,44 m</b> za najlepšiu cen","Udržujte sa vo forme a objavte posledné novinky zo sveta športu s tými najväčšími zárukami! Nakúpte <b>Rybárska tyč SAKURA 2,44 m</b> za najlepšiu cenu a užívajte si zdravý život!<br><br><ul><li>Typ: Rybárska tyč</li><li>Rybárska tyč: Spinning</li><li>Približné rozmery: 2,44 m</li></ul>",Pop Pulse Emporium,https://cdnbigbuy.com/images/3352210673855_S7121391_P01.jpg,https://cdnbigbuy.com/images/3352210673855_R01.jpg,,,108.97,1,NEW,130.0,12.0,10.0,0.32,15600.0,EUR,2,8,3
S91117990,4210201408529,sk-SK,Gardening & DIY,Elektrická zubná kefka Braun,"Ak hľadáte nové trendy na trhu, predstavujeme <b>Elektrická zubná kefka Braun</b>!<br><br><ul><li>Zásuvný produkt: áno</li><li>Druh zástrčky: EU zástr","Ak hľadáte nové trendy na trhu, predstavujeme <b>Elektrická zubná kefka Braun</b>!<br><br><ul><li>Zásuvný produkt: áno</li><li>Druh zástrčky: EU zástrčky</li><li>Typ: <ul><li>Bielič na zuby</li><li>Vibračný</li><li>Zdravé ďasná</li></ul></li><li>Farba: Čierna</li><li>Vlastnosti: <ul><li>OLED obrazovka</li><li>Vstavaná batéria</li><li>Hĺbkové čistenie</li><li>Nastaviteľná rýchlosť</li><li>Na denné použitie</li></ul></li><li>Obsahuje: <ul><li>podľa výrobcu</li><li>Plátno</li><li>Predná časť</li><l",Pop Pulse Emporium,https://cdnbigbuy.com/images/4210201408529_S91117990_P00.jpg,https://cdnbigbuy.com/images/4210201408529_S91117990_P90.jpg,https://cdnbigbuy.com/images/4210201408529_S91117990_P20.jpg,https://cdnbigbuy.com/images/4210201408529_S91117990_P160.jpg,198.44,2,NEW,25.5,10.0,17.5,0.79,4462.5,EUR,2,8,3
S9901687,8435099530695,sk-SK,Gardening & DIY,Reproduktory k PC approx! APPSPK+BK Čierna 60 W,"Ak sú <b>počítače a elektronika</b> vašou vášňou a máte radi aktualizácie z oblasti technológie, a neuniknú vám ani najmenšie detajly, zakúpte <b>Repr","Ak sú <b>počítače a elektronika</b> vašou vášňou a máte radi aktualizácie z oblasti technológie, a neuniknú vám ani najmenšie detajly, zakúpte <b>Reproduktory k PC approx! APPSPK+BK Čierna 60 W</b> za neporaziteľnú cenu.<br><br><ul><li>Farba: Čierna</li><li>Pripojenie: Kábel</li><li>Príkon: 60 W</li><li>Materiál: Plastické</li></ul>",Pop Pulse Emporium,https://cdnbigbuy.com/images/8435099530695_S9901687_P10.jpg,https://cdnbigbuy.com/images/8435099530695_S9901687_P00.jpg,,,115.55,2,NEW,39.5,23.4,31.7,5.65,29300.31,EUR,2,8,3
S3040203,8424002035235,sk-SK,Gardening & DIY,Stropné svetlo DKD Home Decor Kov Gaštanová Žltá 40 W Drevo MDF (40 x 40 x 60 cm),"<p>Ak chcete vášmu domovu dodať kúsok originality, môžete tak urobiť s <b>Stropné svetlo DKD Home Decor Kov Gaštanová Žltá 40 W Drevo MDF (40 x 40 x 6","<p>Ak chcete vášmu domovu dodať kúsok originality, môžete tak urobiť s <b>Stropné svetlo DKD Home Decor Kov Gaštanová Žltá 40 W Drevo MDF (40 x 40 x 60 cm)</b>.</p><br><br><ul><li>Materiál: <ul><li>Drevo MDF</li><li>Kov</li></ul></li><li>Design: Prírodná</li><li>Typ: <ul><li>Stropné svetlo</li><li>Gule</li></ul></li><li>Žiarovky: 3</li><li>Napätie: 220 V</li><li>Pätica: E14</li><li>Vysoký: 60 cm</li><li>Príkon: 40 W</li><li>Vlastnosti: <ul><li>Ručná výroba</li><li>Tradičný</li></ul></li><li>Farb",Pop Pulse Emporium,https://cdnbigbuy.com/images/8424002035235_S3040203_P53.jpg,https://cdnbigbuy.com/images/8424002035235_S3040203_P13.jpg,https://cdnbigbuy.com/images/8424002035235_S3040203_P43.jpg,https://cdnbigbuy.com/images/8424002035235_S3040203_P33.jpg,144.55,5,NEW,42.0,46.5,42.0,3.99,82026.0,EUR,2,8,3
S72118569,4894138362729,sk-SK,Gardening & DIY,Pánske hodinky Lorus RH949RX9 Striebristý,"Ak hľadáte nové trendy na trhu, predstavujeme <b>Pánske hodinky Lorus RH949RX9 Striebristý</b>!<br><br><ul><li>Pohlavie: Muž</li><li>Extra články reťa","Ak hľadáte nové trendy na trhu, predstavujeme <b>Pánske hodinky Lorus RH949RX9 Striebristý</b>!<br><br><ul><li>Pohlavie: Muž</li><li>Extra články reťaze: Č.</li><li>Druh hodiniek: Náramkové hodinky</li><li>Funguje na batérie: áno</li><li>Farba remienka: Striebristý</li><li>Typ batérie: LR44</li></ul>",Pop Pulse Emporium,https://cdnbigbuy.com/images/4894138362729_S72118569_P00.jpg,https://cdnbigbuy.com/images/117581_mandatory-watch0.jpg,,,124.9,1,NEW,14.15,12.43,10.11,0.3,1778.19,EUR,2,8,3
S7276696,8430622609886,sk-SK,Gardening & DIY,Pánske hodinky Lotus 18153/2,"Ak sledujete trendy v oblasti módy a doplnkov, nakupujte <b>Pánske hodinky Lotus 18153/2</b> za najlepšie ceny.<br><br><ul><li>Pohlavie: Muž</li><li>E","Ak sledujete trendy v oblasti módy a doplnkov, nakupujte <b>Pánske hodinky Lotus 18153/2</b> za najlepšie ceny.<br><br><ul><li>Pohlavie: Muž</li><li>Extra články reťaze: Č.</li><li>Druh hodiniek: Náramkové hodinky</li><li>Krajina / Región výroby: Čína</li><li>Materiál náramku: Nerezová oceľ</li><li>Materiál hodiniek: Nerezová oceľ</li><li>Farba remienka: Zlato</li><li>Približný priemer: 43 mm</li><li>Typ pohybu: Kremeň</li><li>Funguje na batérie: 1 LR44</li></ul>",Pop Pulse Emporium,https://cdnbigbuy.com/images/8430622609886_S7276696_P01.jpg,https://cdnbigbuy.com/images/75753_mandatory-watch1.jpg,,,189.6,50,NEW,14.15,12.43,10.11,0.3,1778.19,EUR,2,8,3
S3709424,8033280326340,sk-SK,Gardening & DIY,Závodné členkové topánky Sparco K-POLE Modrá (Veľkosť 40),"Ak rozmýšľate nad obnovením vášho šatníka, nakúpte <b>Závodné členkové topánky Sparco K-POLE Modrá (Veľkosť 40)</b> ďalšie <b>produkty Sparco</b>! Naj","Ak rozmýšľate nad obnovením vášho šatníka, nakúpte <b>Závodné členkové topánky Sparco K-POLE Modrá (Veľkosť 40)</b> ďalšie <b>produkty Sparco</b>! Najlepšia kvalita za najlepšiu cenu je už na dosah!<br><ul><li>Farba: <ul><li>Čierna</li><li>Modrá</li></ul></li><li>Veľkosť: (Veľkosť 40)</li></ul>",Pop Pulse Emporium,https://cdnbigbuy.com/images/8033280326340_A03.jpg,https://cdnbigbuy.com/images/8033280326340_S3709424_P13.jpg,https://cdnbigbuy.com/images/9425_mandatory-motor3.jpg,,108.96,2,NEW,12.0,25.0,35.0,3.0,10500.0,EUR,2,8,3
S0379284,4895220917278,sk-SK,Gardening & DIY,Dámske hodinky Police PL16029MSTR-13MM (Ø 36 mm),"Ak sledujete trendy v oblasti módy a doplnkov, nakupujte <b>Dámske hodinky Police PL16029MSTR-13MM (Ø 36 mm)</b> za najlepšie ceny.<br><br><ul><li>Poh","Ak sledujete trendy v oblasti módy a doplnkov, nakupujte <b>Dámske hodinky Police PL16029MSTR-13MM (Ø 36 mm)</b> za najlepšie ceny.<br><br><ul><li>Pohlavie: Dáma</li><li>Materiál náramku: Nerezová oceľ</li><li>Extra články reťaze: Č.</li><li>Vodeodolnosť: 3 atm</li><li>Sklo: Minerál</li><li>Druh hodiniek: Náramkové hodinky</li><li>Materiál puzdra hodiniek: Nerezová oceľ</li><li>Typ pohybu: Kremeň</li><li>Obsahuje: K produktu dostanete originálnu krabičku</li><li>Typ zapínania: Tlakové</li><li>Fa",Pop Pulse Emporium,https://cdnbigbuy.com/images/4895220917278_S0379284_P01.jpg,https://cdnbigbuy.com/images/75643_mandatory-watch1.jpg,,,118.66,25,NEW,32.0,19.0,10.0,0.4,6080.0,EUR,2,8,3
S72118243,9278532723167,sk-SK,Gardening & DIY,Pánske hodinky Tommy Hilfiger 1791689 (Ø 44 mm),"Ak hľadáte nové trendy na trhu, predstavujeme <b>Pánske hodinky Tommy Hilfiger 1791689 (Ø 44 mm)</b>!<br><br><ul><li>Extra články reťaze: Č.</li><li>D","Ak hľadáte nové trendy na trhu, predstavujeme <b>Pánske hodinky Tommy Hilfiger 1791689 (Ø 44 mm)</b>!<br><br><ul><li>Extra články reťaze: Č.</li><li>Druh hodiniek: Náramkové hodinky</li><li>Funkcie: Dátum</li><li>Pohlavie: Muž</li><li>Materiál náramku: Mincovné striebro</li><li>Obsahuje: Zahŕňa puzdro alebo obal značky</li><li>Vodeodolnosť: 5 atm</li><li>Sklo: Minerál</li><li>Typ pohybu: Kremeň</li><li>Priemer puzdra hodiniek: Ø 44 mm</li></ul>",Pop Pulse Emporium,https://cdnbigbuy.com/images/9278532723167_S72118243_P00.jpg,https://cdnbigbuy.com/images/117255_mandatory-watch0.jpg,https://cdnbigbuy.com/images/9278532723167_S72118243_P10.jpg,,166.01,16,NEW,14.15,12.43,10.11,0.3,1778.19,EUR,2,8,3
S72111966,8050506116325,sk-SK,Gardening & DIY,Pánsky náramok Talent Jewels TJA-4-05-01-1-215 Striebristý,"Predstavuje sa vám <b>Pánsky náramok Talent Jewels TJA-4-05-01-1-215 Striebristý</b> a široký výber prstienkov, náramkov, náhrdelníkov, náušníc za skv","Predstavuje sa vám <b>Pánsky náramok Talent Jewels TJA-4-05-01-1-215 Striebristý</b> a široký výber prstienkov, náramkov, náhrdelníkov, náušníc za skvelú cenu. Získajte podrobné informácie o exkluzívnych elegantných šperkoch a bižutérii v rôznych štýloch, z ktorých si vyberie každý.<br><br><ul><li>Typ: Náramok</li><li>Pohlavie: Muž</li><li>Farba: Striebristý</li></ul>",Pop Pulse Emporium,https://cdnbigbuy.com/images/8050506116325_S72111966_P00.jpg,,,,114.06,5,NEW,10.0,10.0,10.0,0.3,1000.0,EUR,2,8,3
S0375100,0840190028220,sk-SK,Gardening & DIY,Pánske hodinky Adidas (Ø 40 mm),"Ak sledujete trendy v oblasti módy a doplnkov, nakupujte <b>Pánske hodinky Adidas (Ø 40 mm)</b> za najlepšie ceny.<br><br><ul><li>Pohlavie: Muž</li><l","Ak sledujete trendy v oblasti módy a doplnkov, nakupujte <b>Pánske hodinky Adidas (Ø 40 mm)</b> za najlepšie ceny.<br><br><ul><li>Pohlavie: Muž</li><li>Extra články reťaze: Č.</li><li>Druh hodiniek: Náramkové hodinky</li><li>Materiál náramku: Nerezová oceľ</li><li>Materiál puzdra hodiniek: Nerezová oceľ</li><li>Typ pohybu: Kremeň</li><li>Sklo: Minerál</li><li>Vodeodolnosť: 5 atm</li><li>Obsahuje: K produktu dostanete originálnu krabičku</li><li>Typ zapínania: Tlakové</li><li>Farba cilindra: Čier",Pop Pulse Emporium,https://cdnbigbuy.com/images/0840190028220_S0375100_P00.jpg,https://cdnbigbuy.com/images/71463_mandatory-watch0.jpg,,,103.69,1,NEW,32.0,19.0,10.0,0.4,6080.0,EUR,2,8,3
S0380748,4894816015350,sk-SK,Gardening & DIY,Pánske hodinky Police (Ø 47 mm),"Ak sledujete trendy v oblasti módy a doplnkov, nakupujte <b>Pánske hodinky Police (Ø 47 mm)</b> za najlepšie ceny.<br><br><ul><li>Pohlavie: Muž</li><l","Ak sledujete trendy v oblasti módy a doplnkov, nakupujte <b>Pánske hodinky Police (Ø 47 mm)</b> za najlepšie ceny.<br><br><ul><li>Pohlavie: Muž</li><li>Typ pohybu: Kremeň</li><li>Obsahuje: K produktu dostanete originálnu krabičku</li><li>Sklo: Minerál</li><li>Vodeodolnosť: <ul><li>3 atm</li><li>5 atm</li></ul></li><li>Materiál náramku: Koža</li><li>Priemer puzdra hodiniek: Ø 47 mm</li><li>Extra články reťaze: Č.</li><li>Druh hodiniek: Náramkové hodinky</li><li>Materiál puzdra hodiniek: Nerezová ",Pop Pulse Emporium,https://cdnbigbuy.com/images/4894816015350_S0380748_P00.jpg,https://cdnbigbuy.com/images/77107_mandatory-watch0.jpg,https://cdnbigbuy.com/images/30879_mandatory-watch0.jpg,,129.89,4,NEW,32.0,19.0,10.0,0.4,6080.0,EUR,2,8,3
S3624068,4899888642954,sk-SK,Gardening & DIY,Školský batoh Pincello AR1903644 13 x 45 x 31 cm károvaný (12 kusov),Tillbaka till kontoret utan att ha glömt en enda pryl! Köp <b>Školský batoh Pincello AR1903644 13 x 45 x 31 cm károvaný (12 kusov)</b> och låt dina ko,Tillbaka till kontoret utan att ha glömt en enda pryl! Köp <b>Školský batoh Pincello AR1903644 13 x 45 x 31 cm károvaný (12 kusov)</b> och låt dina kollegor avundas dig!<br><br><ul><li>Typ: Školský batoh</li><li>Pohlavie: Unisex</li><li>Design: károvaný</li><li>Kusov: <ul><li>1 kusov</li><li>12 kusov</li></ul></li><li>Dôležité informácie: Z viac designov vyberáme náhodne podľa skladovej dostupnosti</li><li>Približné rozmery: 13 x 45 x 31 cm</li></ul>,Pop Pulse Emporium,https://cdnbigbuy.com/images/S3624068_58207_1691662390-cropped_icon1.jpg,https://cdnbigbuy.com/images/S3624068_58207_1691662390-cropped1.jpg,,,122.51,50,NEW,44.0,40.0,25.0,4.8,44000.0,EUR,2,8,3
S0374361,5060496418814,sk-SK,Gardening & DIY,Dámske hodinky Olivia Burton OB16AM143 (Ø 30 mm),"Ak sledujete trendy v oblasti módy a doplnkov, nakupujte <b>Dámske hodinky Olivia Burton OB16AM143 (Ø 30 mm)</b> za najlepšie ceny.<br><br><ul><li>Poh","Ak sledujete trendy v oblasti módy a doplnkov, nakupujte <b>Dámske hodinky Olivia Burton OB16AM143 (Ø 30 mm)</b> za najlepšie ceny.<br><br><ul><li>Pohlavie: Dáma</li><li>Extra články reťaze: Č.</li><li>Druh hodiniek: Náramkové hodinky</li><li>Materiál náramku: Syntetická koža</li><li>Materiál puzdra hodiniek: Nerezová oceľ</li><li>Typ pohybu: Kremeň</li><li>Sklo: Minerál</li><li>Obsahuje: K produktu dostanete originálnu krabičku</li><li>Typ zapínania: Pracka</li><li>Farba cilindra: Biela</li><li",Pop Pulse Emporium,https://cdnbigbuy.com/images/5060496418814_R01.jpg,https://cdnbigbuy.com/images/5060496418814_R11.jpg,https://cdnbigbuy.com/images/5060496418814_R21.jpg,https://cdnbigbuy.com/images/5060496418814_R31.jpg,118.66,10,NEW,32.0,19.0,10.0,0.4,6080.0,EUR,2,8,3
S71015800,3216383364081,sk-SK,Gardening & DIY,Kastról s pokrievkou Baumalu noir,"Ak hľadáte nové trendy na trhu, predstavujeme <b>Kastról s pokrievkou Baumalu noir</b>!<br><br><ul><li>Farba: <ul><li>Čierna</li><li>noir</li></ul></l","Ak hľadáte nové trendy na trhu, predstavujeme <b>Kastról s pokrievkou Baumalu noir</b>!<br><br><ul><li>Farba: <ul><li>Čierna</li><li>noir</li></ul></li><li>Typ: Kastról s pokrievkou</li></ul>",Pop Pulse Emporium,https://cdnbigbuy.com/images/3216383364081_S71015800_P00.jpg,,,,116.91,2,NEW,28.07,28.1,15.44,7.18,12178.56,EUR,2,8,3
S7283154,8050506111665,sk-SK,Gardening & DIY,Korálky Talent Jewels TJC-1-11-03 Šport,"Predstavuje sa vám <b>Korálky Talent Jewels TJC-1-11-03 Šport</b> a široký výber prstienkov, náramkov, náhrdelníkov, náušníc za skvelú cenu. Získajte ","Predstavuje sa vám <b>Korálky Talent Jewels TJC-1-11-03 Šport</b> a široký výber prstienkov, náramkov, náhrdelníkov, náušníc za skvelú cenu. Získajte podrobné informácie o exkluzívnych elegantných šperkoch a bižutérii v rôznych štýloch, z ktorých si vyberie každý.<br><br><ul><li>Design: Šport</li><li>Typ: Korálky</li></ul>",Pop Pulse Emporium,https://cdnbigbuy.com/images/8050506111665_S7283154_P01.jpg,,,,103.87,25,NEW,10.14,9.88,10.12,0.29,1013.85,EUR,2,8,3
M0504372,4549292049503,sk-SK,Gardening & DIY,Originálne atramentové náplne Canon PFI-1100PM Purpurová,"Ak sú <b>počítače a elektronika</b> vašou vášňou a máte radi aktualizácie z oblasti technológie, a neuniknú vám ani najmenšie detajly, zakúpte <b>Orig","Ak sú <b>počítače a elektronika</b> vašou vášňou a máte radi aktualizácie z oblasti technológie, a neuniknú vám ani najmenšie detajly, zakúpte <b>Originálne atramentové náplne Canon PFI-1100PM Purpurová</b> za neporaziteľnú cenu.<br><br><ul><li>Farba: <ul><li>Sivá</li><li>Purpurová</li></ul></li><li>Typ: <ul><li>Originálne atramentové náplne</li><li>Originálny</li></ul></li><li>Technológia: Inkjet</li><li>Kapacita: 160 ml</li><li>Kompatibilné: Tlačiareň</li><li>Vlastnosti: Originálny</li></ul>",Pop Pulse Emporium,https://cdnbigbuy.com/images/4549292049503_I00.jpg,https://cdnbigbuy.com/images/4549292049503_M0504372_P00.jpg,,,116.47,5,NEW,14.5,14.5,5.0,0.37,1051.25,EUR,2,8,3
S0389523,0197853285545,sk-SK,Gardening & DIY,Taška na plece Michael Kors 35T4STVC5L-OPTIC-WHITE Biela 22 x 20 x 7 cm,"Ak hľadáte nové trendy na trhu, predstavujeme <b>Taška na plece Michael Kors 35T4STVC5L-OPTIC-WHITE Biela 22 x 20 x 7 cm</b>!<br><br><ul><li>Typ: Tašk","Ak hľadáte nové trendy na trhu, predstavujeme <b>Taška na plece Michael Kors 35T4STVC5L-OPTIC-WHITE Biela 22 x 20 x 7 cm</b>!<br><br><ul><li>Typ: Taška na plece</li><li>Farba: Biela</li><li>Materiál: Plátno</li><li>Typ zapínania: Zips</li><li>Obsahuje: Zahŕňa puzdro alebo obal značky</li><li>Približné rozmery: 22 x 20 x 7 cm</li></ul>",Pop Pulse Emporium,https://cdnbigbuy.com/images/0197853285545_S0389523_P00.jpg,https://cdnbigbuy.com/images/0197853285545_S0389523_P10.jpg,https://cdnbigbuy.com/images/0197853285545_S0389523_P20.jpg,,158.05,19,NEW,10.0,10.0,10.0,0.3,1000.0,EUR,2,8,3
S7104005,4078500266208,sk-SK,Gardening & DIY,Hadica Gardena Portable Classic 15 2662-20 Plastické 15 m,"Ak pri zariaďovaní vášho domova kladiete dôraz na všetky detaily a chcete byť priebežne informovaný o najnovších výrobkoch, ktoré vám uľahčia život, n","Ak pri zariaďovaní vášho domova kladiete dôraz na všetky detaily a chcete byť priebežne informovaný o najnovších výrobkoch, ktoré vám uľahčia život, nakupujte <b>Hadica Gardena Portable Classic 15 2662-20 Plastické 15 m</b> za tú najlepšiu cenu.<br><br><ul><li>Obsahuje: <ul><li>Bubon/cievka na hadicu</li><li>Hadicový konektor</li></ul></li><li>Vlastnosti: <ul><li>Rukoväte na prepravu</li><li>Jednoduché uloženie a prenášanie</li></ul></li><li>Farba: <ul><li>Tyrkysový</li><li>Antracit</li></ul></l",Pop Pulse Emporium,https://cdnbigbuy.com/images/4078500266208_R01.jpg,https://cdnbigbuy.com/images/4078500266208_S7104005_P01.jpg,https://cdnbigbuy.com/images/4078500266208_S7104005_P21.jpg,https://cdnbigbuy.com/images/4078500266208_S7104005_P31.jpg,146.59,2,NEW,44.6,39.2,18.0,5.49,31469.76,EUR,2,8,3
S05119239,8021233124242,sk-SK,Gardening & DIY,Fén Parlux Parlux Powerlight Zlato Zlatá,"Ak hľadáte vhodné elektrospotrebiče za špičkové ceny, kúpte si domov <b> Fén Parlux Parlux Powerlight Zlato Zlatá</b> a ďalšie kúsky z širokého výberu","Ak hľadáte vhodné elektrospotrebiče za špičkové ceny, kúpte si domov <b> Fén Parlux Parlux Powerlight Zlato Zlatá</b> a ďalšie kúsky z širokého výberu kvalitných malých domácich elektrospotrebičov!<br><br><ul><li>Zásuvný produkt: áno</li><li>Druh zástrčky: EU zástrčky</li><li>Farba: <ul><li>Zlato</li><li>Zlatá</li></ul></li><li>Pohlavie: Unisex</li></ul>",Pop Pulse Emporium,https://cdnbigbuy.com/images/8021233124242_S05119239_P00.jpg,,,,170.49,25,NEW,9.5,25.5,20.0,0.86,4845.0,EUR,2,8,3
S71012049,4719072742515,sk-SK,Gardening & DIY,Bezdrôtová myš MSI Loot Box 1 Čierna,"Ak hľadáte nové trendy na trhu, predstavujeme <b>Bezdrôtová myš MSI Loot Box 1 Čierna</b>!<br><br><ul><li>Typ: <ul><li>Myš</li><li>Bezdrôtová myš</li>","Ak hľadáte nové trendy na trhu, predstavujeme <b>Bezdrôtová myš MSI Loot Box 1 Čierna</b>!<br><br><ul><li>Typ: <ul><li>Myš</li><li>Bezdrôtová myš</li></ul></li><li>Farba: Čierna</li></ul>",Pop Pulse Emporium,https://cdnbigbuy.com/images/4719072742515_S71012049_P00.jpg,https://cdnbigbuy.com/images/4719072742515_S71012049_P10.jpg,,,121.51,25,NEW,24.2,20.2,8.6,0.48,4204.02,EUR,2,8,3
S72104398,8430622829314,sk-SK,Gardening & DIY,Pánske hodinky Festina F20696/3 Čierna,"Ak sledujete trendy v oblasti módy a doplnkov, nakupujte <b>Pánske hodinky Festina F20696/3 Čierna</b> za najlepšie ceny.<br><br><ul><li>Extra články ","Ak sledujete trendy v oblasti módy a doplnkov, nakupujte <b>Pánske hodinky Festina F20696/3 Čierna</b> za najlepšie ceny.<br><br><ul><li>Extra články reťaze: Č.</li><li>Druh hodiniek: Náramkové hodinky</li><li>Farba: Čierna</li><li>Pohlavie: Muž</li><li>Materiál náramku: Titan</li><li>Farba remienka: Sivá</li><li>Typ pohybu: Kremeň</li><li>Približný priemer: 41 mm</li></ul>",Pop Pulse Emporium,https://cdnbigbuy.com/images/8430622829314_S72104398_P00.jpg,https://cdnbigbuy.com/images/103410_mandatory-watch0.jpg,,,189.6,50,NEW,14.15,12.43,10.11,0.3,1778.19,EUR,2,8,3
S6505327,8059019049533,sk-SK,Gardening & DIY,Vysávač Hoover zelená 850 W,"Ak hľadáte vhodné elektrospotrebiče za špičkové ceny, kúpte si domov <b> Vysávač Hoover zelená 850 W</b> a ďalšie kúsky z širokého výberu kvalitných m","Ak hľadáte vhodné elektrospotrebiče za špičkové ceny, kúpte si domov <b> Vysávač Hoover zelená 850 W</b> a ďalšie kúsky z širokého výberu kvalitných malých domácich elektrospotrebičov!<br><br><ul><li>Druh zástrčky: EU zástrčky</li><li>Zásuvný produkt: áno</li><li>Typ: Suchý</li><li>Farba: zelená</li><li>Materiál: <ul><li>Kov</li><li>Plastické</li></ul></li><li>Vlastnosti: <ul><li>Rukoväte na prepravu</li><li>Úzka násadka</li><li>Stiahnuteľný kábel</li><li>Teleskopický</li></ul></li><li>Napätie: ",Pop Pulse Emporium,https://cdnbigbuy.com/images/8059019049533_I00.jpg,https://cdnbigbuy.com/images/8059019049533_R60.jpg,https://cdnbigbuy.com/images/8059019049533_R50.jpg,https://cdnbigbuy.com/images/8059019049533_R40.jpg,108.74,50,NEW,56.0,33.0,32.0,7.46,59136.0,EUR,2,8,3
S9127336,5901969403138,sk-SK,Gardening & DIY,Nástenná Racková Skriňa Lanberg WF01-6412-10B,"Ak sú <b>počítače a elektronika</b> vašou vášňou a máte radi aktualizácie z oblasti technológie, a neuniknú vám ani najmenšie detajly, zakúpte <b>Nást","Ak sú <b>počítače a elektronika</b> vašou vášňou a máte radi aktualizácie z oblasti technológie, a neuniknú vám ani najmenšie detajly, zakúpte <b>Nástenná Racková Skriňa Lanberg WF01-6412-10B</b> za neporaziteľnú cenu.<br><br><ul><li>Typ: <ul><li>Skrine</li><li>Rám</li><li>Racková skriňa</li></ul></li><li>Farba: Čierna</li><li>Materiál: Oceľ</li><li>Šírka: 60 cm</li><li>Dlhý: 45 cm</li><li>Maximálna povolená hmotnosť: 60 Kg</li><li>IP klasifikácia: IP20</li><li>Veľkosť: 19""</li><li>Vyžaduje si m",Pop Pulse Emporium,https://cdnbigbuy.com/images/5901969403138_I01.jpg,https://cdnbigbuy.com/images/5901969403138_I21.jpg,https://cdnbigbuy.com/images/5901969403138_I41.jpg,https://cdnbigbuy.com/images/5901969403138_I81.jpg,158.09,10,NEW,25.3,65.5,64.5,22.5,106886.18,EUR,2,8,3
S3059029,8424002159337,sk-SK,Gardening & DIY,Stolná lampa Home ESPRIT Zlatá Živica 220 V 45 X 23 X 34 cm,"<p>Ak chcete vášmu domovu dodať kúsok originality, môžete tak urobiť s <b>Stolná lampa Home ESPRIT Zlatá Živica 220 V 45 X 23 X 34 cm</b>.</p><br><br>","<p>Ak chcete vášmu domovu dodať kúsok originality, môžete tak urobiť s <b>Stolná lampa Home ESPRIT Zlatá Živica 220 V 45 X 23 X 34 cm</b>.</p><br><br><ul><li>Zásuvný produkt: áno</li><li>Typ: <ul><li>Stolná lampa</li><li>Glamour</li></ul></li><li>Druh zástrčky: EU zástrčky</li><li>Napätie: 220 V</li><li>Pätica: E14</li><li>Dlhý: 23 cm</li><li>Design: pes</li><li>Vysoký: 34 cm</li><li>Šírka: 45 cm</li><li>Materiál: Živica</li><li>Farba: Zlatá</li><li>Nezahŕňa: Žiarovka</li><li>Približné rozmery: ",Pop Pulse Emporium,https://cdnbigbuy.com/images/8424002159337_S3059029_P00.jpg,https://cdnbigbuy.com/images/8424002159337_S3059029_P10.jpg,https://cdnbigbuy.com/images/8424002159337_S3059029_P20.jpg,https://cdnbigbuy.com/images/8424002159337_S3059029_P30.jpg,126.19,25,NEW,53.0,42.0,31.0,6.5,69006.0,EUR,2,8,3
S0387913,0197853085084,sk-SK,Gardening & DIY,Taška do ruky Michael Kors Vincent,"Ak hľadáte nové trendy na trhu, predstavujeme <b>Taška do ruky Michael Kors Vincent</b>!<br><br><ul><li>Farba: Čierna</li><li>Zloženie: Koža</li><li>T","Ak hľadáte nové trendy na trhu, predstavujeme <b>Taška do ruky Michael Kors Vincent</b>!<br><br><ul><li>Farba: Čierna</li><li>Zloženie: Koža</li><li>Typ zapínania: Magnetic</li><li>Obsahuje: Zahŕňa puzdro alebo obal značky</li><li>Približné rozmery: 42 x 37 x 14 cm</li></ul>",Pop Pulse Emporium,https://cdnbigbuy.com/images/0197853085084_S0387913_P00.jpg,https://cdnbigbuy.com/images/0197853085084_S0387913_P10.jpg,https://cdnbigbuy.com/images/0197853085084_S0387913_P20.jpg,,169.16,10,NEW,10.0,10.0,10.0,0.3,1000.0,EUR,2,8,3
S3043654,8424002060190,sk-SK,Gardening & DIY,Stropné svetlo DKD Home Decor Zlatá Kov 50 W 70 x 70 x 20 cm,"<p>Ak chcete vášmu domovu dodať kúsok originality, môžete tak urobiť s <b>Stropné svetlo DKD Home Decor Zlatá Kov 50 W 70 x 70 x 20 cm</b>.</p><br><br","<p>Ak chcete vášmu domovu dodať kúsok originality, môžete tak urobiť s <b>Stropné svetlo DKD Home Decor Zlatá Kov 50 W 70 x 70 x 20 cm</b>.</p><br><br><ul><li>Typ: Stropné svetlo</li><li>Farba: Zlatá</li><li>Materiál: Kov</li><li>Príkon: 50 W</li><li>Design: Moderný</li><li>Pätica: E27</li><li>Napätie: 220 V</li><li>Žiarovky: 4</li><li>Nezahŕňa: Žiarovka</li><li>Približné rozmery: <ul><li>70 x 70 x 20 cm</li><li>67 x 67 x 20 cm</li></ul></li><li>Krajina / Región výroby: Španielsko</li><li>Plátno",Pop Pulse Emporium,https://cdnbigbuy.com/images/8424002060190_S3043654_P21.jpg,https://cdnbigbuy.com/images/8424002060190_S3043654_P41.jpg,https://cdnbigbuy.com/images/8424002060190_S3043654_P01.jpg,https://cdnbigbuy.com/images/8424002060190_S3043654_P11.jpg,124.93,25,NEW,23.0,42.0,72.0,4.2,69552.0,EUR,2,8,3
S9183087,5908277388515,sk-SK,Gardening & DIY,Elektrický Prenosný Chladiaci Box Eldom TL110 Čierna Sivá 26 L,Vybavte svoje vozidlo najnovšími výrobkami! Kúpte si <b>Elektrický Prenosný Chladiaci Box Eldom TL110 Čierna Sivá 26 L</b> a nenechajte si ujsť žiadne,Vybavte svoje vozidlo najnovšími výrobkami! Kúpte si <b>Elektrický Prenosný Chladiaci Box Eldom TL110 Čierna Sivá 26 L</b> a nenechajte si ujsť žiadne detaily!<br><br><ul><li>Zásuvný produkt: áno</li><li>Druh zástrčky: EU zástrčky</li><li>Farba: <ul><li>Čierna</li><li>Sivá</li></ul></li><li>Materiál: Polyurethane</li><li>Vlastnosti: Rukoväte na prepravu</li><li>Napätie: <ul><li>12 V</li><li>220 -240 V</li></ul></li><li>Napájací Zdroj: <ul><li>Zapaľovač do auta</li><li>elektrická sieť</li></ul></,Pop Pulse Emporium,https://cdnbigbuy.com/images/S9183087_59082773885150.jpg,https://cdnbigbuy.com/images/5908277388515_S9183087_P30.jpg,,,110.13,2,NEW,44.5,41.5,33.0,4.93,60942.75,EUR,2,8,3
S55065819,0710931130577,sk-SK,Gardening & DIY,Prístupový Bod Trendnet TEW-821DAP Biela,"Ak sú <b>počítače a elektronika</b> vašou vášňou a máte radi aktualizácie z oblasti technológie, a neuniknú vám ani najmenšie detajly, zakúpte <b>Prís","Ak sú <b>počítače a elektronika</b> vašou vášňou a máte radi aktualizácie z oblasti technológie, a neuniknú vám ani najmenšie detajly, zakúpte <b>Prístupový Bod Trendnet TEW-821DAP Biela</b> za neporaziteľnú cenu.<br><br><ul><li>Farba: Biela</li><li>Typ: Prístupový Bod</li><li>Zásuvný produkt: áno</li><li>Druh zástrčky: EU zástrčky</li><li>Napätie: 12 V</li><li>Rýchlosť: <ul><li>867 Mbps</li><li>1000 Mbit/s</li><li>10 Gbit/s</li></ul></li><li>Obsahuje: Kábel Ethernet LAN</li><li>Vlastnosti: <ul>",Pop Pulse Emporium,https://cdnbigbuy.com/images/169834812.jpg,https://cdnbigbuy.com/images/169834802.jpg,https://cdnbigbuy.com/images/169834832.jpg,https://cdnbigbuy.com/images/169834822.jpg,110.95,2,NEW,31.0,24.0,9.0,1.01,6696.0,EUR,2,8,3
M0506675,8715946474656,sk-SK,Gardening & DIY,Toner Epson ACULASER C3900N Čierna,Tillbaka till kontoret utan att ha glömt en enda pryl! Köp <b>Toner Epson ACULASER C3900N Čierna</b> och låt dina kollegor avundas dig!<br><br><ul><li,Tillbaka till kontoret utan att ha glömt en enda pryl! Köp <b>Toner Epson ACULASER C3900N Čierna</b> och låt dina kollegor avundas dig!<br><br><ul><li>Farba: Čierna</li><li>Kompatibilné: <ul><li>AL-C300DN</li><li>AL-C300DTN</li><li>AL-C300N</li><li>C3900DTN</li><li>C3900N</li><li>WORKFORCE AL-C300DN</li><li>WORKFORCE AL-C300DTN</li><li>WORKFORCE AL-C300N</li><li>ACULASER CX37DTNF</li><li>ACULASER CX37DNF</li><li>ACULASER C3900DN</li><li>ACULASER C3900DTN</li><li>ACULASER C3900N</li><li>ACULASER ,Pop Pulse Emporium,https://cdnbigbuy.com/images/8715946474656_M0506675_P00.jpg,,,,194.14,1,NEW,49.5,14.5,18.5,1.26,13278.38,EUR,2,8,3
S55147586,8717371449049,sk-SK,Gardening & DIY,"Držiak na televíziu Neomounts WL70-450BL11 17"" 32"" 9 kg","Ak sú <b>počítače a elektronika</b> vašou vášňou a máte radi aktualizácie z oblasti technológie, a neuniknú vám ani najmenšie detajly, zakúpte <b>Drži","Ak sú <b>počítače a elektronika</b> vašou vášňou a máte radi aktualizácie z oblasti technológie, a neuniknú vám ani najmenšie detajly, zakúpte <b>Držiak na televíziu Neomounts WL70-450BL11 17"" 32"" 9 kg</b> za neporaziteľnú cenu.<br><br><ul><li>Palce: 32""</li><li>Typ: <ul><li>Nástenný Držiak</li><li>Držiak na televíziu</li></ul></li><li>Farba: Čierna</li><li>Obsahuje: Skrutky</li><li>Vlastnosti: <ul><li>Nastaviteľná výška</li><li>Nastaviteľný</li><li>Káblové svorky</li><li>Naklápací</li></ul></li",Pop Pulse Emporium,https://cdnbigbuy.com/images/599646343.jpg,https://cdnbigbuy.com/images/599645933.jpg,https://cdnbigbuy.com/images/599645653.jpg,,102.73,1,NEW,41.0,77.47,22.86,2.33,72609.53,EUR,2,8,3
S9916336,0023942322160,sk-SK,Gardening & DIY,Stenová nabíjačka Verbatim 32216 165 W Čierna,"Ak sú <b>počítače a elektronika</b> vašou vášňou a máte radi aktualizácie z oblasti technológie, a neuniknú vám ani najmenšie detajly, zakúpte <b>Sten","Ak sú <b>počítače a elektronika</b> vašou vášňou a máte radi aktualizácie z oblasti technológie, a neuniknú vám ani najmenšie detajly, zakúpte <b>Stenová nabíjačka Verbatim 32216 165 W Čierna</b> za neporaziteľnú cenu.<br><br><p><b>Stenná nabíjačka Verbatim model 32216</b> je všestranné a kompaktné zariadenie navrhnuté na efektívne a rýchle nabíjanie viacerých elektronických zariadení. Vyrobená z <b>čierneho polykarbonátového materiálu</b>, zaručuje pevnú a odolnú konštrukciu vhodnú na každodenn",Pop Pulse Emporium,https://cdnbigbuy.com/images/0023942322160_S9916336_P01.jpg,https://cdnbigbuy.com/images/0023942322160_S9916336_P11.jpg,https://cdnbigbuy.com/images/0023942322160_S9916336_P21.jpg,https://cdnbigbuy.com/images/0023942322160_S9916336_P31.jpg,110.18,5,NEW,14.5,11.5,5.0,0.36,833.75,EUR,2,8,3
S7274699,8430622788901,sk-SK,Gardening & DIY,Dámske hodinky Festina F20595/1,"Ak sledujete trendy v oblasti módy a doplnkov, nakupujte <b>Dámske hodinky Festina F20595/1</b> za najlepšie ceny.<br><br><ul><li>Pohlavie: Dáma</li><","Ak sledujete trendy v oblasti módy a doplnkov, nakupujte <b>Dámske hodinky Festina F20595/1</b> za najlepšie ceny.<br><br><ul><li>Pohlavie: Dáma</li><li>Extra články reťaze: Č.</li><li>Druh hodiniek: Náramkové hodinky</li><li>Krajina / Región výroby: Čína</li><li>Materiál náramku: Nerezová oceľ</li><li>Materiál hodiniek: Nerezová oceľ</li><li>Farba remienka: Viacfarebná</li><li>Design: Dáma</li><li>Typ pohybu: Kremeň</li><li>Približná hmotnosť: 120 gr</li></ul>",Pop Pulse Emporium,https://cdnbigbuy.com/images/8430622788901_S7274699_P01.jpg,https://cdnbigbuy.com/images/8430622788901_S7274699_P11.jpg,https://cdnbigbuy.com/images/73756_mandatory-watch1.jpg,,178.58,50,NEW,39.0,19.0,10.0,0.4,7410.0,EUR,2,8,3
S5614430,0761345801027,sk-SK,Gardening & DIY,Počítačová skriňa ATX v prevedení midi-tower Antec P10C,"Ak sú <b>počítače a elektronika</b> vašou vášňou a máte radi aktualizácie z oblasti technológie, a neuniknú vám ani najmenšie detajly, zakúpte <b>Počí","Ak sú <b>počítače a elektronika</b> vašou vášňou a máte radi aktualizácie z oblasti technológie, a neuniknú vám ani najmenšie detajly, zakúpte <b>Počítačová skriňa ATX v prevedení midi-tower Antec P10C</b> za neporaziteľnú cenu.<br><br><ul><li>Farba: Čierna</li><li>Približné rozmery: 47.7 x 22 x 48.6 cm</li><li>Pripojenie: <ul><li>USB-A 3.2</li><li>USB-C 3.2 Gen 2 (3.1 Gen 2)</li></ul></li><li>Typ: <ul><li>Počítačová skriňa ATX v prevedení midi-tower</li><li>PC</li></ul></li><li>Materiál: Oceľ</",Pop Pulse Emporium,https://cdnbigbuy.com/images/0761345801027_S5614430_P02.jpg,https://cdnbigbuy.com/images/0761345801027_I22.jpg,https://cdnbigbuy.com/images/0761345801027_I42.jpg,https://cdnbigbuy.com/images/0761345801027_I62.jpg,130.29,25,NEW,53.0,55.0,29.0,9.0,84535.0,EUR,2,8,3
S7274932,8430622749087,sk-SK,Gardening & DIY,Vreckové hodinky Festina F2028/1,"Ak sledujete trendy v oblasti módy a doplnkov, nakupujte <b>Vreckové hodinky Festina F2028/1</b> za najlepšie ceny.<br><br><ul><li>Pohlavie: Muž</li><","Ak sledujete trendy v oblasti módy a doplnkov, nakupujte <b>Vreckové hodinky Festina F2028/1</b> za najlepšie ceny.<br><br><ul><li>Pohlavie: Muž</li><li>Typ: Vreckové hodinky</li><li>Krajina / Región výroby: Čína</li><li>Materiál náramku: Nerezová oceľ</li><li>Materiál hodiniek: Nerezová oceľ</li><li>Farba remienka: Zlato</li><li>Hmotnosť: 80 g</li><li>Typ pohybu: Kremeň</li><li>Vlastnosti: Bez uzáveru</li></ul>",Pop Pulse Emporium,https://cdnbigbuy.com/images/8430622749087_S7274932_P01.jpg,,,,189.6,50,NEW,3.0,9.0,9.0,0.03,243.0,EUR,2,8,3
S0311759,0091661437083,sk-SK,Gardening & DIY,Pánske hodinky Guess W0408G1 (Ø 45 mm),"Ak sledujete trendy v oblasti módy a doplnkov, nakupujte <b>Pánske hodinky Guess W0408G1 (Ø 45 mm)</b> za najlepšie ceny.<br><br><ul><li>Pohlavie: Muž","Ak sledujete trendy v oblasti módy a doplnkov, nakupujte <b>Pánske hodinky Guess W0408G1 (Ø 45 mm)</b> za najlepšie ceny.<br><br><ul><li>Pohlavie: Muž</li><li>Druh hodiniek: Náramkové hodinky</li><li>Extra články reťaze: Č.</li><li>Približný priemer: 45 mm</li><li>Farba remienka: Čierna</li><li>Materiál puzdra hodiniek: Nerezová oceľ</li><li>Typ pohybu: Kremeň</li><li>Sklo: Minerál</li><li>Vodeodolnosť: 10 atm</li><li>Obsahuje: Zahŕňa puzdro alebo obal značky</li><li>Typ zapínania: Pracka</li><l",Pop Pulse Emporium,https://cdnbigbuy.com/images/0091661437083_S0311759_ok_P02.jpg,https://cdnbigbuy.com/images/8937_mandatory-watch2.jpg,,,148.6,1,NEW,32.0,19.0,10.0,0.4,6080.0,EUR,2,8,3
S0388225,0194900701515,sk-SK,Gardening & DIY,Taška na plece Michael Kors 35T9GTVT0L-LT-CREAM Béžová 24 x 19 x 10 cm,"Ak hľadáte nové trendy na trhu, predstavujeme <b>Taška na plece Michael Kors 35T9GTVT0L-LT-CREAM Béžová 24 x 19 x 10 cm</b>!<br><br><ul><li>Typ: Dámsk","Ak hľadáte nové trendy na trhu, predstavujeme <b>Taška na plece Michael Kors 35T9GTVT0L-LT-CREAM Béžová 24 x 19 x 10 cm</b>!<br><br><ul><li>Typ: Dámska Taška</li><li>Farba: Béžová</li><li>Materiál: Plátno</li><li>Typ zapínania: Zips</li><li>Obsahuje: Zahŕňa puzdro alebo obal značky</li><li>Približné rozmery: 24 x 19 x 10 cm</li></ul>",Pop Pulse Emporium,https://cdnbigbuy.com/images/0194900701515_S0388225_P00.jpg,https://cdnbigbuy.com/images/0194900701515_S0388225_P10.jpg,https://cdnbigbuy.com/images/0194900701515_S0388225_P20.jpg,,174.71,2,NEW,10.0,10.0,10.0,0.3,1000.0,EUR,2,8,3
S9145492,4711378425277,sk-SK,Gardening & DIY,Pamäťová karta Micro SD s adaptérom Patriot Memory PEF1TBEP31MCX 1 TB,"Ak sú <b>počítače a elektronika</b> vašou vášňou a máte radi aktualizácie z oblasti technológie, a neuniknú vám ani najmenšie detajly, zakúpte <b>Pamä","Ak sú <b>počítače a elektronika</b> vašou vášňou a máte radi aktualizácie z oblasti technológie, a neuniknú vám ani najmenšie detajly, zakúpte <b>Pamäťová karta Micro SD s adaptérom Patriot Memory PEF1TBEP31MCX 1 TB</b> za neporaziteľnú cenu.<br><br><ul><li>Typ: <ul><li>Trieda 10</li><li>Trieda 3 (U3)</li></ul></li><li>Farba: <ul><li>Čierna</li><li>Červená</li></ul></li><li>Tvar: MicroSDXC</li><li>Interná pamäť: 1 TB</li><li>Rýchlosť: <ul><li>80 MB/s</li><li>90 MB/s</li><li>v30</li></ul></li><li",Pop Pulse Emporium,https://cdnbigbuy.com/images/S9145492_4711378425277_P20.jpg,,,,127.83,1,NEW,0.5,10.0,13.2,0.03,66.0,EUR,2,8,3
S91122682,5400520305985,sk-SK,Gardening & DIY,Športový ruksak Gregory 153049-1552 Modrá Červená 20 L 25 L,Udržujte sa vo forme a objavte posledné novinky zo sveta športu s tými najväčšími zárukami! Nakúpte <b>Športový ruksak Gregory 153049-1552 Modrá Červe,Udržujte sa vo forme a objavte posledné novinky zo sveta športu s tými najväčšími zárukami! Nakúpte <b>Športový ruksak Gregory 153049-1552 Modrá Červená 20 L 25 L</b> za najlepšiu cenu a užívajte si zdravý život!<br><br><ul><li>Typ: Športový ruksak</li><li>Farba: <ul><li>Modrá</li><li>Červená</li></ul></li><li>Materiál: <ul><li>Polyester</li><li>Legovaný oceľ</li></ul></li><li>Šírka: 29 cm</li><li>Vysoký: 53 cm</li><li>Dlhý: <ul><li>20 cm</li><li>18 cm</li></ul></li><li>Zloženie: Nylon</li><li>P,Pop Pulse Emporium,https://cdnbigbuy.com/images/5400520305985_S91122682_P00.jpg,https://cdnbigbuy.com/images/5400520305985_S91122682_P10.jpg,https://cdnbigbuy.com/images/5400520305985_S91122682_P20.jpg,https://cdnbigbuy.com/images/5400520305985_S91122682_P30.jpg,128.8,4,NEW,30.0,10.0,53.0,1.14,15900.0,EUR,2,8,3
S7248298,8430622795589,sk-SK,Gardening & DIY,Pánske hodinky Festina F16759/7,"Ak sledujete trendy v oblasti módy a doplnkov, nakupujte <b>Pánske hodinky Festina F16759/7</b> za najlepšie ceny.<br><br><ul><li>Pohlavie: Muž</li><l","Ak sledujete trendy v oblasti módy a doplnkov, nakupujte <b>Pánske hodinky Festina F16759/7</b> za najlepšie ceny.<br><br><ul><li>Pohlavie: Muž</li><li>Extra články reťaze: Č.</li><li>Druh hodiniek: Náramkové hodinky</li></ul>",Pop Pulse Emporium,https://cdnbigbuy.com/images/8430622795589_S7248298_P02.jpg,https://cdnbigbuy.com/images/8430622795589_S7248298_P12.jpg,https://cdnbigbuy.com/images/47462_mandatory-watch2.jpg,,189.6,50,NEW,32.0,19.0,10.0,0.4,6080.0,EUR,2,8,3
S9900703,8436574702811,sk-SK,Gardening & DIY,Sieťový kábel UTP kategórie 6 Aisens A136-0282 Sivá 305 m,"Ak sú <b>počítače a elektronika</b> vašou vášňou a máte radi aktualizácie z oblasti technológie, a neuniknú vám ani najmenšie detajly, zakúpte <b>Sieť","Ak sú <b>počítače a elektronika</b> vašou vášňou a máte radi aktualizácie z oblasti technológie, a neuniknú vám ani najmenšie detajly, zakúpte <b>Sieťový kábel UTP kategórie 6 Aisens A136-0282 Sivá 305 m</b> za neporaziteľnú cenu.<br><br><ul><li>Dĺžka kábla: 305 m</li><li>Typ: <ul><li>Sieťový kábel</li><li>Koncovka Samec/Koncovka Samec</li><li>Cat6</li></ul></li><li>Farba: Sivá</li><li>Rok: 2019</li><li>Tvar: Okrúhly</li><li>Napätie: 3 V</li><li>Vodivý materiál: Medený</li><li>Pripojenie: RJ45</",Pop Pulse Emporium,https://cdnbigbuy.com/images/8436574702811_I20.jpg,,,,174.43,4,NEW,39.5,24.5,38.5,11.65,37258.38,EUR,2,8,3
S2712353,8414793749039,sk-SK,Gardening & DIY,"Kvetináč so stojanom Vinthera Moa zelená Kov 17 x 17 x 29,5 cm (6 kusov)","Ak pri zariaďovaní vášho domova kladiete dôraz na všetky detaily a chcete byť priebežne informovaný o najnovších výrobkoch, ktoré vám uľahčia život, n","Ak pri zariaďovaní vášho domova kladiete dôraz na všetky detaily a chcete byť priebežne informovaný o najnovších výrobkoch, ktoré vám uľahčia život, nakupujte <b>Kvetináč so stojanom Vinthera Moa zelená Kov 17 x 17 x 29,5 cm (6 kusov)</b> za tú najlepšiu cenu.<br><br><ul><li>Typ: Kvetináč so stojanom</li><li>Farba: zelená</li><li>Materiál: Kov</li><li>Kusov: 6 kusov</li><li>Približné rozmery: 17 x 17 x 29,5 cm</li></ul>",Pop Pulse Emporium,https://cdnbigbuy.com/images/8414793749039_s2712353_p3_icon0.jpg,https://cdnbigbuy.com/images/8414793749039_S2712353_P10.jpg,https://cdnbigbuy.com/images/8414793749039_S2712353_P20.jpg,https://cdnbigbuy.com/images/8414793749039_S2712353_P30.jpg,105.05,50,NEW,56.0,38.0,32.0,3.3,68096.0,EUR,2,8,3
S0367119,0196163426297,sk-SK,Gardening & DIY,Dámska Taška Michael Kors 35F2GM9S8B-VANILLA 31 x 23 x 12 cm,Chcete držať krok s módou a máte radi drobné doplnky? Prinášame vám <b>Dámska Taška Michael Kors 35F2GM9S8B-VANILLA 31 x 23 x 12 cm</b> a široký výber,Chcete držať krok s módou a máte radi drobné doplnky? Prinášame vám <b>Dámska Taška Michael Kors 35F2GM9S8B-VANILLA 31 x 23 x 12 cm</b> a široký výber trendy kabeliek a peňaženiek!<br><br><ul><li>Typ: Dámska Taška</li><li>Pohlavie: Dáma</li><li>Zloženie: Koža</li><li>Typ zapínania: Zips</li><li>Približné rozmery: 31 x 23 x 12 cm</li></ul>,Pop Pulse Emporium,https://cdnbigbuy.com/images/0196163426297_S0367119_P03.jpg,https://cdnbigbuy.com/images/0196163426297_S0367119_P13.jpg,https://cdnbigbuy.com/images/0196163426297_S0367119_P23.jpg,,196.91,5,NEW,10.0,20.0,20.0,0.3,4000.0,EUR,2,8,3
S9914000,4894461997742,sk-SK,Gardening & DIY,Smartphony TCL T509K3-2BLCA112 Octa Core 6 GB RAM 256 GB Modrá,"Ak sú <b>počítače a elektronika</b> vašou vášňou a máte radi aktualizácie z oblasti technológie, a neuniknú vám ani najmenšie detajly, zakúpte <b>Smar","Ak sú <b>počítače a elektronika</b> vašou vášňou a máte radi aktualizácie z oblasti technológie, a neuniknú vám ani najmenšie detajly, zakúpte <b>Smartphony TCL T509K3-2BLCA112 Octa Core 6 GB RAM 256 GB Modrá</b> za neporaziteľnú cenu.<br><br><ul><li>Farba: Modrá</li><li>Typ: <ul><li>Smartphones, Mobile phones</li><li>Smartphony</li><li>Dual SIM</li></ul></li><li>Maximálna veľkosť pamäťovej karty: 512 GB</li><li>Glonass: áno</li><li>Kompatibilné pamäťové karty: <ul><li>MicroSD (TransFlash)</li><",Pop Pulse Emporium,https://cdnbigbuy.com/images/4894461997742_S9914000_P00.jpg,,,,134.14,25,NEW,18.5,9.0,5.0,0.39,832.5,EUR,2,8,3
S72100095,8054719172703,sk-SK,Gardening & DIY,Prívesok na kľúče Amen CLMIBM,Vybavte svoje vozidlo najnovšími výrobkami! Kúpte si <b>Prívesok na kľúče Amen CLMIBM</b> a nenechajte si ujsť žiadne detaily!<br><br><ul><li>Typ: Prí,Vybavte svoje vozidlo najnovšími výrobkami! Kúpte si <b>Prívesok na kľúče Amen CLMIBM</b> a nenechajte si ujsť žiadne detaily!<br><br><ul><li>Typ: Prívesok na kľúče</li></ul>,Pop Pulse Emporium,https://cdnbigbuy.com/images/8054719172703_R00.jpg,,,,106.03,5,NEW,9.33,9.5,10.99,0.23,974.1,EUR,2,8,3
S0388885,0196237635624,sk-SK,Gardening & DIY,Taška na plece Michael Kors Leida Čierna 33 X 30 X 12 CM,"Ak hľadáte nové trendy na trhu, predstavujeme <b>Taška na plece Michael Kors Leida Čierna 33 X 30 X 12 CM</b>!<br><br><ul><li>Typ: Taška</li><li>Pohla","Ak hľadáte nové trendy na trhu, predstavujeme <b>Taška na plece Michael Kors Leida Čierna 33 X 30 X 12 CM</b>!<br><br><ul><li>Typ: Taška</li><li>Pohlavie: Dáma</li><li>Farba: Čierna</li><li>Materiál: Plátno</li><li>Typ zapínania: Zips</li><li>Obsahuje: Zahŕňa puzdro alebo obal značky</li><li>Približné rozmery: 33 X 30 X 12 CM</li></ul>",Pop Pulse Emporium,https://cdnbigbuy.com/images/0196237635624_S0388885_P00.jpg,https://cdnbigbuy.com/images/0196237635624_S0388885_P10.jpg,https://cdnbigbuy.com/images/0196237635624_S0388885_P20.jpg,,174.71,10,NEW,12.0,33.0,22.0,0.4,8712.0,EUR,2,8,3
S8110730,0840023290565,sk-SK,Gardening & DIY,Smartphony Motorola Moto G05 8 GB RAM 256 GB zelená,"Ak hľadáte nové trendy na trhu, predstavujeme <b>Smartphony Motorola Moto G05 8 GB RAM 256 GB zelená</b>!<br><br><ul><li>Zásuvný produkt: áno</li><li>","Ak hľadáte nové trendy na trhu, predstavujeme <b>Smartphony Motorola Moto G05 8 GB RAM 256 GB zelená</b>!<br><br><ul><li>Zásuvný produkt: áno</li><li>Typ: Smartphony</li><li>Druh zástrčky: EU zástrčky</li><li>Farba: zelená</li><li>Vlastnosti: <ul><li>GPS</li><li>Predná kamera</li><li>Dotyková obrazovka</li><li>Dual SIM</li><li>Odolné voči postriekaniu</li><li>WiFi</li><li>HD obrazovka</li><li>Android</li><li>Rýchle nabíjanie</li><li>Zadná kamera</li></ul></li><li>Pripojenie: <ul><li>Bluetooth</l",Pop Pulse Emporium,https://cdnbigbuy.com/images/0840023290565_S8110730_P00.jpg,,,,170.62,9,NEW,13.0,13.0,12.0,0.39,2028.0,EUR,2,8,3
S3052594,8424002073916,sk-SK,Gardening & DIY,Stropné svetlo DKD Home Decor 98 x 45 x 30 cm Sklo Kov Biela 50 W,"<p>Ak chcete vášmu domovu dodať kúsok originality, môžete tak urobiť s <b>Stropné svetlo DKD Home Decor 98 x 45 x 30 cm Sklo Kov Biela 50 W</b>.</p><b","<p>Ak chcete vášmu domovu dodať kúsok originality, môžete tak urobiť s <b>Stropné svetlo DKD Home Decor 98 x 45 x 30 cm Sklo Kov Biela 50 W</b>.</p><br><br><ul><li>Typ: <ul><li>Stropné svetlo</li><li>Gule</li></ul></li><li>Farba: Biela</li><li>Materiál: <ul><li>Kov</li><li>Sklo</li></ul></li><li>Príkon: 50 W</li><li>Pätica: E27</li><li>Napätie: 220 V</li><li>Nezahŕňa: Žiarovka</li><li>Približné rozmery: <ul><li>98 x 45 x 30 cm</li><li>98 x 21 x 22 cm</li></ul></li><li>Krajina / Región výroby: Šp",Pop Pulse Emporium,https://cdnbigbuy.com/images/8424002073916_S3052594_P11.jpg,https://cdnbigbuy.com/images/8424002073916_S3052594_P61.jpg,https://cdnbigbuy.com/images/8424002073916_S3052594_P51.jpg,https://cdnbigbuy.com/images/8424002073916_S3052594_P41.jpg,119.93,25,NEW,106.0,20.0,34.0,3.1,72080.0,EUR,2,8,3
S91118105,9312432031011,sk-SK,Gardening & DIY,Hriankovač Sage STA735BTR4EEU1 1000 W,"Ak hľadáte nové trendy na trhu, predstavujeme <b>Hriankovač Sage STA735BTR4EEU1 1000 W</b>!<br><br><ul><li>Zásuvný produkt: áno</li><li>Typ: Hriankova","Ak hľadáte nové trendy na trhu, predstavujeme <b>Hriankovač Sage STA735BTR4EEU1 1000 W</b>!<br><br><ul><li>Zásuvný produkt: áno</li><li>Typ: Hriankovač</li><li>Druh zástrčky: EU zástrčky</li><li>Farba: Čierna</li><li>Materiál: Nerezová oceľ</li><li>Vlastnosti: Odnímateľný zásobník</li><li>Príkon: 1000 W</li><li>Napätie: 220-240 V</li><li>Obsahuje: Používateľská príručka</li><li>Kapacita: 2 krajce</li></ul>",Pop Pulse Emporium,https://cdnbigbuy.com/images/9312432031011_S91118105_P00.jpg,,,,180.39,1,NEW,24.5,26.0,40.5,3.5,25798.5,EUR,2,8,3
S0463722,6970100377842,sk-SK,Gardening & DIY,Chytré hodinky Amazfit W2435EU1N,"Ak hľadáte nové trendy na trhu, predstavujeme <b>Chytré hodinky Amazfit W2435EU1N</b>!<br><br><ul><li>Druh hodiniek: Chytré hodinky</li><li>Zásuvný pr","Ak hľadáte nové trendy na trhu, predstavujeme <b>Chytré hodinky Amazfit W2435EU1N</b>!<br><br><ul><li>Druh hodiniek: Chytré hodinky</li><li>Zásuvný produkt: áno</li></ul>",Pop Pulse Emporium,https://cdnbigbuy.com/images/6970100377842_S0463722_P00.jpg,,,,102.72,25,NEW,11.49,10.93,10.1,0.19,1268.42,EUR,2,8,3
S37115018,8027280496912,sk-SK,Gardening & DIY,Chránič rebier OMP OMPKK0-0047-B01-007-L L,Vybavte svoje vozidlo najnovšími výrobkami! Kúpte si <b>Chránič rebier OMP OMPKK0-0047-B01-007-L L</b> a nenechajte si ujsť žiadne detaily!<br><br><ul,Vybavte svoje vozidlo najnovšími výrobkami! Kúpte si <b>Chránič rebier OMP OMPKK0-0047-B01-007-L L</b> a nenechajte si ujsť žiadne detaily!<br><br><ul><li>Veľkosť: L</li><li>Farba: Čierna</li><li>Materiál: Uhlíkové vlákno</li><li>Vlastnosti: Nastaviteľný</li></ul>,Pop Pulse Emporium,https://cdnbigbuy.com/images/8027280496912_S37115018_P00.jpg,https://cdnbigbuy.com/images/114567_mandatory-motor0.jpg,,,136.46,50,NEW,5.0,5.0,15.0,2.0,375.0,EUR,2,8,3
S71002643,3454980333899,sk-SK,Gardening & DIY,Matrac do kolísky P'TIT LIT Perfect 120 x 60 cm,"Pre naše deti chceme len to najlepšie, a preto by sme Vám chceli predstaviť <b>Matrac do kolísky P'TIT LIT Perfect 120 x 60 cm</b>, perfektný pre všet","Pre naše deti chceme len to najlepšie, a preto by sme Vám chceli predstaviť <b>Matrac do kolísky P'TIT LIT Perfect 120 x 60 cm</b>, perfektný pre všetkých, ktorí hľadajú kvalitatívne vysokohodnotný produkt pre najmenších. Nakúpte <b>P'TIT LIT</b> a ďalšie značky a licencie za tie najlepšie ceny!<br><br><ul><li>Približné rozmery: 120 x 60 cm</li></ul>",Pop Pulse Emporium,https://cdnbigbuy.com/images/3454980333899_S71002643_P00.jpg,https://cdnbigbuy.com/images/3454980333899_S71002643_P10.jpg,https://cdnbigbuy.com/images/3454980333899_S71002643_P20.jpg,https://cdnbigbuy.com/images/3454980333899_S71002643_P30.jpg,114.92,1,NEW,78.0,27.5,27.0,2.6,57915.0,EUR,2,8,3
S5603781,0810354025730,sk-SK,Gardening & DIY,Napájací Zdroj UBIQUITI EP-54V-150W-DC 150 W,"Ak sú <b>počítače a elektronika</b> vašou vášňou a máte radi aktualizácie z oblasti technológie, a neuniknú vám ani najmenšie detajly, zakúpte <b>Napá","Ak sú <b>počítače a elektronika</b> vašou vášňou a máte radi aktualizácie z oblasti technológie, a neuniknú vám ani najmenšie detajly, zakúpte <b>Napájací Zdroj UBIQUITI EP-54V-150W-DC 150 W</b> za neporaziteľnú cenu.<br><br><ul><li>Farba: Sivá</li><li>Vlastnosti: LED indikátor</li><li>Napájací Zdroj: 150 W</li><li>Zásuvný produkt: áno</li><li>Druh zástrčky: EU zástrčky</li><li>Typ: Napájací Zdroj</li><li>Napätie: 240 V</li><li>Príkon: 150 W</li></ul>",Pop Pulse Emporium,https://cdnbigbuy.com/images/0810354025730_S5603781_P02.jpg,,,,109.53,10,NEW,28.0,14.0,14.0,2.0,5488.0,EUR,2,8,3
S71002649,3454980333936,sk-SK,Gardening & DIY,Matrac do kolísky P'TIT LIT Organic Cotton 120 x 60 cm,"Pre naše deti chceme len to najlepšie, a preto by sme Vám chceli predstaviť <b>Matrac do kolísky P'TIT LIT Organic Cotton 120 x 60 cm</b>, perfektný p","Pre naše deti chceme len to najlepšie, a preto by sme Vám chceli predstaviť <b>Matrac do kolísky P'TIT LIT Organic Cotton 120 x 60 cm</b>, perfektný pre všetkých, ktorí hľadajú kvalitatívne vysokohodnotný produkt pre najmenších. Nakúpte <b>P'TIT LIT</b> a ďalšie značky a licencie za tie najlepšie ceny!<br><br><ul><li>Približné rozmery: 120 x 60 cm</li></ul>",Pop Pulse Emporium,https://cdnbigbuy.com/images/3454980333936_S71002649_P00.jpg,https://cdnbigbuy.com/images/3454980333936_S71002649_P30.jpg,https://cdnbigbuy.com/images/3454980333936_S71002649_P10.jpg,https://cdnbigbuy.com/images/3454980333936_S71002649_P20.jpg,113.62,10,NEW,78.0,27.0,27.0,3.0,56862.0,EUR,2,8,3
S71012551,5411397012357,sk-SK,Gardening & DIY,Stojanový ventilátor DOMO DO152A Biela 110 W,"Ak hľadáte nové trendy na trhu, predstavujeme <b>Stojanový ventilátor DOMO DO152A Biela 110 W</b>!<br><br><ul><li>Farba: Biela</li><li>Materiál: Plast","Ak hľadáte nové trendy na trhu, predstavujeme <b>Stojanový ventilátor DOMO DO152A Biela 110 W</b>!<br><br><ul><li>Farba: Biela</li><li>Materiál: Plastické</li><li>Napätie: 230 V</li><li>Príkon: 110 W</li><li>Kapacita: 5,5 L</li><li>Rýchlosti: 3 rýchlosti</li><li>Typ montáže: Podlaha</li></ul>",Pop Pulse Emporium,https://cdnbigbuy.com/images/5411397012357_S71012551_P00.jpg,https://cdnbigbuy.com/images/5411397012357_S71012551_P50.jpg,https://cdnbigbuy.com/images/5411397012357_S71012551_P40.jpg,https://cdnbigbuy.com/images/5411397012357_S71012551_P30.jpg,199.41,25,NEW,41.19,36.61,45.2,4.48,68160.06,EUR,2,8,3
S72122306,4894816159955,sk-SK,Gardening & DIY,Pánske hodinky Timberland TDWGC0068802,"Ak hľadáte nové trendy na trhu, predstavujeme <b>Pánske hodinky Timberland TDWGC0068802</b>!<br><br><ul><li>Pohlavie: Muž</li><li>Extra články reťaze:","Ak hľadáte nové trendy na trhu, predstavujeme <b>Pánske hodinky Timberland TDWGC0068802</b>!<br><br><ul><li>Pohlavie: Muž</li><li>Extra články reťaze: Č.</li><li>Druh hodiniek: Náramkové hodinky</li></ul>",Pop Pulse Emporium,https://cdnbigbuy.com/images/4894816159955_R00.jpg,https://cdnbigbuy.com/images/4894816159955_R10.jpg,https://cdnbigbuy.com/images/4894816159955_R20.jpg,https://cdnbigbuy.com/images/121318_mandatory-watch0.jpg,189.53,2,NEW,14.15,12.43,10.11,0.3,1778.19,EUR,2,8,3
S72104284,4971850085201,sk-SK,Gardening & DIY,Pánske hodinky Casio BESIDE Striebristý (Ø 41 mm),"Ak sledujete trendy v oblasti módy a doplnkov, nakupujte <b>Pánske hodinky Casio BESIDE Striebristý (Ø 41 mm)</b> za najlepšie ceny.<br><br><ul><li>Ex","Ak sledujete trendy v oblasti módy a doplnkov, nakupujte <b>Pánske hodinky Casio BESIDE Striebristý (Ø 41 mm)</b> za najlepšie ceny.<br><br><ul><li>Extra články reťaze: Č.</li><li>Druh hodiniek: Náramkové hodinky</li><li>Funkcie: Dátum</li><li>Pohlavie: Muž</li><li>Materiál náramku: Nerezová oceľ</li><li>Obsahuje: K produktu dostanete originálnu krabičku</li><li>Vodeodolnosť: 5 atm</li><li>Sklo: Minerál</li><li>Typ pohybu: Kremeň</li><li>Priemer puzdra hodiniek: Ø 41 mm</li><li>Farba: Striebrist",Pop Pulse Emporium,https://cdnbigbuy.com/images/4971850085201_S72104284_P00.jpg,https://cdnbigbuy.com/images/103296_mandatory-watch0.jpg,,,122.38,1,NEW,14.15,12.43,10.11,0.3,1778.19,EUR,2,8,3
S55270972,0195892090472,sk-SK,Gardening & DIY,Slúchadlá Lenovo 4XD1M45627 Čierna,"Ak sú <b>počítače a elektronika</b> vašou vášňou a máte radi aktualizácie z oblasti technológie, a neuniknú vám ani najmenšie detajly, zakúpte <b>Slúc","Ak sú <b>počítače a elektronika</b> vašou vášňou a máte radi aktualizácie z oblasti technológie, a neuniknú vám ani najmenšie detajly, zakúpte <b>Slúchadlá Lenovo 4XD1M45627 Čierna</b> za neporaziteľnú cenu.<br><br><ul><li>Typ: <ul><li>Slúchadlá</li><li>Slúchadlo</li><li>Slúchadlá z diadému</li><li>S káblom</li><li>Slúchadlá s mikrofónom</li></ul></li><li>Farba: Čierna</li><li>Vlastnosti: <ul><li>Zrušenie hluku</li><li>Mikrofón</li><li>Záruka</li><li>Vrátane inštalačnej príručky</li></ul></li><l",Pop Pulse Emporium,https://cdnbigbuy.com/images/830050100.jpg,,,,165.19,50,NEW,23.0,19.0,8.0,0.4,3496.0,EUR,2,8,3
S72123147,4894327112852,sk-SK,Gardening & DIY,Rám na okuliare Yohji Yamamoto YY1008 47118,"Ak rozmýšľate nad obnovením vášho šatníka, nakúpte <b>Rám na okuliare Yohji Yamamoto YY1008 47118</b> ďalšie <b>produkty Yohji Yamamoto</b>! Najlepšia","Ak rozmýšľate nad obnovením vášho šatníka, nakúpte <b>Rám na okuliare Yohji Yamamoto YY1008 47118</b> ďalšie <b>produkty Yohji Yamamoto</b>! Najlepšia kvalita za najlepšiu cenu je už na dosah!<br><br><ul><li>Pohlavie: Unisex</li><li>Vlastnosti: Nedioptrické sklo</li><li>Typ: Rám na okuliare</li></ul>",Pop Pulse Emporium,https://cdnbigbuy.com/images/4894327112852_S72123147_P00.jpg,https://cdnbigbuy.com/images/4894327112852_S72123147_P10.jpg,https://cdnbigbuy.com/images/4894327112852_S72123147_P20.jpg,,117.77,25,NEW,9.9,10.0,9.94,0.29,984.06,EUR,2,8,3
S55102441,0882658210723,sk-SK,Gardening & DIY,Sieťový Kábel SFP+ CISCO SFP-H10GB-CU1M=     ,"Ak sú <b>počítače a elektronika</b> vašou vášňou a máte radi aktualizácie z oblasti technológie, a neuniknú vám ani najmenšie detajly, zakúpte <b>Sieť","Ak sú <b>počítače a elektronika</b> vašou vášňou a máte radi aktualizácie z oblasti technológie, a neuniknú vám ani najmenšie detajly, zakúpte <b>Sieťový Kábel SFP+ CISCO SFP-H10GB-CU1M=     </b> za neporaziteľnú cenu.<br><br><ul><li>Druh zástrčky: EU zástrčky</li><li>Zásuvný produkt: áno</li><li>Pripojenie: <ul><li>SFP+</li><li>USB</li><li>RJ45</li><li>SATA</li></ul></li><li>Farba: <ul><li>Čierna</li><li>Sivá</li></ul></li><li>Dĺžka kábla: 1 m</li><li>Hmotnosť: 2,5 kg</li><li>Napätie: 240 V</li",Pop Pulse Emporium,https://cdnbigbuy.com/images/136870522.jpg,https://cdnbigbuy.com/images/0882658210723_S55102441_P02.jpg,,,113.36,2,NEW,30.0,23.0,1.0,2.5,690.0,EUR,2,8,3
S0375195,0091661527173,sk-SK,Gardening & DIY,Dámske hodinky Guess (Ø 35 mm),"Ak sledujete trendy v oblasti módy a doplnkov, nakupujte <b>Dámske hodinky Guess (Ø 35 mm)</b> za najlepšie ceny.<br><br><ul><li>Funkcie: Stopky</li><","Ak sledujete trendy v oblasti módy a doplnkov, nakupujte <b>Dámske hodinky Guess (Ø 35 mm)</b> za najlepšie ceny.<br><br><ul><li>Funkcie: Stopky</li><li>Typ pohybu: Kremeň</li><li>Obsahuje: K produktu dostanete originálnu krabičku</li><li>Sklo: Minerál</li><li>Vodeodolnosť: <ul><li>3 atm</li><li>5 atm</li></ul></li><li>Materiál náramku: Nerezová oceľ</li><li>Pohlavie: Dáma</li><li>Priemer puzdra hodiniek: <ul><li>Ø 36 mm</li><li>Ø 35 mm</li></ul></li><li>Extra články reťaze: Č.</li><li>Druh hodi",Pop Pulse Emporium,https://cdnbigbuy.com/images/0091661527173_S0375195_P01.jpg,https://cdnbigbuy.com/images/0091661527173_S0375195_P21.jpg,https://cdnbigbuy.com/images/0091661527173_S0375195_P31.jpg,https://cdnbigbuy.com/images/0091661527173_S0375195_P41.jpg,135.51,5,NEW,32.0,19.0,10.0,0.4,6080.0,EUR,2,8,3
S2436704,8422084125004,sk-SK,Gardening & DIY,Detský bicykel Toimsa Stitch Modrá,"Pre naše deti chceme len to najlepšie, a preto by sme Vám chceli predstaviť <b>Detský bicykel Toimsa Stitch Modrá</b>, perfektný pre všetkých, ktorí h","Pre naše deti chceme len to najlepšie, a preto by sme Vám chceli predstaviť <b>Detský bicykel Toimsa Stitch Modrá</b>, perfektný pre všetkých, ktorí hľadajú kvalitatívne vysokohodnotný produkt pre najmenších. Nakúpte <b>Toimsa</b> za tie najlepšie ceny!<br><br><ul><li>Typ: Detský bicykel</li><li>Pohlavie: Detské</li><li>Farba: Modrá</li><li>Jazyk: ES</li><li>Odporúčaný vek: + 3 rokov</li><li>Vyžaduje si montáž: áno</li><li>Manuál: ES</li><li>Palce: 12""</li></ul>",Pop Pulse Emporium,https://cdnbigbuy.com/images/8422084125004_S2436704_P01.jpg,,,,155.68,5,NEW,21.0,51.0,91.0,9.0,97461.0,EUR,2,8,3
S0375665,8431777845914,sk-SK,Gardening & DIY,Dámske hodinky Breil TW1830 (Ø 38 mm),"Ak sledujete trendy v oblasti módy a doplnkov, nakupujte <b>Dámske hodinky Breil TW1830 (Ø 38 mm)</b> za najlepšie ceny.<br><br><ul><li>Obsahuje: <ul>","Ak sledujete trendy v oblasti módy a doplnkov, nakupujte <b>Dámske hodinky Breil TW1830 (Ø 38 mm)</b> za najlepšie ceny.<br><br><ul><li>Obsahuje: <ul><li>Remienok hodiniek</li><li>K produktu dostanete originálnu krabičku</li></ul></li><li>Pohlavie: Dáma</li><li>Extra články reťaze: Č.</li><li>Druh hodiniek: Náramkové hodinky</li><li>Materiál náramku: Nerezová oceľ</li><li>Materiál puzdra hodiniek: Nerezová oceľ</li><li>Typ pohybu: Kremeň</li><li>Sklo: Minerál</li><li>Vodeodolnosť: 5 atm</li><li>",Pop Pulse Emporium,https://cdnbigbuy.com/images/8431777845914_S0375665_P01.jpg,https://cdnbigbuy.com/images/72024_mandatory-watch1.jpg,,,124.28,2,NEW,32.0,19.0,10.0,0.4,6080.0,EUR,2,8,3
S0391950,7613272433495,sk-SK,Gardening & DIY,Dámske hodinky Tommy Hilfiger 1782379 (Ø 40 mm),"Ak hľadáte nové trendy na trhu, predstavujeme <b>Dámske hodinky Tommy Hilfiger 1782379 (Ø 40 mm)</b>!<br><br><ul><li>Pohlavie: Dáma</li><li>Extra člán","Ak hľadáte nové trendy na trhu, predstavujeme <b>Dámske hodinky Tommy Hilfiger 1782379 (Ø 40 mm)</b>!<br><br><ul><li>Pohlavie: Dáma</li><li>Extra články reťaze: Č.</li><li>Druh hodiniek: Náramkové hodinky</li><li>Materiál náramku: Koža</li><li>Materiál puzdra hodiniek: Nerezová oceľ</li><li>Typ pohybu: Kremeň</li><li>Sklo: Minerál</li><li>Obsahuje: Zahŕňa puzdro alebo obal značky</li><li>Typ zapínania: Pracka</li><li>Farba cilindra: Čierna</li><li>Farba puzdra hodiniek: Zlatá</li><li>Farba remie",Pop Pulse Emporium,https://cdnbigbuy.com/images/7613272433495_S0391950_P00.jpg,https://cdnbigbuy.com/images/7613272433495_S0391950_P10.jpg,https://cdnbigbuy.com/images/88311_mandatory-watch0.jpg,,113.04,2,NEW,32.0,19.0,10.0,0.4,6080.0,EUR,2,8,3
S55244446,0065030900614,sk-SK,Gardening & DIY,Filter súkromia pre monitor Startech 23669-PRIVACY-SCREEN,"Ak sú <b>počítače a elektronika</b> vašou vášňou a máte radi aktualizácie z oblasti technológie, a neuniknú vám ani najmenšie detajly, zakúpte <b>Filt","Ak sú <b>počítače a elektronika</b> vašou vášňou a máte radi aktualizácie z oblasti technológie, a neuniknú vám ani najmenšie detajly, zakúpte <b>Filter súkromia pre monitor Startech 23669-PRIVACY-SCREEN</b> za neporaziteľnú cenu.<br><br><ul><li>Kompatibilné: Universal</li><li>Typ: Filter súkromia pre monitor</li><li>Farba: Čierna</li><li>Materiál: Plastické</li><li>Plátno: 23,6""</li></ul>",Pop Pulse Emporium,https://cdnbigbuy.com/images/776168941.jpg,https://cdnbigbuy.com/images/776168891.jpg,https://cdnbigbuy.com/images/776168871.jpg,,105.43,2,NEW,56.0,34.0,2.0,0.34,3808.0,EUR,2,8,3
S71011604,5407008073541,sk-SK,Gardening & DIY,Motorový olej pre automobily Mobil 0W-40 FS 0w40 5 L,Vybavte svoje vozidlo najnovšími výrobkami! Kúpte si <b>Motorový olej pre automobily Mobil 0W-40 FS 0w40 5 L</b> a nenechajte si ujsť žiadne detaily!<,Vybavte svoje vozidlo najnovšími výrobkami! Kúpte si <b>Motorový olej pre automobily Mobil 0W-40 FS 0w40 5 L</b> a nenechajte si ujsť žiadne detaily!<br><br><ul><li>Viskozita SAE: 0w40</li><li>Kapacita: 5 L</li></ul>,Pop Pulse Emporium,https://cdnbigbuy.com/images/5407008073541_S71011604_P00.jpg,,,,130.37,2,NEW,13.8,19.6,29.2,4.38,7898.02,EUR,2,8,3
S91116905,8809629527569,sk-SK,Gardening & DIY,Slúchadlá Sena 3SPLUS-B-10 Čierna,"Ak hľadáte nové trendy na trhu, predstavujeme <b>Slúchadlá Sena 3SPLUS-B-10 Čierna</b>!<br><br><ul><li>Typ: Slúchadlá</li><li>Farba: Čierna</li><li>Vl","Ak hľadáte nové trendy na trhu, predstavujeme <b>Slúchadlá Sena 3SPLUS-B-10 Čierna</b>!<br><br><ul><li>Typ: Slúchadlá</li><li>Farba: Čierna</li><li>Vlastnosti: LED indikátor</li></ul>",Pop Pulse Emporium,https://cdnbigbuy.com/images/8809629527569_S91116905_P00.jpg,https://cdnbigbuy.com/images/8809629527569_S91116905_P20.jpg,https://cdnbigbuy.com/images/8809629527569_S91116905_P30.jpg,https://cdnbigbuy.com/images/8809629527569_S91116905_P40.jpg,111.89,10,NEW,5.4,12.2,19.1,0.17,1258.31,EUR,2,8,3
S7922904,8425998318593,sk-SK,Gardening & DIY,Žiarovkový projektor EDM 31859 Slim 300 W 2500 lm Solárny (6500 K),"Ak pri zariaďovaní vášho domova kladiete dôraz na všetky detaily a chcete byť priebežne informovaný o najnovších výrobkoch, ktoré vám uľahčia život, n","Ak pri zariaďovaní vášho domova kladiete dôraz na všetky detaily a chcete byť priebežne informovaný o najnovších výrobkoch, ktoré vám uľahčia život, nakupujte <b>Žiarovkový projektor EDM 31859 Slim 300 W 2500 lm Solárny (6500 K)</b> za tú najlepšiu cenu.<br><br><ul><li>Napájací Zdroj: Solárny</li><li>Nezahŕňa: Pohybové Čidlo</li><li>Počet kusov: 3 Kusy</li><li>Obsahuje: <ul><li>Fotovoltaický solárny panel</li><li>Inštalačná sada</li><li>Diaľkové ovládanie</li></ul></li><li>Typ montáže: Montáž na",Pop Pulse Emporium,https://cdnbigbuy.com/images/S7922904_38563_1712663352-cropped0.jpg,https://cdnbigbuy.com/images/8425998318593_S7922904_P00.jpg,https://cdnbigbuy.com/images/8425998318593_S7922904_P10.jpg,https://cdnbigbuy.com/images/8425998318593_S7922904_P20.jpg,127.06,50,NEW,36.0,41.0,7.0,2.0,10332.0,EUR,2,8,3
S9405993,0844477024004,sk-SK,Gardening & DIY,Prsné protézy Gender X,"Ak vám záleží na zdraviu a hľadáte produkty, ktoré ponúkajú <b>ochranu a pohodu</b>, nakupujte <b>Prsné protézy Gender X</b> a iné <b>produkty Gender ","Ak vám záleží na zdraviu a hľadáte produkty, ktoré ponúkajú <b>ochranu a pohodu</b>, nakupujte <b>Prsné protézy Gender X</b> a iné <b>produkty Gender X</b> za najlepšie ceny.<br><br><ul><li>Dôležité informácie: Garantujeme úplnú diskrétnosť a dôvernosť našej prepravy. Nikto okrem vás nebude vedieť, čo balík obsahuje.</li></ul>",Pop Pulse Emporium,https://cdnbigbuy.com/images/0844477024004_S9405993_P00.jpg,https://cdnbigbuy.com/images/0844477024004_S9405993_P110.jpg,https://cdnbigbuy.com/images/0844477024004_S9405993_P50.jpg,https://cdnbigbuy.com/images/0844477024004_S9405993_P120.jpg,134.27,5,NEW,8.35,8.3,8.61,0.2,596.72,EUR,2,8,3
S72110060,8055385057431,sk-SK,Gardening & DIY,Unisex hodinky LIU JO TLJ2421,"Ak sledujete trendy v oblasti módy a doplnkov, nakupujte <b>Unisex hodinky LIU JO TLJ2421</b> za najlepšie ceny.<br><br><ul><li>Extra články reťaze: Č","Ak sledujete trendy v oblasti módy a doplnkov, nakupujte <b>Unisex hodinky LIU JO TLJ2421</b> za najlepšie ceny.<br><br><ul><li>Extra články reťaze: Č.</li><li>Pohlavie: Unisex</li><li>Druh hodiniek: Náramkové hodinky</li></ul>",Pop Pulse Emporium,https://cdnbigbuy.com/images/8055385057431_S72110060_P00.jpg,https://cdnbigbuy.com/images/109072_mandatory-watch0.jpg,,,169.4,1,NEW,9.57,10.24,10.0,0.33,979.97,EUR,2,8,3
S7270915,8054719137580,sk-SK,Gardening & DIY,Dámske náušnice Amen EFIBBZ,"Predstavuje sa vám <b>Dámske náušnice Amen EFIBBZ</b> a široký výber prstienkov, náramkov, náhrdelníkov, náušníc za skvelú cenu. Získajte podrobné inf","Predstavuje sa vám <b>Dámske náušnice Amen EFIBBZ</b> a široký výber prstienkov, náramkov, náhrdelníkov, náušníc za skvelú cenu. Získajte podrobné informácie o exkluzívnych elegantných šperkoch a bižutérii v rôznych štýloch, z ktorých si vyberie každý.<br><br><ul><li>Pohlavie: Dáma</li><li>Typ: Dámske náušnice</li></ul>",Pop Pulse Emporium,https://cdnbigbuy.com/images/8054719137580_R01.jpg,https://cdnbigbuy.com/images/8054719137580_R21.jpg,https://cdnbigbuy.com/images/8054719137580_R31.jpg,,126.66,5,NEW,9.95,9.94,9.73,0.29,962.33,EUR,2,8,3
M0518829,4519232193207,sk-SK,Gardening & DIY,Originálny toner Toshiba e-STUDIO5540c/6540c/6550c Čierna,Tillbaka till kontoret utan att ha glömt en enda pryl! Köp <b>Originálny toner Toshiba e-STUDIO5540c/6540c/6550c Čierna</b> och låt dina kollegor avun,Tillbaka till kontoret utan att ha glömt en enda pryl! Köp <b>Originálny toner Toshiba e-STUDIO5540c/6540c/6550c Čierna</b> och låt dina kollegor avundas dig!<br><br><ul><li>Typ: Toner</li><li>Farba: Čierna</li></ul>,Pop Pulse Emporium,https://cdnbigbuy.com/images/4519232193207_M0518829_P00.jpg,,,,146.89,4,NEW,65.0,17.5,9.5,2.62,10806.25,EUR,2,8,3
S2708120,8414793516044,sk-SK,Gardening & DIY,Forma na flan Quid Sweet Grey Čierna Kov (48 kusov),"Ak pri zariaďovaní vášho domova kladiete dôraz na všetky detaily a chcete byť priebežne informovaný o najnovších výrobkoch, ktoré vám uľahčia život, n","Ak pri zariaďovaní vášho domova kladiete dôraz na všetky detaily a chcete byť priebežne informovaný o najnovších výrobkoch, ktoré vám uľahčia život, nakupujte <b>Forma na flan Quid Sweet Grey Čierna Kov (48 kusov)</b> za tú najlepšiu cenu.",Pop Pulse Emporium,https://cdnbigbuy.com/images/s2708120_p1_icon0.jpg,https://cdnbigbuy.com/images/S2708120_P10.jpg,https://cdnbigbuy.com/images/S2708120_P00.jpg,,113.19,25,NEW,18.0,19.0,19.0,1.49,6498.0,EUR,2,8,3
S55295949,0662919122145,sk-SK,Gardening & DIY,"Filter súkromia pre monitor V7 PS32W9A2 32""","Ak hľadáte nové trendy na trhu, predstavujeme <b>Filter súkromia pre monitor V7 PS32W9A2 32""</b>!<br><br><ul><li>Plátno: 32""</li><li>Typ: Filter súkro","Ak hľadáte nové trendy na trhu, predstavujeme <b>Filter súkromia pre monitor V7 PS32W9A2 32""</b>!<br><br><ul><li>Plátno: 32""</li><li>Typ: Filter súkromia pre monitor</li></ul>",Pop Pulse Emporium,https://cdnbigbuy.com/images/S55295949_06629191221450.jpg,,,,113.31,2,NEW,19.72,18.63,13.6,0.37,4996.42,EUR,2,8,3
S71003725,4053423245059,sk-SK,Gardening & DIY,Infračervený teplomer BOSCH AdvancedTemp,"Ak vám záleží na zdraviu a hľadáte produkty, ktoré ponúkajú <b>ochranu a pohodu</b>, nakupujte <b>Infračervený teplomer BOSCH AdvancedTemp</b> a iné <","Ak vám záleží na zdraviu a hľadáte produkty, ktoré ponúkajú <b>ochranu a pohodu</b>, nakupujte <b>Infračervený teplomer BOSCH AdvancedTemp</b> a iné <b>produkty BOSCH</b> za najlepšie ceny.<br><br><ul><li>Napájací Zdroj: Batérie</li><li>Technológia: Digitálny</li><li>Funguje na batérie: áno</li><li>Vrátane batérií: áno</li><li>Typ batérie: Alkalické Batérie</li><li>Odporúčaný vek: Deti</li></ul>",Pop Pulse Emporium,https://cdnbigbuy.com/images/4053423245059_S71003725_P00.jpg,https://cdnbigbuy.com/images/4053423245059_S71003725_P10.jpg,https://cdnbigbuy.com/images/4053423245059_S71003725_P20.jpg,https://cdnbigbuy.com/images/4053423245059_S71003725_P30.jpg,166.57,9,NEW,8.64,22.61,11.94,0.68,2332.48,EUR,2,8,3
S0407802,8413893046314,sk-SK,Gardening & DIY,Odsávač pre kuchyňu S&P CK-40F M37922 70W,"Ak chcete zrenovovať svoju kuchyňu, kúpte si <b>Odsávač pre kuchyňu S&P CK-40F M37922 70W</b> a ďalšie <b>produkty S&P</b>! Najlepšiu kvalitu za najle","Ak chcete zrenovovať svoju kuchyňu, kúpte si <b>Odsávač pre kuchyňu S&P CK-40F M37922 70W</b> a ďalšie <b>produkty S&P</b>! Najlepšiu kvalitu za najlepšiu cenu máte na dosah!<br><br><ul><li>Príkon: 70 W</li><li>Typ montáže: Integrovateľný</li><li>Typ: Odsávač pre kuchyňu</li><li>Zásuvný produkt: áno</li><li>Druh zástrčky: EU zástrčky</li><li>Farba: Biela</li><li>Materiál: <ul><li>Nerezová oceľ</li><li>Plastické</li></ul></li><li>Napätie: 220 V</li></ul>",Pop Pulse Emporium,https://cdnbigbuy.com/images/8413893046314_0_P02.jpg,,,,141.09,19,NEW,36.9,27.4,17.2,3.44,17390.23,EUR,2,8,3
S71009723,0731855710034,sk-SK,Gardening & DIY,Optická Myš Turtle Beach Kone II Biela 26000 DPI,"Ak sú <b>počítače a elektronika</b> vašou vášňou a máte radi aktualizácie z oblasti technológie, a neuniknú vám ani najmenšie detajly, zakúpte <b>Opti","Ak sú <b>počítače a elektronika</b> vašou vášňou a máte radi aktualizácie z oblasti technológie, a neuniknú vám ani najmenšie detajly, zakúpte <b>Optická Myš Turtle Beach Kone II Biela 26000 DPI</b> za neporaziteľnú cenu.<br><br><ul><li>Farba: Biela</li><li>Materiál: PTFE</li><li>Vlastnosti: S káblom</li><li>Pripojenie: USB</li><li>Napájací Zdroj: S káblom</li><li>Design: Ergonomický</li><li>Dĺžka kábla: 1,8 m</li><li>Osvetlenie: Viacfarebná</li><li>Technológia: Optický</li><li>Odporúčané použit",Pop Pulse Emporium,https://cdnbigbuy.com/images/0731855710034_S71009723_P00.jpg,https://cdnbigbuy.com/images/0731855710034_S71009723_P30.jpg,https://cdnbigbuy.com/images/0731855710034_S71009723_P40.jpg,https://cdnbigbuy.com/images/0731855710034_S71009723_P10.jpg,117.62,5,NEW,13.6,18.0,5.0,0.2,1224.0,EUR,2,8,3
S7917622,8430274148887,sk-SK,Gardening & DIY,Bezpečnostný systém Pastormatic 250 Plot,"Ak hľadáte nové trendy na trhu, predstavujeme <b>Bezpečnostný systém Pastormatic 250 Plot</b>!<br><br><ul><li>Typ: <ul><li>Elektrická</li><li>Plot</li","Ak hľadáte nové trendy na trhu, predstavujeme <b>Bezpečnostný systém Pastormatic 250 Plot</b>!<br><br><ul><li>Typ: <ul><li>Elektrická</li><li>Plot</li></ul></li><li>Vlastnosti: Slnečná batéria</li><li>Nezahŕňa: Batérie</li><li>Napätie: <ul><li>2900 V</li><li>9400 V</li></ul></li></ul>",Pop Pulse Emporium,https://cdnbigbuy.com/images/8430274148887_S7917622_P0_WBG1.jpg,,,,180.29,1,NEW,30.0,30.0,20.0,2.11,18000.0,EUR,2,8,3
M0119771,8435415011341,sk-SK,Gardening & DIY,Pánsky parfum Jean Paul Gaultier Classique EDT 100 ml,"<p>Nechajte <strong>100% origin&aacute;lny Pánsky parfum Jean Paul Gaultier Classique EDT 100 ml</strong>, aby v&aacute;s prekvapil a zd&ocirc;raznil ","<p>Nechajte <strong>100% origin&aacute;lny Pánsky parfum Jean Paul Gaultier Classique EDT 100 ml</strong>, aby v&aacute;s prekvapil a zd&ocirc;raznil va&scaron;u ženskosť, použ&iacute;vajte <strong>d&aacute;msky parf&eacute;m</strong> s jedinečnou a osobitou v&ocirc;ňou. Objavte <strong>100% origin&aacute;lne v&yacute;robky Jean Paul Gaultier</strong>!</p><br><br><ul><li>Prísada: <ul><li>Eugenol</li><li>Farnesol</li><li>Fragance (parfum)</li><li>Hexyl cinnamal</li><li>Isoeugenol</li><li>Limonene",Pop Pulse Emporium,https://cdnbigbuy.com/images/8435415011341_3002_P01.jpg,https://cdnbigbuy.com/images/8435415011341_R21.jpg,https://cdnbigbuy.com/images/8435415011341_M0119771_P11.jpg,https://cdnbigbuy.com/images/8435415011341_R31.jpg,121.38,9,NEW,8.2,6.9,15.0,0.21,848.7,EUR,2,8,3
S72117640,7797232904604,sk-SK,Gardening & DIY,Pánsky náramok Armani Exchange AXG0153040 Striebristý,"Predstavuje sa vám <b>Pánsky náramok Armani Exchange AXG0153040 Striebristý</b> a široký výber prstienkov, náramkov, náhrdelníkov, náušníc za skvelú c","Predstavuje sa vám <b>Pánsky náramok Armani Exchange AXG0153040 Striebristý</b> a široký výber prstienkov, náramkov, náhrdelníkov, náušníc za skvelú cenu. Získajte podrobné informácie o exkluzívnych elegantných šperkoch a bižutérii v rôznych štýloch, z ktorých si vyberie každý.<br><br><ul><li>Farba: Striebristý</li><li>Typ: Náramok</li><li>Pohlavie: Muž</li></ul>",Pop Pulse Emporium,https://cdnbigbuy.com/images/7797232904604_S72117640_P00.jpg,,,,103.87,1,NEW,10.0,10.0,10.0,0.3,1000.0,EUR,2,8,3
S55000950,7331021066120,sk-SK,Gardening & DIY,Stabilizátor podstavca Axis TP3801-E,"Ak sú <b>počítače a elektronika</b> vašou vášňou a máte radi aktualizácie z oblasti technológie, a neuniknú vám ani najmenšie detajly, zakúpte <b>Stab","Ak sú <b>počítače a elektronika</b> vašou vášňou a máte radi aktualizácie z oblasti technológie, a neuniknú vám ani najmenšie detajly, zakúpte <b>Stabilizátor podstavca Axis TP3801-E</b> za neporaziteľnú cenu.<br><br><ul><li>Typ: Stabilizátor podstavca</li><li>Farba: Čierna</li><li>Vlastnosti: Exteriér</li></ul>",Pop Pulse Emporium,https://cdnbigbuy.com/images/346849711.jpg,,,,177.39,2,NEW,21.0,16.0,16.0,0.62,5376.0,EUR,2,8,3
S72123685,8056262363850,sk-SK,Gardening & DIY,Dámske Rám na okuliare Vogue VO 280T,"Ak hľadáte nové trendy na trhu, predstavujeme <b>Dámske Rám na okuliare Vogue VO 280T</b>!<br><br><ul><li>Vlastnosti: Nedioptrické sklo</li><li>Typ: R","Ak hľadáte nové trendy na trhu, predstavujeme <b>Dámske Rám na okuliare Vogue VO 280T</b>!<br><br><ul><li>Vlastnosti: Nedioptrické sklo</li><li>Typ: Rám na okuliare</li><li>Pohlavie: Dáma</li></ul>",Pop Pulse Emporium,https://cdnbigbuy.com/images/8056262363850_S72123685_P00.jpg,https://cdnbigbuy.com/images/8056262363850_S72123685_P10.jpg,,,151.68,2,NEW,8.25,9.94,12.12,0.24,993.9,EUR,2,8,3
S72111755,8050506112631,sk-SK,Gardening & DIY,Pánsky náramok Talent Jewels TJA-1-11-01-2-235 Čierna,"Predstavuje sa vám <b>Pánsky náramok Talent Jewels TJA-1-11-01-2-235 Čierna</b> a široký výber prstienkov, náramkov, náhrdelníkov, náušníc za skvelú c","Predstavuje sa vám <b>Pánsky náramok Talent Jewels TJA-1-11-01-2-235 Čierna</b> a široký výber prstienkov, náramkov, náhrdelníkov, náušníc za skvelú cenu. Získajte podrobné informácie o exkluzívnych elegantných šperkoch a bižutérii v rôznych štýloch, z ktorých si vyberie každý.<br><br><ul><li>Typ: Náramok</li><li>Pohlavie: Muž</li><li>Farba: Čierna</li></ul>",Pop Pulse Emporium,https://cdnbigbuy.com/images/8050506112631_S72111755_P00.jpg,,,,123.12,5,NEW,10.0,10.0,10.0,0.3,1000.0,EUR,2,8,3
S7172872,4078500013529,sk-SK,Gardening & DIY,Hadica Gardena Classic Ø 15 mm (50 m),"Ak pri zariaďovaní vášho domova kladiete dôraz na všetky detaily a chcete byť priebežne informovaný o najnovších výrobkoch, ktoré vám uľahčia život, n","Ak pri zariaďovaní vášho domova kladiete dôraz na všetky detaily a chcete byť priebežne informovaný o najnovších výrobkoch, ktoré vám uľahčia život, nakupujte <b>Hadica Gardena Classic Ø 15 mm (50 m)</b> za tú najlepšiu cenu.<br><br><ul><li>Dĺžka: 50 m</li><li>Tlakové: 22 bar</li><li>Približný priemer: Ø 15 mm</li><li>Materiál: Polyurethane</li><li>Nezahŕňa: Batérie</li></ul>",Pop Pulse Emporium,https://cdnbigbuy.com/images/4078500013529_I01.jpg,https://cdnbigbuy.com/images/4078500013529_S7172872_P01.jpg,https://cdnbigbuy.com/images/4078500013529_S7172872_P11.jpg,,117.9,22,NEW,38.2,38.7,19.9,7.71,29418.97,EUR,2,8,3
S0387820,4894816123277,sk-SK,Gardening & DIY,Pánske hodinky Police PEWJK0021506 (Ø 40 mm),"Ak sledujete trendy v oblasti módy a doplnkov, nakupujte <b>Pánske hodinky Police PEWJK0021506 (Ø 40 mm)</b> za najlepšie ceny.<br><br><ul><li>Pohlavi","Ak sledujete trendy v oblasti módy a doplnkov, nakupujte <b>Pánske hodinky Police PEWJK0021506 (Ø 40 mm)</b> za najlepšie ceny.<br><br><ul><li>Pohlavie: Muž</li><li>Extra články reťaze: Č.</li><li>Druh hodiniek: Náramkové hodinky</li><li>Materiál náramku: Nerezová oceľ</li><li>Materiál puzdra hodiniek: Nerezová oceľ</li><li>Typ pohybu: Kremeň</li><li>Sklo: Minerál</li><li>Vodeodolnosť: 5 atm</li><li>Obsahuje: Zahŕňa puzdro alebo obal značky</li><li>Typ zapínania: Motýľ</li><li>Farba cilindra: Či",Pop Pulse Emporium,https://cdnbigbuy.com/images/4894816123277_S0387820_P00.jpg,https://cdnbigbuy.com/images/84179_mandatory-watch0.jpg,https://cdnbigbuy.com/images/4894816123277_S0387820_P10.jpg,,124.28,5,NEW,32.0,19.0,10.0,0.4,6080.0,EUR,2,8,3
S7271334,3608701100936,sk-SK,Gardening & DIY,Pánske hodinky Nixon A1309-010 Čierna,"Ak sledujete trendy v oblasti módy a doplnkov, nakupujte <b>Pánske hodinky Nixon A1309-010 Čierna</b> za najlepšie ceny.<br><br><ul><li>Pohlavie: <ul>","Ak sledujete trendy v oblasti módy a doplnkov, nakupujte <b>Pánske hodinky Nixon A1309-010 Čierna</b> za najlepšie ceny.<br><br><ul><li>Pohlavie: <ul><li>Muž</li><li>Unisex dospelí</li><li>Unisex</li></ul></li><li>Extra články reťaze: Č.</li><li>Druh hodiniek: Náramkové hodinky</li><li>Farba: Čierna</li><li>Rok: 2020</li><li>Materiál náramku: Prírodná guma</li><li>Typ zapínania: Pracka</li><li>Približný priemer: 39 mm</li><li>Typ pohybu: Kremeň</li></ul>",Pop Pulse Emporium,https://cdnbigbuy.com/images/3608701100936_S7271334_P00.jpg,https://cdnbigbuy.com/images/70498_mandatory-watch0.jpg,,,172.8,2,NEW,14.15,12.43,10.11,0.3,1778.19,EUR,2,8,3
S91122662,4044155252552,sk-SK,Gardening & DIY,Slúchadlá z diadému Sennheiser IE 100 PRO BLACK,"Ak hľadáte nové trendy na trhu, predstavujeme <b>Slúchadlá z diadému Sennheiser IE 100 PRO BLACK</b>!<br><br><ul><li>Farba: Čierna</li></ul>","Ak hľadáte nové trendy na trhu, predstavujeme <b>Slúchadlá z diadému Sennheiser IE 100 PRO BLACK</b>!<br><br><ul><li>Farba: Čierna</li></ul>",Pop Pulse Emporium,https://cdnbigbuy.com/images/4044155252552_S91122662_P00.jpg,https://cdnbigbuy.com/images/4044155252552_S91122662_P20.jpg,https://cdnbigbuy.com/images/4044155252552_S91122662_P10.jpg,,131.24,2,NEW,13.0,4.8,22.5,0.14,1404.0,EUR,2,8,3
S8427788,7322540124279,sk-SK,Gardening & DIY,Papierové utierky na ruky Tork Pack Biela (21 kusov),<p><b>Papierové utierky na ruky Tork Pack Biela (21 kusov)</b> je kvalitný produkt pre starostlivosť o telo. Ak hľadáte tie najlepšie prípravky na oso,"<p><b>Papierové utierky na ruky Tork Pack Biela (21 kusov)</b> je kvalitný produkt pre starostlivosť o telo. Ak hľadáte tie najlepšie prípravky na osobnú hygienu, <b>100% originálne produkty značky Tork </b> sú presne to, čo potrebujete.</p><br><br><ul><li>Typ: Pack</li><li>Vlastnosti: <ul><li>Jemný</li><li>2 vrstiev</li><li>Skladacie</li></ul></li><li>Farba: Biela</li><li>Počet kusov: 100 Kusy</li><li>Kusov: 21 kusov</li><li>Materiál: Papier</li></ul>",Pop Pulse Emporium,https://cdnbigbuy.com/images/7322540124279_S8427788_P0_icon1.jpg,https://cdnbigbuy.com/images/7322540124279_R01.jpg,https://cdnbigbuy.com/images/7322540124279_R11.jpg,https://cdnbigbuy.com/images/7322540124279_R21.jpg,154.3,5,NEW,29.71,16.43,22.25,0.68,10861.01,EUR,2,8,3
S0465108,3700460208615,sk-SK,Gardening & DIY,Prenosný reproduktor s Bluetooth Muse MT-106WB,"Ak hľadáte nové trendy na trhu, predstavujeme <b>Prenosný reproduktor s Bluetooth Muse MT-106WB</b>!<br><br><ul><li>Typ: Reproduktor s Bluetooth</li><","Ak hľadáte nové trendy na trhu, predstavujeme <b>Prenosný reproduktor s Bluetooth Muse MT-106WB</b>!<br><br><ul><li>Typ: Reproduktor s Bluetooth</li><li>Farba: Čierna</li><li>Vlastnosti: <ul><li>AUX vstup</li><li>2 Reproduktory</li></ul></li><li>Pripojenie: <ul><li>USB</li><li>Bluetooth</li><li>RCA</li><li>USB x 1</li></ul></li><li>Frekvencia: 50 - 60 Hz</li><li>Napätie: 100 - 240 V</li><li>Kompatibilné: 33 1/3 rpm, 45 rpm, 78 rpm</li><li>Napájací Zdroj: CA</li></ul>",Pop Pulse Emporium,https://cdnbigbuy.com/images/3700460208615_S9173420_P00.jpg,https://cdnbigbuy.com/images/3700460208615_I20.jpg,https://cdnbigbuy.com/images/3700460208615_R00.jpg,https://cdnbigbuy.com/images/3700460208615_R10.jpg,144.1,2,NEW,18.4,19.79,17.29,1.5,6295.91,EUR,2,8,3
S2441320,8412688527113,sk-SK,Gardening & DIY,Taška Safta 26 x 29 x 23 cm,"Ak hľadáte nové trendy na trhu, predstavujeme <b>Taška Safta 26 x 29 x 23 cm</b>!<br><br><ul><li>Pohlavie: <ul><li>Detské</li><li>Unisex Detský</li></","Ak hľadáte nové trendy na trhu, predstavujeme <b>Taška Safta 26 x 29 x 23 cm</b>!<br><br><ul><li>Pohlavie: <ul><li>Detské</li><li>Unisex Detský</li></ul></li><li>Typ: Taška</li><li>Farba: Viacfarebná</li><li>Dôležité informácie: <ul><li>Z viac designov vyberáme náhodne podľa skladovej dostupnosti</li><li>Obrázok nemusí zobrazovať všetky dostupné rôzne modely</li></ul></li><li>Kusov: 1 kusov</li><li>Približné rozmery: 26 x 29 x 23 cm</li><li>Krajina / Región výroby: Španielsko</li></ul>",Pop Pulse Emporium,https://cdnbigbuy.com/images/8412688527113_S2441320_P00.jpg,https://cdnbigbuy.com/images/8412688527113_S2441320_P10.jpg,,,181.92,20,NEW,23.0,26.0,29.0,1.47,17342.0,EUR,2,8,3
S7250716,3608701161272,sk-SK,Gardening & DIY,Dámske hodinky Nixon A327-5103,"Ak sledujete trendy v oblasti módy a doplnkov, nakupujte <b>Dámske hodinky Nixon A327-5103</b> za najlepšie ceny.<br><br><ul><li>Pohlavie: Dáma</li><l","Ak sledujete trendy v oblasti módy a doplnkov, nakupujte <b>Dámske hodinky Nixon A327-5103</b> za najlepšie ceny.<br><br><ul><li>Pohlavie: Dáma</li><li>Extra články reťaze: Č.</li><li>Druh hodiniek: Náramkové hodinky</li></ul>",Pop Pulse Emporium,https://cdnbigbuy.com/images/3608701161272_S7250716_P02.jpg,https://cdnbigbuy.com/images/3608701161272_S7250716_P12.jpg,https://cdnbigbuy.com/images/3608701161272_S7250716_P22.jpg,https://cdnbigbuy.com/images/3608701161272_S7250716_P32.jpg,178.66,2,NEW,39.0,19.0,10.0,0.4,7410.0,EUR,2,8,3
S9405994,0844477024011,sk-SK,Gardening & DIY,Prsné protézy Gender X,"Ak sú <b>počítače a elektronika</b> vašou vášňou a máte radi aktualizácie z oblasti technológie, a neuniknú vám ani najmenšie detajly, zakúpte <b>Prsn","Ak sú <b>počítače a elektronika</b> vašou vášňou a máte radi aktualizácie z oblasti technológie, a neuniknú vám ani najmenšie detajly, zakúpte <b>Prsné protézy Gender X</b> za neporaziteľnú cenu.<br><br><ul><li>Dôležité informácie: Garantujeme úplnú diskrétnosť a dôvernosť našej prepravy. Nikto okrem vás nebude vedieť, čo balík obsahuje.</li></ul>",Pop Pulse Emporium,https://cdnbigbuy.com/images/0844477024011_S9405994_P00.jpg,https://cdnbigbuy.com/images/0844477024011_S9405994_P110.jpg,https://cdnbigbuy.com/images/0844477024011_S9405994_P50.jpg,https://cdnbigbuy.com/images/0844477024011_S9405994_P120.jpg,134.27,5,NEW,8.35,8.3,8.61,0.2,596.72,EUR,2,8,3
S7173436,0074451121188,sk-SK,Gardening & DIY,Hojdacie kreslo Ingenuity 12118 Sivá,"Pre naše deti chceme len to najlepšie, a preto by sme Vám chceli predstaviť <b>Hojdacie kreslo Ingenuity 12118 Sivá</b>, perfektný pre všetkých, ktorí","Pre naše deti chceme len to najlepšie, a preto by sme Vám chceli predstaviť <b>Hojdacie kreslo Ingenuity 12118 Sivá</b>, perfektný pre všetkých, ktorí hľadajú kvalitatívne vysokohodnotný produkt pre najmenších. Nakúpte <b>Ingenuity</b> za tie najlepšie ceny!<br><br><ul><li>Farba: Sivá</li><li>Vlastnosti: <ul><li>Nastaviteľný</li><li>Funguje na batérie</li></ul></li><li>Odporúčaný vek: <ul><li>0-2 rokov</li><li>+ 0 mesiacov</li></ul></li><li>Pohlavie: Unisex</li><li>Hmotnosť: <ul><li>1,85 Kg</li>",Pop Pulse Emporium,https://cdnbigbuy.com/images/0074451121188_S7173436_P01.jpg,https://cdnbigbuy.com/images/import_images-2021012611283401.jpg,,,116.22,10,NEW,66.5,43.0,13.0,4.1,37173.5,EUR,2,8,3
S3059544,8424002176754,sk-SK,Gardening & DIY,"Stolná lampa Home ESPRIT Mramorové 50 W 220 V 30 x 30 x 40,5 cm","<p>Ak chcete vášmu domovu dodať kúsok originality, môžete tak urobiť s <b>Stolná lampa Home ESPRIT Mramorové 50 W 220 V 30 x 30 x 40,5 cm</b>.</p><br>","<p>Ak chcete vášmu domovu dodať kúsok originality, môžete tak urobiť s <b>Stolná lampa Home ESPRIT Mramorové 50 W 220 V 30 x 30 x 40,5 cm</b>.</p><br><br><ul><li>Zásuvný produkt: áno</li><li>Typ: Stolná lampa</li><li>Druh zástrčky: EU zástrčky</li><li>Materiál: Mramorové</li><li>Zloženie: Bavlna</li><li>Napätie: 220 V</li><li>Pätica: E27</li><li>Dlhý: 30 cm</li><li>Design: Neoklasický</li><li>Vysoký: 40,5 cm</li><li>Príkon: 50 W</li><li>Šírka: 30 cm</li><li>Nezahŕňa: Žiarovka</li><li>Približné r",Pop Pulse Emporium,https://cdnbigbuy.com/images/8424002176754_S3059544_P00.jpg,https://cdnbigbuy.com/images/8424002176754_S3059544_P40.jpg,https://cdnbigbuy.com/images/8424002176754_S3059544_P10.jpg,https://cdnbigbuy.com/images/8424002176754_S3059544_P20.jpg,169.17,10,NEW,23.16,23.69,32.77,9.1,17979.6,EUR,2,8,3
S3413911,8420327562418,sk-SK,Gardening & DIY,Stolička Versa Bambus Textil Drevo MDF 40 x 55 x 100 cm,"Ak rozmýšľate nad obnovením vášho šatníka, nakúpte <b>Stolička Versa Bambus Textil Drevo MDF 40 x 55 x 100 cm</b> ďalšie <b>produkty Versa</b>! Najlep","Ak rozmýšľate nad obnovením vášho šatníka, nakúpte <b>Stolička Versa Bambus Textil Drevo MDF 40 x 55 x 100 cm</b> ďalšie <b>produkty Versa</b>! Najlepšia kvalita za najlepšiu cenu je už na dosah!<br><br><ul><li>Farba: Gaštanová</li><li>Typ: Lavica</li><li>Materiál: <ul><li>Bambus</li><li>Textil</li><li>Drevo MDF</li></ul></li><li>Približné rozmery: 40 x 55 x 100 cm</li></ul>",Pop Pulse Emporium,https://cdnbigbuy.com/images/8420327562418_S3413911_P00.jpg,https://cdnbigbuy.com/images/8420327562418_S3413911_P10.jpg,https://cdnbigbuy.com/images/8420327562418_S3413911_P20.jpg,https://cdnbigbuy.com/images/8420327562418_S3413911_P30.jpg,127.35,50,NEW,17.0,45.0,107.0,16.8,81855.0,EUR,2,8,3
S8418500,7310791202693,sk-SK,Gardening & DIY,Papierové utierky na ruky Tork Biela 120 m,<p><b>Papierové utierky na ruky Tork Biela 120 m (6 kusov)</b> je kvalitný produkt pre starostlivosť o telo. Ak hľadáte tie najlepšie prípravky na oso,"<p><b>Papierové utierky na ruky Tork Biela 120 m (6 kusov)</b> je kvalitný produkt pre starostlivosť o telo. Ak hľadáte tie najlepšie prípravky na osobnú hygienu, <b>100% originálne produkty značky Tork </b> sú presne to, čo potrebujete.</p><br><br><ul><li>Typ: Papierové utierky na ruky</li><li>Farba: Biela</li><li>Vlastnosti: dvojitá vrstva</li><li>Dĺžka: 120 m</li><li>Kusov: 6 kusov</li></ul>",Pop Pulse Emporium,https://cdnbigbuy.com/images/S8418500_P00.jpg,,,,110.84,1,NEW,29.71,16.43,22.25,0.68,10861.01,EUR,2,8,3
S72111832,8050506117124,sk-SK,Gardening & DIY,Pánsky náramok Talent Jewels TJA-5-03-03-1-215 Striebristý,"Predstavuje sa vám <b>Pánsky náramok Talent Jewels TJA-5-03-03-1-215 Striebristý</b> a široký výber prstienkov, náramkov, náhrdelníkov, náušníc za skv","Predstavuje sa vám <b>Pánsky náramok Talent Jewels TJA-5-03-03-1-215 Striebristý</b> a široký výber prstienkov, náramkov, náhrdelníkov, náušníc za skvelú cenu. Získajte podrobné informácie o exkluzívnych elegantných šperkoch a bižutérii v rôznych štýloch, z ktorých si vyberie každý.<br><br><ul><li>Typ: Náramok</li><li>Pohlavie: Muž</li><li>Farba: Striebristý</li></ul>",Pop Pulse Emporium,https://cdnbigbuy.com/images/8050506117124_S72111832_P00.jpg,,,,134.19,5,NEW,10.0,10.0,10.0,0.3,1000.0,EUR,2,8,3
S7926372,8436616280918,sk-SK,Gardening & DIY,Súprava batožín Numada Čierna (3 Kusy),"Ak hľadáte nové trendy na trhu, predstavujeme <b>Súprava batožín Numada Čierna (3 Kusy)</b>!<br><br><ul><li>Farba: Čierna</li><li>Počet kusov: 3 Kusy<","Ak hľadáte nové trendy na trhu, predstavujeme <b>Súprava batožín Numada Čierna (3 Kusy)</b>!<br><br><ul><li>Farba: Čierna</li><li>Počet kusov: 3 Kusy</li></ul>",Pop Pulse Emporium,https://cdnbigbuy.com/images/8436616280918_S7926372_P00.jpg,https://cdnbigbuy.com/images/8436616280918_S7926372_P10.jpg,https://cdnbigbuy.com/images/8436616280918_S7926372_P20.jpg,https://cdnbigbuy.com/images/8436616280918_S7926372_P30.jpg,128.26,9,NEW,40.13,36.56,43.74,7.5,64173.26,EUR,2,8,3
S55164035,0097855179432,sk-SK,Gardening & DIY,Nastaviteľný držiak Logitech 952-000123,"Ak sú <b>počítače a elektronika</b> vašou vášňou a máte radi aktualizácie z oblasti technológie, a neuniknú vám ani najmenšie detajly, zakúpte <b>Nast","Ak sú <b>počítače a elektronika</b> vašou vášňou a máte radi aktualizácie z oblasti technológie, a neuniknú vám ani najmenšie detajly, zakúpte <b>Nastaviteľný držiak Logitech 952-000123</b> za neporaziteľnú cenu.<br><br><ul><li>Farba: Biela</li></ul>",Pop Pulse Emporium,https://cdnbigbuy.com/images/656137170.jpg,,,,147.76,10,NEW,28.0,15.0,14.22,0.5,5974.08,EUR,2,8,3
S91123110,5901443391395,sk-SK,Gardening & DIY,Toner Activejet ATH-151NX Čierna,"Ak hľadáte nové trendy na trhu, predstavujeme <b>Toner Activejet ATH-151NX Čierna</b>!<br><br><ul><li>Typ: <ul><li>Toner</li><li>Kompatibilné</li></ul","Ak hľadáte nové trendy na trhu, predstavujeme <b>Toner Activejet ATH-151NX Čierna</b>!<br><br><ul><li>Typ: <ul><li>Toner</li><li>Kompatibilné</li></ul></li><li>Farba: Čierna</li><li>Vlastnosti: Vysoký výkon</li><li>Technológia: Laser</li><li>Certifikát: <ul><li>TÜV</li><li>CE</li><li>ISO 14001</li><li>ISO 27001</li><li>ISO 9001</li><li>ISO/IEC 19798)</li></ul></li><li>Kompatibilné: HP</li></ul>",Pop Pulse Emporium,https://cdnbigbuy.com/images/5901443391395_S91123110_P00.jpg,,,,143.71,25,NEW,33.5,9.0,19.5,1.18,5879.25,EUR,2,8,3
S71011046,4061275220421,sk-SK,Gardening & DIY,"Monitor Medion AKOYA P52424 MD 20152 Full HD LCD 24""","Ak sú <b>počítače a elektronika</b> vašou vášňou a máte radi aktualizácie z oblasti technológie, a neuniknú vám ani najmenšie detajly, zakúpte <b>Moni","Ak sú <b>počítače a elektronika</b> vašou vášňou a máte radi aktualizácie z oblasti technológie, a neuniknú vám ani najmenšie detajly, zakúpte <b>Monitor Medion AKOYA P52424 MD 20152 Full HD LCD 24""</b> za neporaziteľnú cenu.<br><br><ul><li>Uhlopriečka obrazovky (cm): <ul><li>61 cm</li><li>60,5 cm</li></ul></li><li>Typ: Monitor</li><li>Zásuvný produkt: áno</li><li>Druh zástrčky: EU zástrčky</li><li>Farba: Čierna</li><li>Vlastnosti: <ul><li>HDR10</li><li>Matný</li><li>HDR</li><li>Nastaviteľný skl",Pop Pulse Emporium,https://cdnbigbuy.com/images/4061275220421_S71011046_P00.jpg,https://cdnbigbuy.com/images/4061275220421_S71011046_P20.jpg,https://cdnbigbuy.com/images/4061275220421_S71011046_P50.jpg,https://cdnbigbuy.com/images/4061275220421_S71011046_P30.jpg,124.29,25,NEW,60.0,10.5,39.0,3.95,24570.0,EUR,2,8,3
S2441321,8412688527120,sk-SK,Gardening & DIY,Taška Safta 26 x 29 x 23 cm,"Ak hľadáte nové trendy na trhu, predstavujeme <b>Taška Safta 26 x 29 x 23 cm</b>!<br><br><ul><li>Pohlavie: <ul><li>Detské</li><li>Unisex Detský</li></","Ak hľadáte nové trendy na trhu, predstavujeme <b>Taška Safta 26 x 29 x 23 cm</b>!<br><br><ul><li>Pohlavie: <ul><li>Detské</li><li>Unisex Detský</li></ul></li><li>Typ: Taška</li><li>Farba: Viacfarebná</li><li>Dôležité informácie: <ul><li>Z viac designov vyberáme náhodne podľa skladovej dostupnosti</li><li>Obrázok nemusí zobrazovať všetky dostupné rôzne modely</li></ul></li><li>Kusov: 1 kusov</li><li>Približné rozmery: 26 x 29 x 23 cm</li></ul>",Pop Pulse Emporium,https://cdnbigbuy.com/images/8412688527120_S2441321_P00.jpg,https://cdnbigbuy.com/images/8412688527120_S2441321_P10.jpg,,,196.73,20,NEW,23.0,26.0,29.0,1.47,17342.0,EUR,2,8,3
S3020831,8424001847242,sk-SK,Gardening & DIY,Stolná lampa DKD Home Decor 8424001847242 33 x 33 x 67 cm Keramický Zlatá Kov Biela 220 V 50 W,"<p>Ak chcete vášmu domovu dodať kúsok originality, môžete tak urobiť s <b>Stolná lampa DKD Home Decor 8424001847242 33 x 33 x 67 cm Keramický Zlatá Ko","<p>Ak chcete vášmu domovu dodať kúsok originality, môžete tak urobiť s <b>Stolná lampa DKD Home Decor 8424001847242 33 x 33 x 67 cm Keramický Zlatá Kov Biela 220 V 50 W</b>.</p><br><br><ul><li>Farba: <ul><li>Biela</li><li>Zlatá</li></ul></li><li>Materiál: <ul><li>Kov</li><li>Keramický</li></ul></li><li>Pätica: E27</li><li>Napätie: 220 V</li><li>Nezahŕňa: Žiarovka</li><li>Príkon: 50 W</li><li>Šírka: 33 cm</li><li>Dlhý: 33 cm</li><li>Približné rozmery: 33 x 33 x 67 cm</li><li>Vysoký: 67 cm</li><li",Pop Pulse Emporium,https://cdnbigbuy.com/images/8424001847242_S3020831_P43.jpg,https://cdnbigbuy.com/images/8424001847242_S3020831_P33.jpg,https://cdnbigbuy.com/images/8424001847242_S3020831_P13.jpg,https://cdnbigbuy.com/images/8424001847242_S3020831_P03.jpg,110.64,10,NEW,34.5,46.0,34.5,4.0,54751.5,EUR,2,8,3
S55296502,0065030911696,sk-SK,Gardening & DIY,Sieťový adaptér Startech 3114GCU-WALL-CHARGER,"Ak sú <b>počítače a elektronika</b> vašou vášňou a máte radi aktualizácie z oblasti technológie, a neuniknú vám ani najmenšie detajly, zakúpte <b>Sieť","Ak sú <b>počítače a elektronika</b> vašou vášňou a máte radi aktualizácie z oblasti technológie, a neuniknú vám ani najmenšie detajly, zakúpte <b>Sieťový adaptér Startech 3114GCU-WALL-CHARGER</b> za neporaziteľnú cenu.<br><br><ul><li>Typ: <ul><li>Sieťový adaptér</li><li>Univerzálny</li></ul></li><li>Zásuvný produkt: áno</li><li>Druh zástrčky: EU zástrčky</li><li>Farba: Čierna</li><li>Pripojenie: <ul><li>3</li><li>USB</li><li>USB-C</li><li>USB x 4</li></ul></li><li>Vstupné striedavé napätie: 100 ",Pop Pulse Emporium,https://cdnbigbuy.com/images/998170800.jpg,https://cdnbigbuy.com/images/998170840.jpg,https://cdnbigbuy.com/images/998170810.jpg,https://cdnbigbuy.com/images/998170820.jpg,123.52,1,NEW,15.02,11.77,7.95,0.27,1405.44,EUR,2,8,3
S71003563,4018653943786,sk-SK,Gardening & DIY,Vonkajšie oplotenie Kerbl,"Ak hľadáte nové trendy na trhu, predstavujeme <b>Vonkajšie oplotenie Kerbl</b>!<br><br><ul><li>Materiál: <ul><li>Kov</li><li>Zinok</li></ul></li><li>F","Ak hľadáte nové trendy na trhu, predstavujeme <b>Vonkajšie oplotenie Kerbl</b>!<br><br><ul><li>Materiál: <ul><li>Kov</li><li>Zinok</li></ul></li><li>Farba: Striebristý</li><li>Približné rozmery: 180 x 90 x 75 cm</li><li>Dvere: 2 dvere</li></ul>",Pop Pulse Emporium,https://cdnbigbuy.com/images/4018653943786_S71003563_P00.jpg,https://cdnbigbuy.com/images/4018653943786_S71003563_P30.jpg,https://cdnbigbuy.com/images/S71003563_1742286486-remove-background0.jpg,https://cdnbigbuy.com/images/4018653943786_S71003563_P10.jpg,139.18,2,NEW,13.07,13.07,13.07,0.44,2232.68,EUR,2,8,3
S7274768,8430622742620,sk-SK,Gardening & DIY,Pánske hodinky Festina F20457/3 Ø 36 mm 36 mm,"Ak sledujete trendy v oblasti módy a doplnkov, nakupujte <b>Pánske hodinky Festina F20457/3 Ø 36 mm 36 mm</b> za najlepšie ceny.<br><br><ul><li>Extra ","Ak sledujete trendy v oblasti módy a doplnkov, nakupujte <b>Pánske hodinky Festina F20457/3 Ø 36 mm 36 mm</b> za najlepšie ceny.<br><br><ul><li>Extra články reťaze: Č.</li><li>Druh hodiniek: Náramkové hodinky</li><li>Priemer puzdra hodiniek: Ø 36 mm</li><li>Pohlavie: Muž</li><li>Farba: <ul><li>Čierna</li><li>Striebristý</li></ul></li><li>Rok: 2019</li><li>Materiál náramku: Nerezová oceľ</li><li>Materiál hodiniek: Nerezová oceľ</li><li>Približný priemer: 36 mm</li><li>Typ pohybu: Kremeň</li><li>H",Pop Pulse Emporium,https://cdnbigbuy.com/images/8430622742620_S7274768_P01.jpg,https://cdnbigbuy.com/images/73825_mandatory-watch1.jpg,,,158.83,50,NEW,32.0,19.0,10.0,0.4,6080.0,EUR,2,8,3
S71020184,8058664173402,sk-SK,Gardening & DIY,Child's Chair Chicco Sivá,"Pre naše deti chceme len to najlepšie, a preto by sme Vám chceli predstaviť <b>Child's Chair Chicco Sivá</b>, perfektný pre všetkých, ktorí hľadajú kv","Pre naše deti chceme len to najlepšie, a preto by sme Vám chceli predstaviť <b>Child's Chair Chicco Sivá</b>, perfektný pre všetkých, ktorí hľadajú kvalitatívne vysokohodnotný produkt pre najmenších. Nakúpte <b>Chicco</b> a ďalšie značky a licencie za tie najlepšie ceny!<br><br><ul><li>Vlastnosti: Sklopná</li><li>Farba: Sivá</li></ul>",Pop Pulse Emporium,https://cdnbigbuy.com/images/8058664173402_S71020184_P00.jpg,https://cdnbigbuy.com/images/8058664173402_S71020184_P50.jpg,https://cdnbigbuy.com/images/8058664173402_S71020184_P10.jpg,https://cdnbigbuy.com/images/8058664173402_S71020184_P20.jpg,148.91,2,NEW,27.0,39.0,60.0,3.24,63180.0,EUR,2,8,3
S3059538,8424002176693,sk-SK,Gardening & DIY,Stropné svetlo Home ESPRIT Mangové drevo 38 x 38 x 32 cm,"<p>Ak chcete vášmu domovu dodať kúsok originality, môžete tak urobiť s <b>Stropné svetlo Home ESPRIT Mangové drevo 38 x 38 x 32 cm</b>.</p><br><br><ul","<p>Ak chcete vášmu domovu dodať kúsok originality, môžete tak urobiť s <b>Stropné svetlo Home ESPRIT Mangové drevo 38 x 38 x 32 cm</b>.</p><br><br><ul><li>Typ: Stropné svetlo</li><li>Materiál: Mangové drevo</li><li>Nezahŕňa: Žiarovka</li><li>Približné rozmery: 38 x 38 x 32 cm</li></ul>",Pop Pulse Emporium,https://cdnbigbuy.com/images/8424002176693_S3059538_P00.jpg,,,,126.75,10,NEW,33.19,30.31,28.62,4.9,28791.4,EUR,2,8,3
S72125122,0889214380807,sk-SK,Gardening & DIY,Pánske slnečné okuliare Tods TO0348 5253E,"Ak hľadáte nové trendy na trhu, predstavujeme <b>Pánske slnečné okuliare Tods TO0348 5253E</b>!<br><br><ul><li>Pohlavie: <ul><li>Muž</li><li>Unisex</l","Ak hľadáte nové trendy na trhu, predstavujeme <b>Pánske slnečné okuliare Tods TO0348 5253E</b>!<br><br><ul><li>Pohlavie: <ul><li>Muž</li><li>Unisex</li><li>Dáma</li></ul></li><li>Typ: Pánske slnečné okuliare</li><li>Stranice: 140 mm</li><li>Šošovky: Ø 52 mm</li><li>Štýl: Moderný</li><li>Tvar: Obdĺžnikový</li><li>Farba rámu: Gaštanová</li><li>Design: Obdĺžnikový</li><li>Farba: Gaštanová</li><li>Ochrana: 100% ochrana proti UV žiareniu (UV400)</li></ul>",Pop Pulse Emporium,https://cdnbigbuy.com/images/0889214380807_S05111172_P00.jpg,https://cdnbigbuy.com/images/0889214380807_S72125122_P00.jpg,https://cdnbigbuy.com/images/0889214380807_S72125122_P10.jpg,https://cdnbigbuy.com/images/0889214380807_S72125122_P20.jpg,127.73,2,NEW,10.0,10.0,10.06,0.28,1006.0,EUR,2,8,3
S0388121,0197853277496,sk-SK,Gardening & DIY,Taška do ruky Michael Kors 35F4STVC1L-DRA-GONFRUIT,"Ak hľadáte nové trendy na trhu, predstavujeme <b>Taška do ruky Michael Kors 35F4STVC1L-DRA-GONFRUIT</b>!<br><br><ul><li>Farba: Ružová</li><li>Zloženie","Ak hľadáte nové trendy na trhu, predstavujeme <b>Taška do ruky Michael Kors 35F4STVC1L-DRA-GONFRUIT</b>!<br><br><ul><li>Farba: Ružová</li><li>Zloženie: Koža</li><li>Typ zapínania: Magnetic</li><li>Obsahuje: Zahŕňa puzdro alebo obal značky</li><li>Približné rozmery: 21 x 12 x 5 cm</li></ul>",Pop Pulse Emporium,https://cdnbigbuy.com/images/0197853277496_S0388121_P00.jpg,https://cdnbigbuy.com/images/0197853277496_S0388121_P10.jpg,https://cdnbigbuy.com/images/0197853277496_S0388121_P20.jpg,,174.71,2,NEW,10.0,10.0,10.0,0.3,1000.0,EUR,2,8,3
S71002976,5400653009316,sk-SK,Gardening & DIY,Vankúš na Dojčenie Babymoov zelená,"Pre naše deti chceme len to najlepšie, a preto by sme Vám chceli predstaviť <b>Vankúš na Dojčenie Babymoov zelená</b>, perfektný pre všetkých, ktorí h","Pre naše deti chceme len to najlepšie, a preto by sme Vám chceli predstaviť <b>Vankúš na Dojčenie Babymoov zelená</b>, perfektný pre všetkých, ktorí hľadajú kvalitatívne vysokohodnotný produkt pre najmenších. Nakúpte <b>Babymoov</b> a ďalšie značky a licencie za tie najlepšie ceny!<br><br><ul><li>Farba: zelená</li></ul>",Pop Pulse Emporium,https://cdnbigbuy.com/images/5400653009316_S71002976_P00.jpg,https://cdnbigbuy.com/images/5400653009316_S71002976_P10.jpg,https://cdnbigbuy.com/images/5400653009316_S71002976_P20.jpg,https://cdnbigbuy.com/images/5400653009316_S71002976_P30.jpg,117.16,5,NEW,67.0,45.0,20.0,1.36,60300.0,EUR,2,8,3
S7917615,8430274148924,sk-SK,Gardening & DIY,Bezpečnostný systém Pastormatic 500 Plot,"Ak hľadáte nové trendy na trhu, predstavujeme <b>Bezpečnostný systém Pastormatic 500 Plot</b>!<br><br><ul><li>Typ: <ul><li>Elektrická</li><li>Plot</li","Ak hľadáte nové trendy na trhu, predstavujeme <b>Bezpečnostný systém Pastormatic 500 Plot</b>!<br><br><ul><li>Typ: <ul><li>Elektrická</li><li>Plot</li></ul></li><li>Napätie: <ul><li>230 V</li><li>1600 V</li><li>8800 V</li></ul></li><li>Vlastnosti: LED kontrolka činnosti</li><li>Nezahŕňa: Batérie</li><li>Zviera: <ul><li>Kôň</li><li>pes</li></ul></li></ul>",Pop Pulse Emporium,https://cdnbigbuy.com/images/8430274148924_S7917615_P0_WBG1.jpg,,,,177.52,2,NEW,50.0,50.0,20.0,0.93,50000.0,EUR,2,8,3
S7189155,8719514264465,sk-SK,Gardening & DIY,Stolná lampa Philips Lámpara de mesa Iris Biela 220 V 100 - 240 V,"<p>Ak chcete vášmu domovu dodať kúsok originality, môžete tak urobiť s <b>Stolná lampa Philips Lámpara de mesa Iris Biela 220 V 100 - 240 V</b>.</p><b","<p>Ak chcete vášmu domovu dodať kúsok originality, môžete tak urobiť s <b>Stolná lampa Philips Lámpara de mesa Iris Biela 220 V 100 - 240 V</b>.</p><br><br><ul><li>Typ: Stolná lampa</li><li>Zásuvný produkt: áno</li><li>Druh zástrčky: EU zástrčky</li><li>IP klasifikácia: IP20</li><li>Teplota farby: 6500 K</li></ul>",Pop Pulse Emporium,https://cdnbigbuy.com/images/8719514264465_R01.jpg,,,,152.87,5,NEW,21.8,24.4,17.4,1.24,9255.41,EUR,2,8,3
S0389518,0196237627186,sk-SK,Gardening & DIY,Taška na plece Michael Kors 35S4GTVC5L-LT-CREAM Béžová 22 x 20 x 7 cm,"Ak hľadáte nové trendy na trhu, predstavujeme <b>Taška na plece Michael Kors 35S4GTVC5L-LT-CREAM Béžová 22 x 20 x 7 cm</b>!<br><br><ul><li>Typ: Taška ","Ak hľadáte nové trendy na trhu, predstavujeme <b>Taška na plece Michael Kors 35S4GTVC5L-LT-CREAM Béžová 22 x 20 x 7 cm</b>!<br><br><ul><li>Typ: Taška na plece</li><li>Farba: Béžová</li><li>Materiál: Plátno</li><li>Typ zapínania: Zips</li><li>Obsahuje: Zahŕňa puzdro alebo obal značky</li><li>Približné rozmery: 22 x 20 x 7 cm</li></ul>",Pop Pulse Emporium,https://cdnbigbuy.com/images/0196237627186_S0389518_P00.jpg,https://cdnbigbuy.com/images/0196237627186_S0389518_P10.jpg,https://cdnbigbuy.com/images/0196237627186_S0389518_P20.jpg,,150.48,23,NEW,10.0,10.0,10.0,0.3,1000.0,EUR,2,8,3
S7103607,3612408255707,sk-SK,Gardening & DIY,"Truhlica Eukalyptové drevo 48,5 x 109,5 x 37 cm","<p>Ak chcete vášmu domovu dodať kúsok originality, môžete tak urobiť s <b>Truhlica Eukalyptové drevo 48,5 x 109,5 x 37 cm</b>.</p><br><br><ul><li>Vlas","<p>Ak chcete vášmu domovu dodať kúsok originality, môžete tak urobiť s <b>Truhlica Eukalyptové drevo 48,5 x 109,5 x 37 cm</b>.</p><br><br><ul><li>Vlastnosti: S kolesami</li><li>Kapacita: 190 L</li><li>Materiál: Eukalyptové drevo</li><li>Približné rozmery: 48,5 x 109,5 x 37 cm</li></ul>",Pop Pulse Emporium,https://cdnbigbuy.com/images/3612408255707_S7103607_P21.jpg,https://cdnbigbuy.com/images/3612408255707_S7103607_P11.jpg,https://cdnbigbuy.com/images/3612408255707_S7103607_P31.jpg,https://cdnbigbuy.com/images/3612408255707_S7103607_P01.jpg,176.75,25,NEW,109.0,50.0,13.0,15.0,70850.0,EUR,2,8,3
S8418498,7322540465341,sk-SK,Gardening & DIY,Nekonečná papierová rolka Tork 100130 Biela 120 m,<p><b>Nekonečná papierová rolka Tork Advanced (11 Kusov)</b> je kvalitný produkt pre starostlivosť o telo. Ak hľadáte tie najlepšie prípravky na osobn,"<p><b>Nekonečná papierová rolka Tork Advanced (11 Kusov)</b> je kvalitný produkt pre starostlivosť o telo. Ak hľadáte tie najlepšie prípravky na osobnú hygienu, <b>100% originálne produkty značky Tork </b> sú presne to, čo potrebujete.</p><br><ul><li>Farba: Biela</li><li>Dĺžka: 120 m</li><li>Šírka: 21,5 cm</li><li>Kusov: 11 Kusov</li><li>Typ: Nekonečná papierová rolka</li></ul>",Pop Pulse Emporium,https://cdnbigbuy.com/images/7322540465341_R01.jpg,,,,108.5,1,NEW,15.0,55.0,15.0,3.04,12375.0,EUR,2,8,3
S8409730,0884962772379,sk-SK,Gardening & DIY,Originálny toner HP CE412A Žltá,Tillbaka till kontoret utan att ha glömt en enda pryl! Köp <b>Originálny toner HP CE412A Žltá</b> och låt dina kollegor avundas dig!<br><br><ul><li>Fa,Tillbaka till kontoret utan att ha glömt en enda pryl! Köp <b>Originálny toner HP CE412A Žltá</b> och låt dina kollegor avundas dig!<br><br><ul><li>Farba: Žltá</li><li>Kompatibilné: <ul><li>LASERJET PRO 300 COLOR PRINTER M351A</li><li>LASERJET PRO 300 M351A</li><li>LASERJET PRO 300 REFURBISHED COLOR MFP M375NW</li><li>LASERJET PRO 400 COLOR MFP M475DN</li><li>LASERJET PRO 400 M451NW</li><li>LASERJET PRO 400 REFURBISHED COLOR MFP M475DN</li><li>LASERJET PRO 400 REFURBISHED COLOR MFP M475DW</li><l,Pop Pulse Emporium,https://cdnbigbuy.com/images/0884962772379_0_P01.jpg,https://cdnbigbuy.com/images/0884962772379_1_A01.jpg,,,197.85,1,NEW,27.69,97.79,31.75,0.88,85960.39,EUR,2,8,3
S0375188,0091661526145,sk-SK,Gardening & DIY,Pánske hodinky Guess (Ø 43 mm),"Ak sledujete trendy v oblasti módy a doplnkov, nakupujte <b>Pánske hodinky Guess (Ø 43 mm)</b> za najlepšie ceny.<br><br><ul><li>Pohlavie: Muž</li><li","Ak sledujete trendy v oblasti módy a doplnkov, nakupujte <b>Pánske hodinky Guess (Ø 43 mm)</b> za najlepšie ceny.<br><br><ul><li>Pohlavie: Muž</li><li>Extra články reťaze: Č.</li><li>Druh hodiniek: Náramkové hodinky</li><li>Materiál náramku: Silikónové</li><li>Materiál puzdra hodiniek: Nerezová oceľ</li><li>Typ pohybu: Kremeň</li><li>Sklo: Minerál</li><li>Vodeodolnosť: 5 atm</li><li>Obsahuje: K produktu dostanete originálnu krabičku</li><li>Typ zapínania: Pracka</li><li>Farba cilindra: Modrá</li",Pop Pulse Emporium,https://cdnbigbuy.com/images/0091661526145_S0375188_P01.jpg,https://cdnbigbuy.com/images/71547_mandatory-watch1.jpg,,,107.43,10,NEW,32.0,19.0,10.0,0.4,6080.0,EUR,2,8,3
S0389711,0197853084520,sk-SK,Gardening & DIY,Taška na plece Michael Kors 35F4STVT9B-BLACK Čierna 37 x 28 x 12 cm,"Ak hľadáte nové trendy na trhu, predstavujeme <b>Taška na plece Michael Kors 35F4STVT9B-BLACK Čierna 37 x 28 x 12 cm</b>!<br><br><ul><li>Typ: Taška</l","Ak hľadáte nové trendy na trhu, predstavujeme <b>Taška na plece Michael Kors 35F4STVT9B-BLACK Čierna 37 x 28 x 12 cm</b>!<br><br><ul><li>Typ: Taška</li><li>Farba: Čierna</li><li>Zloženie: Koža</li><li>Typ zapínania: Zips</li><li>Obsahuje: Zahŕňa puzdro alebo obal značky</li><li>Približné rozmery: 37 x 28 x 12 cm</li></ul>",Pop Pulse Emporium,https://cdnbigbuy.com/images/0197853084520_S0389711_P00.jpg,https://cdnbigbuy.com/images/0197853084520_S0389711_P10.jpg,https://cdnbigbuy.com/images/0197853084520_S0389711_P20.jpg,,191.36,10,NEW,10.0,10.0,10.0,0.3,1000.0,EUR,2,8,3
M0513401,0632983030998,sk-SK,Gardening & DIY,Toner Kyocera TK-5135C Čierna Azúrová,Tillbaka till kontoret utan att ha glömt en enda pryl! Köp <b>Toner Kyocera TK-5135C Čierna Azúrová</b> och låt dina kollegor avundas dig!<br><br><ul>,Tillbaka till kontoret utan att ha glömt en enda pryl! Köp <b>Toner Kyocera TK-5135C Čierna Azúrová</b> och låt dina kollegor avundas dig!<br><br><ul><li>Farba: <ul><li>Azúrová</li><li>Čierna</li></ul></li><li>Technológia: Láser</li><li>Typ: Toner</li><li>Približná hmotnosť: 230 g</li><li>Vlastnosti: Originálny</li><li>Kapacita: 5000 Strany</li></ul>,Pop Pulse Emporium,https://cdnbigbuy.com/images/0632983030998_M0513401_P00.jpg,https://cdnbigbuy.com/images/0632983030998_R00.jpg,https://cdnbigbuy.com/images/0632983030998_I00.jpg,,121.26,10,NEW,31.5,11.0,12.0,0.42,4158.0,EUR,2,8,3
S9405996,0844477024035,sk-SK,Gardening & DIY,Prsné protézy Gender X,"Ak sú <b>počítače a elektronika</b> vašou vášňou a máte radi aktualizácie z oblasti technológie, a neuniknú vám ani najmenšie detajly, zakúpte <b>Prsn","Ak sú <b>počítače a elektronika</b> vašou vášňou a máte radi aktualizácie z oblasti technológie, a neuniknú vám ani najmenšie detajly, zakúpte <b>Prsné protézy Gender X</b> za neporaziteľnú cenu.<br><br><ul><li>Dôležité informácie: Garantujeme úplnú diskrétnosť a dôvernosť našej prepravy. Nikto okrem vás nebude vedieť, čo balík obsahuje.</li></ul>",Pop Pulse Emporium,https://cdnbigbuy.com/images/0844477024035_S9405996_P00.jpg,https://cdnbigbuy.com/images/0844477024035_S9405996_P90.jpg,https://cdnbigbuy.com/images/0844477024035_S9405996_P30.jpg,https://cdnbigbuy.com/images/0844477024035_S9405996_P160.jpg,150.96,16,NEW,8.35,8.3,8.61,0.2,596.72,EUR,2,8,3
S0409217,3016661148910,sk-SK,Gardening & DIY,Vákuová Balička a Zváračka Tefal Vacupack Classic VT254070,"Ak hľadáte vhodné elektrospotrebiče za špičkové ceny, kúpte si domov <b> Vákuová Balička a Zváračka Tefal Vacupack Classic VT254070</b> a ďalšie kúsky","Ak hľadáte vhodné elektrospotrebiče za špičkové ceny, kúpte si domov <b> Vákuová Balička a Zváračka Tefal Vacupack Classic VT254070</b> a ďalšie kúsky z širokého výberu kvalitných malých domácich elektrospotrebičov!<br><br><ul><li>Typ: Vákuová Balička a Zváračka</li><li>Zásuvný produkt: áno</li><li>Druh zástrčky: EU zástrčky</li><li>Farba: Čierna</li><li>Príkon: 110 W</li><li>Materiál: Nerezová oceľ</li><li>Vlastnosti: <ul><li>Manuál</li><li>Riadenie prostredníctvom tlačidiel</li><li>Sklad káblo",Pop Pulse Emporium,https://cdnbigbuy.com/images/3016661148910_0_I03.jpg,https://cdnbigbuy.com/images/3016661148910_1_I13.jpg,,,102.85,10,NEW,19.0,41.0,10.0,1.6,7790.0,EUR,2,8,3
S0463848,8021098002808,sk-SK,Gardening & DIY,Parný generátor Braun IS1514VI 2200 W Keramický,"Ak hľadáte vhodné elektrospotrebiče za špičkové ceny, kúpte si domov <b> Parný generátor Braun IS1514VI 2200 W Keramický</b> a ďalšie kúsky z širokého","Ak hľadáte vhodné elektrospotrebiče za špičkové ceny, kúpte si domov <b> Parný generátor Braun IS1514VI 2200 W Keramický</b> a ďalšie kúsky z širokého výberu kvalitných malých domácich elektrospotrebičov!<br><br><p>Žehliaca stanica Braun kombinuje silný výkon s atraktívnym dizajnom v purpurovej farbe. S výkonom 2200 W je tento prístroj schopný poskytnúť kontinuálnu paru 120 g/min, čo uľahčuje žehlenie širokej škály odevov, vrátane tých najnáročnejších. Maximálny tlak pary dosahujúci až 6 barov z",Pop Pulse Emporium,https://cdnbigbuy.com/images/8021098002808_I00.jpg,https://cdnbigbuy.com/images/8021098002808_I10.jpg,,,139.77,50,NEW,38.15,33.31,34.85,4.09,44286.56,EUR,2,8,3
S8421270,4004764917730,sk-SK,Gardening & DIY,Sada fixiek Edding Ecoline Viacfarebná 4 Kusy (50 kusov),Tillbaka till kontoret utan att ha glömt en enda pryl! Köp <b>Sada fixiek Edding Ecoline Viacfarebná 4 Kusy (50 kusov)</b> och låt dina kollegor avund,Tillbaka till kontoret utan att ha glömt en enda pryl! Köp <b>Sada fixiek Edding Ecoline Viacfarebná 4 Kusy (50 kusov)</b> och låt dina kollegor avundas dig!<br><br><ul><li>Farba: Viacfarebná</li><li>Typ: Sada fixiek</li><li>Vlastnosti: Farba na báze vody</li><li>Hrúbka: 2-5 mm</li><li>Počet kusov: 4 Kusy</li><li>Kusov: 50 kusov</li></ul>,Pop Pulse Emporium,https://cdnbigbuy.com/images/4004764917730_S8421270_P0_icon1.jpg,https://cdnbigbuy.com/images/4004764917730_S8421270_P01.jpg,,,157.4,1,NEW,5.1,8.76,21.34,0.1,953.39,EUR,2,8,3
S3031318,8424001936489,sk-SK,Gardening & DIY,Stolná lampa DKD Home Decor Zlatá 220 V Moderný (38 x 16 x 63 cm),"<p>Ak chcete vášmu domovu dodať kúsok originality, môžete tak urobiť s <b>Stolná lampa DKD Home Decor Zlatá 220 V Moderný (38 x 16 x 63 cm)</b>.</p><b","<p>Ak chcete vášmu domovu dodať kúsok originality, môžete tak urobiť s <b>Stolná lampa DKD Home Decor Zlatá 220 V Moderný (38 x 16 x 63 cm)</b>.</p><br><br><ul><li>Druh zástrčky: EU zástrčky</li><li>Zásuvný produkt: áno</li><li>Typ: Stolná lampa</li><li>Farba: Zlatá</li><li>Žiarovky: 2</li><li>Dĺžka kábla: 150 cm</li><li>Napätie: 220 V</li><li>Pätica: G9</li><li>Nezahŕňa: Žiarovka</li><li>Dlhý: 16 cm</li><li>Design: Moderný</li><li>Šírka: 38 cm</li><li>Materiál: <ul><li>Kov</li><li>Sklo</li></ul",Pop Pulse Emporium,https://cdnbigbuy.com/images/8424001936489_S3031318_P34.jpg,https://cdnbigbuy.com/images/8424001936489_S3031318_P04.jpg,https://cdnbigbuy.com/images/8424001936489_S3031318_P14.jpg,https://cdnbigbuy.com/images/8424001936489_S3031318_P24.jpg,112.04,25,NEW,65.5,23.2,44.3,4.0,67318.28,EUR,2,8,3
S72124987,4894138354656,sk-SK,Gardening & DIY,Pánske hodinky Lorus RH913PX9,"Ak hľadáte nové trendy na trhu, predstavujeme <b>Pánske hodinky Lorus RH913PX9</b>!<br><br><ul><li>Pohlavie: Muž</li><li>Extra články reťaze: Č.</li><","Ak hľadáte nové trendy na trhu, predstavujeme <b>Pánske hodinky Lorus RH913PX9</b>!<br><br><ul><li>Pohlavie: Muž</li><li>Extra články reťaze: Č.</li><li>Druh hodiniek: Náramkové hodinky</li></ul>",Pop Pulse Emporium,https://cdnbigbuy.com/images/4894138354656_S72124987_P00.jpg,https://cdnbigbuy.com/images/4894138354656_S72124987_P10.jpg,https://cdnbigbuy.com/images/123999_mandatory-watch0.jpg,,115.78,2,NEW,14.15,12.43,10.11,0.3,1778.19,EUR,2,8,3
S3056015,8424002119447,sk-SK,Gardening & DIY,"Maľba Home ESPRIT Abstraktný Moderný S členitosťou 100 x 3,7 x 70 cm (2 kusov)","<p>Ak chcete vášmu domovu dodať kúsok originality, môžete tak urobiť s <b>Maľba Home ESPRIT Abstraktný Moderný S členitosťou 100 x 3,7 x 70 cm (2 kuso","<p>Ak chcete vášmu domovu dodať kúsok originality, môžete tak urobiť s <b>Maľba Home ESPRIT Abstraktný Moderný S členitosťou 100 x 3,7 x 70 cm (2 kusov)</b>.</p><br><br><ul><li>Dôležité informácie: Z viac designov vyberáme náhodne podľa skladovej dostupnosti</li><li>Farba: <ul><li>Modrá</li><li>Biela</li></ul></li><li>Materiál: <ul><li>Plátno</li><li>Drevo MDF</li></ul></li><li>Šírka: 100 cm</li><li>Vysoký: 70 cm</li><li>Design: <ul><li>Abstraktný</li><li>Moderný</li><li>S členitosťou</li></ul><",Pop Pulse Emporium,https://cdnbigbuy.com/images/8424002119447_S3056015_P30.jpg,https://cdnbigbuy.com/images/8424002119447_S3056015_P20.jpg,https://cdnbigbuy.com/images/8424002119447_S3056015_P10.jpg,https://cdnbigbuy.com/images/8424002119447_S3056015_P00.jpg,110.67,50,NEW,49.0,27.84,28.73,1.34,39192.32,EUR,2,8,3
S71002966,3508510006064,sk-SK,Gardening & DIY,"Kastról Arthur Martin AM945GT Sivá Ø 24 cm 2,4 L","Ak pri zariaďovaní vášho domova kladiete dôraz na všetky detaily a chcete byť priebežne informovaný o najnovších výrobkoch, ktoré vám uľahčia život, n","Ak pri zariaďovaní vášho domova kladiete dôraz na všetky detaily a chcete byť priebežne informovaný o najnovších výrobkoch, ktoré vám uľahčia život, nakupujte <b>Kastról Arthur Martin AM945GT Sivá Ø 24 cm 2,4 L</b> za tú najlepšiu cenu.<br><br><ul><li>Farba: Sivá</li><li>Materiál: Nerezová oceľ</li><li>Vlastnosti: Vhodné pre všetky typy sporákov (elektrické, plynové, sklokeramické alebo indukčné)</li><li>Približný priemer: Ø 24 cm</li><li>Kapacita: 2,4 L</li></ul>",Pop Pulse Emporium,https://cdnbigbuy.com/images/3508510006064_S71002966_P00.jpg,https://cdnbigbuy.com/images/3508510006064_S71002966_P40.jpg,https://cdnbigbuy.com/images/3508510006064_S71002966_P30.jpg,https://cdnbigbuy.com/images/3508510006064_S71002966_P20.jpg,101.02,10,NEW,29.0,39.4,15.1,2.62,17253.26,EUR,2,8,3
S72111961,8050506115793,sk-SK,Gardening & DIY,Pánsky náramok Talent Jewels TJA-3-20-02-2-235 Čierna,"Predstavuje sa vám <b>Pánsky náramok Talent Jewels TJA-3-20-02-2-235 Čierna</b> a široký výber prstienkov, náramkov, náhrdelníkov, náušníc za skvelú c","Predstavuje sa vám <b>Pánsky náramok Talent Jewels TJA-3-20-02-2-235 Čierna</b> a široký výber prstienkov, náramkov, náhrdelníkov, náušníc za skvelú cenu. Získajte podrobné informácie o exkluzívnych elegantných šperkoch a bižutérii v rôznych štýloch, z ktorých si vyberie každý.<br><br><ul><li>Typ: Náramok</li><li>Pohlavie: Muž</li><li>Farba: Čierna</li></ul>",Pop Pulse Emporium,https://cdnbigbuy.com/images/8050506115793_S72111961_P00.jpg,,,,134.19,25,NEW,10.0,10.0,10.0,0.3,1000.0,EUR,2,8,3
S91122319,0324471905566,sk-SK,Gardening & DIY,Chodítko na kolieskach Huffy 19055W,"Ak hľadáte nové trendy na trhu, predstavujeme <b>Chodítko na kolieskach Huffy 19055W</b>!","Ak hľadáte nové trendy na trhu, predstavujeme <b>Chodítko na kolieskach Huffy 19055W</b>!",Pop Pulse Emporium,https://cdnbigbuy.com/images/0324471905566_R00.jpg,https://cdnbigbuy.com/images/0324471905566_R40.jpg,https://cdnbigbuy.com/images/0324471905566_R50.jpg,https://cdnbigbuy.com/images/0324471905566_R60.jpg,139.23,2,NEW,65.0,35.0,38.0,6.3,86450.0,EUR,2,8,3
S0367131,0196163096124,sk-SK,Gardening & DIY,Ležérny batoh Michael Kors 35S2G8TB2L-BLACK Čierna,"Ak rozmýšľate nad obnovením vášho šatníka, nakúpte <b>Ležérny batoh Michael Kors 35S2G8TB2L-BLACK Čierna</b> ďalšie <b>produkty Michael Kors</b>! Najl","Ak rozmýšľate nad obnovením vášho šatníka, nakúpte <b>Ležérny batoh Michael Kors 35S2G8TB2L-BLACK Čierna</b> ďalšie <b>produkty Michael Kors</b>! Najlepšia kvalita za najlepšiu cenu je už na dosah!<br><br><ul><li>Typ: Ležérny batoh</li><li>Pohlavie: Dáma</li><li>Farba: Čierna</li><li>Veľkosť: 24 x 11,5 cm</li><li>Materiál: Koža</li><li>Typ zapínania: Zips</li></ul>",Pop Pulse Emporium,https://cdnbigbuy.com/images/0196163096124_S0367131_P00.jpg,https://cdnbigbuy.com/images/0196163096124_S0367131_P10.jpg,,,191.36,25,NEW,10.0,10.0,10.0,0.3,1000.0,EUR,2,8,3
S7189177,0045496478735,sk-SK,Gardening & DIY,Videohra pre Switch Nintendo the legend of zelda tears of the kingdom,"Ak sú <b>počítače a elektronika</b> vašou vášňou a máte radi aktualizácie z oblasti technológie, a neuniknú vám ani najmenšie detajly, zakúpte <b>Vide","Ak sú <b>počítače a elektronika</b> vašou vášňou a máte radi aktualizácie z oblasti technológie, a neuniknú vám ani najmenšie detajly, zakúpte <b>Videohra pre Switch Nintendo the legend of zelda tears of the kingdom</b> za neporaziteľnú cenu.<br><br><ul><li>Farba: Viacfarebná</li><li>Platforma: Nintendo Switch</li><li>Odporúčaný vek: <ul><li>Deti</li><li>Chlapci</li></ul></li><li>Typ: Videohra pre Switch</li><li>Kompatibilné: Francúzsko</li></ul>",Pop Pulse Emporium,https://cdnbigbuy.com/images/0045496478735_S7189177_P01.jpg,https://cdnbigbuy.com/images/0045496478735_S7189177_P11.jpg,https://cdnbigbuy.com/images/0045496478735_S7189177_P21.jpg,https://cdnbigbuy.com/images/0045496478735_S7189177_P31.jpg,112.02,25,NEW,10.5,17.0,1.2,0.07,214.2,EUR,2,8,3
S7185651,4078500051941,sk-SK,Gardening & DIY,Bubon/cievka na hadicu Gardena RollUp Automatické Nástenný 15 m,"Ak pri zariaďovaní vášho domova kladiete dôraz na všetky detaily a chcete byť priebežne informovaný o najnovších výrobkoch, ktoré vám uľahčia život, n","Ak pri zariaďovaní vášho domova kladiete dôraz na všetky detaily a chcete byť priebežne informovaný o najnovších výrobkoch, ktoré vám uľahčia život, nakupujte <b>Bubon/cievka na hadicu Gardena RollUp Automatické Nástenný 15 m</b> za tú najlepšiu cenu.<br><br><ul><li>Vlastnosti: <ul><li>Automatické</li><li>Nástenný</li></ul></li><li>Typ: <ul><li>Bubon/cievka na hadicu</li><li>Automatické</li></ul></li><li>Odporúčané použitie: Záhrada</li><li>Farba: Čierna</li><li>Dĺžka hadice: 15 m</li></ul>",Pop Pulse Emporium,https://cdnbigbuy.com/images/4078500051941_S7185651_P00.jpg,,,,190.52,25,NEW,52.2,16.6,40.8,8.86,35354.02,EUR,2,8,3
S91104848,5038483539293,sk-SK,Gardening & DIY,Žabky pre mužov Mobilex PRS014BEZ42,"Ak rozmýšľate nad obnovením vášho šatníka, nakúpte <b>Žabky pre mužov Mobilex PRS014BEZ42</b> ďalšie <b>produkty Mobilex</b>! Najlepšia kvalita za naj","Ak rozmýšľate nad obnovením vášho šatníka, nakúpte <b>Žabky pre mužov Mobilex PRS014BEZ42</b> ďalšie <b>produkty Mobilex</b>! Najlepšia kvalita za najlepšiu cenu je už na dosah!<br><br><ul><li>Veľkosť: 42</li><li>Vlastnosti: Vhodné na rehabilitáciu</li><li>Typ: Šľapky do bazéna</li><li>Materiál: <ul><li>Semiš</li><li>Guma</li></ul></li><li>Pohlavie: Unisex</li><li>Funguje na batérie: Č.</li></ul>",Pop Pulse Emporium,https://cdnbigbuy.com/images/5038483539293_S91104848_P00.jpg,https://cdnbigbuy.com/images/5038483539293_S91104848_P20.jpg,https://cdnbigbuy.com/images/5038483539293_S91104848_P10.jpg,,107.66,5,NEW,31.5,18.5,11.5,0.93,6701.62,EUR,2,8,3
S71012850,4053423254150,sk-SK,Gardening & DIY,Sieťový adaptér BOSCH,"Ak hľadáte nové trendy na trhu, predstavujeme <b>Sieťový adaptér BOSCH</b>!<br><br><ul><li>Typ: Sieťový adaptér</li><li>Zásuvný produkt: áno</li></ul>","Ak hľadáte nové trendy na trhu, predstavujeme <b>Sieťový adaptér BOSCH</b>!<br><br><ul><li>Typ: Sieťový adaptér</li><li>Zásuvný produkt: áno</li></ul>",Pop Pulse Emporium,https://cdnbigbuy.com/images/4053423254150_S71012850_P00.jpg,https://cdnbigbuy.com/images/4053423254150R30.jpg,https://cdnbigbuy.com/images/4053423254150_S71012850_P30.jpg,https://cdnbigbuy.com/images/4053423254150R40.jpg,149.47,9,NEW,30.0,39.0,7.0,4.62,8190.0,EUR,2,8,3
S0376335,8033288958123,sk-SK,Gardening & DIY,Dámske hodinky Chiara Ferragni R1953100504 (Ø 34 mm),"Ak sledujete trendy v oblasti módy a doplnkov, nakupujte <b>Dámske hodinky Chiara Ferragni R1953100504 (Ø 34 mm)</b> za najlepšie ceny.<br><br><ul><li","Ak sledujete trendy v oblasti módy a doplnkov, nakupujte <b>Dámske hodinky Chiara Ferragni R1953100504 (Ø 34 mm)</b> za najlepšie ceny.<br><br><ul><li>Pohlavie: Dáma</li><li>Extra články reťaze: Č.</li><li>Druh hodiniek: Náramkové hodinky</li><li>Materiál náramku: Nerezová oceľ</li><li>Materiál puzdra hodiniek: Nerezová oceľ</li><li>Typ pohybu: Kremeň</li><li>Sklo: Minerál</li><li>Vodeodolnosť: 5 atm</li><li>Obsahuje: K produktu dostanete originálnu krabičku</li><li>Farba cilindra: Ružová</li><l",Pop Pulse Emporium,https://cdnbigbuy.com/images/8033288958123_S0376335_P01.jpg,https://cdnbigbuy.com/images/72694_mandatory-watch1.jpg,,,141.12,24,NEW,32.0,19.0,10.0,0.4,6080.0,EUR,2,8,3
S0390929,8050560906306,sk-SK,Gardening & DIY,Dámske hodinky Furla WW00004007L4 (Ø 30 mm),"Ak hľadáte nové trendy na trhu, predstavujeme <b>Dámske hodinky Furla WW00004007L4 (Ø 30 mm)</b>!<br><br><ul><li>Pohlavie: Dáma</li><li>Extra články r","Ak hľadáte nové trendy na trhu, predstavujeme <b>Dámske hodinky Furla WW00004007L4 (Ø 30 mm)</b>!<br><br><ul><li>Pohlavie: Dáma</li><li>Extra články reťaze: Č.</li><li>Druh hodiniek: Náramkové hodinky</li><li>Materiál náramku: Nerezová oceľ</li><li>Materiál puzdra hodiniek: Nerezová oceľ</li><li>Typ pohybu: Kremeň</li><li>Sklo: Minerál</li><li>Vodeodolnosť: 5 atm</li><li>Obsahuje: Zahŕňa puzdro alebo obal značky</li><li>Typ zapínania: Tlakové</li><li>Farba cilindra: Sivá</li><li>Farba puzdra hod",Pop Pulse Emporium,https://cdnbigbuy.com/images/8050560906306_S0390929_P00.jpg,https://cdnbigbuy.com/images/8050560906306_S0390929_P20.jpg,https://cdnbigbuy.com/images/87290_mandatory-watch0.jpg,https://cdnbigbuy.com/images/8050560906306_S0390929_P10.jpg,129.89,5,NEW,32.0,19.0,10.0,0.4,6080.0,EUR,2,8,3
S7913184,8720573225984,sk-SK,Gardening & DIY,Súprava batožín PR World Cestovná sada Čierna,Chcete držať krok s módou a máte radi drobné doplnky? Prinášame vám <b>Súprava batožín PR World Cestovná sada Čierna</b> a široký výber trendy kabelie,Chcete držať krok s módou a máte radi drobné doplnky? Prinášame vám <b>Súprava batožín PR World Cestovná sada Čierna</b> a široký výber trendy kabeliek a peňaženiek!<br><br><ul><li>Vlastnosti: <ul><li>S úchytkami</li><li>Otáčanie 360º</li><li>2 vrecká so zipsom</li></ul></li><li>Materiál: Aluminium</li><li>Približné rozmery: <ul><li>36 x 24 x 53 cm</li><li>44 x 26 x 63 cm</li></ul></li><li>Typ: <ul><li>Cestovná sada</li><li>Kufor</li></ul></li><li>Farba: Čierna</li><li>Kolesá: 4</li></ul>,Pop Pulse Emporium,https://cdnbigbuy.com/images/8720573225984_00_WBG3.jpg,,,,117.64,5,NEW,27.0,45.0,64.0,6.38,77760.0,EUR,2,8,3
S0385065,7613272544771,sk-SK,Gardening & DIY,Dámske hodinky Tommy Hilfiger 1782682 (Ø 40 mm),"Ak sledujete trendy v oblasti módy a doplnkov, nakupujte <b>Dámske hodinky Tommy Hilfiger 1782682 (Ø 40 mm)</b> za najlepšie ceny.<br><br><ul><li>Pohl","Ak sledujete trendy v oblasti módy a doplnkov, nakupujte <b>Dámske hodinky Tommy Hilfiger 1782682 (Ø 40 mm)</b> za najlepšie ceny.<br><br><ul><li>Pohlavie: Dáma</li><li>Extra články reťaze: Č.</li><li>Druh hodiniek: Náramkové hodinky</li><li>Materiál náramku: Nerezová oceľ</li><li>Materiál puzdra hodiniek: Nerezová oceľ</li><li>Typ pohybu: Kremeň</li><li>Sklo: Minerál</li><li>Vodeodolnosť: Č.</li><li>Obsahuje: K produktu dostanete originálnu krabičku</li><li>Typ zapínania: Motýľ</li><li>Farba ci",Pop Pulse Emporium,https://cdnbigbuy.com/images/7613272544771_S0385065_P00.jpg,https://cdnbigbuy.com/images/81424_mandatory-watch0.jpg,,,150.48,5,NEW,32.0,19.0,10.0,0.4,6080.0,EUR,2,8,3
S72106593,0889214379337,sk-SK,Gardening & DIY,Dámske Rám na okuliare Max Mara MM5087-D 56033,"Ak rozmýšľate nad obnovením vášho šatníka, nakúpte <b>Dámske Rám na okuliare Max Mara MM5087-D 56033</b> ďalšie <b>produkty Max Mara</b>! Najlepšia kv","Ak rozmýšľate nad obnovením vášho šatníka, nakúpte <b>Dámske Rám na okuliare Max Mara MM5087-D 56033</b> ďalšie <b>produkty Max Mara</b>! Najlepšia kvalita za najlepšiu cenu je už na dosah!<br><br><ul><li>Pohlavie: Dáma</li><li>Typ: Rám na okuliare</li><li>Druh šošovky: Bezdioptrické okuliare</li></ul>",Pop Pulse Emporium,https://cdnbigbuy.com/images/0889214379337_S72106593_P00.jpg,https://cdnbigbuy.com/images/0889214379337_S72106593_P20.jpg,https://cdnbigbuy.com/images/0889214379337_S72106593_P10.jpg,,108.55,5,NEW,15.0,5.0,3.0,0.3,225.0,EUR,2,8,3
S8906431,8412842611498,sk-SK,Gardening & DIY,Stôl so 2 stoličkami Aktive 75 x 70 x 75 cm (3 Kusy),"<p>Ak chcete vášmu domovu dodať kúsok originality, môžete tak urobiť s <b>Stôl so 2 stoličkami Aktive 75 x 70 x 75 cm (3 Kusy)</b>.</p><br><br><ul><li","<p>Ak chcete vášmu domovu dodať kúsok originality, môžete tak urobiť s <b>Stôl so 2 stoličkami Aktive 75 x 70 x 75 cm (3 Kusy)</b>.</p><br><br><ul><li>Typ: plynový varič</li><li>Odporúčaný vek: + 3 rokov</li><li>Približné rozmery: <ul><li>75 x 75 cm</li><li>75 x 70 x 75 cm</li></ul></li><li>Materiál: Oceľ</li><li>Počet kusov: 3 Kusy</li></ul>",Pop Pulse Emporium,https://cdnbigbuy.com/images/8412842611498_S8906431_P00.jpg,https://cdnbigbuy.com/images/8412842611498_S8906431_P40.jpg,https://cdnbigbuy.com/images/8412842611498_S8906431_P50.jpg,https://cdnbigbuy.com/images/8412842611498_S8906431_P10.jpg,146.25,50,NEW,38.06,47.05,22.71,5.0,40667.32,EUR,2,8,3
S71018770,8437027499081,sk-SK,Gardening & DIY,Autosedačka BBGO,"Ak hľadáte nové trendy na trhu, predstavujeme <b>Autosedačka BBGO</b>!","Ak hľadáte nové trendy na trhu, predstavujeme <b>Autosedačka BBGO</b>!",Pop Pulse Emporium,https://cdnbigbuy.com/images/8437027499081_S71018770_P00.jpg,,,,148.86,10,NEW,64.0,47.0,30.0,7.3,90240.0,EUR,2,8,3
S7100488,3275054544009,sk-SK,Gardening & DIY,Matrac do kolísky Tineo XXL,"Ak pri zariaďovaní vášho domova kladiete dôraz na všetky detaily a chcete byť priebežne informovaný o najnovších výrobkoch, ktoré vám uľahčia život, n","Ak pri zariaďovaní vášho domova kladiete dôraz na všetky detaily a chcete byť priebežne informovaný o najnovších výrobkoch, ktoré vám uľahčia život, nakupujte <b>Matrac do kolísky Tineo XXL</b> za tú najlepšiu cenu.<br><br><ul><li>Typ: <ul><li>Matrac do kolísky</li><li>Detské</li></ul></li><li>Približné rozmery: 60 x 120 cm</li><li>Vlastnosti: <ul><li>Odolný voči machu</li><li>Antibakteriálny</li></ul></li></ul>",Pop Pulse Emporium,https://cdnbigbuy.com/images/3275054544009_S7100488_P02.jpg,,,,125.66,25,NEW,60.0,60.0,16.0,2.45,57600.0,EUR,2,8,3
S0391916,0196237481740,sk-SK,Gardening & DIY,Taška do ruky Michael Kors Jet Set Travel,"Ak hľadáte nové trendy na trhu, predstavujeme <b>Taška do ruky Michael Kors Jet Set Travel</b>!<br><br><ul><li>Typ: Taška</li><li>Pohlavie: Dáma</li><","Ak hľadáte nové trendy na trhu, predstavujeme <b>Taška do ruky Michael Kors Jet Set Travel</b>!<br><br><ul><li>Typ: Taška</li><li>Pohlavie: Dáma</li><li>Farba: Béžová</li><li>Materiál: <ul><li>Plátno</li><li>Syntetická koža</li></ul></li><li>Typ zapínania: Zips</li><li>Obsahuje: Zahŕňa puzdro alebo obal značky</li><li>Približné rozmery: 36,8 x 26 x 17,1 cm</li></ul>",Pop Pulse Emporium,https://cdnbigbuy.com/images/0196237481740_S0391916_P00.jpg,https://cdnbigbuy.com/images/0196237481740_S0391916_P10.jpg,https://cdnbigbuy.com/images/0196237481740_S0391916_P20.jpg,,174.71,5,NEW,10.0,10.0,10.0,0.3,1000.0,EUR,2,8,3
S7161264,8719514289116,sk-SK,Gardening & DIY,"Led baterka Philips 8719514289116 Biela F 2100 W 9,5 W E27 (2700 K) (2 kusov)","Ak pri zariaďovaní vášho domova kladiete dôraz na všetky detaily a chcete byť priebežne informovaný o najnovších výrobkoch, ktoré vám uľahčia život, n","Ak pri zariaďovaní vášho domova kladiete dôraz na všetky detaily a chcete byť priebežne informovaný o najnovších výrobkoch, ktoré vám uľahčia život, nakupujte <b>Led baterka Philips 8719514289116 Biela F 2100 W 9,5 W E27 (2700 K) (2 kusov)</b> za tú najlepšiu cenu.<br><br><ul><li>Obsahuje: <ul><li>RJ45 kábel</li><li>AC adaptér</li></ul></li><li>Typ: Led baterka</li><li>Druh svetla: Biele svetlo</li><li>Pätica: E27</li><li>Farba: Biela</li><li>Materiál: Plastické</li><li>Vlastnosti: <ul><li>LED S",Pop Pulse Emporium,https://cdnbigbuy.com/images/8719514289116_S7161264_P03.jpg,https://cdnbigbuy.com/images/8719514289116_S7161264_P0_icon3.jpg,https://cdnbigbuy.com/images/8719514289116_S7161264_P13.jpg,https://cdnbigbuy.com/images/8719514289116_S7161264_P33.jpg,127.42,1,NEW,17.6,15.0,14.0,0.64,3696.0,EUR,2,8,3
S55058918,0065030887052,sk-SK,Gardening & DIY,Karta PCI Startech PEX4S953LP,"Ak sú <b>počítače a elektronika</b> vašou vášňou a máte radi aktualizácie z oblasti technológie, a neuniknú vám ani najmenšie detajly, zakúpte <b>Kart","Ak sú <b>počítače a elektronika</b> vašou vášňou a máte radi aktualizácie z oblasti technológie, a neuniknú vám ani najmenšie detajly, zakúpte <b>Karta PCI Startech PEX4S953LP</b> za neporaziteľnú cenu.<br><br><ul><li>Typ: <ul><li>Adaptér</li><li>PCI Express 3.0</li></ul></li><li>Pripojenie: <ul><li>PCIe</li><li>RS-232</li></ul></li><li>Farba: zelená</li><li>Šírka: 75 mm</li><li>Množstvo: 1</li><li>Certifikát: RoHS</li></ul>",Pop Pulse Emporium,https://cdnbigbuy.com/images/487906154.jpg,https://cdnbigbuy.com/images/487906094.jpg,https://cdnbigbuy.com/images/487906034.jpg,https://cdnbigbuy.com/images/487906044.jpg,153.13,5,NEW,21.0,15.0,5.0,0.37,1575.0,EUR,2,8,3
S7192294,8006540760833,sk-SK,Gardening & DIY,Elektrická zubná kefka Oral-B Pro 3,"Dajte si záležať na <b>ústnej hygiene</b> a používajte kvalitné produkty, ako sú výrobky značky <b>[[value_product_name]</b>!<br><br><ul><li>Zásuvný p","Dajte si záležať na <b>ústnej hygiene</b> a používajte kvalitné produkty, ako sú výrobky značky <b>[[value_product_name]</b>!<br><br><ul><li>Zásuvný produkt: áno</li><li>Druh zástrčky: EU zástrčky</li><li>Typ: <ul><li>Elektrická zubná kefka</li><li>Tlakový snímač</li></ul></li><li>Farba: Biela</li><li>Vlastnosti: <ul><li>Bezdrôtový</li><li>Časový spínač</li><li>Nabíjacia stanica</li></ul></li><li>Typ batérie: <ul><li>Zabudovaná/ý</li><li>Dobíjacie batérie</li></ul></li><li>Napájací Zdroj: Batéri",Pop Pulse Emporium,https://cdnbigbuy.com/images/8006540760833_S7192294_P00.jpg,https://cdnbigbuy.com/images/8006540760833_S7192294_P10.jpg,https://cdnbigbuy.com/images/8006540760833_S7192294_P20.jpg,https://cdnbigbuy.com/images/8006540760833_S7192294_P30.jpg,103.41,25,NEW,24.2,12.4,7.2,0.44,2160.58,EUR,2,8,3
M0117952,3760168591129,sk-SK,Gardening & DIY,Dámsky parfum Etat Libre D'Orange Tilda Swinton EDP,"<p>Nechajte <strong>100% origin&aacute;lny Dámsky parfum Etat Libre D'Orange Tilda Swinton EDP</strong>, aby v&aacute;s prekvapil a zd&ocirc;raznil va","<p>Nechajte <strong>100% origin&aacute;lny Dámsky parfum Etat Libre D'Orange Tilda Swinton EDP</strong>, aby v&aacute;s prekvapil a zd&ocirc;raznil va&scaron;u ženskosť, použ&iacute;vajte <strong>d&aacute;msky parf&eacute;m</strong> s jedinečnou a osobitou v&ocirc;ňou. Objavte <strong>100% origin&aacute;lne v&yacute;robky Etat Libre D'Orange</strong>!</p><br><br><ul><li>Kapacita: 100 ml</li><li>Pohlavie: <ul><li>Unisex</li><li>Dáma</li></ul></li><li>Typ: EDP (Eau de Parfum)</li><li>Dôležité info",Pop Pulse Emporium,https://cdnbigbuy.com/images/M0117952_P00.jpg,,,,126.37,5,NEW,6.0,6.0,15.0,0.4,540.0,EUR,2,8,3
S0388890,0197853277397,sk-SK,Gardening & DIY,Taška na plece Michael Kors Leida Béžová 34 x 29 x 12 cm,"Ak hľadáte nové trendy na trhu, predstavujeme <b>Taška na plece Michael Kors Leida Béžová 34 x 29 x 12 cm</b>!<br><br><ul><li>Typ: Taška</li><li>Pohla","Ak hľadáte nové trendy na trhu, predstavujeme <b>Taška na plece Michael Kors Leida Béžová 34 x 29 x 12 cm</b>!<br><br><ul><li>Typ: Taška</li><li>Pohlavie: Dáma</li><li>Farba: Béžová</li><li>Materiál: Plátno</li><li>Typ zapínania: Zips</li><li>Obsahuje: Zahŕňa puzdro alebo obal značky</li><li>Približné rozmery: 34 x 29 x 12 cm</li></ul>",Pop Pulse Emporium,https://cdnbigbuy.com/images/0197853277397_S0388890_P00.jpg,https://cdnbigbuy.com/images/0197853277397_S0388890_P10.jpg,https://cdnbigbuy.com/images/0197853277397_S0388890_P20.jpg,,198.75,9,NEW,12.0,33.0,22.0,0.4,8712.0,EUR,2,8,3
S3059030,8424002159344,sk-SK,Gardening & DIY,Stolná lampa Home ESPRIT Čierna Zlatá Živica 50 W 220 V 30 x 30 x 59 cm,"<p>Ak chcete vášmu domovu dodať kúsok originality, môžete tak urobiť s <b>Stolná lampa Home ESPRIT Čierna Zlatá Živica 50 W 220 V 30 x 30 x 59 cm</b>.","<p>Ak chcete vášmu domovu dodať kúsok originality, môžete tak urobiť s <b>Stolná lampa Home ESPRIT Čierna Zlatá Živica 50 W 220 V 30 x 30 x 59 cm</b>.</p><br><br><ul><li>Zásuvný produkt: áno</li><li>Typ: Stolná lampa</li><li>Druh zástrčky: EU zástrčky</li><li>Farba: <ul><li>Čierna</li><li>Zlatá</li></ul></li><li>Zloženie: Polyester</li><li>Napätie: 220 V</li><li>Pätica: E27</li><li>Dlhý: 30 cm</li><li>Design: <ul><li>Moderný</li><li>Kôň</li></ul></li><li>Príkon: 50 W</li><li>Šírka: 30 cm</li><li",Pop Pulse Emporium,https://cdnbigbuy.com/images/8424002159344_S3059030_P00.jpg,https://cdnbigbuy.com/images/8424002159344_S3059030_P40.jpg,https://cdnbigbuy.com/images/8424002159344_S3059030_P10.jpg,https://cdnbigbuy.com/images/8424002159344_S3059030_P20.jpg,124.37,25,NEW,37.0,65.5,37.0,6.5,89669.5,EUR,2,8,3
S72106587,0889214295675,sk-SK,Gardening & DIY,Dámske Rám na okuliare Max Mara MM5028 54066,"Ak rozmýšľate nad obnovením vášho šatníka, nakúpte <b>Dámske Rám na okuliare Max Mara MM5028 54066</b> ďalšie <b>produkty Max Mara</b>! Najlepšia kval","Ak rozmýšľate nad obnovením vášho šatníka, nakúpte <b>Dámske Rám na okuliare Max Mara MM5028 54066</b> ďalšie <b>produkty Max Mara</b>! Najlepšia kvalita za najlepšiu cenu je už na dosah!<br><br><ul><li>Pohlavie: Dáma</li><li>Typ: Rám na okuliare</li><li>Druh šošovky: Bezdioptrické okuliare</li></ul>",Pop Pulse Emporium,https://cdnbigbuy.com/images/0889214295675_S72106587_P00.jpg,https://cdnbigbuy.com/images/0889214295675_S72106587_P20.jpg,https://cdnbigbuy.com/images/0889214295675_S72106587_P10.jpg,,108.55,5,NEW,15.0,5.0,3.0,0.3,225.0,EUR,2,8,3
S71003526,4004353437762,sk-SK,Gardening & DIY,Slnečná lampa Brilliant Čierna 3 W,"Ak pri zariaďovaní vášho domova kladiete dôraz na všetky detaily a chcete byť priebežne informovaný o najnovších výrobkoch, ktoré vám uľahčia život, n","Ak pri zariaďovaní vášho domova kladiete dôraz na všetky detaily a chcete byť priebežne informovaný o najnovších výrobkoch, ktoré vám uľahčia život, nakupujte <b>Slnečná lampa Brilliant Čierna 3 W</b> za tú najlepšiu cenu.<br><br><ul><li>Zásuvný produkt: áno</li><li>Druh zástrčky: EU zástrčky</li><li>Typ: Slnečná lampa</li><li>Farba: Čierna</li><li>Vlastnosti: <ul><li>LED</li><li>Pre vonkajšie použitie</li><li>Solárny</li></ul></li><li>Príkon: 3 W</li><li>IP klasifikácia: IP44</li></ul>",Pop Pulse Emporium,https://cdnbigbuy.com/images/4004353437762_S71003526_P00.jpg,https://cdnbigbuy.com/images/4004353437762_S71003526_P10.jpg,https://cdnbigbuy.com/images/4004353437762_S71003526_P20.jpg,,108.15,2,NEW,95.0,17.0,17.0,1.75,27455.0,EUR,2,8,3
S9105352,3182550402132,sk-SK,Gardening & DIY,Krmivo Royal Canin Medium Puppy Šteňa/junior Kurča Rastlinný 15 kg,"Ak hľadáte nové trendy na trhu, predstavujeme <b>Krmivo Royal Canin Medium Puppy Šteňa/junior Kurča Rastlinný 15 kg</b>!<br><br><ul><li>Typ: Krmivo</l","Ak hľadáte nové trendy na trhu, predstavujeme <b>Krmivo Royal Canin Medium Puppy Šteňa/junior Kurča Rastlinný 15 kg</b>!<br><br><ul><li>Typ: Krmivo</li><li>Kapacita: 15 kg</li><li>Veľkosť: Stredné</li><li>Jód: 4,5 MG/KG</li><li>Vitamín E: 520 MG/KG</li><li>Vitamín D3: 1000 IU/KG</li><li>Vitamín A: 16000 IU/KG</li><li>Selén: 0,08 MG/KG</li><li>Mangán: 59 MG/KG</li><li>Železo: 45 MG/KG</li><li>Medený (mg): 14 MG/KG</li><li>Prísada: <ul><li>Vitamín A</li><li>Vitamín D</li><li>Tuk</li><li>Antioxidač",Pop Pulse Emporium,https://cdnbigbuy.com/images/3182550402132_I01.jpg,https://cdnbigbuy.com/images/3182550402132_I31.jpg,,,123.98,50,NEW,15.0,54.0,38.0,15.2,30780.0,EUR,2,8,3
S8903158,4899888737445,sk-SK,Gardening & DIY,Detské puzzle Lisciani Giochi 48 x 1 x 36 cm Farma 12 Kusy 27 Kusy (6 kusov),"Pre naše deti chceme len to najlepšie, a preto by sme Vám chceli predstaviť <b>Detské puzzle Lisciani Giochi 48 x 1 x 36 cm Farma 12 Kusy 27 Kusy (6 k","Pre naše deti chceme len to najlepšie, a preto by sme Vám chceli predstaviť <b>Detské puzzle Lisciani Giochi 48 x 1 x 36 cm Farma 12 Kusy 27 Kusy (6 kusov)</b>, perfektný pre všetkých, ktorí hľadajú kvalitatívne vysokohodnotný produkt pre najmenších. Nakúpte <b>Lisciani Giochi</b> za tie najlepšie ceny!<br><br><ul><li>Vlastnosti: Inšpirovaný metódou Montessori</li><li>Typ: Detské puzzle</li><li>Design: Farma</li><li>Počet kusov: <ul><li>27 Kusy</li><li>12 Kusy</li></ul></li><li>Materiál: Drevo</",Pop Pulse Emporium,https://cdnbigbuy.com/images/S8903158_P0_icon1.jpg,https://cdnbigbuy.com/images/S8903158_P51.jpg,https://cdnbigbuy.com/images/S8903158_P01.jpg,https://cdnbigbuy.com/images/S8903158_P11.jpg,103.72,50,NEW,21.5,43.0,30.0,4.67,27735.0,EUR,2,8,3
S9912460,5400520244574,sk-SK,Gardening & DIY,Príručná kufor American Tourister 149498-1041 Čierna 47 L 55 x 40 x 23 cm,Udržujte sa vo forme a objavte posledné novinky zo sveta športu s tými najväčšími zárukami! Nakúpte <b>Príručná kufor American Tourister 149498-1041 Č,Udržujte sa vo forme a objavte posledné novinky zo sveta športu s tými najväčšími zárukami! Nakúpte <b>Príručná kufor American Tourister 149498-1041 Čierna 47 L 55 x 40 x 23 cm</b> za najlepšiu cenu a užívajte si zdravý život!<br><br><ul><li>Typ: <ul><li>Kufor</li><li>Vozík</li></ul></li><li>Farba: Čierna</li><li>Materiál: 100 % polyester</li><li>Kolesá: Kolesá x 4</li><li>Kapacita: 47 L</li><li>Približné rozmery: 55 x 40 x 23 cm</li><li>Pohlavie: Unisex</li></ul>,Pop Pulse Emporium,https://cdnbigbuy.com/images/5400520244574_S9912460_P00.jpg,,,,103.05,1,NEW,36.1,34.82,47.1,3.17,59204.79,EUR,2,8,3
S0390292,0886895576598,sk-SK,Gardening & DIY,Dámske slnečné okuliare Victoria Beckham VB651S-5517232 Ø 55 mm,"Ak hľadáte nové trendy na trhu, predstavujeme <b>Dámske slnečné okuliare Victoria Beckham VB651S-5517232 Ø 55 mm</b>!<br><br><ul><li>Typ: Dámske slneč","Ak hľadáte nové trendy na trhu, predstavujeme <b>Dámske slnečné okuliare Victoria Beckham VB651S-5517232 Ø 55 mm</b>!<br><br><ul><li>Typ: Dámske slnečné okuliare</li><li>Pohlavie: Dáma</li><li>Ochrana: 100% ochrana proti UV žiareniu (UV400)</li><li>Materiál šošovky: Polykarbonát</li><li>Farba: Gaštanová</li><li>Materiál: Acetate</li><li>Obsahuje: Zahŕňa puzdro alebo obal značky</li><li>Most: 17 mm</li><li>Stranice: 145 mm</li><li>Šošovky: Ø 55 mm</li></ul>",Pop Pulse Emporium,https://cdnbigbuy.com/images/0886895576598_S0390292_P00.jpg,https://cdnbigbuy.com/images/0886895576598_S0390292_P10.jpg,https://cdnbigbuy.com/images/0886895576598_S0390292_P20.jpg,,109.3,5,NEW,10.0,10.0,10.0,0.3,1000.0,EUR,2,8,3
M0802134,0194252897317,sk-SK,Gardening & DIY,Nabíjačka k notebooku Apple Biela,"Ak sú <b>počítače a elektronika</b> vašou vášňou a máte radi aktualizácie z oblasti technológie, a neuniknú vám ani najmenšie detajly, zakúpte <b>Nabí","Ak sú <b>počítače a elektronika</b> vašou vášňou a máte radi aktualizácie z oblasti technológie, a neuniknú vám ani najmenšie detajly, zakúpte <b>Nabíjačka k notebooku Apple Biela</b> za neporaziteľnú cenu.<br><br><ul><li>Vlastnosti: Univerzálny</li><li>Kompatibilné: <ul><li>Apple</li><li>Notebook</li></ul></li><li>Zásuvný produkt: áno</li><li>Druh zástrčky: EU zástrčky</li><li>Typ: <ul><li>Batéria pre notebook</li><li>Smartphony</li><li>Nabíjačka k notebooku</li></ul></li><li>Farba: Biela</li><",Pop Pulse Emporium,https://cdnbigbuy.com/images/M0802134_0194252897317_s78_p00.jpg,,,,112.09,2,NEW,12.0,12.0,4.0,0.05,576.0,EUR,2,8,3
S0388884,0196237633620,sk-SK,Gardening & DIY,Taška na plece Michael Kors Leida Ružová 33 X 30 X 12 CM,"Ak hľadáte nové trendy na trhu, predstavujeme <b>Taška na plece Michael Kors Leida Ružová 33 X 30 X 12 CM</b>!<br><br><ul><li>Typ: Taška</li><li>Pohla","Ak hľadáte nové trendy na trhu, predstavujeme <b>Taška na plece Michael Kors Leida Ružová 33 X 30 X 12 CM</b>!<br><br><ul><li>Typ: Taška</li><li>Pohlavie: Dáma</li><li>Farba: Ružová</li><li>Materiál: Plátno</li><li>Typ zapínania: Zips</li><li>Obsahuje: Zahŕňa puzdro alebo obal značky</li><li>Približné rozmery: 33 X 30 X 12 CM</li></ul>",Pop Pulse Emporium,https://cdnbigbuy.com/images/0196237633620_S0388884_P00.jpg,https://cdnbigbuy.com/images/0196237633620_S0388884_P10.jpg,https://cdnbigbuy.com/images/0196237633620_S0388884_P20.jpg,,174.71,22,NEW,12.0,33.0,22.0,0.4,8712.0,EUR,2,8,3
S71004483,0731855051052,sk-SK,Gardening & DIY,Herný Headset Turtle Beach TBS-5104-05,"Ak sú <b>počítače a elektronika</b> vašou vášňou a máte radi aktualizácie z oblasti technológie, a neuniknú vám ani najmenšie detajly, zakúpte <b>Hern","Ak sú <b>počítače a elektronika</b> vašou vášňou a máte radi aktualizácie z oblasti technológie, a neuniknú vám ani najmenšie detajly, zakúpte <b>Herný Headset Turtle Beach TBS-5104-05</b> za neporaziteľnú cenu.<br><br><ul><li>Typ: <ul><li>Herný Headset</li><li>Slúchadlá s mikrofónom</li></ul></li><li>Farba: Čierna</li><li>Vlastnosti: <ul><li>Mikrofón na všetky smery</li><li>Bezdrôtový</li><li>Vrátane inštalačnej príručky</li><li>Vstavaná batéria</li></ul></li><li>Pripojenie: <ul><li>USB</li><li",Pop Pulse Emporium,https://cdnbigbuy.com/images/0731855051052_S71004483_P00.jpg,https://cdnbigbuy.com/images/0731855051052_S71004483_P10.jpg,https://cdnbigbuy.com/images/0731855051052_S71004483_P20.jpg,https://cdnbigbuy.com/images/0731855051052_S71004483_P30.jpg,151.42,18,NEW,20.4,23.7,10.0,0.51,4834.8,EUR,2,8,3
S8108779,6941812785843,sk-SK,Gardening & DIY,Kufor Xiaomi Classic Pro 20,"Ak hľadáte vhodné elektrospotrebiče za špičkové ceny, kúpte si domov <b> Kufor Xiaomi Classic Pro 20</b> a ďalšie kúsky z širokého výberu kvalitných m","Ak hľadáte vhodné elektrospotrebiče za špičkové ceny, kúpte si domov <b> Kufor Xiaomi Classic Pro 20</b> a ďalšie kúsky z širokého výberu kvalitných malých domácich elektrospotrebičov!<br><br><ul><li>Typ: Kufor</li></ul>",Pop Pulse Emporium,https://cdnbigbuy.com/images/6941812785843_S8108779_P00.jpg,,,,109.45,1,NEW,37.5,24.5,58.0,4.0,53287.5,EUR,2,8,3
M0515836,5031713046271,sk-SK,Gardening & DIY,Bubon tlačiarne OKI ES9410dn Čierna,"Ak sú <b>počítače a elektronika</b> vašou vášňou a máte radi aktualizácie z oblasti technológie, a neuniknú vám ani najmenšie detajly, zakúpte <b>Bubo","Ak sú <b>počítače a elektronika</b> vašou vášňou a máte radi aktualizácie z oblasti technológie, a neuniknú vám ani najmenšie detajly, zakúpte <b>Bubon tlačiarne OKI ES9410dn Čierna</b> za neporaziteľnú cenu.<br><br><ul><li>Farba: Čierna</li><li>Veľkosť: A4</li><li>Vlastnosti: Originálny</li></ul>",Pop Pulse Emporium,https://cdnbigbuy.com/images/5031713046271_M0515836_P00.jpg,,,,166.01,2,NEW,52.0,16.0,21.0,2.51,17472.0,EUR,2,8,3
S6504769,8430025019732,sk-SK,Gardening & DIY,Elektrický kultivátor Ferrestock,"Ak pri zariaďovaní vášho domova kladiete dôraz na všetky detaily a chcete byť priebežne informovaný o najnovších výrobkoch, ktoré vám uľahčia život, n","Ak pri zariaďovaní vášho domova kladiete dôraz na všetky detaily a chcete byť priebežne informovaný o najnovších výrobkoch, ktoré vám uľahčia život, nakupujte <b>Elektrický kultivátor Ferrestock</b> za tú najlepšiu cenu.<br><br><ul><li>Vlastnosti: Nastaviteľná dĺžka rukoväte</li><li>Napätie: 21 V</li><li>Obsahuje: Batérie</li></ul>",Pop Pulse Emporium,https://cdnbigbuy.com/images/8430025019732_S6504769_P00.jpg,https://cdnbigbuy.com/images/8430025019732_S6504769_P10.jpg,https://cdnbigbuy.com/images/8430025019732_S6504769_P80.jpg,https://cdnbigbuy.com/images/8430025019732_S6504769_P20.jpg,140.63,50,NEW,94.0,24.5,15.0,4.2,34545.0,EUR,2,8,3
S72125083,4894327173174,sk-SK,Gardening & DIY,Rám na okuliare Yohji Yamamoto YY3005 51902,"Ak hľadáte nové trendy na trhu, predstavujeme <b>Rám na okuliare Yohji Yamamoto YY3005 51902</b>!<br><br><ul><li>Vlastnosti: Nedioptrické sklo</li><li","Ak hľadáte nové trendy na trhu, predstavujeme <b>Rám na okuliare Yohji Yamamoto YY3005 51902</b>!<br><br><ul><li>Vlastnosti: Nedioptrické sklo</li><li>Typ: Rám na okuliare</li><li>Pohlavie: Muž</li></ul>",Pop Pulse Emporium,https://cdnbigbuy.com/images/4894327173174_S72125083_P00.jpg,https://cdnbigbuy.com/images/4894327173174_S72125083_P10.jpg,https://cdnbigbuy.com/images/4894327173174_S72125083_P20.jpg,,117.77,25,NEW,10.0,9.97,10.0,0.29,997.0,EUR,2,8,3
S7279345,8434103476219,sk-SK,Gardening & DIY,Dámske hodinky Watx & Colors WAS4003,"Ak sledujete trendy v oblasti módy a doplnkov, nakupujte <b>Dámske hodinky Watx & Colors WAS4003</b> za najlepšie ceny.<br><br><ul><li>Pohlavie: Dáma<","Ak sledujete trendy v oblasti módy a doplnkov, nakupujte <b>Dámske hodinky Watx & Colors WAS4003</b> za najlepšie ceny.<br><br><ul><li>Pohlavie: Dáma</li><li>Extra články reťaze: Č.</li><li>Druh hodiniek: Náramkové hodinky</li></ul>",Pop Pulse Emporium,https://cdnbigbuy.com/images/8434103476219_S7279345_P01.jpg,https://cdnbigbuy.com/images/78402_mandatory-watch1.jpg,,,110.19,2,NEW,39.0,19.0,10.0,0.4,7410.0,EUR,2,8,3
S0385072,0194900082157,sk-SK,Gardening & DIY,Dámska Taška Michael Kors 35T0STVL9L-PEARL-GREY Sivá 42 x 30 x 15 cm,Chcete držať krok s módou a máte radi drobné doplnky? Prinášame vám <b>Dámska Taška Michael Kors 35T0STVL9L-PEARL-GREY Sivá 42 x 30 x 15 cm</b> a širo,Chcete držať krok s módou a máte radi drobné doplnky? Prinášame vám <b>Dámska Taška Michael Kors 35T0STVL9L-PEARL-GREY Sivá 42 x 30 x 15 cm</b> a široký výber trendy kabeliek a peňaženiek!<br><br><ul><li>Typ: <ul><li>Taška</li><li>Dámska Taška</li></ul></li><li>Pohlavie: Dáma</li><li>Farba: Sivá</li><li>Materiál: Plátno</li><li>Typ zapínania: Zips</li><li>Obsahuje: Zahŕňa puzdro alebo obal značky</li><li>Približné rozmery: 42 x 30 x 15 cm</li></ul>,Pop Pulse Emporium,https://cdnbigbuy.com/images/0194900082157_S0385072_P00.jpg,https://cdnbigbuy.com/images/0194900082157_S0385072_P10.jpg,https://cdnbigbuy.com/images/0194900082157_S0385072_P20.jpg,,165.45,10,NEW,25.0,25.0,10.0,0.3,6250.0,EUR,2,8,3
S0392131,0197853118041,sk-SK,Gardening & DIY,Taška do ruky Michael Kors Colby,"Ak hľadáte nové trendy na trhu, predstavujeme <b>Taška do ruky Michael Kors Colby</b>!<br><br><ul><li>Farba: Čierna</li><li>Materiál: Plátno</li><li>T","Ak hľadáte nové trendy na trhu, predstavujeme <b>Taška do ruky Michael Kors Colby</b>!<br><br><ul><li>Farba: Čierna</li><li>Materiál: Plátno</li><li>Typ zapínania: Magnetic</li><li>Obsahuje: Zahŕňa puzdro alebo obal značky</li><li>Približné rozmery: 18 x 10 x 6 cm</li></ul>",Pop Pulse Emporium,https://cdnbigbuy.com/images/0197853118041_S0392131_P00.jpg,https://cdnbigbuy.com/images/0197853118041_S0392131_P10.jpg,https://cdnbigbuy.com/images/0197853118041_S0392131_P20.jpg,,141.12,2,NEW,10.0,10.0,10.0,0.3,1000.0,EUR,2,8,3
S91122663,4044155252569,sk-SK,Gardening & DIY,Slúchadlá z diadému Sennheiser IE 100 PRO CLEAR,"Ak hľadáte nové trendy na trhu, predstavujeme <b>Slúchadlá z diadému Sennheiser IE 100 PRO CLEAR</b>!<br><br><ul><li>Farba: <ul><li>Čierna</li><li>Tra","Ak hľadáte nové trendy na trhu, predstavujeme <b>Slúchadlá z diadému Sennheiser IE 100 PRO CLEAR</b>!<br><br><ul><li>Farba: <ul><li>Čierna</li><li>Transparentná</li></ul></li></ul>",Pop Pulse Emporium,https://cdnbigbuy.com/images/4044155252569_S91122663_P00.jpg,https://cdnbigbuy.com/images/4044155252569_S91122663_P10.jpg,https://cdnbigbuy.com/images/4044155252569_S91122663_P20.jpg,,134.78,2,NEW,13.0,3.5,22.5,0.14,1023.75,EUR,2,8,3
S72120492,0197737038014,sk-SK,Gardening & DIY,Dámske Rám na okuliare Love Moschino MOL639 54INA,"Ak hľadáte nové trendy na trhu, predstavujeme <b>Dámske Rám na okuliare Love Moschino MOL639 54INA</b>!<br><br><ul><li>Vlastnosti: Nedioptrické sklo</","Ak hľadáte nové trendy na trhu, predstavujeme <b>Dámske Rám na okuliare Love Moschino MOL639 54INA</b>!<br><br><ul><li>Vlastnosti: Nedioptrické sklo</li><li>Typ: Rám na okuliare</li><li>Pohlavie: Dáma</li></ul>",Pop Pulse Emporium,https://cdnbigbuy.com/images/0197737038014_S72120492_P00.jpg,https://cdnbigbuy.com/images/0197737038014_S72120492_P20.jpg,https://cdnbigbuy.com/images/0197737038014_S72120492_P10.jpg,,122.22,2,NEW,8.25,9.94,12.12,0.24,993.9,EUR,2,8,3
S9195439,0817005024432,sk-SK,Gardening & DIY,Tlačiareň 3D 3Doodler Flow,"Ak sú <b>počítače a elektronika</b> vašou vášňou a máte radi aktualizácie z oblasti technológie, a neuniknú vám ani najmenšie detajly, zakúpte <b>Tlač","Ak sú <b>počítače a elektronika</b> vašou vášňou a máte radi aktualizácie z oblasti technológie, a neuniknú vám ani najmenšie detajly, zakúpte <b>Tlačiareň 3D 3Doodler Flow</b> za neporaziteľnú cenu.<br><br><ul><li>Zásuvný produkt: áno</li><li>Druh zástrčky: EU zástrčky</li><li>Farba: Čierna</li><li>Materiál: <ul><li>Kov</li><li>Prírodná guma</li><li>Plastické</li></ul></li><li>Vlastnosti: <ul><li>Vstavaný displej</li><li>Vrátane inštalačnej príručky</li></ul></li><li>Výstupné napätie: 5 V</li><",Pop Pulse Emporium,https://cdnbigbuy.com/images/0817005024432_S9195439_P00.jpg,https://cdnbigbuy.com/images/0817005024432_S9195439_P10.jpg,https://cdnbigbuy.com/images/0817005024432_S9195439_P20.jpg,https://cdnbigbuy.com/images/0817005024432_S9195439_P30.jpg,112.88,5,NEW,16.0,6.0,20.5,0.55,1968.0,EUR,2,8,3
S0354262,0091661507120,sk-SK,Gardening & DIY,Pánske hodinky Guess W1310G2 (Ø 44 mm),"Ak sledujete trendy v oblasti módy a doplnkov, nakupujte <b>Pánske hodinky Guess W1310G2 (Ø 44 mm)</b> za najlepšie ceny.<br><br><ul><li>Pohlavie: Muž","Ak sledujete trendy v oblasti módy a doplnkov, nakupujte <b>Pánske hodinky Guess W1310G2 (Ø 44 mm)</b> za najlepšie ceny.<br><br><ul><li>Pohlavie: Muž</li><li>Druh hodiniek: Náramkové hodinky</li><li>Extra články reťaze: Č.</li><li>Materiál náramku: Nerezová oceľ</li><li>Materiál puzdra hodiniek: Nerezová oceľ</li><li>Typ pohybu: Kremeň</li><li>Sklo: Minerál</li><li>Obsahuje: Zahŕňa puzdro alebo obal značky</li><li>Typ zapínania: Pracka</li><li>Farba cilindra: Zlatá</li><li>Farba puzdra hodiniek",Pop Pulse Emporium,https://cdnbigbuy.com/images/0091661507120_S0354262_P0-v_11.jpg,https://cdnbigbuy.com/images/50636_mandatory-watch1.jpg,,,129.89,1,NEW,10.0,10.0,10.0,0.3,1000.0,EUR,2,8,3
S4309172,8412688550142,sk-SK,Gardening & DIY,Príručná kufor Real Madrid C.F. Námornícka modrá 24'' 40 x 63 x 26 cm,Chcete držať krok s módou a máte radi drobné doplnky? Prinášame vám <b>Príručná kufor Real Madrid C.F. Námornícka modrá 24'' 40 x 63 x 26 cm</b> a šir,Chcete držať krok s módou a máte radi drobné doplnky? Prinášame vám <b>Príručná kufor Real Madrid C.F. Námornícka modrá 24'' 40 x 63 x 26 cm</b> a široký výber trendy kabeliek a peňaženiek!<br><br><ul><li>Typ: <ul><li>Vozík</li><li>Taška na plece</li><li>Kufor</li></ul></li><li>Materiál: <ul><li>Polykarbonát</li><li>ABS</li></ul></li><li>Farba: Námornícka modrá</li><li>Veľkosť: 24''</li><li>Vlastnosti: <ul><li>Horné ucho</li><li>Elastická páska na upevnenie</li><li>4 otočné kolieska o 360º</li><,Pop Pulse Emporium,https://cdnbigbuy.com/images/8412688550142_S4309172_P10.jpg,https://cdnbigbuy.com/images/8412688550142_S4309172_P20.jpg,https://cdnbigbuy.com/images/8412688550142_S4309172_P30.jpg,https://cdnbigbuy.com/images/8412688550142_S4309172_P40.jpg,106.22,50,NEW,3.0,40.0,63.0,3.4,7560.0,EUR,2,8,3
S71004596,3760093545754,sk-SK,Gardening & DIY,Slnečná lampa Lumisky HOLIDAY,"<p>Ak chcete vášmu domovu dodať kúsok originality, môžete tak urobiť s <b>Slnečná lampa Lumisky HOLIDAY</b>.</p><br><br><ul><li>Typ: Slnečná lampa</li","<p>Ak chcete vášmu domovu dodať kúsok originality, môžete tak urobiť s <b>Slnečná lampa Lumisky HOLIDAY</b>.</p><br><br><ul><li>Typ: Slnečná lampa</li><li>Energetická klasifikácia: A+</li><li>Pätica: E27</li><li>Typ žiarovky: LED</li><li>IP klasifikácia: IP44</li></ul>",Pop Pulse Emporium,https://cdnbigbuy.com/images/3760093545754_S71004596_P00.jpg,https://cdnbigbuy.com/images/3760093545754_S71004596_P50.jpg,https://cdnbigbuy.com/images/3760093545754_S71004596_P10.jpg,https://cdnbigbuy.com/images/3760093545754_S71004596_P20.jpg,139.61,1,NEW,47.0,30.0,30.0,2.0,42300.0,EUR,2,8,3
S7149257,3580796469566,sk-SK,Gardening & DIY,"Samozavlažovací kvetináč Riviera Eva New Plastické Hranatý Červená (37 x 37 x 68,5 cm)","Ak pri zariaďovaní vášho domova kladiete dôraz na všetky detaily a chcete byť priebežne informovaný o najnovších výrobkoch, ktoré vám uľahčia život, n","Ak pri zariaďovaní vášho domova kladiete dôraz na všetky detaily a chcete byť priebežne informovaný o najnovších výrobkoch, ktoré vám uľahčia život, nakupujte <b>Samozavlažovací kvetináč Riviera Eva New Plastické Hranatý Červená (37 x 37 x 68,5 cm)</b> za tú najlepšiu cenu.<br><ul><li>Farba: Červená</li><li>Kapacita: 69 L</li><li>Vlastnosti: So zásobárňou na vodu</li><li>Približné rozmery: 37 x 37 x 68,5 cm</li><li>Tvar: Hranatý</li><li>Materiál: Plastické</li><li>Typ: Samozavlažovací kvetináč</",Pop Pulse Emporium,https://cdnbigbuy.com/images/3580796469566_S7149257_P0_WBG1.jpg,,,,128.43,5,NEW,69.0,37.0,36.0,4.4,91908.0,EUR,2,8,3
S71015538,3384349150624,sk-SK,Gardening & DIY,Vankúš na Dojčenie Béaba,"Ak hľadáte nové trendy na trhu, predstavujeme <b>Vankúš na Dojčenie Béaba</b>!","Ak hľadáte nové trendy na trhu, predstavujeme <b>Vankúš na Dojčenie Béaba</b>!",Pop Pulse Emporium,https://cdnbigbuy.com/images/3384349150624_S71015538_P00.jpg,https://cdnbigbuy.com/images/3384349150624_S71015538_P10.jpg,https://cdnbigbuy.com/images/3384349150624_S71015538_P20.jpg,https://cdnbigbuy.com/images/3384349150624_S71015538_P30.jpg,104.03,10,NEW,47.4,34.91,19.04,0.1,31506.14,EUR,2,8,3
S0407359,8413893010995,sk-SK,Gardening & DIY,Odsávač pre kuchyňu S&P CK50 120W,"Ak chcete zrenovovať svoju kuchyňu, kúpte si <b>Odsávač pre kuchyňu S&P CK50 120W</b> a ďalšie <b>produkty S&P</b>! Najlepšiu kvalitu za najlepšiu cen","Ak chcete zrenovovať svoju kuchyňu, kúpte si <b>Odsávač pre kuchyňu S&P CK50 120W</b> a ďalšie <b>produkty S&P</b>! Najlepšiu kvalitu za najlepšiu cenu máte na dosah!<br><br><ul><li>Typ montáže: Montáž na stenu</li><li>Napätie: 230 V</li><li>Zásuvný produkt: áno</li><li>Druh zástrčky: EU zástrčky</li><li>Príkon: 120 W</li><li>Typ: Odsávač pre kuchyňu</li><li>Farba: Biela</li><li>Šírka: 315</li><li>Rýchlosť: 1050 rpm</li><li>Materiál: Plastické</li><li>Hmotnosť: 3 Kg</li><li>Napájací Zdroj: Elekt",Pop Pulse Emporium,https://cdnbigbuy.com/images/8413893010995_0_P03.jpg,,,,163.64,10,NEW,35.6,32.2,14.6,3.5,16736.27,EUR,2,8,3
S9113877,0810050282949,sk-SK,Gardening & DIY,masér Hyperice Venom Go,"Ak vám záleží na zdraviu a hľadáte produkty, ktoré ponúkajú <b>ochranu a pohodu</b>, nakupujte <b>masér Hyperice Venom Go</b> a iné <b>produkty Hyperi","Ak vám záleží na zdraviu a hľadáte produkty, ktoré ponúkajú <b>ochranu a pohodu</b>, nakupujte <b>masér Hyperice Venom Go</b> a iné <b>produkty Hyperice</b> za najlepšie ceny.<br><br><ul><li>Farba: Čierna</li><li>Vlastnosti: <ul><li>Jednoduché na umývanie</li><li>Ľahké na používanie</li></ul></li><li>Pripojenie: Bluetooth</li></ul>",Pop Pulse Emporium,https://cdnbigbuy.com/images/0810050282949_R00.jpg,,,,185.56,8,NEW,7.0,10.5,15.0,0.43,1102.5,EUR,2,8,3
S72113970,4894816060619,sk-SK,Gardening & DIY,Pánske hodinky Police PEWJF2203307,"Ak hľadáte nové trendy na trhu, predstavujeme <b>Pánske hodinky Police PEWJF2203307</b>!<br><br><ul><li>Pohlavie: Muž</li><li>Extra články reťaze: Č.<","Ak hľadáte nové trendy na trhu, predstavujeme <b>Pánske hodinky Police PEWJF2203307</b>!<br><br><ul><li>Pohlavie: Muž</li><li>Extra články reťaze: Č.</li><li>Druh hodiniek: Náramkové hodinky</li></ul>",Pop Pulse Emporium,https://cdnbigbuy.com/images/4894816060619_S72113970_P00.jpg,https://cdnbigbuy.com/images/112982_mandatory-watch0.jpg,,,104.13,5,NEW,14.15,12.43,10.11,0.3,1778.19,EUR,2,8,3
