id_offer,ean,locale,category,title,short_description,description,manufacturer,picture_1,picture_2,picture_3,picture_4,price_cs,quantity,condition,length,width,height,weight,content_volume,currency,handling_time,delivery_time_max,delivery_time_min
S0388901,0197853079090,de-AT,Gardening & DIY,Handtasche Michael Kors 35F4GTVW5J-PL-GLD-MULTI,"Wenn Sie auf der Suche nach trendigen Neuheiten auf dem Markt sind, präsentieren wir Ihnen <b>Handtasche Michael Kors 35F4GTVW5J-PL-GLD-MULTI</b>!<br>","Wenn Sie auf der Suche nach trendigen Neuheiten auf dem Markt sind, präsentieren wir Ihnen <b>Handtasche Michael Kors 35F4GTVW5J-PL-GLD-MULTI</b>!<br><br><ul><li>Art: Handtasche</li><li>Geschlecht: Damen</li><li>Farbe: Beige</li><li>Material: Stoff</li><li>Verschluss Armband: Reißverschluss</li><li>Enthalten: Enthält Markenetui oder -hülle</li><li>Maße ca.: 21 x 13 x 5 cm</li></ul>",Pop Pulse Emporium,https://cdnbigbuy.com/images/0197853079090_S0388901_P00.jpg,https://cdnbigbuy.com/images/0197853079090_S0388901_P20.jpg,https://cdnbigbuy.com/images/0197853079090_S0388901_P10.jpg,,109.3,2,NEW,12.0,33.0,22.0,0.4,8712.0,EUR,2,8,3
S77212397,0195949751042,de-AT,Gardening & DIY,VGA Kabel Apple MYH83Z/A,"Wenn Sie auf der Suche nach trendigen Neuheiten auf dem Markt sind, präsentieren wir Ihnen <b>VGA Kabel Apple MYH83Z/A</b>!","Wenn Sie auf der Suche nach trendigen Neuheiten auf dem Markt sind, präsentieren wir Ihnen <b>VGA Kabel Apple MYH83Z/A</b>!",Pop Pulse Emporium,https://cdnbigbuy.com/images/0195949751042_S77212397_P00.jpg,,,,106.62,5,NEW,14.0,13.0,7.5,0.28,1365.0,EUR,2,8,3
S7277055,8430622730627,de-AT,Gardening & DIY,Herrenuhr Lotus 15961/A,"Wenn Sie mit den neuesten Mode und Accessoire-Trends schritthalten wollen, kaufen Sie <b>Herrenuhr Lotus 15961/A</b> zum besten Preis.<br><br><ul><li>","Wenn Sie mit den neuesten Mode und Accessoire-Trends schritthalten wollen, kaufen Sie <b>Herrenuhr Lotus 15961/A</b> zum besten Preis.<br><br><ul><li>Geschlecht: Herren</li><li>Extra Links: Kein</li><li>Typ der Uhr: Armbanduhr</li><li>Jahr: 2019</li><li>Material des Gehäuses: Edelstahl</li><li>Farbe des Bandes: Blau</li><li>Material des Armbands: Leder</li><li>Verschluss Armband: Schließe</li><li>Farbe der Krone: Blau</li><li>Uhrwerk: Quarz</li></ul>",Pop Pulse Emporium,https://cdnbigbuy.com/images/8430622730627_R01.jpg,https://cdnbigbuy.com/images/8430622730627_S7277055_P01.jpg,https://cdnbigbuy.com/images/76112_mandatory-watch1.jpg,,104.68,50,NEW,14.15,12.43,10.11,0.3,1778.19,EUR,2,8,3
S3626642,4899888622680,de-AT,Gardening & DIY,Bademantel Berilo REF-9/LXL Rot L/XL (6 Stück),"Wenn Sie Ihren Kleiderschrank erneuern möchten, empfehlen wir Ihnen <b>Bademantel Berilo REF-9/LXL Rot L/XL (6 Stück)</b> und weitere <b> Produkte von","Wenn Sie Ihren Kleiderschrank erneuern möchten, empfehlen wir Ihnen <b>Bademantel Berilo REF-9/LXL Rot L/XL (6 Stück)</b> und weitere <b> Produkte von Berilo</b>! Jetzt für Sie die beste Qualität zum besten Preis!<br><br><ul><li>Art: Badezimmer</li><li>Größe: L/XL</li><li>Material: <ul><li>Baumwolle</li><li>100 % Baumwolle</li></ul></li><li>Farbe: Rot</li><li>Merkmale: Waschbar 40º</li><li>Stückzahl: 6 Stück</li></ul>",Pop Pulse Emporium,https://cdnbigbuy.com/images/S3626642_P0_WBG_icon1.jpg,https://cdnbigbuy.com/images/S3626642_P3_WBG1.jpg,https://cdnbigbuy.com/images/S3626642_P2_WBG1.jpg,https://cdnbigbuy.com/images/S3626642_P0_WBG1.jpg,112.75,50,NEW,58.0,39.0,37.0,10.5,83694.0,EUR,2,8,3
S7926302,4751029898449,de-AT,Gardening & DIY,Lichterkette Thorgeon Schwarz 2000 W 20 m 20,"<p>Wenn Sie Ihrem Zuhause einen Hauch von Originalität verleihen möchten, tun Sie dies mit <b>Lichterkette Thorgeon Schwarz 2000 W 20 m 20</b>.</p><br","<p>Wenn Sie Ihrem Zuhause einen Hauch von Originalität verleihen möchten, tun Sie dies mit <b>Lichterkette Thorgeon Schwarz 2000 W 20 m 20</b>.</p><br><br><ul><li>Nicht erhalten: Glühbirnen</li><li>Art: <ul><li>Lampenfassung</li><li>LED-Lichterkette</li><li>Lichterkette</li></ul></li><li>Farbe: Schwarz</li><li>Glühbirnen: 20</li><li>Leistung: 2000 W</li><li>Kappe: E27</li><li>Spannung: 220-240 V</li><li>Länge des Kabels: 20 m</li><li>Frequenz: 50/60 Hz</li><li>IP-Klassifizierung: IP44</li><li>Em",Pop Pulse Emporium,https://cdnbigbuy.com/images/4751029898449_S7926302_P00.jpg,,,,131.13,22,NEW,20.0,30.0,20.0,2.0,12000.0,EUR,2,8,3
S5626977,6941921149079,de-AT,Gardening & DIY,Hub USB Hyper HD4005GL Blau,"Wenn Sie sich leidenschaftlich mit <b>IT und Elektronik</b> beschäftigen, mit der Technologie auf dem neuesten Stand sein wollen und nicht einmal die ","Wenn Sie sich leidenschaftlich mit <b>IT und Elektronik</b> beschäftigen, mit der Technologie auf dem neuesten Stand sein wollen und nicht einmal die winzigsten Einzelheiten auslassen, kaufen Sie <b>Hub USB Hyper HD4005GL Blau</b>.<br><br><ul><li>Anschlüsse: <ul><li>MicroSD</li><li>HDMI</li><li>USB</li><li>USB-C</li><li>RJ45</li><li>Micro SD</li><li>HDMI 2.0</li><li>USB 3.2</li><li>3,5 mm Buchsenkabel</li></ul></li><li>Art: Hub USB</li><li>Ports: 10</li><li>Farbe: Blau</li><li>Merkmale: <ul><li>",Pop Pulse Emporium,https://cdnbigbuy.com/images/6941921149079_S5626977_P00.jpg,,,,138.09,2,NEW,16.73,17.06,13.23,0.8,3776.02,EUR,2,8,3
S7277287,8430622791406,de-AT,Gardening & DIY,Herrenuhr Lotus 18835/2 Silberfarben,"Wenn Sie mit den neuesten Mode und Accessoire-Trends schritthalten wollen, kaufen Sie <b>Herrenuhr Lotus 18835/2 Silberfarben</b> zum besten Preis.<br","Wenn Sie mit den neuesten Mode und Accessoire-Trends schritthalten wollen, kaufen Sie <b>Herrenuhr Lotus 18835/2 Silberfarben</b> zum besten Preis.<br><br><ul><li>Geschlecht: Herren</li><li>Extra Links: Kein</li><li>Typ der Uhr: Armbanduhr</li><li>Material des Gehäuses: Edelstahl</li><li>Farbe: Silberfarben</li><li>Farbe der Krone: Blau</li><li>Uhrwerk: Quarz</li></ul>",Pop Pulse Emporium,https://cdnbigbuy.com/images/8430622791406_S7277287_P01.jpg,https://cdnbigbuy.com/images/76344_mandatory-watch1.jpg,https://cdnbigbuy.com/images/8430622791406_S7277287_P11.jpg,https://cdnbigbuy.com/images/8430622791406_S7277287_P21.jpg,136.43,50,NEW,32.0,19.0,10.0,0.4,6080.0,EUR,2,8,3
S8110430,6975326667340,de-AT,Gardening & DIY,Smartphone Ulefone NOTE 21 Schwarz 4 GB RAM 128 GB,"Wenn Sie auf der Suche nach trendigen Neuheiten auf dem Markt sind, präsentieren wir Ihnen <b>Smartphone Ulefone NOTE 21 Schwarz 4 GB RAM 128 GB</b>!<","Wenn Sie auf der Suche nach trendigen Neuheiten auf dem Markt sind, präsentieren wir Ihnen <b>Smartphone Ulefone NOTE 21 Schwarz 4 GB RAM 128 GB</b>!<br><br><ul><li>Steckbares Produkt: Ja</li><li>Art: Smartphone</li><li>Steckertyp: EU-Stecker</li><li>Farbe: <ul><li>Schwarz</li><li>starlight</li></ul></li><li>Merkmale: <ul><li>GPS</li><li>Frontkamera</li><li>Erweiterbarer Speicher</li><li>LCD-Screen</li><li>Touchscreen</li><li>Fingerabdruck-Sensor</li><li>Dual SIM</li><li>Wi-Fi</li><li>Wiederaufl",Pop Pulse Emporium,https://cdnbigbuy.com/images/6975326667340_S8110430_P00.jpg,,,,120.36,10,NEW,12.49,12.24,11.16,0.39,1706.11,EUR,2,8,3
S7160610,4006501521217,de-AT,Gardening & DIY,Mop with Bucket Leifheit 52121 6 L,"Wenn Sie bei der Einrichtung ihres Heims Wert auf Details legen und bei Produkten, die Ihnen das Leben leichter machen, auf dem letzten Stand sein möc","Wenn Sie bei der Einrichtung ihres Heims Wert auf Details legen und bei Produkten, die Ihnen das Leben leichter machen, auf dem letzten Stand sein möchten, dann kaufen Sie <b>Mop with Bucket Leifheit 52121 6 L</b> zum besten Preis.<br><br><ul><li>Art: Bodenreiniger</li><li>Merkmale: <ul><li>Mit Rädern</li><li>Schwenkmechanismus</li><li>Abtropfer</li></ul></li><li>Enthalten: Schrubber</li><li>Kapazität: 6 L</li></ul>",Pop Pulse Emporium,https://cdnbigbuy.com/images/4006501521217_S7160610_P01.jpg,https://cdnbigbuy.com/images/4006501521217_S7160610_P41.jpg,https://cdnbigbuy.com/images/4006501521217_S7160610_P11.jpg,https://cdnbigbuy.com/images/4006501521217_S7160610_P21.jpg,100.67,2,NEW,47.4,33.4,27.2,3.08,43061.95,EUR,2,8,3
S7277240,4894138358456,de-AT,Gardening & DIY,Herrenuhr Lorus RW659AX9,"Wenn Sie mit den neuesten Mode und Accessoire-Trends schritthalten wollen, kaufen Sie <b>Herrenuhr Lorus RW659AX9</b> zum besten Preis.<br><br><ul><li","Wenn Sie mit den neuesten Mode und Accessoire-Trends schritthalten wollen, kaufen Sie <b>Herrenuhr Lorus RW659AX9</b> zum besten Preis.<br><br><ul><li>Geschlecht: Herren</li><li>Extra Links: Kein</li><li>Typ der Uhr: Armbanduhr</li></ul>",Pop Pulse Emporium,https://cdnbigbuy.com/images/4894138358456_S7277240_P01.jpg,https://cdnbigbuy.com/images/76297_mandatory-watch1.jpg,,,164.76,2,NEW,32.0,19.0,10.0,0.4,6080.0,EUR,2,8,3
S71007247,4059952617541,de-AT,Gardening & DIY,Bewässerungspumpe BOSCH 18 NU,"Wenn Sie bei der Einrichtung ihres Heims Wert auf Details legen und bei Produkten, die Ihnen das Leben leichter machen, auf dem letzten Stand sein möc","Wenn Sie bei der Einrichtung ihres Heims Wert auf Details legen und bei Produkten, die Ihnen das Leben leichter machen, auf dem letzten Stand sein möchten, dann kaufen Sie <b>Bewässerungspumpe BOSCH 18 NU</b> zum besten Preis.<br><br><ul><li>Farbe: grün</li><li>Material: <ul><li>Pappe</li><li>Kunststoff</li></ul></li><li>Geeignet für: Außenbereich</li><li>Spannung: 18 V</li><li>Stromquelle: Batterie</li><li>Breite: 13 cm</li></ul>",Pop Pulse Emporium,https://cdnbigbuy.com/images/4059952617541_S71007247_P00.jpg,https://cdnbigbuy.com/images/4059952617541_S71007247_P10.jpg,https://cdnbigbuy.com/images/4059952617541_S71007247_P20.jpg,https://cdnbigbuy.com/images/4059952617541_S71007247_P30.jpg,132.53,8,NEW,31.0,29.0,20.0,2.78,17980.0,EUR,2,8,3
S7274864,8430622735523,de-AT,Gardening & DIY,Herrenuhr Festina F20446/2 Ø 40 mm (Ø 40 mm),"Wenn Sie mit den neuesten Mode und Accessoire-Trends schritthalten wollen, kaufen Sie <b>Herrenuhr Festina F20446/2 Ø 40 mm (Ø 40 mm)</b> zum besten P","Wenn Sie mit den neuesten Mode und Accessoire-Trends schritthalten wollen, kaufen Sie <b>Herrenuhr Festina F20446/2 Ø 40 mm (Ø 40 mm)</b> zum besten Preis.<br><br><ul><li>Extra Links: Kein</li><li>Typ der Uhr: Armbanduhr</li><li>Durchmesser des Uhrengehäuses: Ø 40 mm</li><li>Geschlecht: Herren</li><li>Land/Region der Herstellung: China</li><li>Farbe: Schwarz</li><li>Jahr: 2019</li><li>Material des Gehäuses: Edelstahl</li><li>Material des Armbands: Leder</li><li>Verschluss Armband: Schließe</li><",Pop Pulse Emporium,https://cdnbigbuy.com/images/8430622735523_S7274864_P01.jpg,https://cdnbigbuy.com/images/73921_mandatory-watch1.jpg,https://cdnbigbuy.com/images/8430622735523_S7274864_P11.jpg,,116.12,50,NEW,14.15,12.43,10.11,0.3,1778.19,EUR,2,8,3
S9917696,8806092614796,de-AT,Gardening & DIY,"Monitor Samsung F24T450FZU Full HD 24""","Wenn Sie sich leidenschaftlich mit <b>IT und Elektronik</b> beschäftigen, mit der Technologie auf dem neuesten Stand sein wollen und nicht einmal die ","Wenn Sie sich leidenschaftlich mit <b>IT und Elektronik</b> beschäftigen, mit der Technologie auf dem neuesten Stand sein wollen und nicht einmal die winzigsten Einzelheiten auslassen, kaufen Sie <b>Monitor Samsung F24T450FZU Full HD 24""</b>.<br><br><ul><li>Art: <ul><li>Monitor</li><li>Achse</li></ul></li><li>Steckertyp: EU-Stecker</li><li>Steckbares Produkt: Ja</li><li>Merkmale: <ul><li>Drehend</li><li>Eingebaute Lautsprecher</li><li>Einstellbare Höhe</li><li>Einstellbar</li><li>Mit Ständer</li",Pop Pulse Emporium,https://cdnbigbuy.com/images/8806092614796_I02.jpg,https://cdnbigbuy.com/images/8806092614796_R22.jpg,https://cdnbigbuy.com/images/8806092614796_S9119907_P62.jpg,https://cdnbigbuy.com/images/8806092614796_r9_icon2.jpg,148.01,1,NEW,60.0,38.0,14.0,6.0,31920.0,EUR,2,8,3
S71017372,8719514491649,de-AT,Gardening & DIY,LED-Lampe Philips Weiß G 400 lm 2 Stück (6500 K),"Wenn Sie auf der Suche nach trendigen Neuheiten auf dem Markt sind, präsentieren wir Ihnen <b>LED-Lampe Philips Weiß G 400 lm 2 Stück (6500 K)</b>!<br","Wenn Sie auf der Suche nach trendigen Neuheiten auf dem Markt sind, präsentieren wir Ihnen <b>LED-Lampe Philips Weiß G 400 lm 2 Stück (6500 K)</b>!<br><br><ul><li>Art: <ul><li>LED-Lampe</li><li>Glühbirne</li></ul></li><li>Farbe: Weiß</li><li>Merkmale: Einstellbar</li><li>Energieklassifizierung: G</li><li>Spannung: 12 V</li><li>Technologie: LED</li><li>Kompatibel: <ul><li>iOS, Android</li><li>Amazon Alexa</li><li>Google Home</li></ul></li><li>Dauer: 25000 Stunden</li><li>Lichtstrom: 400 lm</li><l",Pop Pulse Emporium,https://cdnbigbuy.com/images/8719514491649_S71017372_P00.jpg,https://cdnbigbuy.com/images/8719514491649_S71017372_P10.jpg,https://cdnbigbuy.com/images/8719514491649_S71017372_P20.jpg,https://cdnbigbuy.com/images/8719514491649_S71017372_P30.jpg,152.16,4,NEW,9.65,9.6,10.96,0.15,1015.33,EUR,2,8,3
S37115193,8027280064517,de-AT,Gardening & DIY,Rennsport-Sitz OMP 36 kart,Statten Sie Ihr Fahrzeug mit den neuesten Produkten aus - kaufen Sie <b>Rennsport-Sitz OMP 36 kart</b> und verpassen Sie kein Detail!<br><br><ul><li>A,Statten Sie Ihr Fahrzeug mit den neuesten Produkten aus - kaufen Sie <b>Rennsport-Sitz OMP 36 kart</b> und verpassen Sie kein Detail!<br><br><ul><li>Art: Rennsport-Sitz</li><li>Empfohlene verwendung: kart</li><li>Sport: Racing</li><li>Farbe: grün</li><li>Material: Fiberglas</li><li>Breite: 36 cm</li><li>Größe: 36</li><li>Gewicht: 1 kg</li></ul>,Pop Pulse Emporium,https://cdnbigbuy.com/images/8027280064517_S37115193_P00.jpg,,,,125.92,1,NEW,36.0,36.0,36.0,2.0,46656.0,EUR,2,8,3
S72118927,0888392621191,de-AT,Gardening & DIY,Herrensonnenbrille Arnette FRAMBUESA AN 4336,"Wenn Sie auf der Suche nach trendigen Neuheiten auf dem Markt sind, präsentieren wir Ihnen <b>Herrensonnenbrille Arnette FRAMBUESA AN 4336</b>!<br><br","Wenn Sie auf der Suche nach trendigen Neuheiten auf dem Markt sind, präsentieren wir Ihnen <b>Herrensonnenbrille Arnette FRAMBUESA AN 4336</b>!<br><br><ul><li>Art: Herrensonnenbrille</li><li>Schutz: 100% Schutz vor UV (UV400)</li><li>Material: Azetat</li><li>Geschlecht: Herren</li></ul>",Pop Pulse Emporium,https://cdnbigbuy.com/images/0888392621191_S72118927_P00.jpg,https://cdnbigbuy.com/images/0888392621191_S72118927_P10.jpg,,,130.81,1,NEW,10.0,10.0,10.06,0.28,1006.0,EUR,2,8,3
S55252347,0197029610096,de-AT,Gardening & DIY,Kopfhörer HP 77Y97AA Schwarz,"Wenn Sie sich leidenschaftlich mit <b>IT und Elektronik</b> beschäftigen, mit der Technologie auf dem neuesten Stand sein wollen und nicht einmal die ","Wenn Sie sich leidenschaftlich mit <b>IT und Elektronik</b> beschäftigen, mit der Technologie auf dem neuesten Stand sein wollen und nicht einmal die winzigsten Einzelheiten auslassen, kaufen Sie <b>Kopfhörer HP 77Y97AA Schwarz</b>.<br><br><ul><li>Art: <ul><li>Kopfhörer</li><li>Mobilteil</li><li>Wireless</li><li>Kopfhörer mit Mikrofon</li></ul></li><li>Merkmale: <ul><li>Eingebaute Batterie</li><li>Wireless</li></ul></li><li>Anschlüsse: <ul><li>USB</li><li>USB-C</li></ul></li><li>Batterietyp: <ul",Pop Pulse Emporium,https://cdnbigbuy.com/images/683932570.jpg,,,,167.92,25,NEW,16.2,18.6,21.0,0.58,6327.72,EUR,2,8,3
S71007568,8059019038070,de-AT,Gardening & DIY,Kabelloser Staubsauger Candy CVIVA02E,"Wenn Sie Haushaltsgeräte zum besten Großhandelspreis suchen, dann verpassen Sie nicht Ihre Chance auf <b>Kabelloser Staubsauger Candy CVIVA02E</b> sow","Wenn Sie Haushaltsgeräte zum besten Großhandelspreis suchen, dann verpassen Sie nicht Ihre Chance auf <b>Kabelloser Staubsauger Candy CVIVA02E</b> sowie ein breites Sortiment an kleinen Haushaltsgeräten!<br><br><ul><li>Farbe: <ul><li>Blau</li><li>Weiß</li></ul></li><li>Art: Trocken</li><li>Merkmale: <ul><li>Schmale Düse</li><li>Wandmontage</li><li>LED-Ladeanzeige</li></ul></li><li>Kapazität: 700 ml</li><li>Ungefähre Ladedauer: 5 Stunden</li><li>Spannung: 22 V</li><li>Technologie: Cyclonic</li><l",Pop Pulse Emporium,https://cdnbigbuy.com/images/8059019038070_S71007568_P00.jpg,https://cdnbigbuy.com/images/8059019038070_S71007568_P50.jpg,https://cdnbigbuy.com/images/8059019038070_S71007568_P40.jpg,https://cdnbigbuy.com/images/8059019038070_S71007568_P30.jpg,153.33,24,NEW,72.5,30.5,15.0,3.85,33168.75,EUR,2,8,3
S9103630,5902497550806,de-AT,Gardening & DIY,Pfanne Promis grün Stahl Granit Metall Edelstahl Aluminium,"Wenn Sie bei der Einrichtung ihres Heims Wert auf Details legen und bei Produkten, die Ihnen das Leben leichter machen, auf dem letzten Stand sein möc","Wenn Sie bei der Einrichtung ihres Heims Wert auf Details legen und bei Produkten, die Ihnen das Leben leichter machen, auf dem letzten Stand sein möchten, dann kaufen Sie <b>Pfanne Promis grün Stahl Granit Metall Edelstahl Aluminium</b> zum besten Preis.<br><br><ul><li>Farbe: <ul><li>grün</li><li>Stahl</li><li>Granit</li></ul></li><li>Material: <ul><li>Metall</li><li>Edelstahl</li><li>Aluminium</li></ul></li></ul>",Pop Pulse Emporium,https://cdnbigbuy.com/images/5902497550806_R01.jpg,,,,103.06,4,NEW,23.7,33.3,37.7,6.47,29753.22,EUR,2,8,3
S0389513,0193599711218,de-AT,Gardening & DIY,Handtasche Michael Kors 35S0STVT1L-BLACK,"Wenn Sie auf der Suche nach trendigen Neuheiten auf dem Markt sind, präsentieren wir Ihnen <b>Handtasche Michael Kors 35S0STVT1L-BLACK</b>!<br><br><ul","Wenn Sie auf der Suche nach trendigen Neuheiten auf dem Markt sind, präsentieren wir Ihnen <b>Handtasche Michael Kors 35S0STVT1L-BLACK</b>!<br><br><ul><li>Art: Handtasche</li><li>Geschlecht: Damen</li><li>Farbe: Schwarz</li><li>Material: Haut</li><li>Verschluss Armband: Reißverschluss</li><li>Enthalten: Enthält Markenetui oder -hülle</li><li>Maße ca.: 35 x 25 x 13 cm</li></ul>",Pop Pulse Emporium,https://cdnbigbuy.com/images/0193599711218_S0389513_P00.jpg,,,,191.36,25,NEW,10.0,10.0,10.0,0.3,1000.0,EUR,2,8,3
M0503703,5014047600890,de-AT,Gardening & DIY,Drucker-Etiketten Brother BDE-1J152102-102,"Gehen Sie zurück ins Büro, ohne Details zu vergessen: Kaufen Sie <b>Drucker-Etiketten Brother BDE-1J152102-102</b> und seien Sie der Neid Ihrer Kolleg","Gehen Sie zurück ins Büro, ohne Details zu vergessen: Kaufen Sie <b>Drucker-Etiketten Brother BDE-1J152102-102</b> und seien Sie der Neid Ihrer Kollegen!<br><br><ul><li>Farbe: Weiß</li><li>Material: Papier</li><li>Form: <ul><li>rectangulo</li><li>rechteckig</li></ul></li><li>Technologie: Thermal</li><li>Stückzahl: 1 Stück</li><li>Art: <ul><li>Etikettenrolle</li><li>Klebeetiketten</li></ul></li></ul>",Pop Pulse Emporium,https://cdnbigbuy.com/images/5014047600890_M0503703_P00.jpg,https://cdnbigbuy.com/images/575411890.jpg,https://cdnbigbuy.com/images/575411900.jpg,https://cdnbigbuy.com/images/575411790.jpg,149.31,4,NEW,41.5,22.0,14.0,6.5,12782.0,EUR,2,8,3
S71003652,3666162001360,de-AT,Gardening & DIY,Stehlampe Lumisky H150 Grau,"<p>Wenn Sie Ihrem Zuhause einen Hauch von Originalität verleihen möchten, tun Sie dies mit <b>Stehlampe Lumisky H150 Grau</b>.</p><br><br><ul><li>Art:","<p>Wenn Sie Ihrem Zuhause einen Hauch von Originalität verleihen möchten, tun Sie dies mit <b>Stehlampe Lumisky H150 Grau</b>.</p><br><br><ul><li>Art: Stehlampe</li><li>Steckbares Produkt: Ja</li><li>Steckertyp: EU-Stecker</li><li>Farbe: Grau</li><li>Material: Polyäthylen</li><li>Kappe: E27</li><li>IP-Klassifizierung: IP44</li></ul>",Pop Pulse Emporium,https://cdnbigbuy.com/images/3666162001360_S71003652_P00.jpg,https://cdnbigbuy.com/images/3666162001360_S71003652_P10.jpg,https://cdnbigbuy.com/images/3666162001360_S71003652_P20.jpg,https://cdnbigbuy.com/images/3666162001360_S71003652_P30.jpg,126.83,4,NEW,35.31,35.31,34.54,6.48,43064.34,EUR,2,8,3
S0386856,0196163096179,de-AT,Gardening & DIY,Rucksack Michael Kors Jaycee 31 x 25 x 11 cm,Sind Sie modebewusst und begeistern sich für Accessoires? Wir bieten Ihnen <b>Rucksack Michael Kors Jaycee 31 x 25 x 11 cm</b> und ein breites Sortime,Sind Sie modebewusst und begeistern sich für Accessoires? Wir bieten Ihnen <b>Rucksack Michael Kors Jaycee 31 x 25 x 11 cm</b> und ein breites Sortiment an modernen Handtaschen und Geldbeutel!<br><br><ul><li>Art: Rucksack</li><li>Geschlecht: Damen</li><li>Stil: Casual</li><li>Material: Leder</li><li>Maße ca.: 31 x 25 x 11 cm</li><li>Verschluss Armband: Reißverschluss</li></ul>,Pop Pulse Emporium,https://cdnbigbuy.com/images/0196163096179_S0386856_P00.jpg,,,,191.36,25,NEW,30.0,40.0,7.0,0.3,8400.0,EUR,2,8,3
S7195984,3047404062354,de-AT,Gardening & DIY,Einhebel-Hahn für die Dusche Rousseau Fira,"Wenn Sie bei der Einrichtung ihres Heims Wert auf Details legen und bei Produkten, die Ihnen das Leben leichter machen, auf dem letzten Stand sein möc","Wenn Sie bei der Einrichtung ihres Heims Wert auf Details legen und bei Produkten, die Ihnen das Leben leichter machen, auf dem letzten Stand sein möchten, dann kaufen Sie <b>Einhebel-Hahn für die Dusche Rousseau Fira</b> zum besten Preis.<br><br><ul><li>Farbe: Schwarz</li><li>Finish: Mattierend</li><li>Empfohlene verwendung: Badewanne</li><li>Art: Mischbatterie</li></ul>",Pop Pulse Emporium,https://cdnbigbuy.com/images/3047404062354_S7195984_P00.jpg,,,,127.26,2,NEW,12.7,20.57,8.13,1.38,2123.87,EUR,2,8,3
S7103660,3612408315722,de-AT,Gardening & DIY,"Havestol   72,5 x 89,5 x 94 cm","<p>Wenn Sie Ihrem Zuhause einen Hauch von Originalität verleihen möchten, tun Sie dies mit <b>Havestol   72,5 x 89,5 x 94 cm</b>.</p><br><br><ul><li>M","<p>Wenn Sie Ihrem Zuhause einen Hauch von Originalität verleihen möchten, tun Sie dies mit <b>Havestol   72,5 x 89,5 x 94 cm</b>.</p><br><br><ul><li>Merkmale: <ul><li>Verstellbare Rückenlehne</li><li>Biegsam</li><li>Neigbar</li></ul></li><li>Maße ca.: 72,5 x 89,5 x 94 cm</li><li>Art: Garten-Sonnenliege</li><li>Material: Holz</li></ul>",Pop Pulse Emporium,https://cdnbigbuy.com/images/3612408315722_S7103660_P01.jpg,https://cdnbigbuy.com/images/S7103660_10872_1687944279-cropped1.jpg,https://cdnbigbuy.com/images/3612408315722_S7103660_P11.jpg,https://cdnbigbuy.com/images/3612408315722_S7103660_P31.jpg,121.89,25,NEW,60.0,55.0,10.5,10.3,34650.0,EUR,2,8,3
S91105335,5902414210967,de-AT,Gardening & DIY,Futter VETEXPERT RAW PALEO Truthahn 8 kg,"Wenn Sie auf der Suche nach trendigen Neuheiten auf dem Markt sind, präsentieren wir Ihnen <b>Futter VETEXPERT RAW PALEO Truthahn 8 kg</b>!<br><br><ul","Wenn Sie auf der Suche nach trendigen Neuheiten auf dem Markt sind, präsentieren wir Ihnen <b>Futter VETEXPERT RAW PALEO Truthahn 8 kg</b>!<br><br><ul><li>Art: Futter</li><li>Merkmale: Fördert die Darmflora</li><li>Form: Solide</li><li>Geschmack: Truthahn</li><li>Wichtige informationen: <ul><li>Glutenfrei</li><li>Zuckerfrei</li><li>Soja-frei</li></ul></li><li>Eigenschaften: Verdauungshilfe</li><li>Empfohlene verwendung: <ul><li>Haustier mit Nahrungsmittelallergie oder -unverträglichkeit</li><li>",Pop Pulse Emporium,https://cdnbigbuy.com/images/5902414210967_S91105335_P00.jpg,https://cdnbigbuy.com/images/5902414210967_S91105335_P10.jpg,https://cdnbigbuy.com/images/5902414210967_S91105335_P20.jpg,,130.78,19,NEW,35.0,13.0,40.0,8.05,18200.0,EUR,2,8,3
S0407359,8413893010995,de-AT,Gardening & DIY,Küchenextraktor S&P CK50 120W,"Wenn du mit dem Gedanken spielst, deine Küche zu renovieren, kaufe <b>Küchenextraktor S&P CK50 120W</b> und andere <b>Produkte S&P</b>! Die beste Qual","Wenn du mit dem Gedanken spielst, deine Küche zu renovieren, kaufe <b>Küchenextraktor S&P CK50 120W</b> und andere <b>Produkte S&P</b>! Die beste Qualität zum günstigsten Preis liegt sofort in deiner Reichweite.<br><br><ul><li>Installationsart: Wandmontage</li><li>Spannung: 230 V</li><li>Steckbares Produkt: Ja</li><li>Steckertyp: EU-Stecker</li><li>Leistung: 120 W</li><li>Art: Küchenextraktor</li><li>Farbe: Weiß</li><li>Breite: 315</li><li>Geschwindigkeit: 1050 rpm</li><li>Material: Kunststoff</",Pop Pulse Emporium,https://cdnbigbuy.com/images/8413893010995_0_P03.jpg,,,,163.64,8,NEW,35.6,32.2,14.6,3.5,16736.27,EUR,2,8,3
S72118561,4894138363306,de-AT,Gardening & DIY,Damenuhr Lorus RG328XX9 Gold,"Wenn Sie auf der Suche nach trendigen Neuheiten auf dem Markt sind, präsentieren wir Ihnen <b>Damenuhr Lorus RG328XX9 Gold</b>!<br><br><ul><li>Extra L","Wenn Sie auf der Suche nach trendigen Neuheiten auf dem Markt sind, präsentieren wir Ihnen <b>Damenuhr Lorus RG328XX9 Gold</b>!<br><br><ul><li>Extra Links: Kein</li><li>Typ der Uhr: Armbanduhr</li><li>Geschlecht: Damen</li><li>Farbe des Bandes: Gold</li></ul>",Pop Pulse Emporium,https://cdnbigbuy.com/images/4894138363306_S72118561_P00.jpg,https://cdnbigbuy.com/images/117573_mandatory-watch0.jpg,,,149.08,2,NEW,14.15,12.43,10.11,0.3,1778.19,EUR,2,8,3
S7211676,8431283486380,de-AT,Gardening & DIY,Damenuhr Mark Maddox MM7017-35,"Wenn Sie mit den neuesten Mode und Accessoire-Trends schritthalten wollen, kaufen Sie <b>Damenuhr Mark Maddox MM7017-35</b> zum besten Preis.<br><br><","Wenn Sie mit den neuesten Mode und Accessoire-Trends schritthalten wollen, kaufen Sie <b>Damenuhr Mark Maddox MM7017-35</b> zum besten Preis.<br><br><ul><li>Uhrwerk: Quarz</li><li>Wasserdicht: 3 atm</li></ul>",Pop Pulse Emporium,https://cdnbigbuy.com/images/8431283486380_S7211676_P01.jpg,https://cdnbigbuy.com/images/8431283486380_S7211676_P21.jpg,https://cdnbigbuy.com/images/11677_mandatory-watch1.jpg,https://cdnbigbuy.com/images/8431283486380_S7211676_P11.jpg,118.28,5,NEW,39.0,19.0,10.0,0.4,7410.0,EUR,2,8,3
S72105212,8430622829727,de-AT,Gardening & DIY,Herrenuhr Lotus 18980/1,"Wenn Sie mit den neuesten Mode und Accessoire-Trends schritthalten wollen, kaufen Sie <b>Herrenuhr Lotus 18980/1</b> zum besten Preis.<br><br><ul><li>","Wenn Sie mit den neuesten Mode und Accessoire-Trends schritthalten wollen, kaufen Sie <b>Herrenuhr Lotus 18980/1</b> zum besten Preis.<br><br><ul><li>Geschlecht: Herren</li><li>Extra Links: Kein</li><li>Typ der Uhr: Armbanduhr</li></ul>",Pop Pulse Emporium,https://cdnbigbuy.com/images/8430622829727_R00.jpg,https://cdnbigbuy.com/images/8430622829727_R10.jpg,https://cdnbigbuy.com/images/8430622829727_R20.jpg,https://cdnbigbuy.com/images/104224_mandatory-watch0.jpg,136.43,50,NEW,14.15,12.43,10.11,0.3,1778.19,EUR,2,8,3
S7251143,8433594174338,de-AT,Gardening & DIY,Damenuhr Lotus LG00108/8,"Wenn Sie mit den neuesten Mode und Accessoire-Trends schritthalten wollen, kaufen Sie <b>Damenuhr Lotus LG00108/8</b> zum besten Preis.<br><br><ul><li","Wenn Sie mit den neuesten Mode und Accessoire-Trends schritthalten wollen, kaufen Sie <b>Damenuhr Lotus LG00108/8</b> zum besten Preis.<br><br><ul><li>Geschlecht: Damen</li><li>Extra Links: Kein</li><li>Typ der Uhr: Armbanduhr</li></ul>",Pop Pulse Emporium,https://cdnbigbuy.com/images/8433594174338_R00.jpg,https://cdnbigbuy.com/images/8433594174338_R10.jpg,https://cdnbigbuy.com/images/50307_mandatory-watch0.jpg,,156.67,2,NEW,14.16,11.56,10.0,0.33,1636.9,EUR,2,8,3
S7922359,8720573156059,de-AT,Gardening & DIY,Markise Einstellbar Grau Polyester 250 x 120 cm,"Wenn Sie bei der Einrichtung ihres Heims Wert auf Details legen und bei Produkten, die Ihnen das Leben leichter machen, auf dem letzten Stand sein möc","Wenn Sie bei der Einrichtung ihres Heims Wert auf Details legen und bei Produkten, die Ihnen das Leben leichter machen, auf dem letzten Stand sein möchten, dann kaufen Sie <b>Markise Einstellbar Grau Polyester 250 x 120 cm</b> zum besten Preis.<br><br><ul><li>Empfohlene verwendung: <ul><li>Außenbereich</li><li>Garten</li></ul></li><li>Merkmale: Einstellbar</li><li>Art: Markise</li><li>Farbe: Grau</li><li>Maße ca.: 250 x 120 cm</li><li>Material: Polyester</li></ul>",Pop Pulse Emporium,https://cdnbigbuy.com/images/8720573156059_S7922359_P01.jpg,,,,189.91,19,NEW,12.0,14.0,189.0,9.89,31752.0,EUR,2,8,3
S7716746,4002888410717,de-AT,Gardening & DIY,HDMI Kabel LINDY 41071 10 m Schwarz,"Wenn Sie sich leidenschaftlich mit <b>IT und Elektronik</b> beschäftigen, mit der Technologie auf dem neuesten Stand sein wollen und nicht einmal die ","Wenn Sie sich leidenschaftlich mit <b>IT und Elektronik</b> beschäftigen, mit der Technologie auf dem neuesten Stand sein wollen und nicht einmal die winzigsten Einzelheiten auslassen, kaufen Sie <b>HDMI Kabel LINDY 41071 10 m Schwarz</b>.<br><br><ul><li>Länge des Kabels: 10 m</li><li>Farbe: Schwarz</li><li>Anschlüsse: <ul><li>HDMI</li><li>HDMI 2.0</li></ul></li><li>Art: <ul><li>Stecker</li><li>Steckdose/Steckdose</li></ul></li><li>Material: <ul><li>PVC</li><li>Gold</li><li>Kupfer</li></ul></li>",Pop Pulse Emporium,https://cdnbigbuy.com/images/4002888410717_I00.jpg,,,,112.55,10,NEW,6.0,30.0,35.0,0.8,6300.0,EUR,2,8,3
S72112000,8050506113546,de-AT,Gardening & DIY,Herrenarmreif Talent Jewels TJA-2-06-03-2-215 Schwarz,"Wir präsentieren <b>Herrenarmreif Talent Jewels TJA-2-06-03-2-215 Schwarz</b> und ein umfangreiches Sortiment von Ringen, Halsbändern, Armbändern, Ohr","Wir präsentieren <b>Herrenarmreif Talent Jewels TJA-2-06-03-2-215 Schwarz</b> und ein umfangreiches Sortiment von Ringen, Halsbändern, Armbändern, Ohrringen, usw. zu einem großartigen Preis. Erfahren Sie mehr über unsere exklusiven und eleganten Schmuck und Modeschmuck für jeden Geschmack und Stil.<br><br><ul><li>Art: Armreif</li><li>Geschlecht: Herren</li><li>Farbe: Schwarz</li></ul>",Pop Pulse Emporium,https://cdnbigbuy.com/images/8050506113546_S72112000_P00.jpg,,,,145.27,5,NEW,10.0,10.0,10.0,0.3,1000.0,EUR,2,8,3
S0456437,8437015023878,de-AT,Gardening & DIY,Gaskochplatte Vitrokitchen PG230NB,"Wenn Sie bei der Einrichtung ihres Heims Wert auf Details legen und bei Produkten, die Ihnen das Leben leichter machen, auf dem letzten Stand sein möc","Wenn Sie bei der Einrichtung ihres Heims Wert auf Details legen und bei Produkten, die Ihnen das Leben leichter machen, auf dem letzten Stand sein möchten, dann kaufen Sie <b>Gaskochplatte Vitrokitchen PG230NB</b> zum besten Preis.<br><br><ul><li>Farbe: Schwarz</li><li>Stromquelle: Butan</li><li>Merkmale: <ul><li>Abnehmbar</li><li>Gas, 2 Brenner</li></ul></li><li>Leistung: 5000 W</li></ul>",Pop Pulse Emporium,https://cdnbigbuy.com/images/8437015023878_R00.jpg,,,,162.72,5,NEW,76.78,52.85,23.75,15.15,96373.3,EUR,2,8,3
S05144853,3423222118365,de-AT,Gardening & DIY,Damenparfüm Issey Miyake L'EAU D'ISSEY,"Wenn Sie auf der Suche nach trendigen Neuheiten auf dem Markt sind, präsentieren wir Ihnen <b>Damenparfüm Issey Miyake L'EAU D'ISSEY</b>!<br><br><ul><","Wenn Sie auf der Suche nach trendigen Neuheiten auf dem Markt sind, präsentieren wir Ihnen <b>Damenparfüm Issey Miyake L'EAU D'ISSEY</b>!<br><br><ul><li>Geschlecht: Damen</li></ul><br><br>Wichtige informationen: Die Produktverpackungen können je nach Werbeaktionen des Herstellers oder der Jahreszeit unterschiedlich gestaltet sein. Die verschiedenen Pakete sind erhältlich, solange der Vorrat reicht..",Pop Pulse Emporium,https://cdnbigbuy.com/images/3423222118365_R00.jpg,,,,114.64,25,NEW,5.6,5.8,18.7,0.2,607.38,EUR,2,8,3
S77213489,0840023272288,de-AT,Gardening & DIY,GPS-Suchgerät Motorola PG38C06060 Blau grün,"Wenn Sie sich leidenschaftlich mit <b>IT und Elektronik</b> beschäftigen, mit der Technologie auf dem neuesten Stand sein wollen und nicht einmal die ","Wenn Sie sich leidenschaftlich mit <b>IT und Elektronik</b> beschäftigen, mit der Technologie auf dem neuesten Stand sein wollen und nicht einmal die winzigsten Einzelheiten auslassen, kaufen Sie <b>GPS-Suchgerät Motorola PG38C06060 Blau grün</b>.<br><br><ul><li>Art: Handyhülle</li><li>Farbe: <ul><li>Blau</li><li>grün</li></ul></li><li>Anschlüsse: <ul><li>USB</li><li>USB-C</li></ul></li><li>Konnektivität: Bluetooth</li><li>Batterie: CR2032</li><li>Inklusive Batterien: Kein</li><li>Anzahl der Stü",Pop Pulse Emporium,https://cdnbigbuy.com/images/0840023272288_S77213489_P00.jpg,,,,139.38,50,NEW,2.0,12.5,10.0,0.07,250.0,EUR,2,8,3
S9120106,5035048743690,de-AT,Gardening & DIY,Schlagschrauber Dewalt DCF921N-XJ,"Wenn Sie bei der Einrichtung ihres Heims Wert auf Details legen und bei Produkten, die Ihnen das Leben leichter machen, auf dem letzten Stand sein möc","Wenn Sie bei der Einrichtung ihres Heims Wert auf Details legen und bei Produkten, die Ihnen das Leben leichter machen, auf dem letzten Stand sein möchten, dann kaufen Sie <b>Schlagschrauber Dewalt DCF921N-XJ</b> zum besten Preis.<br><br><ul><li>Anzahl der Stücke: 1 Stücke</li><li>Spannung: 18 V</li><li>Nicht erhalten: Batterie</li></ul>",Pop Pulse Emporium,https://cdnbigbuy.com/images/5035048743690_I01.jpg,https://cdnbigbuy.com/images/5035048743690_I21.jpg,https://cdnbigbuy.com/images/5035048743690_I51.jpg,,197.34,25,NEW,9.0,15.0,23.0,1.4,3105.0,EUR,2,8,3
S71013892,0197642126332,de-AT,Gardening & DIY,Sportrucksack The North Face Base Camp Duffel Schwarz 50 ml,"Gehen Sie zurück ins Büro, ohne Details zu vergessen: Kaufen Sie <b>Sportrucksack The North Face Base Camp Duffel Schwarz 50 ml</b> und seien Sie der ","Gehen Sie zurück ins Büro, ohne Details zu vergessen: Kaufen Sie <b>Sportrucksack The North Face Base Camp Duffel Schwarz 50 ml</b> und seien Sie der Neid Ihrer Kollegen!<br><br><p>Der <b>Base Camp Duffel</b> von <b>The North Face</b> ist ein <b>Sport-Rucksack</b>, der für hohe Strapazierfähigkeit und Funktionalität bei Outdoor- und Sportaktivitäten entwickelt wurde. Er besticht durch ein ansprechendes Design in <b>schwarzer Farbe</b> (auch als Noir erhältlich), das Vielseitigkeit und Zurückhalt",Pop Pulse Emporium,https://cdnbigbuy.com/images/0197642126332_S71013892_P00.jpg,https://cdnbigbuy.com/images/0197642126332_S71013892_P10.jpg,https://cdnbigbuy.com/images/0197642126332_S71013892_P20.jpg,https://cdnbigbuy.com/images/0197642126332_S71013892_P30.jpg,159.72,25,NEW,20.63,35.0,34.78,0.95,25112.9,EUR,2,8,3
S9917264,8435430626384,de-AT,Gardening & DIY,Laptopladekabel NGS BUD240W 240 W,"Wenn Sie sich leidenschaftlich mit <b>IT und Elektronik</b> beschäftigen, mit der Technologie auf dem neuesten Stand sein wollen und nicht einmal die ","Wenn Sie sich leidenschaftlich mit <b>IT und Elektronik</b> beschäftigen, mit der Technologie auf dem neuesten Stand sein wollen und nicht einmal die winzigsten Einzelheiten auslassen, kaufen Sie <b>Laptopladekabel NGS BUD240W 240 W</b>.<br><br><p>Das <b>NGS BUD240W Laptop-Ladegerät</b> ist ein robustes und vielseitiges Netzteil, das für schnelle und gleichzeitige Ladeanforderungen mehrerer elektronischer Geräte entwickelt wurde. Mit einem praktischen Design in <b>schwarz</b> bietet dieses Ladeg",Pop Pulse Emporium,https://cdnbigbuy.com/images/8435430626384_S9917264_P01.jpg,https://cdnbigbuy.com/images/8435430626384_S9917264_P41.jpg,https://cdnbigbuy.com/images/8435430626384_S9917264_P11.jpg,https://cdnbigbuy.com/images/8435430626384_S9917264_P21.jpg,100.23,2,NEW,19.0,9.5,4.0,0.47,722.0,EUR,2,8,3
S7286310,8430622735516,de-AT,Gardening & DIY,Herrenuhr Festina F20446/1 Schwarz (Ø 40 mm),"Wenn Sie mit den neuesten Mode und Accessoire-Trends schritthalten wollen, kaufen Sie <b>Herrenuhr Festina F20446/1 Schwarz (Ø 40 mm)</b> zum besten P","Wenn Sie mit den neuesten Mode und Accessoire-Trends schritthalten wollen, kaufen Sie <b>Herrenuhr Festina F20446/1 Schwarz (Ø 40 mm)</b> zum besten Preis.<br><br><ul><li>Geschlecht: Herren</li><li>Extra Links: Kein</li><li>Typ der Uhr: Armbanduhr</li><li>Farbe: Schwarz</li><li>Jahr: 2019</li><li>Material des Gehäuses: Edelstahl</li><li>Material des Armbands: Leder</li><li>Verschluss Armband: Schließe</li><li>Uhrwerk: Quarz</li><li>Durchmesser des Uhrengehäuses: Ø 40 mm</li></ul>",Pop Pulse Emporium,https://cdnbigbuy.com/images/8430622735516_S7286310_P01.jpg,https://cdnbigbuy.com/images/85367_mandatory-watch1.jpg,,,116.12,50,NEW,32.0,19.0,10.0,0.4,6080.0,EUR,2,8,3
S0389523,0197853285545,de-AT,Gardening & DIY,Umhängetasche Michael Kors 35T4STVC5L-OPTIC-WHITE Weiß 22 x 20 x 7 cm,"Wenn Sie auf der Suche nach trendigen Neuheiten auf dem Markt sind, präsentieren wir Ihnen <b>Umhängetasche Michael Kors 35T4STVC5L-OPTIC-WHITE Weiß 2","Wenn Sie auf der Suche nach trendigen Neuheiten auf dem Markt sind, präsentieren wir Ihnen <b>Umhängetasche Michael Kors 35T4STVC5L-OPTIC-WHITE Weiß 22 x 20 x 7 cm</b>!<br><br><ul><li>Art: Umhängetasche</li><li>Farbe: Weiß</li><li>Material: Canvas-Stoff</li><li>Verschluss Armband: Reißverschluss</li><li>Enthalten: Enthält Markenetui oder -hülle</li><li>Maße ca.: 22 x 20 x 7 cm</li></ul>",Pop Pulse Emporium,https://cdnbigbuy.com/images/0197853285545_S0389523_P00.jpg,https://cdnbigbuy.com/images/0197853285545_S0389523_P10.jpg,https://cdnbigbuy.com/images/0197853285545_S0389523_P20.jpg,,158.05,19,NEW,10.0,10.0,10.0,0.3,1000.0,EUR,2,8,3
S8905992,8412842854659,de-AT,Gardening & DIY,Konstruktionsspiel IM Master 2121 Stücke,"Wenn Sie auf der Suche nach trendigen Neuheiten auf dem Markt sind, präsentieren wir Ihnen <b>Konstruktionsspiel IM Master 2121 Stücke</b>!<br><br><ul","Wenn Sie auf der Suche nach trendigen Neuheiten auf dem Markt sind, präsentieren wir Ihnen <b>Konstruktionsspiel IM Master 2121 Stücke</b>!<br><br><ul><li>Art: Konstruktionsspiel</li><li>Material: Kunststoff</li><li>Merkmale: <ul><li>Elektrisch</li><li>Einfach zu montieren</li><li>4x4-Antrieb</li><li>Funksteuerung</li><li>Hohe Leistung</li><li>App für die Fernbedienung</li></ul></li><li>Empfohlenes Alter: + 6 Jahre</li><li>Skala: 1:6</li><li>Fahrzeug: Geländewagen</li><li>Anzahl der Stücke: 2121",Pop Pulse Emporium,https://cdnbigbuy.com/images/8412842854659_S8905992_P00.jpg,https://cdnbigbuy.com/images/8412842854659_S8905992_P50.jpg,https://cdnbigbuy.com/images/8412842854659_S8905992_P10.jpg,https://cdnbigbuy.com/images/8412842854659_S8905992_P20.jpg,180.75,50,NEW,17.0,43.0,30.0,3.82,21930.0,EUR,2,8,3
S37115764,5998167718218,de-AT,Gardening & DIY,Armlehne Armster DACIA LODGY 2015 Stoff,Statten Sie Ihr Fahrzeug mit den neuesten Produkten aus - kaufen Sie <b>Armlehne Armster DACIA LODGY 2015 Stoff</b> und verpassen Sie kein Detail!<br>,"Statten Sie Ihr Fahrzeug mit den neuesten Produkten aus - kaufen Sie <b>Armlehne Armster DACIA LODGY 2015 Stoff</b> und verpassen Sie kein Detail!<br><br><p>Die <b>Armster Mittelarmlehne</b> für den <b>Dacia Lodgy 2015</b> ist ein Zubehörteil, das mehr Komfort und Funktionalität im Fahrzeuginneren bietet. Sie besticht durch ihre <b>schwarze Farbe</b> und die speziell für den Fahrersitz entwickelte Konstruktion. Diese Armlehne wird direkt am Sitz montiert und sorgt für eine <b>maßgeschneiderte un",Pop Pulse Emporium,https://cdnbigbuy.com/images/5998167718218_S37115764_P00.jpg,https://cdnbigbuy.com/images/5998167718218_S37115764_P50.jpg,https://cdnbigbuy.com/images/5998167718218_S37115764_P60.jpg,https://cdnbigbuy.com/images/5998167718218_S37115764_P10.jpg,127.27,2,NEW,35.0,25.0,25.0,8.0,21875.0,EUR,2,8,3
S72125154,0889214413208,de-AT,Gardening & DIY,Damensonnenbrille Max Mara MM0060 6460F,"Wenn Sie auf der Suche nach trendigen Neuheiten auf dem Markt sind, präsentieren wir Ihnen <b>Damensonnenbrille Max Mara MM0060 6460F</b>!<br><br><ul>","Wenn Sie auf der Suche nach trendigen Neuheiten auf dem Markt sind, präsentieren wir Ihnen <b>Damensonnenbrille Max Mara MM0060 6460F</b>!<br><br><ul><li>Art: Damensonnenbrille</li><li>Schutz: 100% Schutz vor UV (UV400)</li><li>Geschlecht: Damen</li></ul>",Pop Pulse Emporium,https://cdnbigbuy.com/images/0889214413208_S72125154_P00.jpg,https://cdnbigbuy.com/images/0889214413208_S72125154_P20.jpg,https://cdnbigbuy.com/images/0889214413208_S72125154_P10.jpg,,124.11,5,NEW,10.0,9.99,10.0,0.3,999.0,EUR,2,8,3
S91111879,4260052191194,de-AT,Gardening & DIY,Stromquelle Be Quiet! BP004EU 850 W 80 Plus Gold,"Wenn Sie sich leidenschaftlich mit <b>IT und Elektronik</b> beschäftigen, mit der Technologie auf dem neuesten Stand sein wollen und nicht einmal die ","Wenn Sie sich leidenschaftlich mit <b>IT und Elektronik</b> beschäftigen, mit der Technologie auf dem neuesten Stand sein wollen und nicht einmal die winzigsten Einzelheiten auslassen, kaufen Sie <b>Stromquelle Be Quiet! BP004EU 850 W 80 Plus Gold</b>.<br><br><ul><li>Art: Stromquelle</li><li>Steckbares Produkt: Ja</li><li>Farbe: Schwarz</li><li>Merkmale: Ein/Aus-Schalter</li><li>Ventilator: <ul><li>1</li><li>12 cm</li></ul></li><li>Stromquelle: Netzkabel</li><li>Anschlüsse: <ul><li>24 PIN x 1</l",Pop Pulse Emporium,https://cdnbigbuy.com/images/4260052191194_S91111879_P00.jpg,https://cdnbigbuy.com/images/4260052191194_S91111879_P10.jpg,https://cdnbigbuy.com/images/4260052191194_S91111879_P20.jpg,https://cdnbigbuy.com/images/4260052191194_S91111879_P30.jpg,161.99,25,NEW,32.7,20.7,13.9,3.24,9408.77,EUR,2,8,3
S0374877,0886895471015,de-AT,Gardening & DIY,Damensonnenbrille Victoria Beckham VB213S-756 Ø 61 mm,"Wenn Sie gern die neusten Produkte aus <b>Fashion & Accessoires</b> tragen möchten, dann sind Accessoires, wie die <b>Damensonnenbrille Victoria Beckh","Wenn Sie gern die neusten Produkte aus <b>Fashion & Accessoires</b> tragen möchten, dann sind Accessoires, wie die <b>Damensonnenbrille Victoria Beckham VB213S-756 Ø 61 mm</b> ein Muss, um Ihren Look abzurunden! Vertrauen Sie auf die Marken für <b>Sonnenbrillen</b>.<br><br><ul><li>Art: Damensonnenbrille</li><li>Geschlecht: Damen</li><li>Schutz: 100% Schutz vor UV (UV400)</li><li>Material der Linsen: Polycarbonat</li><li>Farbe: Gold</li><li>Material: Metall</li><li>Enthalten: Inklusive Markenetui",Pop Pulse Emporium,https://cdnbigbuy.com/images/0886895471015_S0374877_P01.jpg,https://cdnbigbuy.com/images/0886895471015_S0374877_P21.jpg,,,109.3,2,NEW,10.0,10.0,10.0,0.3,1000.0,EUR,2,8,3
S8108683,6941812786284,de-AT,Gardening & DIY,Koffer Xiaomi BHR8610GL,"Wenn Sie Haushaltsgeräte zum besten Großhandelspreis suchen, dann verpassen Sie nicht Ihre Chance auf <b>Koffer Xiaomi BHR8610GL</b> sowie ein breites","Wenn Sie Haushaltsgeräte zum besten Großhandelspreis suchen, dann verpassen Sie nicht Ihre Chance auf <b>Koffer Xiaomi BHR8610GL</b> sowie ein breites Sortiment an kleinen Haushaltsgeräten!<br><br><ul><li>Art: Koffer</li></ul>",Pop Pulse Emporium,https://cdnbigbuy.com/images/6941812786284_S8108683_P00.jpg,,,,149.97,2,NEW,60.0,42.0,23.0,4.8,57960.0,EUR,2,8,3
S8108687,6941812786277,de-AT,Gardening & DIY,Koffer Xiaomi Classic Pro 26 Gray BHR8611GL,"Wenn Sie Haushaltsgeräte zum besten Großhandelspreis suchen, dann verpassen Sie nicht Ihre Chance auf <b>Koffer Xiaomi Classic Pro 26 Gray BHR8611GL</","Wenn Sie Haushaltsgeräte zum besten Großhandelspreis suchen, dann verpassen Sie nicht Ihre Chance auf <b>Koffer Xiaomi Classic Pro 26 Gray BHR8611GL</b> sowie ein breites Sortiment an kleinen Haushaltsgeräten!<br><br><ul><li>Art: Koffer</li></ul>",Pop Pulse Emporium,https://cdnbigbuy.com/images/6941812786277_S8108687_P00.jpg,,,,148.45,10,NEW,60.0,42.0,23.0,4.8,57960.0,EUR,2,8,3
S72112239,8050506113416,de-AT,Gardening & DIY,Unisex-Armreif Runner Talent Jewels TJA-1-19-03-1-235 Silberfarben,"Wir präsentieren <b>Unisex-Armreif Runner Talent Jewels TJA-1-19-03-1-235 Silberfarben</b> und ein umfangreiches Sortiment von Ringen, Halsbändern, Ar","Wir präsentieren <b>Unisex-Armreif Runner Talent Jewels TJA-1-19-03-1-235 Silberfarben</b> und ein umfangreiches Sortiment von Ringen, Halsbändern, Armbändern, Ohrringen, usw. zu einem großartigen Preis. Erfahren Sie mehr über unsere exklusiven und eleganten Schmuck und Modeschmuck für jeden Geschmack und Stil.<br><br><p>Das <b>unisex Armband TJA-1-19-03-1-235</b> der Marke Talent Jewels ist ein Accessoire, das jeden Stil mit seiner <b>silberfarbenen</b> Oberfläche ergänzt und einen Hauch von sc",Pop Pulse Emporium,https://cdnbigbuy.com/images/S72112239_1754378439-remove-background0.jpg,https://cdnbigbuy.com/images/8050506113416_S72112239_P00.jpg,,,134.19,5,NEW,10.0,9.99,10.0,0.3,999.0,EUR,2,8,3
S7251048,8433594102904,de-AT,Gardening & DIY,Damenuhr Lotus IC00215/8,"Wenn Sie mit den neuesten Mode und Accessoire-Trends schritthalten wollen, kaufen Sie <b>Damenuhr Lotus IC00215/8</b> zum besten Preis.<br><br><ul><li","Wenn Sie mit den neuesten Mode und Accessoire-Trends schritthalten wollen, kaufen Sie <b>Damenuhr Lotus IC00215/8</b> zum besten Preis.<br><br><ul><li>Geschlecht: Damen</li><li>Extra Links: Kein</li><li>Typ der Uhr: Armbanduhr</li></ul>",Pop Pulse Emporium,https://cdnbigbuy.com/images/8433594102904_R00.jpg,https://cdnbigbuy.com/images/50212_mandatory-watch0.jpg,,,126.93,2,NEW,14.16,11.56,10.0,0.33,1636.9,EUR,2,8,3
S0392778,0197853085671,de-AT,Gardening & DIY,Handtasche Michael Kors Reed,"Wenn Sie auf der Suche nach trendigen Neuheiten auf dem Markt sind, präsentieren wir Ihnen <b>Handtasche Michael Kors Reed</b>!<br><br><ul><li>Art: Ha","Wenn Sie auf der Suche nach trendigen Neuheiten auf dem Markt sind, präsentieren wir Ihnen <b>Handtasche Michael Kors Reed</b>!<br><br><ul><li>Art: Handtasche</li><li>Farbe: Blau</li><li>Material: Haut</li><li>Verschluss Armband: Reißverschluss</li><li>Enthalten: Enthält Markenetui oder -hülle</li><li>Maße ca.: 20 x 14 x 19 cm</li></ul>",Pop Pulse Emporium,https://cdnbigbuy.com/images/0197853085671_S0392778_P00.jpg,https://cdnbigbuy.com/images/0197853085671_S0392778_P10.jpg,https://cdnbigbuy.com/images/0197853085671_S0392778_P20.jpg,,141.12,23,NEW,10.0,10.0,10.0,0.3,1000.0,EUR,2,8,3
S0388903,0196237917560,de-AT,Gardening & DIY,Umhängetasche Michael Kors Leida Weiß 23 x 16 x 7 cm,"Wenn Sie auf der Suche nach trendigen Neuheiten auf dem Markt sind, präsentieren wir Ihnen <b>Umhängetasche Michael Kors Leida Weiß 23 x 16 x 7 cm</b>","Wenn Sie auf der Suche nach trendigen Neuheiten auf dem Markt sind, präsentieren wir Ihnen <b>Umhängetasche Michael Kors Leida Weiß 23 x 16 x 7 cm</b>!<br><br><ul><li>Art: <ul><li>Handtasche</li><li>Umhängetasche</li></ul></li><li>Geschlecht: Damen</li><li>Farbe: Weiß</li><li>Material: Canvas-Stoff</li><li>Verschluss Armband: Plattenspeicher</li><li>Enthalten: Enthält Markenetui oder -hülle</li><li>Maße ca.: 23 x 16 x 7 cm</li></ul>",Pop Pulse Emporium,https://cdnbigbuy.com/images/0196237917560_S0388903_P00.jpg,https://cdnbigbuy.com/images/0196237917560_S0388903_P20.jpg,https://cdnbigbuy.com/images/0196237917560_S0388903_P10.jpg,,174.71,2,NEW,12.0,33.0,22.0,0.4,8712.0,EUR,2,8,3
S72112073,8050506113607,de-AT,Gardening & DIY,Herrenarmreif Talent Jewels TJA-1-08-03-2-235 Schwarz,"Wir präsentieren <b>Herrenarmreif Talent Jewels TJA-1-08-03-2-235 Schwarz</b> und ein umfangreiches Sortiment von Ringen, Halsbändern, Armbändern, Ohr","Wir präsentieren <b>Herrenarmreif Talent Jewels TJA-1-08-03-2-235 Schwarz</b> und ein umfangreiches Sortiment von Ringen, Halsbändern, Armbändern, Ohrringen, usw. zu einem großartigen Preis. Erfahren Sie mehr über unsere exklusiven und eleganten Schmuck und Modeschmuck für jeden Geschmack und Stil.<br><br><ul><li>Art: Armreif</li><li>Geschlecht: Herren</li><li>Farbe: Schwarz</li></ul>",Pop Pulse Emporium,https://cdnbigbuy.com/images/8050506113607_S72112073_P00.jpg,,,,145.27,5,NEW,10.0,10.0,10.0,0.3,1000.0,EUR,2,8,3
S7149471,8710315024548,de-AT,Gardening & DIY,Toilette THETFORD Pp 165 Tragbar 15 L,"Wenn Sie auf der Suche nach trendigen Neuheiten auf dem Markt sind, präsentieren wir Ihnen <b>Toilette THETFORD Pp 165 Tragbar 15 L</b>!<br><br><ul><l","Wenn Sie auf der Suche nach trendigen Neuheiten auf dem Markt sind, präsentieren wir Ihnen <b>Toilette THETFORD Pp 165 Tragbar 15 L</b>!<br><br><ul><li>Art: Toilette</li><li>Merkmale: Tragbar</li><li>Kapazität: 15 L</li><li>Farbe: <ul><li>Weiß</li><li>Weiß/Grau</li></ul></li><li>Installationsart: Wandmontage</li><li>Form: kreisförmig</li></ul>",Pop Pulse Emporium,https://cdnbigbuy.com/images/8710315024548_S7149471_P01.jpg,https://cdnbigbuy.com/images/8710315024548_S7149471_P21.jpg,https://cdnbigbuy.com/images/8710315024548_S7149471_P31.jpg,https://cdnbigbuy.com/images/8710315024548_R31.jpg,121.97,25,NEW,43.4,39.4,42.8,5.08,73186.29,EUR,2,8,3
S8418500,7310791202693,de-AT,Gardening & DIY,Papierhandtuch Tork Weiß 120 m,<p>Papierhandtuch Tork Weiß 120 m (6 Stück) ist ein exklusives und hochwertiges Produkt für Ihre Körperpflege. Wenn Sie nur natürliche Körperpflegepro,"<p>Papierhandtuch Tork Weiß 120 m (6 Stück) ist ein exklusives und hochwertiges Produkt für Ihre Körperpflege. Wenn Sie nur natürliche Körperpflegeprodukte wollen, dann sind die 100 % natürlichen Produkte von Tork genau das Richtige für Sie.</p><br><br><ul><li>Art: Papierhandtuch</li><li>Farbe: Weiß</li><li>Merkmale: doppelt beschich</li><li>Länge: 120 m</li><li>Stück: 6 Stück</li></ul>",Pop Pulse Emporium,https://cdnbigbuy.com/images/S8418500_P00.jpg,,,,110.84,1,NEW,29.71,16.43,22.25,0.68,10861.01,EUR,2,8,3
S2229038,4899888693925,de-AT,Gardening & DIY,Tafel Securit Woody Teakholz An der Wand montiert Schwarz 80 x 60 cm,"Gehen Sie zurück ins Büro, ohne Details zu vergessen: Kaufen Sie <b>Tafel Securit Woody Teakholz An der Wand montiert Schwarz 80 x 60 cm</b> und seien","Gehen Sie zurück ins Büro, ohne Details zu vergessen: Kaufen Sie <b>Tafel Securit Woody Teakholz An der Wand montiert Schwarz 80 x 60 cm</b> und seien Sie der Neid Ihrer Kollegen!<br><br><ul><li>Art: <ul><li>Gastronomie</li><li>Tafel</li></ul></li><li>Enthalten: Schiefermarker</li><li>Material: Teakholz</li><li>Merkmale: An der Wand montiert</li><li>Farbe: Schwarz</li><li>Maße ca.: 80 x 60 cm</li></ul>",Pop Pulse Emporium,https://cdnbigbuy.com/images/S2229038_8718226494801_S2229038_P1_icon0.jpg,https://cdnbigbuy.com/images/S2229038_8718226494801_S2229038_P1_icon1.jpg,https://cdnbigbuy.com/images/S2229038_8718226494801_S2229038_P11.jpg,,196.48,50,NEW,80.0,60.0,1.0,13.9,4800.0,EUR,2,8,3
S7274976,8430622787928,de-AT,Gardening & DIY,Damenuhr Festina F20622/1,"Wenn Sie mit den neuesten Mode und Accessoire-Trends schritthalten wollen, kaufen Sie <b>Damenuhr Festina F20622/1</b> zum besten Preis.<br><br><ul><l","Wenn Sie mit den neuesten Mode und Accessoire-Trends schritthalten wollen, kaufen Sie <b>Damenuhr Festina F20622/1</b> zum besten Preis.<br><br><ul><li>Geschlecht: Damen</li><li>Extra Links: Kein</li><li>Typ der Uhr: Armbanduhr</li><li>Material des Armbands: Edelstahl</li><li>Material des Gehäuses: Edelstahl</li><li>Farbe: Silberfarben</li><li>Design: Damen</li><li>Uhrwerk: Quarz</li></ul>",Pop Pulse Emporium,https://cdnbigbuy.com/images/8430622787928_S7274976_P01.jpg,https://cdnbigbuy.com/images/74033_mandatory-watch1.jpg,,,136.43,50,NEW,39.0,19.0,10.0,0.4,7410.0,EUR,2,8,3
S7188229,4892210183149,de-AT,Gardening & DIY,Ratschenschlüssel Ryobi R18RW3-0 ONE+ Elektrizität 18 V,"Wenn Sie bei der Einrichtung ihres Heims Wert auf Details legen und bei Produkten, die Ihnen das Leben leichter machen, auf dem letzten Stand sein möc","Wenn Sie bei der Einrichtung ihres Heims Wert auf Details legen und bei Produkten, die Ihnen das Leben leichter machen, auf dem letzten Stand sein möchten, dann kaufen Sie <b>Ratschenschlüssel Ryobi R18RW3-0 ONE+ Elektrizität 18 V</b> zum besten Preis.<br><br><ul><li>Art: Ratschenschlüssel</li><li>Merkmale: Elektrizität</li><li>Spannung: 18 V</li></ul>",Pop Pulse Emporium,https://cdnbigbuy.com/images/4892210183149_S7188229_P01.jpg,https://cdnbigbuy.com/images/4892210183149_S7188229_P11.jpg,https://cdnbigbuy.com/images/4892210183149_S7188229_P21.jpg,https://cdnbigbuy.com/images/4892210183149_S7188229_P31.jpg,176.5,1,NEW,13.6,31.9,8.9,1.38,3861.18,EUR,2,8,3
S0368411,0196163095936,de-AT,Gardening & DIY,Lässiger Rucksack Michael Kors 35S2G8TB2B-VANILLA Grau 25 x 30 x 15 cm,"Wenn Sie Ihren Kleiderschrank erneuern möchten, empfehlen wir Ihnen <b>Lässiger Rucksack Michael Kors 35S2G8TB2B-VANILLA Grau 25 x 30 x 15 cm</b> und ","Wenn Sie Ihren Kleiderschrank erneuern möchten, empfehlen wir Ihnen <b>Lässiger Rucksack Michael Kors 35S2G8TB2B-VANILLA Grau 25 x 30 x 15 cm</b> und weitere <b> Produkte von Michael Kors</b>! Jetzt für Sie die beste Qualität zum besten Preis!<br><br><ul><li>Art: Lässiger Rucksack</li><li>Farbe: Grau</li><li>Material: Leder</li><li>Verschluss Armband: Reißverschluss</li><li>Maße ca.: 25 x 30 x 15 cm</li></ul>",Pop Pulse Emporium,https://cdnbigbuy.com/images/0196163095936_S0368411_P0_WBG0.jpg,,,,191.36,45,NEW,10.0,10.0,10.0,0.3,1000.0,EUR,2,8,3
S0391916,0196237481740,de-AT,Gardening & DIY,Handtasche Michael Kors Jet Set Travel,"Wenn Sie auf der Suche nach trendigen Neuheiten auf dem Markt sind, präsentieren wir Ihnen <b>Handtasche Michael Kors Jet Set Travel</b>!<br><br><ul><","Wenn Sie auf der Suche nach trendigen Neuheiten auf dem Markt sind, präsentieren wir Ihnen <b>Handtasche Michael Kors Jet Set Travel</b>!<br><br><ul><li>Art: Handtasche</li><li>Geschlecht: Damen</li><li>Farbe: Beige</li><li>Material: <ul><li>Canvas-Stoff</li><li>Kunstleder</li></ul></li><li>Verschluss Armband: Reißverschluss</li><li>Enthalten: Enthält Markenetui oder -hülle</li><li>Maße ca.: 36,8 x 26 x 17,1 cm</li></ul>",Pop Pulse Emporium,https://cdnbigbuy.com/images/0196237481740_S0391916_P00.jpg,https://cdnbigbuy.com/images/0196237481740_S0391916_P10.jpg,https://cdnbigbuy.com/images/0196237481740_S0391916_P20.jpg,,174.71,5,NEW,10.0,10.0,10.0,0.3,1000.0,EUR,2,8,3
S7250716,3608701161272,de-AT,Gardening & DIY,Damenuhr Nixon A327-5103,"Wenn Sie mit den neuesten Mode und Accessoire-Trends schritthalten wollen, kaufen Sie <b>Damenuhr Nixon A327-5103</b> zum besten Preis.<br><br><ul><li","Wenn Sie mit den neuesten Mode und Accessoire-Trends schritthalten wollen, kaufen Sie <b>Damenuhr Nixon A327-5103</b> zum besten Preis.<br><br><ul><li>Geschlecht: Damen</li><li>Extra Links: Kein</li><li>Typ der Uhr: Armbanduhr</li></ul>",Pop Pulse Emporium,https://cdnbigbuy.com/images/3608701161272_S7250716_P02.jpg,https://cdnbigbuy.com/images/49880_mandatory-watch2.jpg,https://cdnbigbuy.com/images/3608701161272_S7250716_P12.jpg,https://cdnbigbuy.com/images/3608701161272_S7250716_P22.jpg,178.66,2,NEW,39.0,19.0,10.0,0.4,7410.0,EUR,2,8,3
S0365341,0091661517204,de-AT,Gardening & DIY,Unisex-Uhr Guess GW0209G1 (Ø 47 mm),"Wenn Sie mit den neuesten Mode und Accessoire-Trends schritthalten wollen, kaufen Sie <b>Unisex-Uhr Guess GW0209G1 (Ø 47 mm)</b> zum besten Preis.<br>","Wenn Sie mit den neuesten Mode und Accessoire-Trends schritthalten wollen, kaufen Sie <b>Unisex-Uhr Guess GW0209G1 (Ø 47 mm)</b> zum besten Preis.<br><br><ul><li>Extra Links: Kein</li><li>Geschlecht: Unisex</li><li>Farbe: Silberfarben</li><li>Typ der Uhr: Armbanduhr</li><li>Durchmesser: 45 mm</li><li>Merkmale: Multifunktion</li><li>Uhrengehäuse-Material: Edelstahl</li><li>Uhrwerk: Quarz</li><li>Kristall: Mineral</li><li>Wasserdicht: 5 atm</li><li>Enthalten: Enthält Markenetui oder -hülle</li><li",Pop Pulse Emporium,https://cdnbigbuy.com/images/0091661517204_R0_WBG3.jpg,https://cdnbigbuy.com/images/0091661517204_R1_WBG3.jpg,https://cdnbigbuy.com/images/0091661517204_R2_WBG3.jpg,https://cdnbigbuy.com/images/0091661517204_S0365341_P0_WBG3.jpg,154.22,50,NEW,10.0,10.0,10.0,0.3,1000.0,EUR,2,8,3
S72122368,8430622846625,de-AT,Gardening & DIY,Herrenuhr Festina F20677/5 Silberfarben,"Wenn Sie auf der Suche nach trendigen Neuheiten auf dem Markt sind, präsentieren wir Ihnen <b>Herrenuhr Festina F20677/5 Silberfarben</b>!<br><br><ul>","Wenn Sie auf der Suche nach trendigen Neuheiten auf dem Markt sind, präsentieren wir Ihnen <b>Herrenuhr Festina F20677/5 Silberfarben</b>!<br><br><ul><li>Geschlecht: Herren</li><li>Extra Links: Kein</li><li>Typ der Uhr: Armbanduhr</li><li>Farbe des Bandes: Silberfarben</li></ul>",Pop Pulse Emporium,https://cdnbigbuy.com/images/8430622846625_S72122368_P00.jpg,https://cdnbigbuy.com/images/121380_mandatory-watch0.jpg,,,158.83,50,NEW,14.15,12.43,10.11,0.3,1778.19,EUR,2,8,3
S37115742,5998167715194,de-AT,Gardening & DIY,Armlehne Armster OPEL MOKKA 2012-2016 Ökologisches Leder,Statten Sie Ihr Fahrzeug mit den neuesten Produkten aus - kaufen Sie <b>Armlehne Armster OPEL MOKKA 2012-2016 Ökologisches Leder</b> und verpassen Sie,"Statten Sie Ihr Fahrzeug mit den neuesten Produkten aus - kaufen Sie <b>Armlehne Armster OPEL MOKKA 2012-2016 Ökologisches Leder</b> und verpassen Sie kein Detail!<br><br><p>Der <b>Armster Mittelarmlehne</b> für den <b>Opel Mokka 2012-2016</b> ist ein Zubehörteil, das den Komfort und die Funktionalität des Fahrzeuginnenraums deutlich verbessert. Er wird direkt am Sitz montiert und ist präzise auf das Modell und die Marke abgestimmt. Diese <b>schwarze Armlehne</b> bietet eine hochwertige Alternat",Pop Pulse Emporium,https://cdnbigbuy.com/images/5998167715194_S37115742_P00.jpg,https://cdnbigbuy.com/images/5998167715194_S37115742_P20.jpg,https://cdnbigbuy.com/images/5998167715194_S37115742_P30.jpg,https://cdnbigbuy.com/images/5998167715194_S37115742_P40.jpg,127.27,25,NEW,35.0,25.0,25.0,8.0,21875.0,EUR,2,8,3
S9196159,4895252500899,de-AT,Gardening & DIY,Videoüberwachungskamera TP-Link Tapo C425,"Wenn Sie bei der Einrichtung ihres Heims Wert auf Details legen und bei Produkten, die Ihnen das Leben leichter machen, auf dem letzten Stand sein möc","Wenn Sie bei der Einrichtung ihres Heims Wert auf Details legen und bei Produkten, die Ihnen das Leben leichter machen, auf dem letzten Stand sein möchten, dann kaufen Sie <b>Videoüberwachungskamera TP-Link Tapo C425</b> zum besten Preis.<br><br><ul><li>Art: <ul><li>Videokamera</li><li>IP-Sicherheitskamera</li></ul></li><li>Farbe: Weiß</li><li>Merkmale: <ul><li>Drahtlos</li><li>LED-Anzeige</li><li>Eingebaute Lautsprecher</li><li>Eingebautes Mikrofon</li><li>Witterungsbeständig</li><li>Kartenlese",Pop Pulse Emporium,https://cdnbigbuy.com/images/4895252500899_S9196159_P00.jpg,https://cdnbigbuy.com/images/4895252500899_S9196159_P10.jpg,https://cdnbigbuy.com/images/4895252500899_S9196159_P20.jpg,,153.44,5,NEW,15.0,9.0,18.0,0.65,2430.0,EUR,2,8,3
S7917615,8430274148924,de-AT,Gardening & DIY,Sicherheitssystem Pastormatic 500 In der Nähe von,"Wenn Sie auf der Suche nach trendigen Neuheiten auf dem Markt sind, präsentieren wir Ihnen <b>Sicherheitssystem Pastormatic 500 In der Nähe von</b>!<b","Wenn Sie auf der Suche nach trendigen Neuheiten auf dem Markt sind, präsentieren wir Ihnen <b>Sicherheitssystem Pastormatic 500 In der Nähe von</b>!<br><br><ul><li>Art: <ul><li>Elektrisch</li><li>In der Nähe von</li></ul></li><li>Spannung: <ul><li>230 V</li><li>1600 V</li><li>8800 V</li></ul></li><li>Merkmale: LED-Betriebsanzeige</li><li>Nicht erhalten: Batterie</li><li>Tier: <ul><li>Pferd</li><li>Hund</li></ul></li></ul>",Pop Pulse Emporium,https://cdnbigbuy.com/images/8430274148924_S7917615_P0_WBG1.jpg,,,,177.52,2,NEW,50.0,50.0,20.0,0.93,50000.0,EUR,2,8,3
S0421974,5706751030567,de-AT,Gardening & DIY,Plattenspieler Denver Electronics MCR-50MK3 USB 5W Holz,"Wenn Sie sich leidenschaftlich mit <b>IT und Elektronik</b> beschäftigen, mit der Technologie auf dem neuesten Stand sein wollen und nicht einmal die ","Wenn Sie sich leidenschaftlich mit <b>IT und Elektronik</b> beschäftigen, mit der Technologie auf dem neuesten Stand sein wollen und nicht einmal die winzigsten Einzelheiten auslassen, kaufen Sie <b>Plattenspieler Denver Electronics MCR-50MK3 USB 5W Holz</b>.<br><br><ul><li>Leistung: 5 W</li><li>Tuner: AM/FM</li><li>Anschlüsse: <ul><li>CD-R</li><li>USB 2.0</li><li>USB x 1</li><li>USB</li></ul></li><li>Stromquelle: <ul><li>Stromnetz</li><li>Elektrokabel.</li><li>CA</li></ul></li><li>Spannung: <ul",Pop Pulse Emporium,https://cdnbigbuy.com/images/import_images-202002191147471.jpg,https://cdnbigbuy.com/images/import_images-202002191147531.jpg,,,171.02,5,NEW,26.8,55.5,39.0,8.8,58008.6,EUR,2,8,3
S7294534,7618391694970,de-AT,Gardening & DIY,Damenarmreif Guess JUMN04056JWSTBKT-U,"Wenn Sie auf der Suche nach trendigen Neuheiten auf dem Markt sind, präsentieren wir Ihnen <b>Damenarmreif Guess JUMN04056JWSTBKT-U</b>!<br><br><ul><l","Wenn Sie auf der Suche nach trendigen Neuheiten auf dem Markt sind, präsentieren wir Ihnen <b>Damenarmreif Guess JUMN04056JWSTBKT-U</b>!<br><br><ul><li>Art: Damenarmreif</li><li>Geschlecht: <ul><li>Damen</li><li>Unisex-Erwachsene</li></ul></li><li>Material: Silber</li></ul>",Pop Pulse Emporium,https://cdnbigbuy.com/images/7618391694970_R00.jpg,,,,135.08,2,NEW,9.97,9.99,9.96,0.29,992.02,EUR,2,8,3
S7198041,0840006669081,de-AT,Gardening & DIY,Mouse Corsair Schwarz 26000 DPI,"Wenn Sie sich leidenschaftlich mit <b>IT und Elektronik</b> beschäftigen, mit der Technologie auf dem neuesten Stand sein wollen und nicht einmal die ","Wenn Sie sich leidenschaftlich mit <b>IT und Elektronik</b> beschäftigen, mit der Technologie auf dem neuesten Stand sein wollen und nicht einmal die winzigsten Einzelheiten auslassen, kaufen Sie <b>Mouse Corsair Schwarz 26000 DPI</b>.<br><br><ul><li>Art: <ul><li>Gaming</li><li>Wireless</li><li>Mouse</li></ul></li><li>Farbe: Schwarz</li><li>Anschlüsse: USB</li><li>Konnektivität: Bluetooth</li><li>Auflösung: 26000 DPI</li><li>Merkmale: Garantie</li><li>Batteriebetrieben: Ja</li><li>Technologie: O",Pop Pulse Emporium,https://cdnbigbuy.com/images/0840006669081_S7198041_P00.jpg,https://cdnbigbuy.com/images/0840006669081_S7198041_P50.jpg,https://cdnbigbuy.com/images/0840006669081_S7198041_P60.jpg,https://cdnbigbuy.com/images/0840006669081_S7198041_P70.jpg,177.39,2,NEW,12.1,16.4,5.2,0.23,1031.89,EUR,2,8,3
S0375016,0887038042000,de-AT,Gardening & DIY,Herrenuhr Timberland TDWGF9002903 (Ø 46 mm),"Wenn Sie mit den neuesten Mode und Accessoire-Trends schritthalten wollen, kaufen Sie <b>Herrenuhr Timberland TDWGF9002903 (Ø 46 mm)</b> zum besten Pr","Wenn Sie mit den neuesten Mode und Accessoire-Trends schritthalten wollen, kaufen Sie <b>Herrenuhr Timberland TDWGF9002903 (Ø 46 mm)</b> zum besten Preis.<br><br><ul><li>Geschlecht: Herren</li><li>Extra Links: Kein</li><li>Typ der Uhr: Armbanduhr</li><li>Material des Armbands: Leder</li><li>Uhrengehäuse-Material: Edelstahl</li><li>Uhrwerk: Quarz</li><li>Kristall: Mineral</li><li>Wasserdicht: 3 atm</li><li>Enthalten: Inklusive Markenetui</li><li>Verschluss Armband: Schließe</li><li>Farbe der Kron",Pop Pulse Emporium,https://cdnbigbuy.com/images/0887038042000_S0375016_P00.jpg,https://cdnbigbuy.com/images/71379_mandatory-watch0.jpg,,,135.51,5,NEW,32.0,19.0,10.0,0.4,6080.0,EUR,2,8,3
S7167504,4078500048170,de-AT,Gardening & DIY,Kabel Gardena 4088-60,"Wenn Sie bei der Einrichtung ihres Heims Wert auf Details legen und bei Produkten, die Ihnen das Leben leichter machen, auf dem letzten Stand sein möc","Wenn Sie bei der Einrichtung ihres Heims Wert auf Details legen und bei Produkten, die Ihnen das Leben leichter machen, auf dem letzten Stand sein möchten, dann kaufen Sie <b>Kabel Gardena 4088-60</b> zum besten Preis.<br><br><ul><li>Art: Kabel</li><li>Maße ca.: 150 m</li><li>Farbe: Schwarz</li></ul>",Pop Pulse Emporium,https://cdnbigbuy.com/images/4078500048170_S7167504_P02.jpg,https://cdnbigbuy.com/images/4078500048170_R02.jpg,https://cdnbigbuy.com/images/4078500048170_R12.jpg,https://cdnbigbuy.com/images/4078500048170_R32.jpg,117.87,2,NEW,20.4,18.6,7.2,1.49,2731.97,EUR,2,8,3
S7181839,3165140730464,de-AT,Gardening & DIY,Wiederaufladbare Lithiumbatterie BOSCH Professional GBA 18 V 4 Ah,"Wenn Sie bei der Einrichtung ihres Heims Wert auf Details legen und bei Produkten, die Ihnen das Leben leichter machen, auf dem letzten Stand sein möc","Wenn Sie bei der Einrichtung ihres Heims Wert auf Details legen und bei Produkten, die Ihnen das Leben leichter machen, auf dem letzten Stand sein möchten, dann kaufen Sie <b>Wiederaufladbare Lithiumbatterie BOSCH Professional GBA 18 V 4 Ah</b> zum besten Preis.<br><br><ul><li>Spannung: 18 V</li><li>Kapazität der Batterie: 4 Ah</li></ul>",Pop Pulse Emporium,https://cdnbigbuy.com/images/3165140730464_I02.jpg,https://cdnbigbuy.com/images/3165140730464_R22.jpg,https://cdnbigbuy.com/images/3165140730464_R02.jpg,https://cdnbigbuy.com/images/3165140730464_R32.jpg,115.33,25,NEW,14.0,9.5,7.0,0.67,931.0,EUR,2,8,3
S7275104,8430622595776,de-AT,Gardening & DIY,Damenuhr Festina F16748/3,"Wenn Sie mit den neuesten Mode und Accessoire-Trends schritthalten wollen, kaufen Sie <b>Damenuhr Festina F16748/3</b> zum besten Preis.<br><br><ul><l","Wenn Sie mit den neuesten Mode und Accessoire-Trends schritthalten wollen, kaufen Sie <b>Damenuhr Festina F16748/3</b> zum besten Preis.<br><br><ul><li>Geschlecht: Damen</li><li>Extra Links: Kein</li><li>Typ der Uhr: Armbanduhr</li><li>Jahr: 2019</li><li>Material des Armbands: Edelstahl</li><li>Material des Gehäuses: Edelstahl</li><li>Farbe: Silberfarben</li><li>Farbe der Krone: Blau</li><li>Durchmesser: 31 mm</li><li>Uhrwerk: Quarz</li></ul>",Pop Pulse Emporium,https://cdnbigbuy.com/images/8430622595776_S7275104_P01.jpg,https://cdnbigbuy.com/images/74161_mandatory-watch1.jpg,,,136.43,50,NEW,39.0,19.0,10.0,0.4,7410.0,EUR,2,8,3
S71015872,5035048821961,de-AT,Gardening & DIY,Schraubendreher Black & Decker BDCHD18C2TA-QW 18V,"Wenn Sie auf der Suche nach trendigen Neuheiten auf dem Markt sind, präsentieren wir Ihnen <b>Schraubendreher Black & Decker BDCHD18C2TA-QW 18V</b>!<b","Wenn Sie auf der Suche nach trendigen Neuheiten auf dem Markt sind, präsentieren wir Ihnen <b>Schraubendreher Black & Decker BDCHD18C2TA-QW 18V</b>!<br><br><p>Der <b>Black & Decker BDCHD18C2TA-QW Akkuschrauber</b> ist ein vielseitiges Elektrowerkzeug, das für Heimwerkerarbeiten, Montage und Reparaturen zu Hause oder in der Werkstatt entwickelt wurde. Er verfügt über eine <b>Leistung von 18V</b>, betrieben durch ein System mit <b>wiederaufladbaren Akkus</b>, was kabellose Bewegungsfreiheit bietet",Pop Pulse Emporium,https://cdnbigbuy.com/images/5035048821961_S71015872_P00.jpg,https://cdnbigbuy.com/images/5035048821961_S71015872_P20.jpg,https://cdnbigbuy.com/images/5035048821961_S71015872_P30.jpg,https://cdnbigbuy.com/images/5035048821961_S71015872_P40.jpg,160.71,25,NEW,20.0,41.0,20.0,3.16,16400.0,EUR,2,8,3
S71019177,0197642126059,de-AT,Gardening & DIY,Schulrucksack Smiley,"Wenn Sie auf der Suche nach trendigen Neuheiten auf dem Markt sind, präsentieren wir Ihnen <b>Schulrucksack Smiley</b>!<br><br><ul><li>Art: Schulrucks","Wenn Sie auf der Suche nach trendigen Neuheiten auf dem Markt sind, präsentieren wir Ihnen <b>Schulrucksack Smiley</b>!<br><br><ul><li>Art: Schulrucksack</li><li>Merkmale: <ul><li>Water resistant</li><li>Griff</li><li>Schultergurt</li></ul></li><li>Material: Nylon</li><li>Verschluss Armband: Reißverschluss</li><li>Geschlecht: Unisex</li><li>Fächer: 1 Fächer</li></ul>",Pop Pulse Emporium,https://cdnbigbuy.com/images/0197642126059_S71019177_P00.jpg,https://cdnbigbuy.com/images/0197642126059_S71019177_P10.jpg,https://cdnbigbuy.com/images/0197642126059_S71019177_P20.jpg,https://cdnbigbuy.com/images/0197642126059_S71019177_P30.jpg,137.3,1,NEW,26.0,28.0,12.0,1.1,8736.0,EUR,2,8,3
S0392022,7613272622349,de-AT,Gardening & DIY,Herrenuhr Tommy Hilfiger 2770191 (Ø 43 mm),"Wenn Sie auf der Suche nach trendigen Neuheiten auf dem Markt sind, präsentieren wir Ihnen <b>Herrenuhr Tommy Hilfiger 2770191 (Ø 43 mm)</b>!<br><br><","Wenn Sie auf der Suche nach trendigen Neuheiten auf dem Markt sind, präsentieren wir Ihnen <b>Herrenuhr Tommy Hilfiger 2770191 (Ø 43 mm)</b>!<br><br><ul><li>Geschlecht: Herren</li><li>Extra Links: Kein</li><li>Typ der Uhr: Armbanduhr</li><li>Material des Armbands: Edelstahl</li><li>Farbe des Bandes: Grau</li><li>Farbe des Uhrengehäuses: Grau</li><li>Farbe der Krone: Schwarz</li><li>Enthalten: Enthält Markenetui oder -hülle</li><li>Kristall: Mineral</li><li>Uhrwerk: Quarz</li><li>Uhrengehäuse-Mat",Pop Pulse Emporium,https://cdnbigbuy.com/images/7613272622349_S0392022_P00.jpg,https://cdnbigbuy.com/images/88383_mandatory-watch0.jpg,,,128.01,10,NEW,32.0,19.0,10.0,0.4,6080.0,EUR,2,8,3
S9122619,4711378423655,de-AT,Gardening & DIY,RAM Speicher Patriot Memory  Viper Venom DDR5 32 GB cl32,"Wenn Sie sich leidenschaftlich mit <b>IT und Elektronik</b> beschäftigen, mit der Technologie auf dem neuesten Stand sein wollen und nicht einmal die ","Wenn Sie sich leidenschaftlich mit <b>IT und Elektronik</b> beschäftigen, mit der Technologie auf dem neuesten Stand sein wollen und nicht einmal die winzigsten Einzelheiten auslassen, kaufen Sie <b>RAM Speicher Patriot Memory  Viper Venom DDR5 32 GB cl32</b>.<br><br><ul><li>Art: Speicher (RAM)</li><li>Kapazität: 32 GB</li><li>Speicher Typ: DDR5</li><li>Format: 2 x 16 GB</li><li>Formfaktor: 288-pin DIMM</li><li>Spannung: 1,45 V</li><li>Ventilator: Kühlkörper</li><li>Geschwindigkeit: 7000 MHz</li",Pop Pulse Emporium,https://cdnbigbuy.com/images/4711378423655_I01.jpg,https://cdnbigbuy.com/images/4711378423655_I41.jpg,https://cdnbigbuy.com/images/4711378423655_I181.jpg,https://cdnbigbuy.com/images/4711378423655_I61.jpg,165.81,1,NEW,2.0,15.8,18.0,0.16,568.8,EUR,2,8,3
S0383551,0716736683379,de-AT,Gardening & DIY,Damensonnenbrille Jimmy Choo MARILIA-G-SK-06J-HA ø 63 mm,"Wenn Sie gern die neusten Produkte aus <b>Fashion & Accessoires</b> tragen möchten, dann sind Accessoires, wie die <b>Damensonnenbrille Jimmy Choo MAR","Wenn Sie gern die neusten Produkte aus <b>Fashion & Accessoires</b> tragen möchten, dann sind Accessoires, wie die <b>Damensonnenbrille Jimmy Choo MARILIA-G-SK-06J-HA ø 63 mm</b> ein Muss, um Ihren Look abzurunden! Vertrauen Sie auf die Marken für <b>Sonnenbrillen</b>.<br><br><ul><li>Material: Metall</li><li>Art: Damensonnenbrille</li><li>Geschlecht: Damen</li><li>Schutz: 100% Schutz vor UV (UV400)</li><li>Farbe: Gold</li><li>Objektiv Typ: Abgewertet</li><li>Farbe der Linsen: Braun</li><li>Entha",Pop Pulse Emporium,https://cdnbigbuy.com/images/0716736683379_S0383551_P10.jpg,https://cdnbigbuy.com/images/0716736683379_S0383551_P00.jpg,,,118.66,25,NEW,10.0,10.0,10.0,0.3,1000.0,EUR,2,8,3
S71014344,3174269071020,de-AT,Gardening & DIY,Grundierung Ripolin Weiß 5 L Mattierend,"Wenn Sie bei der Einrichtung ihres Heims Wert auf Details legen und bei Produkten, die Ihnen das Leben leichter machen, auf dem letzten Stand sein möc","Wenn Sie bei der Einrichtung ihres Heims Wert auf Details legen und bei Produkten, die Ihnen das Leben leichter machen, auf dem letzten Stand sein möchten, dann kaufen Sie <b>Grundierung Ripolin Weiß 5 L Mattierend</b> zum besten Preis.<br><br><ul><li>Farbe: Weiß</li><li>Kapazität: 5 L</li><li>Merkmale: <ul><li>Matter Finish</li><li>Universal</li><li>Schnell trocknend</li><li>Toilette</li><li>Einfach zu bedienen</li><li>Farblos</li><li>Satin</li><li>Geeignet für alle Oberflächen</li><li>Geruchsn",Pop Pulse Emporium,https://cdnbigbuy.com/images/3174269071020_S71014344_P00.jpg,https://cdnbigbuy.com/images/3174269071020_S71014344_P10.jpg,https://cdnbigbuy.com/images/3174269071020_S71014344_P20.jpg,https://cdnbigbuy.com/images/3174269071020_S71014344_P30.jpg,121.69,1,NEW,29.0,32.0,16.0,5.0,14848.0,EUR,2,8,3
S8424999,4009729049266,de-AT,Gardening & DIY,Hefter Novus City Line C1 Schwarz (20 Stück),"Gehen Sie zurück ins Büro, ohne Details zu vergessen: Kaufen Sie <b>Hefter Novus City Line C1 Schwarz (20 Stück)</b> und seien Sie der Neid Ihrer Koll","Gehen Sie zurück ins Büro, ohne Details zu vergessen: Kaufen Sie <b>Hefter Novus City Line C1 Schwarz (20 Stück)</b> und seien Sie der Neid Ihrer Kollegen!<br><br><ul><li>Material: Metall</li><li>Art: Hefter</li><li>Farbe: Schwarz</li><li>Stückzahl: 20 Stück</li><li>Heftklammern: 24/6 - 26/6</li></ul>",Pop Pulse Emporium,https://cdnbigbuy.com/images/4009729049266_S8424999_P0_icon2.jpg,https://cdnbigbuy.com/images/4009729049266_S8424999_P02.jpg,,,118.4,2,NEW,12.25,3.25,19.0,0.19,756.44,EUR,2,8,3
S37115939,5998167709346,de-AT,Gardening & DIY,Armlehne Armster CITROEN C3 2017 Polyskin,Statten Sie Ihr Fahrzeug mit den neuesten Produkten aus - kaufen Sie <b>Armlehne Armster CITROEN C3 2017 Polyskin</b> und verpassen Sie kein Detail!<b,"Statten Sie Ihr Fahrzeug mit den neuesten Produkten aus - kaufen Sie <b>Armlehne Armster CITROEN C3 2017 Polyskin</b> und verpassen Sie kein Detail!<br><br><p>Der <b>Armlehne</b> <b>C3 2017</b> der Marke Rati bietet eine praktische und funktionale Lösung, die speziell für den <b>CITROEN C3 2017</b> entwickelt wurde und eine perfekte, fahrzeugspezifische Montage garantiert. Hergestellt in <b>China</b>, verfügt sie über eine <b>schwarze Oberfläche</b>, die sich harmonisch in das originale Fahrzeug",Pop Pulse Emporium,https://cdnbigbuy.com/images/5998167709346_S37115939_P00.jpg,https://cdnbigbuy.com/images/5998167709346_S37115939_P10.jpg,https://cdnbigbuy.com/images/5998167709346_S37115939_P20.jpg,https://cdnbigbuy.com/images/5998167709346_S37115939_P30.jpg,142.39,1,NEW,35.0,25.0,25.0,8.0,21875.0,EUR,2,8,3
S5626520,6971693273719,de-AT,Gardening & DIY,Router Ruijie Networks RG-EG105GW-X,"Wenn Sie sich leidenschaftlich mit <b>IT und Elektronik</b> beschäftigen, mit der Technologie auf dem neuesten Stand sein wollen und nicht einmal die ","Wenn Sie sich leidenschaftlich mit <b>IT und Elektronik</b> beschäftigen, mit der Technologie auf dem neuesten Stand sein wollen und nicht einmal die winzigsten Einzelheiten auslassen, kaufen Sie <b>Router Ruijie Networks RG-EG105GW-X</b>.<br><br><ul><li>Steckbares Produkt: Ja</li><li>Steckertyp: EU-Stecker</li><li>Merkmale: <ul><li>USB-Verbindung</li><li>Plug and play</li></ul></li><li>Anschlüsse: <ul><li>RJ45</li><li>Ethernet LAN</li><li>USB</li></ul></li><li>Konnektivität: Wi-Fi</li><li>Gesch",Pop Pulse Emporium,https://cdnbigbuy.com/images/S5626520_P00.jpg,,,,198.18,10,NEW,42.0,7.0,32.0,1.7,9408.0,EUR,2,8,3
S37117516,8033280497941,de-AT,Gardening & DIY,Rennstiefel Sparco Blau 46,"Wenn Sie auf der Suche nach trendigen Neuheiten auf dem Markt sind, präsentieren wir Ihnen <b>Rennstiefel Sparco Blau 46</b>!<br><br><ul><li>Farbe: Bl","Wenn Sie auf der Suche nach trendigen Neuheiten auf dem Markt sind, präsentieren wir Ihnen <b>Rennstiefel Sparco Blau 46</b>!<br><br><ul><li>Farbe: Blau</li><li>Größe: 46</li><li>Geschlecht: Unisex</li></ul>",Pop Pulse Emporium,https://cdnbigbuy.com/images/8033280497941_S37117516_P00.jpg,https://cdnbigbuy.com/images/8033280497941_R20.jpg,https://cdnbigbuy.com/images/8033280497941_R30.jpg,https://cdnbigbuy.com/images/8033280497941_S37117516_P10.jpg,116.98,1,NEW,30.0,40.0,20.0,1.08,24000.0,EUR,2,8,3
M0804403,6941812778463,de-AT,Gardening & DIY,"Smartphone Xiaomi Redmi A3X 6,71"" 3 GB RAM 64 GB","Wenn Sie sich leidenschaftlich mit <b>IT und Elektronik</b> beschäftigen, mit der Technologie auf dem neuesten Stand sein wollen und nicht einmal die ","Wenn Sie sich leidenschaftlich mit <b>IT und Elektronik</b> beschäftigen, mit der Technologie auf dem neuesten Stand sein wollen und nicht einmal die winzigsten Einzelheiten auslassen, kaufen Sie <b>Smartphone Xiaomi Redmi A3X 6,71"" 3 GB RAM 64 GB</b>.<br><br><ul><li>Steckbares Produkt: Ja</li><li>Art: Smartphone</li><li>Interner Speicher: 64 GB</li><li>RAM Speicher: 3 GB RAM</li><li>Anschlüsse: <ul><li>USB-C</li><li>Dual SIM</li></ul></li><li>Konnektivität: <ul><li>Bluetooth</li><li>Wi-Fi</li><",Pop Pulse Emporium,https://cdnbigbuy.com/images/6941812778463_M0804403_P00.jpg,https://cdnbigbuy.com/images/6941812778463_M0804403_P10.jpg,https://cdnbigbuy.com/images/6941812778463_M0804403_P20.jpg,,110.8,20,NEW,11.42,12.68,12.52,0.5,1812.97,EUR,2,8,3
S3625619,4899888635161,de-AT,Gardening & DIY,Untersetzer natürlich Weiß 30 x 1 x 30 cm (48 Stück),"Wenn Sie bei der Einrichtung ihres Heims Wert auf Details legen und bei Produkten, die Ihnen das Leben leichter machen, auf dem letzten Stand sein möc","Wenn Sie bei der Einrichtung ihres Heims Wert auf Details legen und bei Produkten, die Ihnen das Leben leichter machen, auf dem letzten Stand sein möchten, dann kaufen Sie <b>Untersetzer natürlich Weiß 30 x 1 x 30 cm (48 Stück)</b> zum besten Preis.<br><br><ul><li>Art: <ul><li>Haushalt</li><li>Untersetzer</li></ul></li><li>Farbe: <ul><li>natürlich</li><li>Weiß</li></ul></li><li>Material: Naturfaser</li><li>Stückzahl: 48 Stück</li><li>Maße ca.: 30 x 1 x 30 cm</li></ul>",Pop Pulse Emporium,https://cdnbigbuy.com/images/S3625619_P0_WBG_icon1.jpg,https://cdnbigbuy.com/images/S3625619_P1_WBG1.jpg,https://cdnbigbuy.com/images/S3625619_P0_WBG1.jpg,,113.24,50,NEW,31.0,31.0,38.0,7.4,36518.0,EUR,2,8,3
S7295518,8055385054195,de-AT,Gardening & DIY,Smartwatch LIU JO SWLJ131,"Wenn Sie mit den neuesten Mode und Accessoire-Trends schritthalten wollen, kaufen Sie <b>Smartwatch LIU JO SWLJ131</b> zum besten Preis.<br><br><ul><l","Wenn Sie mit den neuesten Mode und Accessoire-Trends schritthalten wollen, kaufen Sie <b>Smartwatch LIU JO SWLJ131</b> zum besten Preis.<br><br><ul><li>Geschlecht: Damen</li><li>Art: Smartwatch</li><li>Typ der Uhr: Smartwatch</li><li>Steckbares Produkt: Ja</li><li>Steckertyp: EU-Stecker</li></ul>",Pop Pulse Emporium,https://cdnbigbuy.com/images/8055385054195_S7295518_P00.jpg,,,,124.85,2,NEW,11.49,10.93,10.1,0.19,1268.42,EUR,2,8,3
S37115951,5998167751260,de-AT,Gardening & DIY,Armlehne Armster FIAT PUNTO 2015-2018 Polyskin,Statten Sie Ihr Fahrzeug mit den neuesten Produkten aus - kaufen Sie <b>Armlehne Armster FIAT PUNTO 2015-2018 Polyskin</b> und verpassen Sie kein Deta,"Statten Sie Ihr Fahrzeug mit den neuesten Produkten aus - kaufen Sie <b>Armlehne Armster FIAT PUNTO 2015-2018 Polyskin</b> und verpassen Sie kein Detail!<br><br><p>Der <b>Armster Armlehne für FIAT Punto 2015-2018</b> ist ein hochwertiges Zubehör, das speziell entwickelt wurde, um Ergonomie und Komfort beim Fahren zu verbessern. Dank eines exklusiven Adapters für dieses Modell passt sie perfekt auf die Mittelkonsole des Fahrzeugs. Diese zentrale Armlehne verfügt über eine <b>stufenlose Höhenverst",Pop Pulse Emporium,https://cdnbigbuy.com/images/5998167751260_S37115951_P00.jpg,https://cdnbigbuy.com/images/5998167751260_S37115951_P60.jpg,https://cdnbigbuy.com/images/5998167751260_S37115951_P10.jpg,https://cdnbigbuy.com/images/5998167751260_S37115951_P20.jpg,127.29,1,NEW,35.0,25.0,25.0,8.0,21875.0,EUR,2,8,3
S91123586,6970526500480,de-AT,Gardening & DIY,Taschenlampe Acebeam L19 2.0 OSRAM WHITE,"Wenn Sie auf der Suche nach trendigen Neuheiten auf dem Markt sind, präsentieren wir Ihnen <b>Taschenlampe Acebeam L19 2.0 OSRAM WHITE</b>!<br><br><ul","Wenn Sie auf der Suche nach trendigen Neuheiten auf dem Markt sind, präsentieren wir Ihnen <b>Taschenlampe Acebeam L19 2.0 OSRAM WHITE</b>!<br><br><ul><li>Farbe: Schwarz</li><li>Merkmale: LED</li><li>IP-Klassifizierung: IP68</li><li>Funktionen: Licht</li><li>Stromquelle: Batterie</li></ul>",Pop Pulse Emporium,https://cdnbigbuy.com/images/6970526500480_R00.jpg,https://cdnbigbuy.com/images/6970526500480_R10.jpg,https://cdnbigbuy.com/images/6970526500480_R20.jpg,,126.75,4,NEW,20.6,9.0,9.6,0.55,1779.84,EUR,2,8,3
S0392130,0197853116238,de-AT,Gardening & DIY,Handtasche Michael Kors Colby,"Wenn Sie auf der Suche nach trendigen Neuheiten auf dem Markt sind, präsentieren wir Ihnen <b>Handtasche Michael Kors Colby</b>!<br><br><ul><li>Farbe:","Wenn Sie auf der Suche nach trendigen Neuheiten auf dem Markt sind, präsentieren wir Ihnen <b>Handtasche Michael Kors Colby</b>!<br><br><ul><li>Farbe: Beige</li><li>Material: Canvas-Stoff</li><li>Verschluss Armband: Plattenspeicher</li><li>Enthalten: Enthält Markenetui oder -hülle</li><li>Maße ca.: 18 x 10 x 6 cm</li></ul>",Pop Pulse Emporium,https://cdnbigbuy.com/images/0197853116238_S0392130_P00.jpg,https://cdnbigbuy.com/images/0197853116238_S0392130_P10.jpg,https://cdnbigbuy.com/images/0197853116238_S0392130_P20.jpg,,141.12,10,NEW,10.0,10.0,10.0,0.3,1000.0,EUR,2,8,3
S37115132,8027280003974,de-AT,Gardening & DIY,Feuerlöscher OMP OMPCB0-0319-A01-071,Statten Sie Ihr Fahrzeug mit den neuesten Produkten aus - kaufen Sie <b>Feuerlöscher OMP OMPCB0-0319-A01-071</b> und verpassen Sie kein Detail!<br><br,Statten Sie Ihr Fahrzeug mit den neuesten Produkten aus - kaufen Sie <b>Feuerlöscher OMP OMPCB0-0319-A01-071</b> und verpassen Sie kein Detail!<br><br><ul><li>Art: <ul><li>Hand</li><li>Feuerlöscher</li></ul></li></ul>,Pop Pulse Emporium,https://cdnbigbuy.com/images/8027280003974_S37115132_P00.jpg,,,,161.04,2,NEW,20.0,20.0,40.0,10.0,16000.0,EUR,2,8,3
S71002646,3454980333929,de-AT,Gardening & DIY,Kinderbett-Matratze P'TIT LIT Bamboo,"Für unsere Kinder möchten wir Ihnen <b>Kinderbett-Matratze P'TIT LIT Bamboo</b> vorstellen, perfekt für alle, die qualitativ hochwertige Produkte für ","Für unsere Kinder möchten wir Ihnen <b>Kinderbett-Matratze P'TIT LIT Bamboo</b> vorstellen, perfekt für alle, die qualitativ hochwertige Produkte für die Kleinsten suchen. Kaufen Sie <b>P'TIT LIT</b> und weitere Marken und Lizenzen zu den besten Preisen!<br><br><p>Die <b>Bambus-Kinderwagenmatratze Bamboo</b> der Marke P'TIT LIT ist speziell entwickelt, um dem Baby einen gesunden und erholsamen Schlaf zu bieten. Mit <b>ungefähren Maßen von 70 x 140 x 10 cm</b> passt sie in die meisten Standard-Ki",Pop Pulse Emporium,https://cdnbigbuy.com/images/3454980333929_S71002646_P00.jpg,https://cdnbigbuy.com/images/3454980333929_S71002646_P10.jpg,https://cdnbigbuy.com/images/3454980333929_S71002646_P20.jpg,https://cdnbigbuy.com/images/3454980333929_S71002646_P30.jpg,112.53,10,NEW,78.0,27.5,27.5,3.7,58987.5,EUR,2,8,3
S7265503,0762753348951,de-AT,Gardening & DIY,Damensonnenbrille Hugo Boss ORANGE 0060_S,"Wenn Sie gern die neusten Produkte aus <b>Fashion & Accessoires</b> tragen möchten, dann sind Accessoires, wie die <b>Damensonnenbrille Hugo Boss ORAN","Wenn Sie gern die neusten Produkte aus <b>Fashion & Accessoires</b> tragen möchten, dann sind Accessoires, wie die <b>Damensonnenbrille Hugo Boss ORANGE 0060_S</b> ein Muss, um Ihren Look abzurunden! Vertrauen Sie auf die Marken für <b>Sonnenbrillen</b>.<br><br><ul><li>Art: Damensonnenbrille</li><li>Geschlecht: Damen</li><li>Schutz: 100% Schutz vor UV (UV400)</li><li>Land/Region der Herstellung: China</li></ul>",Pop Pulse Emporium,https://cdnbigbuy.com/images/0762753348951_S7265503_P01.jpg,,,,150.28,5,NEW,10.08,9.98,9.92,0.3,997.94,EUR,2,8,3
S71012199,5702017815695,de-AT,Gardening & DIY,Konstruktionsspiel Lego,"Wenn Sie auf der Suche nach trendigen Neuheiten auf dem Markt sind, präsentieren wir Ihnen <b>Konstruktionsspiel Lego</b>!","Wenn Sie auf der Suche nach trendigen Neuheiten auf dem Markt sind, präsentieren wir Ihnen <b>Konstruktionsspiel Lego</b>!",Pop Pulse Emporium,https://cdnbigbuy.com/images/5702017815695_S71012199_P00.jpg,https://cdnbigbuy.com/images/5702017815695_S71012199_P10.jpg,https://cdnbigbuy.com/images/5702017815695_S71012199_P20.jpg,https://cdnbigbuy.com/images/5702017815695_S71012199_P30.jpg,122.88,10,NEW,35.4,37.8,9.4,1.46,12578.33,EUR,2,8,3
S3790872,8033280194949,de-AT,Gardening & DIY,"Ersatzteile Sparco S051STB386 4x114,3 66,0 M12 x 1,25 20 mm M2B","Statten Sie Ihr Fahrzeug mit den neuesten Produkten aus - kaufen Sie <b>Ersatzteile Sparco S051STB386 4x114,3 66,0 M12 x 1,25 20 mm M2B</b> und verpas","Statten Sie Ihr Fahrzeug mit den neuesten Produkten aus - kaufen Sie <b>Ersatzteile Sparco S051STB386 4x114,3 66,0 M12 x 1,25 20 mm M2B</b> und verpassen Sie kein Detail!<br><br><ul><li>Dicke: 20 mm</li><li>Art: M2B</li><li>Schraube: M12 x 1,25</li><li>Buchsengröße (CB): 66,0</li><li>Verankerung für Felge (PCD): PCD 4X114,3</li><li>Ungefähres Gewicht: 5 kg</li></ul>",Pop Pulse Emporium,https://cdnbigbuy.com/images/8033280194949_S3790872_P02.jpg,,,,112.2,1,NEW,7.0,18.0,24.0,3.0,3024.0,EUR,2,8,3
S0463827,3045380028333,de-AT,Gardening & DIY,Sandwichmaker Moulinex GI5108 2000 W,"Wenn Sie auf der Suche nach trendigen Neuheiten auf dem Markt sind, präsentieren wir Ihnen <b>Sandwichmaker Moulinex GI5108 2000 W</b>!<br><br><ul><li","Wenn Sie auf der Suche nach trendigen Neuheiten auf dem Markt sind, präsentieren wir Ihnen <b>Sandwichmaker Moulinex GI5108 2000 W</b>!<br><br><ul><li>Steckbares Produkt: Ja</li><li>Steckertyp: EU-Stecker</li><li>Maße ca.: 30 x 20 cm</li><li>Merkmale: <ul><li>Grill</li><li>180-Grad-Öffnung</li><li>3 in 1</li></ul></li><li>Leistung: 2000 W</li><li>Funktionen: Grill</li></ul>",Pop Pulse Emporium,https://cdnbigbuy.com/images/3045380028333_S0463827_P00.jpg,,,,118.25,10,NEW,25.0,20.59,21.89,1.97,11267.88,EUR,2,8,3
S72122700,5700303185842,de-AT,Gardening & DIY,Damenanhänger Pandora 393762C01-50 Silberfarben,"Wir präsentieren <b>Damenanhänger Pandora 393762C01-50 Silberfarben</b> und ein umfangreiches Sortiment von Ringen, Halsbändern, Armbändern, Ohrringen","Wir präsentieren <b>Damenanhänger Pandora 393762C01-50 Silberfarben</b> und ein umfangreiches Sortiment von Ringen, Halsbändern, Armbändern, Ohrringen, usw. zu einem großartigen Preis. Erfahren Sie mehr über unsere exklusiven und eleganten Schmuck und Modeschmuck für jeden Geschmack und Stil.<br><br><ul><li>Geschlecht: Damen</li><li>Art: Damenanhänger</li><li>Farbe: Silberfarben</li></ul>",Pop Pulse Emporium,https://cdnbigbuy.com/images/5700303185842_S72122700_P00.jpg,,,,111.21,4,NEW,10.0,10.0,9.99,0.3,999.0,EUR,2,8,3
S0585607,8411061026250,de-AT,Gardening & DIY,Damenparfüm Good Girl Carolina Herrera GOO2 EDP EDP 50 ml,<p>Lassen Sie&nbsp;<strong>100 % Original-Damenparfüm Good Girl Carolina Herrera GOO2 EDP EDP 50 ml</strong> Sie &uuml;berraschen und feieren Ihre Wei,"<p>Lassen Sie&nbsp;<strong>100 % Original-Damenparfüm Good Girl Carolina Herrera GOO2 EDP EDP 50 ml</strong> Sie &uuml;berraschen und feieren Ihre Weiblichkeit mit dem exklusiven <strong>Frauenparfum </strong>mit einzigartigem, pers&ouml;nlichen Duft. Entdecken Sie die <strong>100 % Original-Produkte von Carolina Herrera</strong>!</p><br><br><ul><li>Art: EDP (Eau de Parfum)</li><li>Name des Parfüms: Good Girl</li><li>Geschlecht: Damen</li><li>Art des Duftes: EDP</li><li>Inhaltsstoffe: <ul><li>Wa",Pop Pulse Emporium,https://cdnbigbuy.com/images/8411061026250_R02.jpg,https://cdnbigbuy.com/images/8411061026250_R12.jpg,,,100.23,5,NEW,5.0,9.5,17.0,0.26,807.5,EUR,2,8,3
S72114247,0889214471505,de-AT,Gardening & DIY,Brillenfassung Max Mara MM5124-D 48032,"Wenn Sie auf der Suche nach trendigen Neuheiten auf dem Markt sind, präsentieren wir Ihnen <b>Brillenfassung Max Mara MM5124-D 48032</b>!<br><br><ul><","Wenn Sie auf der Suche nach trendigen Neuheiten auf dem Markt sind, präsentieren wir Ihnen <b>Brillenfassung Max Mara MM5124-D 48032</b>!<br><br><ul><li>Merkmale: Gläser ohne Sehstärke</li><li>Art: Brillenfassung</li><li>Geschlecht: Damen</li></ul>",Pop Pulse Emporium,https://cdnbigbuy.com/images/0889214471505_S72114247_P00.jpg,https://cdnbigbuy.com/images/0889214471505_S72114247_P30.jpg,https://cdnbigbuy.com/images/0889214471505_S72114247_P40.jpg,https://cdnbigbuy.com/images/0889214471505_S72114247_P10.jpg,108.55,10,NEW,8.25,9.94,12.12,0.24,993.9,EUR,2,8,3
S9106612,5903018665917,de-AT,Gardening & DIY,Flüssigkühlungs-Kit Endorfy Navis F240 ARGB,"Wenn Sie sich leidenschaftlich mit <b>IT und Elektronik</b> beschäftigen, mit der Technologie auf dem neuesten Stand sein wollen und nicht einmal die ","Wenn Sie sich leidenschaftlich mit <b>IT und Elektronik</b> beschäftigen, mit der Technologie auf dem neuesten Stand sein wollen und nicht einmal die winzigsten Einzelheiten auslassen, kaufen Sie <b>Flüssigkühlungs-Kit Endorfy Navis F240 ARGB</b>.<br><br><ul><li>Art: Flüssigkühlungs-Kit</li><li>Farbe: <ul><li>Schwarz</li><li>Bunt</li></ul></li><li>Geschwindigkeit: <ul><li>2600 rpm</li><li>1600 rpm</li></ul></li><li>Anzahl der Stücke: 1 Stücke</li><li>Durchmesser: Ø 24 cm</li><li>Ventilator: <ul>",Pop Pulse Emporium,https://cdnbigbuy.com/images/5903018665917_I01.jpg,https://cdnbigbuy.com/images/5903018665917_I201.jpg,https://cdnbigbuy.com/images/5903018665917_I91.jpg,https://cdnbigbuy.com/images/5903018665917_I61.jpg,107.31,10,NEW,16.8,14.8,40.8,1.7,10144.51,EUR,2,8,3
S0387924,0840190029326,de-AT,Gardening & DIY,Damenuhr Adidas AOFH23010 (Ø 39 mm),"Wenn Sie auf der Suche nach trendigen Neuheiten auf dem Markt sind, präsentieren wir Ihnen <b>Damenuhr Adidas AOFH23010 (Ø 39 mm)</b>!<br><br><ul><li>","Wenn Sie auf der Suche nach trendigen Neuheiten auf dem Markt sind, präsentieren wir Ihnen <b>Damenuhr Adidas AOFH23010 (Ø 39 mm)</b>!<br><br><ul><li>Geschlecht: Damen</li><li>Extra Links: Kein</li><li>Typ der Uhr: Armbanduhr</li><li>Material des Armbands: Edelstahl</li><li>Farbe des Bandes: Grau</li><li>Farbe des Uhrengehäuses: Grau</li><li>Farbe der Krone: Schwarz</li><li>Enthalten: Enthält Markenetui oder -hülle</li><li>Wasserdicht: 5 atm</li><li>Uhrwerk: Quarz</li><li>Uhrengehäuse-Material: ",Pop Pulse Emporium,https://cdnbigbuy.com/images/0840190029326_S0387924_P00.jpg,https://cdnbigbuy.com/images/0840190029326_S0387924_P10.jpg,https://cdnbigbuy.com/images/0840190029326_S0387924_P20.jpg,https://cdnbigbuy.com/images/84283_mandatory-watch0.jpg,103.69,9,NEW,32.0,19.0,10.0,0.4,6080.0,EUR,2,8,3
S72100688,0716736996868,de-AT,Gardening & DIY,Unisex-Sonnenbrille Hugo Boss HG 1297_S,"Wenn Sie gern die neusten Produkte aus <b>Fashion & Accessoires</b> tragen möchten, dann sind Accessoires, wie die <b>Unisex-Sonnenbrille Hugo Boss HG","Wenn Sie gern die neusten Produkte aus <b>Fashion & Accessoires</b> tragen möchten, dann sind Accessoires, wie die <b>Unisex-Sonnenbrille Hugo Boss HG 1297_S</b> ein Muss, um Ihren Look abzurunden! Vertrauen Sie auf die Marken für <b>Sonnenbrillen</b>.<br><br><ul><li>Art: Unisex-Sonnenbrille</li><li>Schutz: 100% Schutz vor UV (UV400)</li><li>Geschlecht: Unisex</li></ul>",Pop Pulse Emporium,https://cdnbigbuy.com/images/0716736996868_S72100688_P00.jpg,https://cdnbigbuy.com/images/0716736996868_R10.jpg,https://cdnbigbuy.com/images/0716736996868_R00.jpg,,190.75,2,NEW,10.0,9.54,10.2,0.23,973.08,EUR,2,8,3
S71014334,3174269062011,de-AT,Gardening & DIY,Grundierung Ripolin Weiß Satin 12 L,"Wenn Sie bei der Einrichtung ihres Heims Wert auf Details legen und bei Produkten, die Ihnen das Leben leichter machen, auf dem letzten Stand sein möc","Wenn Sie bei der Einrichtung ihres Heims Wert auf Details legen und bei Produkten, die Ihnen das Leben leichter machen, auf dem letzten Stand sein möchten, dann kaufen Sie <b>Grundierung Ripolin Weiß Satin 12 L</b> zum besten Preis.<br><br><ul><li>Farbe: Weiß</li><li>Finish: Satin</li><li>Kapazität: 12 L</li><li>Merkmale: <ul><li>Einfach zu bedienen</li><li>Satin</li></ul></li><li>Empfohlene verwendung: Innen</li></ul>",Pop Pulse Emporium,https://cdnbigbuy.com/images/3174269062011_S71014334_P00.jpg,https://cdnbigbuy.com/images/3174269062011_S71014334_P10.jpg,https://cdnbigbuy.com/images/3174269062011_S71014334_P20.jpg,https://cdnbigbuy.com/images/3174269062011_S71014334_P30.jpg,133.76,22,NEW,29.0,32.0,16.0,5.0,14848.0,EUR,2,8,3
S0389477,0725125164917,de-AT,Gardening & DIY,Damensonnenbrille Michael Kors MK1072-110814 ø 57 mm,"Wenn Sie auf der Suche nach trendigen Neuheiten auf dem Markt sind, präsentieren wir Ihnen <b>Damensonnenbrille Michael Kors MK1072-110814 ø 57 mm</b>","Wenn Sie auf der Suche nach trendigen Neuheiten auf dem Markt sind, präsentieren wir Ihnen <b>Damensonnenbrille Michael Kors MK1072-110814 ø 57 mm</b>!<br><br><ul><li>Art: Damensonnenbrille</li><li>Geschlecht: Damen</li><li>Schutz: 100% Schutz vor UV (UV400)</li><li>Material der Linsen: Polycarbonat</li><li>Farbe: Rosa</li><li>Material: Metall</li><li>Enthalten: Enthält Markenetui oder -hülle</li><li>Brücke: 20 mm</li><li>Bügel: 145 mm</li><li>Sonnenschutz: Kategorie 3</li><li>Linsen: ø 57 mm</l",Pop Pulse Emporium,https://cdnbigbuy.com/images/0725125164917_S0389477_P00.jpg,,,,113.04,8,NEW,10.0,10.0,10.0,0.3,1000.0,EUR,2,8,3
S0388885,0196237635624,de-AT,Gardening & DIY,Umhängetasche Michael Kors Leida Schwarz 33 X 30 X 12 CM,"Wenn Sie auf der Suche nach trendigen Neuheiten auf dem Markt sind, präsentieren wir Ihnen <b>Umhängetasche Michael Kors Leida Schwarz 33 X 30 X 12 CM","Wenn Sie auf der Suche nach trendigen Neuheiten auf dem Markt sind, präsentieren wir Ihnen <b>Umhängetasche Michael Kors Leida Schwarz 33 X 30 X 12 CM</b>!<br><br><ul><li>Art: Handtasche</li><li>Geschlecht: Damen</li><li>Farbe: Schwarz</li><li>Material: Canvas-Stoff</li><li>Verschluss Armband: Reißverschluss</li><li>Enthalten: Enthält Markenetui oder -hülle</li><li>Maße ca.: 33 X 30 X 12 CM</li></ul>",Pop Pulse Emporium,https://cdnbigbuy.com/images/0196237635624_S0388885_P00.jpg,https://cdnbigbuy.com/images/0196237635624_S0388885_P10.jpg,https://cdnbigbuy.com/images/0196237635624_S0388885_P20.jpg,,174.71,10,NEW,12.0,33.0,22.0,0.4,8712.0,EUR,2,8,3
S55077108,0190017019536,de-AT,Gardening & DIY,Wifi Antenne HPE JW053A,"Wenn Sie sich leidenschaftlich mit <b>IT und Elektronik</b> beschäftigen, mit der Technologie auf dem neuesten Stand sein wollen und nicht einmal die ","Wenn Sie sich leidenschaftlich mit <b>IT und Elektronik</b> beschäftigen, mit der Technologie auf dem neuesten Stand sein wollen und nicht einmal die winzigsten Einzelheiten auslassen, kaufen Sie <b>Wifi Antenne HPE JW053A</b>.<br><br><ul><li>Farbe: Weiß</li><li>Anschlüsse: SATA</li><li>Stromquelle: AC</li></ul>",Pop Pulse Emporium,https://cdnbigbuy.com/images/0190017019536_R02.jpg,,,,104.99,9,NEW,29.0,22.0,20.0,0.92,12760.0,EUR,2,8,3
S7203159,8033288780113,de-AT,Gardening & DIY,Unisex-Uhr Sector SECTOR FIT Schwarz (Ø 36 mm) (Ø 31 mm) (Ø 45 mm),"Wenn Sie sich leidenschaftlich mit <b>IT und Elektronik</b> beschäftigen, mit der Technologie auf dem neuesten Stand sein wollen und nicht einmal die ","Wenn Sie sich leidenschaftlich mit <b>IT und Elektronik</b> beschäftigen, mit der Technologie auf dem neuesten Stand sein wollen und nicht einmal die winzigsten Einzelheiten auslassen, kaufen Sie <b>Unisex-Uhr Sector SECTOR FIT Schwarz (Ø 36 mm) (Ø 31 mm) (Ø 45 mm)</b>.<br><br><ul><li>Extra Links: Kein</li><li>Geschlecht: <ul><li>Unisex</li><li>Herren</li></ul></li><li>Typ der Uhr: Armbanduhr</li><li>Material: Azetat</li><li>Funktionen: Multifunktion</li><li>Enthalten: Enthält Markenetui oder -h",Pop Pulse Emporium,https://cdnbigbuy.com/images/8033288780113_S7203159_P02.jpg,https://cdnbigbuy.com/images/8033288780113_S7203159_P22.jpg,,,117.0,1,NEW,3.71,6.86,6.88,0.3,175.1,EUR,2,8,3
S7117963,3513764330957,de-AT,Gardening & DIY,Stromkonverter HTC EQUIPEMENT 24 v - 220 v 240 V 12 V,Statten Sie Ihr Fahrzeug mit den neuesten Produkten aus - kaufen Sie <b>Stromkonverter HTC EQUIPEMENT 24 v - 220 v 240 V 12 V</b> und verpassen Sie ke,Statten Sie Ihr Fahrzeug mit den neuesten Produkten aus - kaufen Sie <b>Stromkonverter HTC EQUIPEMENT 24 v - 220 v 240 V 12 V</b> und verpassen Sie kein Detail!<br><br><ul><li>Merkmale: Automatische Ausschaltung</li><li>Spannung: <ul><li>12 V</li><li>240 V</li><li>24 v - 220 v</li></ul></li><li>Schutz: Umgekehrte Polarität</li></ul>,Pop Pulse Emporium,https://cdnbigbuy.com/images/3513764330957_S7117963_P02.jpg,https://cdnbigbuy.com/images/3513764330957_S7117963_P12.jpg,,,109.27,10,NEW,21.84,8.89,13.72,1.02,2663.84,EUR,2,8,3
S7923259,8414685200945,de-AT,Gardening & DIY,Sprüh-Rucksack Matabi Evolution 84941 16 L,"Wenn Sie bei der Einrichtung ihres Heims Wert auf Details legen und bei Produkten, die Ihnen das Leben leichter machen, auf dem letzten Stand sein möc","Wenn Sie bei der Einrichtung ihres Heims Wert auf Details legen und bei Produkten, die Ihnen das Leben leichter machen, auf dem letzten Stand sein möchten, dann kaufen Sie <b>Sprüh-Rucksack Matabi Evolution 84941 Edelstahl Polypropylen Fiberglas 16 L</b> zum besten Preis.<br><br><ul><li>Empfohlene verwendung: Garten</li><li>Art: Druckzerstäuber für den Garten</li><li>Farbe: Blau</li><li>Material: <ul><li>Edelstahl</li><li>Polypropylen</li><li>Fiberglas</li></ul></li><li>Merkmale: <ul><li>Tragegr",Pop Pulse Emporium,https://cdnbigbuy.com/images/8414685200945_S7923259_P00.jpg,https://cdnbigbuy.com/images/8414685200945_R00.jpg,,,103.28,17,NEW,18.5,60.5,43.5,4.11,48687.38,EUR,2,8,3
S72112206,8050506114857,de-AT,Gardening & DIY,Herrenarmreif Talent Jewels TJA-3-11-01-1-215 Silberfarben,"Wir präsentieren <b>Herrenarmreif Talent Jewels TJA-3-11-01-1-215 Silberfarben</b> und ein umfangreiches Sortiment von Ringen, Halsbändern, Armbändern","Wir präsentieren <b>Herrenarmreif Talent Jewels TJA-3-11-01-1-215 Silberfarben</b> und ein umfangreiches Sortiment von Ringen, Halsbändern, Armbändern, Ohrringen, usw. zu einem großartigen Preis. Erfahren Sie mehr über unsere exklusiven und eleganten Schmuck und Modeschmuck für jeden Geschmack und Stil.<br><br><ul><li>Art: Armreif</li><li>Geschlecht: Herren</li><li>Farbe: Silberfarben</li></ul>",Pop Pulse Emporium,https://cdnbigbuy.com/images/8050506114857_S72112206_P00.jpg,,,,114.06,25,NEW,10.0,10.0,10.0,0.3,1000.0,EUR,2,8,3
S71002978,5400653009675,de-AT,Gardening & DIY,Kissen zum Stillen Babymoov Beige,"Für unsere Kinder möchten wir Ihnen <b>Kissen zum Stillen Babymoov Beige</b> vorstellen, perfekt für alle, die qualitativ hochwertige Produkte für die","Für unsere Kinder möchten wir Ihnen <b>Kissen zum Stillen Babymoov Beige</b> vorstellen, perfekt für alle, die qualitativ hochwertige Produkte für die Kleinsten suchen. Kaufen Sie <b>Babymoov</b> und weitere Marken und Lizenzen zu den besten Preisen!<br><br><ul><li>Farbe: Beige</li></ul>",Pop Pulse Emporium,https://cdnbigbuy.com/images/5400653009675_S71002978_P00.jpg,https://cdnbigbuy.com/images/5400653009675_S71002978_P40.jpg,https://cdnbigbuy.com/images/5400653009675_S71002978_P10.jpg,https://cdnbigbuy.com/images/5400653009675_S71002978_P20.jpg,107.41,5,NEW,67.0,45.0,20.0,1.36,60300.0,EUR,2,8,3
S0460570,8435430625837,de-AT,Gardening & DIY,Lautsprecher NGS WILDTEMPER Schwarz 200 W,"Wenn Sie sich leidenschaftlich mit <b>IT und Elektronik</b> beschäftigen, mit der Technologie auf dem neuesten Stand sein wollen und nicht einmal die ","Wenn Sie sich leidenschaftlich mit <b>IT und Elektronik</b> beschäftigen, mit der Technologie auf dem neuesten Stand sein wollen und nicht einmal die winzigsten Einzelheiten auslassen, kaufen Sie <b>Lautsprecher NGS WILDTEMPER Schwarz 200 W</b>.<br><br><ul><li>Farbe: Schwarz</li><li>Merkmale: <ul><li>Wireless</li><li>2 Lautsprecher</li></ul></li><li>Anschlüsse: Aux-in</li><li>Konnektivität: Bluetooth</li><li>Leistung: 200 W</li><li>Empfohlene verwendung: Universal</li><li>Land/Region der Herstel",Pop Pulse Emporium,https://cdnbigbuy.com/images/8435430625837_S0460570_P00.jpg,,,,121.99,10,NEW,26.79,22.33,25.25,2.71,15105.07,EUR,2,8,3
S71018770,8437027499081,de-AT,Gardening & DIY,Autositz BBGO ECE R129/04,"Wenn Sie auf der Suche nach trendigen Neuheiten auf dem Markt sind, präsentieren wir Ihnen <b>Autositz BBGO ECE R129/04</b>!<br><br><p>Der <b>BBGO Joy","Wenn Sie auf der Suche nach trendigen Neuheiten auf dem Markt sind, präsentieren wir Ihnen <b>Autositz BBGO ECE R129/04</b>!<br><br><p>Der <b>BBGO Joy Rider Kindersitz</b> wurde entwickelt, um Kindern im Alter von <b>3 bis 12 Jahren</b> Sicherheit und Komfort zu bieten und sich ihrem Wachstum mit einer Körpergröße von <b>100 bis 150 cm</b> gemäß der <b>I-SIZE</b>-Norm anzupassen. Diese europäische Empfehlung gewährleistet optimalen Schutz bei Seitenaufprällen. Die Installation erfolgt einfach un",Pop Pulse Emporium,https://cdnbigbuy.com/images/8437027499081_S71018770_P00.jpg,,,,134.96,10,NEW,64.0,47.0,30.0,7.3,90240.0,EUR,2,8,3
S9120539,5035048553893,de-AT,Gardening & DIY,Schwingschleifer Dewalt DWE6411 230 W,"Wenn Sie bei der Einrichtung ihres Heims Wert auf Details legen und bei Produkten, die Ihnen das Leben leichter machen, auf dem letzten Stand sein möc","Wenn Sie bei der Einrichtung ihres Heims Wert auf Details legen und bei Produkten, die Ihnen das Leben leichter machen, auf dem letzten Stand sein möchten, dann kaufen Sie <b>Schwingschleifer Dewalt DWE6411 230 W</b> zum besten Preis.<br><br><ul><li>Stromquelle: <ul><li>Elektrokabel.</li><li>Stromnetz</li><li>AC-Strom</li></ul></li><li>Leistung: 230 W</li><li>Farbe: <ul><li>Gelb/Schwarz</li><li>Schwarz</li><li>Schwarz/Gelb</li></ul></li><li>Steckbares Produkt: Ja</li><li>Nicht erhalten: Aktentas",Pop Pulse Emporium,https://cdnbigbuy.com/images/5035048553893_R10_MKT0.jpg,https://cdnbigbuy.com/images/5035048553893_R9_MKT0.jpg,https://cdnbigbuy.com/images/5035048553893_R3_WBG0.jpg,https://cdnbigbuy.com/images/5035048553893_R4_WBG0.jpg,142.94,5,NEW,14.5,16.0,26.5,1.94,6148.0,EUR,2,8,3
S77204140,4961310162078,de-AT,Gardening & DIY,Bluetooth-Kopfhörer Audio-Technica Iberia ATH-S300BTBK,"Wenn Sie sich leidenschaftlich mit <b>IT und Elektronik</b> beschäftigen, mit der Technologie auf dem neuesten Stand sein wollen und nicht einmal die ","Wenn Sie sich leidenschaftlich mit <b>IT und Elektronik</b> beschäftigen, mit der Technologie auf dem neuesten Stand sein wollen und nicht einmal die winzigsten Einzelheiten auslassen, kaufen Sie <b>Bluetooth-Kopfhörer Audio-Technica Iberia ATH-S300BTBK</b>.<br><br><ul><li>Art: <ul><li>Kopfhörer</li><li>Drahtlose Kopfhörer</li><li>Kopfhörer mit Mikrofon</li></ul></li><li>Merkmale: <ul><li>Drahtlos</li><li>Wireless</li><li>Eingebautes Mikrofon</li><li>Mikrophon mit Kugel-Richtcharakteristik</li><",Pop Pulse Emporium,https://cdnbigbuy.com/images/4961310162078_S77204140_P00.jpg,,,,134.24,5,NEW,13.08,12.42,10.73,0.22,1743.13,EUR,2,8,3
S7192137,3507460228045,de-AT,Gardening & DIY,Hochstuhl Nania Grau Kunstleder,"Für unsere Kinder möchten wir Ihnen <b>Hochstuhl Nania Grau Kunstleder</b> vorstellen, perfekt für alle, die qualitativ hochwertige Produkte für die K","Für unsere Kinder möchten wir Ihnen <b>Hochstuhl Nania Grau Kunstleder</b> vorstellen, perfekt für alle, die qualitativ hochwertige Produkte für die Kleinsten suchen. Kaufen Sie <b>Nania</b> und weitere Marken und Lizenzen zu den besten Preisen!<br><br><ul><li>Art: Hochstuhl</li><li>Farbe: Grau</li><li>Material: Kunstleder</li><li>Montage: Ja</li><li>Max. unterstütztes Gewicht: 15 kg</li></ul>",Pop Pulse Emporium,https://cdnbigbuy.com/images/3507460228045_S7192137_P01.jpg,https://cdnbigbuy.com/images/3507460228045_S7192137_P21.jpg,https://cdnbigbuy.com/images/3507460228045_S7192137_P31.jpg,https://cdnbigbuy.com/images/3507460228045_S7192137_P41.jpg,104.66,25,NEW,47.0,55.0,25.0,7.1,64625.0,EUR,2,8,3
S0387160,0194900033579,de-AT,Gardening & DIY,Damen Handtasche Michael Kors 35F0GTVT9L-OPTIC-WHITE Weiß 45 x 29 x 16 cm,Sind Sie modebewusst und begeistern sich für Accessoires? Wir bieten Ihnen <b>Damen Handtasche Michael Kors 35F0GTVT9L-OPTIC-WHITE Weiß 45 x 29 x 16 c,Sind Sie modebewusst und begeistern sich für Accessoires? Wir bieten Ihnen <b>Damen Handtasche Michael Kors 35F0GTVT9L-OPTIC-WHITE Weiß 45 x 29 x 16 cm</b> und ein breites Sortiment an modernen Handtaschen und Geldbeutel!<br><br><ul><li>Geschlecht: Damen</li><li>Art: Damen Handtasche</li><li>Farbe: Weiß</li><li>Material: Leder</li><li>Verschluss Armband: Reißverschluss</li><li>Enthalten: Enthält Markenetui oder -hülle</li><li>Maße ca.: 45 x 29 x 16 cm</li></ul>,Pop Pulse Emporium,https://cdnbigbuy.com/images/S0387160_1730366127-remove-background0.jpg,https://cdnbigbuy.com/images/0194900033579_S0387160_P00.jpg,https://cdnbigbuy.com/images/0194900033579_S0387160_P10.jpg,,165.45,5,NEW,10.0,10.0,10.0,0.3,1000.0,EUR,2,8,3
S3624967,4899888643371,de-AT,Gardening & DIY,Sporttasche Berilo 210824195-1 grün 14 x 34 x 44 cm (12 Stück),Sind Sie modebewusst und begeistern sich für Accessoires? Wir bieten Ihnen <b>Sporttasche Berilo 210824195-1 grün 14 x 34 x 44 cm (12 Stück)</b> und e,Sind Sie modebewusst und begeistern sich für Accessoires? Wir bieten Ihnen <b>Sporttasche Berilo 210824195-1 grün 14 x 34 x 44 cm (12 Stück)</b> und ein breites Sortiment an modernen Handtaschen und Geldbeutel!<br><br><ul><li>Art: <ul><li>Tasche</li><li>Sporttasche</li></ul></li><li>Farbe: <ul><li>Rosa</li><li>türkis</li><li>grün</li></ul></li><li>Stückzahl: <ul><li>1 Stück</li><li>12 Stück</li></ul></li><li>Material: Polyester</li><li>Wichtige informationen: Verschiedene Designs. Versand nach Z,Pop Pulse Emporium,https://cdnbigbuy.com/images/S3624967_P0_icon1.jpg,https://cdnbigbuy.com/images/S3624967_P0_W_00_WBG1.jpg,https://cdnbigbuy.com/images/S3624967_P1_WBG1.jpg,https://cdnbigbuy.com/images/S3624967_P01.jpg,113.31,50,NEW,45.0,32.0,38.0,6.0,54720.0,EUR,2,8,3
S7276763,8430622790225,de-AT,Gardening & DIY,Herrenuhr Lotus 18850/1 Silberfarben,"Wenn Sie mit den neuesten Mode und Accessoire-Trends schritthalten wollen, kaufen Sie <b>Herrenuhr Lotus 18850/1 Silberfarben</b> zum besten Preis.<br","Wenn Sie mit den neuesten Mode und Accessoire-Trends schritthalten wollen, kaufen Sie <b>Herrenuhr Lotus 18850/1 Silberfarben</b> zum besten Preis.<br><br><ul><li>Geschlecht: Herren</li><li>Extra Links: Kein</li><li>Typ der Uhr: Armbanduhr</li><li>Material des Armbands: Edelstahl</li><li>Material des Gehäuses: Edelstahl</li><li>Farbe: Silberfarben</li><li>Uhrwerk: Quarz</li></ul>",Pop Pulse Emporium,https://cdnbigbuy.com/images/8430622790225_R01.jpg,https://cdnbigbuy.com/images/75820_mandatory-watch1.jpg,,,178.58,50,NEW,32.0,19.0,10.0,0.4,6080.0,EUR,2,8,3
S7274706,8430622729034,de-AT,Gardening & DIY,Herrenuhr Festina F6854/7 Schwarz Silberfarben,"Wenn Sie mit den neuesten Mode und Accessoire-Trends schritthalten wollen, kaufen Sie <b>Herrenuhr Festina F6854/7 Schwarz Silberfarben</b> zum besten","Wenn Sie mit den neuesten Mode und Accessoire-Trends schritthalten wollen, kaufen Sie <b>Herrenuhr Festina F6854/7 Schwarz Silberfarben</b> zum besten Preis.<br><br><ul><li>Geschlecht: Herren</li><li>Extra Links: Kein</li><li>Typ der Uhr: Armbanduhr</li><li>Farbe: <ul><li>Schwarz</li><li>Silberfarben</li></ul></li><li>Jahr: 2019</li><li>Material des Armbands: Edelstahl</li><li>Material des Gehäuses: Edelstahl</li><li>Uhrwerk: Quarz</li><li>Ungefähres Gewicht: 120 gr</li></ul>",Pop Pulse Emporium,https://cdnbigbuy.com/images/8430622729034_S7274706_P01.jpg,https://cdnbigbuy.com/images/73763_mandatory-watch1.jpg,,,178.58,50,NEW,32.0,19.0,10.0,0.4,6080.0,EUR,2,8,3
S72108563,7626741534937,de-AT,Gardening & DIY,Damenohrringe Guess JUBE04585JWYGT-U Gold,"Wir präsentieren <b>Damenohrringe Guess JUBE04585JWYGT-U Gold</b> und ein umfangreiches Sortiment von Ringen, Halsbändern, Armbändern, Ohrringen, usw.","Wir präsentieren <b>Damenohrringe Guess JUBE04585JWYGT-U Gold</b> und ein umfangreiches Sortiment von Ringen, Halsbändern, Armbändern, Ohrringen, usw. zu einem großartigen Preis. Erfahren Sie mehr über unsere exklusiven und eleganten Schmuck und Modeschmuck für jeden Geschmack und Stil.<br><br><ul><li>Farbe: Gold</li><li>Geschlecht: Damen</li><li>Art: <ul><li>Ohrringe</li><li>Damenohrringe</li></ul></li></ul>",Pop Pulse Emporium,https://cdnbigbuy.com/images/7626741534937_S72108563_P00.jpg,,,,140.84,2,NEW,10.0,10.0,10.0,0.3,1000.0,EUR,2,8,3
M0511889,4026631006859,de-AT,Gardening & DIY,Taschen Hsm FA 400.2 Durchsichtig Kunststoff (25 Stück),"Gehen Sie zurück ins Büro, ohne Details zu vergessen: Kaufen Sie <b>Taschen Hsm FA 400.2 Durchsichtig Kunststoff (25 Stück)</b> und seien Sie der Neid","Gehen Sie zurück ins Büro, ohne Details zu vergessen: Kaufen Sie <b>Taschen Hsm FA 400.2 Durchsichtig Kunststoff (25 Stück)</b> und seien Sie der Neid Ihrer Kollegen!<br><br><ul><li>Material: Kunststoff</li><li>Farbe: Durchsichtig</li><li>Stückzahl: 25 Stück</li></ul>",Pop Pulse Emporium,https://cdnbigbuy.com/images/4026631006859_I00.jpg,,,,101.69,2,NEW,60.0,28.5,11.5,6.0,19665.0,EUR,2,8,3
S7787122,4002888301107,de-AT,Gardening & DIY,Ladegerät fürs Auto LINDY 30110 5 m,"Wenn Sie sich leidenschaftlich mit <b>IT und Elektronik</b> beschäftigen, mit der Technologie auf dem neuesten Stand sein wollen und nicht einmal die ","Wenn Sie sich leidenschaftlich mit <b>IT und Elektronik</b> beschäftigen, mit der Technologie auf dem neuesten Stand sein wollen und nicht einmal die winzigsten Einzelheiten auslassen, kaufen Sie <b>Ladegerät fürs Auto LINDY 30110 5 m</b>.<br><br><ul><li>Länge des Kabels: 5 m</li><li>Leistung: 1100 W</li><li>Stromstärke: 16 A</li><li>Art: Ladegerät fürs Auto</li></ul>",Pop Pulse Emporium,https://cdnbigbuy.com/images/4002888301107_S7787122_P00.jpg,https://cdnbigbuy.com/images/4002888301107_S7787122_P10.jpg,,,132.31,5,NEW,16.98,13.86,5.0,2.68,1176.71,EUR,2,8,3
S9112086,5907222598290,de-AT,Gardening & DIY,Tech Alkoholmeter Bacscan F-60,Statten Sie Ihr Fahrzeug mit den neuesten Produkten aus - kaufen Sie <b>Tech Alkoholmeter Bacscan F-60</b> und verpassen Sie kein Detail!<br><br><ul><,"Statten Sie Ihr Fahrzeug mit den neuesten Produkten aus - kaufen Sie <b>Tech Alkoholmeter Bacscan F-60</b> und verpassen Sie kein Detail!<br><br><ul><li>Art: Alkoholmeter</li><li>Merkmale: Automatische Ausschaltung</li><li>Batteriebetrieben: Ja</li><li>Farbe: Grau</li><li>Material: ABS</li><li>Breite: 4,7 cm</li><li>Technologie: LCD</li><li>Anzahl der Batterien: 2</li><li>Inklusive Batterien: Ja</li><li>Batterie-Typ: AAA</li></ul>",Pop Pulse Emporium,https://cdnbigbuy.com/images/5907222598290_S9112086_P00.jpg,https://cdnbigbuy.com/images/5907222598290_S9112086_P20.jpg,https://cdnbigbuy.com/images/5907222598290_S9112086_P30.jpg,https://cdnbigbuy.com/images/5907222598290_S9112086_P40.jpg,110.84,8,NEW,16.0,5.0,8.0,0.18,640.0,EUR,2,8,3
S9166136,4066529048295,de-AT,Gardening & DIY,Hydroreiniger Kärcher K 2 Classic Car & Home 1400 W 220-240 V,"Wenn Sie bei der Einrichtung ihres Heims Wert auf Details legen und bei Produkten, die Ihnen das Leben leichter machen, auf dem letzten Stand sein möc","Wenn Sie bei der Einrichtung ihres Heims Wert auf Details legen und bei Produkten, die Ihnen das Leben leichter machen, auf dem letzten Stand sein möchten, dann kaufen Sie <b>Hydroreiniger Kärcher K 2 Classic Car & Home 1400 W 220-240 V</b> zum besten Preis.<br><br><ul><li>Farbe: <ul><li>Gelb</li><li>Schwarz</li></ul></li><li>Leistung: <ul><li>1400 W</li><li>360 l/h</li></ul></li><li>Spannung: 220-240 V</li><li>Druck: 110 BAR</li><li>Enthalten: Wasserfilter</li><li>Rohrlänge: <ul><li>5 m</li><li",Pop Pulse Emporium,https://cdnbigbuy.com/images/4066529048295_S9166136_P00.jpg,,,,132.0,50,NEW,29.0,30.5,40.5,6.83,35822.25,EUR,2,8,3
S7203771,8054726939979,de-AT,Gardening & DIY,Damenuhr Light Time MEDITERRANEO (Ø 39 mm),"Wenn Sie mit den neuesten Mode und Accessoire-Trends schritthalten wollen, kaufen Sie <b>Damenuhr Light Time MEDITERRANEO (Ø 39 mm)</b> zum besten Pre","Wenn Sie mit den neuesten Mode und Accessoire-Trends schritthalten wollen, kaufen Sie <b>Damenuhr Light Time MEDITERRANEO (Ø 39 mm)</b> zum besten Preis.<br><br><ul><li>Geschlecht: Damen</li><li>Extra Links: Kein</li><li>Typ der Uhr: Armbanduhr</li><li>Funktionen: Datum</li><li>Material des Armbands: Polycarbonat</li><li>Enthalten: Enthält Markenetui oder -hülle</li><li>Wasserdicht: 3 atm</li><li>Kristall: Mineral</li><li>Uhrwerk: Quarz</li><li>Durchmesser des Uhrengehäuses: Ø 39 mm</li><li>Farb",Pop Pulse Emporium,https://cdnbigbuy.com/images/8054726939979_S7203771_P02.jpg,https://cdnbigbuy.com/images/3772_mandatory-watch2.jpg,,,173.34,2,NEW,39.0,19.0,10.0,0.4,7410.0,EUR,2,8,3
S7295810,4013496008975,de-AT,Gardening & DIY,Damenohrringe Michael Kors MKC1035AN791 Sterlingsilber 925,"Wir präsentieren <b>Damenohrringe Michael Kors MKC1035AN791 Sterlingsilber 925</b> und ein umfangreiches Sortiment von Ringen, Halsbändern, Armbändern","Wir präsentieren <b>Damenohrringe Michael Kors MKC1035AN791 Sterlingsilber 925</b> und ein umfangreiches Sortiment von Ringen, Halsbändern, Armbändern, Ohrringen, usw. zu einem großartigen Preis. Erfahren Sie mehr über unsere exklusiven und eleganten Schmuck und Modeschmuck für jeden Geschmack und Stil.<br><br><ul><li>Geschlecht: Damen</li><li>Art: Damenohrringe</li><li>Jahr: 2018</li><li>Material: Sterlingsilber 925</li></ul>",Pop Pulse Emporium,https://cdnbigbuy.com/images/4013496008975_S7295810_P00.jpg,,,,136.41,5,NEW,9.9,9.94,9.77,0.29,961.43,EUR,2,8,3
S0343884,0091661471940,de-AT,Gardening & DIY,Unisex-Uhr Guess W0944L1 (Ø 38 mm),"Wenn Sie mit den neuesten Mode und Accessoire-Trends schritthalten wollen, kaufen Sie <b>Unisex-Uhr Guess W0944L1 (Ø 38 mm)</b> zum besten Preis.<br><","Wenn Sie mit den neuesten Mode und Accessoire-Trends schritthalten wollen, kaufen Sie <b>Unisex-Uhr Guess W0944L1 (Ø 38 mm)</b> zum besten Preis.<br><br><ul><li>Extra Links: Kein</li><li>Geschlecht: Unisex</li><li>Typ der Uhr: Armbanduhr</li><li>Material des Armbands: Kautschuk</li><li>Uhrengehäuse-Material: Kautschuk</li><li>Uhrwerk: Quarz</li><li>Kristall: Mineral</li><li>Enthalten: Enthält Markenetui oder -hülle</li><li>Verschluss Armband: Schmetterling</li><li>Farbe der Krone: Weiß</li><li>F",Pop Pulse Emporium,https://cdnbigbuy.com/images/0091661471940_S0343884_P0_WBG4.jpg,https://cdnbigbuy.com/images/0091661471940_S0343884_P1_WBG4.jpg,https://cdnbigbuy.com/images/40243_mandatory-watch4.jpg,,103.69,18,NEW,32.0,19.0,10.0,0.4,6080.0,EUR,2,8,3
S71013390,8435593701799,de-AT,Gardening & DIY,Autositz Babyauto CAPAX GREY DOBBY Grau II (15-25 kg) Für Kinder ECE R129,"Wenn Sie auf der Suche nach trendigen Neuheiten auf dem Markt sind, präsentieren wir Ihnen <b>Autositz Babyauto CAPAX GREY DOBBY Grau II (15-25 kg) Fü","Wenn Sie auf der Suche nach trendigen Neuheiten auf dem Markt sind, präsentieren wir Ihnen <b>Autositz Babyauto CAPAX GREY DOBBY Grau II (15-25 kg) Für Kinder ECE R129</b>!<br><br><ul><li>Farbe: Grau</li><li>Merkmale: <ul><li>individuell</li><li>Ergonomisch</li><li>Homologiert</li><li>Leichtgewicht</li></ul></li><li>Gruppe: II (15-25 kg)</li><li>Empfohlenes Alter: <ul><li>Für Kinder</li><li>4-12 Jahre</li></ul></li><li>Homologiert: ECE R129</li></ul>",Pop Pulse Emporium,https://cdnbigbuy.com/images/8435593701799_S71013390_P00.jpg,https://cdnbigbuy.com/images/8435593701799_S71013390_P10.jpg,https://cdnbigbuy.com/images/8435593701799_S71013390_P20.jpg,https://cdnbigbuy.com/images/8435593701799_S71013390_P30.jpg,170.34,4,NEW,43.55,45.06,44.21,9.18,86756.07,EUR,2,8,3
S0389322,0091661540233,de-AT,Gardening & DIY,Damenuhr Guess GW0699L1 (Ø 38 mm),"Wenn Sie auf der Suche nach trendigen Neuheiten auf dem Markt sind, präsentieren wir Ihnen <b>Damenuhr Guess GW0699L1 (Ø 38 mm)</b>!<br><br><ul><li>Ge","Wenn Sie auf der Suche nach trendigen Neuheiten auf dem Markt sind, präsentieren wir Ihnen <b>Damenuhr Guess GW0699L1 (Ø 38 mm)</b>!<br><br><ul><li>Geschlecht: Damen</li><li>Extra Links: Kein</li><li>Typ der Uhr: Armbanduhr</li><li>Material des Armbands: Silikon</li><li>Uhrengehäuse-Material: Edelstahl</li><li>Uhrwerk: Quarz</li><li>Kristall: Mineral</li><li>Wasserdicht: 5 atm</li><li>Enthalten: Enthält Markenetui oder -hülle</li><li>Verschluss Armband: Schließe</li><li>Farbe der Krone: Gold</li",Pop Pulse Emporium,https://cdnbigbuy.com/images/0091661540233_S0389322_P00.jpg,https://cdnbigbuy.com/images/0091661540233_S0389322_P10.jpg,https://cdnbigbuy.com/images/0091661540233_S0389322_P20.jpg,https://cdnbigbuy.com/images/85681_mandatory-watch0.jpg,122.4,24,NEW,32.0,19.0,10.0,0.4,6080.0,EUR,2,8,3
S8424245,0071701325006,de-AT,Gardening & DIY,Laminiertes Klebeband zur Kennzeichnung von Maschinen Dymo 32500 Edelstahl Rhino™ 12 mm (10 Stück),"Gehen Sie zurück ins Büro, ohne Details zu vergessen: Kaufen Sie <b>Laminiertes Klebeband zur Kennzeichnung von Maschinen Dymo 32500 Rhino™ Edelstahl ","Gehen Sie zurück ins Büro, ohne Details zu vergessen: Kaufen Sie <b>Laminiertes Klebeband zur Kennzeichnung von Maschinen Dymo 32500 Rhino™ Edelstahl 12 mm (10 Stück)</b> und seien Sie der Neid Ihrer Kollegen!<br><ul><li>Stück: 10 Stück</li><li>Material: Edelstahl</li><li>Kompatibel: Rhino™</li><li>Format: 12 mm</li><li>Art: <ul><li>Ersatzteil</li><li>Laminiertes Klebeband zur Kennzeichnung von Maschinen</li></ul></li></ul>",Pop Pulse Emporium,https://cdnbigbuy.com/images/0071701325006_R0_icon1.jpg,https://cdnbigbuy.com/images/0071701325006_R01.jpg,,,132.15,2,NEW,12.78,7.78,6.39,0.07,635.35,EUR,2,8,3
S72121130,3608701185292,de-AT,Gardening & DIY,Herrenuhr Nixon TIME TELLER SOLAR Silberfarben,"Wenn Sie auf der Suche nach trendigen Neuheiten auf dem Markt sind, präsentieren wir Ihnen <b>Herrenuhr Nixon TIME TELLER SOLAR Silberfarben</b>!<br><","Wenn Sie auf der Suche nach trendigen Neuheiten auf dem Markt sind, präsentieren wir Ihnen <b>Herrenuhr Nixon TIME TELLER SOLAR Silberfarben</b>!<br><br><ul><li>Geschlecht: Herren</li><li>Extra Links: Kein</li><li>Typ der Uhr: Armbanduhr</li><li>Farbe des Bandes: Silberfarben</li></ul>",Pop Pulse Emporium,https://cdnbigbuy.com/images/3608701185292_S72121130_P00.jpg,https://cdnbigbuy.com/images/3608701185292_S72121130_P40.jpg,https://cdnbigbuy.com/images/120142_mandatory-watch0.jpg,https://cdnbigbuy.com/images/3608701185292_S72121130_P10.jpg,199.26,2,NEW,14.15,12.43,10.11,0.3,1778.19,EUR,2,8,3
S7188555,4059952613826,de-AT,Gardening & DIY,Temperatursensor BOSCH,"Wenn Sie bei der Einrichtung ihres Heims Wert auf Details legen und bei Produkten, die Ihnen das Leben leichter machen, auf dem letzten Stand sein möc","Wenn Sie bei der Einrichtung ihres Heims Wert auf Details legen und bei Produkten, die Ihnen das Leben leichter machen, auf dem letzten Stand sein möchten, dann kaufen Sie <b>Temperatursensor BOSCH</b> zum besten Preis.<br><br><ul><li>Stromquelle: Batterie</li><li>Batteriebetrieben: Ja</li><li>Inklusive Batterien: Ja</li><li>Batterie: Alkali-Mangan-Batterie</li></ul>",Pop Pulse Emporium,https://cdnbigbuy.com/images/4059952613826_S7188555_P01.jpg,https://cdnbigbuy.com/images/4059952613826_S7188555_P11.jpg,,,157.02,5,NEW,22.8,12.2,8.8,0.66,2447.81,EUR,2,8,3
S7102663,3023191494295,de-AT,Gardening & DIY,Badewanne ThermoBaby Vasco Grau,"Für unsere Kinder möchten wir Ihnen <b>Badewanne ThermoBaby Vasco Grau</b> vorstellen, perfekt für alle, die qualitativ hochwertige Produkte für die K","Für unsere Kinder möchten wir Ihnen <b>Badewanne ThermoBaby Vasco Grau</b> vorstellen, perfekt für alle, die qualitativ hochwertige Produkte für die Kleinsten suchen. Kaufen Sie <b>ThermoBaby</b> und weitere Marken und Lizenzen zu den besten Preisen!<br><br><ul><li>Farbe: Grau</li><li>Merkmale: 5 in 1</li><li>Art: Badewanne</li></ul>",Pop Pulse Emporium,https://cdnbigbuy.com/images/3023191494295_S7102663_P02.jpg,https://cdnbigbuy.com/images/3023191494295_S7102663_P32.jpg,https://cdnbigbuy.com/images/3023191494295_S7102663_P52.jpg,https://cdnbigbuy.com/images/3023191494295_S7102663_P42.jpg,141.49,10,NEW,79.0,51.0,27.0,5.0,108783.0,EUR,2,8,3
S55149892,7331021078376,de-AT,Gardening & DIY,Stützstabilisator Axis 02492-001,"Wenn Sie sich leidenschaftlich mit <b>IT und Elektronik</b> beschäftigen, mit der Technologie auf dem neuesten Stand sein wollen und nicht einmal die ","Wenn Sie sich leidenschaftlich mit <b>IT und Elektronik</b> beschäftigen, mit der Technologie auf dem neuesten Stand sein wollen und nicht einmal die winzigsten Einzelheiten auslassen, kaufen Sie <b>Stützstabilisator Axis 02492-001</b>.<br><br><ul><li>Art: Stützstabilisator</li><li>Farbe: Schwarz</li><li>Merkmale: <ul><li>Außenbereich</li><li>Schutzkörper</li></ul></li></ul>",Pop Pulse Emporium,https://cdnbigbuy.com/images/772080050.jpg,,,,146.71,2,NEW,22.0,16.0,16.0,0.51,5632.0,EUR,2,8,3
S72105490,8056597845984,de-AT,Gardening & DIY,Brillenfassung Dolce & Gabbana DG 5099,"Wenn Sie Ihren Kleiderschrank erneuern möchten, empfehlen wir Ihnen <b>Brillenfassung Dolce & Gabbana DG 5099</b> und weitere <b> Produkte von Dolce &","Wenn Sie Ihren Kleiderschrank erneuern möchten, empfehlen wir Ihnen <b>Brillenfassung Dolce & Gabbana DG 5099</b> und weitere <b> Produkte von Dolce & Gabbana</b>! Jetzt für Sie die beste Qualität zum besten Preis!<br><br><ul><li>Material: Azetat</li><li>Geschlecht: Herren</li></ul>",Pop Pulse Emporium,https://cdnbigbuy.com/images/8056597845984_S72105490_P00.jpg,https://cdnbigbuy.com/images/8056597845984_S72105490_P10.jpg,,,180.42,2,NEW,10.0,9.97,10.0,0.29,997.0,EUR,2,8,3
S7153099,4892210180223,de-AT,Gardening & DIY,Fräsmaschine Ryobi RRT1600,"Wenn Sie bei der Einrichtung ihres Heims Wert auf Details legen und bei Produkten, die Ihnen das Leben leichter machen, auf dem letzten Stand sein möc","Wenn Sie bei der Einrichtung ihres Heims Wert auf Details legen und bei Produkten, die Ihnen das Leben leichter machen, auf dem letzten Stand sein möchten, dann kaufen Sie <b>Fräsmaschine Ryobi RRT1600</b> zum besten Preis.<br><br><ul><li>Stromquelle: Elektrokabel.</li><li>Steckertyp: EU-Stecker</li><li>Steckbares Produkt: Ja</li><li>Art: Fräsmaschine</li><li>Leistung: 1600 W</li><li>Enthalten: Fräswerkzeug x 5</li></ul>",Pop Pulse Emporium,https://cdnbigbuy.com/images/4892210180223_S7153099_P00.jpg,https://cdnbigbuy.com/images/4892210180223_S7153099_P10.jpg,,,186.63,2,NEW,19.0,35.0,38.2,7.66,25403.0,EUR,2,8,3
S7274977,8430622787935,de-AT,Gardening & DIY,Damenuhr Festina F20622/2,"Wenn Sie mit den neuesten Mode und Accessoire-Trends schritthalten wollen, kaufen Sie <b>Damenuhr Festina F20622/2</b> zum besten Preis.<br><br><ul><l","Wenn Sie mit den neuesten Mode und Accessoire-Trends schritthalten wollen, kaufen Sie <b>Damenuhr Festina F20622/2</b> zum besten Preis.<br><br><ul><li>Geschlecht: Damen</li><li>Extra Links: Kein</li><li>Typ der Uhr: Armbanduhr</li><li>Farbe: <ul><li>Rosa</li><li>Silberfarben</li></ul></li><li>Material des Armbands: Edelstahl</li><li>Material des Gehäuses: Edelstahl</li><li>Design: Damen</li><li>Uhrwerk: Quarz</li></ul>",Pop Pulse Emporium,https://cdnbigbuy.com/images/8430622787935_S7274977_P01.jpg,https://cdnbigbuy.com/images/74034_mandatory-watch1.jpg,,,136.43,50,NEW,39.0,19.0,10.0,0.4,7410.0,EUR,2,8,3
S8901809,4899888611530,de-AT,Gardening & DIY,Aufblasbarer Sessel Intex ULTRA LOUNGE 99 x 76 x 130 cm (4 Stück),"Mit diesen Vorschlägen, die Jung und Alt begeistern werden, ist der Sommerspaß garantiert! Kaufen Sie <b>Aufblasbarer Sessel Intex ULTRA LOUNGE 99 x 7","Mit diesen Vorschlägen, die Jung und Alt begeistern werden, ist der Sommerspaß garantiert! Kaufen Sie <b>Aufblasbarer Sessel Intex ULTRA LOUNGE 99 x 76 x 130 cm (4 Stück)</b>] und genießen Sie Ihre Freizeit!<br><br><ul><li>Art: Aufblasbarer Sessel</li><li>Merkmale: <ul><li>Weich, angenehm zu berühren</li><li>Resistent</li></ul></li><li>Enthalten: Fußstütze</li><li>Material: <ul><li>95 % PVC</li><li>5 % Viskose</li></ul></li><li>Stückzahl: 4 Stück</li><li>Max. unterstütztes Gewicht: 100 kg</li><l",Pop Pulse Emporium,https://cdnbigbuy.com/images/S8901809_P0_icon1.jpg,https://cdnbigbuy.com/images/S8901809_P01.jpg,https://cdnbigbuy.com/images/S8901809_P11.jpg,https://cdnbigbuy.com/images/S8901809_P21.jpg,115.33,50,NEW,21.0,10.0,45.0,1.12,9450.0,EUR,2,8,3
S7276753,8430622759680,de-AT,Gardening & DIY,Herrenuhr Lotus 18759/2 grün Silberfarben,"Wenn Sie mit den neuesten Mode und Accessoire-Trends schritthalten wollen, kaufen Sie <b>Herrenuhr Lotus 18759/2 grün Silberfarben</b> zum besten Prei","Wenn Sie mit den neuesten Mode und Accessoire-Trends schritthalten wollen, kaufen Sie <b>Herrenuhr Lotus 18759/2 grün Silberfarben</b> zum besten Preis.<br><br><ul><li>Geschlecht: Herren</li><li>Extra Links: Kein</li><li>Typ der Uhr: Armbanduhr</li><li>Farbe: <ul><li>grün</li><li>Silberfarben</li></ul></li><li>Material des Armbands: Edelstahl</li><li>Material des Gehäuses: Edelstahl</li><li>Durchmesser: 45 mm</li><li>Uhrwerk: Quarz</li></ul>",Pop Pulse Emporium,https://cdnbigbuy.com/images/8430622759680_S7276753_P01.jpg,https://cdnbigbuy.com/images/75810_mandatory-watch1.jpg,,,169.98,50,NEW,20.0,20.0,20.0,0.33,8000.0,EUR,2,8,3
S7924040,8425998727005,de-AT,Gardening & DIY,"LED-Leisten EDM 72700 4,2 W x 1 m 50 m Kaltes Licht 6400 K 350 lm","Wenn Sie bei der Einrichtung ihres Heims Wert auf Details legen und bei Produkten, die Ihnen das Leben leichter machen, auf dem letzten Stand sein möc","Wenn Sie bei der Einrichtung ihres Heims Wert auf Details legen und bei Produkten, die Ihnen das Leben leichter machen, auf dem letzten Stand sein möchten, dann kaufen Sie <b>LED-Leisten EDM 72700 4,2 W x 1 m 50 m Kaltes Licht 6400 K 350 lm</b>.<br><br><ul><li>Steckertyp: EU-Stecker</li><li>Steckbares Produkt: Ja</li><li>Art: LED-Leisten</li><li>IP-Klassifizierung: IP44</li><li>Farbtemperatur: 6400 K</li><li>Anzahl der LEDs: 60 x 1 m</li><li>Spannung: 220-240 V</li><li>Lichttyp: Kaltes Licht</li",Pop Pulse Emporium,https://cdnbigbuy.com/images/S7924040_1718891216-cut-out0.jpg,https://cdnbigbuy.com/images/S7924040_1718891210-cut-out0.jpg,https://cdnbigbuy.com/images/8425998727005_S7924040_P10.jpg,https://cdnbigbuy.com/images/8425998727005_S7924040_P00.jpg,160.72,50,NEW,14.92,14.22,11.95,5.58,2535.34,EUR,2,8,3
S9913488,0740617334937,de-AT,Gardening & DIY,Festplatte Kingston DC600M 480 GB SSD,"Wenn Sie sich leidenschaftlich mit <b>IT und Elektronik</b> beschäftigen, mit der Technologie auf dem neuesten Stand sein wollen und nicht einmal die ","Wenn Sie sich leidenschaftlich mit <b>IT und Elektronik</b> beschäftigen, mit der Technologie auf dem neuesten Stand sein wollen und nicht einmal die winzigsten Einzelheiten auslassen, kaufen Sie <b>Festplatte Kingston DC600M 480 GB SSD</b>.<br><br><ul><li>Speicher Typ: 3D TLC NAND</li><li>Anschlüsse: <ul><li>Sata III</li><li>SATA</li></ul></li><li>Geschwindigkeit: <ul><li>560 MB/s</li><li>6 Gbit/s</li></ul></li><li>Durchmesser: Ø 10 cm</li><li>Format: 2,5""</li><li>Festplatte: 480 GB SSD</li></u",Pop Pulse Emporium,https://cdnbigbuy.com/images/0740617334937_S9913488_P00.jpg,https://cdnbigbuy.com/images/0740617334937_I40.jpg,https://cdnbigbuy.com/images/0740617334937_I00.jpg,https://cdnbigbuy.com/images/0740617334937_I20.jpg,129.83,9,NEW,18.0,13.0,1.0,0.07,234.0,EUR,2,8,3
S7189999,8719514318021,de-AT,Gardening & DIY,Smart-Schalter Philips Philips Hue IP20 (2 Stück),"Wenn Sie bei der Einrichtung ihres Heims Wert auf Details legen und bei Produkten, die Ihnen das Leben leichter machen, auf dem letzten Stand sein möc","Wenn Sie bei der Einrichtung ihres Heims Wert auf Details legen und bei Produkten, die Ihnen das Leben leichter machen, auf dem letzten Stand sein möchten, dann kaufen Sie <b>Smart-Schalter Philips Philips Hue IP20 (2 Stück)</b> zum besten Preis.<br><br><ul><li>Steckertyp: EU-Stecker</li><li>IP-Klassifizierung: IP20</li><li>Merkmale: <ul><li>Drahtlos</li><li>Wireless</li><li>Ein/Aus-Schalter</li></ul></li><li>Steckbares Produkt: Ja</li><li>Farbe: Weiß</li><li>Material: Kunststoff</li><li>Anschlü",Pop Pulse Emporium,https://cdnbigbuy.com/images/8719514318021_I01.jpg,https://cdnbigbuy.com/images/8719514318021_I21.jpg,https://cdnbigbuy.com/images/8719514318021_I41.jpg,https://cdnbigbuy.com/images/8719514318021_I61.jpg,121.69,5,NEW,9.0,14.2,5.2,0.1,664.56,EUR,2,8,3
S7171063,8719076020066,de-AT,Gardening & DIY,Batterieüberwachung Victron Energy BAM010700000,"Wenn Sie sich leidenschaftlich mit <b>IT und Elektronik</b> beschäftigen, mit der Technologie auf dem neuesten Stand sein wollen und nicht einmal die ","Wenn Sie sich leidenschaftlich mit <b>IT und Elektronik</b> beschäftigen, mit der Technologie auf dem neuesten Stand sein wollen und nicht einmal die winzigsten Einzelheiten auslassen, kaufen Sie <b>Batterieüberwachung Victron Energy BAM010700000</b>.<br><br><ul><li>Art: Batterieüberwachung</li><li>Form: rund</li></ul>",Pop Pulse Emporium,https://cdnbigbuy.com/images/8719076020066_S7171063_P01.jpg,https://cdnbigbuy.com/images/8719076020066_S7171063_P11.jpg,,,169.91,2,NEW,21.0,20.8,7.0,1.02,3057.6,EUR,2,8,3
S37115959,5998167753127,de-AT,Gardening & DIY,Armlehne Armster VW e-UP! 2013 Stoff,Statten Sie Ihr Fahrzeug mit den neuesten Produkten aus - kaufen Sie <b>Armlehne Armster VW e-UP! 2013 Stoff</b> und verpassen Sie kein Detail!<br><br,"Statten Sie Ihr Fahrzeug mit den neuesten Produkten aus - kaufen Sie <b>Armlehne Armster VW e-UP! 2013 Stoff</b> und verpassen Sie kein Detail!<br><br><p>Der <b>Armster Mittelarmlehne</b>, speziell für den <b>VW e-UP! 2013</b> entwickelt, verbindet Funktionalität, Komfort und OEM-Qualität, um die Ergonomie im Fahrzeuginnenraum deutlich zu verbessern. Hergestellt nach strengen Automobilstandards, bietet diese Armlehne eine <b>maßgeschneiderte Passform</b>, die eine perfekte Integration in die Mit",Pop Pulse Emporium,https://cdnbigbuy.com/images/5998167753127_S37115959_P00.jpg,https://cdnbigbuy.com/images/5998167753127_S37115959_P50.jpg,https://cdnbigbuy.com/images/5998167753127_S37115959_P60.jpg,https://cdnbigbuy.com/images/5998167753127_S37115959_P10.jpg,127.29,2,NEW,35.0,25.0,25.0,8.0,21875.0,EUR,2,8,3
S91120095,4038986142182,de-AT,Gardening & DIY,Monitor AOC 24B35HM2,"Wenn Sie sich leidenschaftlich mit <b>IT und Elektronik</b> beschäftigen, mit der Technologie auf dem neuesten Stand sein wollen und nicht einmal die ","Wenn Sie sich leidenschaftlich mit <b>IT und Elektronik</b> beschäftigen, mit der Technologie auf dem neuesten Stand sein wollen und nicht einmal die winzigsten Einzelheiten auslassen, kaufen Sie <b>Monitor AOC 24B35HM2</b>.<br><br><p>Der <b>Monitor 24B35HM2</b> der Marke <b>AOC</b> ist ein Gerät, das für optimale Bildleistung in Arbeits- und Freizeitumgebungen entwickelt wurde, die hohe Bildqualität und flüssige Darstellung erfordern. Der Bildschirm misst <b>23,8 Zoll</b> (60,5 cm) und bietet e",Pop Pulse Emporium,https://cdnbigbuy.com/images/4038986142182_S9917079_P00.jpg,https://cdnbigbuy.com/images/4038986142182_S91120095_P00.jpg,https://cdnbigbuy.com/images/4038986142182_S91120095_P130.jpg,https://cdnbigbuy.com/images/1013125410.jpg,114.06,2,NEW,60.5,37.5,12.5,4.17,28359.38,EUR,2,8,3
S7918767,4003971227250,de-AT,Gardening & DIY,Ersatzteil Schellenberg rollodrive 55 22725 Rollo,"Wenn Sie bei der Einrichtung ihres Heims Wert auf Details legen und bei Produkten, die Ihnen das Leben leichter machen, auf dem letzten Stand sein möc","Wenn Sie bei der Einrichtung ihres Heims Wert auf Details legen und bei Produkten, die Ihnen das Leben leichter machen, auf dem letzten Stand sein möchten, dann kaufen Sie <b>Ersatzteil Schellenberg rollodrive 55 22725 Rollo</b> zum besten Preis.<br><br><ul><li>Art: <ul><li>Rollo</li><li>Ersatzteil</li><li>Rollladenkasten</li></ul></li><li>Farbe: Weiß</li><li>Merkmale: <ul><li>Elektrisch</li><li>Sicherheitssperre</li></ul></li></ul>",Pop Pulse Emporium,https://cdnbigbuy.com/images/4003971227250_S7918767_P01.jpg,,,,164.84,5,NEW,13.0,23.0,3.0,1.33,897.0,EUR,2,8,3
S7264780,8426881564691,de-AT,Gardening & DIY,Damenohrringe Majorica 15297.01.1.000.010.1,"Wir präsentieren <b>Damenohrringe Majorica 15297.01.1.000.010.1</b> und ein umfangreiches Sortiment von Ringen, Halsbändern, Armbändern, Ohrringen, us","Wir präsentieren <b>Damenohrringe Majorica 15297.01.1.000.010.1</b> und ein umfangreiches Sortiment von Ringen, Halsbändern, Armbändern, Ohrringen, usw. zu einem großartigen Preis. Erfahren Sie mehr über unsere exklusiven und eleganten Schmuck und Modeschmuck für jeden Geschmack und Stil.<br><br><ul><li>Geschlecht: Damen</li><li>Art: Damenohrringe</li></ul>",Pop Pulse Emporium,https://cdnbigbuy.com/images/8426881564691_R00.jpg,,,,130.62,5,NEW,9.95,9.94,9.73,0.29,962.33,EUR,2,8,3
S8905161,8412842854208,de-AT,Gardening & DIY,Tischfußball CB Games 90 x 68 x 43 cm,"Bleiben Sie in Form und entdecken Sie die neuesten Innovationen der Branche, um mit den besten Voraussetzungen Sport zu betreiben! Kaufen Sie <b>Tisch","Bleiben Sie in Form und entdecken Sie die neuesten Innovationen der Branche, um mit den besten Voraussetzungen Sport zu betreiben! Kaufen Sie <b>Tischfußball CB Games 90 x 68 x 43 cm</b> zum besten Preis und genießen Sie ein gesundes Leben!<br><br><ul><li>Empfohlenes Alter: <ul><li>+ 5 Jahre</li><li>+ 6 Jahre</li></ul></li><li>Maße ca.: <ul><li>90 x 43 x 68 cm</li><li>90 x 68 x 43 cm</li></ul></li><li>Art: Tischfußball</li><li>Material: Kunststoff</li></ul>",Pop Pulse Emporium,https://cdnbigbuy.com/images/8412842854208_S8905161_P01.jpg,https://cdnbigbuy.com/images/8412842854208_S8905161_P51.jpg,https://cdnbigbuy.com/images/8412842854208_S8905161_P61.jpg,https://cdnbigbuy.com/images/8412842854208_S8905161_P11.jpg,133.89,50,NEW,11.5,84.5,43.5,10.3,42271.12,EUR,2,8,3
S71014802,4018653282045,de-AT,Gardening & DIY,Kratzbaum für Katzen Kerbl Grau Weiß/Schwarz Sisal,"Wenn Sie auf der Suche nach trendigen Neuheiten auf dem Markt sind, präsentieren wir Ihnen <b>Kratzbaum für Katzen Kerbl Grau Weiß/Schwarz Sisal</b>!<","Wenn Sie auf der Suche nach trendigen Neuheiten auf dem Markt sind, präsentieren wir Ihnen <b>Kratzbaum für Katzen Kerbl Grau Weiß/Schwarz Sisal</b>!<br><br><p>Der <b>KERBL Flair Katzenkratzbaum</b> ist ein Zubehör, das einen Bereich für Unterhaltung und Wohlbefinden Ihrer Katze bietet. Mit kompakten Maßen von <b>48 x 44 x 86 cm</b> passt er sich leicht an verschiedene Wohnbereiche an und bietet eine Ruhe- und Spielmöglichkeit, ohne viel Platz zu beanspruchen. Er besteht hauptsächlich aus <b>Sis",Pop Pulse Emporium,https://cdnbigbuy.com/images/4018653282045_S71014802_P00.jpg,https://cdnbigbuy.com/images/4018653282045_S71014802_P10.jpg,https://cdnbigbuy.com/images/4018653282045_S71014802_P20.jpg,https://cdnbigbuy.com/images/4018653282045_S71014802_P30.jpg,132.89,2,NEW,35.58,24.92,28.28,13.56,25074.56,EUR,2,8,3
S7284745,8430622787225,de-AT,Gardening & DIY,Damenhalskette Lotus LP1891-1/2,"Wir präsentieren <b>Damenhalskette Lotus LP1891-1/2</b> und ein umfangreiches Sortiment von Ringen, Halsbändern, Armbändern, Ohrringen, usw. zu einem ","Wir präsentieren <b>Damenhalskette Lotus LP1891-1/2</b> und ein umfangreiches Sortiment von Ringen, Halsbändern, Armbändern, Ohrringen, usw. zu einem großartigen Preis. Erfahren Sie mehr über unsere exklusiven und eleganten Schmuck und Modeschmuck für jeden Geschmack und Stil.<br><br><ul><li>Geschlecht: Damen</li><li>Art: Damenhalskette</li><li>Material: Metall</li></ul>",Pop Pulse Emporium,https://cdnbigbuy.com/images/8430622787225_R01.jpg,,,,101.33,50,NEW,9.98,9.98,9.92,0.3,988.04,EUR,2,8,3
S7772498,0766907979114,de-AT,Gardening & DIY,"TV Halterung ViewSonic EP-WHL-005 55""","Wenn Sie sich leidenschaftlich mit <b>IT und Elektronik</b> beschäftigen, mit der Technologie auf dem neuesten Stand sein wollen und nicht einmal die ","Wenn Sie sich leidenschaftlich mit <b>IT und Elektronik</b> beschäftigen, mit der Technologie auf dem neuesten Stand sein wollen und nicht einmal die winzigsten Einzelheiten auslassen, kaufen Sie <b>TV Halterung ViewSonic EP-WHL-005 55""</b>.<br><br><p>Der <b>TV-Halter EP-WHL-005</b> der Marke <b>ViewSonic</b> wurde entwickelt, um eine praktische und funktionale Lösung für die sichere und ordentliche Befestigung eines Fernsehers zu bieten. Dieser Halter ist als <b>Regaladapter</b> konzipiert und ",Pop Pulse Emporium,https://cdnbigbuy.com/images/0766907979114_S7772498_P00.jpg,https://cdnbigbuy.com/images/0766907979114_S7772498_P10.jpg,,,159.31,10,NEW,22.13,20.58,12.79,1.06,5825.02,EUR,2,8,3
S2457024,8422084016494,de-AT,Gardening & DIY,Kinderfahrrad Toimsa Schwarz,"Bleiben Sie in Form und entdecken Sie die neuesten Innovationen der Branche, um mit den besten Voraussetzungen Sport zu betreiben! Kaufen Sie <b>Kinde","Bleiben Sie in Form und entdecken Sie die neuesten Innovationen der Branche, um mit den besten Voraussetzungen Sport zu betreiben! Kaufen Sie <b>Kinderfahrrad Toimsa Schwarz</b> zum besten Preis und genießen Sie ein gesundes Leben!<br><br><ul><li>Material: <ul><li>Kautschuk</li><li>Eisen</li></ul></li><li>Geschlecht: Für Kinder</li><li>Sprache: ES</li><li>Empfohlenes Alter: <ul><li>+ 5 Jahre</li><li>Kinder</li></ul></li><li>Format: 16""</li><li>Betriebsanleitung: ES-EN-IT-FR-DE</li><li>Art: Kinde",Pop Pulse Emporium,https://cdnbigbuy.com/images/8422084016494_S9190630_P00.jpg,https://cdnbigbuy.com/images/8422084016494_S2457024_P00.jpg,https://cdnbigbuy.com/images/8422084016494_S9190630_P10.jpg,,183.09,4,NEW,45.3,47.77,33.33,11.0,72125.49,EUR,2,8,3
S55295580,0198701663348,de-AT,Gardening & DIY,Kopfhörer Poly AV4P5AA#ABB Schwarz,"Wenn Sie auf der Suche nach trendigen Neuheiten auf dem Markt sind, präsentieren wir Ihnen <b>Kopfhörer Poly AV4P5AA#ABB Schwarz</b>!<br><br><p>Die <b","Wenn Sie auf der Suche nach trendigen Neuheiten auf dem Markt sind, präsentieren wir Ihnen <b>Kopfhörer Poly AV4P5AA#ABB Schwarz</b>!<br><br><p>Die <b>kabellosen Poly Voyager Legend Kopfhörer (Modell AV4P5AA#ABB)</b> in Schwarz sind für professionelle Kommunikationserlebnisse drinnen und draußen konzipiert. Ausgestattet mit <b>Bluetooth</b>-Technologie ermöglichen sie eine bequeme und schnelle Verbindung zu kompatiblen Geräten und garantieren eine Mobilität von bis zu <b>30 Metern</b> bei gleich",Pop Pulse Emporium,https://cdnbigbuy.com/images/1039864530.jpg,,,,147.55,25,NEW,15.52,15.05,11.41,0.26,2665.1,EUR,2,8,3
S37115738,5998167713763,de-AT,Gardening & DIY,Armlehne Armster OPEL CORSA F 2020 Polyskin,Statten Sie Ihr Fahrzeug mit den neuesten Produkten aus - kaufen Sie <b>Armlehne Armster OPEL CORSA F 2020 Polyskin</b> und verpassen Sie kein Detail!,"Statten Sie Ihr Fahrzeug mit den neuesten Produkten aus - kaufen Sie <b>Armlehne Armster OPEL CORSA F 2020 Polyskin</b> und verpassen Sie kein Detail!<br><br><p>Der <b>Armlehne Corsa F</b> der Marke Rati ist ein speziell für den <b>OPEL CORSA F (2020-)</b> entwickeltes Zubehör, hergestellt in <b>China</b> und erhältlich in den Farben <b>Schwarz</b> und <b>Grau</b>. Diese Armlehne zeichnet sich durch ihr ergonomisches Design aus und sorgt dank der höhenverstellbaren Funktion für eine bequeme Sitz",Pop Pulse Emporium,https://cdnbigbuy.com/images/5998167713763_S37115738_P00.jpg,https://cdnbigbuy.com/images/5998167713763_S37115738_P10.jpg,https://cdnbigbuy.com/images/5998167713763_S37115738_P20.jpg,https://cdnbigbuy.com/images/5998167713763_S37115738_P30.jpg,142.39,2,NEW,35.0,25.0,25.0,8.0,21875.0,EUR,2,8,3
S2433251,8422084014599,de-AT,Gardening & DIY,"Kinderfahrrad Bluey 14"" Blau grün","Bleiben Sie in Form und entdecken Sie die neuesten Innovationen der Branche, um mit den besten Voraussetzungen Sport zu betreiben! Kaufen Sie <b>Kinde","Bleiben Sie in Form und entdecken Sie die neuesten Innovationen der Branche, um mit den besten Voraussetzungen Sport zu betreiben! Kaufen Sie <b>Kinderfahrrad Bluey 14"" Blau grün</b> zum besten Preis und genießen Sie ein gesundes Leben!<br><br><ul><li>Art: Kinderfahrrad</li><li>Format: 14""</li><li>Empfohlenes Alter: <ul><li>4-6 Jahre</li><li>+ 4 Jahre</li></ul></li><li>Farbe: <ul><li>Blau</li><li>grün</li></ul></li></ul>",Pop Pulse Emporium,https://cdnbigbuy.com/images/8422084014599_S2433251_P02.jpg,,,,158.85,25,NEW,19.0,53.0,80.5,10.0,81063.5,EUR,2,8,3
S3058469,8424002166953,de-AT,Gardening & DIY,"Leinwand Home ESPRIT polystyrol Leinwand 103 x 4,5 x 143 cm","<p>Wenn Sie Ihrem Zuhause einen Hauch von Originalität verleihen möchten, tun Sie dies mit <b>Leinwand Home ESPRIT polystyrol Leinwand 103 x 4,5 x 143","<p>Wenn Sie Ihrem Zuhause einen Hauch von Originalität verleihen möchten, tun Sie dies mit <b>Leinwand Home ESPRIT polystyrol Leinwand 103 x 4,5 x 143 cm</b>.</p><br><br><ul><li>Art: <ul><li>Bild</li><li>Leinwand</li></ul></li><li>Farbe: <ul><li>Weiß</li><li>Schwarz</li></ul></li><li>Material: <ul><li>polystyrol</li><li>Leinwand</li></ul></li><li>Merkmale: Handgemalt</li><li>Design: Moderne</li><li>Maße ca.: 103 x 4,5 x 143 cm</li></ul><br><br>Wichtige informationen: Verschiedene Designs. Versan",Pop Pulse Emporium,https://cdnbigbuy.com/images/8424002166953_S3058469_P30.jpg,https://cdnbigbuy.com/images/8424002166953_S3058469_P20.jpg,https://cdnbigbuy.com/images/8424002166953_S3058469_P10.jpg,https://cdnbigbuy.com/images/8424002166953_S3058469_P00.jpg,199.25,25,NEW,4.5,103.0,143.0,6.0,66280.5,EUR,2,8,3
S3625041,4899888641735,de-AT,Gardening & DIY,Dekorative Blume natürlich 13 x 37 x 14 cm (12 Stück),"<p>Wenn Sie Ihrem Zuhause einen Hauch von Originalität verleihen möchten, tun Sie dies mit <b>Dekorative Blume natürlich 13 x 37 x 14 cm (12 Stück)</b","<p>Wenn Sie Ihrem Zuhause einen Hauch von Originalität verleihen möchten, tun Sie dies mit <b>Dekorative Blume natürlich 13 x 37 x 14 cm (12 Stück)</b>.</p><br><br><ul><li>Art: Dekorative Blume</li><li>Stück: <ul><li>1 Stück</li><li>12 Stück</li></ul></li><li>Farbe: Hellbraun</li><li>Material: Holz</li><li>Wichtige informationen: Verschiedene Designs. Versand nach Zufallsprinzip und vom Bestand abhängig</li><li>Maße ca.: 13 x 37 x 14 cm</li></ul>",Pop Pulse Emporium,https://cdnbigbuy.com/images/S3625041_59556_1691569623-cropped_icon1.jpg,https://cdnbigbuy.com/images/S3625041_59556_1691569651-cropped1.jpg,https://cdnbigbuy.com/images/S3625041_59556_1691569623-cropped1.jpg,,102.07,25,NEW,59.0,34.0,41.0,5.0,82246.0,EUR,2,8,3
S7274746,8430622788925,de-AT,Gardening & DIY,Damenuhr Festina F20603/1,"Wenn Sie mit den neuesten Mode und Accessoire-Trends schritthalten wollen, kaufen Sie <b>Damenuhr Festina F20603/1</b> zum besten Preis.<br><br><ul><l","Wenn Sie mit den neuesten Mode und Accessoire-Trends schritthalten wollen, kaufen Sie <b>Damenuhr Festina F20603/1</b> zum besten Preis.<br><br><ul><li>Geschlecht: Damen</li><li>Extra Links: Kein</li><li>Typ der Uhr: Armbanduhr</li><li>Material des Armbands: Edelstahl</li><li>Material des Gehäuses: Edelstahl</li><li>Farbe: Silberfarben</li><li>Design: Damen</li><li>Uhrwerk: Quarz</li></ul>",Pop Pulse Emporium,https://cdnbigbuy.com/images/8430622788925_S7274746_P01.jpg,https://cdnbigbuy.com/images/73803_mandatory-watch1.jpg,,,189.6,50,NEW,39.0,19.0,10.0,0.4,7410.0,EUR,2,8,3
S0386857,0196163096254,de-AT,Gardening & DIY,Rucksack Michael Kors Jaycee Rosa 30 x 24 x 9 cm,Sind Sie modebewusst und begeistern sich für Accessoires? Wir bieten Ihnen <b>Rucksack Michael Kors Jaycee Rosa 30 x 24 x 9 cm</b> und ein breites Sor,Sind Sie modebewusst und begeistern sich für Accessoires? Wir bieten Ihnen <b>Rucksack Michael Kors Jaycee Rosa 30 x 24 x 9 cm</b> und ein breites Sortiment an modernen Handtaschen und Geldbeutel!<br><br><ul><li>Art: Rucksack</li><li>Geschlecht: Damen</li><li>Stil: Casual</li><li>Farbe: Rosa</li><li>Material: Leder</li><li>Maße ca.: 30 x 24 x 9 cm</li><li>Verschluss Armband: Reißverschluss</li></ul>,Pop Pulse Emporium,https://cdnbigbuy.com/images/0196163096254_S0386857_P00.jpg,https://cdnbigbuy.com/images/0196163096254_S0386857_P20.jpg,https://cdnbigbuy.com/images/0196163096254_S0386857_P10.jpg,,191.36,50,NEW,30.0,40.0,7.0,0.3,8400.0,EUR,2,8,3
M0517339,4961311881787,de-AT,Gardening & DIY,Original Toner Ricoh 407246 Schwarz,"Gehen Sie zurück ins Büro, ohne Details zu vergessen: Kaufen Sie <b>Original Toner Ricoh 407246 Schwarz</b> und seien Sie der Neid Ihrer Kollegen!<br>","Gehen Sie zurück ins Büro, ohne Details zu vergessen: Kaufen Sie <b>Original Toner Ricoh 407246 Schwarz</b> und seien Sie der Neid Ihrer Kollegen!<br><br><ul><li>Farbe: Schwarz</li><li>Kompatibel: <ul><li>SP 311DN</li><li>SP 311DNW</li><li>SP 311SFN</li><li>SP 311SFNW</li></ul></li><li>Merkmale: Original</li><li>Menge: 3500 pgs</li></ul>",Pop Pulse Emporium,https://cdnbigbuy.com/images/4961311881787_R00.jpg,,,,167.33,50,NEW,34.0,23.0,13.0,1.29,10166.0,EUR,2,8,3
S55159914,5400503000012,de-AT,Gardening & DIY,Videokamera Barco R9861500T01,"Wenn Sie sich leidenschaftlich mit <b>IT und Elektronik</b> beschäftigen, mit der Technologie auf dem neuesten Stand sein wollen und nicht einmal die ","Wenn Sie sich leidenschaftlich mit <b>IT und Elektronik</b> beschäftigen, mit der Technologie auf dem neuesten Stand sein wollen und nicht einmal die winzigsten Einzelheiten auslassen, kaufen Sie <b>Videokamera Barco R9861500T01</b>.<br><br><ul><li>Farbe: Schwarz</li></ul>",Pop Pulse Emporium,https://cdnbigbuy.com/images/180578710.jpg,,,,121.69,1,NEW,11.0,8.0,8.0,0.28,704.0,EUR,2,8,3
S72125651,0726644113615,de-AT,Gardening & DIY,Herrensonnenbrille Serengeti SS571003,"Wenn Sie auf der Suche nach trendigen Neuheiten auf dem Markt sind, präsentieren wir Ihnen <b>Herrensonnenbrille Serengeti SS571003</b>!<br><br><ul><l","Wenn Sie auf der Suche nach trendigen Neuheiten auf dem Markt sind, präsentieren wir Ihnen <b>Herrensonnenbrille Serengeti SS571003</b>!<br><br><ul><li>Art: Herrensonnenbrille</li><li>Schutz: 100% Schutz vor UV (UV400)</li><li>Geschlecht: Herren</li></ul>",Pop Pulse Emporium,https://cdnbigbuy.com/images/0726644113615_S72125651_P00.jpg,https://cdnbigbuy.com/images/0726644113615_S72125651_P10.jpg,https://cdnbigbuy.com/images/0726644113615_S72125651_P20.jpg,,162.47,4,NEW,10.0,10.0,10.06,0.28,1006.0,EUR,2,8,3
S0392792,0197853712911,de-AT,Gardening & DIY,Handtasche Michael Kors Carmela,"Wenn Sie auf der Suche nach trendigen Neuheiten auf dem Markt sind, präsentieren wir Ihnen <b>Handtasche Michael Kors Carmela</b>!<br><br><ul><li>Farb","Wenn Sie auf der Suche nach trendigen Neuheiten auf dem Markt sind, präsentieren wir Ihnen <b>Handtasche Michael Kors Carmela</b>!<br><br><ul><li>Farbe: Braun</li><li>Material: Canvas-Stoff</li><li>Verschluss Armband: Reißverschluss</li><li>Enthalten: Enthält Markenetui oder -hülle</li><li>Maße ca.: 20 x 12 x 7 cm</li></ul>",Pop Pulse Emporium,https://cdnbigbuy.com/images/0197853712911_S0392792_P00.jpg,https://cdnbigbuy.com/images/0197853712911_S0392792_P10.jpg,https://cdnbigbuy.com/images/0197853712911_S0392792_P20.jpg,,124.28,9,NEW,10.0,10.0,10.0,0.3,1000.0,EUR,2,8,3
S7190290,0840006697770,de-AT,Gardening & DIY,RAM Speicher Corsair CMK32GX5M2B5200Z40 5200 MHz 32 GB,"Wenn Sie sich leidenschaftlich mit <b>IT und Elektronik</b> beschäftigen, mit der Technologie auf dem neuesten Stand sein wollen und nicht einmal die ","Wenn Sie sich leidenschaftlich mit <b>IT und Elektronik</b> beschäftigen, mit der Technologie auf dem neuesten Stand sein wollen und nicht einmal die winzigsten Einzelheiten auslassen, kaufen Sie <b>RAM Speicher Corsair CMK32GX5M2B5200Z40 5200 MHz 32 GB</b>.<br><br><ul><li>Spannung: 1,25 V</li><li>Art: <ul><li>DDR5</li><li>Speicher (RAM)</li></ul></li><li>Speicher Typ: <ul><li>DIMM</li><li>DDR5</li></ul></li><li>Latenzzeit: CL40</li><li>Format: 2 x 16 GB</li><li>Geschwindigkeit: 5200 MHz</li><li",Pop Pulse Emporium,https://cdnbigbuy.com/images/0840006697770_I01.jpg,https://cdnbigbuy.com/images/0840006697770_I21.jpg,https://cdnbigbuy.com/images/0840006697770_R11.jpg,,163.24,2,NEW,15.4,9.2,1.0,0.06,141.68,EUR,2,8,3
S0392788,0197853701366,de-AT,Gardening & DIY,Handtasche Michael Kors Carmela,"Wenn Sie auf der Suche nach trendigen Neuheiten auf dem Markt sind, präsentieren wir Ihnen <b>Handtasche Michael Kors Carmela</b>!<br><br><ul><li>Farb","Wenn Sie auf der Suche nach trendigen Neuheiten auf dem Markt sind, präsentieren wir Ihnen <b>Handtasche Michael Kors Carmela</b>!<br><br><ul><li>Farbe: Braun</li><li>Material: Canvas-Stoff</li><li>Verschluss Armband: Reißverschluss</li><li>Enthalten: Enthält Markenetui oder -hülle</li><li>Maße ca.: 20 x 12 x 7 cm</li></ul>",Pop Pulse Emporium,https://cdnbigbuy.com/images/0197853701366_S0392788_P00.jpg,https://cdnbigbuy.com/images/0197853701366_S0392788_P20.jpg,https://cdnbigbuy.com/images/0197853701366_S0392788_P10.jpg,,124.28,10,NEW,10.0,10.0,10.0,0.3,1000.0,EUR,2,8,3
S71013640,3666162005887,de-AT,Gardening & DIY,LED-Lichterkette Lumisky Schwarz,"Wenn Sie auf der Suche nach trendigen Neuheiten auf dem Markt sind, präsentieren wir Ihnen <b>LED-Lichterkette Lumisky Schwarz</b>!<br><br><ul><li>Art","Wenn Sie auf der Suche nach trendigen Neuheiten auf dem Markt sind, präsentieren wir Ihnen <b>LED-Lichterkette Lumisky Schwarz</b>!<br><br><ul><li>Art: LED-Lichterkette</li><li>Farbe: Schwarz</li></ul>",Pop Pulse Emporium,https://cdnbigbuy.com/images/3666162005887_S71013640_P00.jpg,https://cdnbigbuy.com/images/3666162005887_S71013640_P40.jpg,https://cdnbigbuy.com/images/3666162005887_S71013640_P50.jpg,https://cdnbigbuy.com/images/3666162005887_S71013640_P10.jpg,149.9,5,NEW,34.0,32.0,25.0,2.93,27200.0,EUR,2,8,3
S7190537,4066407501881,de-AT,Gardening & DIY,Schlauch Gardena Liano PVC (30 m),"Wenn Sie bei der Einrichtung ihres Heims Wert auf Details legen und bei Produkten, die Ihnen das Leben leichter machen, auf dem letzten Stand sein möc","Wenn Sie bei der Einrichtung ihres Heims Wert auf Details legen und bei Produkten, die Ihnen das Leben leichter machen, auf dem letzten Stand sein möchten, dann kaufen Sie <b>Schlauch Gardena Liano PVC (30 m)</b> zum besten Preis.<br><br><ul><li>Länge: 30 m</li><li>Druck: 35 bar</li><li>Material: PVC</li><li>Farbe: Schwarz/Grau</li><li>Enthalten: Düse</li></ul>",Pop Pulse Emporium,https://cdnbigbuy.com/images/4066407501881_S7190537_P00.jpg,,,,108.25,2,NEW,15.8,20.0,35.0,4.0,11060.0,EUR,2,8,3
S2456285,8436623380229,de-AT,Gardening & DIY,Baby-Puppe Decuevas 50 cm,"Wenn Sie auf der Suche nach trendigen Neuheiten auf dem Markt sind, präsentieren wir Ihnen <b>Baby-Puppe Decuevas 50 cm</b>!<br><br><ul><li>Material: ","Wenn Sie auf der Suche nach trendigen Neuheiten auf dem Markt sind, präsentieren wir Ihnen <b>Baby-Puppe Decuevas 50 cm</b>!<br><br><ul><li>Material: <ul><li>Metall</li><li>Kunststoff</li></ul></li><li>Merkmale: Biegsam</li><li>Erfordert Montage: Ja</li><li>Batteriebetrieben: Kein</li><li>Lichter: Kein</li><li>Maße ca.: 50 cm</li></ul><br><br>Warnhinweise: Nur für Kinder über 36 Monate geeignet. Enthält kleine Komponenten. Ertrinkungsgefahr.",Pop Pulse Emporium,https://cdnbigbuy.com/images/8436623380229_S2456285_P00.jpg,https://cdnbigbuy.com/images/8436623380229_S2456285_P100.jpg,https://cdnbigbuy.com/images/8436623380229_S2456285_P40.jpg,https://cdnbigbuy.com/images/8436623380229_S2456285_P50.jpg,121.8,5,NEW,14.0,41.0,61.0,3.8,35014.0,EUR,2,8,3
S91105060,4009839530616,de-AT,Gardening & DIY,Pfanne Zwilling 65128-280-0 Edelstahl Ø 28 cm,"Wenn Sie bei der Einrichtung ihres Heims Wert auf Details legen und bei Produkten, die Ihnen das Leben leichter machen, auf dem letzten Stand sein möc","Wenn Sie bei der Einrichtung ihres Heims Wert auf Details legen und bei Produkten, die Ihnen das Leben leichter machen, auf dem letzten Stand sein möchten, dann kaufen Sie <b>Pfanne Zwilling 65128-280-0 Edelstahl Ø 28 cm</b> zum besten Preis.<br><br><ul><li>Material: <ul><li>Edelstahl</li><li>Stahl</li></ul></li><li>Breite: 2,8 cm</li><li>Geeignet für: <ul><li>Induktion</li><li>aus Keramik</li><li>Gas</li></ul></li><li>Merkmale: <ul><li>Spülmaschinen</li><li>Für den Ofen geeignet</li><li>Geeigne",Pop Pulse Emporium,https://cdnbigbuy.com/images/4009839530616_S91105060_P00.jpg,https://cdnbigbuy.com/images/4009839530616_S91105060_P60.jpg,https://cdnbigbuy.com/images/4009839530616_S91105060_P50.jpg,https://cdnbigbuy.com/images/4009839530616_S91105060_P40.jpg,100.38,10,NEW,27.0,8.0,51.0,1.52,11016.0,EUR,2,8,3
S7248299,8430622594533,de-AT,Gardening & DIY,Herrenuhr Festina F16760/1,"Wenn Sie mit den neuesten Mode und Accessoire-Trends schritthalten wollen, kaufen Sie <b>Herrenuhr Festina F16760/1</b> zum besten Preis.<br><br><ul><","Wenn Sie mit den neuesten Mode und Accessoire-Trends schritthalten wollen, kaufen Sie <b>Herrenuhr Festina F16760/1</b> zum besten Preis.<br><br><ul><li>Geschlecht: Herren</li><li>Extra Links: Kein</li><li>Typ der Uhr: Armbanduhr</li></ul>",Pop Pulse Emporium,https://cdnbigbuy.com/images/8430622594533_S7248299_P02.jpg,https://cdnbigbuy.com/images/47463_mandatory-watch2.jpg,,,178.58,50,NEW,32.0,19.0,10.0,0.4,6080.0,EUR,2,8,3
S0459408,4020628577667,de-AT,Gardening & DIY,Laptop Retro Games THE SPECTRUM,"Für unsere Kinder möchten wir nur das Beste, und deshalb möchten wir Ihnen <b>Laptop Retro Games THE SPECTRUM</b> vorstellen, perfekt für alle, die qu","Für unsere Kinder möchten wir nur das Beste, und deshalb möchten wir Ihnen <b>Laptop Retro Games THE SPECTRUM</b> vorstellen, perfekt für alle, die qualitativ hochwertige Produkte für die Kleinsten suchen. Kaufen Sie <b>Retro Games</b> zu den besten Preisen!<br><br><ul><li>Farbe: Schwarz</li><li>Anschlüsse: HDMI</li></ul>",Pop Pulse Emporium,https://cdnbigbuy.com/images/4020628577667_S0459408_P00.jpg,,,,129.27,5,NEW,27.6,31.75,32.5,1.67,28479.75,EUR,2,8,3
S0383686,8431777849196,de-AT,Gardening & DIY,Brillenfassung Vuarnet VL18080001-SUNCLIP Schwarz ø 54 mm,"Wenn Sie Ihren Kleiderschrank erneuern möchten, empfehlen wir Ihnen <b>Brillenfassung Vuarnet VL18080001-SUNCLIP Schwarz ø 54 mm</b> und weitere <b> P","Wenn Sie Ihren Kleiderschrank erneuern möchten, empfehlen wir Ihnen <b>Brillenfassung Vuarnet VL18080001-SUNCLIP Schwarz ø 54 mm</b> und weitere <b> Produkte von Vuarnet</b>! Jetzt für Sie die beste Qualität zum besten Preis!<br><br><ul><li>Merkmale: Gläser ohne Sehstärke</li><li>Geschlecht: Herren</li><li>Art: Brillenfassung</li><li>Farbe: Schwarz</li><li>Material: Edelstahl</li><li>Enthalten: Inklusive Markenetui</li><li>Brücke: 17 mm</li><li>Bügel: 145 mm</li><li>Linsen: ø 54 mm</li></ul>",Pop Pulse Emporium,https://cdnbigbuy.com/images/8431777849196_S0383686_P00.jpg,https://cdnbigbuy.com/images/8431777849196_S0383686_P10.jpg,https://cdnbigbuy.com/images/8431777849196_S0383686_P20.jpg,,111.18,10,NEW,10.0,10.0,10.0,0.3,1000.0,EUR,2,8,3
S7281796,8431242980782,de-AT,Gardening & DIY,Wecker Seiko QHL083Y Bunt,"Wenn Sie sich leidenschaftlich mit <b>IT und Elektronik</b> beschäftigen, mit der Technologie auf dem neuesten Stand sein wollen und nicht einmal die ","Wenn Sie sich leidenschaftlich mit <b>IT und Elektronik</b> beschäftigen, mit der Technologie auf dem neuesten Stand sein wollen und nicht einmal die winzigsten Einzelheiten auslassen, kaufen Sie <b>Wecker Seiko QHL083Y Bunt</b>.<br><br><ul><li>Funktionen: Wecker</li><li>Merkmale: Digital</li><li>Art: Wecker</li><li>Material: Kunststoff</li><li>Enthalten: Enthält Markenetui oder -hülle</li><li>Uhrwerk: Quarz</li></ul>",Pop Pulse Emporium,https://cdnbigbuy.com/images/8431242980782_S7281796_P01.jpg,,,,116.67,1,NEW,14.61,6.82,17.0,0.29,1693.88,EUR,2,8,3
S71014700,3336023117249,de-AT,Gardening & DIY,LED-Leisten Zolux 1 m,"Wenn Sie auf der Suche nach trendigen Neuheiten auf dem Markt sind, präsentieren wir Ihnen <b>LED-Leisten Zolux 1 m</b>!<br><br><p>Das <b>Zolux LED-Li","Wenn Sie auf der Suche nach trendigen Neuheiten auf dem Markt sind, präsentieren wir Ihnen <b>LED-Leisten Zolux 1 m</b>!<br><br><p>Das <b>Zolux LED-Lichtband</b> ist eine vielseitige und effiziente Beleuchtungslösung, die entwickelt wurde, um herkömmliche T8- oder T5-Neonröhren zu ersetzen und eine moderne, dimmbare Alternative in einem schlanken, anpassungsfähigen Format zu bieten. Hergestellt aus widerstandsfähigem <b>Kunststoff</b>, zeichnet sich dieses Band durch seine <b>schwarze Farbe</b> ",Pop Pulse Emporium,https://cdnbigbuy.com/images/3336023117249_S71014700_P00.jpg,https://cdnbigbuy.com/images/3336023117249_S71014700_P10.jpg,https://cdnbigbuy.com/images/3336023117249_S71014700_P20.jpg,https://cdnbigbuy.com/images/3336023117249_S71014700_P30.jpg,130.75,2,NEW,20.51,18.34,21.36,1.1,8034.64,EUR,2,8,3
S2011316,4057081017232,de-AT,Gardening & DIY,Sportrucksack Ergobag SIN-002-9B7 Blau,"Bleiben Sie in Form und entdecken Sie die neuesten Innovationen der Branche, um mit den besten Voraussetzungen Sport zu betreiben! Kaufen Sie <b>Sport","Bleiben Sie in Form und entdecken Sie die neuesten Innovationen der Branche, um mit den besten Voraussetzungen Sport zu betreiben! Kaufen Sie <b>Sportrucksack Ergobag SIN-002-9B7 Blau</b> zum besten Preis und genießen Sie ein gesundes Leben!<br><br><p>Der <b>Sport-Rucksack EBA-SIN-002-9B7</b> von <b>Ergobag</b> überzeugt mit einem vielseitigen und funktionalen Design, ideal für Freizeitaktivitäten und Sportbekleidung, geeignet für Herren und unisex. Hergestellt aus <b>hochwertigem synthetischem ",Pop Pulse Emporium,https://cdnbigbuy.com/images/4057081017232_001.jpg,https://cdnbigbuy.com/images/4057081017232_A01.jpg,,,124.28,5,NEW,34.0,4.0,38.0,1.0,5168.0,EUR,2,8,3
S7920669,1210001301696,de-AT,Gardening & DIY,Wasserwaage Toughbuilt tb-h2-l-m120lh-m Plattenspeicher Röhrenförmig Beleuchtet 120 cm,"Wenn Sie bei der Einrichtung ihres Heims Wert auf Details legen und bei Produkten, die Ihnen das Leben leichter machen, auf dem letzten Stand sein möc","Wenn Sie bei der Einrichtung ihres Heims Wert auf Details legen und bei Produkten, die Ihnen das Leben leichter machen, auf dem letzten Stand sein möchten, dann kaufen Sie <b>Wasserwaage Toughbuilt tb-h2-l-m120lh-m Plattenspeicher Röhrenförmig Beleuchtet 120 cm</b> zum besten Preis.<br><br><ul><li>Merkmale: <ul><li>Beleuchtet</li><li>Plattenspeicher</li><li>Schlagfest</li></ul></li><li>Form: Röhrenförmig</li><li>Farbe: Schwarz</li><li>Anzahl der Batterien: 2</li><li>Batteriebetrieben: Ja</li><li",Pop Pulse Emporium,https://cdnbigbuy.com/images/1210001301696_S7920669_P01.jpg,,,,138.46,50,NEW,7.0,5.0,120.0,2.08,4200.0,EUR,2,8,3
S8905808,4899888781417,de-AT,Gardening & DIY,Lautsprecher mit Karaoke Mikrofon Bontempi 4 Stück,"Für unsere Kinder möchten wir nur das Beste, und deshalb möchten wir Ihnen <b>Lautsprecher mit Karaoke Mikrofon Bontempi 4 Stück</b> vorstellen, perfe","Für unsere Kinder möchten wir nur das Beste, und deshalb möchten wir Ihnen <b>Lautsprecher mit Karaoke Mikrofon Bontempi 4 Stück</b> vorstellen, perfekt für alle, die qualitativ hochwertige Produkte für die Kleinsten suchen. Kaufen Sie <b>Bontempi</b> zu den besten Preisen!<br><br><ul><li>Art: Musik-Spielzeug</li><li>Material: Kunststoff</li><li>Funktionen: <ul><li>Licht</li><li>Sound</li></ul></li><li>Empfohlenes Alter: + 3 jahre</li><li>Stückzahl: 4 Stück</li><li>Inklusive Batterien: Ja</li><l",Pop Pulse Emporium,https://cdnbigbuy.com/images/s8905808_p0_icon1.jpg,https://cdnbigbuy.com/images/S8905808_P51.jpg,https://cdnbigbuy.com/images/s8905808_gpsrl_p11_icon1.jpg,https://cdnbigbuy.com/images/s8905808_p5_icon1.jpg,107.69,50,NEW,32.5,40.5,34.0,4.96,44752.5,EUR,2,8,3
S3713735,5055676510280,de-AT,Gardening & DIY,Silentblock Powerflex PFR85-1011,Statten Sie Ihr Fahrzeug mit den neuesten Produkten aus - kaufen Sie <b>Silentblock Powerflex PFR85-1011</b> und verpassen Sie kein Detail!<br><br><ul,Statten Sie Ihr Fahrzeug mit den neuesten Produkten aus - kaufen Sie <b>Silentblock Powerflex PFR85-1011</b> und verpassen Sie kein Detail!<br><br><ul><li>Anzahl der Stücke: 4 Stücke</li><li>Kompatibles Fahrzeug: VOLKSWAGEN T25/T3 TYPE 2 ALL MODELSSYNCRO</li></ul>,Pop Pulse Emporium,https://cdnbigbuy.com/images/5055676510280_S3713735_P0-v_11.jpg,https://cdnbigbuy.com/images/5055676510280_S3713735_P1-v_11.jpg,,,183.42,2,NEW,20.0,30.0,10.0,1.0,6000.0,EUR,2,8,3
S72118728,2050656126508,de-AT,Gardening & DIY,Damenuhr LIU JO TLJ2484 Gold,"Wenn Sie auf der Suche nach trendigen Neuheiten auf dem Markt sind, präsentieren wir Ihnen <b>Damenuhr LIU JO TLJ2484 Gold</b>!<br><br><ul><li>Extra L","Wenn Sie auf der Suche nach trendigen Neuheiten auf dem Markt sind, präsentieren wir Ihnen <b>Damenuhr LIU JO TLJ2484 Gold</b>!<br><br><ul><li>Extra Links: Kein</li><li>Typ der Uhr: Armbanduhr</li><li>Geschlecht: Damen</li><li>Farbe des Bandes: Gold</li></ul>",Pop Pulse Emporium,https://cdnbigbuy.com/images/2050656126508_S72118728_P00.jpg,https://cdnbigbuy.com/images/117740_mandatory-watch0.jpg,,,188.92,1,NEW,14.15,12.43,10.11,0.3,1778.19,EUR,2,8,3
S0458398,8436556993664,de-AT,Gardening & DIY,Smartwatch DCU KIDS PRO Schwarz Rosa,"Wenn Sie sich leidenschaftlich mit <b>IT und Elektronik</b> beschäftigen, mit der Technologie auf dem neuesten Stand sein wollen und nicht einmal die ","Wenn Sie sich leidenschaftlich mit <b>IT und Elektronik</b> beschäftigen, mit der Technologie auf dem neuesten Stand sein wollen und nicht einmal die winzigsten Einzelheiten auslassen, kaufen Sie <b>Smartwatch DCU KIDS PRO Schwarz Rosa</b>.<br><br><ul><li>Steckbares Produkt: Ja</li><li>Steckertyp: EU-Stecker</li><li>Typ der Uhr: Smartwatch</li><li>Merkmale: <ul><li>Touchscreen</li><li>Water resistant</li><li>Eingebaute Lautsprecher</li><li>Eingebautes Mikrofon</li><li>Eingebaute Kamera</li><li>M",Pop Pulse Emporium,https://cdnbigbuy.com/images/8436556993664_S0458398_P00.jpg,,,,129.17,5,NEW,11.49,10.93,10.1,0.19,1268.42,EUR,2,8,3
S71014216,3700948340059,de-AT,Gardening & DIY,Babybettchen Domiva,"Für unsere Kinder möchten wir Ihnen <b>Babybettchen Domiva</b> vorstellen, perfekt für alle, die qualitativ hochwertige Produkte für die Kleinsten suc","Für unsere Kinder möchten wir Ihnen <b>Babybettchen Domiva</b> vorstellen, perfekt für alle, die qualitativ hochwertige Produkte für die Kleinsten suchen. Kaufen Sie <b>Domiva</b> und weitere Marken und Lizenzen zu den besten Preisen!",Pop Pulse Emporium,https://cdnbigbuy.com/images/3700948340059_S71014216_P00.jpg,https://cdnbigbuy.com/images/3700948340059_S71014216_P10.jpg,https://cdnbigbuy.com/images/3700948340059_S71014216_P20.jpg,https://cdnbigbuy.com/images/3700948340059_S71014216_P30.jpg,157.26,4,NEW,87.54,51.45,24.2,2.35,108995.18,EUR,2,8,3
S7270448,4894816034511,de-AT,Gardening & DIY,Herrenuhr Timberland TDWGF2200704,"Wenn Sie mit den neuesten Mode und Accessoire-Trends schritthalten wollen, kaufen Sie <b>Herrenuhr Timberland TDWGF2200704</b> zum besten Preis.<br><b","Wenn Sie mit den neuesten Mode und Accessoire-Trends schritthalten wollen, kaufen Sie <b>Herrenuhr Timberland TDWGF2200704</b> zum besten Preis.<br><br><ul><li>Geschlecht: Herren</li><li>Extra Links: Kein</li><li>Typ der Uhr: Armbanduhr</li></ul>",Pop Pulse Emporium,https://cdnbigbuy.com/images/4894816034511_S7270448_P01.jpg,https://cdnbigbuy.com/images/4894816034511_S7270448_P11.jpg,https://cdnbigbuy.com/images/4894816034511_S7270448_P21.jpg,https://cdnbigbuy.com/images/69612_mandatory-watch1.jpg,163.64,22,NEW,32.0,19.0,10.0,0.4,6080.0,EUR,2,8,3
S72111733,8050506116851,de-AT,Gardening & DIY,Unisex-Armreif Unselfish Talent Jewels TJA-5-01-02-1-235 Silberfarben,"Wir präsentieren <b>Unisex-Armreif Unselfish Talent Jewels TJA-5-01-02-1-235 Silberfarben</b> und ein umfangreiches Sortiment von Ringen, Halsbändern,","Wir präsentieren <b>Unisex-Armreif Unselfish Talent Jewels TJA-5-01-02-1-235 Silberfarben</b> und ein umfangreiches Sortiment von Ringen, Halsbändern, Armbändern, Ohrringen, usw. zu einem großartigen Preis. Erfahren Sie mehr über unsere exklusiven und eleganten Schmuck und Modeschmuck für jeden Geschmack und Stil.<br><br><p>Das <b>unisex Armband TJA-5-01-02-1-235</b> der Marke <b>Talent Jewels</b> ist ein elegantes und vielseitiges Accessoire, das jeden Stil unabhängig vom Geschlecht ergänzt. Ge",Pop Pulse Emporium,https://cdnbigbuy.com/images/S72111733_1754377261-remove-background0.jpg,https://cdnbigbuy.com/images/8050506116851_S72111733_P00.jpg,,,123.12,5,NEW,10.0,9.99,10.0,0.3,999.0,EUR,2,8,3
S7289528,0194366186604,de-AT,Gardening & DIY,Herrenuhr Timex Q DIVER (Ø 38 mm),"Wenn Sie mit den neuesten Mode und Accessoire-Trends schritthalten wollen, kaufen Sie <b>Herrenuhr Timex Q DIVER (Ø 38 mm)</b> zum besten Preis.<br><b","Wenn Sie mit den neuesten Mode und Accessoire-Trends schritthalten wollen, kaufen Sie <b>Herrenuhr Timex Q DIVER (Ø 38 mm)</b> zum besten Preis.<br><br><ul><li>Extra Links: Kein</li><li>Typ der Uhr: Armbanduhr</li><li>Geschlecht: Herren</li><li>Funktionen: Datum</li><li>Material des Armbands: <ul><li>Gummi</li><li>Silikon</li></ul></li><li>Enthalten: Inklusive Markenetui</li><li>Wasserdicht: 5 atm</li><li>Kristall: Mineral</li><li>Uhrwerk: Quarz</li><li>Durchmesser des Uhrengehäuses: Ø 38 mm</li",Pop Pulse Emporium,https://cdnbigbuy.com/images/0194366186604_R01.jpg,https://cdnbigbuy.com/images/0194366186604_R11.jpg,https://cdnbigbuy.com/images/0194366186604_R21.jpg,https://cdnbigbuy.com/images/0194366186604_R31.jpg,143.46,17,NEW,14.15,12.43,10.11,0.3,1778.19,EUR,2,8,3
S5703142,8435501001539,de-AT,Gardening & DIY,Empfangsstuhl Villalgordo Piqueras y Crespo BALI840 Schwarz,"Gehen Sie zurück ins Büro, ohne Details zu vergessen: Kaufen Sie <b>Empfangsstuhl Villalgordo Piqueras y Crespo BALI840 Schwarz</b> und seien Sie der ","Gehen Sie zurück ins Büro, ohne Details zu vergessen: Kaufen Sie <b>Empfangsstuhl Villalgordo Piqueras y Crespo BALI840 Schwarz</b> und seien Sie der Neid Ihrer Kollegen!<br><br><p>Der <b>Empfangsstuhl 27NBALI840</b> der renommierten Marke <b>Piqueras y Crespo</b> ist speziell für Empfangsbereiche und Wartezonen konzipiert und verbindet Funktionalität mit schlichter Ästhetik. Seine <b>schwarze Farbe</b> verleiht eine elegante und vielseitige Optik, die sich ideal an verschiedene professionelle E",Pop Pulse Emporium,https://cdnbigbuy.com/images/8435501001539_S5703142_P12.jpg,,,,101.83,1,NEW,76.0,10.0,67.0,7.5,50920.0,EUR,2,8,3
S7198181,4063846445257,de-AT,Gardening & DIY,Kinderstuhl Cybex Lemo Learning Tower Schwarz,"Für unsere Kinder möchten wir Ihnen <b>Kinderstuhl Cybex Lemo Learning Tower Schwarz</b> vorstellen, perfekt für alle, die qualitativ hochwertige Prod","Für unsere Kinder möchten wir Ihnen <b>Kinderstuhl Cybex Lemo Learning Tower Schwarz</b> vorstellen, perfekt für alle, die qualitativ hochwertige Produkte für die Kleinsten suchen. Kaufen Sie <b>Cybex</b> und weitere Marken und Lizenzen zu den besten Preisen!<br><br><ul><li>Art: Stuhl</li><li>Max. unterstütztes Gewicht: 25 kg</li><li>Merkmale: <ul><li>Antirutsch</li><li>Einstellbare Höhe</li></ul></li><li>Farbe: Schwarz</li><li>Maße ca.: 90 x 45,7 x 35,2 cm</li><li>Material: <ul><li>Thermoplasti",Pop Pulse Emporium,https://cdnbigbuy.com/images/4063846445257_S7198181_P00.jpg,https://cdnbigbuy.com/images/4063846445257_S7198181_P10.jpg,https://cdnbigbuy.com/images/4063846445257_S7198181_P20.jpg,https://cdnbigbuy.com/images/4063846445257_S7198181_P30.jpg,134.59,4,NEW,45.72,36.58,14.22,2.16,23782.06,EUR,2,8,3
S7117310,3221320050606,de-AT,Gardening & DIY,Teleskop-Schlüssel AEG,Statten Sie Ihr Fahrzeug mit den neuesten Produkten aus - kaufen Sie <b>Teleskop-Schlüssel AEG</b> und verpassen Sie kein Detail!<br><br><ul><li>Art: ,"Statten Sie Ihr Fahrzeug mit den neuesten Produkten aus - kaufen Sie <b>Teleskop-Schlüssel AEG</b> und verpassen Sie kein Detail!<br><br><ul><li>Art: Teleskop-Schlüssel</li><li>Gewicht: 1,2 kg</li><li>Material: Chrom-Vanadium-Stahl</li></ul>",Pop Pulse Emporium,https://cdnbigbuy.com/images/3221320050606_S7117310_P0_WBG0.jpg,https://cdnbigbuy.com/images/3221320050606_S7117310_P2_WBG0.jpg,https://cdnbigbuy.com/images/3221320050606_S7117310_P1_WBG0.jpg,,109.57,1,NEW,41.6,7.0,6.0,1.58,1747.2,EUR,2,8,3
S0391918,0196237483430,de-AT,Gardening & DIY,Handtasche Michael Kors 35H3STVT6B-PEARL-GREY,"Wenn Sie auf der Suche nach trendigen Neuheiten auf dem Markt sind, präsentieren wir Ihnen <b>Handtasche Michael Kors 35H3STVT6B-PEARL-GREY</b>!<br><b","Wenn Sie auf der Suche nach trendigen Neuheiten auf dem Markt sind, präsentieren wir Ihnen <b>Handtasche Michael Kors 35H3STVT6B-PEARL-GREY</b>!<br><br><ul><li>Art: Handtasche</li><li>Geschlecht: Damen</li><li>Farbe: Grau</li><li>Material: <ul><li>Canvas-Stoff</li><li>Kunstleder</li></ul></li><li>Verschluss Armband: Reißverschluss</li><li>Enthalten: Enthält Markenetui oder -hülle</li><li>Maße ca.: 36,8 x 26 x 17,1 cm</li></ul>",Pop Pulse Emporium,https://cdnbigbuy.com/images/0196237483430_S0391918_P00.jpg,https://cdnbigbuy.com/images/0196237483430_S0391918_P10.jpg,https://cdnbigbuy.com/images/0196237483430_S0391918_P20.jpg,,174.71,5,NEW,10.0,10.0,10.0,0.3,1000.0,EUR,2,8,3
S9912456,5400520205353,de-AT,Gardening & DIY,Koffer für die Kabine American Tourister 146674-6636 Blau 55 x 40 x 20 cm,"Bleiben Sie in Form und entdecken Sie die neuesten Innovationen der Branche, um mit den besten Voraussetzungen Sport zu betreiben! Kaufen Sie <b>Koffe","Bleiben Sie in Form und entdecken Sie die neuesten Innovationen der Branche, um mit den besten Voraussetzungen Sport zu betreiben! Kaufen Sie <b>Koffer für die Kabine American Tourister 146674-6636 Blau 55 x 40 x 20 cm</b> zum besten Preis und genießen Sie ein gesundes Leben!<br><br><ul><li>Art: <ul><li>Koffer</li><li>Trolley</li></ul></li><li>Farbe: Blau</li><li>Material: 100 % polyester</li><li>Räder: Räder x 4</li><li>Maße ca.: 55 x 40 x 20 cm</li><li>Geschlecht: <ul><li>Unisex-Erwachsene</li",Pop Pulse Emporium,https://cdnbigbuy.com/images/5400520205353_S9912456_P00.jpg,,,,111.63,2,NEW,36.1,34.82,47.1,3.17,59204.79,EUR,2,8,3
S7275024,8430622761386,de-AT,Gardening & DIY,"Herrenuhr Festina CLASSICS (Ø 40,5 mm)","Wenn Sie mit den neuesten Mode und Accessoire-Trends schritthalten wollen, kaufen Sie <b>Herrenuhr Festina CLASSICS (Ø 40,5 mm)</b> zum besten Preis.<","Wenn Sie mit den neuesten Mode und Accessoire-Trends schritthalten wollen, kaufen Sie <b>Herrenuhr Festina CLASSICS (Ø 40,5 mm)</b> zum besten Preis.<br><br><ul><li>Geschlecht: Herren</li><li>Extra Links: Kein</li><li>Typ der Uhr: Armbanduhr</li><li>Funktionen: Datum</li><li>Material des Armbands: Edelstahl</li><li>Enthalten: Inklusive Markenetui</li><li>Wasserdicht: 5 atm</li><li>Kristall: Mineral</li><li>Uhrwerk: Quarz</li><li>Durchmesser des Uhrengehäuses: Ø 40,5 mm</li><li>Land/Region der He",Pop Pulse Emporium,https://cdnbigbuy.com/images/8430622761386_S7275024_P01.jpg,https://cdnbigbuy.com/images/74081_mandatory-watch1.jpg,,,158.83,50,NEW,32.0,19.0,10.0,0.4,6080.0,EUR,2,8,3
S9197825,0019048211378,de-AT,Gardening & DIY,Lautsprecher Kenwood KFC-1653MRW 1 Stücke,Statten Sie Ihr Fahrzeug mit den neuesten Produkten aus - kaufen Sie <b>Lautsprecher Kenwood KFC-1653MRW 1 Stücke</b> und verpassen Sie kein Detail!<b,Statten Sie Ihr Fahrzeug mit den neuesten Produkten aus - kaufen Sie <b>Lautsprecher Kenwood KFC-1653MRW 1 Stücke</b> und verpassen Sie kein Detail!<br><br><ul><li>Farbe: Weiß</li><li>Leistung: <ul><li>50 W</li><li>150 W</li><li>120 W</li></ul></li><li>Anzahl der Stücke: 1 Stücke</li><li>Land/Region der Herstellung: Spanien</li><li>Jahr: 2015</li></ul>,Pop Pulse Emporium,https://cdnbigbuy.com/images/0019048211378_S9197825_P00.jpg,,,,103.54,2,NEW,20.0,11.5,40.5,2.07,9315.0,EUR,2,8,3
S0374310,7613272433525,de-AT,Gardening & DIY,Herrenuhr Tommy Hilfiger 1791871 (Ø 45 mm),"Wenn Sie mit den neuesten Mode und Accessoire-Trends schritthalten wollen, kaufen Sie <b>Herrenuhr Tommy Hilfiger 1791871 (Ø 45 mm)</b> zum besten Pre","Wenn Sie mit den neuesten Mode und Accessoire-Trends schritthalten wollen, kaufen Sie <b>Herrenuhr Tommy Hilfiger 1791871 (Ø 45 mm)</b> zum besten Preis.<br><br><ul><li>Farbe des Bandes: Grau</li><li>Farbe des Uhrengehäuses: Grau</li><li>Farbe der Krone: Schwarz</li><li>Material des Armbands: Stahl</li><li>Wasserdicht: 5 atm</li><li>Kristall: Mineral</li><li>Enthalten: Inklusive Markenetui</li><li>Uhrwerk: Quarz</li><li>Uhrengehäuse-Material: Edelstahl</li><li>Durchmesser des Uhrengehäuses: Ø 45",Pop Pulse Emporium,https://cdnbigbuy.com/images/7613272433525_S0374310_P01.jpg,https://cdnbigbuy.com/images/70673_mandatory-watch1.jpg,,,163.61,2,NEW,32.0,19.0,10.0,0.4,6080.0,EUR,2,8,3
S7175586,4018653120897,de-AT,Gardening & DIY,Zaun Kerbl grün,"Wenn Sie auf der Suche nach trendigen Neuheiten auf dem Markt sind, präsentieren wir Ihnen <b>Zaun Kerbl grün</b>!<br><br><ul><li>Art: Red</li><li>Hau","Wenn Sie auf der Suche nach trendigen Neuheiten auf dem Markt sind, präsentieren wir Ihnen <b>Zaun Kerbl grün</b>!<br><br><ul><li>Art: Red</li><li>Haustier: Kleine Tiere</li><li>groß: 106 cm</li><li>Maße ca.: <ul><li>50 m</li><li>106 cm</li></ul></li><li>Farbe: grün</li><li>Ungefähres Gewicht: 2,5 kg</li></ul>",Pop Pulse Emporium,https://cdnbigbuy.com/images/4018653120897_S7175586_P11.jpg,https://cdnbigbuy.com/images/4018653120897_S7175586_P01.jpg,https://cdnbigbuy.com/images/4018653120897_S7175586_P51.jpg,,181.92,5,NEW,122.0,26.0,20.0,9.7,63440.0,EUR,2,8,3
S9130113,3182550752015,de-AT,Gardening & DIY,Katzenfutter Royal Canin Digestive Care Fisch Erwachsener Reise Pflanzlich Vögel 10 kg,"Wenn Sie auf der Suche nach trendigen Neuheiten auf dem Markt sind, präsentieren wir Ihnen <b>Katzenfutter Royal Canin Digestive Care Fisch Erwachsene","Wenn Sie auf der Suche nach trendigen Neuheiten auf dem Markt sind, präsentieren wir Ihnen <b>Katzenfutter Royal Canin Digestive Care Fisch Erwachsener Reise Pflanzlich Vögel 10 kg</b>!<br><br><ul><li>Geschmack: <ul><li>Fisch</li><li>Reise</li><li>Pflanzlich</li><li>Vögel</li></ul></li><li>Empfohlenes Alter: Erwachsener</li><li>Selen: 0,41 MG/KG</li><li>Taurin: 1000 MG/KG</li><li>Thiamin: 15,7 MG/KG</li><li>Vitamin A: 20000 IU/KG</li><li>Vitamin B12: 160 ΜG/KG</li><li>Vitamin B6: 25,8 MG/KG</li>",Pop Pulse Emporium,https://cdnbigbuy.com/images/3182550752015_S9130113_P01.jpg,https://cdnbigbuy.com/images/3182550752015_S9130113_P11.jpg,,,131.59,25,NEW,46.0,15.0,38.0,10.05,26220.0,EUR,2,8,3
S8901270,4899888614517,de-AT,Gardening & DIY,Schutzhülle Aktive Tische 240 x 60 x 130 cm (6 Stück),"Wenn Sie bei der Einrichtung ihres Heims Wert auf Details legen und bei Produkten, die Ihnen das Leben leichter machen, auf dem letzten Stand sein möc","Wenn Sie bei der Einrichtung ihres Heims Wert auf Details legen und bei Produkten, die Ihnen das Leben leichter machen, auf dem letzten Stand sein möchten, dann kaufen Sie <b>Schutzhülle Aktive Tische 240 x 60 x 130 cm (6 Stück)</b>.<br><br><ul><li>Material: Polyester</li><li>Stück: 6 Stück</li><li>Maße ca.: 240 x 60 x 130 cm</li><li>Merkmale: <ul><li>Wasserfest</li><li>Einstellbar</li></ul></li><li>Art: Hülle</li><li>Geeignet für: Tische</li></ul>",Pop Pulse Emporium,https://cdnbigbuy.com/images/S8901270_P0_icon_icon4.jpg,https://cdnbigbuy.com/images/S8901270_6966_1686207412_cropped4.jpg,https://cdnbigbuy.com/images/S8901270_P0_icon4.jpg,https://cdnbigbuy.com/images/S8901270_P04.jpg,121.52,10,NEW,27.5,38.0,20.5,3.41,21422.5,EUR,2,8,3
M0509593,0190781061120,de-AT,Gardening & DIY,Recycelte Fixiereinheit HP LaserJet,"Wenn Sie sich leidenschaftlich mit <b>IT und Elektronik</b> beschäftigen, mit der Technologie auf dem neuesten Stand sein wollen und nicht einmal die ","Wenn Sie sich leidenschaftlich mit <b>IT und Elektronik</b> beschäftigen, mit der Technologie auf dem neuesten Stand sein wollen und nicht einmal die winzigsten Einzelheiten auslassen, kaufen Sie <b>Recycelte Fixiereinheit HP LaserJet</b>.<br><br><ul><li>Art: Recycelte Fixiereinheit</li></ul>",Pop Pulse Emporium,https://cdnbigbuy.com/images/0190781061120_R00.jpg,,,,152.93,10,NEW,48.5,21.5,17.0,3.34,17726.75,EUR,2,8,3
S9175303,5902221622342,de-AT,Gardening & DIY,Mückenvernichtungslampe N'oveen IKN1080 Silberfarben Stahl,"Wenn Sie bei der Einrichtung ihres Heims Wert auf Details legen und bei Produkten, die Ihnen das Leben leichter machen, auf dem letzten Stand sein möc","Wenn Sie bei der Einrichtung ihres Heims Wert auf Details legen und bei Produkten, die Ihnen das Leben leichter machen, auf dem letzten Stand sein möchten, dann kaufen Sie <b>Mückenvernichtungslampe N'oveen IKN1080 Silberfarben Stahl</b> zum besten Preis.<br><br><ul><li>Farbe: Silberfarben</li><li>Material: Stahl</li></ul>",Pop Pulse Emporium,https://cdnbigbuy.com/images/5902221622342_S9175303_P00.jpg,https://cdnbigbuy.com/images/5902221622342_S9175303_P10.jpg,,,158.73,4,NEW,16.8,41.2,74.7,6.21,51704.35,EUR,2,8,3
S37114897,8033280413095,de-AT,Gardening & DIY,Sicherheits-Schuhe Sparco Allroad-H Motegi Schwarz Gelb 42,"Wenn Ihnen Ihre Gesundheit am Herzen liegt und Sie Produkte haben möchten, die <b> Schutz und Wellness</b> bieten, dann kaufen Sie <b> Sicherheits-Sch","Wenn Ihnen Ihre Gesundheit am Herzen liegt und Sie Produkte haben möchten, die <b> Schutz und Wellness</b> bieten, dann kaufen Sie <b> Sicherheits-Schuhe Sparco Allroad-H Motegi Schwarz Gelb 42</b> und viele andere <b>Produkte von Sparco</b> zu den besten Preisen!<br><br><ul><li>Geschlecht: <ul><li>Unisex</li><li>Unisex-Erwachsene</li></ul></li><li>Empfohlenes Alter: Erwachsene</li><li>Material: <ul><li>Mikrofasern</li><li>Nylon</li></ul></li><li>Merkmale: <ul><li>Water resistant</li><li>S3 SRC<",Pop Pulse Emporium,https://cdnbigbuy.com/images/8033280413095_S37114897_P02.jpg,https://cdnbigbuy.com/images/8033280413095_R62.jpg,https://cdnbigbuy.com/images/8033280413095_R12.jpg,https://cdnbigbuy.com/images/8033280413095_R22.jpg,116.98,5,NEW,12.0,25.0,35.0,3.0,10500.0,EUR,2,8,3
S9130413,4977766779609,de-AT,Gardening & DIY,Druckertrommel Brother DR-2401,"Wenn Sie sich leidenschaftlich mit <b>IT und Elektronik</b> beschäftigen, mit der Technologie auf dem neuesten Stand sein wollen und nicht einmal die ","Wenn Sie sich leidenschaftlich mit <b>IT und Elektronik</b> beschäftigen, mit der Technologie auf dem neuesten Stand sein wollen und nicht einmal die winzigsten Einzelheiten auslassen, kaufen Sie <b>Druckertrommel Brother DR-2401</b>.<br><br><ul><li>Kompatibel: <ul><li>Brother</li><li>DCP-L2512D</li></ul></li><li>Art: Original</li><li>Kapazität: 12000 Seiten</li><li>Technologie: Laser</li><li>Merkmale: Original</li></ul>",Pop Pulse Emporium,https://cdnbigbuy.com/images/4977766779609_I01.jpg,https://cdnbigbuy.com/images/4977766779609_I31.jpg,,,118.87,2,NEW,12.0,22.0,35.0,0.68,9240.0,EUR,2,8,3
S0389512,0193599450896,de-AT,Gardening & DIY,Umhängetasche Michael Kors 35S0GTVT1L-LUGGAGE Braun 29 x 24 x 13 cm,"Wenn Sie auf der Suche nach trendigen Neuheiten auf dem Markt sind, präsentieren wir Ihnen <b>Umhängetasche Michael Kors 35S0GTVT1L-LUGGAGE Braun 29 x","Wenn Sie auf der Suche nach trendigen Neuheiten auf dem Markt sind, präsentieren wir Ihnen <b>Umhängetasche Michael Kors 35S0GTVT1L-LUGGAGE Braun 29 x 24 x 13 cm</b>!<br><br><ul><li>Art: Umhängetasche</li><li>Farbe: Braun</li><li>Material: Canvas-Stoff</li><li>Verschluss Armband: Reißverschluss</li><li>Enthalten: Enthält Markenetui oder -hülle</li><li>Maße ca.: 29 x 24 x 13 cm</li></ul>",Pop Pulse Emporium,https://cdnbigbuy.com/images/0193599450896_S0389512_P00.jpg,https://cdnbigbuy.com/images/0193599450896_S0389512_P10.jpg,https://cdnbigbuy.com/images/0193599450896_S0389512_P20.jpg,,191.36,20,NEW,10.0,10.0,10.0,0.3,1000.0,EUR,2,8,3
S0375933,0194900656365,de-AT,Gardening & DIY,Damen Handtasche Michael Kors Jet Set Braun 21 x 16 x 9 cm,Sind Sie modebewusst und begeistern sich für Accessoires? Wir bieten Ihnen <b>Damen Handtasche Michael Kors Jet Set Braun 21 x 16 x 9 cm</b> und ein b,Sind Sie modebewusst und begeistern sich für Accessoires? Wir bieten Ihnen <b>Damen Handtasche Michael Kors Jet Set Braun 21 x 16 x 9 cm</b> und ein breites Sortiment an modernen Handtaschen und Geldbeutel!<br><br><ul><li>Geschlecht: Damen</li><li>Art: Damen Handtasche</li><li>Farbe: Braun</li><li>Material: Haut</li><li>Verschluss Armband: Reißverschluss</li><li>Maße ca.: 21 x 16 x 9 cm</li></ul>,Pop Pulse Emporium,https://cdnbigbuy.com/images/0194900656365_S0375933_P00.jpg,https://cdnbigbuy.com/images/0194900656365_S0375933_P10.jpg,https://cdnbigbuy.com/images/0194900656365_S0375933_P20.jpg,,158.05,10,NEW,10.0,10.0,10.0,0.3,1000.0,EUR,2,8,3
S0442544,5025232924578,de-AT,Gardening & DIY,Soundbar Panasonic Corp. Schwarz 100 W RMS,"Wenn Sie sich leidenschaftlich mit <b>IT und Elektronik</b> beschäftigen, mit der Technologie auf dem neuesten Stand sein wollen und nicht einmal die ","Wenn Sie sich leidenschaftlich mit <b>IT und Elektronik</b> beschäftigen, mit der Technologie auf dem neuesten Stand sein wollen und nicht einmal die winzigsten Einzelheiten auslassen, kaufen Sie <b>Soundbar Panasonic Corp. Schwarz 100 W RMS</b>.<br><br><ul><li>Steckbares Produkt: Ja</li><li>Steckertyp: EU-Stecker</li><li>Leistung: 100 W</li><li>Art: <ul><li>Lautsprecher</li><li>Wandmontage</li><li>Soundbar</li><li>Wireless</li></ul></li><li>Farbe: Schwarz</li><li>Merkmale: <ul><li>USB-Anschluss",Pop Pulse Emporium,https://cdnbigbuy.com/images/50252329245782.jpg,,,,123.96,45,NEW,39.16,41.58,28.04,10.0,45656.77,EUR,2,8,3
S55051789,0882658094750,de-AT,Gardening & DIY,Drucker-Etiketten Zebra Perform 1000T Weiß (4 Stück),"Wenn Sie sich leidenschaftlich mit <b>IT und Elektronik</b> beschäftigen, mit der Technologie auf dem neuesten Stand sein wollen und nicht einmal die ","Wenn Sie sich leidenschaftlich mit <b>IT und Elektronik</b> beschäftigen, mit der Technologie auf dem neuesten Stand sein wollen und nicht einmal die winzigsten Einzelheiten auslassen, kaufen Sie <b>Drucker-Etiketten Zebra Perform 1000T Weiß (4 Stück)</b>.<br><br><ul><li>Farbe: Weiß</li><li>Format: 100 x 150 mm</li><li>Material: Papier</li><li>Technologie: Thermal</li><li>Stückzahl: 4 Stück</li></ul>",Pop Pulse Emporium,https://cdnbigbuy.com/images/139967941.jpg,,,,122.64,50,NEW,43.0,23.0,22.0,9.31,21758.0,EUR,2,8,3
S7198182,4063846445295,de-AT,Gardening & DIY,Kinderstuhl Cybex Learning Tower Weiß,"Für unsere Kinder möchten wir Ihnen <b>Kinderstuhl Cybex Learning Tower Weiß</b> vorstellen, perfekt für alle, die qualitativ hochwertige Produkte für","Für unsere Kinder möchten wir Ihnen <b>Kinderstuhl Cybex Learning Tower Weiß</b> vorstellen, perfekt für alle, die qualitativ hochwertige Produkte für die Kleinsten suchen. Kaufen Sie <b>Cybex</b> und weitere Marken und Lizenzen zu den besten Preisen!<br><br><ul><li>Art: Stuhl</li><li>Merkmale: <ul><li>Antirutsch</li><li>Einstellbare Höhe</li></ul></li><li>Max. unterstütztes Gewicht: 25 kg</li><li>Empfohlenes Alter: 1-5 Jahre</li><li>Material: <ul><li>Thermoplastischer Kunststoff</li><li>Silikon",Pop Pulse Emporium,https://cdnbigbuy.com/images/4063846445295_S7198182_P00.jpg,https://cdnbigbuy.com/images/4063846445295_R30.jpg,https://cdnbigbuy.com/images/4063846445295_R10.jpg,https://cdnbigbuy.com/images/4063846445295_R60.jpg,134.59,2,NEW,45.72,36.58,14.48,2.16,24216.9,EUR,2,8,3
S91123583,6970526500527,de-AT,Gardening & DIY,Taschenlampe Acebeam L18 GREEN LIGHT,"Wenn Sie auf der Suche nach trendigen Neuheiten auf dem Markt sind, präsentieren wir Ihnen <b>Taschenlampe Acebeam L18 GREEN LIGHT</b>!<br><br><ul><li","Wenn Sie auf der Suche nach trendigen Neuheiten auf dem Markt sind, präsentieren wir Ihnen <b>Taschenlampe Acebeam L18 GREEN LIGHT</b>!<br><br><ul><li>Farbe: Schwarz</li><li>Merkmale: <ul><li>LED</li><li>Water resistant</li></ul></li><li>IP-Klassifizierung: IP68</li><li>Material: Aluminium</li><li>Funktionen: Licht</li><li>Glühbirnen-Typ: LED</li><li>Stromquelle: Batterie</li><li>Technologie: LED</li><li>Enthalten: Batterie</li><li>Inklusive Batterien: Ja</li><li>Batteriebetrieben: <ul><li>Kein<",Pop Pulse Emporium,https://cdnbigbuy.com/images/6970526500527_R00.jpg,https://cdnbigbuy.com/images/6970526500527_R20.jpg,https://cdnbigbuy.com/images/6970526500527_R30.jpg,https://cdnbigbuy.com/images/6970526500527_R40.jpg,100.06,4,NEW,19.7,9.8,6.7,0.35,1293.5,EUR,2,8,3
S8902553,4899888760696,de-AT,Gardening & DIY,Slime Doctor Squish (12 Stück),"Gehen Sie zurück ins Büro, ohne Details zu vergessen: Kaufen Sie <b>Slime Doctor Squish (12 Stück)</b> und seien Sie der Neid Ihrer Kollegen!<br><br><","Gehen Sie zurück ins Büro, ohne Details zu vergessen: Kaufen Sie <b>Slime Doctor Squish (12 Stück)</b> und seien Sie der Neid Ihrer Kollegen!<br><br><ul><li>Art: <ul><li>Aufkleber</li><li>Slime</li></ul></li><li>Farbe: Bunt</li><li>Material: Kunststoff</li><li>Empfohlenes Alter: + 8 Jahre</li><li>Stückzahl: 12 Stück</li><li>Enthalten: Zubehör</li><li>Maße ca.: 4 x 5 x 4 cm</li></ul>",Pop Pulse Emporium,https://cdnbigbuy.com/images/s8902553_p0_icon1.jpg,https://cdnbigbuy.com/images/S8902553_P31.jpg,https://cdnbigbuy.com/images/S8902553_P41.jpg,https://cdnbigbuy.com/images/S8902553_P51.jpg,115.84,25,NEW,31.5,32.0,24.0,1.92,24192.0,EUR,2,8,3
S9906765,8436542859301,de-AT,Gardening & DIY,"eBook SPC Dickens Light 2 Schwarz 128 GB 6""","Wenn Sie sich leidenschaftlich mit <b>IT und Elektronik</b> beschäftigen, mit der Technologie auf dem neuesten Stand sein wollen und nicht einmal die ","Wenn Sie sich leidenschaftlich mit <b>IT und Elektronik</b> beschäftigen, mit der Technologie auf dem neuesten Stand sein wollen und nicht einmal die winzigsten Einzelheiten auslassen, kaufen Sie <b>eBook SPC Dickens Light 2 Schwarz 128 GB 6""</b>.<br><br><ul><li>Art: eBook</li><li>Kompatibel: Micro SD</li><li>Auflösung: 1024 x 758 px</li><li>Formate: PDF</li><li>Steckbares Produkt: Ja</li><li>Steckertyp: EU-Stecker</li><li>Merkmale: <ul><li>Batterie</li><li>Speicher</li><li>Tasten-Steuerung</li>",Pop Pulse Emporium,https://cdnbigbuy.com/images/8436542859301_S9906765_P00.jpg,https://cdnbigbuy.com/images/8436542859301_S9906765_P30.jpg,https://cdnbigbuy.com/images/8436542859301_S9906765_P40.jpg,https://cdnbigbuy.com/images/8436542859301_S9906765_P50.jpg,127.11,10,NEW,2.03,28.7,42.93,0.04,2503.55,EUR,2,8,3
S55000055,7331021032309,de-AT,Gardening & DIY,UTP starres Netzwerkkabel der Kategorie 6 Axis 5502-731 5 m,"Wenn Sie sich leidenschaftlich mit <b>IT und Elektronik</b> beschäftigen, mit der Technologie auf dem neuesten Stand sein wollen und nicht einmal die ","Wenn Sie sich leidenschaftlich mit <b>IT und Elektronik</b> beschäftigen, mit der Technologie auf dem neuesten Stand sein wollen und nicht einmal die winzigsten Einzelheiten auslassen, kaufen Sie <b>UTP starres Netzwerkkabel der Kategorie 6 Axis 5502-731 5 m</b>.<br><br><ul><li>Anschlüsse: RJ45</li><li>Art: <ul><li>Netzwerkkabel</li><li>Stecker</li><li>Stecker/Stecker</li><li>Cat6</li></ul></li><li>Farbe: Schwarz</li><li>Länge des Kabels: 5 m</li></ul>",Pop Pulse Emporium,https://cdnbigbuy.com/images/7331021032309_I31.jpg,,,,123.67,2,NEW,23.0,20.0,10.0,0.39,4600.0,EUR,2,8,3
S05113539,3349668614523,de-AT,Gardening & DIY,Herrenparfüm Paco Rabanne   EDP Invictus Victory Elixir 100 ml,<p>Lassen Sie&nbsp;<strong>100 % Original-Herrenparfüm Paco Rabanne   EDP Invictus Victory Elixir 100 ml</strong> Sie &uuml;berraschen und feieren Ihr,"<p>Lassen Sie&nbsp;<strong>100 % Original-Herrenparfüm Paco Rabanne   EDP Invictus Victory Elixir 100 ml</strong> Sie &uuml;berraschen und feieren Ihre Weiblichkeit mit dem exklusiven <strong>Frauenparfum </strong>mit einzigartigem, pers&ouml;nlichen Duft. Entdecken Sie die <strong>100 % Original-Produkte von Paco Rabanne</strong>!</p><br><br><ul><li>Geschlecht: <ul><li>Herren</li><li>Unisex</li></ul></li><li>Kapazität: 100 ml</li><li>Inhaltsstoffe: <ul><li>Water (Aqua)</li><li>Benzyl cinnamate<",Pop Pulse Emporium,https://cdnbigbuy.com/images/3349668614523_I20.jpg,https://cdnbigbuy.com/images/3349668614523_I00.jpg,,,126.99,5,NEW,6.8,9.0,12.5,0.37,765.0,EUR,2,8,3
S7133951,5099206091733,de-AT,Gardening & DIY,Mouse Logitech Pro x Superlight 25600 dpi Weiß Gaming,"Wenn Sie sich leidenschaftlich mit <b>IT und Elektronik</b> beschäftigen, mit der Technologie auf dem neuesten Stand sein wollen und nicht einmal die ","Wenn Sie sich leidenschaftlich mit <b>IT und Elektronik</b> beschäftigen, mit der Technologie auf dem neuesten Stand sein wollen und nicht einmal die winzigsten Einzelheiten auslassen, kaufen Sie <b>Mouse Logitech Pro x Superlight 25600 dpi Weiß Gaming</b>.<br><br><ul><li>Mouse: 25600 dpi</li><li>Art: <ul><li>Gaming</li><li>Mouse</li><li>Optische Maus</li></ul></li><li>Farbe: Weiß</li><li>Anschlüsse: <ul><li>Micro USB B</li><li>USB</li></ul></li><li>Material: <ul><li>Aluminium</li><li>PTFE</li><",Pop Pulse Emporium,https://cdnbigbuy.com/images/511543832.jpg,https://cdnbigbuy.com/images/511543812.jpg,,,191.27,5,NEW,11.7,18.4,7.0,0.34,1506.96,EUR,2,8,3
S0384000,0091661529733,de-AT,Gardening & DIY,Damenuhr Guess GW0472L1 (Ø 35 mm),"Wenn Sie mit den neuesten Mode und Accessoire-Trends schritthalten wollen, kaufen Sie <b>Damenuhr Guess GW0472L1 (Ø 35 mm)</b> zum besten Preis.<br><b","Wenn Sie mit den neuesten Mode und Accessoire-Trends schritthalten wollen, kaufen Sie <b>Damenuhr Guess GW0472L1 (Ø 35 mm)</b> zum besten Preis.<br><br><ul><li>Geschlecht: Damen</li><li>Extra Links: Kein</li><li>Typ der Uhr: Armbanduhr</li><li>Material des Armbands: Edelstahl</li><li>Uhrengehäuse-Material: Edelstahl</li><li>Uhrwerk: Quarz</li><li>Kristall: Mineral</li><li>Wasserdicht: Kein</li><li>Enthalten: Inklusive Markenetui</li><li>Verschluss Armband: Schmetterling</li><li>Farbe der Krone: ",Pop Pulse Emporium,https://cdnbigbuy.com/images/0091661529733_S0384000_P00.jpg,https://cdnbigbuy.com/images/0091661529733_S0384000_P20.jpg,https://cdnbigbuy.com/images/0091661529733_S0384000_P30.jpg,https://cdnbigbuy.com/images/47243_mandatory-watch0.jpg,129.89,25,NEW,32.0,19.0,10.0,0.4,6080.0,EUR,2,8,3
S7287767,8056597944830,de-AT,Gardening & DIY,Herrensonnenbrille Emporio Armani EA 4210,"Wenn Sie gern die neusten Produkte aus <b>Fashion & Accessoires</b> tragen möchten, dann sind Accessoires, wie die <b>Herrensonnenbrille Emporio Arman","Wenn Sie gern die neusten Produkte aus <b>Fashion & Accessoires</b> tragen möchten, dann sind Accessoires, wie die <b>Herrensonnenbrille Emporio Armani EA 4210</b> ein Muss, um Ihren Look abzurunden! Vertrauen Sie auf die Marken für <b>Sonnenbrillen</b>.<br><br><ul><li>Art: Herrensonnenbrille</li><li>Schutz: 100% Schutz vor UV (UV400)</li><li>Geschlecht: Herren</li></ul>",Pop Pulse Emporium,https://cdnbigbuy.com/images/8056597944830_S7287767_P00.jpg,https://cdnbigbuy.com/images/8056597944830_S7287767_P10.jpg,,,173.82,2,NEW,10.22,9.75,10.06,0.28,1002.43,EUR,2,8,3
S0387878,7613272429337,de-AT,Gardening & DIY,Herrenuhr MVMT 28000127-D (Ø 38 mm),"Wenn Sie auf der Suche nach trendigen Neuheiten auf dem Markt sind, präsentieren wir Ihnen <b>Herrenuhr MVMT 28000127-D (Ø 38 mm)</b>!<br><br><ul><li>","Wenn Sie auf der Suche nach trendigen Neuheiten auf dem Markt sind, präsentieren wir Ihnen <b>Herrenuhr MVMT 28000127-D (Ø 38 mm)</b>!<br><br><ul><li>Geschlecht: Herren</li><li>Extra Links: Kein</li><li>Typ der Uhr: Armbanduhr</li><li>Material des Armbands: Edelstahl</li><li>Farbe des Bandes: Silberfarben</li><li>Farbe der Krone: Silberfarben</li><li>Enthalten: Enthält Markenetui oder -hülle</li><li>Uhrwerk: Quarz</li><li>Uhrengehäuse-Material: Edelstahl</li><li>Durchmesser des Uhrengehäuses: Ø ",Pop Pulse Emporium,https://cdnbigbuy.com/images/7613272429337_S0387878_P00.jpg,https://cdnbigbuy.com/images/84237_mandatory-watch0.jpg,,,105.57,5,NEW,32.0,19.0,10.0,0.4,6080.0,EUR,2,8,3
S7172295,4005176580826,de-AT,Gardening & DIY,Duschkopf Grohe 26695000,"Wenn Sie bei der Einrichtung ihres Heims Wert auf Details legen und bei Produkten, die Ihnen das Leben leichter machen, auf dem letzten Stand sein möc","Wenn Sie bei der Einrichtung ihres Heims Wert auf Details legen und bei Produkten, die Ihnen das Leben leichter machen, auf dem letzten Stand sein möchten, dann kaufen Sie <b>Duschkopf Grohe 26695000</b> zum besten Preis.<br><br><ul><li>Empfohlene verwendung: Bad & Dusche</li><li>Finish: Verchromt</li></ul>",Pop Pulse Emporium,https://cdnbigbuy.com/images/4005176580826_S7172295_P01.jpg,https://cdnbigbuy.com/images/4005176580826_R21.jpg,https://cdnbigbuy.com/images/4005176580826_S7172295_P21.jpg,,144.6,2,NEW,31.2,35.2,9.6,1.4,10543.1,EUR,2,8,3
S37116168,5998167753042,de-AT,Gardening & DIY,Armlehne Armster FORD CONNECT RHD 2014-2018 Stoff,Statten Sie Ihr Fahrzeug mit den neuesten Produkten aus - kaufen Sie <b>Armlehne Armster FORD CONNECT RHD 2014-2018 Stoff</b> und verpassen Sie kein D,"Statten Sie Ihr Fahrzeug mit den neuesten Produkten aus - kaufen Sie <b>Armlehne Armster FORD CONNECT RHD 2014-2018 Stoff</b> und verpassen Sie kein Detail!<br><br><p>Der <b>Armster 3 Armlehne</b>, speziell für den <b>FORD CONNECT RHD 2014-2018</b> entwickelt, ist ein hochwertiges Zubehör, das mittels eines spezifischen Adapters an der Mittelkonsole montiert wird und so eine perfekte, maßgeschneiderte Passform garantiert. Diese <b>zentrale Armlehne</b> in <b>schwarz</b> besticht durch ihre <b>st",Pop Pulse Emporium,https://cdnbigbuy.com/images/5998167753042_S37116168_P00.jpg,https://cdnbigbuy.com/images/5998167753042_S37116168_P30.jpg,https://cdnbigbuy.com/images/5998167753042_S37116168_P40.jpg,https://cdnbigbuy.com/images/5998167753042_S37116168_P50.jpg,127.29,1,NEW,35.0,25.0,25.0,8.0,21875.0,EUR,2,8,3
S7913184,8720573225984,de-AT,Gardening & DIY,Kofferset PR World Reiseset Schwarz,Sind Sie modebewusst und begeistern sich für Accessoires? Wir bieten Ihnen <b>Kofferset PR World Reiseset Schwarz</b> und ein breites Sortiment an mod,Sind Sie modebewusst und begeistern sich für Accessoires? Wir bieten Ihnen <b>Kofferset PR World Reiseset Schwarz</b> und ein breites Sortiment an modernen Handtaschen und Geldbeutel!<br><br><ul><li>Merkmale: <ul><li>Mit Griffen</li><li>360 Grad drehbar</li><li>2 Fächer mit Reißverschluss</li></ul></li><li>Material: Aluminium</li><li>Maße ca.: <ul><li>36 x 24 x 53 cm</li><li>44 x 26 x 63 cm</li></ul></li><li>Art: <ul><li>Reiseset</li><li>Koffer</li></ul></li><li>Farbe: Schwarz</li><li>Räder: 4</,Pop Pulse Emporium,https://cdnbigbuy.com/images/8720573225984_00_WBG3.jpg,,,,117.64,5,NEW,27.0,45.0,64.0,6.38,77760.0,EUR,2,8,3
S0365602,9009654485479,de-AT,Gardening & DIY,Damenarmreif Adore 5448547 6 cm,"Wir präsentieren <b>Damenarmreif Adore 5448547 6 cm</b> und ein umfangreiches Sortiment von Ringen, Halsbändern, Armbändern, Ohrringen, usw. zu einem ","Wir präsentieren <b>Damenarmreif Adore 5448547 6 cm</b> und ein umfangreiches Sortiment von Ringen, Halsbändern, Armbändern, Ohrringen, usw. zu einem großartigen Preis. Erfahren Sie mehr über unsere exklusiven und eleganten Schmuck und Modeschmuck für jeden Geschmack und Stil.<br><br><ul><li>Art: Damenarmreif</li><li>Geschlecht: Damen</li><li>Farbe: Bunt</li><li>Material: Metall</li><li>Verschluss Armband: Karabinerhaken</li><li>Enthalten: Inklusive Markenetui</li><li>Maße ca.: 6 cm</li></ul>",Pop Pulse Emporium,https://cdnbigbuy.com/images/9009654485479_S0365602_P01.jpg,,,,107.43,8,NEW,10.0,10.0,10.0,0.3,1000.0,EUR,2,8,3
S9122173,4713294224392,de-AT,Gardening & DIY,RAM Speicher GSKILL Aegis DDR4 CL16 32 GB,"Wenn Sie sich leidenschaftlich mit <b>IT und Elektronik</b> beschäftigen, mit der Technologie auf dem neuesten Stand sein wollen und nicht einmal die ","Wenn Sie sich leidenschaftlich mit <b>IT und Elektronik</b> beschäftigen, mit der Technologie auf dem neuesten Stand sein wollen und nicht einmal die winzigsten Einzelheiten auslassen, kaufen Sie <b>RAM Speicher GSKILL Aegis DDR4 CL16 32 GB</b>.<br><br><ul><li>Kapazität: 32 GB</li><li>Art: <ul><li>DDR4</li><li>Speicher (RAM)</li></ul></li><li>Anschlüsse: 288-pin DIMM</li><li>Format: 4 x 8 GB</li><li>Spannung: <ul><li>1,2 V</li><li>1,35 V</li></ul></li><li>Empfohlene verwendung: PC/Server</li><li",Pop Pulse Emporium,https://cdnbigbuy.com/images/4713294224392_I01.jpg,https://cdnbigbuy.com/images/4713294224392_I21.jpg,https://cdnbigbuy.com/images/4713294224392_I41.jpg,https://cdnbigbuy.com/images/4713294224392_I61.jpg,124.95,1,NEW,14.0,1.5,16.0,0.1,336.0,EUR,2,8,3
S7918946,4004625411360,de-AT,Gardening & DIY,Wasserpumpe Super Ego bjs-300 3000 L/H,"Wenn Sie bei der Einrichtung ihres Heims Wert auf Details legen und bei Produkten, die Ihnen das Leben leichter machen, auf dem letzten Stand sein möc","Wenn Sie bei der Einrichtung ihres Heims Wert auf Details legen und bei Produkten, die Ihnen das Leben leichter machen, auf dem letzten Stand sein möchten, dann kaufen Sie <b>Wasserpumpe Super Ego bjs-300 3000 L/H</b> zum besten Preis.<br><br><ul><li>Steckbares Produkt: Ja</li><li>Steckertyp: EU-Stecker</li><li>Art: Bewässerungssystem</li><li>Merkmale: <ul><li>Tragegriff</li><li>Schlagfest</li><li>Vielseitig und anpassungsfähig</li></ul></li><li>Installationsart: Oberfläche</li><li>Leistung: 600",Pop Pulse Emporium,https://cdnbigbuy.com/images/4004625411360_R0_WBG2.jpg,,,,113.08,10,NEW,20.0,20.0,15.0,6.98,6000.0,EUR,2,8,3
S71007006,5702017592466,de-AT,Gardening & DIY,Konstruktionsspiel Lego 71437 Bowser's Express Train Bunt 1392 Stücke,"<p>Wenn Sie Ihrem Zuhause einen Hauch von Originalität verleihen möchten, tun Sie dies mit <b>Konstruktionsspiel Lego 71437 Bowser's Express Train Bun","<p>Wenn Sie Ihrem Zuhause einen Hauch von Originalität verleihen möchten, tun Sie dies mit <b>Konstruktionsspiel Lego 71437 Bowser's Express Train Bunt 1392 Stücke</b>.</p><br><br><ul><li>Art: <ul><li>Deko-Figur</li><li>Konstruktionsspiel</li></ul></li><li>Anzahl der Stücke: 1392 Stücke</li><li>Farbe: Bunt</li><li>Material: Kunststoff</li><li>Empfohlenes Alter: + 9 Jahre</li></ul>",Pop Pulse Emporium,https://cdnbigbuy.com/images/5702017592466_S71007006_P00.jpg,https://cdnbigbuy.com/images/5702017592466_S71007006_P10.jpg,https://cdnbigbuy.com/images/5702017592466_S71007006_P20.jpg,https://cdnbigbuy.com/images/5702017592466_S71007006_P30.jpg,153.3,10,NEW,47.6,37.4,9.6,2.17,17090.3,EUR,2,8,3
S3056010,8424002119393,de-AT,Gardening & DIY,"Leinwand Home ESPRIT Kiefer Leinwand 82 x 4,5 x 82 cm 82,2 x 4,5 x 82,2 cm","<p>Wenn Sie Ihrem Zuhause einen Hauch von Originalität verleihen möchten, tun Sie dies mit <b>Leinwand Home ESPRIT Kiefer Leinwand 82 x 4,5 x 82 cm 82","<p>Wenn Sie Ihrem Zuhause einen Hauch von Originalität verleihen möchten, tun Sie dies mit <b>Leinwand Home ESPRIT Kiefer Leinwand 82 x 4,5 x 82 cm 82,2 x 4,5 x 82,2 cm</b>.</p><br><br><ul><li>Art: <ul><li>Bild</li><li>Leinwand</li></ul></li><li>Farbe: <ul><li>Weiß</li><li>Beige</li></ul></li><li>Material: <ul><li>Kiefer</li><li>Leinwand</li></ul></li><li>Merkmale: Handgemalt</li><li>Design: <ul><li>abstrakt</li><li>Urban</li></ul></li><li>Maße ca.: <ul><li>82 x 4,5 x 82 cm</li><li>82,2 x 4,5 x ",Pop Pulse Emporium,https://cdnbigbuy.com/images/8424002119393_S3056010_P30.jpg,https://cdnbigbuy.com/images/8424002119393_S3056010_P20.jpg,https://cdnbigbuy.com/images/8424002119393_S3056010_P10.jpg,https://cdnbigbuy.com/images/8424002119393_S3056010_P00.jpg,148.98,23,NEW,49.0,27.84,28.73,1.34,39192.32,EUR,2,8,3
S7277161,8434103490734,de-AT,Gardening & DIY,Herrenuhr Lorus RM337JX9 Silberfarben,"Wenn Sie mit den neuesten Mode und Accessoire-Trends schritthalten wollen, kaufen Sie <b>Herrenuhr Lorus RM337JX9 Silberfarben</b> zum besten Preis.<b","Wenn Sie mit den neuesten Mode und Accessoire-Trends schritthalten wollen, kaufen Sie <b>Herrenuhr Lorus RM337JX9 Silberfarben</b> zum besten Preis.<br><br><ul><li>Geschlecht: Herren</li><li>Extra Links: Kein</li><li>Typ der Uhr: Armbanduhr</li><li>Farbe: Silberfarben</li><li>Farbe der Krone: Blau</li><li>Uhrwerk: Quarz</li></ul>",Pop Pulse Emporium,https://cdnbigbuy.com/images/8434103490734_S7277161_P11.jpg,https://cdnbigbuy.com/images/8434103490734_S7277161_P01.jpg,https://cdnbigbuy.com/images/76218_mandatory-watch1.jpg,,164.76,2,NEW,32.0,19.0,10.0,0.4,6080.0,EUR,2,8,3
S37117191,8056690419068,de-AT,Gardening & DIY,Handschuhe OMP OMPKB0-2751-A01-071-005,"Wenn Sie auf der Suche nach trendigen Neuheiten auf dem Markt sind, präsentieren wir Ihnen <b>Handschuhe OMP OMPKB0-2751-A01-071-005</b>!<br><br><ul><","Wenn Sie auf der Suche nach trendigen Neuheiten auf dem Markt sind, präsentieren wir Ihnen <b>Handschuhe OMP OMPKB0-2751-A01-071-005</b>!<br><br><ul><li>Art: Handschuhe</li><li>Homologiert: FIA 8877-2022</li></ul>",Pop Pulse Emporium,https://cdnbigbuy.com/images/8056690419068_S37117191_P00.jpg,https://cdnbigbuy.com/images/8056690419068_S37117191_P10.jpg,https://cdnbigbuy.com/images/8056690419068_S37117191_P20.jpg,https://cdnbigbuy.com/images/8056690419068_S37117191_P30.jpg,152.27,2,NEW,20.0,20.0,20.0,1.0,8000.0,EUR,2,8,3
S91113787,0730143317122,de-AT,Gardening & DIY,Prozessor AMD 100-100000253BOX AMD Ryzen 5300G AMD AM4,"Wenn Sie sich leidenschaftlich mit <b>IT und Elektronik</b> beschäftigen, mit der Technologie auf dem neuesten Stand sein wollen und nicht einmal die ","Wenn Sie sich leidenschaftlich mit <b>IT und Elektronik</b> beschäftigen, mit der Technologie auf dem neuesten Stand sein wollen und nicht einmal die winzigsten Einzelheiten auslassen, kaufen Sie <b>Prozessor AMD 100-100000253BOX AMD Ryzen 5300G AMD AM4</b>.<br><br><ul><li>Leistung: 65 W</li><li>Lithographie: 7 NM</li><li>Prozessorfamilie: <ul><li>AMD Ryzen 3</li><li>AMD</li></ul></li><li>Grafiktreiber: AMD RADEON GRAPHICS</li><li>Cache: <ul><li>8 MB</li><li>L3</li></ul></li><li>Kerne: 4 Kerne</",Pop Pulse Emporium,https://cdnbigbuy.com/images/0730143317122_S91113787_P00.jpg,,,,142.8,10,NEW,13.3,7.7,13.8,0.44,1413.26,EUR,2,8,3
S9131223,0043859646906,de-AT,Gardening & DIY,Mikroschnitt-Aktenvernichter Fellowes 53C 23 L 4 x 35 mm 23 L 10 Blatt,"Wenn Sie sich leidenschaftlich mit <b>IT und Elektronik</b> beschäftigen, mit der Technologie auf dem neuesten Stand sein wollen und nicht einmal die ","Wenn Sie sich leidenschaftlich mit <b>IT und Elektronik</b> beschäftigen, mit der Technologie auf dem neuesten Stand sein wollen und nicht einmal die winzigsten Einzelheiten auslassen, kaufen Sie <b>Mikroschnitt-Aktenvernichter Fellowes 53C 23 L 4 x 35 mm 23 L 10 Blatt</b>.<br><br><ul><li>Sicherheit: P-4</li><li>Farbe: <ul><li>Silberfarben</li><li>Schwarz</li></ul></li><li>Format: 4 x 35 mm</li><li>Gilt für: <ul><li>Clip</li><li>Kreditkarten</li><li>CD</li></ul></li><li>Maße ca.: 45,7 x 35,5 x 2",Pop Pulse Emporium,https://cdnbigbuy.com/images/0043859646906_3_P01.jpg,https://cdnbigbuy.com/images/0043859646906_1_P31.jpg,https://cdnbigbuy.com/images/0043859646906_2_P11.jpg,https://cdnbigbuy.com/images/0043859646906_0_P21.jpg,136.36,5,NEW,37.0,24.0,43.0,7.4,38184.0,EUR,2,8,3
M0522854,0632983088548,de-AT,Gardening & DIY,Toner Kyocera,"Wenn Sie auf der Suche nach trendigen Neuheiten auf dem Markt sind, präsentieren wir Ihnen <b>Toner Kyocera</b>!<br><br><ul><li>Art: Toner</li></ul>","Wenn Sie auf der Suche nach trendigen Neuheiten auf dem Markt sind, präsentieren wir Ihnen <b>Toner Kyocera</b>!<br><br><ul><li>Art: Toner</li></ul>",Pop Pulse Emporium,https://cdnbigbuy.com/images/0632983088548_M0522854_P00.jpg,,,,173.6,10,NEW,34.27,33.06,21.35,0.91,24188.83,EUR,2,8,3
S7293887,4894138360459,de-AT,Gardening & DIY,Herrenuhr Lorus RH967QX9,"Wenn Sie mit den neuesten Mode und Accessoire-Trends schritthalten wollen, kaufen Sie <b>Herrenuhr Lorus RH967QX9</b> zum besten Preis.<br><br><ul><li","Wenn Sie mit den neuesten Mode und Accessoire-Trends schritthalten wollen, kaufen Sie <b>Herrenuhr Lorus RH967QX9</b> zum besten Preis.<br><br><ul><li>Geschlecht: Herren</li><li>Extra Links: Kein</li><li>Typ der Uhr: Armbanduhr</li></ul>",Pop Pulse Emporium,https://cdnbigbuy.com/images/4894138360459_R01.jpg,https://cdnbigbuy.com/images/92899_mandatory-watch1.jpg,,,108.1,2,NEW,14.15,12.43,10.11,0.3,1778.19,EUR,2,8,3
S91119461,5400520248770,de-AT,Gardening & DIY,"Sportrucksack Gregory Jade 20 LT Blau 25,4 x 50,8 x 21,6 cm 20 L","Wenn Sie auf der Suche nach trendigen Neuheiten auf dem Markt sind, präsentieren wir Ihnen <b>Sportrucksack Gregory Jade 20 LT Blau 25,4 x 50,8 x 21,6","Wenn Sie auf der Suche nach trendigen Neuheiten auf dem Markt sind, präsentieren wir Ihnen <b>Sportrucksack Gregory Jade 20 LT Blau 25,4 x 50,8 x 21,6 cm 20 L</b>!<br><br><p>Der <b>Jade 20 LT Sport-Rucksack</b> von <b>Gregory</b> ist eine vielseitige und funktionale Wahl für Sportler und Abenteurer, die zuverlässige Ausrüstung suchen. Er bietet ein <b>Volumen von 20 Litern</b>, ideal zum Verstauen aller wichtigen Dinge bei Outdoor-Aktivitäten, Trainingseinheiten oder kurzen Ausflügen. Hergestell",Pop Pulse Emporium,https://cdnbigbuy.com/images/5400520248770_S91119461_P00.jpg,https://cdnbigbuy.com/images/5400520248770_S91119461_P40.jpg,https://cdnbigbuy.com/images/5400520248770_S91119461_P10.jpg,https://cdnbigbuy.com/images/5400520248770_S91119461_P20.jpg,120.4,1,NEW,54.3,13.2,36.3,1.09,26018.39,EUR,2,8,3
S0385080,0193599729978,de-AT,Gardening & DIY,Damen Handtasche Michael Kors 35T0GTVT3V-BROWN Braun 39 x 29 x 16 cm,Sind Sie modebewusst und begeistern sich für Accessoires? Wir bieten Ihnen <b>Damen Handtasche Michael Kors 35T0GTVT3V-BROWN Braun 39 x 29 x 16 cm</b>,Sind Sie modebewusst und begeistern sich für Accessoires? Wir bieten Ihnen <b>Damen Handtasche Michael Kors 35T0GTVT3V-BROWN Braun 39 x 29 x 16 cm</b> und ein breites Sortiment an modernen Handtaschen und Geldbeutel!<br><br><ul><li>Art: <ul><li>Handtasche</li><li>Damen Handtasche</li></ul></li><li>Geschlecht: Damen</li><li>Farbe: Braun</li><li>Material: Canvas-Stoff</li><li>Verschluss Armband: Reißverschluss</li><li>Enthalten: Enthält Markenetui oder -hülle</li><li>Maße ca.: 39 x 29 x 16 cm</li>,Pop Pulse Emporium,https://cdnbigbuy.com/images/0193599729978_S0385080_P00.jpg,https://cdnbigbuy.com/images/0193599729978_S0385080_P20.jpg,https://cdnbigbuy.com/images/0193599729978_S0385080_P10.jpg,,165.45,5,NEW,25.0,25.0,10.0,0.3,6250.0,EUR,2,8,3
S7252124,5600468105979,de-AT,Gardening & DIY,Damenhalskette AN Jewels AL.NLOY1YF,"Wenn Sie mit den neuesten Mode und Accessoire-Trends schritthalten wollen, kaufen Sie <b>Damenhalskette AN Jewels AL.NLOY1YF</b> zum besten Preis.<br>","Wenn Sie mit den neuesten Mode und Accessoire-Trends schritthalten wollen, kaufen Sie <b>Damenhalskette AN Jewels AL.NLOY1YF</b> zum besten Preis.<br><br><ul><li>Geschlecht: Damen</li><li>Art: Damenhalskette</li></ul>",Pop Pulse Emporium,https://cdnbigbuy.com/images/5600468105979_S7252124_P10.jpg,,,,132.82,4,NEW,9.98,9.98,9.92,0.3,988.04,EUR,2,8,3
S7195761,3701085204488,de-AT,Gardening & DIY,Smarter Video-Türöffner SCS SENTINEL VisioKit 7,"Wenn Sie bei der Einrichtung ihres Heims Wert auf Details legen und bei Produkten, die Ihnen das Leben leichter machen, auf dem letzten Stand sein möc","Wenn Sie bei der Einrichtung ihres Heims Wert auf Details legen und bei Produkten, die Ihnen das Leben leichter machen, auf dem letzten Stand sein möchten, dann kaufen Sie <b>Smarter Video-Türöffner SCS SENTINEL VisioKit 7</b> zum besten Preis.<br><br><ul><li>Art: Smarter Video-Türöffner</li><li>Enthalten: <ul><li>Video-Türsprechanlage</li><li>Türsprechanlage</li><li>Betriebsanleitung</li><li>Installationssatz</li></ul></li><li>Funktionen: Gegensprechanlage</li><li>Anzahl der Stücke: 2 Stücke</l",Pop Pulse Emporium,https://cdnbigbuy.com/images/3701085204488_S7195761_P00.jpg,https://cdnbigbuy.com/images/3701085204488_S7195761_P30.jpg,https://cdnbigbuy.com/images/3701085204488_S7195761_P40.jpg,https://cdnbigbuy.com/images/3701085204488_S7195761_P10.jpg,169.58,9,NEW,22.7,30.3,9.5,1.21,6534.2,EUR,2,8,3
S7190162,0840006616016,de-AT,Gardening & DIY,Schnurlose Mouse Corsair DARK CORE RGB PRO Schwarz,"Wenn Sie sich leidenschaftlich mit <b>IT und Elektronik</b> beschäftigen, mit der Technologie auf dem neuesten Stand sein wollen und nicht einmal die ","Wenn Sie sich leidenschaftlich mit <b>IT und Elektronik</b> beschäftigen, mit der Technologie auf dem neuesten Stand sein wollen und nicht einmal die winzigsten Einzelheiten auslassen, kaufen Sie <b>Schnurlose Mouse Corsair DARK CORE RGB PRO Schwarz</b>.<br><br><ul><li>Art: <ul><li>Gaming</li><li>Wireless</li><li>Optiker</li><li>Schnurlose Mouse</li><li>Optische Maus</li></ul></li><li>Farbe: Schwarz</li><li>Konnektivität: <ul><li>Bluetooth</li><li>Wireless</li></ul></li><li>Beleuchtung: RGB</li>",Pop Pulse Emporium,https://cdnbigbuy.com/images/B083L13BYT_R81.jpg,,,,177.32,4,NEW,19.2,11.2,7.8,0.31,1677.31,EUR,2,8,3
S77207795,0195949658624,de-AT,Gardening & DIY,Uhrband Apple MXMT3ZM/A,"Wenn Sie sich leidenschaftlich mit <b>IT und Elektronik</b> beschäftigen, mit der Technologie auf dem neuesten Stand sein wollen und nicht einmal die ","Wenn Sie sich leidenschaftlich mit <b>IT und Elektronik</b> beschäftigen, mit der Technologie auf dem neuesten Stand sein wollen und nicht einmal die winzigsten Einzelheiten auslassen, kaufen Sie <b>Uhrband Apple MXMT3ZM/A</b>.<br><br><ul><li>Farbe: <ul><li>Schwarz</li><li>Grau</li></ul></li><li>Material: <ul><li>Stahl</li><li>Edelstahl</li></ul></li><li>Art: Ersatzband</li><li>Kompatibel: <ul><li>Apple</li><li>Apple Watch Models 44 mm, 45 mm, 46 mm, 49 mm</li></ul></li></ul>",Pop Pulse Emporium,https://cdnbigbuy.com/images/0195949658624_I00.jpg,https://cdnbigbuy.com/images/0195949658624_I10.jpg,https://cdnbigbuy.com/images/0195949658624_I20.jpg,https://cdnbigbuy.com/images/0195949658624_R00.jpg,129.94,2,NEW,24.0,7.6,1.3,0.08,237.12,EUR,2,8,3
S7197527,4004353163203,de-AT,Gardening & DIY,Solarlampe Brilliant Braun 60 W,"Wenn Sie bei der Einrichtung ihres Heims Wert auf Details legen und bei Produkten, die Ihnen das Leben leichter machen, auf dem letzten Stand sein möc","Wenn Sie bei der Einrichtung ihres Heims Wert auf Details legen und bei Produkten, die Ihnen das Leben leichter machen, auf dem letzten Stand sein möchten, dann kaufen Sie <b>Solarlampe Brilliant Braun 60 W</b>.<br><br><ul><li>Farbe: Braun</li><li>Material: <ul><li>Kunststoff</li><li>Metall/Kunststoff</li></ul></li><li>Kappe: E27</li><li>Spannung: 230 V</li><li>IP-Klassifizierung: IP44</li><li>Bildschirm: Metall</li><li>Merkmale: Einstellbare Intensität</li><li>Leistung: 60 W</li></ul>",Pop Pulse Emporium,https://cdnbigbuy.com/images/4004353163203_S7197527_P00.jpg,https://cdnbigbuy.com/images/4004353163203_S7197527_P10.jpg,,,104.08,10,NEW,66.0,19.0,19.0,3.84,23826.0,EUR,2,8,3
S71011541,3384349150556,de-AT,Gardening & DIY,Baby-Liegestuhl Béaba grün,"Für unsere Kinder möchten wir Ihnen <b>Baby-Liegestuhl Béaba grün</b> vorstellen, perfekt für alle, die qualitativ hochwertige Produkte für die Kleins","Für unsere Kinder möchten wir Ihnen <b>Baby-Liegestuhl Béaba grün</b> vorstellen, perfekt für alle, die qualitativ hochwertige Produkte für die Kleinsten suchen. Kaufen Sie <b>Béaba</b> und weitere Marken und Lizenzen zu den besten Preisen!<br><br><ul><li>Farbe: grün</li><li>Material: <ul><li>Hartplastik</li><li>Baumwolle</li></ul></li><li>Empfohlenes Alter: + 0 Jahre</li><li>Max. unterstütztes Gewicht: 15 kg</li></ul>",Pop Pulse Emporium,https://cdnbigbuy.com/images/3384349150556_S71011541_P00.jpg,https://cdnbigbuy.com/images/3384349150556_S71011541_P40.jpg,https://cdnbigbuy.com/images/3384349150556_S71011541_P50.jpg,https://cdnbigbuy.com/images/3384349150556_S71011541_P10.jpg,143.53,5,NEW,90.0,49.0,6.0,5.0,26460.0,EUR,2,8,3
S7276703,8430622721243,de-AT,Gardening & DIY,Herrenuhr Lotus 18621/2 Schwarz,"Wenn Sie mit den neuesten Mode und Accessoire-Trends schritthalten wollen, kaufen Sie <b>Herrenuhr Lotus 18621/2 Schwarz</b> zum besten Preis.<br><br>","Wenn Sie mit den neuesten Mode und Accessoire-Trends schritthalten wollen, kaufen Sie <b>Herrenuhr Lotus 18621/2 Schwarz</b> zum besten Preis.<br><br><ul><li>Geschlecht: Herren</li><li>Extra Links: Kein</li><li>Typ der Uhr: Armbanduhr</li><li>Land/Region der Herstellung: China</li><li>Farbe: Schwarz</li><li>Jahr: 2019</li><li>Material des Armbands: Kautschuk</li><li>Material des Gehäuses: Edelstahl</li><li>Verschluss Armband: Schließe</li><li>Uhrwerk: Quarz</li></ul>",Pop Pulse Emporium,https://cdnbigbuy.com/images/8430622721243_S7276703_P01.jpg,https://cdnbigbuy.com/images/75760_mandatory-watch1.jpg,,,136.43,50,NEW,32.0,19.0,10.0,0.4,6080.0,EUR,2,8,3
S72105479,8434103498778,de-AT,Gardening & DIY,Herrenuhr Tous 3000131400,"Wenn Sie mit den neuesten Mode und Accessoire-Trends schritthalten wollen, kaufen Sie <b>Herrenuhr Tous 3000131400</b> zum besten Preis.<br><br><ul><l","Wenn Sie mit den neuesten Mode und Accessoire-Trends schritthalten wollen, kaufen Sie <b>Herrenuhr Tous 3000131400</b> zum besten Preis.<br><br><ul><li>Geschlecht: Herren</li><li>Extra Links: Kein</li><li>Typ der Uhr: Armbanduhr</li><li>Funktionen: Stoppuhr</li><li>Material des Armbands: Silikon</li><li>Material des Gehäuses: Edelstahl</li><li>Farbe des Bandes: Rosa</li><li>Uhrwerk: Quarz</li></ul>",Pop Pulse Emporium,https://cdnbigbuy.com/images/8434103498778_R00.jpg,https://cdnbigbuy.com/images/8434103498778_R20.jpg,https://cdnbigbuy.com/images/104491_mandatory-watch0.jpg,,194.21,2,NEW,14.15,12.43,10.11,0.3,1778.19,EUR,2,8,3
S55270732,8595611706318,de-AT,Gardening & DIY,Reparatursatz i-Tec CACHRGHUB20C,"Wenn Sie mit den neuesten Mode und Accessoire-Trends schritthalten wollen, kaufen Sie <b>Reparatursatz i-Tec CACHRGHUB20C</b> zum besten Preis.<br><br","Wenn Sie mit den neuesten Mode und Accessoire-Trends schritthalten wollen, kaufen Sie <b>Reparatursatz i-Tec CACHRGHUB20C</b> zum besten Preis.<br><br><ul><li>Leistung: 300 W</li><li>Art: Universal</li><li>Farbe: Schwarz</li></ul>",Pop Pulse Emporium,https://cdnbigbuy.com/images/8595611706318_S77193720_P00.jpg,,,,139.44,2,NEW,16.33,14.75,13.0,0.7,3131.28,EUR,2,8,3
S8109821,6975326664554,de-AT,Gardening & DIY,Smartphone Ulefone Note 20 PRO 4 GB RAM 256 GB Schwarz,"Wenn Sie auf der Suche nach trendigen Neuheiten auf dem Markt sind, präsentieren wir Ihnen <b>Smartphone Ulefone Note 20 PRO 4 GB RAM 256 GB Schwarz</","Wenn Sie auf der Suche nach trendigen Neuheiten auf dem Markt sind, präsentieren wir Ihnen <b>Smartphone Ulefone Note 20 PRO 4 GB RAM 256 GB Schwarz</b>!<br><br><ul><li>Steckbares Produkt: Ja</li><li>Art: Smartphone</li><li>Steckertyp: EU-Stecker</li><li>Farbe: Schwarz</li><li>Merkmale: <ul><li>GPS</li><li>Frontkamera</li><li>Touchscreen</li><li>Fingerabdruck-Sensor</li><li>Dual SIM</li><li>USB-C</li><li>WLAN</li><li>Kratzfest</li><li>Android</li><li>Schnelles Laden</li><li>Heckkamera</li></ul><",Pop Pulse Emporium,https://cdnbigbuy.com/images/6975326664554_R00.jpg,https://cdnbigbuy.com/images/6975326664554_A00.jpg,,,148.3,5,NEW,19.5,10.2,6.5,0.54,1292.85,EUR,2,8,3
S8409649,0808736839204,de-AT,Gardening & DIY,Original Toner HP CB543A Magenta,"Gehen Sie zurück ins Büro, ohne Details zu vergessen: Kaufen Sie <b>Original Toner HP CB543A Magenta</b> und seien Sie der Neid Ihrer Kollegen!<br><br","Gehen Sie zurück ins Büro, ohne Details zu vergessen: Kaufen Sie <b>Original Toner HP CB543A Magenta</b> und seien Sie der Neid Ihrer Kollegen!<br><br><ul><li>Farbe: Magenta</li></ul>",Pop Pulse Emporium,https://cdnbigbuy.com/images/0808736839204_A22.jpg,,,,122.94,5,NEW,25.4,92.71,27.94,0.78,65794.06,EUR,2,8,3
S72118718,9741656126508,de-AT,Gardening & DIY,Damenuhr LIU JO TLJ2585 Silberfarben,"Wenn Sie auf der Suche nach trendigen Neuheiten auf dem Markt sind, präsentieren wir Ihnen <b>Damenuhr LIU JO TLJ2585 Silberfarben</b>!<br><br><ul><li","Wenn Sie auf der Suche nach trendigen Neuheiten auf dem Markt sind, präsentieren wir Ihnen <b>Damenuhr LIU JO TLJ2585 Silberfarben</b>!<br><br><ul><li>Extra Links: Kein</li><li>Typ der Uhr: Armbanduhr</li><li>Geschlecht: Damen</li><li>Farbe des Bandes: Silberfarben</li></ul>",Pop Pulse Emporium,https://cdnbigbuy.com/images/9741656126508_S72118718_P00.jpg,https://cdnbigbuy.com/images/117730_mandatory-watch0.jpg,,,169.4,1,NEW,14.15,12.43,10.11,0.3,1778.19,EUR,2,8,3
S91123325,0045496431303,de-AT,Gardening & DIY,Gaming Controller Nintendo 45496431303,"Wenn Sie auf der Suche nach trendigen Neuheiten auf dem Markt sind, präsentieren wir Ihnen <b>Gaming Controller Nintendo 45496431303</b>!<br><br><ul><","Wenn Sie auf der Suche nach trendigen Neuheiten auf dem Markt sind, präsentieren wir Ihnen <b>Gaming Controller Nintendo 45496431303</b>!<br><br><ul><li>Art: <ul><li>Fernbedienung</li><li>Wireless</li><li>Drahtloses Gamepad</li><li>Gaming Controller</li><li>Analog/Digital</li></ul></li><li>Farbe: <ul><li>Gelb</li><li>Weiß</li><li>Blau</li><li>Schwarz</li></ul></li><li>Merkmale: <ul><li>Einfache Bedienung über Tasten</li><li>Wiederaufladbare Lithiumbatterie</li><li>Plug and play</li><li>Wireless<",Pop Pulse Emporium,https://cdnbigbuy.com/images/0045496431303_S7605386_P00.jpg,https://cdnbigbuy.com/images/0045496431303_I00.jpg,https://cdnbigbuy.com/images/0045496431303_S7143930_P00.jpg,https://cdnbigbuy.com/images/0045496431303_R40.jpg,109.04,25,NEW,12.4,4.6,12.2,0.18,695.89,EUR,2,8,3
S71016145,4063846371006,de-AT,Gardening & DIY,Autositz Cybex Schwarz II (15-25 kg) III (22 - 36 kg) Für Kinder ECE R129,"Wenn Sie auf der Suche nach trendigen Neuheiten auf dem Markt sind, präsentieren wir Ihnen <b>Autositz Cybex Schwarz II (15-25 kg) III (22 - 36 kg) Fü","Wenn Sie auf der Suche nach trendigen Neuheiten auf dem Markt sind, präsentieren wir Ihnen <b>Autositz Cybex Schwarz II (15-25 kg) III (22 - 36 kg) Für Kinder ECE R129</b>!",Pop Pulse Emporium,https://cdnbigbuy.com/images/4063846371006_S71016145_P00.jpg,https://cdnbigbuy.com/images/4063846371006_S71016145_P20.jpg,https://cdnbigbuy.com/images/4063846371006_S71016145_P40.jpg,,187.95,8,NEW,43.55,45.06,44.21,5.98,86756.07,EUR,2,8,3
S0389511,0193599450872,de-AT,Gardening & DIY,Umhängetasche Michael Kors 35S0GTVT1L-BLACK Schwarz 29 x 24 x 13 cm,"Wenn Sie auf der Suche nach trendigen Neuheiten auf dem Markt sind, präsentieren wir Ihnen <b>Umhängetasche Michael Kors 35S0GTVT1L-BLACK Schwarz 29 x","Wenn Sie auf der Suche nach trendigen Neuheiten auf dem Markt sind, präsentieren wir Ihnen <b>Umhängetasche Michael Kors 35S0GTVT1L-BLACK Schwarz 29 x 24 x 13 cm</b>!<br><br><ul><li>Art: Umhängetasche</li><li>Farbe: Schwarz</li><li>Material: Canvas-Stoff</li><li>Verschluss Armband: Reißverschluss</li><li>Enthalten: Enthält Markenetui oder -hülle</li><li>Maße ca.: 29 x 24 x 13 cm</li></ul>",Pop Pulse Emporium,https://cdnbigbuy.com/images/0193599450872_S0389511_P00.jpg,https://cdnbigbuy.com/images/0193599450872_S0389511_P10.jpg,https://cdnbigbuy.com/images/0193599450872_S0389511_P20.jpg,,191.36,25,NEW,10.0,10.0,10.0,0.3,1000.0,EUR,2,8,3
S7276521,8057190246345,de-AT,Gardening & DIY,Damenuhr LIU JO TLJ1693,"Wenn Sie mit den neuesten Mode und Accessoire-Trends schritthalten wollen, kaufen Sie <b>Damenuhr LIU JO TLJ1693</b> zum besten Preis.<br><br><ul><li>","Wenn Sie mit den neuesten Mode und Accessoire-Trends schritthalten wollen, kaufen Sie <b>Damenuhr LIU JO TLJ1693</b> zum besten Preis.<br><br><ul><li>Geschlecht: Damen</li><li>Extra Links: Kein</li><li>Typ der Uhr: Armbanduhr</li><li>Material des Armbands: Edelstahl</li><li>Material des Gehäuses: Rotgold</li><li>Farbe des Bandes: Rosa</li><li>Farbe: Gold</li><li>Design: Damen</li></ul>",Pop Pulse Emporium,https://cdnbigbuy.com/images/8057190246345_S7276521_P01.jpg,https://cdnbigbuy.com/images/75578_mandatory-watch1.jpg,,,180.59,1,NEW,14.16,11.56,10.0,0.33,1636.9,EUR,2,8,3
S0383852,7621701006615,de-AT,Gardening & DIY,Damenarmreif Guess JUBN02115JWYGT-U 42 cm,"Wir präsentieren <b>Damenarmreif Guess JUBN02115JWYGT-U 42 cm</b> und ein umfangreiches Sortiment von Ringen, Halsbändern, Armbändern, Ohrringen, usw.","Wir präsentieren <b>Damenarmreif Guess JUBN02115JWYGT-U 42 cm</b> und ein umfangreiches Sortiment von Ringen, Halsbändern, Armbändern, Ohrringen, usw. zu einem großartigen Preis. Erfahren Sie mehr über unsere exklusiven und eleganten Schmuck und Modeschmuck für jeden Geschmack und Stil.<br><br><ul><li>Geschlecht: Damen</li><li>Art: Damenarmreif</li><li>Farbe: Gold</li><li>Material: Edelstahl</li><li>Verschluss Armband: Karabinerhaken</li><li>Enthalten: Inklusive Markenetui</li><li>Maße ca.: 42 c",Pop Pulse Emporium,https://cdnbigbuy.com/images/7621701006615_S0383852_P00.jpg,,,,141.12,1,NEW,10.0,10.0,10.0,0.3,1000.0,EUR,2,8,3
S3727472,8033280414313,de-AT,Gardening & DIY,Rennstiefel Sparco 00129546NR Schwarz Größe 46,"Wenn Sie Ihren Kleiderschrank erneuern möchten, empfehlen wir Ihnen <b>Rennstiefel Sparco SLALOM Schwarz Größe 46</b> und weitere <b> Produkte von Spa","Wenn Sie Ihren Kleiderschrank erneuern möchten, empfehlen wir Ihnen <b>Rennstiefel Sparco SLALOM Schwarz Größe 46</b> und weitere <b> Produkte von Sparco</b>! Jetzt für Sie die beste Qualität zum besten Preis!<br><ul><li>Größe: Größe 46</li><li>Farbe: Schwarz</li></ul>",Pop Pulse Emporium,https://cdnbigbuy.com/images/8033280414313_S3727472_P02.jpg,https://cdnbigbuy.com/images/27189_mandatory-motor2.jpg,,,154.38,1,NEW,25.0,10.0,25.0,10.0,6250.0,EUR,2,8,3
S7709692,3661572000736,de-AT,Gardening & DIY,Band Evolis 15R5F008EAA Schwarz,"Wenn Sie sich leidenschaftlich mit <b>IT und Elektronik</b> beschäftigen, mit der Technologie auf dem neuesten Stand sein wollen und nicht einmal die ","Wenn Sie sich leidenschaftlich mit <b>IT und Elektronik</b> beschäftigen, mit der Technologie auf dem neuesten Stand sein wollen und nicht einmal die winzigsten Einzelheiten auslassen, kaufen Sie <b>Band Evolis 15R5F008EAA Schwarz</b>.<br><br><ul><li>Farbe: Schwarz</li><li>Leistung: 3600 W</li></ul>",Pop Pulse Emporium,https://cdnbigbuy.com/images/3661572000736_R00.jpg,https://cdnbigbuy.com/images/3661572000736_S7709692_P10.jpg,,,105.71,18,NEW,7.0,16.0,20.0,0.23,2240.0,EUR,2,8,3
M0114342,3614272732308,de-AT,Gardening & DIY,Damenparfüm Valentino EDP 100 ml Valentino Donna,<p>Lassen Sie&nbsp;<strong>100 % Original-Damenparfüm Valentino EDP 100 ml Valentino Donna</strong> Sie &uuml;berraschen und feieren Ihre Weiblichkeit,"<p>Lassen Sie&nbsp;<strong>100 % Original-Damenparfüm Valentino EDP 100 ml Valentino Donna</strong> Sie &uuml;berraschen und feieren Ihre Weiblichkeit mit dem exklusiven <strong>Frauenparfum </strong>mit einzigartigem, pers&ouml;nlichen Duft. Entdecken Sie die <strong>100 % Original-Produkte von Valentino</strong>!</p><br><br><ul><li>Kapazität: 100 ml</li><li>Name des Parfüms: Valentino Donna</li><li>Art: EDP (Eau de Parfum)</li><li>Geschlecht: Damen</li></ul>",Pop Pulse Emporium,https://cdnbigbuy.com/images/M0114342_P00.jpg,https://cdnbigbuy.com/images/3614272732308_R00.jpg,https://cdnbigbuy.com/images/3614272732308_R10.jpg,,162.52,21,NEW,9.0,6.0,16.0,0.5,864.0,EUR,2,8,3
S8109367,6941812785911,de-AT,Gardening & DIY,"Koffer für die Kabine Xiaomi Classic Pro Grau 28""","Wenn Sie Haushaltsgeräte zum besten Großhandelspreis suchen, dann verpassen Sie nicht Ihre Chance auf <b>Koffer für die Kabine Xiaomi Classic Pro Grau","Wenn Sie Haushaltsgeräte zum besten Großhandelspreis suchen, dann verpassen Sie nicht Ihre Chance auf <b>Koffer für die Kabine Xiaomi Classic Pro Grau 28""</b> sowie ein breites Sortiment an kleinen Haushaltsgeräten!<br><br><ul><li>Format: 28""</li><li>Art: Koffer</li><li>Farbe: Grau</li><li>Maße ca.: 51,3 x 33,2 x 80,4 cm</li><li>Material: Kunststoff</li><li>Räder: 4</li><li>Merkmale: Sicherheitssperre</li></ul>",Pop Pulse Emporium,https://cdnbigbuy.com/images/6941812785911_S8109367_P00.jpg,,,,178.51,10,NEW,16.26,14.36,16.45,0.57,3840.97,EUR,2,8,3
S7168269,4078500339506,de-AT,Gardening & DIY,Rasenvertikutierer Gardena 3395-20 1 Stück,"Wenn Sie bei der Einrichtung ihres Heims Wert auf Details legen und bei Produkten, die Ihnen das Leben leichter machen, auf dem letzten Stand sein möc","Wenn Sie bei der Einrichtung ihres Heims Wert auf Details legen und bei Produkten, die Ihnen das Leben leichter machen, auf dem letzten Stand sein möchten, dann kaufen Sie <b>Rasenvertikutierer Gardena 3395-20 1 Stück</b> zum besten Preis.<br><br><ul><li>Breite: 32 cm</li><li>Nicht erhalten: Griff</li><li>Stück: 1 Stück</li><li>Material: <ul><li>Metall</li><li>Edelstahl</li></ul></li></ul>",Pop Pulse Emporium,https://cdnbigbuy.com/images/4078500339506_S7168269_P01.jpg,https://cdnbigbuy.com/images/4078500339506_S7168269_P11.jpg,https://cdnbigbuy.com/images/4078500339506_S7168269_P21.jpg,https://cdnbigbuy.com/images/4078500339506_S7168269_P31.jpg,100.11,4,NEW,27.3,46.1,15.1,1.86,19003.8,EUR,2,8,3
S7297840,0889214364951,de-AT,Gardening & DIY,Brillenfassung BMW BW5050-H 55002,"Wenn Sie Ihren Kleiderschrank erneuern möchten, empfehlen wir Ihnen <b>Brillenfassung BMW BW5050-H 55002</b> und weitere <b> Produkte von BMW</b>! Jet","Wenn Sie Ihren Kleiderschrank erneuern möchten, empfehlen wir Ihnen <b>Brillenfassung BMW BW5050-H 55002</b> und weitere <b> Produkte von BMW</b>! Jetzt für Sie die beste Qualität zum besten Preis!<br><br><ul><li>Geschlecht: Herren</li><li>Art: Brillenfassung</li><li>Merkmale: <ul><li>Gläser ohne Sehstärke</li><li>Wireless</li></ul></li><li>Festplatte: 2 TB SSD</li><li>Anschlüsse: USB x 3</li></ul>",Pop Pulse Emporium,https://cdnbigbuy.com/images/0889214364951_S7297840_P00.jpg,https://cdnbigbuy.com/images/0889214364951_S7297840_P20.jpg,https://cdnbigbuy.com/images/0889214364951_S7297840_P10.jpg,,103.46,17,NEW,10.0,9.97,10.0,0.29,997.0,EUR,2,8,3
S8418503,7322540868906,de-AT,Gardening & DIY,Papierhandtuch Tork Matic Weiß 150 m,<p>Papierhandtücher Tork Matic (6 Stück) ist ein exklusives und hochwertiges Produkt für Ihre Körperpflege. Wenn Sie nur natürliche Körperpflegeproduk,"<p>Papierhandtücher Tork Matic (6 Stück) ist ein exklusives und hochwertiges Produkt für Ihre Körperpflege. Wenn Sie nur natürliche Körperpflegeprodukte wollen, dann sind die 100 % natürlichen Produkte von Tork genau das Richtige für Sie.</p><br><br><ul><li>Farbe: Weiß</li><li>Länge: 150 m</li><li>Stück: 6 Stück</li><li>Art: Papierhandtücher</li></ul>",Pop Pulse Emporium,https://cdnbigbuy.com/images/7322540868906_R01.jpg,https://cdnbigbuy.com/images/7322540868906_I21.jpg,,,103.72,2,NEW,58.0,38.0,23.0,4.22,50692.0,EUR,2,8,3
S7285569,8430622817571,de-AT,Gardening & DIY,Herrenuhr Lotus 18929/B Silberfarben,"Wenn Sie mit den neuesten Mode und Accessoire-Trends schritthalten wollen, kaufen Sie <b>Herrenuhr Lotus 18929/B Silberfarben</b> zum besten Preis.<br","Wenn Sie mit den neuesten Mode und Accessoire-Trends schritthalten wollen, kaufen Sie <b>Herrenuhr Lotus 18929/B Silberfarben</b> zum besten Preis.<br><br><ul><li>Geschlecht: Herren</li><li>Extra Links: Kein</li><li>Typ der Uhr: Armbanduhr</li><li>Material des Armbands: Edelstahl</li><li>Material des Gehäuses: Edelstahl</li><li>Verschluss Armband: Schließe</li><li>Farbe: Silberfarben</li><li>Farbe der Krone: Blau</li><li>Uhrwerk: Quarz</li></ul>",Pop Pulse Emporium,https://cdnbigbuy.com/images/8430622817571_R01.jpg,https://cdnbigbuy.com/images/84626_mandatory-watch1.jpg,,,189.6,50,NEW,32.0,19.0,10.0,0.4,6080.0,EUR,2,8,3
S7715705,4002888380843,de-AT,Gardening & DIY,HDMI Kabel LINDY 38084 Schwarz,"Wenn Sie sich leidenschaftlich mit <b>IT und Elektronik</b> beschäftigen, mit der Technologie auf dem neuesten Stand sein wollen und nicht einmal die ","Wenn Sie sich leidenschaftlich mit <b>IT und Elektronik</b> beschäftigen, mit der Technologie auf dem neuesten Stand sein wollen und nicht einmal die winzigsten Einzelheiten auslassen, kaufen Sie <b>HDMI Kabel LINDY 38084 Schwarz</b>.<br><br><ul><li>Auflösung: 4K Ultra HD</li><li>Anschlüsse: <ul><li>HDMI</li><li>USB</li><li>Weiblicher Stecker</li></ul></li><li>Batterie: 1000 mAh</li><li>Farbe: Schwarz</li><li>Kompatibel: Monitor</li></ul>",Pop Pulse Emporium,https://cdnbigbuy.com/images/4002888380843_R00.jpg,,,,195.44,10,NEW,7.0,20.0,25.0,0.75,3500.0,EUR,2,8,3
S72112223,8050506115021,de-AT,Gardening & DIY,Unisex-Armreif Poet Talent Jewels TJA-3-12-02-1-235 Silberfarben,"Wir präsentieren <b>Unisex-Armreif Poet Talent Jewels TJA-3-12-02-1-235 Silberfarben</b> und ein umfangreiches Sortiment von Ringen, Halsbändern, Armb","Wir präsentieren <b>Unisex-Armreif Poet Talent Jewels TJA-3-12-02-1-235 Silberfarben</b> und ein umfangreiches Sortiment von Ringen, Halsbändern, Armbändern, Ohrringen, usw. zu einem großartigen Preis. Erfahren Sie mehr über unsere exklusiven und eleganten Schmuck und Modeschmuck für jeden Geschmack und Stil.<br><br><p>Das <b>unisex Armband</b> Modell <b>TJA-3-12-02-1-235</b> von <b>Talent Jewels</b> ist ein vielseitiges Accessoire, das jeden Stil mit einem <b>silberfarbenen</b> Finish ergänzt u",Pop Pulse Emporium,https://cdnbigbuy.com/images/S72112223_1754378394-remove-background0.jpg,https://cdnbigbuy.com/images/8050506115021_S72112223_P00.jpg,,,123.12,25,NEW,10.0,9.99,10.0,0.3,999.0,EUR,2,8,3
S7278991,8054372920086,de-AT,Gardening & DIY,Damenuhr Stroili 1671059 (Ø 34 mm),"Wenn Sie mit den neuesten Mode und Accessoire-Trends schritthalten wollen, kaufen Sie <b>Damenuhr Stroili 1671059 (Ø 34 mm)</b> zum besten Preis.<br><","Wenn Sie mit den neuesten Mode und Accessoire-Trends schritthalten wollen, kaufen Sie <b>Damenuhr Stroili 1671059 (Ø 34 mm)</b> zum besten Preis.<br><br><ul><li>Geschlecht: Damen</li><li>Extra Links: Kein</li><li>Typ der Uhr: Armbanduhr</li><li>Material des Gehäuses: Silber</li><li>Farbe: Silberfarben</li><li>Design: Damen</li><li>Durchmesser des Uhrengehäuses: Ø 34 mm</li></ul>",Pop Pulse Emporium,https://cdnbigbuy.com/images/8054372920086_S7278991_P01.jpg,https://cdnbigbuy.com/images/78048_mandatory-watch1.jpg,,,163.37,2,NEW,39.0,19.0,10.0,0.4,7410.0,EUR,2,8,3
S7195670,3507460246155,de-AT,Gardening & DIY,Autositz Nania ANGELUS Schwarz ECE R129/04,"Für unsere Kinder möchten wir Ihnen <b>Autositz Nania ANGELUS Schwarz ECE R129/04</b> vorstellen, perfekt für alle, die qualitativ hochwertige Produkt","Für unsere Kinder möchten wir Ihnen <b>Autositz Nania ANGELUS Schwarz ECE R129/04</b> vorstellen, perfekt für alle, die qualitativ hochwertige Produkte für die Kleinsten suchen. Kaufen Sie <b>Nania</b> und weitere Marken und Lizenzen zu den besten Preisen!<br><br><p>Der <b>Kindersitz ANGELUS</b> der Marke Nania ist ein Sitz, der das Wachstum des Kindes von den ersten Monaten bis etwa 12 Jahre begleitet und die Gruppen <b>0+</b> (0 bis 13 kg), <b>1</b>, <b>2</b> und <b>3</b> abdeckt. Dieses Model",Pop Pulse Emporium,https://cdnbigbuy.com/images/3507460246155_S7195670_P40.jpg,https://cdnbigbuy.com/images/3507460246155_S7195670_P00.jpg,https://cdnbigbuy.com/images/3507460246155_S7195670_P10.jpg,https://cdnbigbuy.com/images/3507460246155_S7195670_P20.jpg,168.35,10,NEW,36.21,47.21,25.93,5.36,44326.66,EUR,2,8,3
S7274785,8430622802744,de-AT,Gardening & DIY,Damenuhr Festina F20660/2,"Wenn Sie mit den neuesten Mode und Accessoire-Trends schritthalten wollen, kaufen Sie <b>Damenuhr Festina F20660/2</b> zum besten Preis.<br><br><ul><l","Wenn Sie mit den neuesten Mode und Accessoire-Trends schritthalten wollen, kaufen Sie <b>Damenuhr Festina F20660/2</b> zum besten Preis.<br><br><ul><li>Geschlecht: Damen</li><li>Extra Links: Kein</li><li>Typ der Uhr: Armbanduhr</li><li>Farbe: Rosa</li><li>Material des Gehäuses: Edelstahl</li><li>Material des Armbands: Leder</li><li>Uhrwerk: Quarz</li></ul>",Pop Pulse Emporium,https://cdnbigbuy.com/images/8430622802744_S7274785_P01.jpg,https://cdnbigbuy.com/images/73842_mandatory-watch1.jpg,,,178.58,50,NEW,39.0,19.0,10.0,0.4,7410.0,EUR,2,8,3
S7287645,8430622798610,de-AT,Gardening & DIY,Damenuhr Lotus 18902/2,"Wenn Sie mit den neuesten Mode und Accessoire-Trends schritthalten wollen, kaufen Sie <b>Damenuhr Lotus 18902/2</b> zum besten Preis.<br><br><ul><li>E","Wenn Sie mit den neuesten Mode und Accessoire-Trends schritthalten wollen, kaufen Sie <b>Damenuhr Lotus 18902/2</b> zum besten Preis.<br><br><ul><li>Extra Links: Kein</li><li>Typ der Uhr: Armbanduhr</li><li>Geschlecht: Damen</li><li>Material des Armbands: Edelstahl</li><li>Material des Gehäuses: Edelstahl</li><li>Farbe des Bandes: Gold</li><li>Farbe: Gold</li><li>Uhrwerk: Quarz</li></ul>",Pop Pulse Emporium,https://cdnbigbuy.com/images/8430622798610_R01.jpg,https://cdnbigbuy.com/images/8430622798610_R11.jpg,https://cdnbigbuy.com/images/86702_mandatory-watch1.jpg,,189.6,50,NEW,32.0,19.0,10.0,0.4,6080.0,EUR,2,8,3
S0388065,0196163096087,de-AT,Gardening & DIY,Rucksack Michael Kors JAYCEE Rosa 29 x 23 x 10 cm,"Wenn Sie auf der Suche nach trendigen Neuheiten auf dem Markt sind, präsentieren wir Ihnen <b>Rucksack Michael Kors JAYCEE Rosa 29 x 23 x 10 cm</b>!<b","Wenn Sie auf der Suche nach trendigen Neuheiten auf dem Markt sind, präsentieren wir Ihnen <b>Rucksack Michael Kors JAYCEE Rosa 29 x 23 x 10 cm</b>!<br><br><ul><li>Art: Rucksack</li><li>Farbe: Rosa</li><li>Material: Canvas-Stoff</li><li>Maße ca.: 29 x 23 x 10 cm</li><li>Verschluss Armband: Reißverschluss</li></ul>",Pop Pulse Emporium,https://cdnbigbuy.com/images/0196163096087_S0388065_P00.jpg,https://cdnbigbuy.com/images/0196163096087_S0388065_P10.jpg,https://cdnbigbuy.com/images/0196163096087_S0388065_P20.jpg,,191.36,48,NEW,10.0,10.0,10.0,0.3,1000.0,EUR,2,8,3
S0409217,3016661148910,de-AT,Gardening & DIY,Vakuumierer und Versiegler Tefal Vacupack Classic VT254070,"Wenn Sie Haushaltsgeräte zum besten Großhandelspreis suchen, dann verpassen Sie nicht Ihre Chance auf <b>Vakuumierer und Versiegler Tefal Vacupack Cla","Wenn Sie Haushaltsgeräte zum besten Großhandelspreis suchen, dann verpassen Sie nicht Ihre Chance auf <b>Vakuumierer und Versiegler Tefal Vacupack Classic VT254070</b> sowie ein breites Sortiment an kleinen Haushaltsgeräten!<br><br><ul><li>Art: Vakuumierer und Versiegler</li><li>Steckbares Produkt: Ja</li><li>Steckertyp: EU-Stecker</li><li>Farbe: Schwarz</li><li>Leistung: 110 W</li><li>Material: Edelstahl</li><li>Merkmale: <ul><li>Handbuch</li><li>Tasten-Steuerung</li><li>Kabelspeicher</li></ul>",Pop Pulse Emporium,https://cdnbigbuy.com/images/3016661148910_0_I03.jpg,https://cdnbigbuy.com/images/3016661148910_1_I13.jpg,,,102.85,10,NEW,19.0,41.0,10.0,1.6,7790.0,EUR,2,8,3
S3712226,8033280055479,de-AT,Gardening & DIY,Sitzgestell Sparco '00499038SX,Statten Sie Ihr Fahrzeug mit den neuesten Produkten aus - kaufen Sie  <b>Sitz Basis Sparco 00499038SX</b> und verpassen Sie kein Detail!<br><ul><li>Ko,Statten Sie Ihr Fahrzeug mit den neuesten Produkten aus - kaufen Sie  <b>Sitz Basis Sparco 00499038SX</b> und verpassen Sie kein Detail!<br><ul><li>Kompatibles Fahrzeug: MINI MINI 10|01_2007</li></ul>,Pop Pulse Emporium,https://cdnbigbuy.com/images/8033280055479_S3712226_P01.jpg,,,,106.88,1,NEW,40.0,40.0,30.0,12.0,48000.0,EUR,2,8,3
S7286570,8430622748660,de-AT,Gardening & DIY,Damenuhr Lotus 18731/1,"Wenn Sie mit den neuesten Mode und Accessoire-Trends schritthalten wollen, kaufen Sie <b>Damenuhr Lotus 18731/1</b> zum besten Preis.<br><br><ul><li>G","Wenn Sie mit den neuesten Mode und Accessoire-Trends schritthalten wollen, kaufen Sie <b>Damenuhr Lotus 18731/1</b> zum besten Preis.<br><br><ul><li>Geschlecht: Damen</li><li>Extra Links: Kein</li><li>Typ der Uhr: Armbanduhr</li><li>Material des Armbands: Edelstahl</li><li>Material des Gehäuses: Edelstahl</li><li>Verschluss Armband: Schließe</li><li>Farbe: Silberfarben</li><li>Uhrwerk: Quarz</li></ul>",Pop Pulse Emporium,https://cdnbigbuy.com/images/8430622748660_S7286570_P01.jpg,https://cdnbigbuy.com/images/85627_mandatory-watch1.jpg,,,136.43,50,NEW,3.0,3.0,3.0,0.03,27.0,EUR,2,8,3
S7285804,8052011753378,de-AT,Gardening & DIY,Herrenuhr LIU JO TLJ2119 Schwarz Silberfarben,"Wenn Sie mit den neuesten Mode und Accessoire-Trends schritthalten wollen, kaufen Sie <b>Herrenuhr LIU JO TLJ2119 Schwarz Silberfarben</b> zum besten ","Wenn Sie mit den neuesten Mode und Accessoire-Trends schritthalten wollen, kaufen Sie <b>Herrenuhr LIU JO TLJ2119 Schwarz Silberfarben</b> zum besten Preis.<br><br><ul><li>Geschlecht: Herren</li><li>Extra Links: Kein</li><li>Typ der Uhr: Armbanduhr</li><li>Farbe: <ul><li>Schwarz</li><li>Silberfarben</li></ul></li></ul>",Pop Pulse Emporium,https://cdnbigbuy.com/images/8052011753378_S7285804_P00.jpg,https://cdnbigbuy.com/images/84861_mandatory-watch0.jpg,,,169.4,1,NEW,32.0,19.0,10.0,0.4,6080.0,EUR,2,8,3
S0458739,7612985571982,de-AT,Gardening & DIY,Konventioneller Rauchfang Mepamsa Modena 60 cm,"Wenn du mit dem Gedanken spielst, deine Küche zu renovieren, kaufe <b>Konventioneller Rauchfang Mepamsa Modena 60 cm</b> und andere <b>Produkte Mepams","Wenn du mit dem Gedanken spielst, deine Küche zu renovieren, kaufe <b>Konventioneller Rauchfang Mepamsa Modena 60 cm</b> und andere <b>Produkte Mepamsa</b>! Die beste Qualität zum günstigsten Preis liegt sofort in deiner Reichweite.<br><br><ul><li>Art: Konventioneller Rauchfang</li><li>Wattleistung der Glühbirne: <ul><li>8 W</li><li>40 W</li></ul></li><li>Filter: Aluminium</li><li>Maße ca.: <ul><li>60 x 48.2 x 15 cm</li><li>60 x 48 x 15 cm</li></ul></li><li>Installationsart: Wand</li><li>Ölfilte",Pop Pulse Emporium,https://cdnbigbuy.com/images/7612985571982_S0458739_P00.jpg,https://cdnbigbuy.com/images/8425622712018_0_P0_icon0.jpg,https://cdnbigbuy.com/images/8425622712018_P10.jpg,https://cdnbigbuy.com/images/8425622712018_0_P00.jpg,194.11,18,NEW,39.0,66.0,38.1,16.0,98069.4,EUR,2,8,3
S0389795,0196163826585,de-AT,Gardening & DIY,Umhängetasche Michael Kors Mila Schwarz 25 x 14 x 6 cm,"Wenn Sie auf der Suche nach trendigen Neuheiten auf dem Markt sind, präsentieren wir Ihnen <b>Umhängetasche Michael Kors Mila Schwarz 25 x 14 x 6 cm</","Wenn Sie auf der Suche nach trendigen Neuheiten auf dem Markt sind, präsentieren wir Ihnen <b>Umhängetasche Michael Kors Mila Schwarz 25 x 14 x 6 cm</b>!<br><br><ul><li>Art: <ul><li>Handtasche</li><li>Umhängetasche</li></ul></li><li>Geschlecht: Damen</li><li>Farbe: Schwarz</li><li>Material: Haut</li><li>Verschluss Armband: Pin</li><li>Enthalten: Enthält Markenetui oder -hülle</li><li>Maße ca.: 25 x 14 x 6 cm</li></ul>",Pop Pulse Emporium,https://cdnbigbuy.com/images/0196163826585_S0389795_P00.jpg,https://cdnbigbuy.com/images/0196163826585_S0389795_P10.jpg,https://cdnbigbuy.com/images/0196163826585_S0389795_P20.jpg,,191.36,5,NEW,10.0,10.0,10.0,0.3,1000.0,EUR,2,8,3
S91122466,4713436164050,de-AT,Gardening & DIY,Festplatte Silicon Power SP01KGBP44US75S5,"Wenn Sie auf der Suche nach trendigen Neuheiten auf dem Markt sind, präsentieren wir Ihnen <b>Festplatte Silicon Power SP01KGBP44US75S5</b>!","Wenn Sie auf der Suche nach trendigen Neuheiten auf dem Markt sind, präsentieren wir Ihnen <b>Festplatte Silicon Power SP01KGBP44US75S5</b>!",Pop Pulse Emporium,https://cdnbigbuy.com/images/4713436164050_S91122466_P00.jpg,https://cdnbigbuy.com/images/4713436164050_S91122466_P10.jpg,https://cdnbigbuy.com/images/4713436164050_S91122466_P20.jpg,https://cdnbigbuy.com/images/4713436164050_I00.jpg,108.22,2,NEW,1.0,8.6,12.6,0.02,108.36,EUR,2,8,3
S7167612,3165140850247,de-AT,Gardening & DIY,Laser-Wasserwaage BOSCH  ,"Wenn Sie bei der Einrichtung ihres Heims Wert auf Details legen und bei Produkten, die Ihnen das Leben leichter machen, auf dem letzten Stand sein möc","Wenn Sie bei der Einrichtung ihres Heims Wert auf Details legen und bei Produkten, die Ihnen das Leben leichter machen, auf dem letzten Stand sein möchten, dann kaufen Sie <b>Laser-Wasserwaage BOSCH  </b> zum besten Preis.<br><br><ul><li>Batteriebetrieben: <ul><li>Ja</li><li>3 x AA, nicht enthalten</li></ul></li><li>Inklusive Batterien: Ja</li><li>Batterie: Alkali-Mangan-Batterie</li></ul>",Pop Pulse Emporium,https://cdnbigbuy.com/images/3165140850247_S7167612_P01.jpg,https://cdnbigbuy.com/images/3165140850247_R61.jpg,https://cdnbigbuy.com/images/3165140850247_R01.jpg,https://cdnbigbuy.com/images/3165140850247_R11.jpg,167.57,5,NEW,22.8,17.8,9.8,1.05,3977.23,EUR,2,8,3
S8906340,4899888792468,de-AT,Gardening & DIY,Sonnenschirm Aktive Blau 220 x 210 x 220 cm (6 Stück),"Wenn Sie auf der Suche nach trendigen Neuheiten auf dem Markt sind, präsentieren wir Ihnen <b>Sonnenschirm Aktive Blau 220 x 210 x 220 cm (6 Stück)</b","Wenn Sie auf der Suche nach trendigen Neuheiten auf dem Markt sind, präsentieren wir Ihnen <b>Sonnenschirm Aktive Blau 220 x 210 x 220 cm (6 Stück)</b>!<br><br><ul><li>Art: Solskærm</li><li>Farbe: Blau</li><li>Material: <ul><li>Polyester</li><li>Stahl</li></ul></li><li>Merkmale: <ul><li>Resistent</li><li>Einstellbar</li></ul></li><li>Stückzahl: 6 Stück</li><li>Enthalten: Transporthülle</li><li>Sonnenschutz: UV30</li><li>Maße ca.: 220 x 210 x 220 cm</li></ul>",Pop Pulse Emporium,https://cdnbigbuy.com/images/s8906340_p0_icon0.jpg,https://cdnbigbuy.com/images/S8906340_P00.jpg,https://cdnbigbuy.com/images/S8906340_P10.jpg,https://cdnbigbuy.com/images/S8906340_P20.jpg,159.41,25,NEW,30.37,20.81,56.0,14.47,35391.98,EUR,2,8,3
S7250090,8426881564882,de-AT,Gardening & DIY,Damenohrringe Majorica 15323.01.2.000.010.1,"Wir präsentieren <b>Damenohrringe Majorica 15323.01.2.000.010.1</b> und ein umfangreiches Sortiment von Ringen, Halsbändern, Armbändern, Ohrringen, us","Wir präsentieren <b>Damenohrringe Majorica 15323.01.2.000.010.1</b> und ein umfangreiches Sortiment von Ringen, Halsbändern, Armbändern, Ohrringen, usw. zu einem großartigen Preis. Erfahren Sie mehr über unsere exklusiven und eleganten Schmuck und Modeschmuck für jeden Geschmack und Stil.<br><br><ul><li>Geschlecht: Damen</li><li>Art: Damenohrringe</li><li>Farbe: Silberfarben</li></ul>",Pop Pulse Emporium,https://cdnbigbuy.com/images/8426881564882_S7250090_P01.jpg,,,,191.59,1,NEW,9.95,9.94,9.73,0.29,962.33,EUR,2,8,3
S7107900,5011402122400,de-AT,Gardening & DIY,Regal Black & Decker,"<p>Wenn Sie Ihrem Zuhause einen Hauch von Originalität verleihen möchten, tun Sie dies mit <b>Regal Black & Decker</b>.</p><br><br><ul><li>Art: Regal<","<p>Wenn Sie Ihrem Zuhause einen Hauch von Originalität verleihen möchten, tun Sie dies mit <b>Regal Black & Decker</b>.</p><br><br><ul><li>Art: Regal</li></ul>",Pop Pulse Emporium,https://cdnbigbuy.com/images/5011402122400_S7107900_P01.jpg,,,,153.74,2,NEW,63.0,81.0,19.0,12.4,96957.0,EUR,2,8,3
S72107705,7612901737133,de-AT,Gardening & DIY,Herrenuhr Breil EW0711 grün Silberfarben,"Wenn Sie mit den neuesten Mode und Accessoire-Trends schritthalten wollen, kaufen Sie <b>Herrenuhr Breil EW0711 grün Silberfarben</b> zum besten Preis","Wenn Sie mit den neuesten Mode und Accessoire-Trends schritthalten wollen, kaufen Sie <b>Herrenuhr Breil EW0711 grün Silberfarben</b> zum besten Preis.<br><br><ul><li>Extra Links: Kein</li><li>Typ der Uhr: Armbanduhr</li><li>Funktionen: Multifunktion</li><li>Geschlecht: Herren</li><li>Material des Armbands: Sterlingsilber</li><li>Enthalten: Enthält Markenetui oder -hülle</li><li>Wasserdicht: 5 atm</li><li>Kristall: Mineral</li><li>Uhrwerk: Quarz</li><li>Farbe: <ul><li>grün</li><li>Silberfarben</",Pop Pulse Emporium,https://cdnbigbuy.com/images/7612901737133_S72107705_P00.jpg,https://cdnbigbuy.com/images/106717_mandatory-watch0.jpg,,,117.0,1,NEW,14.15,12.43,10.11,0.3,1778.19,EUR,2,8,3
S71011627,5400653010374,de-AT,Gardening & DIY,Kissen zum Stillen Doomoo Beige XXL (2 Stück),"Für unsere Kinder möchten wir Ihnen <b>Kissen zum Stillen Doomoo Beige XXL (2 Stück)</b> vorstellen, perfekt für alle, die qualitativ hochwertige Prod","Für unsere Kinder möchten wir Ihnen <b>Kissen zum Stillen Doomoo Beige XXL (2 Stück)</b> vorstellen, perfekt für alle, die qualitativ hochwertige Produkte für die Kleinsten suchen. Kaufen Sie <b>Doomoo</b> und weitere Marken und Lizenzen zu den besten Preisen!<br><br><ul><li>Farbe: Beige</li><li>Größe: XXL</li><li>Merkmale: Praktisch und bequem</li><li>Material: Polyester</li><li>Geschlecht: Unisex</li><li>Stückzahl: 2 Stück</li></ul>",Pop Pulse Emporium,https://cdnbigbuy.com/images/5400653010374_S71011627_P00.jpg,https://cdnbigbuy.com/images/5400653010374_S71011627_P20.jpg,https://cdnbigbuy.com/images/5400653010374_S71011627_P30.jpg,https://cdnbigbuy.com/images/5400653010374_S71011627_P40.jpg,100.77,9,NEW,43.6,50.0,10.4,3.06,22672.0,EUR,2,8,3
S7287644,8430622798481,de-AT,Gardening & DIY,Damenuhr Lotus 18902/1,"Wenn Sie mit den neuesten Mode und Accessoire-Trends schritthalten wollen, kaufen Sie <b>Damenuhr Lotus 18902/1</b> zum besten Preis.<br><br><ul><li>E","Wenn Sie mit den neuesten Mode und Accessoire-Trends schritthalten wollen, kaufen Sie <b>Damenuhr Lotus 18902/1</b> zum besten Preis.<br><br><ul><li>Extra Links: Kein</li><li>Typ der Uhr: Armbanduhr</li><li>Geschlecht: Damen</li><li>Material des Armbands: Edelstahl</li><li>Material des Gehäuses: Edelstahl</li><li>Farbe des Bandes: Gold</li><li>Uhrwerk: Quarz</li></ul>",Pop Pulse Emporium,https://cdnbigbuy.com/images/8430622798481_R01.jpg,https://cdnbigbuy.com/images/8430622798481_R11.jpg,https://cdnbigbuy.com/images/86701_mandatory-watch1.jpg,,189.6,50,NEW,32.0,19.0,10.0,0.4,6080.0,EUR,2,8,3
S7166718,4004844357760,de-AT,Gardening & DIY,Set mit 3 Tischen Meister,"<p>Wenn Sie Ihrem Zuhause einen Hauch von Originalität verleihen möchten, tun Sie dies mit <b>Set mit 3 Tischen Meister</b>.</p><br><br><ul><li>Art: S","<p>Wenn Sie Ihrem Zuhause einen Hauch von Originalität verleihen möchten, tun Sie dies mit <b>Set mit 3 Tischen Meister</b>.</p><br><br><ul><li>Art: Set mit 3 Tischen</li><li>Farbe: Schwarz</li><li>Form: rechteckig</li><li>Anzahl der Stücke: 3 Stücke</li></ul>",Pop Pulse Emporium,https://cdnbigbuy.com/images/4004844357760_S7166718_P00.jpg,,,,100.59,25,NEW,102.0,61.0,9.0,13.05,55998.0,EUR,2,8,3
S71020808,3663389001043,de-AT,Gardening & DIY,Tragbare Lampe KS Tools,"Wenn Sie bei der Einrichtung ihres Heims Wert auf Details legen und bei Produkten, die Ihnen das Leben leichter machen, auf dem letzten Stand sein möc","Wenn Sie bei der Einrichtung ihres Heims Wert auf Details legen und bei Produkten, die Ihnen das Leben leichter machen, auf dem letzten Stand sein möchten, dann kaufen Sie <b>Tragbare Lampe KS Tools</b> zum besten Preis.<br><br><ul><li>Lichtstrom: 600 lm</li><li>Farbe: Rot</li><li>Material: Kunststoff</li></ul>",Pop Pulse Emporium,https://cdnbigbuy.com/images/3663389001043_S71020808_P00.jpg,https://cdnbigbuy.com/images/3663389001043_S71020808_P40.jpg,https://cdnbigbuy.com/images/3663389001043_S71020808_P50.jpg,https://cdnbigbuy.com/images/3663389001043_S71020808_P10.jpg,122.76,1,NEW,7.0,64.0,9.0,0.61,4032.0,EUR,2,8,3
S9900224,3760265541775,de-AT,Gardening & DIY,Sport-Kamera Agfa AC9000BK,"Wenn Sie sich leidenschaftlich mit <b>IT und Elektronik</b> beschäftigen, mit der Technologie auf dem neuesten Stand sein wollen und nicht einmal die ","Wenn Sie sich leidenschaftlich mit <b>IT und Elektronik</b> beschäftigen, mit der Technologie auf dem neuesten Stand sein wollen und nicht einmal die winzigsten Einzelheiten auslassen, kaufen Sie <b>Sport-Kamera Agfa AC9000BK</b>.<br><br><ul><li>Farbe: Schwarz</li><li>Konnektivität: Wi-Fi</li><li>Steckbares Produkt: Ja</li><li>Steckertyp: EU-Stecker</li><li>Art: Sport-Kamera</li><li>Merkmale: <ul><li>Kamera/Fotoapparat</li><li>Batterie</li><li>LCD-Screen</li><li>Eingebaute Anzeige</li><li>Inklus",Pop Pulse Emporium,https://cdnbigbuy.com/images/3760265541775_S9900224_P00.jpg,https://cdnbigbuy.com/images/3760265541775_S9900224_P10.jpg,https://cdnbigbuy.com/images/3760265541775_S9900224_P20.jpg,https://cdnbigbuy.com/images/3760265541775_S9900224_P30.jpg,111.64,1,NEW,3.2,6.0,4.4,0.46,84.48,EUR,2,8,3
S0384111,0886895473675,de-AT,Gardening & DIY,Unisex-Sonnenbrille Lanvin LNV104S-050 ø 56 mm,"Wenn Sie gern die neusten Produkte aus <b>Fashion & Accessoires</b> tragen möchten, dann sind Accessoires, wie die <b>Unisex-Sonnenbrille Lanvin LNV10","Wenn Sie gern die neusten Produkte aus <b>Fashion & Accessoires</b> tragen möchten, dann sind Accessoires, wie die <b>Unisex-Sonnenbrille Lanvin LNV104S-050 ø 56 mm</b> ein Muss, um Ihren Look abzurunden! Vertrauen Sie auf die Marken für <b>Sonnenbrillen</b>.<br><br><ul><li>Art: Unisex-Sonnenbrille</li><li>Schutz: 100% Schutz vor UV (UV400)</li><li>Geschlecht: Unisex</li><li>Material: <ul><li>Polycarbonat</li><li>Metall</li></ul></li><li>Material der Linsen: Polycarbonat</li><li>Farbe: Grau</li>",Pop Pulse Emporium,https://cdnbigbuy.com/images/0886895473675_S0384111_P00.jpg,https://cdnbigbuy.com/images/0886895473675_S0384111_P10.jpg,https://cdnbigbuy.com/images/0886895473675_S0384111_P20.jpg,,109.3,4,NEW,10.0,10.0,10.0,0.3,1000.0,EUR,2,8,3
S72112023,8050506114826,de-AT,Gardening & DIY,Unisex-Armreif Photographer Talent Jewels TJA-3-07-03-1-235 Silberfarben,"Wir präsentieren <b>Unisex-Armreif Photographer Talent Jewels TJA-3-07-03-1-235 Silberfarben</b> und ein umfangreiches Sortiment von Ringen, Halsbände","Wir präsentieren <b>Unisex-Armreif Photographer Talent Jewels TJA-3-07-03-1-235 Silberfarben</b> und ein umfangreiches Sortiment von Ringen, Halsbändern, Armbändern, Ohrringen, usw. zu einem großartigen Preis. Erfahren Sie mehr über unsere exklusiven und eleganten Schmuck und Modeschmuck für jeden Geschmack und Stil.<br><br><p>Das <b>unisex Armband Modell TJA-3-07-03-1-235</b> von Talent Jewels ist ein klassisch und vielseitig gestaltetes Accessoire, das dank seines neutralen und schlichten Stil",Pop Pulse Emporium,https://cdnbigbuy.com/images/S72112023_1754377914-remove-background0.jpg,https://cdnbigbuy.com/images/8050506114826_S72112023_P00.jpg,,,134.19,25,NEW,10.0,9.99,10.0,0.3,999.0,EUR,2,8,3
S9916057,8435099530886,de-AT,Gardening & DIY,Strichcode Leser approx! appLS24WS,"Wenn Sie auf der Suche nach trendigen Neuheiten auf dem Markt sind, präsentieren wir Ihnen <b>Strichcode Leser approx! appLS24WS</b>!<br><br><ul><li>M","Wenn Sie auf der Suche nach trendigen Neuheiten auf dem Markt sind, präsentieren wir Ihnen <b>Strichcode Leser approx! appLS24WS</b>!<br><br><ul><li>Merkmale: USB-Kabel</li><li>Konnektivität: Bluetooth</li></ul>",Pop Pulse Emporium,https://cdnbigbuy.com/images/8435099530886_S9916057_P00.jpg,,,,120.44,5,NEW,22.5,10.0,7.5,0.34,1687.5,EUR,2,8,3
S4310372,8412688557196,de-AT,Gardening & DIY,Trolley F.C. Barcelona Schwarz 24'' 40 x 63 x 26 cm,Sind Sie modebewusst und begeistern sich für Accessoires? Wir bieten Ihnen <b>Trolley F.C. Barcelona Schwarz 24'' 40 x 63 x 26 cm</b> und ein breites ,Sind Sie modebewusst und begeistern sich für Accessoires? Wir bieten Ihnen <b>Trolley F.C. Barcelona Schwarz 24'' 40 x 63 x 26 cm</b> und ein breites Sortiment an modernen Handtaschen und Geldbeutel!<br><br><ul><li>Art: Trolley</li><li>Material: <ul><li>Polycarbonat</li><li>ABS</li><li>Polyester 600D</li></ul></li><li>Farbe: Schwarz</li><li>Format: 24''</li><li>Merkmale: <ul><li>Mit oberem Griff</li><li>Elastisches Befestigungsband</li><li>Vier um 360° drehbare Räder</li><li>Innenraum-Reißversch,Pop Pulse Emporium,https://cdnbigbuy.com/images/8412688557196_S4310372_P30.jpg,https://cdnbigbuy.com/images/8412688557196_S4310372_P00.jpg,https://cdnbigbuy.com/images/8412688557196_S4310372_P10.jpg,https://cdnbigbuy.com/images/8412688557196_S4310372_P20.jpg,106.22,50,NEW,3.0,40.0,63.0,3.4,7560.0,EUR,2,8,3
M0504374,4549292049527,de-AT,Gardening & DIY,Original Tintenpatrone Canon PFI-1100PGY Grau,"Gehen Sie zurück ins Büro, ohne Details zu vergessen: Kaufen Sie <b>Original Tintenpatrone Canon PFI-1100PGY Grau</b> und seien Sie der Neid Ihrer Kol","Gehen Sie zurück ins Büro, ohne Details zu vergessen: Kaufen Sie <b>Original Tintenpatrone Canon PFI-1100PGY Grau</b> und seien Sie der Neid Ihrer Kollegen!<br><br><ul><li>Farbe: Grau</li><li>Art: <ul><li>Original Tintenpatrone</li><li>Original</li></ul></li><li>Technologie: Inkjet</li><li>Kapazität: 160 ml</li><li>Merkmale: Original</li></ul>",Pop Pulse Emporium,https://cdnbigbuy.com/images/4549292049527_I00.jpg,https://cdnbigbuy.com/images/4549292049527_R00.jpg,https://cdnbigbuy.com/images/4549292049527_M0504374_P00.jpg,,116.55,5,NEW,14.0,14.0,5.0,0.37,980.0,EUR,2,8,3
S8903172,4899888738060,de-AT,Gardening & DIY,Wissenschaftsspiel Lisciani Giochi Night Slime ES (6 Stück),"Für unsere Kinder möchten wir Ihnen <b>Wissenschaftsspiel Lisciani Giochi Night Slime ES (6 Stück)</b> vorstellen, perfekt für alle, die qualitativ ho","Für unsere Kinder möchten wir Ihnen <b>Wissenschaftsspiel Lisciani Giochi Night Slime ES (6 Stück)</b> vorstellen, perfekt für alle, die qualitativ hochwertige Produkte für die Kleinsten suchen. Kaufen Sie <b>Lisciani Giochi</b> und weitere Marken und Lizenzen zu den besten Preisen!<br><br><ul><li>Art: Wissenschaftsspiel</li><li>Sprache: ES</li><li>Material: Kunststoff</li><li>Empfohlenes Alter: + 7 Jahre</li><li>Stückzahl: 6 Stück</li><li>Maße ca.: 16 x 8 x 4 cm</li></ul>",Pop Pulse Emporium,https://cdnbigbuy.com/images/S8903172_P0_icon1.jpg,https://cdnbigbuy.com/images/S8903172_P01.jpg,https://cdnbigbuy.com/images/S8903172_P11.jpg,https://cdnbigbuy.com/images/S8903172_P21.jpg,115.18,25,NEW,30.0,43.5,30.5,5.26,39802.5,EUR,2,8,3
S7923422,5907512605653,de-AT,Gardening & DIY,Tropfbewässerungssystem Cellfast Hydro,"Wenn Sie bei der Einrichtung ihres Heims Wert auf Details legen und bei Produkten, die Ihnen das Leben leichter machen, auf dem letzten Stand sein möc","Wenn Sie bei der Einrichtung ihres Heims Wert auf Details legen und bei Produkten, die Ihnen das Leben leichter machen, auf dem letzten Stand sein möchten, dann kaufen Sie <b>Tropfbewässerungssystem Cellfast Hydro</b> zum besten Preis.<br><br><ul><li>Empfohlene verwendung: Garten</li><li>Art: <ul><li>Garten</li><li>Bewässerungssystem</li><li>Tropfbewässerungssystem</li></ul></li><li>Maße ca.: 16 mm x 50 m</li></ul>",Pop Pulse Emporium,https://cdnbigbuy.com/images/5907512605653_S7923422_P00.jpg,https://cdnbigbuy.com/images/5907512605653_R60.jpg,https://cdnbigbuy.com/images/5907512605653_S7923422_P10.jpg,https://cdnbigbuy.com/images/5907512605653_R70.jpg,106.95,8,NEW,35.0,35.0,5.0,3.47,6125.0,EUR,2,8,3
S91116909,6417084210227,de-AT,Gardening & DIY,Kopfhörer Suunto SS050946000 Schwarz,"Wenn Sie sich leidenschaftlich mit <b>IT und Elektronik</b> beschäftigen, mit der Technologie auf dem neuesten Stand sein wollen und nicht einmal die ","Wenn Sie sich leidenschaftlich mit <b>IT und Elektronik</b> beschäftigen, mit der Technologie auf dem neuesten Stand sein wollen und nicht einmal die winzigsten Einzelheiten auslassen, kaufen Sie <b>Kopfhörer Suunto SS050946000 Schwarz</b>.<br><br><ul><li>Merkmale: <ul><li>Drahtlos</li><li>Eingebautes Mikrofon</li><li>Wireless</li><li>Eingebaute Batterie</li></ul></li><li>Art: <ul><li>Kopfhörer</li><li>Kopfhörer mit Mikrofon</li><li>Haken</li></ul></li><li>Farbe: Schwarz</li><li>Konnektivität: <",Pop Pulse Emporium,https://cdnbigbuy.com/images/6417084210227_S7196772_P00.jpg,https://cdnbigbuy.com/images/6417084210227_S7196772_P10.jpg,https://cdnbigbuy.com/images/6417084210227_S7196772_P20.jpg,https://cdnbigbuy.com/images/6417084210227_S7196772_P30.jpg,157.31,2,NEW,7.0,17.0,12.0,0.42,1428.0,EUR,2,8,3
S7274930,8430622785672,de-AT,Gardening & DIY,Herrenuhr Festina F20569/1,"Wenn Sie mit den neuesten Mode und Accessoire-Trends schritthalten wollen, kaufen Sie <b>Herrenuhr Festina F20569/1</b> zum besten Preis.<br><br><ul><","Wenn Sie mit den neuesten Mode und Accessoire-Trends schritthalten wollen, kaufen Sie <b>Herrenuhr Festina F20569/1</b> zum besten Preis.<br><br><ul><li>Geschlecht: Herren</li><li>Extra Links: Kein</li><li>Typ der Uhr: Armbanduhr</li><li>Material des Armbands: Edelstahl</li><li>Material des Gehäuses: Edelstahl</li><li>Farbe des Bandes: Gold</li><li>Uhrwerk: Quarz</li></ul>",Pop Pulse Emporium,https://cdnbigbuy.com/images/8430622785672_S7274930_P01.jpg,https://cdnbigbuy.com/images/73987_mandatory-watch1.jpg,,,136.43,50,NEW,32.0,19.0,10.0,0.4,6080.0,EUR,2,8,3
S0388883,0196237633538,de-AT,Gardening & DIY,Umhängetasche Michael Kors Leida Schwarz 33 X 30 X 12 CM,"Wenn Sie auf der Suche nach trendigen Neuheiten auf dem Markt sind, präsentieren wir Ihnen <b>Umhängetasche Michael Kors Leida Schwarz 33 X 30 X 12 CM","Wenn Sie auf der Suche nach trendigen Neuheiten auf dem Markt sind, präsentieren wir Ihnen <b>Umhängetasche Michael Kors Leida Schwarz 33 X 30 X 12 CM</b>!<br><br><ul><li>Art: Handtasche</li><li>Geschlecht: Damen</li><li>Farbe: Schwarz</li><li>Material: Canvas-Stoff</li><li>Verschluss Armband: Reißverschluss</li><li>Enthalten: Enthält Markenetui oder -hülle</li><li>Maße ca.: 33 X 30 X 12 CM</li></ul>",Pop Pulse Emporium,https://cdnbigbuy.com/images/0196237633538_S0388883_P00.jpg,https://cdnbigbuy.com/images/0196237633538_S0388883_P10.jpg,https://cdnbigbuy.com/images/0196237633538_S0388883_P20.jpg,,198.75,4,NEW,12.0,33.0,22.0,0.4,8712.0,EUR,2,8,3
S0391357,0889214184931,de-AT,Gardening & DIY,Brillenfassung Longines LG5017-H-57008 Grau ø 57 mm,"Wenn Sie auf der Suche nach trendigen Neuheiten auf dem Markt sind, präsentieren wir Ihnen <b>Brillenfassung Longines LG5017-H-57008 Grau ø 57 mm</b>!","Wenn Sie auf der Suche nach trendigen Neuheiten auf dem Markt sind, präsentieren wir Ihnen <b>Brillenfassung Longines LG5017-H-57008 Grau ø 57 mm</b>!<br><br><ul><li>Geschlecht: Herren</li><li>Merkmale: Gläser ohne Sehstärke</li><li>Art: Brillenfassung</li><li>Farbe: Grau</li><li>Material: Metall</li><li>Enthalten: Enthält Markenetui oder -hülle</li><li>Brücke: 15 mm</li><li>Bügel: 145 mm</li><li>Linsen: ø 57 mm</li></ul>",Pop Pulse Emporium,https://cdnbigbuy.com/images/0889214184931_S7237824_P00.jpg,https://cdnbigbuy.com/images/0889214184931_S7237824_P30.jpg,https://cdnbigbuy.com/images/0889214184931_S0391357_P00.jpg,https://cdnbigbuy.com/images/0889214184931_S0391357_P10.jpg,120.54,8,NEW,10.0,10.0,10.0,0.3,1000.0,EUR,2,8,3
M0506489,0010343877702,de-AT,Gardening & DIY,Original Tintenpatrone Epson C13T653A00 Gelb Orange,"Wenn Sie sich leidenschaftlich mit <b>IT und Elektronik</b> beschäftigen, mit der Technologie auf dem neuesten Stand sein wollen und nicht einmal die ","Wenn Sie sich leidenschaftlich mit <b>IT und Elektronik</b> beschäftigen, mit der Technologie auf dem neuesten Stand sein wollen und nicht einmal die winzigsten Einzelheiten auslassen, kaufen Sie <b>Original Tintenpatrone Epson C13T653A00 Gelb Orange</b>.<br><br><ul><li>Farbe: <ul><li>Orange</li><li>Gelb</li></ul></li><li>Technologie: Inkjet</li><li>Art: Original Tintenpatrone</li><li>Land/Region der Herstellung: China</li><li>Kapazität: 200 ml</li><li>Kompatibel: Epson</li><li>Merkmale: Origina",Pop Pulse Emporium,https://cdnbigbuy.com/images/0010343877702_M0506489_P00.jpg,https://cdnbigbuy.com/images/0010343877702_I00.jpg,,,143.0,2,NEW,21.5,11.5,3.5,0.4,865.38,EUR,2,8,3
S7287761,8056597948166,de-AT,Gardening & DIY,Herrensonnenbrille Emporio Armani EA 4208,"Wenn Sie gern die neusten Produkte aus <b>Fashion & Accessoires</b> tragen möchten, dann sind Accessoires, wie die <b>Herrensonnenbrille Emporio Arman","Wenn Sie gern die neusten Produkte aus <b>Fashion & Accessoires</b> tragen möchten, dann sind Accessoires, wie die <b>Herrensonnenbrille Emporio Armani EA 4208</b> ein Muss, um Ihren Look abzurunden! Vertrauen Sie auf die Marken für <b>Sonnenbrillen</b>.<br><br><ul><li>Art: Herrensonnenbrille</li><li>Schutz: 100% Schutz vor UV (UV400)</li><li>Geschlecht: Herren</li><li>Material: Azetat</li></ul>",Pop Pulse Emporium,https://cdnbigbuy.com/images/8056597948166_S7287761_P00.jpg,https://cdnbigbuy.com/images/8056597948166_S7287761_P10.jpg,,,181.97,2,NEW,10.22,9.75,10.06,0.28,1002.43,EUR,2,8,3
S8427789,7322540542660,de-AT,Gardening & DIY,Papierserviette Tork 64152 Weiß grün (15 Stück),<p>Papierserviette Tork 64152 Weiß grün ist ein exklusives und hochwertiges Produkt für Ihre Körperpflege. Wenn Sie nur natürliche Körperpflegeprodukt,"<p>Papierserviette Tork 64152 Weiß grün ist ein exklusives und hochwertiges Produkt für Ihre Körperpflege. Wenn Sie nur natürliche Körperpflegeprodukte wollen, dann sind die 100 % natürlichen Produkte von Tork genau das Richtige für Sie.</p><br><br><ul><li>Farbe: <ul><li>Weiß</li><li>grün</li></ul></li><li>Material: Papier</li></ul>",Pop Pulse Emporium,https://cdnbigbuy.com/images/7322540542660_S8427789_P01.jpg,,,,104.46,2,NEW,25.9,40.1,59.6,5.6,61899.96,EUR,2,8,3
S0390982,0091661534355,de-AT,Gardening & DIY,Herrenuhr Guess GW0568G1 (Ø 43 mm),"Wenn Sie mit den neuesten Mode und Accessoire-Trends schritthalten wollen, kaufen Sie <b>Herrenuhr Guess GW0568G1 (Ø 43 mm)</b> zum besten Preis.<br><","Wenn Sie mit den neuesten Mode und Accessoire-Trends schritthalten wollen, kaufen Sie <b>Herrenuhr Guess GW0568G1 (Ø 43 mm)</b> zum besten Preis.<br><br><ul><li>Extra Links: Kein</li><li>Typ der Uhr: Armbanduhr</li><li>Material des Armbands: Silikon</li><li>Uhrengehäuse-Material: Edelstahl</li><li>Uhrwerk: Quarz</li><li>Kristall: Mineral</li><li>Enthalten: Enthält Markenetui oder -hülle</li><li>Verschluss Armband: Schließe</li><li>Farbe der Krone: Blau</li><li>Farbe des Uhrengehäuses: Braun</li>",Pop Pulse Emporium,https://cdnbigbuy.com/images/0091661534355_S7274071_P00.jpg,https://cdnbigbuy.com/images/0091661534355_S0390982_P10.jpg,https://cdnbigbuy.com/images/0091661534355_R30.jpg,https://cdnbigbuy.com/images/0091661534355_S7274071_P10.jpg,156.1,1,NEW,32.0,19.0,10.0,0.4,6080.0,EUR,2,8,3
S9903660,0196786896392,de-AT,Gardening & DIY,Multifunktionsdrucker HP 5A0S3B,"Wenn Sie sich leidenschaftlich mit <b>IT und Elektronik</b> beschäftigen, mit der Technologie auf dem neuesten Stand sein wollen und nicht einmal die ","Wenn Sie sich leidenschaftlich mit <b>IT und Elektronik</b> beschäftigen, mit der Technologie auf dem neuesten Stand sein wollen und nicht einmal die winzigsten Einzelheiten auslassen, kaufen Sie <b>Multifunktionsdrucker HP 5A0S3B</b>.<br><br><ul><li>Format: A4</li><li>Art: <ul><li>Drucker</li><li>Multifunktionsdrucker</li></ul></li><li>Netzwerkkarte: Ja</li><li>Geschwindigkeit: <ul><li>20 ppm</li><li>16 ppm</li><li>32 ppm</li></ul></li><li>Merkmale: <ul><li>Fax</li><li>Farbbildschirm</li><li>Ei",Pop Pulse Emporium,https://cdnbigbuy.com/images/0196786896392_S9903660_P00.jpg,https://cdnbigbuy.com/images/0196786896392_S9903660_P90.jpg,https://cdnbigbuy.com/images/0196786896392_S9903660_P40.jpg,https://cdnbigbuy.com/images/0196786896392_S9903660_P50.jpg,142.62,25,NEW,28.3,48.7,40.9,7.85,56368.79,EUR,2,8,3
S72104515,4549526382543,de-AT,Gardening & DIY,Herrenuhr Casio MTP-1302PE-2AVEF,"Wenn Sie mit den neuesten Mode und Accessoire-Trends schritthalten wollen, kaufen Sie <b>Herrenuhr Casio MTP-1302PE-2AVEF</b> zum besten Preis.<br><br","Wenn Sie mit den neuesten Mode und Accessoire-Trends schritthalten wollen, kaufen Sie <b>Herrenuhr Casio MTP-1302PE-2AVEF</b> zum besten Preis.<br><br><ul><li>Geschlecht: Herren</li><li>Extra Links: Kein</li><li>Typ der Uhr: Armbanduhr</li></ul>",Pop Pulse Emporium,https://cdnbigbuy.com/images/4549526382543_S72104515_P00.jpg,https://cdnbigbuy.com/images/103527_mandatory-watch0.jpg,,,103.01,2,NEW,14.15,12.43,10.11,0.3,1778.19,EUR,2,8,3
S0384429,0196237626219,de-AT,Gardening & DIY,Damen Handtasche Michael Kors MERCER CAMEL MULTI Braun 30 x 23 x 10 cm,Sind Sie modebewusst und begeistern sich für Accessoires? Wir bieten Ihnen <b>Damen Handtasche Michael Kors MERCER CAMEL MULTI Braun 30 x 23 x 10 cm</,Sind Sie modebewusst und begeistern sich für Accessoires? Wir bieten Ihnen <b>Damen Handtasche Michael Kors MERCER CAMEL MULTI Braun 30 x 23 x 10 cm</b> und ein breites Sortiment an modernen Handtaschen und Geldbeutel!<br><br><ul><li>Geschlecht: Damen</li><li>Art: <ul><li>Damen Handtasche</li><li>Handtasche</li></ul></li><li>Farbe: Braun</li><li>Material: Haut</li><li>Verschluss Armband: Reißverschluss</li><li>Enthalten: Inklusive Markenetui</li><li>Maße ca.: 30 x 23 x 10 cm</li></ul>,Pop Pulse Emporium,https://cdnbigbuy.com/images/0196237626219_S0384429_P00.jpg,https://cdnbigbuy.com/images/0196237626219_S0384429_P10.jpg,https://cdnbigbuy.com/images/0196237626219_S0384429_P20.jpg,,196.91,9,NEW,10.0,10.0,10.0,0.3,1000.0,EUR,2,8,3
S3700853,4008321787019,de-AT,Gardening & DIY,Autoglühbirne OS66548 Osram OS66548 D8S 25W 40V,Statten Sie Ihr Fahrzeug mit den neuesten Produkten aus - kaufen Sie  <b>Autoglühbirne OS66548 Osram OS66548 D8S 25W 40V</b> und verpassen Sie kein De,Statten Sie Ihr Fahrzeug mit den neuesten Produkten aus - kaufen Sie  <b>Autoglühbirne OS66548 Osram OS66548 D8S 25W 40V</b> und verpassen Sie kein Detail!<br><ul><li>Leistung: 25 W</li><li>Art: D8S</li><li>Spannung: 40 V</li></ul>,Pop Pulse Emporium,https://cdnbigbuy.com/images/4008321787019_S3700853_P11.jpg,https://cdnbigbuy.com/images/4008321787019_I11.jpg,,,163.09,1,NEW,9.3,5.3,4.6,0.3,226.73,EUR,2,8,3
S3726574,8434207259718,de-AT,Gardening & DIY,6-Punkt-Gurt OCC Motorsport OCCRF4 Gelb,Statten Sie Ihr Fahrzeug mit den neuesten Produkten aus - kaufen Sie  <b>6-Punkt-Gurt OCC Motorsport OCCRF4 Gelb</b> und verpassen Sie kein Detail!<br,Statten Sie Ihr Fahrzeug mit den neuesten Produkten aus - kaufen Sie  <b>6-Punkt-Gurt OCC Motorsport OCCRF4 Gelb</b> und verpassen Sie kein Detail!<br><br><ul><li>Merkmale: <ul><li>Universal</li><li>FIA 8853-2016</li><li>Verstellbare Riemen</li><li>FIA genehmigt</li></ul></li><li>Festiger: 6 Punkte</li><li>Farbe: Gelb</li></ul>,Pop Pulse Emporium,https://cdnbigbuy.com/images/8434207259718_S3726574_P01.jpg,https://cdnbigbuy.com/images/8434207259718_S3726574_P11.jpg,https://cdnbigbuy.com/images/8434207259718_S3726574_P21.jpg,,151.73,25,NEW,40.0,30.0,30.0,4.0,36000.0,EUR,2,8,3
S72106145,0889214262547,de-AT,Gardening & DIY,Brillenfassung Ermenegildo Zegna EZ5224-D 52052,"Wenn Sie Ihren Kleiderschrank erneuern möchten, empfehlen wir Ihnen <b>Brillenfassung Ermenegildo Zegna EZ5224-D 52052</b> und weitere <b> Produkte vo","Wenn Sie Ihren Kleiderschrank erneuern möchten, empfehlen wir Ihnen <b>Brillenfassung Ermenegildo Zegna EZ5224-D 52052</b> und weitere <b> Produkte von Ermenegildo Zegna</b>! Jetzt für Sie die beste Qualität zum besten Preis!<br><br><ul><li>Merkmale: Gläser ohne Sehstärke</li><li>Art: Brillenfassung</li><li>Geschlecht: Herren</li></ul>",Pop Pulse Emporium,https://cdnbigbuy.com/images/0889214262547_S72106145_P00.jpg,https://cdnbigbuy.com/images/0889214262547_S72106145_P10.jpg,https://cdnbigbuy.com/images/0889214262547_S72106145_P20.jpg,,125.16,2,NEW,17.0,5.0,5.0,0.3,425.0,EUR,2,8,3
S7928641,8720169072510,de-AT,Gardening & DIY,Nachtlicht Wiz 3 m Weiß,"Wenn Sie bei der Einrichtung ihres Heims Wert auf Details legen und bei Produkten, die Ihnen das Leben leichter machen, auf dem letzten Stand sein möc","Wenn Sie bei der Einrichtung ihres Heims Wert auf Details legen und bei Produkten, die Ihnen das Leben leichter machen, auf dem letzten Stand sein möchten, dann kaufen Sie <b>Nachtlicht Wiz 3 m Weiß</b>.<br><br><ul><li>Stromquelle: Wechselstrom</li><li>Glühbirnen-Typ: LED</li><li>Ausgangsspannung: 20 V</li><li>Lang: 300 cm</li><li>Breite: 1 cm</li><li>Länge: 3 m</li><li>Farbe: Weiß</li><li>Material: Kunststoff</li><li>Sprache: Französisch</li><li>Spannung: <ul><li>20 V</li><li>220-240 V</li></ul",Pop Pulse Emporium,https://cdnbigbuy.com/images/8720169072510_S9173527_P00.jpg,https://cdnbigbuy.com/images/8720169072510_R20.jpg,https://cdnbigbuy.com/images/8720169072510_R90.jpg,https://cdnbigbuy.com/images/8720169072510_R30.jpg,131.51,10,NEW,12.93,13.4,10.5,1.02,1819.25,EUR,2,8,3
S0384754,0196237918840,de-AT,Gardening & DIY,Damen Handtasche Michael Kors 35T1STTC9L-STH-PACIFIC Blau 24 x 16 x 6 cm,Sind Sie modebewusst und begeistern sich für Accessoires? Wir bieten Ihnen <b>Damen Handtasche Michael Kors 35T1STTC9L-STH-PACIFIC Blau 24 x 16 x 6 cm,Sind Sie modebewusst und begeistern sich für Accessoires? Wir bieten Ihnen <b>Damen Handtasche Michael Kors 35T1STTC9L-STH-PACIFIC Blau 24 x 16 x 6 cm</b> und ein breites Sortiment an modernen Handtaschen und Geldbeutel!<br><br><ul><li>Geschlecht: Damen</li><li>Art: Damen Handtasche</li><li>Farbe: Blau</li><li>Material: Canvas-Stoff</li><li>Verschluss Armband: Reißverschluss</li><li>Enthalten: Enthält Markenetui oder -hülle</li><li>Maße ca.: 24 x 16 x 6 cm</li></ul>,Pop Pulse Emporium,https://cdnbigbuy.com/images/0196237918840_S0384754_P00.jpg,https://cdnbigbuy.com/images/0196237918840_S0384754_P10.jpg,https://cdnbigbuy.com/images/0196237918840_S0384754_P20.jpg,,164.1,1,NEW,25.0,25.0,7.0,0.4,4375.0,EUR,2,8,3
S72112135,8050506116691,de-AT,Gardening & DIY,Unisex-Armreif Musician Talent Jewels TJA-4-11-01-1-235 Silberfarben,"Wir präsentieren <b>Unisex-Armreif Musician Talent Jewels TJA-4-11-01-1-235 Silberfarben</b> und ein umfangreiches Sortiment von Ringen, Halsbändern, ","Wir präsentieren <b>Unisex-Armreif Musician Talent Jewels TJA-4-11-01-1-235 Silberfarben</b> und ein umfangreiches Sortiment von Ringen, Halsbändern, Armbändern, Ohrringen, usw. zu einem großartigen Preis. Erfahren Sie mehr über unsere exklusiven und eleganten Schmuck und Modeschmuck für jeden Geschmack und Stil.<br><br><p>Das <b>unisex Armband TJA-4-11-01-1-235</b> der Marke <b>Talent Jewels</b> ist ein Accessoire, das jeden Stil dank seiner vielseitigen und eleganten <b>silberfarbenen</b> Opti",Pop Pulse Emporium,https://cdnbigbuy.com/images/S72112135_1754378075-remove-background0.jpg,https://cdnbigbuy.com/images/8050506116691_S72112135_P00.jpg,,,114.06,5,NEW,10.0,9.99,10.0,0.3,999.0,EUR,2,8,3
S2439694,8436585227044,de-AT,Gardening & DIY,Tischfußball Gelb 117 x 61 x 82 cm,"Bleiben Sie in Form und entdecken Sie die neuesten Innovationen der Branche, um mit den besten Voraussetzungen Sport zu betreiben! Kaufen Sie <b>Tisch","Bleiben Sie in Form und entdecken Sie die neuesten Innovationen der Branche, um mit den besten Voraussetzungen Sport zu betreiben! Kaufen Sie <b>Tischfußball Gelb 117 x 61 x 82 cm</b> zum besten Preis und genießen Sie ein gesundes Leben!<br><br><ul><li>Enthalten: 2 Bälle</li><li>Material: Holz</li><li>Farbe: Gelb</li><li>Art: Tischfußball</li><li>Maße ca.: 117 x 61 x 82 cm</li></ul>",Pop Pulse Emporium,https://cdnbigbuy.com/images/8436585227044_S2439694_P00.jpg,https://cdnbigbuy.com/images/S2439694_162688_1729681155-cropped0.jpg,,,100.66,25,NEW,11.0,64.0,120.0,15.8,84480.0,EUR,2,8,3
S0391209,0196237626141,de-AT,Gardening & DIY,Handtasche Michael Kors Mercer,"Wenn Sie auf der Suche nach trendigen Neuheiten auf dem Markt sind, präsentieren wir Ihnen <b>Handtasche Michael Kors Mercer</b>!<br><br><ul><li>Art: ","Wenn Sie auf der Suche nach trendigen Neuheiten auf dem Markt sind, präsentieren wir Ihnen <b>Handtasche Michael Kors Mercer</b>!<br><br><ul><li>Art: Handtasche</li><li>Geschlecht: Damen</li><li>Farbe: Beige</li><li>Material: Haut</li><li>Verschluss Armband: Reißverschluss</li><li>Enthalten: Enthält Markenetui oder -hülle</li><li>Maße ca.: 30 x 23 x 10 cm</li></ul>",Pop Pulse Emporium,https://cdnbigbuy.com/images/0196237626141_S0391209_P00.jpg,https://cdnbigbuy.com/images/0196237626141_S0391209_P10.jpg,,,196.91,10,NEW,10.0,10.0,10.0,0.3,1000.0,EUR,2,8,3
S9120390,5906083062810,de-AT,Gardening & DIY,Schlagschrauber Yato YT-82806 18 V 700 Nm,"Wenn Sie bei der Einrichtung ihres Heims Wert auf Details legen und bei Produkten, die Ihnen das Leben leichter machen, auf dem letzten Stand sein möc","Wenn Sie bei der Einrichtung ihres Heims Wert auf Details legen und bei Produkten, die Ihnen das Leben leichter machen, auf dem letzten Stand sein möchten, dann kaufen Sie <b>Schlagschrauber Yato YT-82806 18 V 700 Nm</b> zum besten Preis.<br><br><ul><li>Art: Schlagschrauber</li><li>Anzugsdrehmoment: 700 Nm</li><li>Ungefähre Ladedauer: 1,5 Stunden</li><li>Enthalten: <ul><li>Adapter</li><li>Ladegerät</li><li>Transporthülle</li></ul></li><li>Motor: Bürstenlos</li><li>Spannung: 18 V</li><li>Kapazitä",Pop Pulse Emporium,https://cdnbigbuy.com/images/5906083062810_S9120390_P00.jpg,https://cdnbigbuy.com/images/5906083062810_S9120390_P10.jpg,https://cdnbigbuy.com/images/5906083062810_S9120390_P140.jpg,https://cdnbigbuy.com/images/5906083062810_S9120390_P80.jpg,153.87,2,NEW,32.0,38.5,12.0,4.46,14784.0,EUR,2,8,3
S8410820,0085896603849,de-AT,Gardening & DIY,Laptop Trolley Kensington Contour 2.0 Pro Overnight,Sind Sie modebewusst und begeistern sich für Accessoires? Wir bieten Ihnen <b>Laptop Trolley Kensington Contour 2.0 Pro Overnight</b> und ein breites ,"Sind Sie modebewusst und begeistern sich für Accessoires? Wir bieten Ihnen <b>Laptop Trolley Kensington Contour 2.0 Pro Overnight</b> und ein breites Sortiment an modernen Handtaschen und Geldbeutel!<br><br><ul><li>Material: Polyester</li><li>Art: Laptop Trolley</li><li>Farbe: Schwarz</li><li>Format: 17""</li><li>Merkmale: Ergonomisch</li></ul>",Pop Pulse Emporium,https://cdnbigbuy.com/images/S8410820_P00.jpg,,,,199.61,2,NEW,38.0,25.0,48.0,3.4,45600.0,EUR,2,8,3
S9130788,0766623714143,de-AT,Gardening & DIY,Wandschaltschrank Intellinet 714143,"Wenn Sie auf der Suche nach trendigen Neuheiten auf dem Markt sind, präsentieren wir Ihnen <b>Wandschaltschrank Intellinet 714143</b>!<br><br><ul><li>","Wenn Sie auf der Suche nach trendigen Neuheiten auf dem Markt sind, präsentieren wir Ihnen <b>Wandschaltschrank Intellinet 714143</b>!<br><br><ul><li>Farbe: Schwarz</li><li>Format: 19""</li><li>Material: Verzinkter Stahl</li><li>Tiefe: 40 cm</li><li>IP-Klassifizierung: IP20</li><li>Installationsart: Wandmontage</li><li>Breite: 54 cm</li></ul>",Pop Pulse Emporium,https://cdnbigbuy.com/images/0766623714143_R00.jpg,https://cdnbigbuy.com/images/0766623714143_R60.jpg,https://cdnbigbuy.com/images/0766623714143_R10.jpg,https://cdnbigbuy.com/images/0766623714143_R20.jpg,106.88,2,NEW,17.0,46.0,60.5,9.54,47311.0,EUR,2,8,3
M0514554,0734646641692,de-AT,Gardening & DIY,Toner Lexmark 51B2000 Schwarz,"Gehen Sie zurück ins Büro, ohne Details zu vergessen: Kaufen Sie <b>Toner Lexmark 51B2000 Schwarz</b> und seien Sie der Neid Ihrer Kollegen!<br><br><u","Gehen Sie zurück ins Büro, ohne Details zu vergessen: Kaufen Sie <b>Toner Lexmark 51B2000 Schwarz</b> und seien Sie der Neid Ihrer Kollegen!<br><br><ul><li>Farbe: Schwarz</li><li>Art: Toner</li><li>Merkmale: Original</li></ul>",Pop Pulse Emporium,https://cdnbigbuy.com/images/0734646641692_M0514554_P00.jpg,,,,120.72,2,NEW,31.5,12.0,13.5,0.6,5103.0,EUR,2,8,3
S7187122,4054278951676,de-AT,Gardening & DIY,"Wasserpumpe Kärcher SP 11,000","Wenn Sie bei der Einrichtung ihres Heims Wert auf Details legen und bei Produkten, die Ihnen das Leben leichter machen, auf dem letzten Stand sein möc","Wenn Sie bei der Einrichtung ihres Heims Wert auf Details legen und bei Produkten, die Ihnen das Leben leichter machen, auf dem letzten Stand sein möchten, dann kaufen Sie <b>Wasserpumpe Kärcher SP 11,000</b> zum besten Preis.<br><br><ul><li>Leistung: <ul><li>400 W</li><li>11000 l</li></ul></li></ul>",Pop Pulse Emporium,https://cdnbigbuy.com/images/4054278951676_S7187122_P01.jpg,,,,114.39,2,NEW,19.1,33.1,23.5,4.5,14856.94,EUR,2,8,3
S7917622,8430274148887,de-AT,Gardening & DIY,Sicherheitssystem Pastormatic 250 In der Nähe von,"Wenn Sie auf der Suche nach trendigen Neuheiten auf dem Markt sind, präsentieren wir Ihnen <b>Sicherheitssystem Pastormatic 250 In der Nähe von</b>!<b","Wenn Sie auf der Suche nach trendigen Neuheiten auf dem Markt sind, präsentieren wir Ihnen <b>Sicherheitssystem Pastormatic 250 In der Nähe von</b>!<br><br><ul><li>Art: <ul><li>Elektrisch</li><li>In der Nähe von</li></ul></li><li>Merkmale: Solarbatterie</li><li>Nicht erhalten: Batterie</li><li>Spannung: <ul><li>2900 V</li><li>9400 V</li></ul></li></ul>",Pop Pulse Emporium,https://cdnbigbuy.com/images/8430274148887_S7917622_P0_WBG1.jpg,,,,180.29,2,NEW,30.0,30.0,20.0,2.11,18000.0,EUR,2,8,3
S0365364,0091661526749,de-AT,Gardening & DIY,Damenuhr Guess GW0407L1 (Ø 38 mm),"Wenn Sie mit den neuesten Mode und Accessoire-Trends schritthalten wollen, kaufen Sie <b>Damenuhr Guess GW0407L1 (Ø 38 mm)</b> zum besten Preis.<br><b","Wenn Sie mit den neuesten Mode und Accessoire-Trends schritthalten wollen, kaufen Sie <b>Damenuhr Guess GW0407L1 (Ø 38 mm)</b> zum besten Preis.<br><br><ul><li>Geschlecht: Damen</li><li>Extra Links: Kein</li><li>Typ der Uhr: Armbanduhr</li><li>Enthalten: Inklusive Markenetui</li><li>Durchmesser des Uhrengehäuses: Ø 38 mm</li></ul>",Pop Pulse Emporium,https://cdnbigbuy.com/images/0091661526749_R0_WBG3.jpg,https://cdnbigbuy.com/images/0091661526749_R5_MKT3.jpg,https://cdnbigbuy.com/images/0091661526749_R6_MKT3.jpg,https://cdnbigbuy.com/images/0091661526749_R7_WBG3.jpg,101.81,19,NEW,10.0,10.0,10.0,0.3,1000.0,EUR,2,8,3
S72102794,8719743152526,de-AT,Gardening & DIY,Damenarmreif New Bling 9NB-0233,"Wir präsentieren <b>Damenarmreif New Bling 9NB-0233</b> und ein umfangreiches Sortiment von Ringen, Halsbändern, Armbändern, Ohrringen, usw. zu einem ","Wir präsentieren <b>Damenarmreif New Bling 9NB-0233</b> und ein umfangreiches Sortiment von Ringen, Halsbändern, Armbändern, Ohrringen, usw. zu einem großartigen Preis. Erfahren Sie mehr über unsere exklusiven und eleganten Schmuck und Modeschmuck für jeden Geschmack und Stil.<br><br><ul><li>Geschlecht: Damen</li><li>Art: Damenarmreif</li></ul>",Pop Pulse Emporium,https://cdnbigbuy.com/images/8719743152526_S72102794_P00.jpg,,,,135.31,1,NEW,9.97,9.99,9.96,0.29,992.02,EUR,2,8,3
S2229013,4899888693673,de-AT,Gardening & DIY,Tafel Securit Staffelei Mini Satz 3 Stück,"Gehen Sie zurück ins Büro, ohne Details zu vergessen: Kaufen Sie <b>Tafel Securit Staffelei Mini Satz 3 Stück</b> und seien Sie der Neid Ihrer Kollege","Gehen Sie zurück ins Büro, ohne Details zu vergessen: Kaufen Sie <b>Tafel Securit Staffelei Mini Satz 3 Stück</b> und seien Sie der Neid Ihrer Kollegen!<br><br><ul><li>Art: <ul><li>Gastronomie</li><li>Satz</li><li>Tafel</li></ul></li><li>Merkmale: Staffelei</li><li>Format: Mini</li><li>Stück: 3 Stück</li><li>Maße ca.: 15 x 13,5 x 24,4 cm</li></ul>",Pop Pulse Emporium,https://cdnbigbuy.com/images/8718226495006_S2229013_P0_icon1.jpg,https://cdnbigbuy.com/images/8718226495006_S2229013_P01.jpg,,,177.98,1,NEW,15.0,4.0,27.0,3.6,1620.0,EUR,2,8,3
S7171390,3661276175648,de-AT,Gardening & DIY,Spielmatte Babymoov A035220 Mehrzweck 3 in 1,"Für unsere Kinder möchten wir nur das Beste, und deshalb möchten wir Ihnen <b>Spielmatte Babymoov A035220 Mehrzweck 3 in 1</b> vorstellen, perfekt für","Für unsere Kinder möchten wir nur das Beste, und deshalb möchten wir Ihnen <b>Spielmatte Babymoov A035220 Mehrzweck 3 in 1</b> vorstellen, perfekt für alle, die qualitativ hochwertige Produkte für die Kleinsten suchen. Kaufen Sie <b>Babymoov</b> zu den besten Preisen!<br><br><ul><li>Enthalten: <ul><li>Moskitonetz</li><li>Markise</li><li>Transportbeutel</li></ul></li><li>Merkmale: <ul><li>Biegsam</li><li>3 in 1</li></ul></li><li>Art: <ul><li>Mehrzweck</li><li>Kinderbecken</li></ul></li><li>Materi",Pop Pulse Emporium,https://cdnbigbuy.com/images/3661276175648_00_WBG2.jpg,https://cdnbigbuy.com/images/3661276175648_I0_WBG2.jpg,https://cdnbigbuy.com/images/3661276175648_R1_MKT2.jpg,https://cdnbigbuy.com/images/3661276175648_R2_WBG2.jpg,102.91,10,NEW,48.1,46.3,16.1,1.7,35855.18,EUR,2,8,3
S72099408,4894816034825,de-AT,Gardening & DIY,Herrenuhr Timberland TDWGP2201602 grün,"Wenn Sie mit den neuesten Mode und Accessoire-Trends schritthalten wollen, kaufen Sie <b>Herrenuhr Timberland TDWGP2201602 grün</b> zum besten Preis.<","Wenn Sie mit den neuesten Mode und Accessoire-Trends schritthalten wollen, kaufen Sie <b>Herrenuhr Timberland TDWGP2201602 grün</b> zum besten Preis.<br><br><ul><li>Geschlecht: Herren</li><li>Extra Links: Kein</li><li>Typ der Uhr: Armbanduhr</li><li>Farbe: grün</li><li>Material des Armbands: Nylon</li><li>Material des Gehäuses: Edelstahl</li><li>Verschluss Armband: Schließe</li><li>Uhrwerk: Quarz</li></ul>",Pop Pulse Emporium,https://cdnbigbuy.com/images/4894816034825_R00.jpg,https://cdnbigbuy.com/images/98420_mandatory-watch0.jpg,,,149.59,5,NEW,14.15,12.43,10.11,0.3,1778.19,EUR,2,8,3
S55064966,0743172101761,de-AT,Gardening & DIY,Unterbrechungsfreies Stromversorgungssystem Interaktiv USV Eaton 3S700D              ,"Wenn Sie sich leidenschaftlich mit <b>IT und Elektronik</b> beschäftigen, mit der Technologie auf dem neuesten Stand sein wollen und nicht einmal die ","Wenn Sie sich leidenschaftlich mit <b>IT und Elektronik</b> beschäftigen, mit der Technologie auf dem neuesten Stand sein wollen und nicht einmal die winzigsten Einzelheiten auslassen, kaufen Sie <b>Unterbrechungsfreies Stromversorgungssystem Interaktiv USV Eaton 3S700D              </b>.<br><br><ul><li>Steckbares Produkt: Ja</li><li>Steckertyp: EU-Stecker</li><li>Art: Unterbrechungsfreies Stromversorgungssystem Interaktiv USV</li><li>Farbe: <ul><li>Schwarz</li><li>Weiß</li></ul></li><li>Breite:",Pop Pulse Emporium,https://cdnbigbuy.com/images/355869521.jpg,,,,154.56,2,NEW,39.0,24.0,16.0,4.73,14976.0,EUR,2,8,3
S7298106,7613272464512,de-AT,Gardening & DIY,Damenhalskette Calvin Klein 35000148,"Wir präsentieren <b>Damenhalskette Calvin Klein 35000148</b> und ein umfangreiches Sortiment von Ringen, Halsbändern, Armbändern, Ohrringen, usw. zu e","Wir präsentieren <b>Damenhalskette Calvin Klein 35000148</b> und ein umfangreiches Sortiment von Ringen, Halsbändern, Armbändern, Ohrringen, usw. zu einem großartigen Preis. Erfahren Sie mehr über unsere exklusiven und eleganten Schmuck und Modeschmuck für jeden Geschmack und Stil.<br><br><ul><li>Geschlecht: Damen</li><li>Art: Damenhalskette</li><li>Enthalten: Inklusive Markenetui</li><li>Material: Edelstahl</li></ul>",Pop Pulse Emporium,https://cdnbigbuy.com/images/7613272464512_S7298106_P00.jpg,,,,110.39,1,NEW,9.98,9.98,9.92,0.3,988.04,EUR,2,8,3
S7911822,5035048751213,de-AT,Gardening & DIY,Bohrset und Zubehör Black & Decker bcksb05-qw 18 V,"Wenn Sie bei der Einrichtung ihres Heims Wert auf Details legen und bei Produkten, die Ihnen das Leben leichter machen, auf dem letzten Stand sein möc","Wenn Sie bei der Einrichtung ihres Heims Wert auf Details legen und bei Produkten, die Ihnen das Leben leichter machen, auf dem letzten Stand sein möchten, dann kaufen Sie <b>Bohrset und Zubehör Black & Decker bcksb05-qw 18 V</b> zum besten Preis.<br><br><ul><li>Merkmale: Ladegerät</li><li>Spannung: 18 V</li><li>Enthalten: <ul><li>Aktentasche</li><li>Ladegerät</li></ul></li><li>Farbe: Bunt</li><li>Stromquelle: <ul><li>Batterie</li><li>AC-Strom</li><li>Wiederaufladbare Batterie</li></ul></li></ul",Pop Pulse Emporium,https://cdnbigbuy.com/images/5035048751213_R0_WBG2.jpg,https://cdnbigbuy.com/images/5035048751213_R1_WBG2.jpg,https://cdnbigbuy.com/images/5035048751213_R2_WBG2.jpg,https://cdnbigbuy.com/images/5035048751213_R3_WBG2.jpg,136.07,5,NEW,10.0,31.0,10.0,5.16,3100.0,EUR,2,8,3
S9126819,8422084011970,de-AT,Gardening & DIY,"Kinderfahrrad Toimsa TOI1197 MyLittlePony 12"" Blau","Für unsere Kinder möchten wir nur das Beste, und deshalb möchten wir Ihnen <b>Kinderfahrrad Toimsa TOI1197 MyLittlePony 12"" Blau</b> vorstellen, perfe","Für unsere Kinder möchten wir nur das Beste, und deshalb möchten wir Ihnen <b>Kinderfahrrad Toimsa TOI1197 MyLittlePony 12"" Blau</b> vorstellen, perfekt für alle, die qualitativ hochwertige Produkte für die Kleinsten suchen. Kaufen Sie <b>Toimsa</b> zu den besten Preisen!<br><br><ul><li>Farbe: Blau</li><li>Material: <ul><li>Stahl</li><li>Kunststoff</li></ul></li><li>Merkmale: Ohne Montage</li><li>Geschlecht: Für Kinder</li><li>Empfohlenes Alter: + 3 jahre</li><li>Räder: Räder x 4</li></ul>",Pop Pulse Emporium,https://cdnbigbuy.com/images/8422084011970_R00.jpg,,,,157.82,2,NEW,74.0,45.0,19.0,8.0,63270.0,EUR,2,8,3
S05102021,3552571270018,de-AT,Gardening & DIY,Tagescreme Annayake Ultratime 50 ml,"<p><b>Tagescreme Annayake Ultratime 50 ml</b> ist ein Qualitätsprodukt, das für anspruchsvolle Menschen entwickelt wurde, die auf ihr Aussehen achten ","<p><b>Tagescreme Annayake Ultratime 50 ml</b> ist ein Qualitätsprodukt, das für anspruchsvolle Menschen entwickelt wurde, die auf ihr Aussehen achten und nach den besten Kosmetika suchen, um ihre Schönheit zu unterstreichen. Wenn Sie zu diesen Menschen gehören, dann sind die <b>100 % originalen Produkte von Annayake</b> wie für Sie gemacht.</p><br><br><ul><li>Geschlecht: Damen</li><li>Texturierung: Creme</li><li>Empfohlene verwendung: Alle Hauttypen</li><li>Inhaltsstoffe: <ul><li>Polysorbate 60<",Pop Pulse Emporium,https://cdnbigbuy.com/images/3552571270018_S05102021_P00.jpg,,,,116.67,25,NEW,1.5,6.0,12.0,0.1,108.0,EUR,2,8,3
M0503206,4977766636704,de-AT,Gardening & DIY,Original Toner Brother TN3130 Schwarz,"Wenn Sie sich leidenschaftlich mit <b>IT und Elektronik</b> beschäftigen, mit der Technologie auf dem neuesten Stand sein wollen und nicht einmal die ","Wenn Sie sich leidenschaftlich mit <b>IT und Elektronik</b> beschäftigen, mit der Technologie auf dem neuesten Stand sein wollen und nicht einmal die winzigsten Einzelheiten auslassen, kaufen Sie <b>Original Toner Brother TN3130 Schwarz</b>.<br><br><ul><li>Farbe: Schwarz</li><li>Technologie: <ul><li>Láser</li><li>Laser</li></ul></li><li>Art: Toner</li><li>Merkmale: <ul><li>3500 Seiten</li><li>Original</li></ul></li><li>Kompatibel: Brother</li><li>Menge: 3500 pgs</li></ul>",Pop Pulse Emporium,https://cdnbigbuy.com/images/4977766636704_M0503206_P00.jpg,https://cdnbigbuy.com/images/4977766636704_00.jpg,,,126.19,4,NEW,35.5,19.5,15.0,1.02,10383.75,EUR,2,8,3
S37116169,5998167752076,de-AT,Gardening & DIY,Armlehne Armster FORD FOCUS 2015-2017 Stoff,Statten Sie Ihr Fahrzeug mit den neuesten Produkten aus - kaufen Sie <b>Armlehne Armster FORD FOCUS 2015-2017 Stoff</b> und verpassen Sie kein Detail!,"Statten Sie Ihr Fahrzeug mit den neuesten Produkten aus - kaufen Sie <b>Armlehne Armster FORD FOCUS 2015-2017 Stoff</b> und verpassen Sie kein Detail!<br><br><p>Der <b>Armster 3 Armlehne</b>, speziell für den <b>Ford Focus 2015-2017</b>, ist ein funktionales und ergonomisches Zubehör, das den Komfort von Fahrer und Beifahrern während der Fahrt verbessert. Es handelt sich um eine <b>mittlere Armlehne</b> in <b>schwarzer</b> Farbe, die einfach mit einem speziellen Adapter an der Mittelkonsole des ",Pop Pulse Emporium,https://cdnbigbuy.com/images/5998167752076_S37116169_P00.jpg,https://cdnbigbuy.com/images/5998167752076_S37116169_P20.jpg,https://cdnbigbuy.com/images/5998167752076_S37116169_P30.jpg,https://cdnbigbuy.com/images/5998167752076_S37116169_P40.jpg,127.29,1,NEW,35.0,25.0,25.0,8.0,21875.0,EUR,2,8,3
S9139494,5903796011142,de-AT,Gardening & DIY,"Schreibtisch Gaming Huzaro HZ-Hero 7.0 Weiß Schwarz Carbonfaser 154 x 72,5 x 117 cm","<p>Wenn Sie Ihrem Zuhause einen Hauch von Originalität verleihen möchten, tun Sie dies mit <b>Schreibtisch Gaming Huzaro HZ-Hero 7.0 Weiß Schwarz Carb","<p>Wenn Sie Ihrem Zuhause einen Hauch von Originalität verleihen möchten, tun Sie dies mit <b>Schreibtisch Gaming Huzaro HZ-Hero 7.0 Weiß Schwarz Carbonfaser 154 x 72,5 x 117 cm</b>.</p><br><br><ul><li>Farbe: <ul><li>Weiß</li><li>Schwarz</li></ul></li><li>Material: <ul><li>Carbonfaser</li><li>Metall</li></ul></li><li>Breite: 15 cm</li><li>Merkmale: <ul><li>Einstellbare Höhe</li><li>Kabel-Ordnungshilfe</li><li>1 Schublade</li></ul></li><li>groß: 72,5 cm</li><li>Dicke: 1,5 cm</li><li>Design: <ul><",Pop Pulse Emporium,https://cdnbigbuy.com/images/5903796011142_S9139494_P00.jpg,https://cdnbigbuy.com/images/5903796011142_S9139494_P40.jpg,https://cdnbigbuy.com/images/5903796011142_S9139494_P30.jpg,https://cdnbigbuy.com/images/5903796011142_S9139494_P20.jpg,136.91,9,NEW,78.5,9.5,115.5,19.5,86134.12,EUR,2,8,3
S7283546,8052011752418,de-AT,Gardening & DIY,Smartwatch LIU JO SWLJ046,"Wenn Sie mit den neuesten Mode und Accessoire-Trends schritthalten wollen, kaufen Sie <b>Smartwatch LIU JO SWLJ046</b> zum besten Preis.<br><br><ul><l","Wenn Sie mit den neuesten Mode und Accessoire-Trends schritthalten wollen, kaufen Sie <b>Smartwatch LIU JO SWLJ046</b> zum besten Preis.<br><br><ul><li>Geschlecht: Damen</li><li>Art: Smartwatch</li><li>Typ der Uhr: Smartwatch</li><li>Steckbares Produkt: Ja</li><li>Steckertyp: EU-Stecker</li><li>Konnektivität: Bluetooth</li><li>Ungefähres Gewicht: 140 g</li></ul>",Pop Pulse Emporium,https://cdnbigbuy.com/images/8052011752418_S7283546_P01.jpg,,,,199.91,2,NEW,12.18,9.54,8.03,0.16,933.06,EUR,2,8,3
S7287612,0091661517976,de-AT,Gardening & DIY,Damenuhr Guess BAUBLE (Ø 22 mm),"Wenn Sie mit den neuesten Mode und Accessoire-Trends schritthalten wollen, kaufen Sie <b>Damenuhr Guess BAUBLE (Ø 22 mm)</b> zum besten Preis.<br><br>","Wenn Sie mit den neuesten Mode und Accessoire-Trends schritthalten wollen, kaufen Sie <b>Damenuhr Guess BAUBLE (Ø 22 mm)</b> zum besten Preis.<br><br><ul><li>Geschlecht: Damen</li><li>Extra Links: Kein</li><li>Typ der Uhr: Armbanduhr</li><li>Material des Armbands: Edelstahl</li><li>Enthalten: Inklusive Markenetui</li><li>Wasserdicht: 3 atm</li><li>Kristall: Mineral</li><li>Uhrwerk: Quarz</li><li>Durchmesser des Uhrengehäuses: Ø 22 mm</li><li>Material des Gehäuses: Edelstahl</li><li>Form: rechtec",Pop Pulse Emporium,https://cdnbigbuy.com/images/0091661517976_S7287612_P01.jpg,https://cdnbigbuy.com/images/86669_mandatory-watch1.jpg,,,166.01,10,NEW,39.0,19.0,10.0,0.4,7410.0,EUR,2,8,3
S0388890,0197853277397,de-AT,Gardening & DIY,Umhängetasche Michael Kors Leida Beige 34 x 29 x 12 cm,"Wenn Sie auf der Suche nach trendigen Neuheiten auf dem Markt sind, präsentieren wir Ihnen <b>Umhängetasche Michael Kors Leida Beige 34 x 29 x 12 cm</","Wenn Sie auf der Suche nach trendigen Neuheiten auf dem Markt sind, präsentieren wir Ihnen <b>Umhängetasche Michael Kors Leida Beige 34 x 29 x 12 cm</b>!<br><br><ul><li>Art: Handtasche</li><li>Geschlecht: Damen</li><li>Farbe: Beige</li><li>Material: Canvas-Stoff</li><li>Verschluss Armband: Reißverschluss</li><li>Enthalten: Enthält Markenetui oder -hülle</li><li>Maße ca.: 34 x 29 x 12 cm</li></ul>",Pop Pulse Emporium,https://cdnbigbuy.com/images/0197853277397_S0388890_P00.jpg,https://cdnbigbuy.com/images/0197853277397_S0388890_P10.jpg,https://cdnbigbuy.com/images/0197853277397_S0388890_P20.jpg,,198.75,9,NEW,12.0,33.0,22.0,0.4,8712.0,EUR,2,8,3
S55024778,8717371445423,de-AT,Gardening & DIY,TV Halterung Neomounts LFD-W1000           ,"Wenn Sie sich leidenschaftlich mit <b>IT und Elektronik</b> beschäftigen, mit der Technologie auf dem neuesten Stand sein wollen und nicht einmal die ","Wenn Sie sich leidenschaftlich mit <b>IT und Elektronik</b> beschäftigen, mit der Technologie auf dem neuesten Stand sein wollen und nicht einmal die winzigsten Einzelheiten auslassen, kaufen Sie <b>TV Halterung Neomounts LFD-W1000           </b>.<br><br><p>Die <b>TV-Halterung Neomounts LFD-W1000</b> ist eine <b>feste Wandhalterung</b>, die für die Montage von LCD-, LED- oder Plasmafernsehern mit Größen von <b>60"" bis 100""</b> (152,4 cm bis 254 cm) entwickelt wurde. Ihre Konstruktion in <b>schwa",Pop Pulse Emporium,https://cdnbigbuy.com/images/539718541.jpg,https://cdnbigbuy.com/images/539718501.jpg,https://cdnbigbuy.com/images/539718601.jpg,https://cdnbigbuy.com/images/539718611.jpg,130.2,25,NEW,116.0,44.0,6.0,6.2,30624.0,EUR,2,8,3
S71017597,4005317339757,de-AT,Gardening & DIY,Hochstuhl ROBA,"Wenn Sie auf der Suche nach trendigen Neuheiten auf dem Markt sind, präsentieren wir Ihnen <b>Hochstuhl ROBA</b>!","Wenn Sie auf der Suche nach trendigen Neuheiten auf dem Markt sind, präsentieren wir Ihnen <b>Hochstuhl ROBA</b>!",Pop Pulse Emporium,https://cdnbigbuy.com/images/4005317339757_S71017597_P00.jpg,https://cdnbigbuy.com/images/4005317339757_S71017597_P10.jpg,https://cdnbigbuy.com/images/4005317339757_S71017597_P20.jpg,https://cdnbigbuy.com/images/4005317339757_S71017597_P30.jpg,114.79,1,NEW,38.83,35.6,39.17,7.64,54146.57,EUR,2,8,3
S0374885,0886895488600,de-AT,Gardening & DIY,Damensonnenbrille Victoria Beckham Ø 64 mm,"Wenn Sie gern die neusten Produkte aus <b>Fashion & Accessoires</b> tragen möchten, dann sind Accessoires, wie die <b>Damensonnenbrille Victoria Beckh","Wenn Sie gern die neusten Produkte aus <b>Fashion & Accessoires</b> tragen möchten, dann sind Accessoires, wie die <b>Damensonnenbrille Victoria Beckham Ø 64 mm</b> ein Muss, um Ihren Look abzurunden! Vertrauen Sie auf die Marken für <b>Sonnenbrillen</b>.<br><br><ul><li>Art: Damensonnenbrille</li><li>Geschlecht: Damen</li><li>Schutz: 100% Schutz vor UV (UV400)</li><li>Material der Linsen: Polycarbonat</li><li>Farbe: Gold</li><li>Material: Metall</li><li>Enthalten: Inklusive Markenetui</li><li>Br",Pop Pulse Emporium,https://cdnbigbuy.com/images/0886895488600_S0374885_P01.jpg,https://cdnbigbuy.com/images/0886895488600_S0374885_P21.jpg,,,109.3,5,NEW,10.0,10.0,10.0,0.3,1000.0,EUR,2,8,3
S0545916,0690251006496,de-AT,Gardening & DIY,Damenparfüm Jo Malone ORANGE BLOSSOM JO MALONE EDC 100 ml,<p>Lassen Sie&nbsp;<strong>100 % Original-Damenparfüm Jo Malone ORANGE BLOSSOM JO MALONE EDC 100 ml</strong> Sie &uuml;berraschen und feieren Ihre Wei,"<p>Lassen Sie&nbsp;<strong>100 % Original-Damenparfüm Jo Malone ORANGE BLOSSOM JO MALONE EDC 100 ml</strong> Sie &uuml;berraschen und feieren Ihre Weiblichkeit mit dem exklusiven <strong>Frauenparfum </strong>mit einzigartigem, pers&ouml;nlichen Duft. Entdecken Sie die <strong>100 % Original-Produkte von Jo Malone</strong>!</p><br><br><p>Das <b>Orange Blossom Jo Malone</b> ist ein <b>Damenparfum</b> in <b>einer Eau de Cologne (EDC) Variante</b> mit <b>100 ml Fassungsvermögen</b>, hergestellt in ",Pop Pulse Emporium,https://cdnbigbuy.com/images/0690251006496_0_P01.jpg,,,,151.02,2,NEW,5.2,6.0,10.9,0.3,340.08,EUR,2,8,3
S0391208,0196237626103,de-AT,Gardening & DIY,Handtasche Michael Kors Mercer,"Wenn Sie auf der Suche nach trendigen Neuheiten auf dem Markt sind, präsentieren wir Ihnen <b>Handtasche Michael Kors Mercer</b>!<br><br><ul><li>Art: ","Wenn Sie auf der Suche nach trendigen Neuheiten auf dem Markt sind, präsentieren wir Ihnen <b>Handtasche Michael Kors Mercer</b>!<br><br><ul><li>Art: Handtasche</li><li>Geschlecht: Damen</li><li>Farbe: Schwarz</li><li>Material: Haut</li><li>Verschluss Armband: Reißverschluss</li><li>Enthalten: Enthält Markenetui oder -hülle</li><li>Maße ca.: 30 x 23 x 10 cm</li></ul>",Pop Pulse Emporium,https://cdnbigbuy.com/images/0196237626103_S0391208_P00.jpg,https://cdnbigbuy.com/images/0196237626103_S0391208_P10.jpg,https://cdnbigbuy.com/images/0196237626103_S0391208_P20.jpg,,196.91,5,NEW,10.0,10.0,10.0,0.3,1000.0,EUR,2,8,3
S7233981,4971850924562,de-AT,Gardening & DIY,"Herrenuhr Casio ENTICER GENT (Ø 43,5 mm)","Wenn Sie mit den neuesten Mode und Accessoire-Trends schritthalten wollen, kaufen Sie <b>Herrenuhr Casio ENTICER GENT (Ø 43,5 mm)</b> zum besten Preis","Wenn Sie mit den neuesten Mode und Accessoire-Trends schritthalten wollen, kaufen Sie <b>Herrenuhr Casio ENTICER GENT (Ø 43,5 mm)</b> zum besten Preis.<br><br><ul><li>Geschlecht: Herren</li><li>Extra Links: Kein</li><li>Typ der Uhr: Armbanduhr</li><li>Funktionen: Multifunktion</li><li>Material des Armbands: Leder</li><li>Enthalten: Inklusive Markenetui</li><li>Wasserdicht: 5 atm</li><li>Kristall: Mineral</li><li>Uhrwerk: Quarz</li><li>Durchmesser des Uhrengehäuses: Ø 43,5 mm</li></ul>",Pop Pulse Emporium,https://cdnbigbuy.com/images/4971850924562_R02.jpg,https://cdnbigbuy.com/images/4971850924562_R12.jpg,https://cdnbigbuy.com/images/4971850924562_R22.jpg,https://cdnbigbuy.com/images/33145_mandatory-watch2.jpg,118.4,4,NEW,32.0,19.0,10.0,0.4,6080.0,EUR,2,8,3
S7186007,4719512127421,de-AT,Gardening & DIY,ATX Semi-Tower Gehäuse Cooler Master MasterBox 520 Schwarz,"Wenn Sie sich leidenschaftlich mit <b>IT und Elektronik</b> beschäftigen, mit der Technologie auf dem neuesten Stand sein wollen und nicht einmal die ","Wenn Sie sich leidenschaftlich mit <b>IT und Elektronik</b> beschäftigen, mit der Technologie auf dem neuesten Stand sein wollen und nicht einmal die winzigsten Einzelheiten auslassen, kaufen Sie <b>ATX Semi-Tower Gehäuse Cooler Master MasterBox 520 Schwarz</b>.<br><br><ul><li>Art: <ul><li>ATX Semi-Tower Gehäuse</li><li>PC</li></ul></li><li>Farbe: Schwarz</li><li>Merkmale: ARGB</li><li>Material: Verre trempé</li><li>Ports: <ul><li>Audio-Eingang</li><li>Audio-Ausgang</li></ul></li><li>Anschlüsse:",Pop Pulse Emporium,https://cdnbigbuy.com/images/4719512127421_S7186007_P01.jpg,https://cdnbigbuy.com/images/4719512127421_S7186007_P11.jpg,https://cdnbigbuy.com/images/4719512127421_S7186007_P31.jpg,,162.02,2,NEW,58.0,55.0,29.0,9.4,92510.0,EUR,2,8,3
S7923396,6914280008837,de-AT,Gardening & DIY,"Drehmomentschlüssel Workpro 1/2""","Wenn Sie bei der Einrichtung ihres Heims Wert auf Details legen und bei Produkten, die Ihnen das Leben leichter machen, auf dem letzten Stand sein möc","Wenn Sie bei der Einrichtung ihres Heims Wert auf Details legen und bei Produkten, die Ihnen das Leben leichter machen, auf dem letzten Stand sein möchten, dann kaufen Sie <b>Drehmomentschlüssel Workpro 1/2""</b> zum besten Preis.<br><br><ul><li>Format: 1/2""</li><li>Art: Drehmomentschlüssel</li><li>Enthalten: Transporthülle</li><li>Griff Typ: Aluminium</li><li>Anzahl der Zähne: 72 tpi</li><li>Anzugsdrehmoment: 40-220 Nm</li></ul>",Pop Pulse Emporium,https://cdnbigbuy.com/images/6914280008837_S7923396_P01.jpg,https://cdnbigbuy.com/images/6914280008837_S7923396_P21.jpg,https://cdnbigbuy.com/images/6914280008837_S7923396_P31.jpg,https://cdnbigbuy.com/images/6914280008837_S7923396_P41.jpg,104.36,50,NEW,7.0,49.0,6.8,1.99,2332.4,EUR,2,8,3
S7276617,8430622796326,de-AT,Gardening & DIY,Herrenuhr Lotus 18812/7 grün Silberfarben,"Wenn Sie mit den neuesten Mode und Accessoire-Trends schritthalten wollen, kaufen Sie <b>Herrenuhr Lotus 18812/7 grün Silberfarben</b> zum besten Prei","Wenn Sie mit den neuesten Mode und Accessoire-Trends schritthalten wollen, kaufen Sie <b>Herrenuhr Lotus 18812/7 grün Silberfarben</b> zum besten Preis.<br><br><ul><li>Geschlecht: Herren</li><li>Extra Links: Kein</li><li>Typ der Uhr: Armbanduhr</li><li>Farbe: <ul><li>grün</li><li>Silberfarben</li></ul></li><li>Material des Gehäuses: Edelstahl</li><li>Uhrwerk: Quarz</li></ul>",Pop Pulse Emporium,https://cdnbigbuy.com/images/8430622796326_R01.jpg,https://cdnbigbuy.com/images/8430622796326_R11.jpg,https://cdnbigbuy.com/images/75674_mandatory-watch1.jpg,,125.26,50,NEW,32.0,19.0,10.0,0.4,6080.0,EUR,2,8,3
S2441320,8412688527113,de-AT,Gardening & DIY,Gürteltasche Safta 26 x 29 x 23 cm,"Wenn Sie auf der Suche nach trendigen Neuheiten auf dem Markt sind, präsentieren wir Ihnen <b>Gürteltasche Safta 26 x 29 x 23 cm</b>!<br><br><ul><li>G","Wenn Sie auf der Suche nach trendigen Neuheiten auf dem Markt sind, präsentieren wir Ihnen <b>Gürteltasche Safta 26 x 29 x 23 cm</b>!<br><br><ul><li>Geschlecht: <ul><li>Für Kinder</li><li>Unisex-Kinder</li></ul></li><li>Art: Gürteltasche</li><li>Farbe: Bunt</li><li>Wichtige informationen: <ul><li>Verschiedene Designs. Versand nach Zufallsprinzip und vom Bestand abhängig</li><li>Das Bild zeigt möglicherweise nicht alle verfügbaren sortierten Modelle</li></ul></li><li>Stückzahl: 1 Stück</li><li>Ma",Pop Pulse Emporium,https://cdnbigbuy.com/images/8412688527113_S2441320_P00.jpg,https://cdnbigbuy.com/images/8412688527113_S2441320_P10.jpg,,,181.92,20,NEW,23.0,26.0,29.0,1.47,17342.0,EUR,2,8,3
S72115080,8433594228666,de-AT,Gardening & DIY,Damenhalskette Lotus HIN00017/43,"Wir präsentieren <b>Damenhalskette Lotus HIN00017/43</b> und ein umfangreiches Sortiment von Ringen, Halsbändern, Armbändern, Ohrringen, usw. zu einem","Wir präsentieren <b>Damenhalskette Lotus HIN00017/43</b> und ein umfangreiches Sortiment von Ringen, Halsbändern, Armbändern, Ohrringen, usw. zu einem großartigen Preis. Erfahren Sie mehr über unsere exklusiven und eleganten Schmuck und Modeschmuck für jeden Geschmack und Stil.<br><br><ul><li>Art: Damenhalskette</li><li>Geschlecht: Damen</li></ul>",Pop Pulse Emporium,https://cdnbigbuy.com/images/8433594228666_R00.jpg,https://cdnbigbuy.com/images/8433594228666_R10.jpg,,,187.92,1,NEW,9.98,9.98,9.92,0.3,988.04,EUR,2,8,3
S72126810,8430622846533,de-AT,Gardening & DIY,Herrenuhr Festina F20426/8,"Wenn Sie mit den neuesten Mode und Accessoire-Trends schritthalten wollen, kaufen Sie <b>Herrenuhr Festina F20426/8</b> zum besten Preis.<br><br><ul><","Wenn Sie mit den neuesten Mode und Accessoire-Trends schritthalten wollen, kaufen Sie <b>Herrenuhr Festina F20426/8</b> zum besten Preis.<br><br><ul><li>Geschlecht: Herren</li><li>Extra Links: Kein</li><li>Typ der Uhr: Armbanduhr</li></ul>",Pop Pulse Emporium,https://cdnbigbuy.com/images/8430622846533_R00.jpg,https://cdnbigbuy.com/images/8430622846533_R10.jpg,https://cdnbigbuy.com/images/8430622846533_R20.jpg,https://cdnbigbuy.com/images/125833_mandatory-watch0.jpg,125.26,50,NEW,14.15,12.43,10.11,0.3,1778.19,EUR,2,8,3
M0510376,0191628463404,de-AT,Gardening & DIY,Original Toner HP SL-C430/W Schwarz,"Wenn Sie sich leidenschaftlich mit <b>IT und Elektronik</b> beschäftigen, mit der Technologie auf dem neuesten Stand sein wollen und nicht einmal die ","Wenn Sie sich leidenschaftlich mit <b>IT und Elektronik</b> beschäftigen, mit der Technologie auf dem neuesten Stand sein wollen und nicht einmal die winzigsten Einzelheiten auslassen, kaufen Sie <b>Original Toner HP SL-C430/W Schwarz</b>.<br><br><ul><li>Art: Original</li><li>Farbe: Schwarz</li><li>Technologie: Laser</li><li>Anzahl der Stücke: 2 Stücke</li><li>Breite: 155 mm</li><li>Menge: 1500 pgs</li><li>Land/Region der Herstellung: China</li><li>Arbeitsbereich für Feuchtigkeit: 10 % - 90 %</l",Pop Pulse Emporium,https://cdnbigbuy.com/images/0191628463404_I00.jpg,https://cdnbigbuy.com/images/0191628463404_I20.jpg,,,126.66,25,NEW,37.0,15.0,20.0,1.71,11100.0,EUR,2,8,3
S37114686,8056690103066,de-AT,Gardening & DIY,T-Shirt OMP FIRST Schwarz S,"Wenn Sie Ihren Kleiderschrank erneuern möchten, empfehlen wir Ihnen <b>T-Shirt OMP FIRST Schwarz S</b> und weitere <b> Produkte von OMP</b>! Jetzt für","Wenn Sie Ihren Kleiderschrank erneuern möchten, empfehlen wir Ihnen <b>T-Shirt OMP FIRST Schwarz S</b> und weitere <b> Produkte von OMP</b>! Jetzt für Sie die beste Qualität zum besten Preis!<br><br><ul><li>Merkmale: <ul><li>FIA genehmigt</li><li>Feuerfest</li></ul></li><li>Farbe: Schwarz</li><li>Größe: S</li></ul>",Pop Pulse Emporium,https://cdnbigbuy.com/images/8056690103066_S37114686_P00.jpg,,,,104.84,2,NEW,25.0,20.0,25.0,1.0,12500.0,EUR,2,8,3
S55283835,8712581805814,de-AT,Gardening & DIY,"Monitor Philips 24M2N3200A/00 Full HD 23,8"" 165 Hz","Wenn Sie sich leidenschaftlich mit <b>IT und Elektronik</b> beschäftigen, mit der Technologie auf dem neuesten Stand sein wollen und nicht einmal die ","Wenn Sie sich leidenschaftlich mit <b>IT und Elektronik</b> beschäftigen, mit der Technologie auf dem neuesten Stand sein wollen und nicht einmal die winzigsten Einzelheiten auslassen, kaufen Sie <b>Monitor Philips 24M2N3200A/00 Full HD 23,8"" 165 Hz</b>.<br><br><ul><li>Diagonale des Bildschirms (cm): <ul><li>61 cm</li><li>60,5 cm</li></ul></li><li>Art: <ul><li>Monitor</li><li>Achse</li></ul></li><li>Steckbares Produkt: Ja</li><li>Steckertyp: EU-Stecker</li><li>Farbe: Schwarz</li><li>Reaktionszei",Pop Pulse Emporium,https://cdnbigbuy.com/images/930211140.jpg,https://cdnbigbuy.com/images/919629970.jpg,https://cdnbigbuy.com/images/919629960.jpg,https://cdnbigbuy.com/images/919630000.jpg,196.87,25,NEW,72.0,41.0,18.0,7.56,53136.0,EUR,2,8,3
S71003725,4053423245059,de-AT,Gardening & DIY,Infraot Thermometer BOSCH AdvancedTemp,"Wenn Ihnen Ihre Gesundheit am Herzen liegt und Sie Produkte haben möchten, die <b> Schutz und Wellness</b> bieten, dann kaufen Sie <b> Infraot Thermom","Wenn Ihnen Ihre Gesundheit am Herzen liegt und Sie Produkte haben möchten, die <b> Schutz und Wellness</b> bieten, dann kaufen Sie <b> Infraot Thermometer BOSCH AdvancedTemp</b> und viele andere <b>Produkte von BOSCH</b> zu den besten Preisen!<br><br><ul><li>Stromquelle: Batterie</li><li>Technologie: Digital</li><li>Batteriebetrieben: Ja</li><li>Inklusive Batterien: Ja</li><li>Batterietyp: Alkali-Mangan-Batterie</li><li>Empfohlenes Alter: Erwachsene</li></ul>",Pop Pulse Emporium,https://cdnbigbuy.com/images/4053423245059_S71003725_P00.jpg,https://cdnbigbuy.com/images/4053423245059_S71003725_P20.jpg,https://cdnbigbuy.com/images/4053423245059_S71003725_P30.jpg,https://cdnbigbuy.com/images/4053423245059_S71003725_P40.jpg,157.02,9,NEW,8.64,22.61,11.94,0.68,2332.48,EUR,2,8,3
S7288706,8056597905435,de-AT,Gardening & DIY,Brillenfassung Ralph Lauren RA 7158U,"Wenn Sie Ihren Kleiderschrank erneuern möchten, empfehlen wir Ihnen <b>Brillenfassung Ralph Lauren RA 7158U</b> und weitere <b> Produkte von Ralph Lau","Wenn Sie Ihren Kleiderschrank erneuern möchten, empfehlen wir Ihnen <b>Brillenfassung Ralph Lauren RA 7158U</b> und weitere <b> Produkte von Ralph Lauren</b>! Jetzt für Sie die beste Qualität zum besten Preis!<br><br><ul><li>Merkmale: Gläser ohne Sehstärke</li><li>Geschlecht: Damen</li><li>Art: Brillenfassung</li><li>Material: Azetat</li></ul>",Pop Pulse Emporium,https://cdnbigbuy.com/images/8056597905435_S7288706_P00.jpg,https://cdnbigbuy.com/images/8056597905435_S7288706_P10.jpg,,,116.88,2,NEW,10.06,9.97,9.97,0.3,999.97,EUR,2,8,3
S0587771,3355996044048,de-AT,Gardening & DIY,Gesichtsmaske Stendhal ‎Stendhal (50 ml),"<p><b>Gesichtsmaske Stendhal ‎Stendhal (50 ml)</b> ist ein Qualitätsprodukt, das für anspruchsvolle Menschen entwickelt wurde, die auf ihr Aussehen ac","<p><b>Gesichtsmaske Stendhal ‎Stendhal (50 ml)</b> ist ein Qualitätsprodukt, das für anspruchsvolle Menschen entwickelt wurde, die auf ihr Aussehen achten und nach den besten Kosmetika suchen, um ihre Schönheit zu unterstreichen. Wenn Sie zu diesen Menschen gehören, dann sind die <b>100 % originalen Produkte von Stendhal</b> wie für Sie gemacht.</p><br><br><ul><li>Art: Gesichtsmaske</li><li>Empfohlene verwendung: <ul><li>Normale Haut</li><li>Alle Hauttypen</li></ul></li><li>Geschlecht: Damen</li",Pop Pulse Emporium,https://cdnbigbuy.com/images/3355996044048_R12.jpg,,,,140.19,2,NEW,7.5,7.5,6.5,0.27,365.62,EUR,2,8,3
S3723198,8024055225036,de-AT,Gardening & DIY,Rennsport-Lenkrad MOMO QUARK Schwarz Ø 35 cm,Statten Sie Ihr Fahrzeug mit den neuesten Produkten aus - kaufen Sie <b>Rennsport-Lenkrad MOMO QUARK Schwarz Ø 35 cm</b> und verpassen Sie kein Detail,Statten Sie Ihr Fahrzeug mit den neuesten Produkten aus - kaufen Sie <b>Rennsport-Lenkrad MOMO QUARK Schwarz Ø 35 cm</b> und verpassen Sie kein Detail!<br><br><ul><li>Farbe: Schwarz</li><li>Durchmesser: Ø 35 cm</li><li>Material: Leder</li><li>Merkmale: Universal</li></ul>,Pop Pulse Emporium,https://cdnbigbuy.com/images/8024055225036_S3723198_P01.jpg,,,,176.12,2,NEW,30.0,30.0,5.0,1.0,4500.0,EUR,2,8,3
S55306186,0196388536306,de-AT,Gardening & DIY,Tastatur mit Maus Microsoft EP2-32025,"Wenn Sie auf der Suche nach trendigen Neuheiten auf dem Markt sind, präsentieren wir Ihnen <b>Tastatur mit Maus Microsoft EP2-32025</b>!<br><br><ul><l","Wenn Sie auf der Suche nach trendigen Neuheiten auf dem Markt sind, präsentieren wir Ihnen <b>Tastatur mit Maus Microsoft EP2-32025</b>!<br><br><ul><li>Art: Tastatur mit Maus</li></ul>",Pop Pulse Emporium,https://cdnbigbuy.com/images/0196388536306_R00.jpg,,,,169.63,25,NEW,29.0,20.0,1.0,0.66,580.0,EUR,2,8,3
S72105068,7613272529860,de-AT,Gardening & DIY,Damenuhr Calvin Klein 25200277 (Ø 34 mm),"Wenn Sie mit den neuesten Mode und Accessoire-Trends schritthalten wollen, kaufen Sie <b>Damenuhr Calvin Klein 25200277 (Ø 34 mm)</b> zum besten Preis","Wenn Sie mit den neuesten Mode und Accessoire-Trends schritthalten wollen, kaufen Sie <b>Damenuhr Calvin Klein 25200277 (Ø 34 mm)</b> zum besten Preis.<br><br><ul><li>Extra Links: Kein</li><li>Typ der Uhr: Armbanduhr</li><li>Art: Ohrringe</li><li>Funktionen: Datum</li><li>Geschlecht: Damen</li><li>Enthalten: Inklusive Markenetui</li><li>Wasserdicht: 3 atm</li><li>Kristall: Mineral</li><li>Uhrwerk: Quarz</li><li>Durchmesser des Uhrengehäuses: Ø 34 mm</li><li>Material des Armbands: Edelstahl</li><",Pop Pulse Emporium,https://cdnbigbuy.com/images/7613272529860_S72105068_P00.jpg,https://cdnbigbuy.com/images/7613272529860_S72105068_P10.jpg,https://cdnbigbuy.com/images/104080_mandatory-watch0.jpg,,179.98,2,NEW,14.16,11.56,10.0,0.33,1636.9,EUR,2,8,3
S7274794,8430622595066,de-AT,Gardening & DIY,Herrenuhr Festina F16716/1 Silberfarben,"Wenn Sie mit den neuesten Mode und Accessoire-Trends schritthalten wollen, kaufen Sie <b>Herrenuhr Festina F16716/1 Silberfarben</b> zum besten Preis.","Wenn Sie mit den neuesten Mode und Accessoire-Trends schritthalten wollen, kaufen Sie <b>Herrenuhr Festina F16716/1 Silberfarben</b> zum besten Preis.<br><br><ul><li>Geschlecht: Herren</li><li>Extra Links: Kein</li><li>Typ der Uhr: Armbanduhr</li><li>Land/Region der Herstellung: China</li><li>Jahr: 2019</li><li>Material des Armbands: Edelstahl</li><li>Material des Gehäuses: Edelstahl</li><li>Farbe: Silberfarben</li><li>Durchmesser: 36 mm</li><li>Uhrwerk: Quarz</li><li>Batteriebetrieben: 1 Litio ",Pop Pulse Emporium,https://cdnbigbuy.com/images/8430622595066_S7274794_P01.jpg,https://cdnbigbuy.com/images/73851_mandatory-watch1.jpg,,,158.83,50,NEW,14.15,12.43,10.11,0.3,1778.19,EUR,2,8,3
S0388865,4895173332968,de-AT,Gardening & DIY,Damenuhr Ice 023287 (Ø 35 mm),"Wenn Sie auf der Suche nach trendigen Neuheiten auf dem Markt sind, präsentieren wir Ihnen <b>Damenuhr Ice 023287 (Ø 35 mm)</b>!<br><br><ul><li>Geschl","Wenn Sie auf der Suche nach trendigen Neuheiten auf dem Markt sind, präsentieren wir Ihnen <b>Damenuhr Ice 023287 (Ø 35 mm)</b>!<br><br><ul><li>Geschlecht: Damen</li><li>Extra Links: Kein</li><li>Typ der Uhr: Armbanduhr</li><li>Material des Armbands: Silikon</li><li>Uhrengehäuse-Material: Aluminium</li><li>Uhrwerk: Quarz</li><li>Kristall: Mineral</li><li>Wasserdicht: 5 atm</li><li>Enthalten: Enthält Markenetui oder -hülle</li><li>Verschluss Armband: Schließe</li><li>Farbe der Krone: Orange</li><",Pop Pulse Emporium,https://cdnbigbuy.com/images/4895173332968_S0388865_P00.jpg,https://cdnbigbuy.com/images/4895173332968_S0388865_P10.jpg,https://cdnbigbuy.com/images/4895173332968_S0388865_P20.jpg,https://cdnbigbuy.com/images/85224_mandatory-watch0.jpg,109.3,23,NEW,32.0,19.0,10.0,0.4,6080.0,EUR,2,8,3
S71004637,0731855031023,de-AT,Gardening & DIY,Gaming Headset mit Mikrofon Turtle Beach TBS-3102-05,"Wenn Sie sich leidenschaftlich mit <b>IT und Elektronik</b> beschäftigen, mit der Technologie auf dem neuesten Stand sein wollen und nicht einmal die ","Wenn Sie sich leidenschaftlich mit <b>IT und Elektronik</b> beschäftigen, mit der Technologie auf dem neuesten Stand sein wollen und nicht einmal die winzigsten Einzelheiten auslassen, kaufen Sie <b>Gaming Headset mit Mikrofon Turtle Beach TBS-3102-05</b>.<br><br><ul><li>Merkmale: <ul><li>Drahtlos</li><li>Entzerrer</li><li>Wireless</li><li>Inklusive Installationsanleitung</li><li>Eingebaute Batterie</li></ul></li><li>Art: <ul><li>Gaming Headset mit Mikrofon</li><li>Kopfhörer mit Mikrofon</li></u",Pop Pulse Emporium,https://cdnbigbuy.com/images/0731855031023_S71004637_P00.jpg,https://cdnbigbuy.com/images/0731855031023_S71004637_P30.jpg,https://cdnbigbuy.com/images/0731855031023_S71004637_P10.jpg,https://cdnbigbuy.com/images/0731855031023_S71004637_P20.jpg,169.65,10,NEW,9.9,20.2,21.8,0.6,4359.56,EUR,2,8,3
S0392780,0197853416994,de-AT,Gardening & DIY,Umhängetasche Michael Kors 35R5STTC9V-HUSK Braun 25 x 16 x 6 cm,Sind Sie modebewusst und begeistern sich für Accessoires? Wir bieten Ihnen <b>Umhängetasche Michael Kors 35R5STTC9V-HUSK Braun 25 x 16 x 6 cm</b> und ,"Sind Sie modebewusst und begeistern sich für Accessoires? Wir bieten Ihnen <b>Umhängetasche Michael Kors 35R5STTC9V-HUSK Braun 25 x 16 x 6 cm</b> und ein breites Sortiment an modernen Handtaschen und Geldbeutel!<br><br><p>Die <b>Umhängetasche 35R5STTC9V-HUSK</b> von <b>Michael Kors</b> ist ein praktisches und vielseitiges Accessoire für den Alltag, das Funktionalität mit dezentem Stil dank seiner <b>braunen Farbe</b> verbindet. Hergestellt aus strapazierfähigem <b>Canvas</b>, bietet diese Tasche",Pop Pulse Emporium,https://cdnbigbuy.com/images/0197853416994_S0392780_P00.jpg,https://cdnbigbuy.com/images/0197853416994_R00.jpg,https://cdnbigbuy.com/images/0197853416994_R10.jpg,https://cdnbigbuy.com/images/0197853416994_R20.jpg,141.12,5,NEW,10.0,10.0,10.0,0.3,1000.0,EUR,2,8,3
S7231968,4971850924623,de-AT,Gardening & DIY,Herrenuhr Casio ENTICER GENT,"Wenn Sie mit den neuesten Mode und Accessoire-Trends schritthalten wollen, kaufen Sie <b>Herrenuhr Casio ENTICER GENT</b> zum besten Preis.<br><br><ul","Wenn Sie mit den neuesten Mode und Accessoire-Trends schritthalten wollen, kaufen Sie <b>Herrenuhr Casio ENTICER GENT</b> zum besten Preis.<br><br><ul><li>Geschlecht: Herren</li><li>Extra Links: Kein</li><li>Typ der Uhr: Armbanduhr</li><li>Funktionen: Multifunktion</li><li>Material des Armbands: Leder</li><li>Enthalten: Inklusive Markenetui</li><li>Wasserdicht: 5 atm</li><li>Kristall: Mineral</li><li>Uhrwerk: Quarz</li></ul>",Pop Pulse Emporium,https://cdnbigbuy.com/images/4971850924623_S7231968_P02.jpg,https://cdnbigbuy.com/images/31132_mandatory-watch2.jpg,,,116.8,2,NEW,10.08,9.96,9.99,0.32,1002.96,EUR,2,8,3
S0407382,8422248100823,de-AT,Gardening & DIY,Küchenextraktor Cata PROFESSIONAL 750 L,"Wenn du mit dem Gedanken spielst, deine Küche zu renovieren, kaufe <b>Küchenextraktor Cata PROFESSIONAL 750 L</b> und andere <b>Produkte Cata</b>! Die","Wenn du mit dem Gedanken spielst, deine Küche zu renovieren, kaufe <b>Küchenextraktor Cata PROFESSIONAL 750 L</b> und andere <b>Produkte Cata</b>! Die beste Qualität zum günstigsten Preis liegt sofort in deiner Reichweite.<br><br><ul><li>Steckbares Produkt: Ja</li><li>Steckertyp: EU-Stecker</li><li>Art: <ul><li>Küchenextraktor</li><li>An der Wand montiert</li></ul></li><li>Farbe: Weiß</li><li>Material: <ul><li>Metall</li><li>Kunststoff</li></ul></li><li>Spannung: 230 V</li><li>Installationsart: ",Pop Pulse Emporium,https://cdnbigbuy.com/images/8422248100823_0_P01.jpg,,,,128.03,25,NEW,46.0,37.0,25.0,6.2,42550.0,EUR,2,8,3
S0392781,0197853417007,de-AT,Gardening & DIY,Umhängetasche Michael Kors 35R5STTC9V-NAVY Blau 25 x 16 x 6 cm,Sind Sie modebewusst und begeistern sich für Accessoires? Wir bieten Ihnen <b>Umhängetasche Michael Kors 35R5STTC9V-NAVY Blau 25 x 16 x 6 cm</b> und e,"Sind Sie modebewusst und begeistern sich für Accessoires? Wir bieten Ihnen <b>Umhängetasche Michael Kors 35R5STTC9V-NAVY Blau 25 x 16 x 6 cm</b> und ein breites Sortiment an modernen Handtaschen und Geldbeutel!<br><br><p>Die <b>Umhängetasche 35R5STTC9V-NAVY</b> von <b>Michael Kors</b> ist ein speziell für Damen entworfenes Accessoire, das Funktionalität und Stil in einem kompakten und vielseitigen Format vereint. Hergestellt aus <b>hochwertigem Canvas</b>, besticht diese Tasche durch ihre Widers",Pop Pulse Emporium,https://cdnbigbuy.com/images/0197853417007_S0392781_P00.jpg,https://cdnbigbuy.com/images/0197853417007_R00.jpg,https://cdnbigbuy.com/images/0197853417007_R10.jpg,https://cdnbigbuy.com/images/0197853417007_R20.jpg,141.12,5,NEW,10.0,10.0,10.0,0.3,1000.0,EUR,2,8,3
S0393167,7610522287464,de-AT,Gardening & DIY,Herrenuhr Swatch (Ø 43 mm),"Wenn Sie mit den neuesten Mode und Accessoire-Trends schritthalten wollen, kaufen Sie <b>Herrenuhr Swatch (Ø 43 mm)</b> zum besten Preis.<br><br><ul><","Wenn Sie mit den neuesten Mode und Accessoire-Trends schritthalten wollen, kaufen Sie <b>Herrenuhr Swatch (Ø 43 mm)</b> zum besten Preis.<br><br><ul><li>Extra Links: Kein</li><li>Typ der Uhr: Armbanduhr</li><li>Material des Armbands: Edelstahl</li><li>Uhrwerk: Quarz</li><li>Kristall: Mineral</li><li>Wasserdicht: 3 atm</li><li>Enthalten: Enthält Markenetui oder -hülle</li><li>Verschluss Armband: Druck</li><li>Farbe der Krone: Blau</li><li>Farbe des Uhrengehäuses: Grau</li><li>Farbe des Bandes: Gr",Pop Pulse Emporium,https://cdnbigbuy.com/images/7610522287464_S0393167_P00.jpg,https://cdnbigbuy.com/images/7610522287464_R20.jpg,https://cdnbigbuy.com/images/89528_mandatory-watch0.jpg,https://cdnbigbuy.com/images/7610522287464_R00.jpg,174.71,5,NEW,32.0,19.0,10.0,0.4,6080.0,EUR,2,8,3
S9111889,3336021041379,de-AT,Gardening & DIY,Vogelkäfig Zolux Neo Jili H80 Schwarz 78 x 81 x 48 cm,"Wenn Sie auf der Suche nach trendigen Neuheiten auf dem Markt sind, präsentieren wir Ihnen <b>Vogelkäfig Zolux Neo Jili H80 Schwarz 78 x 81 x 48 cm</b","Wenn Sie auf der Suche nach trendigen Neuheiten auf dem Markt sind, präsentieren wir Ihnen <b>Vogelkäfig Zolux Neo Jili H80 Schwarz 78 x 81 x 48 cm</b>!<br><br><ul><li>Art: <ul><li>Vogelkäfig</li><li>Käfig</li></ul></li><li>Farbe: <ul><li>Schwarz</li><li>Bunt</li></ul></li><li>Material: <ul><li>Metall</li><li>Kunststoff</li></ul></li><li>Merkmale: Leicht zu reinigen</li><li>Maße ca.: 78 x 81 x 48 cm</li><li>Haustier: Vögel</li></ul>",Pop Pulse Emporium,https://cdnbigbuy.com/images/3336021041379_S9111889_P0_WBG1.jpg,,,,127.59,18,NEW,19.5,67.5,78.0,9.7,102667.5,EUR,2,8,3
S0451331,8434778025248,de-AT,Gardening & DIY,Gasplatte Teka E/60.3 40 60 cm 7500 W,"Wenn du mit dem Gedanken spielst, deine Küche zu renovieren, kaufe <b>Gasplatte Teka E/60.3 40 60 cm 7500 W</b> und andere <b>Produkte Teka</b>! Die b","Wenn du mit dem Gedanken spielst, deine Küche zu renovieren, kaufe <b>Gasplatte Teka E/60.3 40 60 cm 7500 W</b> und andere <b>Produkte Teka</b>! Die beste Qualität zum günstigsten Preis liegt sofort in deiner Reichweite.<br><br><ul><li>Art: <ul><li>Gasplatte</li><li>Integriert</li></ul></li><li>Farbe: Stahl</li><li>Breite: 60 cm</li><li>Leistung: 7500 W</li><li>Kochbereiche: 4</li><li>Installation compartment depth: 48 cm</li><li>Eingebaute Anzeige: Kein</li><li>Material: Edelstahl</li><li>Form:",Pop Pulse Emporium,https://cdnbigbuy.com/images/8434778025248_I20.jpg,https://cdnbigbuy.com/images/8434778025248_I80.jpg,https://cdnbigbuy.com/images/8434778025248_I60.jpg,https://cdnbigbuy.com/images/8434778025248_I40.jpg,181.49,22,NEW,69.0,68.0,19.0,10.0,89148.0,EUR,2,8,3
S0392782,0197853432970,de-AT,Gardening & DIY,Umhängetasche Michael Kors Carson Weiß 22 x 12 x 4 cm,Sind Sie modebewusst und begeistern sich für Accessoires? Wir bieten Ihnen <b>Umhängetasche Michael Kors Carson Weiß 22 x 12 x 4 cm</b> und ein breite,"Sind Sie modebewusst und begeistern sich für Accessoires? Wir bieten Ihnen <b>Umhängetasche Michael Kors Carson Weiß 22 x 12 x 4 cm</b> und ein breites Sortiment an modernen Handtaschen und Geldbeutel!<br><br><p>Die <b>Carson Umhängetasche</b> von <b>Michael Kors</b> ist ein Accessoire, das Eleganz und Funktionalität vereint – ideal für alle, die ein stilvolles und praktisches Accessoire für den Alltag suchen. Aus <b>echtem Leder</b> gefertigt, besticht diese Tasche durch ihr <b>weißes Finish</b",Pop Pulse Emporium,https://cdnbigbuy.com/images/0197853432970_S0392782_P00.jpg,https://cdnbigbuy.com/images/0197853432970_S0392782_P20.jpg,https://cdnbigbuy.com/images/0197853432970_S0392782_P10.jpg,,124.28,5,NEW,10.0,10.0,10.0,0.3,1000.0,EUR,2,8,3
S71003085,0197029008220,de-AT,Gardening & DIY,Kopfhörer mit Mikrofon HyperX Cloud III Schwarz,"Wenn Sie sich leidenschaftlich mit <b>IT und Elektronik</b> beschäftigen, mit der Technologie auf dem neuesten Stand sein wollen und nicht einmal die ","Wenn Sie sich leidenschaftlich mit <b>IT und Elektronik</b> beschäftigen, mit der Technologie auf dem neuesten Stand sein wollen und nicht einmal die winzigsten Einzelheiten auslassen, kaufen Sie <b>Kopfhörer mit Mikrofon HyperX Cloud III Schwarz</b>.<br><br><ul><li>Farbe: Schwarz</li><li>Merkmale: <ul><li>Mit Kabel</li><li>Eingebautes Mikrofon</li></ul></li><li>Anschlüsse: <ul><li>USB</li><li>USB-C</li><li>Jack 3.5 mm</li></ul></li><li>Steckbares Produkt: Ja</li><li>Steckertyp: EU-Stecker</li><",Pop Pulse Emporium,https://cdnbigbuy.com/images/0197029008220_S71003085_P00.jpg,https://cdnbigbuy.com/images/0197029008220_S71003085_P70.jpg,,,155.77,10,NEW,22.7,21.6,11.6,0.68,5687.71,EUR,2,8,3
S71014310,3174269034605,de-AT,Gardening & DIY,"Grundierung Ripolin Rose Satin 2,5 L","Wenn Sie bei der Einrichtung ihres Heims Wert auf Details legen und bei Produkten, die Ihnen das Leben leichter machen, auf dem letzten Stand sein möc","Wenn Sie bei der Einrichtung ihres Heims Wert auf Details legen und bei Produkten, die Ihnen das Leben leichter machen, auf dem letzten Stand sein möchten, dann kaufen Sie <b>Grundierung Ripolin Rose Satin 2,5 L</b> zum besten Preis.<br><br><ul><li>Farbe: Rose</li><li>Merkmale: <ul><li>Korrosionsbeständig</li><li>Außenbereich</li><li>Geeignet für alle Oberflächen</li></ul></li><li>Finish: Satin</li><li>Kapazität: 2,5 L</li><li>Empfohlene verwendung: Innen/Außenbereich</li></ul>",Pop Pulse Emporium,https://cdnbigbuy.com/images/3174269034605_S71014310_P00.jpg,https://cdnbigbuy.com/images/3174269034605_S71014310_P30.jpg,https://cdnbigbuy.com/images/3174269034605_S71014310_P40.jpg,https://cdnbigbuy.com/images/3174269034605_S71014310_P50.jpg,116.76,5,NEW,29.0,32.0,16.0,5.0,14848.0,EUR,2,8,3
S7271005,8054719140436,de-AT,Gardening & DIY,Damenring Amen ANLDGBBVE2 14,"Wenn Sie mit den neuesten Mode und Accessoire-Trends schritthalten wollen, kaufen Sie <b>Damenring Amen ANLDGBBVE2 14</b> zum besten Preis.<br><br><ul","Wenn Sie mit den neuesten Mode und Accessoire-Trends schritthalten wollen, kaufen Sie <b>Damenring Amen ANLDGBBVE2 14</b> zum besten Preis.<br><br><ul><li>Art: Ring</li><li>Geschlecht: Damen</li><li>Größe: <ul><li>Einstellbar</li><li>14</li></ul></li><li>Material: Metall</li><li>Einstellbar: Kein</li></ul>",Pop Pulse Emporium,https://cdnbigbuy.com/images/8054719140436_S7271005_P01.jpg,https://cdnbigbuy.com/images/70169_mandatory-ring1.jpg,,,108.4,8,NEW,9.88,9.91,9.94,0.3,973.23,EUR,2,8,3
S0316738,0091661460661,de-AT,Gardening & DIY,Damenuhr Guess Y13002L1 (Ø 32 mm),"Wenn Sie mit den neuesten Mode und Accessoire-Trends schritthalten wollen, kaufen Sie <b>Damenuhr Guess Y13002L1 (Ø 32 mm)</b> zum besten Preis.<br><b","Wenn Sie mit den neuesten Mode und Accessoire-Trends schritthalten wollen, kaufen Sie <b>Damenuhr Guess Y13002L1 (Ø 32 mm)</b> zum besten Preis.<br><br><p>Die <b>Guess Damenuhr</b> präsentiert sich als elegantes und funktionales Accessoire, speziell für Nutzerinnen, die Stil und Praktikabilität schätzen. Ihre <b>weiße Farbe</b> verleiht eine klare und raffinierte Optik, die sich leicht mit verschiedenen Kleidungsstilen kombinieren lässt – von leger bis formell. Das <b>Quarzwerk</b> sorgt für prä",Pop Pulse Emporium,https://cdnbigbuy.com/images/0091661460661_0_P02.jpg,https://cdnbigbuy.com/images/0091661460661_1_A02.jpg,https://cdnbigbuy.com/images/0091661460661_mandatory-watch2.jpg,,139.25,4,NEW,32.0,19.0,10.0,0.4,6080.0,EUR,2,8,3
S71014372,3174269078210,de-AT,Gardening & DIY,Grundierung Ripolin Weiß Mattierend 10 L,"Wenn Sie bei der Einrichtung ihres Heims Wert auf Details legen und bei Produkten, die Ihnen das Leben leichter machen, auf dem letzten Stand sein möc","Wenn Sie bei der Einrichtung ihres Heims Wert auf Details legen und bei Produkten, die Ihnen das Leben leichter machen, auf dem letzten Stand sein möchten, dann kaufen Sie <b>Grundierung Ripolin Weiß Mattierend 10 L</b> zum besten Preis.<br><br><ul><li>Farbe: Weiß</li><li>Merkmale: Mattierend</li><li>Finish: Mattierend</li><li>Kapazität: 10 L</li><li>Empfohlene verwendung: Innen</li></ul>",Pop Pulse Emporium,https://cdnbigbuy.com/images/3174269078210_S71014372_P00.jpg,,,,127.16,1,NEW,29.0,32.0,16.0,10.0,14848.0,EUR,2,8,3
S0363073,0194900656600,de-AT,Gardening & DIY,Damen Handtasche Michael Kors 35F1GTVC6T-BLACK,Sind Sie modebewusst und begeistern sich für Accessoires? Wir bieten Ihnen <b>Damen Handtasche Michael Kors 35F1GTVC6T-BLACK</b> und ein breites Sorti,Sind Sie modebewusst und begeistern sich für Accessoires? Wir bieten Ihnen <b>Damen Handtasche Michael Kors 35F1GTVC6T-BLACK</b> und ein breites Sortiment an modernen Handtaschen und Geldbeutel!<br><br><ul><li>Art: Damen Handtasche</li></ul>,Pop Pulse Emporium,https://cdnbigbuy.com/images/0194900656600_R0_WBG3.jpg,https://cdnbigbuy.com/images/0194900656600_R2_WBG3.jpg,https://cdnbigbuy.com/images/0194900656600_R3_WBG3.jpg,https://cdnbigbuy.com/images/0194900656600_R4_WBG3.jpg,158.05,5,NEW,10.0,10.0,10.0,0.3,1000.0,EUR,2,8,3
S0391979,7613272607421,de-AT,Gardening & DIY,Damenuhr Tommy Hilfiger 1782747 (Ø 38 mm),"Wenn Sie auf der Suche nach trendigen Neuheiten auf dem Markt sind, präsentieren wir Ihnen <b>Damenuhr Tommy Hilfiger 1782747 (Ø 38 mm)</b>!<br><br><u","Wenn Sie auf der Suche nach trendigen Neuheiten auf dem Markt sind, präsentieren wir Ihnen <b>Damenuhr Tommy Hilfiger 1782747 (Ø 38 mm)</b>!<br><br><ul><li>Geschlecht: Damen</li><li>Extra Links: Kein</li><li>Typ der Uhr: Armbanduhr</li><li>Material des Armbands: Edelstahl</li><li>Farbe des Bandes: Gold</li><li>Farbe des Uhrengehäuses: Gold</li><li>Farbe der Krone: Grau</li><li>Enthalten: Enthält Markenetui oder -hülle</li><li>Kristall: Mineral</li><li>Uhrwerk: Quarz</li><li>Uhrengehäuse-Material",Pop Pulse Emporium,https://cdnbigbuy.com/images/7613272607421_S0391979_P00.jpg,https://cdnbigbuy.com/images/7613272607421_S0391979_P10.jpg,https://cdnbigbuy.com/images/88340_mandatory-watch0.jpg,,135.51,5,NEW,32.0,19.0,10.0,0.4,6080.0,EUR,2,8,3
S37115762,5998167713824,de-AT,Gardening & DIY,Armlehne Armster RENAULT CLIO 2013-2020 Ökologisches Leder,Statten Sie Ihr Fahrzeug mit den neuesten Produkten aus - kaufen Sie <b>Armlehne Armster RENAULT CLIO 2013-2020 Ökologisches Leder</b> und verpassen S,"Statten Sie Ihr Fahrzeug mit den neuesten Produkten aus - kaufen Sie <b>Armlehne Armster RENAULT CLIO 2013-2020 Ökologisches Leder</b> und verpassen Sie kein Detail!<br><br><p>Der <b>Armster Mittelarmlehne für Renault Clio 2013-2020</b> ist ein speziell entwickeltes Zubehör, das Komfort und Funktionalität des Fahrzeugs verbessert und sich dank seiner <b>maßgeschneiderten Passform</b> perfekt an die Originalsitze anpasst, wobei Sitz-, Lenkrad- und Schalthebelposition berücksichtigt werden. Herges",Pop Pulse Emporium,https://cdnbigbuy.com/images/5998167713824_S37115762_P00.jpg,https://cdnbigbuy.com/images/5998167713824_S37115762_P10.jpg,https://cdnbigbuy.com/images/5998167713824_S37115762_P20.jpg,https://cdnbigbuy.com/images/5998167713824_S37115762_P30.jpg,127.27,10,NEW,35.0,25.0,25.0,8.0,21875.0,EUR,2,8,3
S8434157,8431775035379,de-AT,Gardening & DIY,Monitor Nilox Full HD 100 Hz,"Wenn Sie sich leidenschaftlich mit <b>IT und Elektronik</b> beschäftigen, mit der Technologie auf dem neuesten Stand sein wollen und nicht einmal die ","Wenn Sie sich leidenschaftlich mit <b>IT und Elektronik</b> beschäftigen, mit der Technologie auf dem neuesten Stand sein wollen und nicht einmal die winzigsten Einzelheiten auslassen, kaufen Sie <b>Monitor Nilox Full HD 100 Hz</b>.<br><br><ul><li>Diagonale des Bildschirms (cm): 61 cm</li><li>Touchscreen: Kein</li><li>Gaming: Kein</li><li>Bildschirm: 24""</li><li>Ports: 1</li><li>Art: Monitor</li><li>Steckbares Produkt: Ja</li><li>Farbe: <ul><li>Schwarz</li><li>Bunt</li></ul></li><li>Anschlüsse: ",Pop Pulse Emporium,https://cdnbigbuy.com/images/8431775035379_S8434157_P00.jpg,https://cdnbigbuy.com/images/S8434157_8431775035379_P00.jpg,https://cdnbigbuy.com/images/S8434157_8431775035379_P0_icon0.jpg,https://cdnbigbuy.com/images/S8434157_8431775035379_P30.jpg,104.4,10,NEW,21.0,75.0,51.0,3.56,80325.0,EUR,2,8,3
S71020401,3663389001098,de-AT,Gardening & DIY,Luftkompressor KS Tools,"Wenn Sie auf der Suche nach trendigen Neuheiten auf dem Markt sind, präsentieren wir Ihnen <b>Luftkompressor KS Tools</b>!","Wenn Sie auf der Suche nach trendigen Neuheiten auf dem Markt sind, präsentieren wir Ihnen <b>Luftkompressor KS Tools</b>!",Pop Pulse Emporium,https://cdnbigbuy.com/images/3663389001098_S71020401_P00.jpg,https://cdnbigbuy.com/images/3663389001098_S71020401_P30.jpg,https://cdnbigbuy.com/images/3663389001098_S71020401_P40.jpg,https://cdnbigbuy.com/images/3663389001098_S71020401_P50.jpg,129.78,1,NEW,27.0,8.0,8.0,0.7,1728.0,EUR,2,8,3
S0387820,4894816123277,de-AT,Gardening & DIY,Herrenuhr Police PEWJK0021506 (Ø 40 mm),"Wenn Sie mit den neuesten Mode und Accessoire-Trends schritthalten wollen, kaufen Sie <b>Herrenuhr Police PEWJK0021506 (Ø 40 mm)</b> zum besten Preis.","Wenn Sie mit den neuesten Mode und Accessoire-Trends schritthalten wollen, kaufen Sie <b>Herrenuhr Police PEWJK0021506 (Ø 40 mm)</b> zum besten Preis.<br><br><ul><li>Geschlecht: Herren</li><li>Extra Links: Kein</li><li>Typ der Uhr: Armbanduhr</li><li>Material des Armbands: Edelstahl</li><li>Uhrengehäuse-Material: Edelstahl</li><li>Uhrwerk: Quarz</li><li>Kristall: Mineral</li><li>Wasserdicht: 5 atm</li><li>Enthalten: Enthält Markenetui oder -hülle</li><li>Verschluss Armband: Schmetterling</li><li",Pop Pulse Emporium,https://cdnbigbuy.com/images/4894816123277_S0387820_P00.jpg,https://cdnbigbuy.com/images/4894816123277_S0387820_P10.jpg,https://cdnbigbuy.com/images/84179_mandatory-watch0.jpg,,124.28,5,NEW,32.0,19.0,10.0,0.4,6080.0,EUR,2,8,3
S05125206,3614274142358,de-AT,Gardening & DIY,Tagescreme Lancôme GÉNIFIQUE 50 ml,"<p><b>Tagescreme Lancôme GÉNIFIQUE 50 ml</b> ist ein Qualitätsprodukt, das für anspruchsvolle Menschen entwickelt wurde, die auf ihr Aussehen achten u","<p><b>Tagescreme Lancôme GÉNIFIQUE 50 ml</b> ist ein Qualitätsprodukt, das für anspruchsvolle Menschen entwickelt wurde, die auf ihr Aussehen achten und nach den besten Kosmetika suchen, um ihre Schönheit zu unterstreichen. Wenn Sie zu diesen Menschen gehören, dann sind die <b>100 % originalen Produkte von Lancôme</b> wie für Sie gemacht.</p><br><br><ul><li>Merkmale: <ul><li>Aufladbar</li><li>Nachhaltige Verpackung</li></ul></li><li>Geschlecht: Damen</li><li>Texturierung: Serum</li><li>Enthalten",Pop Pulse Emporium,https://cdnbigbuy.com/images/3614274142358_R00.jpg,https://cdnbigbuy.com/images/3614274142358_R10.jpg,https://cdnbigbuy.com/images/3614274142358_R30.jpg,https://cdnbigbuy.com/images/3614274142358_R60.jpg,116.04,50,NEW,5.0,5.0,15.0,0.23,375.0,EUR,2,8,3
M0516077,5031713067771,de-AT,Gardening & DIY,Original Toner OKI 46490621 Gelb Schwarz,"Gehen Sie zurück ins Büro, ohne Details zu vergessen: Kaufen Sie <b>Original Toner OKI 46490621 Gelb Schwarz</b> und seien Sie der Neid Ihrer Kollegen","Gehen Sie zurück ins Büro, ohne Details zu vergessen: Kaufen Sie <b>Original Toner OKI 46490621 Gelb Schwarz</b> und seien Sie der Neid Ihrer Kollegen!<br><br><ul><li>Farbe: <ul><li>Gelb</li><li>Schwarz</li></ul></li><li>Kompatibel: VERSALINK C405</li><li>Format: A4</li><li>Merkmale: Original</li></ul>",Pop Pulse Emporium,https://cdnbigbuy.com/images/5031713067771_M0516077_P00.jpg,,,,188.92,10,NEW,30.0,7.0,10.5,0.41,2205.0,EUR,2,8,3
S9107957,4713436131700,de-AT,Gardening & DIY,Externe Festplatte Silicon Power Armor A60 2 TB,"Wenn Sie sich leidenschaftlich mit <b>IT und Elektronik</b> beschäftigen, mit der Technologie auf dem neuesten Stand sein wollen und nicht einmal die ","Wenn Sie sich leidenschaftlich mit <b>IT und Elektronik</b> beschäftigen, mit der Technologie auf dem neuesten Stand sein wollen und nicht einmal die winzigsten Einzelheiten auslassen, kaufen Sie <b>Externe Festplatte Silicon Power Armor A60 2 TB</b>.<br><br><ul><li>Festplatte: 2 TB</li><li>Art: Externe Festplatte</li><li>Farbe: Schwarz</li><li>Format: 2,5""</li><li>Material: Kunststoff</li><li>Merkmale: <ul><li>Water resistant</li><li>Staubbeständig</li><li>Anti-Auswirkungen</li><li>LED-Anzeige<",Pop Pulse Emporium,https://cdnbigbuy.com/images/4713436131700_I01.jpg,,,,118.08,5,NEW,11.0,3.0,17.0,0.28,561.0,EUR,2,8,3
S7927585,8033280574772,de-AT,Gardening & DIY,Sicherheits-Schuhe Sparco 46,"Wenn Sie auf der Suche nach trendigen Neuheiten auf dem Markt sind, präsentieren wir Ihnen <b>Sicherheits-Schuhe Sparco 46</b>!<br><br><ul><li>Art: Si","Wenn Sie auf der Suche nach trendigen Neuheiten auf dem Markt sind, präsentieren wir Ihnen <b>Sicherheits-Schuhe Sparco 46</b>!<br><br><ul><li>Art: Sicherheits-Schuhe</li><li>Merkmale: Atmungsaktiv</li><li>Größe: 46</li></ul>",Pop Pulse Emporium,https://cdnbigbuy.com/images/8033280574772_S7927585_P00.jpg,https://cdnbigbuy.com/images/8033280574772_S7927585_P20.jpg,https://cdnbigbuy.com/images/8033280574772_S7927585_P10.jpg,,108.61,5,NEW,22.41,29.89,27.82,1.37,18634.81,EUR,2,8,3
S71012250,0074451166639,de-AT,Gardening & DIY,Baby-Liegestuhl Baby Einstein Ocean Blau,"Wenn Sie auf der Suche nach trendigen Neuheiten auf dem Markt sind, präsentieren wir Ihnen <b>Baby-Liegestuhl Baby Einstein Ocean Blau</b>!<br><br><ul","Wenn Sie auf der Suche nach trendigen Neuheiten auf dem Markt sind, präsentieren wir Ihnen <b>Baby-Liegestuhl Baby Einstein Ocean Blau</b>!<br><br><ul><li>Farbe: Blau</li><li>Material: Metall</li><li>Erfordert Montage: Ja</li><li>Empfohlenes Alter: + 0 Monate</li><li>Max. unterstütztes Gewicht: 9 kg</li></ul>",Pop Pulse Emporium,https://cdnbigbuy.com/images/0074451166639_S71012250_P00.jpg,https://cdnbigbuy.com/images/0074451166639_S71012250_P20.jpg,https://cdnbigbuy.com/images/0074451166639_S71012250_P30.jpg,https://cdnbigbuy.com/images/0074451166639_S71012250_P40.jpg,126.09,9,NEW,50.0,19.0,82.0,8.75,77900.0,EUR,2,8,3
S55000503,7331021054431,de-AT,Gardening & DIY,Stützstabilisator Axis 5507-601,"Wenn Sie sich leidenschaftlich mit <b>IT und Elektronik</b> beschäftigen, mit der Technologie auf dem neuesten Stand sein wollen und nicht einmal die ","Wenn Sie sich leidenschaftlich mit <b>IT und Elektronik</b> beschäftigen, mit der Technologie auf dem neuesten Stand sein wollen und nicht einmal die winzigsten Einzelheiten auslassen, kaufen Sie <b>Stützstabilisator Axis 5507-601</b>.<br><br><ul><li>Art: Stützstabilisator</li><li>Farbe: Weiß</li><li>Merkmale: Universal</li></ul>",Pop Pulse Emporium,https://cdnbigbuy.com/images/7331021054431_R01.jpg,https://cdnbigbuy.com/images/191255691.jpg,,,113.82,5,NEW,10.21,17.17,11.99,0.59,2101.92,EUR,2,8,3
S8108779,6941812785843,de-AT,Gardening & DIY,Koffer Xiaomi Classic Pro 20,"Wenn Sie Haushaltsgeräte zum besten Großhandelspreis suchen, dann verpassen Sie nicht Ihre Chance auf <b>Koffer Xiaomi Classic Pro 20</b> sowie ein br","Wenn Sie Haushaltsgeräte zum besten Großhandelspreis suchen, dann verpassen Sie nicht Ihre Chance auf <b>Koffer Xiaomi Classic Pro 20</b> sowie ein breites Sortiment an kleinen Haushaltsgeräten!<br><br><ul><li>Art: Koffer</li></ul>",Pop Pulse Emporium,https://cdnbigbuy.com/images/6941812785843_S8108779_P00.jpg,,,,109.45,1,NEW,37.5,24.5,58.0,4.0,53287.5,EUR,2,8,3
S91119552,5905481541415,de-AT,Gardening & DIY,digitale Personenwaage Wagi Tarczyn WT-170N,"Wenn Sie auf der Suche nach trendigen Neuheiten auf dem Markt sind, präsentieren wir Ihnen <b>digitale Personenwaage Wagi Tarczyn WT-170N</b>!<br><br>","Wenn Sie auf der Suche nach trendigen Neuheiten auf dem Markt sind, präsentieren wir Ihnen <b>digitale Personenwaage Wagi Tarczyn WT-170N</b>!<br><br><ul><li>Farbe: <ul><li>Weiß</li><li>Stahl</li></ul></li><li>Breite: 32 cm</li><li>Form: rectangulo</li><li>Lang: 42 cm</li><li>Control Typ: Tasten</li><li>Ungefähres Gewicht: 10 kg</li><li>Tara-Funktion: Ja</li></ul>",Pop Pulse Emporium,https://cdnbigbuy.com/images/5905481541415_S91119552_P00.jpg,https://cdnbigbuy.com/images/5905481541415_S91119552_P70.jpg,https://cdnbigbuy.com/images/5905481541415_S91119552_P10.jpg,https://cdnbigbuy.com/images/5905481541415_S91119552_P80.jpg,155.22,1,NEW,19.0,33.0,70.0,11.0,43890.0,EUR,2,8,3
S7276705,8430622734052,de-AT,Gardening & DIY,Damenuhr Lotus 18625/2,"Wenn Sie mit den neuesten Mode und Accessoire-Trends schritthalten wollen, kaufen Sie <b>Damenuhr Lotus 18625/2</b> zum besten Preis.<br><br><ul><li>G","Wenn Sie mit den neuesten Mode und Accessoire-Trends schritthalten wollen, kaufen Sie <b>Damenuhr Lotus 18625/2</b> zum besten Preis.<br><br><ul><li>Geschlecht: Damen</li><li>Extra Links: Kein</li><li>Typ der Uhr: Armbanduhr</li><li>Land/Region der Herstellung: China</li><li>Material des Gehäuses: Edelstahl</li><li>Material des Armbands: Leder</li><li>Verschluss Armband: Schließe</li><li>Farbe: Silberfarben</li><li>Durchmesser: 36 mm</li><li>Uhrwerk: Quarz</li><li>Design: Kinder</li></ul>",Pop Pulse Emporium,https://cdnbigbuy.com/images/8430622734052_S7276705_P01.jpg,https://cdnbigbuy.com/images/75762_mandatory-watch1.jpg,,,104.68,50,NEW,39.0,19.0,10.0,0.4,7410.0,EUR,2,8,3
S2417310,3427084169138,de-AT,Gardening & DIY,"Kinderfahrrad Batman 16""","Für unsere Kinder möchten wir nur das Beste, und deshalb möchten wir Ihnen <b>Kinderfahrrad Batman 16""</b> vorstellen, perfekt für alle, die qualitati","Für unsere Kinder möchten wir nur das Beste, und deshalb möchten wir Ihnen <b>Kinderfahrrad Batman 16""</b> vorstellen, perfekt für alle, die qualitativ hochwertige Produkte für die Kleinsten suchen. Kaufen Sie <b>Batman</b> zu den besten Preisen!<br><br><ul><li>Material: Eisen</li><li>Empfohlenes Alter: <ul><li>+ 5 Jahre</li><li>+ 7 Jahre</li></ul></li><li>Sprache: ES</li><li>Lichter: Kein</li><li>Sound: Kein</li><li>Design: Batman</li><li>Art: Fahrrad</li><li>Format: 16""</li><li>Farbe: Schwarz<",Pop Pulse Emporium,https://cdnbigbuy.com/images/8422084169138_S2417310_P0_WBG5.jpg,,,,163.06,10,NEW,94.0,19.0,56.0,11.0,100016.0,EUR,2,8,3
S71013802,8719706437691,de-AT,Gardening & DIY,Festplatte Seagate FireCuda 530R 1 TB SSD,"Wenn Sie sich leidenschaftlich mit <b>IT und Elektronik</b> beschäftigen, mit der Technologie auf dem neuesten Stand sein wollen und nicht einmal die ","Wenn Sie sich leidenschaftlich mit <b>IT und Elektronik</b> beschäftigen, mit der Technologie auf dem neuesten Stand sein wollen und nicht einmal die winzigsten Einzelheiten auslassen, kaufen Sie <b>Festplatte Seagate FireCuda 530R 1 TB SSD</b>.<br><br><ul><li>Art: SSD</li><li>Festplatte: <ul><li>1 TB</li><li>1 TB SSD</li></ul></li><li>Kompatibel: <ul><li>Linux</li><li>SSD NVMe</li><li>PC</li><li>NVMe 1.4</li></ul></li><li>Arbeitsbereich für Temperatur: 0º / 70º</li><li>Speicher Typ: 3D TLC</li>",Pop Pulse Emporium,https://cdnbigbuy.com/images/8719706437691_S0240919_P00.jpg,https://cdnbigbuy.com/images/8719706437691_S0240919_P10.jpg,,,147.83,4,NEW,14.05,13.38,6.95,0.35,1306.52,EUR,2,8,3
S0454274,8712836973664,de-AT,Gardening & DIY,Elektrische Kaffeemaschine Princess 249451 1450 W 800 ml,"Ab sofort können Sie schnell und einfach leckeren Kaffee mit natürlichem, authentischem und reinstem Geschmack brühen, und zwar dank der <b>Elektrisch","Ab sofort können Sie schnell und einfach leckeren Kaffee mit natürlichem, authentischem und reinstem Geschmack brühen, und zwar dank der <b>Elektrische Kaffeemaschine Princess 249451 1450 W 800 ml</b>!<br><br><p>Die <b>elektrische Kaffeemaschine Princess</b> ist ein Gerät, das für die Zubereitung von Kaffeekapseln mit optimaler Leistung entwickelt wurde, dank ihres <b>maximalen Betriebsdrucks von 19 bar</b>, der eine effiziente Extraktion garantiert und den Geschmack sowie das Aroma jeder Tasse ",Pop Pulse Emporium,https://cdnbigbuy.com/images/8712836973664_R00.jpg,https://cdnbigbuy.com/images/8712836973664_R30.jpg,https://cdnbigbuy.com/images/8712836973664_R60.jpg,https://cdnbigbuy.com/images/8712836973664_R70.jpg,141.3,25,NEW,24.1,31.2,10.9,2.68,8195.93,EUR,2,8,3
M0515883,5031713047230,de-AT,Gardening & DIY,Original Toner OKI 44315317 Gelb Schwarz,"Gehen Sie zurück ins Büro, ohne Details zu vergessen: Kaufen Sie <b>Original Toner OKI 44315317 Gelb Schwarz</b> und seien Sie der Neid Ihrer Kollegen","Gehen Sie zurück ins Büro, ohne Details zu vergessen: Kaufen Sie <b>Original Toner OKI 44315317 Gelb Schwarz</b> und seien Sie der Neid Ihrer Kollegen!<br><br><ul><li>Farbe: <ul><li>Gelb</li><li>Schwarz</li></ul></li><li>Merkmale: Original</li></ul>",Pop Pulse Emporium,https://cdnbigbuy.com/images/5031713047230_R00.jpg,,,,174.59,2,NEW,30.0,7.0,10.5,0.47,2205.0,EUR,2,8,3
S8906170,4899888779902,de-AT,Gardening & DIY,Sonnenschirm Aktive Blau 200 x 195 x 200 cm (6 Stück),"Wenn Sie auf der Suche nach trendigen Neuheiten auf dem Markt sind, präsentieren wir Ihnen <b>Sonnenschirm Aktive Blau 200 x 195 x 200 cm (6 Stück)</b","Wenn Sie auf der Suche nach trendigen Neuheiten auf dem Markt sind, präsentieren wir Ihnen <b>Sonnenschirm Aktive Blau 200 x 195 x 200 cm (6 Stück)</b>!<br><br><ul><li>Art: Solskærm</li><li>Farbe: Blau</li><li>Material: <ul><li>Polyester</li><li>Aluminium</li></ul></li><li>Stückzahl: 6 Stück</li><li>Maße ca.: 200 x 195 x 200 cm</li></ul><br><br>Wichtige informationen: Verschiedene Designs. Versand nach Zufallsprinzip und vom Bestand abhängig.",Pop Pulse Emporium,https://cdnbigbuy.com/images/s8906170_p0_icon0.jpg,https://cdnbigbuy.com/images/S8906170_P40.jpg,https://cdnbigbuy.com/images/S8906170_P50.jpg,https://cdnbigbuy.com/images/S8906170_41153_1747296412-cropped0.jpg,119.78,50,NEW,14.0,23.0,113.5,8.87,36547.0,EUR,2,8,3
S0390955,0091661523670,de-AT,Gardening & DIY,Herrenuhr Guess GW0264G3 (Ø 50 mm),"Wenn Sie mit den neuesten Mode und Accessoire-Trends schritthalten wollen, kaufen Sie <b>Herrenuhr Guess GW0264G3 (Ø 50 mm)</b> zum besten Preis.<br><","Wenn Sie mit den neuesten Mode und Accessoire-Trends schritthalten wollen, kaufen Sie <b>Herrenuhr Guess GW0264G3 (Ø 50 mm)</b> zum besten Preis.<br><br><ul><li>Geschlecht: Herren</li><li>Extra Links: Kein</li><li>Typ der Uhr: Armbanduhr</li><li>Material des Armbands: Silikon</li><li>Uhrengehäuse-Material: Edelstahl</li><li>Uhrwerk: Quarz</li><li>Kristall: Mineral</li><li>Wasserdicht: 5 atm</li><li>Enthalten: Enthält Markenetui oder -hülle</li><li>Verschluss Armband: Schließe</li><li>Farbe der K",Pop Pulse Emporium,https://cdnbigbuy.com/images/0091661523670_S7292780_P00.jpg,https://cdnbigbuy.com/images/0091661523670_R30.jpg,https://cdnbigbuy.com/images/0091661523670_R40.jpg,https://cdnbigbuy.com/images/0091661523670_R50.jpg,113.04,2,NEW,32.0,19.0,10.0,0.4,6080.0,EUR,2,8,3
S9110326,8010690142883,de-AT,Gardening & DIY,Käfig Ferplast Krolik 140 Plus Metall Kunststoff 142 x 50 x 60 cm,"Wenn Sie auf der Suche nach trendigen Neuheiten auf dem Markt sind, präsentieren wir Ihnen <b>Käfig Ferplast Krolik 140 Plus Metall Kunststoff 142 x 5","Wenn Sie auf der Suche nach trendigen Neuheiten auf dem Markt sind, präsentieren wir Ihnen <b>Käfig Ferplast Krolik 140 Plus Metall Kunststoff 142 x 50 x 60 cm</b>!<br><br><ul><li>Art: Käfig</li><li>Haustier: Hase</li><li>Lang: 60 cm</li><li>groß: 50 cm</li><li>Merkmale: Leicht zu reinigen</li><li>Breite: 142 cm</li><li>Material: <ul><li>Metall</li><li>Kunststoff</li></ul></li><li>Farbe: <ul><li>Weiß</li><li>Burgunderrot</li></ul></li><li>Ungefähres Gewicht: 12,6 KG</li><li>Maße ca.: 142 x 50 x ",Pop Pulse Emporium,https://cdnbigbuy.com/images/8010690142883_I00.jpg,https://cdnbigbuy.com/images/8010690142883_I150.jpg,https://cdnbigbuy.com/images/8010690142883_I90.jpg,https://cdnbigbuy.com/images/8010690142883_I30.jpg,127.72,20,NEW,14.0,62.5,101.0,13.4,88375.0,EUR,2,8,3
S91116512,4046051171715,de-AT,Gardening & DIY,Wanderrucksack Deuter AC Lite 30L Blau 30 L,"Bleiben Sie in Form und entdecken Sie die neuesten Innovationen der Branche, um mit den besten Voraussetzungen Sport zu betreiben! Kaufen Sie <b>Wande","Bleiben Sie in Form und entdecken Sie die neuesten Innovationen der Branche, um mit den besten Voraussetzungen Sport zu betreiben! Kaufen Sie <b>Wanderrucksack Deuter AC Lite 30L Blau 30 L</b> zum besten Preis und genießen Sie ein gesundes Leben!<br><br><ul><li>Art: Wanderrucksack</li><li>Farbe: Blau</li><li>Breite: 32 cm</li><li>Geschlecht: <ul><li>Unisex</li><li>Herren</li></ul></li><li>groß: 59 cm</li><li>Lang: 25 cm</li><li>Ungefähres Gewicht: 980 G</li><li>Empfohlene verwendung: Wandern</li",Pop Pulse Emporium,https://cdnbigbuy.com/images/4046051171715_S91116512_P00.jpg,,,,120.72,4,NEW,13.0,36.4,54.0,1.05,25552.8,EUR,2,8,3
S71020799,3760372558925,de-AT,Gardening & DIY,Handstaubsauger EZIclean,"Wenn Sie Haushaltsgeräte zum besten Großhandelspreis suchen, dann verpassen Sie nicht Ihre Chance auf <b>Handstaubsauger EZIclean</b> sowie ein breite","Wenn Sie Haushaltsgeräte zum besten Großhandelspreis suchen, dann verpassen Sie nicht Ihre Chance auf <b>Handstaubsauger EZIclean</b> sowie ein breites Sortiment an kleinen Haushaltsgeräten!<br><br><ul><li>Art: <ul><li>Handstaubsauger</li><li>Trocken</li></ul></li><li>Farbe: Grau</li><li>Merkmale: <ul><li>Schmale Düse</li><li>LED-Betriebsanzeige</li><li>HEPA-Filter</li></ul></li><li>Funktionen: Anzeige für niedrigen Akkustand</li><li>Form: rechteckig</li><li>Stromquelle: Batterie</li><li>Ungefäh",Pop Pulse Emporium,https://cdnbigbuy.com/images/3760372558925_S71020799_P00.jpg,https://cdnbigbuy.com/images/3760372558925_R20.jpg,https://cdnbigbuy.com/images/3760372558925_R10.jpg,https://cdnbigbuy.com/images/3760372558925_R00.jpg,117.82,5,NEW,44.0,16.0,10.0,1.04,7040.0,EUR,2,8,3
S91122674,5400520248787,de-AT,Gardening & DIY,Sportrucksack Gregory 149324-1761 Rot 20 L,"Bleiben Sie in Form und entdecken Sie die neuesten Innovationen der Branche, um mit den besten Voraussetzungen Sport zu betreiben! Kaufen Sie <b>Sport","Bleiben Sie in Form und entdecken Sie die neuesten Innovationen der Branche, um mit den besten Voraussetzungen Sport zu betreiben! Kaufen Sie <b>Sportrucksack Gregory 149324-1761 Rot 20 L</b> zum besten Preis und genießen Sie ein gesundes Leben!<br><br><ul><li>Art: Sportrucksack</li><li>Farbe: Rot</li><li>Material: <ul><li>Polyester</li><li>Legierter Stahl</li><li>Nylon</li></ul></li><li>Breite: 29 cm</li><li>groß: 53 cm</li><li>Lang: 18 cm</li><li>Empfohlene verwendung: Wandern</li><li>Kapazitä",Pop Pulse Emporium,https://cdnbigbuy.com/images/5400520248787_R00.jpg,,,,120.47,4,NEW,31.0,9.0,54.0,1.07,15066.0,EUR,2,8,3
S72115091,8433594231659,de-AT,Gardening & DIY,Damenanhänger Lotus HIN00073/43 Gold,"Wir präsentieren <b>Damenanhänger Lotus HIN00073/43 Gold</b> und ein umfangreiches Sortiment von Ringen, Halsbändern, Armbändern, Ohrringen, usw. zu e","Wir präsentieren <b>Damenanhänger Lotus HIN00073/43 Gold</b> und ein umfangreiches Sortiment von Ringen, Halsbändern, Armbändern, Ohrringen, usw. zu einem großartigen Preis. Erfahren Sie mehr über unsere exklusiven und eleganten Schmuck und Modeschmuck für jeden Geschmack und Stil.<br><br><p>Der <b>Lotus Damenanhänger Modell HIN00073/43</b> ist ein Schmuckaccessoire, das speziell entwickelt wurde, um den weiblichen Stil mit einem eleganten und zeitlosen Akzent zu unterstreichen. Dieser <b>goldfa",Pop Pulse Emporium,https://cdnbigbuy.com/images/8433594231659_R00.jpg,https://cdnbigbuy.com/images/8433594231659_R10.jpg,,,188.23,2,NEW,10.0,10.0,9.99,0.3,999.0,EUR,2,8,3
S7175587,4018653992692,de-AT,Gardening & DIY,Sicherheitsnetz Kerbl 25 m Huhn,"Wenn Sie auf der Suche nach trendigen Neuheiten auf dem Markt sind, präsentieren wir Ihnen <b>Sicherheitsnetz Kerbl 25 m Huhn</b>!<br><br><ul><li>Art:","Wenn Sie auf der Suche nach trendigen Neuheiten auf dem Markt sind, präsentieren wir Ihnen <b>Sicherheitsnetz Kerbl 25 m Huhn</b>!<br><br><ul><li>Art: Sicherheitsnetz</li><li>groß: 106 cm</li><li>Maße ca.: 25 m</li><li>Haustier: Huhn</li></ul>",Pop Pulse Emporium,https://cdnbigbuy.com/images/4018653992692_S7175587_P11.jpg,https://cdnbigbuy.com/images/4018653992692_S7175587_P01.jpg,https://cdnbigbuy.com/images/4018653992692_S7175587_P51.jpg,,118.31,5,NEW,121.0,18.0,16.0,5.3,34848.0,EUR,2,8,3
S05109212,9120066430793,de-AT,Gardening & DIY,Tequila Padre Azul Weiß 700 ml,"Wenn Sie bei der Einrichtung ihres Heims Wert auf Details legen und bei Produkten, die Ihnen das Leben leichter machen, auf dem letzten Stand sein möc","Wenn Sie bei der Einrichtung ihres Heims Wert auf Details legen und bei Produkten, die Ihnen das Leben leichter machen, auf dem letzten Stand sein möchten, dann kaufen Sie <b>Tequila Padre Azul Weiß 700 ml</b> zum besten Preis.<br><br><ul><li>Art: <ul><li>Weiß</li><li>Getränk</li></ul></li><li>Alkoholgehalt: 40 %</li></ul>",Pop Pulse Emporium,https://cdnbigbuy.com/images/9120066430793_R01.jpg,,,,110.75,10,NEW,10.0,10.0,26.5,0.7,2650.0,EUR,2,8,3
S8425473,0043859635702,de-AT,Gardening & DIY,"Datei-Box Fellowes    Blau Weiß 10 Stück (29,4 x 38,7 x 44,5 cm)","Gehen Sie zurück ins Büro, ohne Details zu vergessen: Kaufen Sie <b>Datei-Box Fellowes    Blau Weiß 10 Stück (29,4 x 38,7 x 44,5 cm)</b> und seien Sie","Gehen Sie zurück ins Büro, ohne Details zu vergessen: Kaufen Sie <b>Datei-Box Fellowes    Blau Weiß 10 Stück (29,4 x 38,7 x 44,5 cm)</b> und seien Sie der Neid Ihrer Kollegen!<br><br><ul><li>Farbe: <ul><li>Blau</li><li>Weiß</li></ul></li><li>Material: Pappe</li><li>Merkmale: <ul><li>Stapelbar</li><li>Abnehmbarer Deckel</li></ul></li><li>Stück: 10 Stück</li><li>Format: Din A4</li><li>Maße ca.: 29,4 x 38,7 x 44,5 cm</li></ul>",Pop Pulse Emporium,https://cdnbigbuy.com/images/0043859635702_S8425473_P0_icon0.jpg,https://cdnbigbuy.com/images/0043859635702_S8425473_P00.jpg,,,112.78,1,NEW,44.0,38.0,29.0,0.66,48488.0,EUR,2,8,3
S7101837,3661276170353,de-AT,Gardening & DIY,Babymilchzubereiter Babymoov Milky Now,"Für unsere Kinder möchten wir Ihnen <b>Babymilchzubereiter Babymoov Milky Now</b> vorstellen, perfekt für alle, die qualitativ hochwertige Produkte fü","Für unsere Kinder möchten wir Ihnen <b>Babymilchzubereiter Babymoov Milky Now</b> vorstellen, perfekt für alle, die qualitativ hochwertige Produkte für die Kleinsten suchen. Kaufen Sie <b>Babymoov</b> und weitere Marken und Lizenzen zu den besten Preisen!<br><br><ul><li>Material: Edelstahl</li><li>Merkmale: Touchscreen</li><li>Farbe: <ul><li>Dunkelblau</li><li>Weiß</li></ul></li><li>Art: Flaschenwärmer</li></ul>",Pop Pulse Emporium,https://cdnbigbuy.com/images/3661276170353_S7101837_P0_WBG2.jpg,,,,110.65,10,NEW,29.6,24.8,17.2,1.66,12626.18,EUR,2,8,3
S0388225,0194900701515,de-AT,Gardening & DIY,Umhängetasche Michael Kors 35T9GTVT0L-LT-CREAM Beige 24 x 19 x 10 cm,"Wenn Sie auf der Suche nach trendigen Neuheiten auf dem Markt sind, präsentieren wir Ihnen <b>Umhängetasche Michael Kors 35T9GTVT0L-LT-CREAM Beige 24 ","Wenn Sie auf der Suche nach trendigen Neuheiten auf dem Markt sind, präsentieren wir Ihnen <b>Umhängetasche Michael Kors 35T9GTVT0L-LT-CREAM Beige 24 x 19 x 10 cm</b>!<br><br><ul><li>Art: Damen Handtasche</li><li>Farbe: Beige</li><li>Material: Canvas-Stoff</li><li>Verschluss Armband: Reißverschluss</li><li>Enthalten: Enthält Markenetui oder -hülle</li><li>Maße ca.: 24 x 19 x 10 cm</li></ul>",Pop Pulse Emporium,https://cdnbigbuy.com/images/0194900701515_S0388225_P00.jpg,https://cdnbigbuy.com/images/0194900701515_S0388225_P10.jpg,https://cdnbigbuy.com/images/0194900701515_S0388225_P20.jpg,,174.71,2,NEW,10.0,10.0,10.0,0.3,1000.0,EUR,2,8,3
V0103847,8435527826208,de-AT,Gardening & DIY,"Heißluftfritteuse mit Grill, Zubehör und Rezeptbuch InnovaGoods Fryinn 12-in-1 6000 Schwarz Stahl 34","<b>InnovaGoods</b> hilft Ihnen auf einfache und unterhaltsame Weise, und bietet Ihnen die Neuheiten für Ihre Küche, wie <b>Heißluftfritteuse mit Grill","<b>InnovaGoods</b> hilft Ihnen auf einfache und unterhaltsame Weise, und bietet Ihnen die Neuheiten für Ihre Küche, wie <b>Heißluftfritteuse mit Grill, Zubehör und Rezeptbuch InnovaGoods Fryinn 12-in-1 6000 Schwarz Stahl 3400 W 6 L </b>! Entdecken Sie eine breite Palette von Qualitätsprodukten, die sich durch Funktionalität, Effizienz und innovatives Design auszeichnen!<br><br><p>Mit unserer hervorragenden <b>Heißluftfritteuse mit Grill und Rezeptbuch&nbsp;</b>(6&nbsp;L / 3400&nbsp;W) bereiten S",Pop Pulse Emporium,https://cdnbigbuy.com/images/8435527826208_V0103847_000_MKT2.jpg,https://cdnbigbuy.com/images/2147_imagen-innovagoods-mob-v22.jpg,https://cdnbigbuy.com/images/8435527826208_V0103847_150_PACK2.jpg,https://cdnbigbuy.com/images/8435527826208_V0103847_140_WBG2.jpg,152.13,50,NEW,47.0,47.0,36.3,13.0,80186.7,EUR,2,8,3
S7108115,3148518597630,de-AT,Gardening & DIY,Werkzeugsatz Facom Ratschenschlüssel Spitzenset Kunststoff (1 Stücke) (31 Stücke),"Wenn Sie bei der Einrichtung ihres Heims Wert auf Details legen und bei Produkten, die Ihnen das Leben leichter machen, auf dem letzten Stand sein möc","Wenn Sie bei der Einrichtung ihres Heims Wert auf Details legen und bei Produkten, die Ihnen das Leben leichter machen, auf dem letzten Stand sein möchten, dann kaufen Sie <b>Werkzeugsatz Facom Ratschenschlüssel Spitzenset Kunststoff (1 Stücke) (31 Stücke)</b> zum besten Preis.<br><br><ul><li>Art: <ul><li>Ratschenschlüssel</li><li>Spitzenset</li></ul></li><li>Anzahl der Stücke: 31 Stücke</li><li>Material: Kunststoff</li><li>Nicht erhalten: Batterie</li></ul>",Pop Pulse Emporium,https://cdnbigbuy.com/images/3148518597630_R0_WBG4.jpg,https://cdnbigbuy.com/images/3148518597630_R4_MKT4.jpg,https://cdnbigbuy.com/images/3148518597630_S7108115_P2_WBG4.jpg,https://cdnbigbuy.com/images/3148518597630_R1_WBG4.jpg,103.06,5,NEW,6.4,14.8,19.2,0.44,1818.62,EUR,2,8,3
S0376488,4954628146939,de-AT,Gardening & DIY,"Damenuhr Seiko SXDE41P1 Ø 27,7 mm","Wenn Sie mit den neuesten Mode und Accessoire-Trends schritthalten wollen, kaufen Sie <b>Damenuhr Seiko SXDE41P1 Ø 27,7 mm</b> zum besten Preis.<br><b","Wenn Sie mit den neuesten Mode und Accessoire-Trends schritthalten wollen, kaufen Sie <b>Damenuhr Seiko SXDE41P1 Ø 27,7 mm</b> zum besten Preis.<br><br><ul><li>Geschlecht: Damen</li><li>Extra Links: Kein</li><li>Typ der Uhr: Armbanduhr</li><li>Durchmesser des Uhrengehäuses: Ø 27,7 mm</li><li>Merkmale: Ohne Parabene</li><li>Format: 12,7 mm</li><li>Uhrwerk: Quarz</li><li>Kristall: Mineral</li><li>Wasserdicht: 10 atm</li><li>Enthalten: Inklusive Markenetui</li><li>Verschluss Armband: Schmetterling<",Pop Pulse Emporium,https://cdnbigbuy.com/images/4954628146939_S0376488_P01.jpg,https://cdnbigbuy.com/images/72847_mandatory-watch1.jpg,,,172.85,50,NEW,32.0,19.0,10.0,0.4,6080.0,EUR,2,8,3
S7266561,0716736803692,de-AT,Gardening & DIY,Brillenfassung Kate Spade BELEN,"Wenn Sie Ihren Kleiderschrank erneuern möchten, empfehlen wir Ihnen <b>Brillenfassung Kate Spade BELEN</b> und weitere <b> Produkte von Kate Spade</b>","Wenn Sie Ihren Kleiderschrank erneuern möchten, empfehlen wir Ihnen <b>Brillenfassung Kate Spade BELEN</b> und weitere <b> Produkte von Kate Spade</b>! Jetzt für Sie die beste Qualität zum besten Preis!<br><br><ul><li>Merkmale: Gläser ohne Sehstärke</li><li>Geschlecht: Damen</li><li>Art: Brillenfassung</li></ul>",Pop Pulse Emporium,https://cdnbigbuy.com/images/0716736803692_R00.jpg,https://cdnbigbuy.com/images/0716736803692_R10.jpg,https://cdnbigbuy.com/images/0716736803692_R20.jpg,,193.19,1,NEW,10.06,9.97,9.97,0.3,999.97,EUR,2,8,3
S0379111,0091661526985,de-AT,Gardening & DIY,Herrenuhr Guess GW0421G1 (Ø 50 mm),"Wenn Sie mit den neuesten Mode und Accessoire-Trends schritthalten wollen, kaufen Sie <b>Herrenuhr Guess GW0421G1 (Ø 50 mm)</b> zum besten Preis.<br><","Wenn Sie mit den neuesten Mode und Accessoire-Trends schritthalten wollen, kaufen Sie <b>Herrenuhr Guess GW0421G1 (Ø 50 mm)</b> zum besten Preis.<br><br><ul><li>Geschlecht: Herren</li><li>Extra Links: Kein</li><li>Typ der Uhr: Armbanduhr</li><li>Material des Armbands: Silikon</li><li>Uhrengehäuse-Material: Edelstahl</li><li>Uhrwerk: Quarz</li><li>Kristall: Mineral</li><li>Wasserdicht: 10 atm</li><li>Enthalten: Inklusive Markenetui</li><li>Verschluss Armband: Schließe</li><li>Farbe der Krone: Sch",Pop Pulse Emporium,https://cdnbigbuy.com/images/0091661526985_S0379111_P00.jpg,https://cdnbigbuy.com/images/0091661526985_S0379111_P10.jpg,https://cdnbigbuy.com/images/0091661526985_S0379111_P20.jpg,https://cdnbigbuy.com/images/75470_mandatory-watch0.jpg,150.48,2,NEW,32.0,19.0,10.0,0.4,6080.0,EUR,2,8,3
S0382165,8056597753302,de-AT,Gardening & DIY,Herrensonnenbrille Armani AR8177-54092A Ø 52 mm,"Wenn Sie gern die neusten Produkte aus <b>Fashion & Accessoires</b> tragen möchten, dann sind Accessoires, wie die <b>Herrensonnenbrille Armani AR8177","Wenn Sie gern die neusten Produkte aus <b>Fashion & Accessoires</b> tragen möchten, dann sind Accessoires, wie die <b>Herrensonnenbrille Armani AR8177-54092A Ø 52 mm</b> ein Muss, um Ihren Look abzurunden! Vertrauen Sie auf die Marken für <b>Sonnenbrillen</b>.<br><br><ul><li>Art: Herrensonnenbrille</li><li>Schutz: 100% Schutz vor UV (UV400)</li><li>Geschlecht: Herren</li><li>Material der Linsen: Polycarbonat</li><li>Farbe: Braun</li><li>Material: Azetat</li><li>Farbe der Linsen: grün</li><li>Ent",Pop Pulse Emporium,https://cdnbigbuy.com/images/8056597753302_S0382165_P00.jpg,,,,159.9,5,NEW,10.0,10.0,10.0,0.3,1000.0,EUR,2,8,3
S05100347,3614272974982,de-AT,Gardening & DIY,Gesichtscreme Biotherm Homme Force Supreme 100 ml,"<p><b>Gesichtscreme Biotherm Homme Force Supreme 100 ml</b> ist ein Qualitätsprodukt, das für anspruchsvolle Menschen entwickelt wurde, die auf ihr Au","<p><b>Gesichtscreme Biotherm Homme Force Supreme 100 ml</b> ist ein Qualitätsprodukt, das für anspruchsvolle Menschen entwickelt wurde, die auf ihr Aussehen achten und nach den besten Kosmetika suchen, um ihre Schönheit zu unterstreichen. Wenn Sie zu diesen Menschen gehören, dann sind die <b>100 % originalen Produkte von Biotherm</b> wie für Sie gemacht.</p><br><br><ul><li>Art: Gesichtscreme</li><li>Merkmale: Nachhaltige Verpackung</li><li>Geschlecht: Herren</li><li>Format: <ul><li>Dosiereinrich",Pop Pulse Emporium,https://cdnbigbuy.com/images/3614272974982_R01.jpg,,,,116.7,50,NEW,5.0,5.0,19.0,0.36,475.0,EUR,2,8,3
S37114971,8056690430001,de-AT,Gardening & DIY,Rennstiefel OMP SPORT FIA 8856-2018 43,"Wenn Sie Ihren Kleiderschrank erneuern möchten, empfehlen wir Ihnen <b>Rennstiefel OMP SPORT FIA 8856-2018 43</b> und weitere <b> Produkte von OMP</b>","Wenn Sie Ihren Kleiderschrank erneuern möchten, empfehlen wir Ihnen <b>Rennstiefel OMP SPORT FIA 8856-2018 43</b> und weitere <b> Produkte von OMP</b>! Jetzt für Sie die beste Qualität zum besten Preis!<br><br><ul><li>Sport: Racing</li><li>Geschlecht: Unisex</li><li>Art: Turnschuhe</li><li>Empfohlenes Alter: Erwachsene</li><li>Farbe: <ul><li>Gelb</li><li>Schwarz</li></ul></li><li>Merkmale: Fluoreszierend</li><li>Material: <ul><li>Leder</li><li>Gummi</li></ul></li><li>Größe: 43</li></ul>",Pop Pulse Emporium,https://cdnbigbuy.com/images/8056690430001_S37114971_P01.jpg,https://cdnbigbuy.com/images/114520_mandatory-motor1.jpg,,,150.96,2,NEW,10.0,10.0,25.0,4.0,2500.0,EUR,2,8,3
S0383683,8431777849165,de-AT,Gardening & DIY,Brillenfassung Vuarnet VL18060001-SUNCLIP Schwarz,"Wenn Sie Ihren Kleiderschrank erneuern möchten, empfehlen wir Ihnen <b>Brillenfassung Vuarnet VL18060001-SUNCLIP Schwarz</b> und weitere <b> Produkte ","Wenn Sie Ihren Kleiderschrank erneuern möchten, empfehlen wir Ihnen <b>Brillenfassung Vuarnet VL18060001-SUNCLIP Schwarz</b> und weitere <b> Produkte von Vuarnet</b>! Jetzt für Sie die beste Qualität zum besten Preis!<br><br><ul><li>Merkmale: Gläser ohne Sehstärke</li><li>Geschlecht: Herren</li><li>Art: Brillenfassung</li><li>Farbe: Schwarz</li><li>Enthalten: Inklusive Markenetui</li><li>Brücke: 17 mm</li><li>Bügel: 145 mm</li></ul>",Pop Pulse Emporium,https://cdnbigbuy.com/images/8431777849165_S0383683_P00.jpg,https://cdnbigbuy.com/images/8431777849165_S0383683_P10.jpg,https://cdnbigbuy.com/images/8431777849165_S0383683_P20.jpg,,111.18,10,NEW,10.0,10.0,10.0,0.3,1000.0,EUR,2,8,3
S91122690,5400520308245,de-AT,Gardening & DIY,Sportrucksack Gregory 153039-A543 Schwarz 24 L,"Bleiben Sie in Form und entdecken Sie die neuesten Innovationen der Branche, um mit den besten Voraussetzungen Sport zu betreiben! Kaufen Sie <b>Sport","Bleiben Sie in Form und entdecken Sie die neuesten Innovationen der Branche, um mit den besten Voraussetzungen Sport zu betreiben! Kaufen Sie <b>Sportrucksack Gregory 153039-A543 Schwarz 24 L</b> zum besten Preis und genießen Sie ein gesundes Leben!<br><br><ul><li>Art: <ul><li>Sportrucksack</li><li>Rucksack</li></ul></li><li>Ungefähres Gewicht: 700 g</li><li>Anzahl der Stücke: 1 Stücke</li><li>Lang: 22 cm</li><li>groß: 53 cm</li><li>Geschlecht: Unisex</li><li>Breite: 28 cm</li><li>Material: Scha",Pop Pulse Emporium,https://cdnbigbuy.com/images/5400520308245_R00.jpg,https://cdnbigbuy.com/images/5400520308245_R60.jpg,https://cdnbigbuy.com/images/5400520308245_R70.jpg,https://cdnbigbuy.com/images/5400520308245_R10.jpg,102.04,5,NEW,31.0,5.0,51.0,0.85,7905.0,EUR,2,8,3
S91122538,4260052192856,de-AT,Gardening & DIY,ATX Semi-Tower Gehäuse Be Quiet! BGW78 Schwarz,"Wenn Sie sich leidenschaftlich mit <b>IT und Elektronik</b> beschäftigen, mit der Technologie auf dem neuesten Stand sein wollen und nicht einmal die ","Wenn Sie sich leidenschaftlich mit <b>IT und Elektronik</b> beschäftigen, mit der Technologie auf dem neuesten Stand sein wollen und nicht einmal die winzigsten Einzelheiten auslassen, kaufen Sie <b>ATX Semi-Tower Gehäuse Be Quiet! BGW78 Schwarz</b>.<br><br><ul><li>Art: <ul><li>ATX Semi-Tower Gehäuse</li><li>PC</li></ul></li><li>Audio-Ausgang: Ja</li><li>Tiefe: <ul><li>450 mm</li><li>45 cm</li></ul></li><li>Inklusive Netzgerät: Kein</li><li>Farbe: Schwarz</li><li>Ports: <ul><li>Audio-Eingang</li",Pop Pulse Emporium,https://cdnbigbuy.com/images/4260052192856_S5632755_P00.jpg,https://cdnbigbuy.com/images/4260052192856_S5632755_P50.jpg,https://cdnbigbuy.com/images/4260052192856_S5632755_P20.jpg,https://cdnbigbuy.com/images/4260052192856_I20.jpg,186.3,50,NEW,51.0,8.0,51.0,9.0,20808.0,EUR,2,8,3
S55159245,8717371449445,de-AT,Gardening & DIY,"TV Halterung Neomounts FPMA-C340DBLACK 32""","Wenn Sie sich leidenschaftlich mit <b>IT und Elektronik</b> beschäftigen, mit der Technologie auf dem neuesten Stand sein wollen und nicht einmal die ","Wenn Sie sich leidenschaftlich mit <b>IT und Elektronik</b> beschäftigen, mit der Technologie auf dem neuesten Stand sein wollen und nicht einmal die winzigsten Einzelheiten auslassen, kaufen Sie <b>TV Halterung Neomounts FPMA-C340DBLACK 32""</b>.<br><br><ul><li>Art: <ul><li>Dachstütze</li><li>TV Halterung</li></ul></li><li>Enthalten: Schrauben</li><li>Farbe: Schwarz</li><li>Merkmale: <ul><li>Einstellbare Höhe</li><li>Aufwicklung von Kabeln</li></ul></li><li>Bildschirm: <ul><li>32""</li><li>75""</l",Pop Pulse Emporium,https://cdnbigbuy.com/images/8717371449445_R01.jpg,,,,144.45,5,NEW,63.5,25.0,36.83,8.49,58467.62,EUR,2,8,3
S7291904,8430622801464,de-AT,Gardening & DIY,Uhr für Kleinkinder Lotus 18862/2,"Für unsere Kinder möchten wir Ihnen <b>Uhr für Kleinkinder Lotus 18862/2</b> vorstellen, perfekt für alle, die qualitativ hochwertige Produkte für die","Für unsere Kinder möchten wir Ihnen <b>Uhr für Kleinkinder Lotus 18862/2</b> vorstellen, perfekt für alle, die qualitativ hochwertige Produkte für die Kleinsten suchen. Kaufen Sie <b>Lotus</b> und weitere Marken und Lizenzen zu den besten Preisen!<br><br><ul><li>Geschlecht: Für Kinder</li><li>Extra Links: Kein</li><li>Typ der Uhr: Armbanduhr</li><li>Land/Region der Herstellung: Spanien</li><li>Material des Gehäuses: Edelstahl</li><li>Uhrwerk: Quarz</li></ul>",Pop Pulse Emporium,https://cdnbigbuy.com/images/8430622801464_R01.jpg,https://cdnbigbuy.com/images/90916_mandatory-watch1.jpg,,,104.68,50,NEW,32.0,19.0,10.0,0.4,6080.0,EUR,2,8,3
S7202257,8431242973081,de-AT,Gardening & DIY,Herrenuhr Lorus RP639DX9,"Wenn Sie mit den neuesten Mode und Accessoire-Trends schritthalten wollen, kaufen Sie <b>Herrenuhr Lorus RP639DX9</b> zum besten Preis.<br><br><ul><li","Wenn Sie mit den neuesten Mode und Accessoire-Trends schritthalten wollen, kaufen Sie <b>Herrenuhr Lorus RP639DX9</b> zum besten Preis.<br><br><ul><li>Geschlecht: Herren</li><li>Extra Links: Kein</li><li>Typ der Uhr: Armbanduhr</li></ul>",Pop Pulse Emporium,https://cdnbigbuy.com/images/8431242973081_S7202257_P01.jpg,https://cdnbigbuy.com/images/2258_mandatory-watch1.jpg,,,151.98,2,NEW,10.0,10.0,10.0,0.3,1000.0,EUR,2,8,3
S37115735,5998249108142,de-AT,Gardening & DIY,Armlehne Armster C06045A Ökologisches Leder,Statten Sie Ihr Fahrzeug mit den neuesten Produkten aus - kaufen Sie <b>Armlehne Armster C06045A Ökologisches Leder</b> und verpassen Sie kein Detail!,Statten Sie Ihr Fahrzeug mit den neuesten Produkten aus - kaufen Sie <b>Armlehne Armster C06045A Ökologisches Leder</b> und verpassen Sie kein Detail!<br><br><ul><li>Material: Ökologisches Leder</li><li>Art: <ul><li>Mittlere Armlehne</li><li>Armlehne</li></ul></li><li>Farbe: Schwarz</li><li>Empfohlene verwendung: Auto</li><li>Modell: Corsa E</li><li>Enthalten: <ul><li>Montage-Kit</li><li>Betriebsanleitung</li></ul></li></ul>,Pop Pulse Emporium,https://cdnbigbuy.com/images/5998249108142_S37115735_P00.jpg,https://cdnbigbuy.com/images/5998249108142_S37115735_P60.jpg,https://cdnbigbuy.com/images/5998249108142_S37115735_P10.jpg,https://cdnbigbuy.com/images/5998249108142_S37115735_P20.jpg,142.39,4,NEW,35.0,25.0,25.0,8.0,21875.0,EUR,2,8,3
S0389283,0091661526855,de-AT,Gardening & DIY,Damenuhr Guess GW0439L2 (Ø 39 mm),"Wenn Sie auf der Suche nach trendigen Neuheiten auf dem Markt sind, präsentieren wir Ihnen <b>Damenuhr Guess GW0439L2 (Ø 39 mm)</b>!<br><br><ul><li>Ex","Wenn Sie auf der Suche nach trendigen Neuheiten auf dem Markt sind, präsentieren wir Ihnen <b>Damenuhr Guess GW0439L2 (Ø 39 mm)</b>!<br><br><ul><li>Extra Links: Kein</li><li>Typ der Uhr: Armbanduhr</li><li>Batteriebetrieben: Ja</li><li>Material des Armbands: Silikon</li><li>Uhrengehäuse-Material: Edelstahl</li><li>Uhrwerk: Quarz</li><li>Kristall: Mineral</li><li>Enthalten: Enthält Markenetui oder -hülle</li><li>Verschluss Armband: Schließe</li><li>Farbe der Krone: Gold</li><li>Farbe des Uhrengeh",Pop Pulse Emporium,https://cdnbigbuy.com/images/0091661526855_S7274187_P00.jpg,https://cdnbigbuy.com/images/0091661526855_S0389283_P00.jpg,https://cdnbigbuy.com/images/0091661526855_S0389283_P10.jpg,https://cdnbigbuy.com/images/0091661526855_S0389283_P20.jpg,131.77,5,NEW,32.0,19.0,10.0,0.4,6080.0,EUR,2,8,3
S0374406,7613272297301,de-AT,Gardening & DIY,Damenuhr Olivia Burton OB16CGS07 (Ø 34 mm),"Wenn Sie mit den neuesten Mode und Accessoire-Trends schritthalten wollen, kaufen Sie <b>Damenuhr Olivia Burton OB16CGS07 (Ø 34 mm)</b> zum besten Pre","Wenn Sie mit den neuesten Mode und Accessoire-Trends schritthalten wollen, kaufen Sie <b>Damenuhr Olivia Burton OB16CGS07 (Ø 34 mm)</b> zum besten Preis.<br><br><ul><li>Geschlecht: Damen</li><li>Extra Links: Kein</li><li>Typ der Uhr: Armbanduhr</li><li>Material des Armbands: Kunstleder</li><li>Uhrengehäuse-Material: Edelstahl</li><li>Uhrwerk: Quarz</li><li>Kristall: Mineral</li><li>Wasserdicht: 1 atm</li><li>Enthalten: Inklusive Markenetui</li><li>Verschluss Armband: Schließe</li><li>Farbe der K",Pop Pulse Emporium,https://cdnbigbuy.com/images/7613272297301_S0374406_P01.jpg,https://cdnbigbuy.com/images/7613272297301_R11.jpg,https://cdnbigbuy.com/images/7613272297301_R21.jpg,https://cdnbigbuy.com/images/70769_mandatory-watch1.jpg,105.57,5,NEW,32.0,19.0,10.0,0.4,6080.0,EUR,2,8,3
S71013730,3660950076455,de-AT,Gardening & DIY,Kissen RED CASTLE Weiß,"Wenn Sie auf der Suche nach trendigen Neuheiten auf dem Markt sind, präsentieren wir Ihnen <b>Kissen RED CASTLE Weiß</b>!<br><br><ul><li>Art: Kissen</","Wenn Sie auf der Suche nach trendigen Neuheiten auf dem Markt sind, präsentieren wir Ihnen <b>Kissen RED CASTLE Weiß</b>!<br><br><ul><li>Art: Kissen</li><li>Farbe: Weiß</li></ul>",Pop Pulse Emporium,https://cdnbigbuy.com/images/3660950076455_S71013730_P00.jpg,https://cdnbigbuy.com/images/3660950076455_S71013730_P10.jpg,https://cdnbigbuy.com/images/3660950076455_S71013730_P20.jpg,https://cdnbigbuy.com/images/3660950076455_S71013730_P30.jpg,157.38,10,NEW,59.0,16.0,26.0,1.42,24544.0,EUR,2,8,3
S37113862,8435682605656,de-AT,Gardening & DIY,"Schraubensatz OMP OMPS09971209 28 mm Gelb M12 x 1,25","Statten Sie Ihr Fahrzeug mit den neuesten Produkten aus - kaufen Sie <b>Schraubensatz OMP OMPS09971209 28 mm Gelb M12 x 1,25</b> und verpassen Sie kei","Statten Sie Ihr Fahrzeug mit den neuesten Produkten aus - kaufen Sie <b>Schraubensatz OMP OMPS09971209 28 mm Gelb M12 x 1,25</b> und verpassen Sie kein Detail!<br><br><ul><li>Farbe: Gelb</li><li>Schraube: M12 x 1,25</li><li>Länge: 28 mm</li><li>Art: DIN 12.9</li><li>Stück: 20 Stück</li><li>Material: Aluminium</li></ul>",Pop Pulse Emporium,https://cdnbigbuy.com/images/8435682605656_S37113862_P00.jpg,,,,141.6,5,NEW,5.0,5.0,5.0,1.0,125.0,EUR,2,8,3
S7162253,3148519384888,de-AT,Gardening & DIY,Werkzeugtasche Facom Probag 20 Mit Rädern,"Wenn Sie bei der Einrichtung ihres Heims Wert auf Details legen und bei Produkten, die Ihnen das Leben leichter machen, auf dem letzten Stand sein möc","Wenn Sie bei der Einrichtung ihres Heims Wert auf Details legen und bei Produkten, die Ihnen das Leben leichter machen, auf dem letzten Stand sein möchten, dann kaufen Sie <b>Werkzeugtasche Facom Probag 20 Mit Rädern</b> zum besten Preis.<br><br><ul><li>Merkmale: <ul><li>Mit Rädern</li><li>Tragegriff</li><li>Riemen für Umhängetasche</li><li>Water resistant</li></ul></li><li>Farbe: Rot</li><li>Fächer: <ul><li>Äußere Tasche</li><li>Seitentasche</li></ul></li><li>Verschluss Armband: <ul><li>Reißver",Pop Pulse Emporium,https://cdnbigbuy.com/images/3148519384888_S7162253_P01.jpg,https://cdnbigbuy.com/images/3148519384888_S7162253_P11.jpg,https://cdnbigbuy.com/images/3148519384888_S7162253_P31.jpg,https://cdnbigbuy.com/images/3148519384888_S7162253_P21.jpg,182.96,5,NEW,33.4,50.4,43.2,5.46,72721.15,EUR,2,8,3
S37114998,8027280489501,de-AT,Gardening & DIY,Rennanzug für Kinder OMP Summer-K Blau 140,Statten Sie Ihr Fahrzeug mit den neuesten Produkten aus - kaufen Sie <b>Rennanzug für Kinder OMP Summer-K Blau 140</b> und verpassen Sie kein Detail!<,Statten Sie Ihr Fahrzeug mit den neuesten Produkten aus - kaufen Sie <b>Rennanzug für Kinder OMP Summer-K Blau 140</b> und verpassen Sie kein Detail!<br><br><ul><li>Sport: Racing</li><li>Empfohlene verwendung: kart</li><li>Art: <ul><li>Rennanzug</li><li>Rennanzug für Kinder</li></ul></li><li>Geeignet für: Sommer</li><li>Geschlecht: Für Kinder</li><li>Empfohlenes Alter: Kinder</li><li>Farbe: Blau</li><li>Größe: 140</li><li>Material: Baumwolle</li></ul>,Pop Pulse Emporium,https://cdnbigbuy.com/images/8027280489501_S37114998_P00.jpg,https://cdnbigbuy.com/images/8027280489501_R20.jpg,https://cdnbigbuy.com/images/8027280489501_S37114998_P10.jpg,,112.75,1,NEW,35.0,30.0,10.0,4.0,10500.0,EUR,2,8,3
S7736649,0888793745649,de-AT,Gardening & DIY,Papierbehälter für den Drucker HP D9P29A,"Wenn Sie sich leidenschaftlich mit <b>IT und Elektronik</b> beschäftigen, mit der Technologie auf dem neuesten Stand sein wollen und nicht einmal die ","Wenn Sie sich leidenschaftlich mit <b>IT und Elektronik</b> beschäftigen, mit der Technologie auf dem neuesten Stand sein wollen und nicht einmal die winzigsten Einzelheiten auslassen, kaufen Sie <b>Papierbehälter für den Drucker HP D9P29A</b>.<br><br><ul><li>Art: <ul><li>Papierbehälter für den Drucker</li><li>Alles in einem</li></ul></li><li>Farbe: Schwarz</li><li>Konnektivität: Wi-Fi</li><li>Spannung: 240 V</li><li>Technologie: Laser</li><li>Kapazität: 550 Blatt</li><li>Kompatibel: LaserJet Pr",Pop Pulse Emporium,https://cdnbigbuy.com/images/0888793745649_A11.jpg,,,,186.76,18,NEW,24.0,47.0,46.0,4.8,51888.0,EUR,2,8,3
S8111190,8806095646756,de-AT,Gardening & DIY,Bluetooth in Ear Headset Samsung BUDS 3 PRO Weiß,"Wenn Sie auf der Suche nach trendigen Neuheiten auf dem Markt sind, präsentieren wir Ihnen <b>Bluetooth in Ear Headset Samsung BUDS 3 PRO Weiß</b>!<br","Wenn Sie auf der Suche nach trendigen Neuheiten auf dem Markt sind, präsentieren wir Ihnen <b>Bluetooth in Ear Headset Samsung BUDS 3 PRO Weiß</b>!<br><br><ul><li>Art: <ul><li>Kopfhörer</li><li>Kopfhörer mit Mikrofon</li><li>Kopfhörer im Ohr</li></ul></li><li>Farbe: Weiß</li><li>Merkmale: <ul><li>Hülle</li><li>Lärmreduzierung</li><li>Eingebautes Mikrofon</li><li>Hinterleuchtet</li><li>Kabelloses Ladegerät</li></ul></li><li>Anschlüsse: <ul><li>USB</li><li>USB-C</li></ul></li><li>Konnektivität: Bl",Pop Pulse Emporium,https://cdnbigbuy.com/images/8806095646756_I00.jpg,,,,184.72,2,NEW,15.52,15.05,11.41,0.26,2665.1,EUR,2,8,3
S7167020,0077924002335,de-AT,Gardening & DIY,Grill Weber Compact Aluminium Emaillierter Edelstahl,"Wenn Sie bei der Einrichtung ihres Heims Wert auf Details legen und bei Produkten, die Ihnen das Leben leichter machen, auf dem letzten Stand sein möc","Wenn Sie bei der Einrichtung ihres Heims Wert auf Details legen und bei Produkten, die Ihnen das Leben leichter machen, auf dem letzten Stand sein möchten, dann kaufen Sie <b>Grill Weber Compact Aluminium Emaillierter Edelstahl</b> zum besten Preis.<br><br><ul><li>Material: <ul><li>Emaillierter Edelstahl</li><li>Aluminium</li></ul></li><li>Farbe: Schwarz</li><li>Merkmale: Leicht zu reinigen</li><li>Form: rund</li><li>Kochbereiche: 1</li></ul>",Pop Pulse Emporium,https://cdnbigbuy.com/images/0077924002335_S7167020_P02.jpg,,,,195.99,2,NEW,60.0,60.0,25.5,12.03,91800.0,EUR,2,8,3
S91124343,4260603784912,de-AT,Gardening & DIY,"Futter Wolfsblut Welpe/Junior Fleisch Süßkartoffel 12,5 Kg","Wenn Sie auf der Suche nach trendigen Neuheiten auf dem Markt sind, präsentieren wir Ihnen <b>Futter Wolfsblut Welpe/Junior Fleisch Süßkartoffel 12,5 ","Wenn Sie auf der Suche nach trendigen Neuheiten auf dem Markt sind, präsentieren wir Ihnen <b>Futter Wolfsblut Welpe/Junior Fleisch Süßkartoffel 12,5 Kg</b>!<br><br><ul><li>Art: Futter</li><li>Empfohlenes Alter: Welpe/Junior</li><li>Geschmack: <ul><li>Fleisch</li><li>Süßkartoffel</li></ul></li><li>Inhaltsstoffe: <ul><li>Vitamin A</li><li>Vitamin E</li><li>Zink</li><li>Vitamin D3</li><li>Fett</li><li>Protein</li><li>Faser</li><li>Aschgrau</li></ul></li><li>Kupfer (mg): 15 MG/KG</li><li>Eisen: 95 ",Pop Pulse Emporium,https://cdnbigbuy.com/images/4260603784912_S91124343_P00.jpg,https://cdnbigbuy.com/images/4260603784912_I00.jpg,https://cdnbigbuy.com/images/4260603784912_R00.jpg,https://cdnbigbuy.com/images/4260603784912_R10.jpg,131.14,10,NEW,38.1,18.1,54.0,12.61,37238.94,EUR,2,8,3
S7165172,5035048562208,de-AT,Gardening & DIY,Stichsäge Black & Decker BDCR18-QW 18 V 15 cm,"Wenn Sie bei der Einrichtung ihres Heims Wert auf Details legen und bei Produkten, die Ihnen das Leben leichter machen, auf dem letzten Stand sein möc","Wenn Sie bei der Einrichtung ihres Heims Wert auf Details legen und bei Produkten, die Ihnen das Leben leichter machen, auf dem letzten Stand sein möchten, dann kaufen Sie <b>Stichsäge Black & Decker BDCR18-QW 18 V 15 cm</b> zum besten Preis.<br><br><ul><li>Steckbares Produkt: Ja</li><li>Steckertyp: EU-Stecker</li><li>Art: Stichsäge</li><li>Kapazität der Batterie: 1,5 Ah</li><li>Spannung: 18 V</li><li>Enthalten: <ul><li>Wiederaufladbare Lithiumbatterie</li><li>Sägeblatt</li></ul></li><li>Klingen",Pop Pulse Emporium,https://cdnbigbuy.com/images/5035048562208_S7165172_P01.jpg,https://cdnbigbuy.com/images/5035048562208_S7165172_P21.jpg,https://cdnbigbuy.com/images/5035048562208_S7165172_P31.jpg,https://cdnbigbuy.com/images/5035048562208_S7165172_P11.jpg,153.69,2,NEW,39.2,18.0,9.2,2.42,6491.52,EUR,2,8,3
S0390927,8050560900298,de-AT,Gardening & DIY,Damenuhr Furla WW00004005L3 (Ø 30 mm),"Wenn Sie auf der Suche nach trendigen Neuheiten auf dem Markt sind, präsentieren wir Ihnen <b>Damenuhr Furla WW00004005L3 (Ø 30 mm)</b>!<br><br><ul><l","Wenn Sie auf der Suche nach trendigen Neuheiten auf dem Markt sind, präsentieren wir Ihnen <b>Damenuhr Furla WW00004005L3 (Ø 30 mm)</b>!<br><br><ul><li>Geschlecht: Damen</li><li>Extra Links: Kein</li><li>Typ der Uhr: Armbanduhr</li><li>Material des Armbands: Leder</li><li>Uhrengehäuse-Material: Edelstahl</li><li>Uhrwerk: Quarz</li><li>Kristall: Mineral</li><li>Wasserdicht: 5 atm</li><li>Enthalten: Enthält Markenetui oder -hülle</li><li>Verschluss Armband: Schließe</li><li>Farbe der Krone: Rosa</",Pop Pulse Emporium,https://cdnbigbuy.com/images/8050560900298_S0390927_P00.jpg,https://cdnbigbuy.com/images/8050560900298_S0390927_P20.jpg,https://cdnbigbuy.com/images/87288_mandatory-watch0.jpg,https://cdnbigbuy.com/images/8050560900298_S0390927_P10.jpg,107.43,5,NEW,32.0,19.0,10.0,0.4,6080.0,EUR,2,8,3
S37114781,8027281109064,de-AT,Gardening & DIY,Rennstiefel OMP FIRST Schwarz 42,Statten Sie Ihr Fahrzeug mit den neuesten Produkten aus - kaufen Sie <b>Rennstiefel OMP FIRST Schwarz 42</b> und verpassen Sie kein Detail!<br><br><ul,Statten Sie Ihr Fahrzeug mit den neuesten Produkten aus - kaufen Sie <b>Rennstiefel OMP FIRST Schwarz 42</b> und verpassen Sie kein Detail!<br><br><ul><li>Merkmale: <ul><li>FIA genehmigt</li><li>Verstärkt</li><li>Klettverschluss</li><li>Hochwertige Qualität</li></ul></li><li>Material: Wildleder</li><li>Farbe: Schwarz</li><li>Größe: 42</li></ul>,Pop Pulse Emporium,https://cdnbigbuy.com/images/8027281109064_S37114781_P01.jpg,https://cdnbigbuy.com/images/114330_mandatory-motor1.jpg,,,194.91,1,NEW,10.0,10.0,25.0,4.0,2500.0,EUR,2,8,3
S91116053,4066529057303,de-AT,Gardening & DIY,Hydroreiniger Kärcher 1.673-574.0 1400 W,"Wenn Sie auf der Suche nach trendigen Neuheiten auf dem Markt sind, präsentieren wir Ihnen <b>Hydroreiniger Kärcher 1.673-574.0 1400 W</b>!<br><br><ul","Wenn Sie auf der Suche nach trendigen Neuheiten auf dem Markt sind, präsentieren wir Ihnen <b>Hydroreiniger Kärcher 1.673-574.0 1400 W</b>!<br><br><ul><li>Farbe: <ul><li>Gelb</li><li>Schwarz</li></ul></li><li>Merkmale: Einstellbare Intensität</li><li>Leistung: <ul><li>1400 W</li><li>360 l/h</li></ul></li><li>Spannung: 220-240 V</li><li>Druck: <ul><li>20 bar</li><li>110 BAR</li></ul></li><li>Enthalten: Wasserfilter</li><li>Rohrlänge: 5 m</li></ul>",Pop Pulse Emporium,https://cdnbigbuy.com/images/4066529057303_S91116053_P00.jpg,https://cdnbigbuy.com/images/4066529057303_S91116053_P60.jpg,https://cdnbigbuy.com/images/4066529057303_S91116053_P70.jpg,https://cdnbigbuy.com/images/4066529057303_S91116053_P10.jpg,110.13,10,NEW,41.0,31.5,23.5,5.51,30350.25,EUR,2,8,3
S72113983,8056783038039,de-AT,Gardening & DIY,Herrenuhr Maserati SUCCESSO (Ø 44 mm),"Wenn Sie auf der Suche nach trendigen Neuheiten auf dem Markt sind, präsentieren wir Ihnen <b>Herrenuhr Maserati SUCCESSO (Ø 44 mm)</b>!<br><br><ul><l","Wenn Sie auf der Suche nach trendigen Neuheiten auf dem Markt sind, präsentieren wir Ihnen <b>Herrenuhr Maserati SUCCESSO (Ø 44 mm)</b>!<br><br><ul><li>Extra Links: Kein</li><li>Typ der Uhr: Armbanduhr</li><li>Funktionen: Stoppuhr</li><li>Geschlecht: Herren</li><li>Material des Armbands: Edelstahl</li><li>Enthalten: Enthält Markenetui oder -hülle</li><li>Wasserdicht: 5 atm</li><li>Kristall: Mineral</li><li>Uhrwerk: Quarz</li><li>Durchmesser des Uhrengehäuses: Ø 44 mm</li></ul>",Pop Pulse Emporium,https://cdnbigbuy.com/images/8056783038039_S72113983_P00.jpg,https://cdnbigbuy.com/images/112995_mandatory-watch0.jpg,,,182.23,5,NEW,14.15,12.43,10.11,0.3,1778.19,EUR,2,8,3
S0388480,0190605459645,de-AT,Gardening & DIY,Damensonnenbrille Escada SESD91600A39 ø 60 mm,"Wenn Sie auf der Suche nach trendigen Neuheiten auf dem Markt sind, präsentieren wir Ihnen <b>Damensonnenbrille Escada SESD91600A39 ø 60 mm</b>!<br><b","Wenn Sie auf der Suche nach trendigen Neuheiten auf dem Markt sind, präsentieren wir Ihnen <b>Damensonnenbrille Escada SESD91600A39 ø 60 mm</b>!<br><br><ul><li>Art: Damensonnenbrille</li><li>Geschlecht: Damen</li><li>Schutz: 100% Schutz vor UV (UV400)</li><li>Material der Linsen: Polycarbonat</li><li>Farbe: <ul><li>Rot</li><li>Lila</li></ul></li><li>Material: Metall</li><li>Enthalten: Enthält Markenetui oder -hülle</li><li>Brücke: 16 mm</li><li>Bügel: 130 mm</li><li>Linsen: ø 60 mm</li></ul>",Pop Pulse Emporium,https://cdnbigbuy.com/images/0190605459645_S0388480_P00.jpg,,,,101.81,2,NEW,10.0,10.0,10.0,0.3,1000.0,EUR,2,8,3
S7187624,4004025082122,de-AT,Gardening & DIY,Heißluftgebläse Wagner Furno 750 2359358 2000 W,"Wenn Sie bei der Einrichtung ihres Heims Wert auf Details legen und bei Produkten, die Ihnen das Leben leichter machen, auf dem letzten Stand sein möc","Wenn Sie bei der Einrichtung ihres Heims Wert auf Details legen und bei Produkten, die Ihnen das Leben leichter machen, auf dem letzten Stand sein möchten, dann kaufen Sie <b>Heißluftgebläse Wagner Furno 750 2359358 2000 W</b> zum besten Preis.<br><br><ul><li>Enthalten: <ul><li>Aktentasche</li><li>Zubehör</li></ul></li><li>Steckertyp: EU-Stecker</li><li>Steckbares Produkt: Ja</li><li>Leistung: 2000 W</li><li>Spannung: 230 V</li></ul>",Pop Pulse Emporium,https://cdnbigbuy.com/images/4004025082122_S7187624_P00.jpg,https://cdnbigbuy.com/images/4004025082122_R100.jpg,https://cdnbigbuy.com/images/4004025082122_S7187624_P40.jpg,https://cdnbigbuy.com/images/4004025082122_R110.jpg,115.18,2,NEW,39.4,12.2,28.6,2.66,13747.45,EUR,2,8,3
S7927581,8033280574796,de-AT,Gardening & DIY,Sicherheits-Schuhe Sparco 42,"Wenn Sie auf der Suche nach trendigen Neuheiten auf dem Markt sind, präsentieren wir Ihnen <b>Sicherheits-Schuhe Sparco 42</b>!<br><br><ul><li>Art: Si","Wenn Sie auf der Suche nach trendigen Neuheiten auf dem Markt sind, präsentieren wir Ihnen <b>Sicherheits-Schuhe Sparco 42</b>!<br><br><ul><li>Art: Sicherheits-Schuhe</li><li>Merkmale: Atmungsaktiv</li><li>Größe: 42</li></ul>",Pop Pulse Emporium,https://cdnbigbuy.com/images/8033280574796_S7927581_P00.jpg,https://cdnbigbuy.com/images/8033280574796_S7927581_P10.jpg,https://cdnbigbuy.com/images/8033280574796_S7927581_P20.jpg,,108.61,9,NEW,22.41,29.89,27.82,1.22,18634.81,EUR,2,8,3
S7279332,8434103461574,de-AT,Gardening & DIY,Damenuhr Watx & Colors WXCA4003,"Wenn Sie mit den neuesten Mode und Accessoire-Trends schritthalten wollen, kaufen Sie <b>Damenuhr Watx & Colors WXCA4003</b> zum besten Preis.<br><br>","Wenn Sie mit den neuesten Mode und Accessoire-Trends schritthalten wollen, kaufen Sie <b>Damenuhr Watx & Colors WXCA4003</b> zum besten Preis.<br><br><ul><li>Nicht erhalten: Uhrband</li><li>Geschlecht: Damen</li><li>Extra Links: Kein</li><li>Typ der Uhr: Armbanduhr</li></ul>",Pop Pulse Emporium,https://cdnbigbuy.com/images/8434103461574_S7279332_P01.jpg,https://cdnbigbuy.com/images/78389_mandatory-watch1.jpg,,,104.23,2,NEW,39.0,19.0,10.0,0.4,7410.0,EUR,2,8,3
S7152784,3165140873963,de-AT,Gardening & DIY,Staubsauger BOSCH Universalvac 15 1000 W 23 kPa 15 L,"Wenn Sie bei der Einrichtung ihres Heims Wert auf Details legen und bei Produkten, die Ihnen das Leben leichter machen, auf dem letzten Stand sein möc","Wenn Sie bei der Einrichtung ihres Heims Wert auf Details legen und bei Produkten, die Ihnen das Leben leichter machen, auf dem letzten Stand sein möchten, dann kaufen Sie <b>Staubsauger BOSCH Universalvac 15 1000 W 23 kPa 15 L</b> zum besten Preis.<br><br><ul><li>Steckertyp: EU-Stecker</li><li>Steckbares Produkt: Ja</li><li>Stromquelle: Elektrokabel.</li><li>Enthalten: <ul><li>Zubehör</li><li>Ersatzteile</li><li>Staubsaugerbeutel</li><li>Auswechselbare Düsen</li><li>Filter</li></ul></li><li>Fun",Pop Pulse Emporium,https://cdnbigbuy.com/images/3165140873963_R00.jpg,https://cdnbigbuy.com/images/3165140873963_S7152784_P00.jpg,https://cdnbigbuy.com/images/3165140873963_S7152784_P10.jpg,https://cdnbigbuy.com/images/3165140873963_S7152784_P20.jpg,156.57,25,NEW,40.1,45.7,49.6,9.65,90895.47,EUR,2,8,3
S0326543,0882902480506,de-AT,Gardening & DIY,Damenuhr Nixon A3611698 (Ø 33 mm),"Wenn Sie mit den neuesten Mode und Accessoire-Trends schritthalten wollen, kaufen Sie <b>Damenuhr Nixon A3611698 (Ø 33 mm)</b> zum besten Preis.<br><b","Wenn Sie mit den neuesten Mode und Accessoire-Trends schritthalten wollen, kaufen Sie <b>Damenuhr Nixon A3611698 (Ø 33 mm)</b> zum besten Preis.<br><br><ul><li>Geschlecht: Damen</li><li>Extra Links: Kein</li><li>Typ der Uhr: Armbanduhr</li><li>Material des Armbands: Stahl</li><li>Uhrengehäuse-Material: Edelstahl</li><li>Uhrwerk: Quarz</li><li>Kristall: Mineral</li><li>Wasserdicht: 10 atm</li><li>Enthalten: Inklusive Markenetui</li><li>Verschluss Armband: Druck</li><li>Farbe der Krone: Grau</li><",Pop Pulse Emporium,https://cdnbigbuy.com/images/0882902480506_0_P02.jpg,https://cdnbigbuy.com/images/23010_mandatory-watch2.jpg,,,109.3,2,NEW,32.0,19.0,10.0,0.4,6080.0,EUR,2,8,3
S2439790,8412688520015,de-AT,Gardening & DIY,Socken Safta Purrrrrfect love,"Wenn Sie Ihren Kleiderschrank erneuern möchten, empfehlen wir Ihnen <b>Socken Safta Purrrrrfect love</b> und weitere <b> Produkte von Safta</b>! Jetzt","Wenn Sie Ihren Kleiderschrank erneuern möchten, empfehlen wir Ihnen <b>Socken Safta Purrrrrfect love</b> und weitere <b> Produkte von Safta</b>! Jetzt für Sie die beste Qualität zum besten Preis!<br><br><ul><li>Material: Polyester</li><li>Geschlecht: Jung</li><li>Kapazität: 16,5 L</li><li>Art: Socken</li><li>Merkmale: Handwäsche</li></ul>",Pop Pulse Emporium,https://cdnbigbuy.com/images/8412688520015_S2439790_P00.jpg,https://cdnbigbuy.com/images/8412688520015_S2439790_P10.jpg,https://cdnbigbuy.com/images/8412688520015_S2439790_P20.jpg,https://cdnbigbuy.com/images/8412688520015_S2439790_P30.jpg,168.91,50,NEW,16.5,20.5,31.0,1.36,10485.75,EUR,2,8,3
S72122273,0091661564147,de-AT,Gardening & DIY,Damenuhr Guess ANNETTE,"Wenn Sie mit den neuesten Mode und Accessoire-Trends schritthalten wollen, kaufen Sie <b>Damenuhr Guess ANNETTE</b> zum besten Preis.<br><br><ul><li>E","Wenn Sie mit den neuesten Mode und Accessoire-Trends schritthalten wollen, kaufen Sie <b>Damenuhr Guess ANNETTE</b> zum besten Preis.<br><br><ul><li>Extra Links: Kein</li><li>Typ der Uhr: Armbanduhr</li><li>Geschlecht: Damen</li><li>Konnektivität: Bluetooth</li></ul>",Pop Pulse Emporium,https://cdnbigbuy.com/images/0091661564147_S72122273_P00.jpg,https://cdnbigbuy.com/images/121285_mandatory-watch0.jpg,,,172.7,2,NEW,14.15,12.43,10.11,0.3,1778.19,EUR,2,8,3
S7141557,8719076044253,de-AT,Gardening & DIY,Batterieüberwachung Victron Energy 500 A,"Wenn Sie sich leidenschaftlich mit <b>IT und Elektronik</b> beschäftigen, mit der Technologie auf dem neuesten Stand sein wollen und nicht einmal die ","Wenn Sie sich leidenschaftlich mit <b>IT und Elektronik</b> beschäftigen, mit der Technologie auf dem neuesten Stand sein wollen und nicht einmal die winzigsten Einzelheiten auslassen, kaufen Sie <b>Batterieüberwachung Victron Energy 500 A</b>.<br><br><ul><li>Art: Trommel-Monitor</li><li>Stromstärke: 500 A</li><li>Konnektivität: Bluetooth</li><li>Material: Kunststoff</li><li>Geschlecht: Unisex-Erwachsene</li></ul>",Pop Pulse Emporium,https://cdnbigbuy.com/images/8719076044253_S7141557_P01.jpg,https://cdnbigbuy.com/images/8719076044253_S7141557_P11.jpg,https://cdnbigbuy.com/images/8719076044253_S7141557_P21.jpg,https://cdnbigbuy.com/images/8719076044253_R61.jpg,181.1,1,NEW,8.8,13.4,7.2,0.42,849.02,EUR,2,8,3
S71004479,0731855021031,de-AT,Gardening & DIY,Gaming Headset mit Mikrofon Turtle Beach TBS-2102-15,"Wenn Sie sich leidenschaftlich mit <b>IT und Elektronik</b> beschäftigen, mit der Technologie auf dem neuesten Stand sein wollen und nicht einmal die ","Wenn Sie sich leidenschaftlich mit <b>IT und Elektronik</b> beschäftigen, mit der Technologie auf dem neuesten Stand sein wollen und nicht einmal die winzigsten Einzelheiten auslassen, kaufen Sie <b>Gaming Headset mit Mikrofon Turtle Beach TBS-2102-15</b>.<br><br><ul><li>Art: <ul><li>Gaming Headset mit Mikrofon</li><li>Kopfhörer mit Mikrofon</li></ul></li><li>Farbe: Weiß</li><li>Merkmale: <ul><li>Entzerrer</li><li>Wireless</li><li>Inklusive Installationsanleitung</li><li>Eingebaute Batterie</li>",Pop Pulse Emporium,https://cdnbigbuy.com/images/0731855021031_S71004479_P20.jpg,https://cdnbigbuy.com/images/0731855021031_S71004479_P00.jpg,https://cdnbigbuy.com/images/0731855021031_S71004479_P10.jpg,https://cdnbigbuy.com/images/0731855021031_S71004479_P30.jpg,169.95,5,NEW,23.8,20.1,9.6,0.62,4592.45,EUR,2,8,3
S0389479,0725125383042,de-AT,Gardening & DIY,Damensonnenbrille Michael Kors MK1115-10148G ø 56 mm,"Wenn Sie auf der Suche nach trendigen Neuheiten auf dem Markt sind, präsentieren wir Ihnen <b>Damensonnenbrille Michael Kors MK1115-10148G ø 56 mm</b>","Wenn Sie auf der Suche nach trendigen Neuheiten auf dem Markt sind, präsentieren wir Ihnen <b>Damensonnenbrille Michael Kors MK1115-10148G ø 56 mm</b>!<br><br><ul><li>Art: Damensonnenbrille</li><li>Geschlecht: Damen</li><li>Schutz: 100% Schutz vor UV (UV400)</li><li>Material der Linsen: Polycarbonat</li><li>Farbe: <ul><li>Schwarz</li><li>Grau</li></ul></li><li>Material: Azetat</li><li>Enthalten: Enthält Markenetui oder -hülle</li><li>Brücke: 19 mm</li><li>Bügel: 145 mm</li><li>Linsen: ø 56 mm</l",Pop Pulse Emporium,https://cdnbigbuy.com/images/0725125383042_S0389479_P00.jpg,https://cdnbigbuy.com/images/0725125383042_S0389479_P10.jpg,,,113.04,10,NEW,10.0,10.0,10.0,0.3,1000.0,EUR,2,8,3
S7276819,8430622790607,de-AT,Gardening & DIY,Damenuhr Lotus 18795/6,"Wenn Sie mit den neuesten Mode und Accessoire-Trends schritthalten wollen, kaufen Sie <b>Damenuhr Lotus 18795/6</b> zum besten Preis.<br><br><ul><li>G","Wenn Sie mit den neuesten Mode und Accessoire-Trends schritthalten wollen, kaufen Sie <b>Damenuhr Lotus 18795/6</b> zum besten Preis.<br><br><ul><li>Geschlecht: Damen</li><li>Extra Links: Kein</li><li>Typ der Uhr: Armbanduhr</li><li>Material des Armbands: Edelstahl</li><li>Material des Gehäuses: Edelstahl</li><li>Farbe: Silberfarben</li><li>Design: Damen</li><li>Durchmesser: 31 mm</li><li>Uhrwerk: Quarz</li></ul>",Pop Pulse Emporium,https://cdnbigbuy.com/images/8430622790607_R01.jpg,https://cdnbigbuy.com/images/75876_mandatory-watch1.jpg,https://cdnbigbuy.com/images/8430622790607_R11.jpg,,125.26,50,NEW,39.0,19.0,10.0,0.4,7410.0,EUR,2,8,3
S0384805,0194900274446,de-AT,Gardening & DIY,Damen Handtasche Michael Kors 35S1GTTC7L-POWDER-BLUSH Rosa 24 x 18 x 6 cm,Sind Sie modebewusst und begeistern sich für Accessoires? Wir bieten Ihnen <b>Damen Handtasche Michael Kors 35S1GTTC7L-POWDER-BLUSH Rosa 24 x 18 x 6 c,Sind Sie modebewusst und begeistern sich für Accessoires? Wir bieten Ihnen <b>Damen Handtasche Michael Kors 35S1GTTC7L-POWDER-BLUSH Rosa 24 x 18 x 6 cm</b> und ein breites Sortiment an modernen Handtaschen und Geldbeutel!<br><br><ul><li>Geschlecht: Damen</li><li>Art: Damen Handtasche</li><li>Farbe: Rosa</li><li>Material: Canvas-Stoff</li><li>Verschluss Armband: Reißverschluss</li><li>Enthalten: Enthält Markenetui oder -hülle</li><li>Maße ca.: 24 x 18 x 6 cm</li></ul>,Pop Pulse Emporium,https://cdnbigbuy.com/images/0194900274446_S0384805_P00.jpg,https://cdnbigbuy.com/images/0194900274446_S0384805_P20.jpg,https://cdnbigbuy.com/images/0194900274446_S0384805_P10.jpg,,198.75,5,NEW,25.0,25.0,7.0,0.4,4375.0,EUR,2,8,3
S7152230,3165140935630,de-AT,Gardening & DIY,Hydroreiniger BOSCH EasyAquatak 120 1500 W 120 bar 350 L/H,"Wenn Sie bei der Einrichtung ihres Heims Wert auf Details legen und bei Produkten, die Ihnen das Leben leichter machen, auf dem letzten Stand sein möc","Wenn Sie bei der Einrichtung ihres Heims Wert auf Details legen und bei Produkten, die Ihnen das Leben leichter machen, auf dem letzten Stand sein möchten, dann kaufen Sie <b>Hydroreiniger BOSCH EasyAquatak 120 1500 W 120 bar 350 L/H</b> zum besten Preis.<br><br><ul><li>Steckertyp: EU-Stecker</li><li>Steckbares Produkt: Ja</li><li>Leistung: 1500 W</li><li>Druck: 120 bar</li><li>Enthalten: <ul><li>Zubehör</li><li>Lanze</li></ul></li><li>Rohrlänge: 3 m</li><li>Wasserdurchfluss: 350 L/H</li><li>Bat",Pop Pulse Emporium,https://cdnbigbuy.com/images/3165140935630_S7152230_P01.jpg,https://cdnbigbuy.com/images/3165140935630_S7152230_P11.jpg,https://cdnbigbuy.com/images/3165140935630_S7152230_P51.jpg,https://cdnbigbuy.com/images/3165140935630_S7152230_P31.jpg,162.32,22,NEW,39.6,37.0,19.8,6.24,29010.96,EUR,2,8,3
S8901370,0081483808260,de-AT,Gardening & DIY,Table Klapptisch Lifetime Weiß Stahl Kunststoff 183 x 91 x 76 cm,"<p>Wenn Sie Ihrem Zuhause einen Hauch von Originalität verleihen möchten, tun Sie dies mit <b>Table Klapptisch Lifetime Weiß Stahl Kunststoff 183 x 91","<p>Wenn Sie Ihrem Zuhause einen Hauch von Originalität verleihen möchten, tun Sie dies mit <b>Table Klapptisch Lifetime Weiß Stahl Kunststoff 183 x 91 x 76 cm</b>.</p><br><br><ul><li>Art: Tisch</li><li>Kapazität: 6 menschen</li><li>Farbe: Weiß</li><li>Merkmale: Einstellbare Höhe</li><li>Material: <ul><li>Stahl</li><li>Kunststoff</li></ul></li><li>Maße ca.: 183 x 91 x 76 cm</li></ul>",Pop Pulse Emporium,https://cdnbigbuy.com/images/0081483808260_S8901370_P02.jpg,https://cdnbigbuy.com/images/0081483808260_S8901370_P52.jpg,https://cdnbigbuy.com/images/0081483808260_S8901370_P12.jpg,https://cdnbigbuy.com/images/0081483808260_S8901370_P22.jpg,103.24,50,NEW,184.0,79.0,7.0,20.0,101752.0,EUR,2,8,3
S0389940,0197853426931,de-AT,Gardening & DIY,Handtasche Michael Kors 35S5GTVW3I-LUGGAGE,"Wenn Sie auf der Suche nach trendigen Neuheiten auf dem Markt sind, präsentieren wir Ihnen <b>Handtasche Michael Kors 35S5GTVW3I-LUGGAGE</b>!<br><br><","Wenn Sie auf der Suche nach trendigen Neuheiten auf dem Markt sind, präsentieren wir Ihnen <b>Handtasche Michael Kors 35S5GTVW3I-LUGGAGE</b>!<br><br><ul><li>Art: Handtasche</li><li>Geschlecht: Damen</li><li>Farbe: Schwarz</li><li>Material: Haut</li><li>Verschluss Armband: Reißverschluss</li><li>Enthalten: Enthält Markenetui oder -hülle</li><li>Maße ca.: 25 x 14 x 1 cm</li></ul>",Pop Pulse Emporium,https://cdnbigbuy.com/images/0197853426931_S0389940_P00.jpg,https://cdnbigbuy.com/images/0197853426931_S0389940_P10.jpg,https://cdnbigbuy.com/images/0197853426931_S0389940_P20.jpg,,105.57,5,NEW,10.0,10.0,10.0,0.3,1000.0,EUR,2,8,3
S71013653,4061275233421,de-AT,Gardening & DIY,"Monitor Medion MD20127 Full HD 27""","Wenn Sie auf der Suche nach trendigen Neuheiten auf dem Markt sind, präsentieren wir Ihnen <b>Monitor Medion MD20127 Full HD 27""</b>!<br><br><ul><li>A","Wenn Sie auf der Suche nach trendigen Neuheiten auf dem Markt sind, präsentieren wir Ihnen <b>Monitor Medion MD20127 Full HD 27""</b>!<br><br><ul><li>Art: Monitor</li><li>Steckbares Produkt: Ja</li><li>Steckertyp: EU-Stecker</li><li>Diagonale des Bildschirms (cm): 68,6 cm</li><li>Bildschirm: 27""</li><li>Farbe: Grau</li><li>Reaktionszeit: <ul><li>1 ms</li><li>5 ms</li></ul></li><li>Glanz: 300 cd/m²</li><li>Energieklassifizierung: E</li><li>Auflösung: Full HD</li><li>Seitenverhältnis: 16:9</li><li>",Pop Pulse Emporium,https://cdnbigbuy.com/images/4061275233421_S71013653_P00.jpg,https://cdnbigbuy.com/images/4061275233421_S71013653_P10.jpg,https://cdnbigbuy.com/images/4061275233421_S71013653_P20.jpg,https://cdnbigbuy.com/images/4061275233421_S71013653_P30.jpg,169.91,25,NEW,48.32,42.32,42.31,7.11,86519.82,EUR,2,8,3
S0367132,0196163096162,de-AT,Gardening & DIY,Lässiger Rucksack Michael Kors 35S2G8TB2L-LUGGAGE Braun 30 x 22 x 11 cm,"Wenn Sie Ihren Kleiderschrank erneuern möchten, empfehlen wir Ihnen <b>Lässiger Rucksack Michael Kors 35S2G8TB2L-LUGGAGE Braun 30 x 22 x 11 cm</b> und","Wenn Sie Ihren Kleiderschrank erneuern möchten, empfehlen wir Ihnen <b>Lässiger Rucksack Michael Kors 35S2G8TB2L-LUGGAGE Braun 30 x 22 x 11 cm</b> und weitere <b> Produkte von Michael Kors</b>! Jetzt für Sie die beste Qualität zum besten Preis!<br><br><ul><li>Art: Lässiger Rucksack</li><li>Geschlecht: Damen</li><li>Farbe: Braun</li><li>Material: Haut</li><li>Verschluss Armband: Reißverschluss</li><li>Maße ca.: 30 x 22 x 11 cm</li></ul>",Pop Pulse Emporium,https://cdnbigbuy.com/images/0196163096162_S0367132_P01.jpg,https://cdnbigbuy.com/images/0196163096162_S0367132_P11.jpg,,,191.36,49,NEW,10.0,10.0,10.0,0.3,1000.0,EUR,2,8,3
S0361941,0091661514784,de-AT,Gardening & DIY,Damenuhr Guess GW0047L2 (Ø 36 mm),"Wenn Sie mit den neuesten Mode und Accessoire-Trends schritthalten wollen, kaufen Sie <b>Damenuhr Guess GW0047L2 (Ø 36 mm)</b> zum besten Preis.<br><b","Wenn Sie mit den neuesten Mode und Accessoire-Trends schritthalten wollen, kaufen Sie <b>Damenuhr Guess GW0047L2 (Ø 36 mm)</b> zum besten Preis.<br><br><ul><li>Geschlecht: Damen</li><li>Extra Links: Kein</li><li>Typ der Uhr: Armbanduhr</li><li>Durchmesser: 36 mm</li><li>Material des Armbands: Edelstahl</li><li>Uhrengehäuse-Material: Edelstahl</li><li>Uhrwerk: Quarz</li><li>Kristall: Mineral</li><li>Wasserdicht: 3 atm</li><li>Enthalten: Inklusive Markenetui</li><li>Verschluss Armband: Faltschließ",Pop Pulse Emporium,https://cdnbigbuy.com/images/0091661514784_R0_WBG4.jpg,https://cdnbigbuy.com/images/0091661514784_S0361941_P0_WBG4.jpg,https://cdnbigbuy.com/images/0091661514784_S0361941_P1_WBG4.jpg,https://cdnbigbuy.com/images/58320_mandatory-watch4.jpg,101.81,50,NEW,32.0,19.0,10.0,0.4,6080.0,EUR,2,8,3
S7292906,7612901736389,de-AT,Gardening & DIY,Unisex-Uhr Breil EW0638 grün Silberfarben,"Wenn Sie mit den neuesten Mode und Accessoire-Trends schritthalten wollen, kaufen Sie <b>Unisex-Uhr Breil EW0638 grün Silberfarben</b> zum besten Prei","Wenn Sie mit den neuesten Mode und Accessoire-Trends schritthalten wollen, kaufen Sie <b>Unisex-Uhr Breil EW0638 grün Silberfarben</b> zum besten Preis.<br><br><ul><li>Geschlecht: Unisex</li><li>Typ der Uhr: <ul><li>Unisex-Uhr</li><li>Armbanduhr</li></ul></li><li>Extra Links: Kein</li><li>Art: Halsband</li><li>Material: Sterlingsilber 925</li><li>Funktionen: Stoppuhr</li><li>Enthalten: Enthält Markenetui oder -hülle</li><li>Wasserdicht: 10 atm</li><li>Kristall: Mineral</li><li>Uhrwerk: Quarz</li",Pop Pulse Emporium,https://cdnbigbuy.com/images/7612901736389_S7292906_P01.jpg,https://cdnbigbuy.com/images/7612901736389_S7292906_P11.jpg,https://cdnbigbuy.com/images/7612901736389_S7292906_P21.jpg,https://cdnbigbuy.com/images/91918_mandatory-watch1.jpg,145.64,1,NEW,9.57,10.24,10.0,0.33,979.97,EUR,2,8,3
M0503117,4977766682923,de-AT,Gardening & DIY,Druckertrommel Brother DR2200 Schwarz,"Wenn Sie sich leidenschaftlich mit <b>IT und Elektronik</b> beschäftigen, mit der Technologie auf dem neuesten Stand sein wollen und nicht einmal die ","Wenn Sie sich leidenschaftlich mit <b>IT und Elektronik</b> beschäftigen, mit der Technologie auf dem neuesten Stand sein wollen und nicht einmal die winzigsten Einzelheiten auslassen, kaufen Sie <b>Druckertrommel Brother DR2200 Schwarz</b>.<br><br><ul><li>Technologie: <ul><li>Láser</li><li>Laser</li></ul></li><li>Kapazität: 12000 pgs</li><li>Art: Trommel</li><li>Farbe: Schwarz</li><li>Anschlüsse: SATA</li><li>Merkmale: Original</li><li>Stromquelle: AC</li><li>Kerne: 1 Kern</li></ul>",Pop Pulse Emporium,https://cdnbigbuy.com/images/4977766682923_M0503117_P00.jpg,https://cdnbigbuy.com/images/4977766682923_A00.jpg,,,103.57,25,NEW,36.5,11.0,22.5,0.7,9033.75,EUR,2,8,3
S3707946,8033280123680,de-AT,Gardening & DIY,Seitenstütze für Rennsitz Sparco 4902 Schwarz Stahl (2 pcs),Statten Sie Ihr Fahrzeug mit den neuesten Produkten aus - kaufen Sie  <b>Seitenstütze für Rennsitz Sparco Schwarz Stahl (3 mm) (400 mm) (2 pcs)</b> un,Statten Sie Ihr Fahrzeug mit den neuesten Produkten aus - kaufen Sie  <b>Seitenstütze für Rennsitz Sparco Schwarz Stahl (3 mm) (400 mm) (2 pcs)</b> und verpassen Sie kein Detail!<br><ul><li>Farbe: Schwarz</li><li>Material: Stahl</li><li>Dicke: 3 mm</li><li>Lang: 400 mm</li><li>Stücke: 2 pcs</li><li>Enthalten: Montage-Kit</li><li>Merkmale: FIA genehmigt</li></ul>,Pop Pulse Emporium,https://cdnbigbuy.com/images/8033280123680_A01.jpg,,,,122.32,4,NEW,30.0,30.0,80.0,20.0,72000.0,EUR,2,8,3
S7914527,4003773066750,de-AT,Gardening & DIY,Schere Knipex 7172460 465 x 119 x 34 mm,"Wenn Sie bei der Einrichtung ihres Heims Wert auf Details legen und bei Produkten, die Ihnen das Leben leichter machen, auf dem letzten Stand sein möc","Wenn Sie bei der Einrichtung ihres Heims Wert auf Details legen und bei Produkten, die Ihnen das Leben leichter machen, auf dem letzten Stand sein möchten, dann kaufen Sie <b>Schere Knipex 7172460 465 x 119 x 34 mm</b> zum besten Preis.<br><br><ul><li>Art: <ul><li>Schere</li><li>Schneidemaschine</li></ul></li><li>Merkmale: Stoßdämpfer</li><li>Maße ca.: 465 x 119 x 34 mm</li></ul>",Pop Pulse Emporium,https://cdnbigbuy.com/images/4003773066750_R0_WBG1.jpg,https://cdnbigbuy.com/images/4003773066750_R7_WBG1.jpg,https://cdnbigbuy.com/images/4003773066750_R3_MKT1.jpg,https://cdnbigbuy.com/images/4003773066750_R11_MKT1.jpg,154.3,50,NEW,1.0,11.91,47.0,6.0,559.77,EUR,2,8,3
S7262697,0883663921345,de-AT,Gardening & DIY,Brillenfassung Zadig & Voltaire VZV120S500700,"Wenn Sie Ihren Kleiderschrank erneuern möchten, empfehlen wir Ihnen <b>Brillenfassung Zadig & Voltaire VZV120S500700</b> und weitere <b> Produkte von ","Wenn Sie Ihren Kleiderschrank erneuern möchten, empfehlen wir Ihnen <b>Brillenfassung Zadig & Voltaire VZV120S500700</b> und weitere <b> Produkte von Zadig & Voltaire</b>! Jetzt für Sie die beste Qualität zum besten Preis!<br><br><ul><li>Geschlecht: Damen</li><li>Enthalten: Inklusive Markenetui</li><li>Art: Brillenfassung</li><li>Material: Azetat</li><li>Brücke: 17 mm</li><li>Bügel: 140 mm</li><li>Merkmale: Gläser ohne Sehstärke</li></ul>",Pop Pulse Emporium,https://cdnbigbuy.com/images/0883663921345_S7262697_P01.jpg,,,,103.46,2,NEW,10.0,10.0,10.0,0.3,1000.0,EUR,2,8,3
S37113764,8000866103954,de-AT,Gardening & DIY,Kinderwagen Mickey Mouse CZ10395 Blau Biegsam,"Für unsere Kinder möchten wir Ihnen <b>Kinderwagen Mickey Mouse CZ10395 Blau Biegsam</b> vorstellen, perfekt für alle, die qualitativ hochwertige Prod","Für unsere Kinder möchten wir Ihnen <b>Kinderwagen Mickey Mouse CZ10395 Blau Biegsam</b> vorstellen, perfekt für alle, die qualitativ hochwertige Produkte für die Kleinsten suchen. Kaufen Sie <b>Mickey Mouse</b> und weitere Marken und Lizenzen zu den besten Preisen!<br><br><ul><li>Merkmale: <ul><li>Biegsam</li><li>Inklusive Haube.</li><li>Polsterung</li><li>Leichtgewicht</li><li>Mit Bremsen</li></ul></li><li>Eigenschaften: Windschutzsystem</li><li>Empfohlenes Alter: 6 - 36 Monate</li><li>Maximal",Pop Pulse Emporium,https://cdnbigbuy.com/images/8000866103954_S37113764_P01.jpg,https://cdnbigbuy.com/images/8000866103954_R21.jpg,https://cdnbigbuy.com/images/8000866103954_R31.jpg,https://cdnbigbuy.com/images/8000866103954_R41.jpg,175.74,1,NEW,10.0,50.0,80.0,3.0,40000.0,EUR,2,8,3
S7291367,8426880016320,de-AT,Gardening & DIY,Damenring Majorica 17218.01.1.917.010.1 17,"Wir präsentieren <b>Damenring Majorica 17218.01.1.917.010.1 17</b> und ein umfangreiches Sortiment von Ringen, Halsbändern, Armbändern, Ohrringen, usw","Wir präsentieren <b>Damenring Majorica 17218.01.1.917.010.1 17</b> und ein umfangreiches Sortiment von Ringen, Halsbändern, Armbändern, Ohrringen, usw. zu einem großartigen Preis. Erfahren Sie mehr über unsere exklusiven und eleganten Schmuck und Modeschmuck für jeden Geschmack und Stil.<br><br><ul><li>Größe: 17</li><li>Art: Ring</li><li>Geschlecht: Damen</li></ul>",Pop Pulse Emporium,https://cdnbigbuy.com/images/8426880016320_R01.jpg,https://cdnbigbuy.com/images/90379_mandatory-ring1.jpg,,,104.84,17,NEW,9.88,9.91,9.94,0.3,973.23,EUR,2,8,3
S37113861,8435682605649,de-AT,Gardening & DIY,"Schraubensatz OMP OMPS09971211 28 mm Lila M12 x 1,25","Statten Sie Ihr Fahrzeug mit den neuesten Produkten aus - kaufen Sie <b>Schraubensatz OMP OMPS09971211 28 mm Lila M12 x 1,25</b> und verpassen Sie kei","Statten Sie Ihr Fahrzeug mit den neuesten Produkten aus - kaufen Sie <b>Schraubensatz OMP OMPS09971211 28 mm Lila M12 x 1,25</b> und verpassen Sie kein Detail!<br><br><ul><li>Farbe: Lila</li><li>Schraube: M12 x 1,25</li><li>Länge: 28 mm</li><li>Art: DIN 12.9</li><li>Stück: 20 Stück</li><li>Material: Aluminium</li></ul>",Pop Pulse Emporium,https://cdnbigbuy.com/images/8435682605649_S37113861_P00.jpg,,,,141.6,4,NEW,5.0,5.0,5.0,1.0,125.0,EUR,2,8,3
S9106357,4030152028016,de-AT,Gardening & DIY,Aktenvernichter HP 2801 15 L,"Wenn Sie sich leidenschaftlich mit <b>IT und Elektronik</b> beschäftigen, mit der Technologie auf dem neuesten Stand sein wollen und nicht einmal die ","Wenn Sie sich leidenschaftlich mit <b>IT und Elektronik</b> beschäftigen, mit der Technologie auf dem neuesten Stand sein wollen und nicht einmal die winzigsten Einzelheiten auslassen, kaufen Sie <b>Aktenvernichter HP 2801 15 L</b>.<br><br><ul><li>Format: A4</li><li>Kapazität: <ul><li>15 L</li><li>8 Blatt</li></ul></li><li>Sicherheit: P-4</li><li>Blatt: 8 Blatt</li><li>Art: Zerkleinerer</li><li>Farbe: <ul><li>Hellgrau</li><li>Weiß</li></ul></li><li>Breite: 32 cm</li><li>Merkmale: <ul><li>Überhit",Pop Pulse Emporium,https://cdnbigbuy.com/images/B08TZJSB8D_R01.jpg,https://cdnbigbuy.com/images/B08TZJSB8D_R21.jpg,https://cdnbigbuy.com/images/B08TZJSB8D_R71.jpg,,119.32,8,NEW,33.6,19.1,37.6,5.05,24130.18,EUR,2,8,3
S72120296,4894816159870,de-AT,Gardening & DIY,Herrenuhr Timberland TDWGI0068402 Silberfarben,"Wenn Sie auf der Suche nach trendigen Neuheiten auf dem Markt sind, präsentieren wir Ihnen <b>Herrenuhr Timberland TDWGI0068402 Silberfarben</b>!<br><","Wenn Sie auf der Suche nach trendigen Neuheiten auf dem Markt sind, präsentieren wir Ihnen <b>Herrenuhr Timberland TDWGI0068402 Silberfarben</b>!<br><br><ul><li>Geschlecht: Herren</li><li>Extra Links: Kein</li><li>Typ der Uhr: Armbanduhr</li><li>Farbe des Bandes: Silberfarben</li></ul>",Pop Pulse Emporium,https://cdnbigbuy.com/images/4894816159870_S72120296_P00.jpg,https://cdnbigbuy.com/images/119308_mandatory-watch0.jpg,,,197.24,2,NEW,14.15,12.43,10.11,0.3,1778.19,EUR,2,8,3
S71013996,3032167404190,de-AT,Gardening & DIY,Dreirad Smoby Be Move Confort Rosa,"Für unsere Kinder möchten wir nur das Beste, und deshalb möchten wir Ihnen <b>Dreirad Smoby Be Move Confort Rosa</b> vorstellen, perfekt für alle, die","Für unsere Kinder möchten wir nur das Beste, und deshalb möchten wir Ihnen <b>Dreirad Smoby Be Move Confort Rosa</b> vorstellen, perfekt für alle, die qualitativ hochwertige Produkte für die Kleinsten suchen. Kaufen Sie <b>Smoby</b> zu den besten Preisen!<br><br><p>Das <b>Triciclo Be Move Confort Rosa</b> von Smoby ist ein <b>Triciclo</b>, der speziell für <b>Kinder ab 1 Jahr</b> entwickelt wurde und ideal ist, um ihre ersten Schritte beim Erlernen von Gleichgewicht und Mobilität zu begleiten. E",Pop Pulse Emporium,https://cdnbigbuy.com/images/3032167404190_S71013996_P00.jpg,https://cdnbigbuy.com/images/3032167404190_S2457077_P00.jpg,https://cdnbigbuy.com/images/3032167404190_R20.jpg,https://cdnbigbuy.com/images/3032167404190_S2457077_P70.jpg,102.53,10,NEW,60.0,44.0,24.0,4.76,63360.0,EUR,2,8,3
S0389679,0197853116719,de-AT,Gardening & DIY,Umhängetasche Michael Kors 32F4GJ6C8K-PALE-GOLD Gold 22 x 14 x 6 cm,"Wenn Sie auf der Suche nach trendigen Neuheiten auf dem Markt sind, präsentieren wir Ihnen <b>Umhängetasche Michael Kors 32F4GJ6C8K-PALE-GOLD Gold 22 ","Wenn Sie auf der Suche nach trendigen Neuheiten auf dem Markt sind, präsentieren wir Ihnen <b>Umhängetasche Michael Kors 32F4GJ6C8K-PALE-GOLD Gold 22 x 14 x 6 cm</b>!<br><br><ul><li>Art: Umhängetasche</li><li>Farbe: Gold</li><li>Material: Haut</li><li>Verschluss Armband: click</li><li>Enthalten: Enthält Markenetui oder -hülle</li><li>Maße ca.: 22 x 14 x 6 cm</li></ul>",Pop Pulse Emporium,https://cdnbigbuy.com/images/0197853116719_S0389679_P00.jpg,https://cdnbigbuy.com/images/0197853116719_S0389679_P20.jpg,https://cdnbigbuy.com/images/0197853116719_S0389679_P10.jpg,,141.12,10,NEW,10.0,10.0,10.0,0.3,1000.0,EUR,2,8,3
S7904617,8425998741322,de-AT,Gardening & DIY,Schlauch EDM 74132 74132 PVC Ø 25 mm (50 m),"Wenn Sie bei der Einrichtung ihres Heims Wert auf Details legen und bei Produkten, die Ihnen das Leben leichter machen, auf dem letzten Stand sein möc","Wenn Sie bei der Einrichtung ihres Heims Wert auf Details legen und bei Produkten, die Ihnen das Leben leichter machen, auf dem letzten Stand sein möchten, dann kaufen Sie <b>Schlauch EDM 74132 74132 PVC Ø 25 mm (50 m)</b> zum besten Preis.<br><br><ul><li>Durchmesser: Ø 25 mm</li><li>Art: Schlauch</li><li>Farbe: Gelb</li><li>Material: PVC</li><li>Merkmale: <ul><li>UV-beständig</li><li>Flexibel</li><li>Verstärkt</li><li>3 Schichten</li></ul></li><li>Länge: 50 m</li><li>Empfohlene verwendung: Land",Pop Pulse Emporium,https://cdnbigbuy.com/images/8425998741322_R03.jpg,https://cdnbigbuy.com/images/8425998741322_S7904617_P03.jpg,,,153.43,25,NEW,20.0,20.0,10.0,2.0,4000.0,EUR,2,8,3
S7248256,8430622618703,de-AT,Gardening & DIY,Herrenuhr Festina F16820/4,"Wenn Sie mit den neuesten Mode und Accessoire-Trends schritthalten wollen, kaufen Sie <b>Herrenuhr Festina F16820/4</b> zum besten Preis.<br><br><ul><","Wenn Sie mit den neuesten Mode und Accessoire-Trends schritthalten wollen, kaufen Sie <b>Herrenuhr Festina F16820/4</b> zum besten Preis.<br><br><ul><li>Geschlecht: Herren</li><li>Extra Links: Kein</li><li>Typ der Uhr: Armbanduhr</li></ul>",Pop Pulse Emporium,https://cdnbigbuy.com/images/8430622618703_S7248256_P02.jpg,https://cdnbigbuy.com/images/47420_mandatory-watch2.jpg,,,189.6,50,NEW,32.0,19.0,10.0,0.4,6080.0,EUR,2,8,3
S7296731,7626101887178,de-AT,Gardening & DIY,Schlüsselanhänger Guess JUBB04076JWYGWHS Gold,Statten Sie Ihr Fahrzeug mit den neuesten Produkten aus - kaufen Sie <b>Schlüsselanhänger Guess JUBB04076JWYGWHS Gold</b> und verpassen Sie kein Detai,Statten Sie Ihr Fahrzeug mit den neuesten Produkten aus - kaufen Sie <b>Schlüsselanhänger Guess JUBB04076JWYGWHS Gold</b> und verpassen Sie kein Detail!<br><br><ul><li>Farbe: Gold</li><li>Art: Schlüsselanhänger</li></ul>,Pop Pulse Emporium,https://cdnbigbuy.com/images/7626101887178_S7296731_P00.jpg,https://cdnbigbuy.com/images/7626101887178_R00.jpg,,,117.82,2,NEW,9.33,9.5,10.99,0.23,974.1,EUR,2,8,3
S0385049,0886895517089,de-AT,Gardening & DIY,Herrensonnenbrille Lanvin LNV620S-425 Ø 52 mm,"Wenn Sie gern die neusten Produkte aus <b>Fashion & Accessoires</b> tragen möchten, dann sind Accessoires, wie die <b>Herrensonnenbrille Lanvin LNV620","Wenn Sie gern die neusten Produkte aus <b>Fashion & Accessoires</b> tragen möchten, dann sind Accessoires, wie die <b>Herrensonnenbrille Lanvin LNV620S-425 Ø 52 mm</b> ein Muss, um Ihren Look abzurunden! Vertrauen Sie auf die Marken für <b>Sonnenbrillen</b>.<br><br><ul><li>Art: Herrensonnenbrille</li><li>Schutz: 100% Schutz vor UV (UV400)</li><li>Geschlecht: Herren</li><li>Material: <ul><li>Polycarbonat</li><li>Azetat</li></ul></li><li>Material der Linsen: Polycarbonat</li><li>Farbe: Blau</li><l",Pop Pulse Emporium,https://cdnbigbuy.com/images/0886895517089_S0385049_P01.jpg,https://cdnbigbuy.com/images/0886895517089_S0385049_P11.jpg,https://cdnbigbuy.com/images/0886895517089_S0385049_P21.jpg,,109.3,2,NEW,10.0,10.0,10.0,0.3,1000.0,EUR,2,8,3
S7250793,8433594190734,de-AT,Gardening & DIY,Damenuhr Lotus IC00347/18,"Wenn Sie mit den neuesten Mode und Accessoire-Trends schritthalten wollen, kaufen Sie <b>Damenuhr Lotus IC00347/18</b> zum besten Preis.<br><br><ul><l","Wenn Sie mit den neuesten Mode und Accessoire-Trends schritthalten wollen, kaufen Sie <b>Damenuhr Lotus IC00347/18</b> zum besten Preis.<br><br><ul><li>Geschlecht: Damen</li><li>Extra Links: Kein</li><li>Typ der Uhr: Armbanduhr</li></ul>",Pop Pulse Emporium,https://cdnbigbuy.com/images/8433594190734_R00.jpg,https://cdnbigbuy.com/images/8433594190734_R10.jpg,https://cdnbigbuy.com/images/49957_mandatory-watch0.jpg,,147.74,1,NEW,14.16,11.56,10.0,0.33,1636.9,EUR,2,8,3
S7248293,8430622761331,de-AT,Gardening & DIY,Herrenuhr Festina F20511/4,"Wenn Sie mit den neuesten Mode und Accessoire-Trends schritthalten wollen, kaufen Sie <b>Herrenuhr Festina F20511/4</b> zum besten Preis.<br><br><ul><","Wenn Sie mit den neuesten Mode und Accessoire-Trends schritthalten wollen, kaufen Sie <b>Herrenuhr Festina F20511/4</b> zum besten Preis.<br><br><ul><li>Geschlecht: Herren</li><li>Extra Links: Kein</li><li>Typ der Uhr: Armbanduhr</li></ul>",Pop Pulse Emporium,https://cdnbigbuy.com/images/8430622761331_S7248293_P01.jpg,https://cdnbigbuy.com/images/47457_mandatory-watch1.jpg,,,125.26,50,NEW,32.0,19.0,10.0,0.4,6080.0,EUR,2,8,3
S72120288,0726644113684,de-AT,Gardening & DIY,Unisex-Sonnenbrille Serengeti SS572004,"Wenn Sie auf der Suche nach trendigen Neuheiten auf dem Markt sind, präsentieren wir Ihnen <b>Unisex-Sonnenbrille Serengeti SS572004</b>!<br><br><ul><","Wenn Sie auf der Suche nach trendigen Neuheiten auf dem Markt sind, präsentieren wir Ihnen <b>Unisex-Sonnenbrille Serengeti SS572004</b>!<br><br><ul><li>Art: Unisex-Sonnenbrille</li><li>Schutz: 100% Schutz vor UV (UV400)</li><li>Geschlecht: Unisex</li></ul>",Pop Pulse Emporium,https://cdnbigbuy.com/images/0726644113684_S72120288_P00.jpg,https://cdnbigbuy.com/images/0726644113684_S72120288_P10.jpg,https://cdnbigbuy.com/images/0726644113684_S72120288_P20.jpg,,162.47,19,NEW,10.0,9.54,10.2,0.23,973.08,EUR,2,8,3
S77204390,8806095630533,de-AT,Gardening & DIY,Uhrband Samsung WATCH ULTRA,"Wenn Sie sich leidenschaftlich mit <b>IT und Elektronik</b> beschäftigen, mit der Technologie auf dem neuesten Stand sein wollen und nicht einmal die ","Wenn Sie sich leidenschaftlich mit <b>IT und Elektronik</b> beschäftigen, mit der Technologie auf dem neuesten Stand sein wollen und nicht einmal die winzigsten Einzelheiten auslassen, kaufen Sie <b>Uhrband Samsung WATCH ULTRA</b>.",Pop Pulse Emporium,https://cdnbigbuy.com/images/8806095630533_R20.jpg,https://cdnbigbuy.com/images/8806095630533_R00.jpg,https://cdnbigbuy.com/images/8806095630533_R10.jpg,https://cdnbigbuy.com/images/8806095630533_R30.jpg,104.43,25,NEW,18.0,5.0,1.5,0.04,135.0,EUR,2,8,3
S0374452,7613272332965,de-AT,Gardening & DIY,Damenuhr Olivia Burton OB16GD37 (Ø 34 mm),"Wenn Sie mit den neuesten Mode und Accessoire-Trends schritthalten wollen, kaufen Sie <b>Damenuhr Olivia Burton OB16GD37 (Ø 34 mm)</b> zum besten Prei","Wenn Sie mit den neuesten Mode und Accessoire-Trends schritthalten wollen, kaufen Sie <b>Damenuhr Olivia Burton OB16GD37 (Ø 34 mm)</b> zum besten Preis.<br><br><ul><li>Geschlecht: Damen</li><li>Extra Links: Kein</li><li>Typ der Uhr: Armbanduhr</li><li>Material des Armbands: Kunstleder</li><li>Uhrengehäuse-Material: Edelstahl</li><li>Uhrwerk: Quarz</li><li>Kristall: Mineral</li><li>Wasserdicht: 1 atm</li><li>Enthalten: Inklusive Markenetui</li><li>Verschluss Armband: Schließe</li><li>Farbe der Kr",Pop Pulse Emporium,https://cdnbigbuy.com/images/7613272332965_S0374452_P01.jpg,https://cdnbigbuy.com/images/7613272332965_R21.jpg,https://cdnbigbuy.com/images/7613272332965_R31.jpg,https://cdnbigbuy.com/images/70815_mandatory-watch1.jpg,122.4,5,NEW,32.0,19.0,10.0,0.4,6080.0,EUR,2,8,3
S0374532,7613272309462,de-AT,Gardening & DIY,Damenuhr Olivia Burton OB16SP20 (Ø 34 mm),"Wenn Sie mit den neuesten Mode und Accessoire-Trends schritthalten wollen, kaufen Sie <b>Damenuhr Olivia Burton OB16SP20 (Ø 34 mm)</b> zum besten Prei","Wenn Sie mit den neuesten Mode und Accessoire-Trends schritthalten wollen, kaufen Sie <b>Damenuhr Olivia Burton OB16SP20 (Ø 34 mm)</b> zum besten Preis.<br><br><ul><li>Geschlecht: Damen</li><li>Extra Links: Kein</li><li>Typ der Uhr: Armbanduhr</li><li>Material des Armbands: Kunstleder</li><li>Uhrengehäuse-Material: Edelstahl</li><li>Uhrwerk: Quarz</li><li>Kristall: Mineral</li><li>Wasserdicht: 1 atm</li><li>Enthalten: Inklusive Markenetui</li><li>Verschluss Armband: Schließe</li><li>Farbe der Kr",Pop Pulse Emporium,https://cdnbigbuy.com/images/7613272309462_R01.jpg,https://cdnbigbuy.com/images/7613272309462_S0374532_P01.jpg,https://cdnbigbuy.com/images/7613272309462_R11.jpg,https://cdnbigbuy.com/images/7613272309462_R21.jpg,128.01,5,NEW,32.0,19.0,10.0,0.4,6080.0,EUR,2,8,3
S7913504,8033280277277,de-AT,Gardening & DIY,Sicherheits-Schuhe Sparco Nitro NRGR S3 SRC Schwarz (48),Statten Sie Ihr Fahrzeug mit den neuesten Produkten aus - kaufen Sie <b>Sicherheits-Schuhe Sparco Nitro NRGR S3 SRC Schwarz (48)</b> und verpassen Sie,Statten Sie Ihr Fahrzeug mit den neuesten Produkten aus - kaufen Sie <b>Sicherheits-Schuhe Sparco Nitro NRGR S3 SRC Schwarz (48)</b> und verpassen Sie kein Detail!<br><br><ul><li>Vorfuß: Zusammengesetzt</li><li>Merkmale: <ul><li>S3 SRC</li><li>Wasserfest</li><li>Flexibel</li><li>Abriebfest</li></ul></li><li>Farbe: <ul><li>Schwarz</li><li>Grau</li></ul></li><li>Art: Sicherheits-Schuhe</li><li>Größe: 48</li></ul>,Pop Pulse Emporium,https://cdnbigbuy.com/images/8033280277277_S7913504_P01.jpg,https://cdnbigbuy.com/images/8033280277277_R11.jpg,https://cdnbigbuy.com/images/8033280277277_R21.jpg,https://cdnbigbuy.com/images/8033280277277_R31.jpg,107.33,2,NEW,12.5,19.0,34.0,0.16,8075.0,EUR,2,8,3
S37115974,5998167710854,de-AT,Gardening & DIY,Armlehne Armster FORD TRANSIT CONNECT 2018 Ökologisches Leder,Statten Sie Ihr Fahrzeug mit den neuesten Produkten aus - kaufen Sie <b>Armlehne Armster FORD TRANSIT CONNECT 2018 Ökologisches Leder</b> und verpasse,"Statten Sie Ihr Fahrzeug mit den neuesten Produkten aus - kaufen Sie <b>Armlehne Armster FORD TRANSIT CONNECT 2018 Ökologisches Leder</b> und verpassen Sie kein Detail!<br><br><p>Der <b>Armster Armlehne für Ford Transit Connect 2018</b> ist ein Zubehörteil, das die Ergonomie und den Komfort im Fahrzeuginneren verbessert und als <b>Premium-Alternative zur serienmäßigen Armlehne</b> dient, die oft einfacher und weniger bequem ist. Diese <b>schwarze Mittelarmlehne</b> wird direkt am Sitz montiert u",Pop Pulse Emporium,https://cdnbigbuy.com/images/5998167710854_S37115974_P00.jpg,https://cdnbigbuy.com/images/5998167710854_S37115974_P10.jpg,https://cdnbigbuy.com/images/5998167710854_S37115974_P20.jpg,https://cdnbigbuy.com/images/5998167710854_S37115974_P30.jpg,127.27,2,NEW,35.0,25.0,25.0,8.0,21875.0,EUR,2,8,3
S9124171,8719706028301,de-AT,Gardening & DIY,"Festplatte Seagate SkyHawk 3,5"" 6000 GB 6 TB","Wenn Sie sich leidenschaftlich mit <b>IT und Elektronik</b> beschäftigen, mit der Technologie auf dem neuesten Stand sein wollen und nicht einmal die ","Wenn Sie sich leidenschaftlich mit <b>IT und Elektronik</b> beschäftigen, mit der Technologie auf dem neuesten Stand sein wollen und nicht einmal die winzigsten Einzelheiten auslassen, kaufen Sie <b>Festplatte Seagate SkyHawk 3,5"" 6000 GB 6 TB</b>.<br><br><ul><li>Format: 3,5""</li><li>Anschlüsse: Sata III</li><li>Geschwindigkeit: <ul><li>180 MB/S</li><li>6 Gbps</li></ul></li><li>Festplatte: 6 TB</li><li>Datenübertragung: 6 Gbit/s</li><li>Empfohlene verwendung: Desktop PC</li><li>Buffer: 256 MB</l",Pop Pulse Emporium,https://cdnbigbuy.com/images/8719706028301_I01.jpg,https://cdnbigbuy.com/images/8719706028301_I11.jpg,,,179.89,50,NEW,2.4,14.6,10.2,0.62,357.41,EUR,2,8,3
S55104908,4023125027383,de-AT,Gardening & DIY,WLAN-Verstärker Fritz! 20002738,"Wenn Sie sich leidenschaftlich mit <b>IT und Elektronik</b> beschäftigen, mit der Technologie auf dem neuesten Stand sein wollen und nicht einmal die ","Wenn Sie sich leidenschaftlich mit <b>IT und Elektronik</b> beschäftigen, mit der Technologie auf dem neuesten Stand sein wollen und nicht einmal die winzigsten Einzelheiten auslassen, kaufen Sie <b>WLAN-Verstärker Fritz! 20002738</b>.<br><br><ul><li>Art: <ul><li>WLAN-Repeater</li><li>WLAN-Verstärker</li></ul></li><li>Steckbares Produkt: Ja</li><li>Steckertyp: <ul><li>EU-Stecker</li><li>Art C</li></ul></li><li>Anschlüsse: Ethernet LAN</li><li>Enthalten: RJ45-Kabel</li><li>Farbe: <ul><li>Weiß</li",Pop Pulse Emporium,https://cdnbigbuy.com/images/4023125027383_A04.jpg,https://cdnbigbuy.com/images/307647904.jpg,https://cdnbigbuy.com/images/307647944.jpg,https://cdnbigbuy.com/images/307648024.jpg,125.28,5,NEW,34.0,13.0,10.0,0.87,4420.0,EUR,2,8,3
S4309172,8412688550142,de-AT,Gardening & DIY,Koffer für die Kabine Real Madrid C.F. Marineblau 24'' 40 x 63 x 26 cm,Sind Sie modebewusst und begeistern sich für Accessoires? Wir bieten Ihnen <b>Koffer für die Kabine Real Madrid C.F. Marineblau 24'' 40 x 63 x 26 cm</,Sind Sie modebewusst und begeistern sich für Accessoires? Wir bieten Ihnen <b>Koffer für die Kabine Real Madrid C.F. Marineblau 24'' 40 x 63 x 26 cm</b> und ein breites Sortiment an modernen Handtaschen und Geldbeutel!<br><br><ul><li>Art: <ul><li>Trolley</li><li>Umhängetasche</li><li>Koffer</li></ul></li><li>Material: <ul><li>Polycarbonat</li><li>ABS</li><li>Polyester 300D</li></ul></li><li>Farbe: Marineblau</li><li>Format: 24''</li><li>Merkmale: <ul><li>Mit oberem Griff</li><li>Elastisches Befe,Pop Pulse Emporium,https://cdnbigbuy.com/images/8412688550142_S4309172_P10.jpg,https://cdnbigbuy.com/images/8412688550142_S4309172_P00.jpg,https://cdnbigbuy.com/images/8412688550142_S4309172_P20.jpg,https://cdnbigbuy.com/images/8412688550142_S4309172_P30.jpg,106.22,50,NEW,3.0,40.0,63.0,3.4,7560.0,EUR,2,8,3
S72117114,4894816160326,de-AT,Gardening & DIY,Herrenuhr Timberland TDWGA0068601 Braun,"Wenn Sie auf der Suche nach trendigen Neuheiten auf dem Markt sind, präsentieren wir Ihnen <b>Herrenuhr Timberland TDWGA0068601 Braun</b>!<br><br><p>D","Wenn Sie auf der Suche nach trendigen Neuheiten auf dem Markt sind, präsentieren wir Ihnen <b>Herrenuhr Timberland TDWGA0068601 Braun</b>!<br><br><p>Die <b>Timberland Armbanduhr Modell TDWGA0068601</b> ist für Männer gedacht, die ein funktionales Accessoire mit klassischem und vielseitigem Stil suchen. Das Design zeichnet sich durch ein elegantes <b>braunes Armband</b> aus, das sich leicht mit verschiedenen Kleidungsstilen kombinieren lässt, vom Freizeit- bis zum formellen Look. Die Uhr bietet e",Pop Pulse Emporium,https://cdnbigbuy.com/images/4894816160326_S72117114_P00.jpg,https://cdnbigbuy.com/images/4894816160326_S72117114_P20.jpg,https://cdnbigbuy.com/images/116126_mandatory-watch0.jpg,https://cdnbigbuy.com/images/4894816160326_S72117114_P10.jpg,189.53,2,NEW,14.15,12.43,10.11,0.3,1778.19,EUR,2,8,3
S0388419,7613272576925,de-AT,Gardening & DIY,Damenuhr Tommy Hilfiger 1782694 (Ø 36 mm),"Wenn Sie mit den neuesten Mode und Accessoire-Trends schritthalten wollen, kaufen Sie <b>Damenuhr Tommy Hilfiger 1782694 (Ø 36 mm)</b> zum besten Prei","Wenn Sie mit den neuesten Mode und Accessoire-Trends schritthalten wollen, kaufen Sie <b>Damenuhr Tommy Hilfiger 1782694 (Ø 36 mm)</b> zum besten Preis.<br><br><ul><li>Geschlecht: Damen</li><li>Extra Links: Kein</li><li>Typ der Uhr: Armbanduhr</li><li>Material des Armbands: Edelstahl</li><li>Farbe des Bandes: Gold</li><li>Farbe des Uhrengehäuses: Gold</li><li>Farbe der Krone: Weiß</li><li>Enthalten: Enthält Markenetui oder -hülle</li><li>Uhrwerk: Quarz</li><li>Uhrengehäuse-Material: Edelstahl</l",Pop Pulse Emporium,https://cdnbigbuy.com/images/7613272576925_S0388419_P00.jpg,https://cdnbigbuy.com/images/84778_mandatory-watch0.jpg,,,150.48,5,NEW,32.0,19.0,10.0,0.4,6080.0,EUR,2,8,3
S7291298,4894816091712,de-AT,Gardening & DIY,Herrenuhr Police PEWJK0004404 Silberfarben,"Wenn Sie mit den neuesten Mode und Accessoire-Trends schritthalten wollen, kaufen Sie <b>Herrenuhr Police PEWJK0004404 Silberfarben</b> zum besten Pre","Wenn Sie mit den neuesten Mode und Accessoire-Trends schritthalten wollen, kaufen Sie <b>Herrenuhr Police PEWJK0004404 Silberfarben</b> zum besten Preis.<br><br><ul><li>Geschlecht: Herren</li><li>Extra Links: Kein</li><li>Typ der Uhr: Armbanduhr</li><li>Material des Armbands: Edelstahl</li><li>Material des Gehäuses: Edelstahl</li><li>Farbe: Silberfarben</li><li>Farbe der Krone: Blau</li><li>Batteriebetrieben: 1 Litio Ion, incluidas</li></ul>",Pop Pulse Emporium,https://cdnbigbuy.com/images/4894816091712_R01.jpg,https://cdnbigbuy.com/images/4894816091712_R41.jpg,https://cdnbigbuy.com/images/90310_mandatory-watch1.jpg,https://cdnbigbuy.com/images/4894816091712_R11.jpg,188.97,1,NEW,14.15,12.43,10.11,0.3,1778.19,EUR,2,8,3
S7913523,8033280413880,de-AT,Gardening & DIY,Turnschuhe Sparco 0752747,"Wenn Sie auf der Suche nach trendigen Neuheiten auf dem Markt sind, präsentieren wir Ihnen <b>Turnschuhe Sparco 0752747</b>!<br><br><ul><li>Art: Turns","Wenn Sie auf der Suche nach trendigen Neuheiten auf dem Markt sind, präsentieren wir Ihnen <b>Turnschuhe Sparco 0752747</b>!<br><br><ul><li>Art: Turnschuhe</li><li>Farbe: <ul><li>Gelb</li><li>Schwarz</li></ul></li><li>Merkmale: S1P</li><li>Größe: 47</li></ul>",Pop Pulse Emporium,https://cdnbigbuy.com/images/8033280413880_R0_WBG3.jpg,,,,100.9,9,NEW,12.5,19.0,34.0,1.45,8075.0,EUR,2,8,3
S7295522,8055385054232,de-AT,Gardening & DIY,Smartwatch LIU JO SWLJ135,"Wenn Sie mit den neuesten Mode und Accessoire-Trends schritthalten wollen, kaufen Sie <b>Smartwatch LIU JO SWLJ135</b> zum besten Preis.<br><br><ul><l","Wenn Sie mit den neuesten Mode und Accessoire-Trends schritthalten wollen, kaufen Sie <b>Smartwatch LIU JO SWLJ135</b> zum besten Preis.<br><br><ul><li>Geschlecht: Damen</li><li>Art: Smartwatch</li><li>Typ der Uhr: Smartwatch</li><li>Steckbares Produkt: Ja</li><li>Steckertyp: EU-Stecker</li></ul>",Pop Pulse Emporium,https://cdnbigbuy.com/images/8055385054232_S7295522_P00.jpg,,,,124.85,1,NEW,11.49,10.93,10.1,0.19,1268.42,EUR,2,8,3
S0387819,4894816123260,de-AT,Gardening & DIY,Herrenuhr Police PEWJK0021505 (Ø 40 mm),"Wenn Sie mit den neuesten Mode und Accessoire-Trends schritthalten wollen, kaufen Sie <b>Herrenuhr Police PEWJK0021505 (Ø 40 mm)</b> zum besten Preis.","Wenn Sie mit den neuesten Mode und Accessoire-Trends schritthalten wollen, kaufen Sie <b>Herrenuhr Police PEWJK0021505 (Ø 40 mm)</b> zum besten Preis.<br><br><ul><li>Extra Links: Kein</li><li>Typ der Uhr: Armbanduhr</li><li>Batteriebetrieben: Ja</li><li>Material des Armbands: Edelstahl</li><li>Uhrengehäuse-Material: Edelstahl</li><li>Uhrwerk: Quarz</li><li>Kristall: Mineral</li><li>Wasserdicht: 5 atm</li><li>Enthalten: Enthält Markenetui oder -hülle</li><li>Verschluss Armband: Schmetterling</li>",Pop Pulse Emporium,https://cdnbigbuy.com/images/4894816123260_S0387819_P00.jpg,https://cdnbigbuy.com/images/4894816123260_S0387819_P10.jpg,https://cdnbigbuy.com/images/84178_mandatory-watch0.jpg,,107.43,8,NEW,32.0,19.0,10.0,0.4,6080.0,EUR,2,8,3
S7174627,4250366854717,de-AT,Gardening & DIY,Festnetztelefon Gigaset AS690A Trio Schwarz,"Wenn Sie sich leidenschaftlich mit <b>IT und Elektronik</b> beschäftigen, mit der Technologie auf dem neuesten Stand sein wollen und nicht einmal die ","Wenn Sie sich leidenschaftlich mit <b>IT und Elektronik</b> beschäftigen, mit der Technologie auf dem neuesten Stand sein wollen und nicht einmal die winzigsten Einzelheiten auslassen, kaufen Sie <b>Festnetztelefon Gigaset AS690A Trio Schwarz</b>.<br><br><ul><li>Art: <ul><li>Festnetztelefon</li><li>Schreibtisch</li><li>Kabelloses Telefon</li></ul></li><li>Kompatibel: Frankreich</li><li>Farbe: Schwarz</li><li>Merkmale: <ul><li>Hinterleuchtet</li><li>Wireless</li><li>Eingebaute Anzeige</li><li>Sic",Pop Pulse Emporium,https://cdnbigbuy.com/images/4250366854717_S7174627_P02.jpg,,,,136.18,2,NEW,20.6,24.7,11.1,0.91,5647.9,EUR,2,8,3
S37116172,5998167752168,de-AT,Gardening & DIY,Armlehne Armster SUZUKI SX4 S-CROSS 2015-2020 Stoff,Statten Sie Ihr Fahrzeug mit den neuesten Produkten aus - kaufen Sie <b>Armlehne Armster SUZUKI SX4 S-CROSS 2015-2020 Stoff</b> und verpassen Sie kein,"Statten Sie Ihr Fahrzeug mit den neuesten Produkten aus - kaufen Sie <b>Armlehne Armster SUZUKI SX4 S-CROSS 2015-2020 Stoff</b> und verpassen Sie kein Detail!<br><br><p>Der <b>Armster 3 Armlehne für Suzuki SX4 S-Cross 2015-2020</b> ist ein hochwertiges Zubehör, das speziell für die Mittelkonsole dieses Modells entwickelt wurde und eine <b>maßgeschneiderte Passform</b> bietet, die Ergonomie in Bezug auf Sitz, Lenkrad und Schalthebel berücksichtigt und maximalen Komfort beim Fahren gewährleistet. ",Pop Pulse Emporium,https://cdnbigbuy.com/images/5998167752168_S37116172_P00.jpg,https://cdnbigbuy.com/images/5998167752168_S37116172_P30.jpg,https://cdnbigbuy.com/images/5998167752168_S37116172_P40.jpg,https://cdnbigbuy.com/images/5998167752168_S37116172_P50.jpg,127.29,1,NEW,35.0,25.0,25.0,8.0,21875.0,EUR,2,8,3
S7250714,3608701047514,de-AT,Gardening & DIY,Damenuhr Nixon A327-3233,"Wenn Sie mit den neuesten Mode und Accessoire-Trends schritthalten wollen, kaufen Sie <b>Damenuhr Nixon A327-3233</b> zum besten Preis.<br><br><ul><li","Wenn Sie mit den neuesten Mode und Accessoire-Trends schritthalten wollen, kaufen Sie <b>Damenuhr Nixon A327-3233</b> zum besten Preis.<br><br><ul><li>Geschlecht: Damen</li><li>Extra Links: Kein</li><li>Typ der Uhr: Armbanduhr</li></ul>",Pop Pulse Emporium,https://cdnbigbuy.com/images/3608701047514_S7250714_P02.jpg,https://cdnbigbuy.com/images/49878_mandatory-watch2.jpg,,,178.66,1,NEW,39.0,19.0,10.0,0.4,7410.0,EUR,2,8,3
S77214274,4260557513279,de-AT,Gardening & DIY,Externe Festplatte Toshiba HDTX220ESCAA 2 TB Plattenspeicher,"Wenn Sie sich leidenschaftlich mit <b>IT und Elektronik</b> beschäftigen, mit der Technologie auf dem neuesten Stand sein wollen und nicht einmal die ","Wenn Sie sich leidenschaftlich mit <b>IT und Elektronik</b> beschäftigen, mit der Technologie auf dem neuesten Stand sein wollen und nicht einmal die winzigsten Einzelheiten auslassen, kaufen Sie <b>Externe Festplatte Toshiba HDTX220ESCAA 2 TB Plattenspeicher</b>.<br><br><ul><li>Ethernet: Kein</li><li>Festplatte: <ul><li>2 TB HDD</li><li>2 TB</li></ul></li><li>Geschwindigkeit: 5000 Mbit/s</li><li>Anschlüsse: <ul><li>USB 3.2</li><li>USB 3.2 Gen 1</li></ul></li><li>Farbe: Silberfarben</li><li>Gewi",Pop Pulse Emporium,https://cdnbigbuy.com/images/1026980450.jpg,https://cdnbigbuy.com/images/1026981980.jpg,https://cdnbigbuy.com/images/4260557513279_S77214274_P00.jpg,https://cdnbigbuy.com/images/1026981950.jpg,126.96,10,NEW,13.54,12.61,10.3,0.34,1758.62,EUR,2,8,3
S8435953,4899888799016,de-AT,Gardening & DIY,Heftklammern Apli 22/6-24/6 6 mm 10 Stücke (25 Stück),"Gehen Sie zurück ins Büro, ohne Details zu vergessen: Kaufen Sie <b>Heftklammern Apli 22/6-24/6 6 mm 10 Stücke (25 Stück)</b> und seien Sie der Neid I","Gehen Sie zurück ins Büro, ohne Details zu vergessen: Kaufen Sie <b>Heftklammern Apli 22/6-24/6 6 mm 10 Stücke (25 Stück)</b> und seien Sie der Neid Ihrer Kollegen!<br><br><ul><li>Art: Heftklammern</li><li>Farbe: Kupfer</li><li>Material: Kabel</li><li>Finish: Kupfer</li><li>Anzahl der Stücke: 10 Stücke</li><li>Stückzahl: 25 Stück</li><li>Heftklammern: 22/6-24/6</li><li>Kapazität: 30 Blatt</li><li>Maße ca.: 6 mm</li></ul>",Pop Pulse Emporium,https://cdnbigbuy.com/images/s8435953_p0_icon0.jpg,https://cdnbigbuy.com/images/S8435953_P00.jpg,,,103.46,5,NEW,12.62,8.64,10.29,0.5,1121.99,EUR,2,8,3
S77178711,0197029632685,de-AT,Gardening & DIY,Kopfhörer mit Mikrofon HP 783P1AA#ABB Schwarz,"Wenn Sie sich leidenschaftlich mit <b>IT und Elektronik</b> beschäftigen, mit der Technologie auf dem neuesten Stand sein wollen und nicht einmal die ","Wenn Sie sich leidenschaftlich mit <b>IT und Elektronik</b> beschäftigen, mit der Technologie auf dem neuesten Stand sein wollen und nicht einmal die winzigsten Einzelheiten auslassen, kaufen Sie <b>Kopfhörer mit Mikrofon HP 783P1AA#ABB Schwarz</b>.<br><br><ul><li>Art: <ul><li>Mobilteil</li><li>Diadem-Kopfhörer</li><li>Drahtgebunden</li><li>Kopfhörer mit Mikrofon</li><li>Kopfhörer</li></ul></li><li>Farbe: Schwarz</li><li>Merkmale: <ul><li>Lärmunterdrückung</li><li>Eingebautes Mikrofon</li></ul><",Pop Pulse Emporium,https://cdnbigbuy.com/images/0197029632685_S91101118_P00.jpg,,,,117.97,1,NEW,17.43,15.69,13.84,0.28,3784.92,EUR,2,8,3
S91121899,6923172570802,de-AT,Gardening & DIY,Videoüberwachungskamera Dahua IPC-HFW1439TL1-A-IL-0360B,"Wenn Sie auf der Suche nach trendigen Neuheiten auf dem Markt sind, präsentieren wir Ihnen <b>Videoüberwachungskamera Dahua IPC-HFW1439TL1-A-IL-0360B<","Wenn Sie auf der Suche nach trendigen Neuheiten auf dem Markt sind, präsentieren wir Ihnen <b>Videoüberwachungskamera Dahua IPC-HFW1439TL1-A-IL-0360B</b>!<br><br><ul><li>Art: <ul><li>Videokamera</li><li>IP-Sicherheitskamera</li></ul></li><li>Farbe: Weiß</li><li>Breite: 8 cm</li><li>Anschlüsse: Drahtgebunden</li><li>Funktionen: Nachtsicht</li><li>Kamera/Fotoapparat: 4 Mp</li><li>Auflösung: Full HD</li><li>IP-Klassifizierung: IP67</li><li>Auflösung (px): <ul><li>2560 x 1440 px</li><li>1280 x 720 p",Pop Pulse Emporium,https://cdnbigbuy.com/images/6923172570802_S91121899_P00.jpg,https://cdnbigbuy.com/images/6923172570802_S91121899_P10.jpg,,,109.68,5,NEW,11.0,11.5,24.0,0.46,3036.0,EUR,2,8,3
S7279336,8434103461567,de-AT,Gardening & DIY,Herrenuhr Watx & Colors WXCA4103,"Wenn Sie mit den neuesten Mode und Accessoire-Trends schritthalten wollen, kaufen Sie <b>Herrenuhr Watx & Colors WXCA4103</b> zum besten Preis.<br><br","Wenn Sie mit den neuesten Mode und Accessoire-Trends schritthalten wollen, kaufen Sie <b>Herrenuhr Watx & Colors WXCA4103</b> zum besten Preis.<br><br><ul><li>Nicht erhalten: Uhrband</li><li>Geschlecht: Herren</li><li>Extra Links: Kein</li><li>Typ der Uhr: Armbanduhr</li><li>Material des Gehäuses: Edelstahl</li></ul>",Pop Pulse Emporium,https://cdnbigbuy.com/images/8434103461567_S7279336_P01.jpg,https://cdnbigbuy.com/images/78393_mandatory-watch1.jpg,,,104.23,2,NEW,32.0,19.0,10.0,0.4,6080.0,EUR,2,8,3
S72117344,0697232904604,de-AT,Gardening & DIY,Damenanhänger Armani Exchange AXG0152710,"Wir präsentieren <b>Damenanhänger Armani Exchange AXG0152710</b> und ein umfangreiches Sortiment von Ringen, Halsbändern, Armbändern, Ohrringen, usw. ","Wir präsentieren <b>Damenanhänger Armani Exchange AXG0152710</b> und ein umfangreiches Sortiment von Ringen, Halsbändern, Armbändern, Ohrringen, usw. zu einem großartigen Preis. Erfahren Sie mehr über unsere exklusiven und eleganten Schmuck und Modeschmuck für jeden Geschmack und Stil.<br><br><ul><li>Art: <ul><li>Halsband</li><li>Damenanhänger</li></ul></li><li>Geschlecht: Damen</li></ul>",Pop Pulse Emporium,https://cdnbigbuy.com/images/0697232904604_S72117344_P00.jpg,,,,110.69,1,NEW,10.0,10.0,9.99,0.3,999.0,EUR,2,8,3
S9131814,4015672112766,de-AT,Gardening & DIY,Vernebler Omron C28P,Damit kleine Haushaltsunfälle Sie nicht unvorbereitet treffen! <b>Vernebler Omron C28P</b> dürfen in Ihrem <b>Verbandskasten nicht fehlen</b>!<br><br>,Damit kleine Haushaltsunfälle Sie nicht unvorbereitet treffen! <b>Vernebler Omron C28P</b> dürfen in Ihrem <b>Verbandskasten nicht fehlen</b>!<br><br><ul><li>Art: Vernebler</li><li>Enthalten: <ul><li>Zubehör</li><li>Benutzerhandbuch</li><li>AC-Adapter</li></ul></li><li>Empfohlenes Alter: Alle Altersgruppen</li><li>Stromquelle: Wechselstrom</li><li>Geräuschpegel: 55 dB</li><li>Farbe: Weiß</li><li>Merkmale: Praktisch und benutzerfreundlich</li></ul>,Pop Pulse Emporium,https://cdnbigbuy.com/images/4015672112766_S9131814_P00.jpg,https://cdnbigbuy.com/images/4015672112766_S9131814_P40.jpg,https://cdnbigbuy.com/images/4015672112766_S9131814_P10.jpg,https://cdnbigbuy.com/images/4015672112766_S9131814_P20.jpg,110.84,4,NEW,10.0,20.0,10.0,1.95,2000.0,EUR,2,8,3
S0346710,0091661476624,de-AT,Gardening & DIY,Herrenuhr Guess W1047G2 (Ø 46 mm),"Wenn Sie mit den neuesten Mode und Accessoire-Trends schritthalten wollen, kaufen Sie <b>Herrenuhr Guess W1047G2 (Ø 46 mm)</b> zum besten Preis.<br><b","Wenn Sie mit den neuesten Mode und Accessoire-Trends schritthalten wollen, kaufen Sie <b>Herrenuhr Guess W1047G2 (Ø 46 mm)</b> zum besten Preis.<br><br><ul><li>Geschlecht: Herren</li><li>Typ der Uhr: Armbanduhr</li><li>Extra Links: Kein</li><li>Material des Armbands: Kautschuk</li><li>Uhrengehäuse-Material: Edelstahl</li><li>Uhrwerk: Quarz</li><li>Kristall: Mineral</li><li>Wasserdicht: 10 atm</li><li>Enthalten: Inklusive Markenetui</li><li>Verschluss Armband: Schließe</li><li>Farbe der Krone: Bl",Pop Pulse Emporium,https://cdnbigbuy.com/images/0091661476624_S0346710_P02.jpg,https://cdnbigbuy.com/images/43069_mandatory-watch2.jpg,,,129.89,8,NEW,32.0,19.0,10.0,0.4,6080.0,EUR,2,8,3
S72112225,8050506115052,de-AT,Gardening & DIY,Unisex-Armreif Poet Talent Jewels TJA-3-12-02-2-235 Schwarz,"Wir präsentieren <b>Unisex-Armreif Poet Talent Jewels TJA-3-12-02-2-235 Schwarz</b> und ein umfangreiches Sortiment von Ringen, Halsbändern, Armbänder","Wir präsentieren <b>Unisex-Armreif Poet Talent Jewels TJA-3-12-02-2-235 Schwarz</b> und ein umfangreiches Sortiment von Ringen, Halsbändern, Armbändern, Ohrringen, usw. zu einem großartigen Preis. Erfahren Sie mehr über unsere exklusiven und eleganten Schmuck und Modeschmuck für jeden Geschmack und Stil.<br><br><p>Das <b>unisex Armband TJA-3-12-02-2-235</b> von <b>Talent Jewels</b> ist ein vielseitiges Accessoire, das schlichtes Design und Funktionalität für jeden Stil vereint. Gefertigt mit ein",Pop Pulse Emporium,https://cdnbigbuy.com/images/S72112225_1754378397-remove-background0.jpg,https://cdnbigbuy.com/images/8050506115052_S72112225_P00.jpg,,,134.19,25,NEW,10.0,9.99,10.0,0.3,999.0,EUR,2,8,3
M0113847,3274872441057,de-AT,Gardening & DIY,Herrenparfüm Givenchy,"<p>Lassen Sie das<strong> 100 % Original-Herrenparfüm Givenchy</strong> Sie &uuml;berraschen, und definieren Sie Ihre Pers&ouml;nlichkeit mit dem <str","<p>Lassen Sie das<strong> 100 % Original-Herrenparfüm Givenchy</strong> Sie &uuml;berraschen, und definieren Sie Ihre Pers&ouml;nlichkeit mit dem <strong>M&auml;nnerparfum</strong> mit einzigartigem, pers&ouml;nlichen Duft. Entdecken Sie die <strong>100 % Original-Produkte von Givenchy</strong>!</p><br><br><ul><li>Art: EDP (Eau de Parfum)</li><li>Geschlecht: Herren</li><li>Kapazität: 100 ml</li></ul>",Pop Pulse Emporium,https://cdnbigbuy.com/images/3274872441057_R00.jpg,,,,100.39,2,NEW,7.0,4.0,13.5,0.34,378.0,EUR,2,8,3
S72117351,8434103513266,de-AT,Gardening & DIY,Herrenuhr Lorus RX381AX9 Silberfarben,"Wenn Sie auf der Suche nach trendigen Neuheiten auf dem Markt sind, präsentieren wir Ihnen <b>Herrenuhr Lorus RX381AX9 Silberfarben</b>!<br><br><ul><l","Wenn Sie auf der Suche nach trendigen Neuheiten auf dem Markt sind, präsentieren wir Ihnen <b>Herrenuhr Lorus RX381AX9 Silberfarben</b>!<br><br><ul><li>Geschlecht: Herren</li><li>Extra Links: Kein</li><li>Typ der Uhr: Armbanduhr</li><li>Farbe des Bandes: Silberfarben</li></ul>",Pop Pulse Emporium,https://cdnbigbuy.com/images/8434103513266_S72117351_P00.jpg,https://cdnbigbuy.com/images/116363_mandatory-watch0.jpg,,,151.99,2,NEW,14.15,12.43,10.11,0.3,1778.19,EUR,2,8,3
S0391919,0197853282292,de-AT,Gardening & DIY,Umhängetasche Michael Kors Bradshaw Weiß 24 x 17 x 5 cm,Sind Sie modebewusst und begeistern sich für Accessoires? Wir bieten Ihnen <b>Umhängetasche Michael Kors Bradshaw Weiß 24 x 17 x 5 cm</b> und ein brei,"Sind Sie modebewusst und begeistern sich für Accessoires? Wir bieten Ihnen <b>Umhängetasche Michael Kors Bradshaw Weiß 24 x 17 x 5 cm</b> und ein breites Sortiment an modernen Handtaschen und Geldbeutel!<br><br><p>Die <b>Bradshaw Umhängetasche</b> von <b>Michael Kors</b> ist ein feminines Accessoire, das Stil und Funktionalität in einem kompakten Format vereint. Ihre <b>weiße Farbe</b> verleiht Helligkeit und Vielseitigkeit, sodass sie sich leicht mit verschiedenen Outfits und Anlässen kombinier",Pop Pulse Emporium,https://cdnbigbuy.com/images/0197853282292_S0391919_P00.jpg,https://cdnbigbuy.com/images/0197853282292_S0391919_P20.jpg,https://cdnbigbuy.com/images/0197853282292_S0391919_P10.jpg,,191.36,5,NEW,10.0,10.0,10.0,0.3,1000.0,EUR,2,8,3
S7138023,8719514291232,de-AT,Gardening & DIY,Smart Glühbirne Philips 8719514291232 Weiß F 11 W E27 806 lm (3 Stück),"<p>Wenn Sie Ihrem Zuhause einen Hauch von Originalität verleihen möchten, tun Sie dies mit <b>Smart Glühbirne Philips 8719514291232 Weiß F 11 W E27 80","<p>Wenn Sie Ihrem Zuhause einen Hauch von Originalität verleihen möchten, tun Sie dies mit <b>Smart Glühbirne Philips 8719514291232 Weiß F 11 W E27 806 lm (3 Stück)</b>.</p><br><br><ul><li>Enthalten: <ul><li>RJ45-Kabel</li><li>AC-Adapter</li></ul></li><li>Stück: 3 Stück</li><li>Farbe: Weiß</li><li>Merkmale: Einstellbar</li><li>Energieklassifizierung: F</li><li>Kappe: E27</li><li>Spannung: 240 V</li><li>Technologie: LED</li><li>Kompatibel: Amazon Alexa</li><li>Leistung: 11 W</li><li>Dauer: 25000 ",Pop Pulse Emporium,https://cdnbigbuy.com/images/8719514291232_R22.jpg,https://cdnbigbuy.com/images/8719514291232_R32.jpg,https://cdnbigbuy.com/images/8719514291232_R42.jpg,https://cdnbigbuy.com/images/8719514291232_R72.jpg,171.77,2,NEW,17.6,22.2,13.8,0.96,5391.94,EUR,2,8,3
S7276768,8430622613654,de-AT,Gardening & DIY,Herrenuhr Lotus 18163/2,"Wenn Sie mit den neuesten Mode und Accessoire-Trends schritthalten wollen, kaufen Sie <b>Herrenuhr Lotus 18163/2</b> zum besten Preis.<br><br><ul><li>","Wenn Sie mit den neuesten Mode und Accessoire-Trends schritthalten wollen, kaufen Sie <b>Herrenuhr Lotus 18163/2</b> zum besten Preis.<br><br><ul><li>Geschlecht: Herren</li><li>Extra Links: Kein</li><li>Typ der Uhr: Armbanduhr</li><li>Land/Region der Herstellung: China</li><li>Jahr: 2018</li><li>Material des Armbands: Edelstahl</li><li>Material des Gehäuses: Edelstahl</li><li>Farbe des Bandes: Blau</li><li>Farbe der Krone: Blau</li><li>Uhrwerk: Quarz</li></ul>",Pop Pulse Emporium,https://cdnbigbuy.com/images/S7276768_1698230364-no-background1.jpg,https://cdnbigbuy.com/images/8430622613654_S7276768_P01.jpg,https://cdnbigbuy.com/images/75825_mandatory-watch1.jpg,,169.98,50,NEW,14.15,12.43,10.11,0.3,1778.19,EUR,2,8,3
S37114898,8033280413118,de-AT,Gardening & DIY,Sicherheits-Schuhe Sparco Allroad-H Motegi Schwarz Gelb 43,"Wenn Ihnen Ihre Gesundheit am Herzen liegt und Sie Produkte haben möchten, die <b> Schutz und Wellness</b> bieten, dann kaufen Sie <b> Sicherheits-Sch","Wenn Ihnen Ihre Gesundheit am Herzen liegt und Sie Produkte haben möchten, die <b> Schutz und Wellness</b> bieten, dann kaufen Sie <b> Sicherheits-Schuhe Sparco Allroad-H Motegi Schwarz Gelb 43</b> und viele andere <b>Produkte von Sparco</b> zu den besten Preisen!<br><br><ul><li>Geschlecht: <ul><li>Unisex</li><li>Unisex-Erwachsene</li></ul></li><li>Empfohlenes Alter: Erwachsene</li><li>Farbe: <ul><li>Schwarz</li><li>Gelb</li></ul></li><li>Größe: 43</li><li>Material: <ul><li>Mikrofasern</li><li>N",Pop Pulse Emporium,https://cdnbigbuy.com/images/8033280413118_S37114898_P02.jpg,https://cdnbigbuy.com/images/8033280413118_R72.jpg,https://cdnbigbuy.com/images/8033280413118_R52.jpg,https://cdnbigbuy.com/images/8033280413118_R12.jpg,116.98,1,NEW,12.0,25.0,35.0,3.0,10500.0,EUR,2,8,3
S3724446,8050612234203,de-AT,Gardening & DIY,Helm-Funkausrüstung Stilo STIAE0103,Statten Sie Ihr Fahrzeug mit den neuesten Produkten aus - kaufen Sie <b>Helm-Funkausrüstung Stilo STIAE0103</b> und verpassen Sie kein Detail!<br><br>,"Statten Sie Ihr Fahrzeug mit den neuesten Produkten aus - kaufen Sie <b>Helm-Funkausrüstung Stilo STIAE0103</b> und verpassen Sie kein Detail!<br><br><ul><li>Kompatibel: <ul><li>Jethelm</li><li>Stilo WRC</li></ul></li><li>Enthalten: <ul><li>Kopfhörer</li><li>Mikrofon</li></ul></li><li>Anschlüsse: Jack 6,35 mm</li></ul>",Pop Pulse Emporium,https://cdnbigbuy.com/images/8050612234203_S3724446_P01.jpg,,,,167.99,2,NEW,50.0,50.0,40.0,5.0,100000.0,EUR,2,8,3
S9162207,5400520150486,de-AT,Gardening & DIY,Mehrzweckrucksack Gregory Citro 24 Schwarz,"Bleiben Sie in Form und entdecken Sie die neuesten Innovationen der Branche, um mit den besten Voraussetzungen Sport zu betreiben! Kaufen Sie <b>Mehrz","Bleiben Sie in Form und entdecken Sie die neuesten Innovationen der Branche, um mit den besten Voraussetzungen Sport zu betreiben! Kaufen Sie <b>Mehrzweckrucksack Gregory Citro 24 Schwarz</b> zum besten Preis und genießen Sie ein gesundes Leben!<br><br><ul><li>Art: Mehrzweckrucksack</li><li>Farbe: Schwarz</li><li>Material: <ul><li>Polyester</li><li>Stahl</li><li>Nylon</li></ul></li><li>Breite: 28 cm</li><li>Merkmale: Belüftungssystem</li><li>groß: 52 cm</li><li>Kapazität: 24 L</li><li>Maße ca.: ",Pop Pulse Emporium,https://cdnbigbuy.com/images/5400520150486_S9162207_P00.jpg,https://cdnbigbuy.com/images/5400520150486_S9162207_P10.jpg,,,142.77,1,NEW,30.0,13.0,55.0,1.0,21450.0,EUR,2,8,3
S77204127,0766907025682,de-AT,Gardening & DIY,"Monitor ViewSonic VA2408-HDJ 23,8"" Full HD 100 Hz","Wenn Sie sich leidenschaftlich mit <b>IT und Elektronik</b> beschäftigen, mit der Technologie auf dem neuesten Stand sein wollen und nicht einmal die ","Wenn Sie sich leidenschaftlich mit <b>IT und Elektronik</b> beschäftigen, mit der Technologie auf dem neuesten Stand sein wollen und nicht einmal die winzigsten Einzelheiten auslassen, kaufen Sie <b>Monitor ViewSonic VA2408-HDJ 23,8"" Full HD 100 Hz</b>.<br><br><ul><li>Farbe: Schwarz</li><li>Anschlüsse: <ul><li>DisplayPort 1.2</li><li>VGA D-sub</li><li>HDMI</li><li>VGA</li><li>Jack 3.5 mm</li><li>HDMI 1.4</li><li>DisplayPort x 1</li></ul></li><li>Auflösung (px): 1920 x 1080 px</li><li>Steckbares ",Pop Pulse Emporium,https://cdnbigbuy.com/images/0766907025682_S77204127_P00.jpg,https://cdnbigbuy.com/images/S77204127_0766907025682_EE0.jpg,https://cdnbigbuy.com/images/0766907025682_s77204127_p0_icon0.jpg,https://cdnbigbuy.com/images/S77204127_0766907025682_P10.jpg,181.76,10,NEW,21.0,75.0,51.0,8.17,80325.0,EUR,2,8,3
S7196868,6941057420479,de-AT,Gardening & DIY,Salzchlorierungssystem Intex,"Mit diesen Vorschlägen, die Jung und Alt begeistern werden, ist der Sommerspaß garantiert! Kaufen Sie <b>Salzchlorierungssystem Intex</b>] und genieße","Mit diesen Vorschlägen, die Jung und Alt begeistern werden, ist der Sommerspaß garantiert! Kaufen Sie <b>Salzchlorierungssystem Intex</b>] und genießen Sie Ihre Freizeit!<br><br><ul><li>Material: PVC</li><li>Spannung: 220-240 V</li><li>Steckbares Produkt: Ja</li><li>Maße ca.: 28 x 22 x 26,5 cm</li><li>Art: Salzchlorierungssystem</li><li>Wichtige informationen: Elektroprodukt für UK nicht geeignet</li><li>Steckertyp: EU-Stecker</li><li>Farbe: Weiß</li><li>Merkmale: <ul><li>Eingebaute Anzeige</li>",Pop Pulse Emporium,https://cdnbigbuy.com/images/6941057420479_S7196868_P00.jpg,https://cdnbigbuy.com/images/S7196868_9154_cropped0.jpg,https://cdnbigbuy.com/images/S7196868_9155_cropped0.jpg,https://cdnbigbuy.com/images/S7196868_9156_cropped0.jpg,122.69,5,NEW,32.6,26.0,27.2,3.44,23054.72,EUR,2,8,3
S72100312,8054704222406,de-AT,Gardening & DIY,Herrenarmreif Albert M. WSOX00213.S-MULTI,"Wir präsentieren <b>Herrenarmreif Albert M. WSOX00213.S-MULTI</b> und ein umfangreiches Sortiment von Ringen, Halsbändern, Armbändern, Ohrringen, usw.","Wir präsentieren <b>Herrenarmreif Albert M. WSOX00213.S-MULTI</b> und ein umfangreiches Sortiment von Ringen, Halsbändern, Armbändern, Ohrringen, usw. zu einem großartigen Preis. Erfahren Sie mehr über unsere exklusiven und eleganten Schmuck und Modeschmuck für jeden Geschmack und Stil.<br><br><ul><li>Art: <ul><li>Armreif</li><li>Herrenarmreif</li></ul></li><li>Geschlecht: Herren</li><li>Farbe: Blau</li></ul>",Pop Pulse Emporium,https://cdnbigbuy.com/images/8054704222406_S72100312_P00.jpg,https://cdnbigbuy.com/images/8054704222406_S72100312_P20.jpg,https://cdnbigbuy.com/images/8054704222406_S72100312_P10.jpg,,190.71,1,NEW,9.74,9.44,9.42,0.27,866.13,EUR,2,8,3
S7274810,8430622790546,de-AT,Gardening & DIY,Herrenuhr Festina F16823/A,"Wenn Sie mit den neuesten Mode und Accessoire-Trends schritthalten wollen, kaufen Sie <b>Herrenuhr Festina F16823/A</b> zum besten Preis.<br><br><ul><","Wenn Sie mit den neuesten Mode und Accessoire-Trends schritthalten wollen, kaufen Sie <b>Herrenuhr Festina F16823/A</b> zum besten Preis.<br><br><ul><li>Geschlecht: Herren</li><li>Extra Links: Kein</li><li>Typ der Uhr: Armbanduhr</li><li>Material des Armbands: Edelstahl</li><li>Material des Gehäuses: Edelstahl</li><li>Farbe der Krone: Blau</li><li>Uhrwerk: Quarz</li></ul>",Pop Pulse Emporium,https://cdnbigbuy.com/images/8430622790546_S7274810_P01.jpg,https://cdnbigbuy.com/images/73867_mandatory-watch1.jpg,,,158.83,50,NEW,32.0,19.0,10.0,0.4,6080.0,EUR,2,8,3
S55009978,0819472022683,de-AT,Gardening & DIY,"Tablet Compulocks 102AXSW 10,2"" Weiß","Wenn Sie sich leidenschaftlich mit <b>IT und Elektronik</b> beschäftigen, mit der Technologie auf dem neuesten Stand sein wollen und nicht einmal die ","Wenn Sie sich leidenschaftlich mit <b>IT und Elektronik</b> beschäftigen, mit der Technologie auf dem neuesten Stand sein wollen und nicht einmal die winzigsten Einzelheiten auslassen, kaufen Sie <b>Tablet Compulocks 102AXSW 10,2"" Weiß</b>.<br><br><ul><li>Steckbares Produkt: Ja</li><li>Steckertyp: EU-Stecker</li><li>Diagonale des Bildschirms (cm): <ul><li>25,9 cm</li><li>24,6 cm</li></ul></li><li>Art: Tastensperre</li><li>Enthalten: Schrauben</li><li>Bildschirm: 10,2""</li><li>Farbe: <ul><li>Weiß",Pop Pulse Emporium,https://cdnbigbuy.com/images/0819472022683_I00.jpg,,,,116.24,2,NEW,33.0,24.0,4.0,0.39,3168.0,EUR,2,8,3
S7922367,6941057408491,de-AT,Gardening & DIY,Schwimmbad Leiter Intex 28075          ,"Mit diesen Vorschlägen, die Jung und Alt begeistern werden, ist der Sommerspaß garantiert! Kaufen Sie <b>Schwimmbad Leiter Intex 28075          </b>] ","Mit diesen Vorschlägen, die Jung und Alt begeistern werden, ist der Sommerspaß garantiert! Kaufen Sie <b>Schwimmbad Leiter Intex 28075          </b>] und genießen Sie Ihre Freizeit!<br><br><ul><li>Material: <ul><li>37 % Polypropylen</li><li>59 % Stahl</li><li>3 % PVC</li><li>1 % Polyoxymethylen</li></ul></li><li>Steckbares Produkt: Kein</li><li>Max. unterstütztes Gewicht: 136 kg</li><li>Maße ca.: 107 cm</li><li>Merkmale: <ul><li>Rutschfeste Stufen</li><li>3 Stufen</li><li>Korrosionsbeständig</li",Pop Pulse Emporium,https://cdnbigbuy.com/images/6941057408491_S7922367_P01.jpg,https://cdnbigbuy.com/images/6941057408491_S7922367_P21.jpg,https://cdnbigbuy.com/images/6941057408491_S7922367_P31.jpg,https://cdnbigbuy.com/images/6941057408491_S7922367_P11.jpg,153.59,18,NEW,9.5,48.0,116.0,10.7,52896.0,EUR,2,8,3
S77211529,0745883890026,de-AT,Gardening & DIY,Kabelloses Ladegerät Belkin WIZ029VFWH Weiß,"Wenn Sie sich leidenschaftlich mit <b>IT und Elektronik</b> beschäftigen, mit der Technologie auf dem neuesten Stand sein wollen und nicht einmal die ","Wenn Sie sich leidenschaftlich mit <b>IT und Elektronik</b> beschäftigen, mit der Technologie auf dem neuesten Stand sein wollen und nicht einmal die winzigsten Einzelheiten auslassen, kaufen Sie <b>Kabelloses Ladegerät Belkin WIZ029VFWH Weiß</b>.<br><br><ul><li>Art: Kabelloses Ladegerät</li><li>Farbe: Weiß</li><li>Anschlüsse: USB-C</li><li>Leistung: 15 W</li><li>Stromquelle: USB</li><li>Länge des Kabels: 1,5 m</li><li>Merkmale: <ul><li>LED-Ladeanzeige</li><li>Schnelles und sicheres Laden</li><l",Pop Pulse Emporium,https://cdnbigbuy.com/images/0745883890026_I00.jpg,,,,164.69,10,NEW,5.8,18.4,15.8,0.69,1686.18,EUR,2,8,3
S7297837,0889214365422,de-AT,Gardening & DIY,Brillenfassung BMW BW5046-H 56012,"Wenn Sie Ihren Kleiderschrank erneuern möchten, empfehlen wir Ihnen <b>Brillenfassung BMW BW5046-H 56012</b> und weitere <b> Produkte von BMW</b>! Jet","Wenn Sie Ihren Kleiderschrank erneuern möchten, empfehlen wir Ihnen <b>Brillenfassung BMW BW5046-H 56012</b> und weitere <b> Produkte von BMW</b>! Jetzt für Sie die beste Qualität zum besten Preis!<br><br><ul><li>Geschlecht: Herren</li><li>Art: Brillenfassung</li><li>Merkmale: Gläser ohne Sehstärke</li></ul>",Pop Pulse Emporium,https://cdnbigbuy.com/images/0889214365422_S7297837_P00.jpg,https://cdnbigbuy.com/images/0889214365422_S7297837_P10.jpg,https://cdnbigbuy.com/images/0889214365422_S7297837_P20.jpg,,103.46,25,NEW,10.0,9.97,10.0,0.29,997.0,EUR,2,8,3
S7275097,8430622806209,de-AT,Gardening & DIY,Herrenuhr Festina F20623/2 Silberfarben,"Wenn Sie mit den neuesten Mode und Accessoire-Trends schritthalten wollen, kaufen Sie <b>Herrenuhr Festina F20623/2 Silberfarben</b> zum besten Preis.","Wenn Sie mit den neuesten Mode und Accessoire-Trends schritthalten wollen, kaufen Sie <b>Herrenuhr Festina F20623/2 Silberfarben</b> zum besten Preis.<br><br><ul><li>Geschlecht: Herren</li><li>Extra Links: Kein</li><li>Typ der Uhr: Armbanduhr</li><li>Material des Armbands: Edelstahl</li><li>Material des Gehäuses: Edelstahl</li><li>Farbe: Silberfarben</li><li>Typ der garantie: Vom hersteller</li><li>Farbe der Krone: Blau</li><li>Uhrwerk: Quarz</li></ul>",Pop Pulse Emporium,https://cdnbigbuy.com/images/8430622806209_S7275097_P01.jpg,https://cdnbigbuy.com/images/74154_mandatory-watch1.jpg,,,158.83,50,NEW,32.0,19.0,10.0,0.4,6080.0,EUR,2,8,3
S7287140,0889214050830,de-AT,Gardening & DIY,Brillenfassung Tods TO5219 57054,"Wenn Sie Ihren Kleiderschrank erneuern möchten, empfehlen wir Ihnen <b>Brillenfassung Tods TO5219 57054</b> und weitere <b> Produkte von Tods</b>! Jet","Wenn Sie Ihren Kleiderschrank erneuern möchten, empfehlen wir Ihnen <b>Brillenfassung Tods TO5219 57054</b> und weitere <b> Produkte von Tods</b>! Jetzt für Sie die beste Qualität zum besten Preis!<br><br><ul><li>Merkmale: Gläser ohne Sehstärke</li><li>Geschlecht: Herren</li><li>Art: Brillenfassung</li></ul>",Pop Pulse Emporium,https://cdnbigbuy.com/images/0889214050830_S7287140_P00.jpg,https://cdnbigbuy.com/images/0889214050830_S7287140_P20.jpg,https://cdnbigbuy.com/images/0889214050830_S7287140_P10.jpg,,101.05,1,NEW,10.33,9.92,9.83,0.3,1007.32,EUR,2,8,3
S37114941,8056690438922,de-AT,Gardening & DIY,Helm OMP Star Matte Hinterseite S,Statten Sie Ihr Fahrzeug mit den neuesten Produkten aus - kaufen Sie <b>Helm OMP Star Matte Hinterseite S</b> und verpassen Sie kein Detail!<br><br><u,Statten Sie Ihr Fahrzeug mit den neuesten Produkten aus - kaufen Sie <b>Helm OMP Star Matte Hinterseite S</b> und verpassen Sie kein Detail!<br><br><ul><li>Zertifikat: ECE 22.06</li><li>Farbe: Matte Hinterseite</li><li>Größe: S</li></ul>,Pop Pulse Emporium,https://cdnbigbuy.com/images/8056690438922_S37114941_P00.jpg,https://cdnbigbuy.com/images/114490_mandatory-motor0.jpg,,,118.02,2,NEW,50.0,50.0,40.0,5.0,100000.0,EUR,2,8,3
S72123141,4894327336692,de-AT,Gardening & DIY,Unisex-Sonnenbrille Yohji Yamamoto YY5020 56068,"Wenn Sie auf der Suche nach trendigen Neuheiten auf dem Markt sind, präsentieren wir Ihnen <b>Unisex-Sonnenbrille Yohji Yamamoto YY5020 56068</b>!<br>","Wenn Sie auf der Suche nach trendigen Neuheiten auf dem Markt sind, präsentieren wir Ihnen <b>Unisex-Sonnenbrille Yohji Yamamoto YY5020 56068</b>!<br><br><ul><li>Art: Unisex-Sonnenbrille</li><li>Schutz: 100% Schutz vor UV (UV400)</li><li>Geschlecht: Unisex</li></ul>",Pop Pulse Emporium,https://cdnbigbuy.com/images/4894327336692_S72123141_P00.jpg,https://cdnbigbuy.com/images/4894327336692_S72123141_P10.jpg,https://cdnbigbuy.com/images/4894327336692_S72123141_P20.jpg,,129.48,2,NEW,10.0,9.54,10.2,0.23,973.08,EUR,2,8,3
S7706940,5052178204662,de-AT,Gardening & DIY,Drucker-Etiketten Zebra 03400BK11045 Nicht zutreffend,"Wenn Sie sich leidenschaftlich mit <b>IT und Elektronik</b> beschäftigen, mit der Technologie auf dem neuesten Stand sein wollen und nicht einmal die ","Wenn Sie sich leidenschaftlich mit <b>IT und Elektronik</b> beschäftigen, mit der Technologie auf dem neuesten Stand sein wollen und nicht einmal die winzigsten Einzelheiten auslassen, kaufen Sie <b>Drucker-Etiketten Zebra 03400BK11045 Nicht zutreffend</b>.<br><br><ul><li>Art: Thermotransfer-Farbband</li><li>Farbe: Schwarz</li><li>Material: <ul><li>Harz</li><li>Wachs</li></ul></li><li>Stückzahl: 6 Stück</li></ul>",Pop Pulse Emporium,https://cdnbigbuy.com/images/5052178204662_R00.jpg,,,,146.64,2,NEW,26.0,17.5,13.0,3.53,5915.0,EUR,2,8,3
S72112267,8050506115120,de-AT,Gardening & DIY,Unisex-Armreif Writer Talent Jewels TJA-3-14-01-1-235 Silberfarben,"Wir präsentieren <b>Unisex-Armreif Writer Talent Jewels TJA-3-14-01-1-235 Silberfarben</b> und ein umfangreiches Sortiment von Ringen, Halsbändern, Ar","Wir präsentieren <b>Unisex-Armreif Writer Talent Jewels TJA-3-14-01-1-235 Silberfarben</b> und ein umfangreiches Sortiment von Ringen, Halsbändern, Armbändern, Ohrringen, usw. zu einem großartigen Preis. Erfahren Sie mehr über unsere exklusiven und eleganten Schmuck und Modeschmuck für jeden Geschmack und Stil.<br><br><p>Das <b>unisex Armband TJA-3-14-01-1-235</b> von <b>Talent Jewels</b> ist ein vielseitiges Accessoire, das sich jedem Stil und Geschlecht anpasst und Funktionalität mit Ästhetik ",Pop Pulse Emporium,https://cdnbigbuy.com/images/S72112267_1754378589-remove-background0.jpg,https://cdnbigbuy.com/images/8050506115120_S72112267_P00.jpg,,,114.06,25,NEW,10.0,9.99,10.0,0.3,999.0,EUR,2,8,3
S72118432,7628907242908,de-AT,Gardening & DIY,Herrenarmreif Guess JUMB05035JWSTDGS grün,"Wir präsentieren <b>Herrenarmreif Guess JUMB05035JWSTDGS grün</b> und ein umfangreiches Sortiment von Ringen, Halsbändern, Armbändern, Ohrringen, usw.","Wir präsentieren <b>Herrenarmreif Guess JUMB05035JWSTDGS grün</b> und ein umfangreiches Sortiment von Ringen, Halsbändern, Armbändern, Ohrringen, usw. zu einem großartigen Preis. Erfahren Sie mehr über unsere exklusiven und eleganten Schmuck und Modeschmuck für jeden Geschmack und Stil.<br><br><ul><li>Art: Armreif</li><li>Geschlecht: Herren</li><li>Farbe: grün</li></ul>",Pop Pulse Emporium,https://cdnbigbuy.com/images/7628907242908_S72118432_P00.jpg,,,,117.82,2,NEW,9.74,9.44,9.42,0.27,866.13,EUR,2,8,3
S7136238,0753759242176,de-AT,Gardening & DIY,Rückspiegel GARMIN Varia Radar RVR315,"Wenn Sie sich leidenschaftlich mit <b>IT und Elektronik</b> beschäftigen, mit der Technologie auf dem neuesten Stand sein wollen und nicht einmal die ","Wenn Sie sich leidenschaftlich mit <b>IT und Elektronik</b> beschäftigen, mit der Technologie auf dem neuesten Stand sein wollen und nicht einmal die winzigsten Einzelheiten auslassen, kaufen Sie <b>Rückspiegel GARMIN Varia Radar RVR315</b>.<br><br><ul><li>Typ der Uhr: Smartwatch</li><li>Steckbares Produkt: Ja</li><li>Steckertyp: EU-Stecker</li><li>Farbe: Schwarz</li></ul>",Pop Pulse Emporium,https://cdnbigbuy.com/images/0753759242176_S7136238_P0-v_10.jpg,https://cdnbigbuy.com/images/0753759242176_S7136238_P30.jpg,https://cdnbigbuy.com/images/0753759242176_S7136238_P00.jpg,https://cdnbigbuy.com/images/0753759242176_S7136238_P10.jpg,196.0,5,NEW,14.2,7.2,7.2,0.22,736.13,EUR,2,8,3
S7762553,5024442956409,de-AT,Gardening & DIY,Laptoptasche Targus TEB01 Schwarz,"Wenn Sie sich leidenschaftlich mit <b>IT und Elektronik</b> beschäftigen, mit der Technologie auf dem neuesten Stand sein wollen und nicht einmal die ","Wenn Sie sich leidenschaftlich mit <b>IT und Elektronik</b> beschäftigen, mit der Technologie auf dem neuesten Stand sein wollen und nicht einmal die winzigsten Einzelheiten auslassen, kaufen Sie <b>Laptoptasche Targus TEB01 Schwarz</b>.<br><br><p>Der <b>Campus Notebook Rucksack TEB01</b> der Marke <b>Targus</b> ist eine <b>Laptoptasche</b>, die eine praktische und funktionale Lösung für Studenten und Berufstätige mit aktivem Lebensstil bietet. Er besteht aus widerstandsfähigem <b>Nylonmaterial<",Pop Pulse Emporium,https://cdnbigbuy.com/images/7592990.jpg,https://cdnbigbuy.com/images/7593000.jpg,,,107.33,2,NEW,50.0,42.0,20.0,1.03,42000.0,EUR,2,8,3
M0511710,0848412014365,de-AT,Gardening & DIY,Fotopapier-Rolle HP,"Gehen Sie zurück ins Büro, ohne Details zu vergessen: Kaufen Sie <b>Fotopapier-Rolle HP</b> und seien Sie der Neid Ihrer Kollegen!<br><br><ul><li>Art:","Gehen Sie zurück ins Büro, ohne Details zu vergessen: Kaufen Sie <b>Fotopapier-Rolle HP</b> und seien Sie der Neid Ihrer Kollegen!<br><br><ul><li>Art: Plotter</li><li>Merkmale: Matter Finish</li><li>Blatt: 500 Blatt</li></ul>",Pop Pulse Emporium,https://cdnbigbuy.com/images/0848412014365_M0511710_P00.jpg,https://cdnbigbuy.com/images/0848412014365_R00.jpg,,,184.92,2,NEW,96.9,13.0,13.0,6.2,16376.1,EUR,2,8,3
S3709429,8033280325985,de-AT,Gardening & DIY,Rennstiefel Sparco S00126941NRAF Orange,"Wenn Sie Ihren Kleiderschrank erneuern möchten, empfehlen wir Ihnen <b>Rennstiefel Sparco K-POLE Orange (Größe 41)</b> und weitere <b> Produkte von Sp","Wenn Sie Ihren Kleiderschrank erneuern möchten, empfehlen wir Ihnen <b>Rennstiefel Sparco K-POLE Orange (Größe 41)</b> und weitere <b> Produkte von Sparco</b>! Jetzt für Sie die beste Qualität zum besten Preis!<br><ul><li>Farbe: <ul><li>Schwarz</li><li>Orange</li></ul></li><li>Größe: (Größe 41)</li></ul>",Pop Pulse Emporium,https://cdnbigbuy.com/images/8033280325985_A04.jpg,https://cdnbigbuy.com/images/8033280325985_S3709429_P14.jpg,https://cdnbigbuy.com/images/9430_mandatory-motor4.jpg,,108.96,2,NEW,12.0,25.0,35.0,3.0,10500.0,EUR,2,8,3
S7276631,8430622791444,de-AT,Gardening & DIY,Herrenuhr Lotus 18837/2,"Wenn Sie mit den neuesten Mode und Accessoire-Trends schritthalten wollen, kaufen Sie <b>Herrenuhr Lotus 18837/2</b> zum besten Preis.<br><br><ul><li>","Wenn Sie mit den neuesten Mode und Accessoire-Trends schritthalten wollen, kaufen Sie <b>Herrenuhr Lotus 18837/2</b> zum besten Preis.<br><br><ul><li>Geschlecht: Herren</li><li>Extra Links: Kein</li><li>Typ der Uhr: Armbanduhr</li><li>Land/Region der Herstellung: China</li><li>Material des Gehäuses: Edelstahl</li><li>Farbe des Bandes: Gold</li><li>Farbe der Krone: Blau</li><li>Uhrwerk: Quarz</li></ul>",Pop Pulse Emporium,https://cdnbigbuy.com/images/8430622791444_R01.jpg,https://cdnbigbuy.com/images/8430622791444_R21.jpg,https://cdnbigbuy.com/images/75688_mandatory-watch1.jpg,https://cdnbigbuy.com/images/8430622791444_R11.jpg,189.6,50,NEW,32.0,19.0,10.0,0.4,6080.0,EUR,2,8,3
S7195560,0711719575924,de-AT,Gardening & DIY,Gaming Controller PS5 Sony,"Wenn Sie sich leidenschaftlich mit <b>IT und Elektronik</b> beschäftigen, mit der Technologie auf dem neuesten Stand sein wollen und nicht einmal die ","Wenn Sie sich leidenschaftlich mit <b>IT und Elektronik</b> beschäftigen, mit der Technologie auf dem neuesten Stand sein wollen und nicht einmal die winzigsten Einzelheiten auslassen, kaufen Sie <b>Gaming Controller PS5 Sony</b>.<br><br><ul><li>Farbe: <ul><li>Rot</li><li>rouge</li></ul></li><li>Material: Kunststoff</li><li>Merkmale: <ul><li>Wireless</li><li>Lautsprecher</li><li>Eingebaute Batterie</li></ul></li><li>Batterie: Aufladbar</li><li>Kompatibel: PS5</li><li>Anschlüsse: USB-C</li><li>Ba",Pop Pulse Emporium,https://cdnbigbuy.com/images/0711719827993_S7195560_P01.jpg,,,,117.7,25,NEW,19.2,18.6,7.0,0.43,2499.84,EUR,2,8,3
S7716747,4002888410724,de-AT,Gardening & DIY,HDMI Kabel LINDY 41072 15 m Schwarz,"Wenn Sie sich leidenschaftlich mit <b>IT und Elektronik</b> beschäftigen, mit der Technologie auf dem neuesten Stand sein wollen und nicht einmal die ","Wenn Sie sich leidenschaftlich mit <b>IT und Elektronik</b> beschäftigen, mit der Technologie auf dem neuesten Stand sein wollen und nicht einmal die winzigsten Einzelheiten auslassen, kaufen Sie <b>HDMI Kabel LINDY 41072 15 m Schwarz</b>.<br><br><ul><li>Länge des Kabels: 15 m</li><li>Farbe: Schwarz</li><li>Anschlüsse: <ul><li>HDMI</li><li>HDMI 2.0</li></ul></li><li>Art: Stecker</li><li>Material: <ul><li>PVC</li><li>Gold</li><li>Kupfer</li></ul></li><li>Zertifikat: RoHS</li><li>Unterstützte Vide",Pop Pulse Emporium,https://cdnbigbuy.com/images/4002888410724_I00.jpg,,,,125.69,5,NEW,3.0,32.0,35.0,1.2,3360.0,EUR,2,8,3
S0387159,0194900651261,de-AT,Gardening & DIY,Damen Handtasche Michael Kors 35F0GTVT9L-LT-CREAM Beige 44 x 29 x 16 cm,Sind Sie modebewusst und begeistern sich für Accessoires? Wir bieten Ihnen <b>Damen Handtasche Michael Kors 35F0GTVT9L-LT-CREAM Beige 44 x 29 x 16 cm<,Sind Sie modebewusst und begeistern sich für Accessoires? Wir bieten Ihnen <b>Damen Handtasche Michael Kors 35F0GTVT9L-LT-CREAM Beige 44 x 29 x 16 cm</b> und ein breites Sortiment an modernen Handtaschen und Geldbeutel!<br><br><ul><li>Geschlecht: Damen</li><li>Art: Damen Handtasche</li><li>Farbe: Beige</li><li>Material: Leder</li><li>Verschluss Armband: Reißverschluss</li><li>Enthalten: Enthält Markenetui oder -hülle</li><li>Maße ca.: 44 x 29 x 16 cm</li></ul>,Pop Pulse Emporium,https://cdnbigbuy.com/images/S0387159_1730366116-remove-background0.jpg,https://cdnbigbuy.com/images/0194900651261_S0387159_P00.jpg,https://cdnbigbuy.com/images/0194900651261_S0387159_P10.jpg,,165.45,10,NEW,10.0,10.0,10.0,0.3,1000.0,EUR,2,8,3
S71000919,3384349161040,de-AT,Gardening & DIY,"Küchenmaschine Béaba Babycook 1,1 L Braun","Wenn Sie Haushaltsgeräte zum besten Großhandelspreis suchen, dann verpassen Sie nicht Ihre Chance auf <b>Küchenmaschine Béaba Babycook 1,1 L Braun</b>","Wenn Sie Haushaltsgeräte zum besten Großhandelspreis suchen, dann verpassen Sie nicht Ihre Chance auf <b>Küchenmaschine Béaba Babycook 1,1 L Braun</b> sowie ein breites Sortiment an kleinen Haushaltsgeräten!<br><br><ul><li>Steckbares Produkt: Ja</li><li>Art: Küchenmaschine</li><li>Kapazität: 1,1 L</li><li>Maße ca.: 24 x 18 x 24 cm</li><li>Steckertyp: EU-Stecker</li><li>Funktionen: <ul><li>Dämpfen</li><li>Vermischen</li><li>Zermahlen</li><li>Entfrostfunktion</li></ul></li><li>Farbe: Braun</li></u",Pop Pulse Emporium,https://cdnbigbuy.com/images/3384349161040_S71000919_P00.jpg,https://cdnbigbuy.com/images/3384349161040_S71000919_P10.jpg,https://cdnbigbuy.com/images/3384349161040_S71000919_P20.jpg,https://cdnbigbuy.com/images/3384349161040_S71000919_P30.jpg,145.5,25,NEW,20.07,27.18,25.15,2.26,13719.39,EUR,2,8,3
S7274975,8430622789069,de-AT,Gardening & DIY,Damenuhr Festina F20610/3,"Wenn Sie mit den neuesten Mode und Accessoire-Trends schritthalten wollen, kaufen Sie <b>Damenuhr Festina F20610/3</b> zum besten Preis.<br><br><ul><l","Wenn Sie mit den neuesten Mode und Accessoire-Trends schritthalten wollen, kaufen Sie <b>Damenuhr Festina F20610/3</b> zum besten Preis.<br><br><ul><li>Geschlecht: Damen</li><li>Extra Links: Kein</li><li>Typ der Uhr: Armbanduhr</li><li>Farbe: Schwarz</li><li>Material des Armbands: Edelstahl</li><li>Material des Gehäuses: Edelstahl</li><li>Design: Damen</li><li>Uhrwerk: Quarz</li></ul>",Pop Pulse Emporium,https://cdnbigbuy.com/images/8430622789069_S7274975_P01.jpg,https://cdnbigbuy.com/images/74032_mandatory-watch1.jpg,,,189.6,50,NEW,39.0,19.0,10.0,0.4,7410.0,EUR,2,8,3
M0516101,5031713068419,de-AT,Gardening & DIY,Original Toner OKI 46507513 Gelb Schwarz,"Gehen Sie zurück ins Büro, ohne Details zu vergessen: Kaufen Sie <b>Original Toner OKI 46507513 Gelb Schwarz</b> und seien Sie der Neid Ihrer Kollegen","Gehen Sie zurück ins Büro, ohne Details zu vergessen: Kaufen Sie <b>Original Toner OKI 46507513 Gelb Schwarz</b> und seien Sie der Neid Ihrer Kollegen!<br><br><ul><li>Farbe: <ul><li>Gelb</li><li>Schwarz</li></ul></li><li>Art: Alles in einem</li><li>Format: A4</li><li>Konnektivität: Wi-Fi</li><li>Merkmale: Original</li></ul>",Pop Pulse Emporium,https://cdnbigbuy.com/images/5031713068419_R00.jpg,https://cdnbigbuy.com/images/5031713068419_R70.jpg,https://cdnbigbuy.com/images/5031713068419_R10.jpg,https://cdnbigbuy.com/images/5031713068419_R20.jpg,179.42,5,NEW,30.0,7.0,11.0,0.47,2310.0,EUR,2,8,3
S0389711,0197853084520,de-AT,Gardening & DIY,Umhängetasche Michael Kors 35F4STVT9B-BLACK Schwarz 37 x 28 x 12 cm,"Wenn Sie auf der Suche nach trendigen Neuheiten auf dem Markt sind, präsentieren wir Ihnen <b>Umhängetasche Michael Kors 35F4STVT9B-BLACK Schwarz 37 x","Wenn Sie auf der Suche nach trendigen Neuheiten auf dem Markt sind, präsentieren wir Ihnen <b>Umhängetasche Michael Kors 35F4STVT9B-BLACK Schwarz 37 x 28 x 12 cm</b>!<br><br><ul><li>Art: Handtasche</li><li>Farbe: Schwarz</li><li>Material: Haut</li><li>Verschluss Armband: Reißverschluss</li><li>Enthalten: Enthält Markenetui oder -hülle</li><li>Maße ca.: 37 x 28 x 12 cm</li></ul>",Pop Pulse Emporium,https://cdnbigbuy.com/images/0197853084520_S0389711_P00.jpg,https://cdnbigbuy.com/images/0197853084520_S0389711_P20.jpg,https://cdnbigbuy.com/images/0197853084520_S0389711_P10.jpg,,191.36,10,NEW,10.0,10.0,10.0,0.3,1000.0,EUR,2,8,3
S91119553,5905481541453,de-AT,Gardening & DIY,digitale Personenwaage Wagi Tarczyn WT-175N,"Wenn Sie auf der Suche nach trendigen Neuheiten auf dem Markt sind, präsentieren wir Ihnen <b>digitale Personenwaage Wagi Tarczyn WT-175N</b>!<br><br>","Wenn Sie auf der Suche nach trendigen Neuheiten auf dem Markt sind, präsentieren wir Ihnen <b>digitale Personenwaage Wagi Tarczyn WT-175N</b>!<br><br><ul><li>Farbe: <ul><li>Weiß</li><li>Stahl</li></ul></li><li>Breite: 42 cm</li><li>Form: rectangulo</li><li>Lang: 52 cm</li><li>Control Typ: Tasten</li><li>Ungefähres Gewicht: 13 kg</li><li>Tara-Funktion: Ja</li></ul>",Pop Pulse Emporium,https://cdnbigbuy.com/images/5905481541453_S91119553_P00.jpg,https://cdnbigbuy.com/images/5905481541453_S91119553_P70.jpg,https://cdnbigbuy.com/images/5905481541453_S91119553_P10.jpg,https://cdnbigbuy.com/images/5905481541453_S91119553_P80.jpg,173.41,1,NEW,20.0,43.0,79.0,18.0,67940.0,EUR,2,8,3
S37116149,5998167750805,de-AT,Gardening & DIY,Armlehne Armster RENAULT MEGANE III 2009-2016 Polyskin,Statten Sie Ihr Fahrzeug mit den neuesten Produkten aus - kaufen Sie <b>Armlehne Armster RENAULT MEGANE III 2009-2016 Polyskin</b> und verpassen Sie k,"Statten Sie Ihr Fahrzeug mit den neuesten Produkten aus - kaufen Sie <b>Armlehne Armster RENAULT MEGANE III 2009-2016 Polyskin</b> und verpassen Sie kein Detail!<br><br><p>Der <b>Armster 3 Armlehne</b>, speziell für den <b>RENAULT MEGANE III (2009-2016)</b>, ist eine <b>mittlere Armlehne</b>, die perfekt in die Mittelkonsole dieses Modells integriert wird. Sie gewährleistet eine präzise Passform, abgestimmt auf Sitz, Lenkrad und Schalthebel, um den Fahrkomfort zu maximieren. Hergestellt in <b>sc",Pop Pulse Emporium,https://cdnbigbuy.com/images/5998167750805_S37116149_P00.jpg,https://cdnbigbuy.com/images/5998167750805_S37116149_P30.jpg,https://cdnbigbuy.com/images/5998167750805_S37116149_P40.jpg,https://cdnbigbuy.com/images/5998167750805_S37116149_P50.jpg,127.29,1,NEW,35.0,25.0,25.0,8.0,21875.0,EUR,2,8,3
M0121792,3614227693876,de-AT,Gardening & DIY,Damenparfüm Burberry Her EDP 100 ml Her,<p>Lassen Sie&nbsp;<strong>100 % Original-Damenparfüm Burberry Her EDP 100 ml Her</strong> Sie &uuml;berraschen und feieren Ihre Weiblichkeit mit dem ,"<p>Lassen Sie&nbsp;<strong>100 % Original-Damenparfüm Burberry Her EDP 100 ml Her</strong> Sie &uuml;berraschen und feieren Ihre Weiblichkeit mit dem exklusiven <strong>Frauenparfum </strong>mit einzigartigem, pers&ouml;nlichen Duft. Entdecken Sie die <strong>100 % Original-Produkte von Burberry</strong>!</p><br><br><ul><li>Geschlecht: Damen</li><li>Art: EDP (Eau de Parfum)</li><li>Aroma: Fruchtig</li><li>Name des Parfüms: Her</li><li>Wichtige informationen: Die Produktverpackungen können je nac",Pop Pulse Emporium,https://cdnbigbuy.com/images/3614227693876_I21.jpg,https://cdnbigbuy.com/images/3614227693876_I01.jpg,https://cdnbigbuy.com/images/3614227693876_R61.jpg,https://cdnbigbuy.com/images/3614227693876_R71.jpg,129.69,4,NEW,10.0,4.0,4.0,0.1,160.0,EUR,2,8,3
S0371223,4894816001124,de-AT,Gardening & DIY,Herrenuhr Police PL-16114JSU-03 (Ø 45 mm),"Wenn Sie mit den neuesten Mode und Accessoire-Trends schritthalten wollen, kaufen Sie <b>Herrenuhr Police PL-16114JSU-03 (Ø 45 mm)</b> zum besten Prei","Wenn Sie mit den neuesten Mode und Accessoire-Trends schritthalten wollen, kaufen Sie <b>Herrenuhr Police PL-16114JSU-03 (Ø 45 mm)</b> zum besten Preis.<br><br><ul><li>Geschlecht: Herren</li><li>Uhrwerk: Quarz</li><li>Enthalten: Inklusive Markenetui</li><li>Durchmesser des Uhrengehäuses: Ø 45 mm</li><li>Kristall: Mineral</li><li>Wasserdicht: <ul><li>3 atm</li><li>5 atm</li></ul></li><li>Material des Armbands: Leder</li><li>Extra Links: Kein</li><li>Typ der Uhr: Armbanduhr</li><li>Durchmesser: 45",Pop Pulse Emporium,https://cdnbigbuy.com/images/4894816001124_S0371223_P01.jpg,https://cdnbigbuy.com/images/67585_mandatory-watch1.jpg,,,118.66,50,NEW,32.0,19.0,10.0,0.4,6080.0,EUR,2,8,3
S37115230,8027280489471,de-AT,Gardening & DIY,Rennanzug OMP OMPKK01719041XXL Blau XXL,Statten Sie Ihr Fahrzeug mit den neuesten Produkten aus - kaufen Sie <b>Rennanzug OMP OMPKK01719041XXL Blau XXL</b> und verpassen Sie kein Detail!<br>,Statten Sie Ihr Fahrzeug mit den neuesten Produkten aus - kaufen Sie <b>Rennanzug OMP OMPKK01719041XXL Blau XXL</b> und verpassen Sie kein Detail!<br><br><ul><li>Geschlecht: Unisex</li><li>Empfohlenes Alter: Erwachsene</li><li>Art: Rennanzug</li><li>Farbe: Blau</li><li>Empfohlene verwendung: kart</li><li>Größe: XXL</li></ul>,Pop Pulse Emporium,https://cdnbigbuy.com/images/8027280489471_S37115230_P00.jpg,https://cdnbigbuy.com/images/8027280489471_S37115230_P10.jpg,,,118.02,2,NEW,35.0,30.0,10.0,4.0,10500.0,EUR,2,8,3
S7927582,8033280574789,de-AT,Gardening & DIY,Sicherheits-Schuhe Sparco 43,"Wenn Sie auf der Suche nach trendigen Neuheiten auf dem Markt sind, präsentieren wir Ihnen <b>Sicherheits-Schuhe Sparco 43</b>!<br><br><ul><li>Art: Si","Wenn Sie auf der Suche nach trendigen Neuheiten auf dem Markt sind, präsentieren wir Ihnen <b>Sicherheits-Schuhe Sparco 43</b>!<br><br><ul><li>Art: Sicherheits-Schuhe</li><li>Merkmale: Atmungsaktiv</li><li>Größe: 43</li></ul>",Pop Pulse Emporium,https://cdnbigbuy.com/images/8033280574789_S7927582_P00.jpg,https://cdnbigbuy.com/images/8033280574789_S7927582_P10.jpg,https://cdnbigbuy.com/images/8033280574789_S7927582_P20.jpg,,108.61,2,NEW,22.41,29.89,27.82,1.23,18634.81,EUR,2,8,3
S0324908,8033288750550,de-AT,Gardening & DIY,Damenuhr Furla R4253102518 (Ø 31 mm),"Wenn Sie mit den neuesten Mode und Accessoire-Trends schritthalten wollen, kaufen Sie <b>Damenuhr Furla R4253102518 (Ø 31 mm)</b> zum besten Preis.<br","Wenn Sie mit den neuesten Mode und Accessoire-Trends schritthalten wollen, kaufen Sie <b>Damenuhr Furla R4253102518 (Ø 31 mm)</b> zum besten Preis.<br><br><ul><li>Farbe des Bandes: Rosa</li><li>Farbe des Uhrengehäuses: Rosa</li><li>Material des Armbands: Stahl</li><li>Verschluss Armband: Druck</li><li>Wasserdicht: 5 atm</li><li>Kristall: Mineral</li><li>Farbe der Krone: Rosa</li><li>Enthalten: Inklusive Markenetui</li><li>Uhrwerk: Quarz</li><li>Uhrengehäuse-Material: <ul><li>Stahl</li><li>Edelst",Pop Pulse Emporium,https://cdnbigbuy.com/images/8033288750550_0_P02.jpg,https://cdnbigbuy.com/images/21375_mandatory-watch2.jpg,,,128.01,17,NEW,32.0,19.0,10.0,0.4,6080.0,EUR,2,8,3
S0391930,7613272485203,de-AT,Gardening & DIY,Herrenuhr Tommy Hilfiger 1710491 (Ø 50 mm),"Wenn Sie auf der Suche nach trendigen Neuheiten auf dem Markt sind, präsentieren wir Ihnen <b>Herrenuhr Tommy Hilfiger 1710491 (Ø 50 mm)</b>!<br><br><","Wenn Sie auf der Suche nach trendigen Neuheiten auf dem Markt sind, präsentieren wir Ihnen <b>Herrenuhr Tommy Hilfiger 1710491 (Ø 50 mm)</b>!<br><br><ul><li>Geschlecht: Herren</li><li>Extra Links: Kein</li><li>Typ der Uhr: Armbanduhr</li><li>Merkmale: Stoppuhr</li><li>Uhrengehäuse-Material: Edelstahl</li><li>Uhrwerk: Quarz</li><li>Kristall: Mineral</li><li>Wasserdicht: 5 atm</li><li>Enthalten: Enthält Markenetui oder -hülle</li><li>Verschluss Armband: Schließe</li><li>Farbe der Krone: Schwarz</l",Pop Pulse Emporium,https://cdnbigbuy.com/images/7613272485203_S0391930_P00.jpg,https://cdnbigbuy.com/images/88291_mandatory-watch0.jpg,https://cdnbigbuy.com/images/7613272485203_S0391930_P10.jpg,https://cdnbigbuy.com/images/7613272485203_S0391930_P20.jpg,163.61,1,NEW,32.0,19.0,10.0,0.4,6080.0,EUR,2,8,3
S7103915,4078500002042,de-AT,Gardening & DIY,Schlauch Gardena Comfort High Flex Ø 19 mm 25 m,"Wenn Sie bei der Einrichtung ihres Heims Wert auf Details legen und bei Produkten, die Ihnen das Leben leichter machen, auf dem letzten Stand sein möc","Wenn Sie bei der Einrichtung ihres Heims Wert auf Details legen und bei Produkten, die Ihnen das Leben leichter machen, auf dem letzten Stand sein möchten, dann kaufen Sie <b>Schlauch Gardena Comfort High Flex Ø 19 mm 25 m</b> zum besten Preis.<br><br><ul><li>Art: Schlauch</li><li>Empfohlene verwendung: Garten</li><li>Farbe: <ul><li>Schwarz</li><li>Orange</li></ul></li><li>Innengewinde (mm): 3/4""</li><li>Durchmesser: Ø 19 mm</li><li>Maße ca.: 25 m</li></ul>",Pop Pulse Emporium,https://cdnbigbuy.com/images/4078500002042_S7103915_P12.jpg,https://cdnbigbuy.com/images/4078500002042_S7103915_P02.jpg,https://cdnbigbuy.com/images/4078500002042_S7103915_P22.jpg,https://cdnbigbuy.com/images/4078500002042_S7103915_P32.jpg,101.97,1,NEW,38.7,38.4,18.4,5.74,27343.87,EUR,2,8,3
S7286013,8057191160138,de-AT,Gardening & DIY,Damenuhr Stroili 1687323,"Wenn Sie mit den neuesten Mode und Accessoire-Trends schritthalten wollen, kaufen Sie <b>Damenuhr Stroili 1687323</b> zum besten Preis.<br><br><ul><li","Wenn Sie mit den neuesten Mode und Accessoire-Trends schritthalten wollen, kaufen Sie <b>Damenuhr Stroili 1687323</b> zum besten Preis.<br><br><ul><li>Geschlecht: Damen</li><li>Extra Links: Kein</li><li>Typ der Uhr: Armbanduhr</li></ul>",Pop Pulse Emporium,https://cdnbigbuy.com/images/8057191160138_S7286013_P01.jpg,https://cdnbigbuy.com/images/85070_mandatory-watch1.jpg,,,128.66,1,NEW,14.16,11.56,10.0,0.33,1636.9,EUR,2,8,3
S71004385,0690590039582,de-AT,Gardening & DIY,"Tablet Archos Classic 503958 8"" Allwinner 3 GB RAM 64 GB Schwarz","Wenn Sie sich leidenschaftlich mit <b>IT und Elektronik</b> beschäftigen, mit der Technologie auf dem neuesten Stand sein wollen und nicht einmal die ","Wenn Sie sich leidenschaftlich mit <b>IT und Elektronik</b> beschäftigen, mit der Technologie auf dem neuesten Stand sein wollen und nicht einmal die winzigsten Einzelheiten auslassen, kaufen Sie <b>Tablet Archos Classic 503958 8"" Allwinner 3 GB RAM 64 GB Schwarz</b>.<br><br><ul><li>Art: Tablet</li><li>Steckbares Produkt: Ja</li><li>Steckertyp: EU-Stecker</li><li>Prozessor: <ul><li>Allwinner A133</li><li>Quad Core</li><li>Allwinner</li></ul></li><li>Farbe: Schwarz</li><li>Merkmale: <ul><li>Front",Pop Pulse Emporium,https://cdnbigbuy.com/images/0690590039582_S71004385_P00.jpg,https://cdnbigbuy.com/images/0690590039582_S71004385_P10.jpg,https://cdnbigbuy.com/images/0690590039582_S71004385_P20.jpg,https://cdnbigbuy.com/images/0690590039582_S71004385_P30.jpg,159.55,25,NEW,20.7,12.3,1.0,0.25,254.61,EUR,2,8,3
S0376348,8033288956440,de-AT,Gardening & DIY,Damenuhr Chiara Ferragni R1953102501 (Ø 32 mm),"Wenn Sie mit den neuesten Mode und Accessoire-Trends schritthalten wollen, kaufen Sie <b>Damenuhr Chiara Ferragni R1953102501 (Ø 32 mm)</b> zum besten","Wenn Sie mit den neuesten Mode und Accessoire-Trends schritthalten wollen, kaufen Sie <b>Damenuhr Chiara Ferragni R1953102501 (Ø 32 mm)</b> zum besten Preis.<br><br><ul><li>Geschlecht: Damen</li><li>Extra Links: Kein</li><li>Typ der Uhr: Armbanduhr</li><li>Material des Armbands: Edelstahl</li><li>Uhrengehäuse-Material: Edelstahl</li><li>Uhrwerk: Quarz</li><li>Kristall: Mineral</li><li>Wasserdicht: 5 atm</li><li>Enthalten: Inklusive Markenetui</li><li>Farbe der Krone: Gold</li><li>Farbe des Uhren",Pop Pulse Emporium,https://cdnbigbuy.com/images/8033288956440_S0376348_P01.jpg,https://cdnbigbuy.com/images/72707_mandatory-watch1.jpg,,,150.48,25,NEW,32.0,19.0,10.0,0.4,6080.0,EUR,2,8,3
S7191338,0843591075954,de-AT,Gardening & DIY,Schnurlose Mouse Corsair CH-9317011-EU 18000DPI Schwarz,"Wenn Sie sich leidenschaftlich mit <b>IT und Elektronik</b> beschäftigen, mit der Technologie auf dem neuesten Stand sein wollen und nicht einmal die ","Wenn Sie sich leidenschaftlich mit <b>IT und Elektronik</b> beschäftigen, mit der Technologie auf dem neuesten Stand sein wollen und nicht einmal die winzigsten Einzelheiten auslassen, kaufen Sie <b>Schnurlose Mouse Corsair CH-9317011-EU 18000DPI Schwarz</b>.<br><br><ul><li>Art: <ul><li>Gaming</li><li>Wireless</li><li>Schnurlose Mouse</li><li>Optiker</li><li>Optische Maus</li></ul></li><li>Farbe: Schwarz</li><li>Anschlüsse: USB</li><li>Länge des Kabels: 1,8 m</li><li>Formfaktor: rechte Hand</li>",Pop Pulse Emporium,https://cdnbigbuy.com/images/0843591075954_I151.jpg,,,,149.41,2,NEW,11.9,18.0,8.3,0.3,1777.86,EUR,2,8,3
S3709420,8033280324421,de-AT,Gardening & DIY,Hausschuhe Sparco K-Pole Schwarz,Statten Sie Ihr Fahrzeug mit den neuesten Produkten aus - kaufen Sie <b>Hausschuhe Sparco K-Pole Schwarz</b> und verpassen Sie kein Detail!<br><br><ul,Statten Sie Ihr Fahrzeug mit den neuesten Produkten aus - kaufen Sie <b>Hausschuhe Sparco K-Pole Schwarz</b> und verpassen Sie kein Detail!<br><br><ul><li>Farbe: Schwarz</li><li>Größe: 39</li><li>Geschlecht: Unisex-Erwachsene</li><li>Ungefähres Gewicht: 20 g</li></ul>,Pop Pulse Emporium,https://cdnbigbuy.com/images/8033280324421_S3709420_P02.jpg,https://cdnbigbuy.com/images/9421_mandatory-motor2.jpg,https://cdnbigbuy.com/images/8033280324421_S3709420_P12.jpg,,108.96,8,NEW,12.0,25.0,35.0,3.0,10500.0,EUR,2,8,3
S71000223,3159059049878,de-AT,Gardening & DIY,Spielbogen für Babies Looping,"Für unsere Kinder möchten wir nur das Beste, und deshalb möchten wir Ihnen <b>Spielbogen für Babies Looping</b> vorstellen, perfekt für alle, die qual","Für unsere Kinder möchten wir nur das Beste, und deshalb möchten wir Ihnen <b>Spielbogen für Babies Looping</b> vorstellen, perfekt für alle, die qualitativ hochwertige Produkte für die Kleinsten suchen. Kaufen Sie <b>Looping</b> zu den besten Preisen!",Pop Pulse Emporium,https://cdnbigbuy.com/images/3159059049878_S71000223_P50.jpg,https://cdnbigbuy.com/images/3159059049878_S71000223_P40.jpg,https://cdnbigbuy.com/images/3159059049878_S71000223_P00.jpg,https://cdnbigbuy.com/images/3159059049878_S71000223_P10.jpg,121.33,5,NEW,82.0,49.5,15.5,8.74,62914.5,EUR,2,8,3
S7928254,8425998879247,de-AT,Gardening & DIY,Schnur EDM 87924 Blau Weiß Polyester Latex 8 mm x 200 m Elastisch,"Wenn Sie bei der Einrichtung ihres Heims Wert auf Details legen und bei Produkten, die Ihnen das Leben leichter machen, auf dem letzten Stand sein möc","Wenn Sie bei der Einrichtung ihres Heims Wert auf Details legen und bei Produkten, die Ihnen das Leben leichter machen, auf dem letzten Stand sein möchten, dann kaufen Sie <b>Schnur EDM 87924 Blau Weiß Polyester Latex 8 mm x 200 m Elastisch</b> zum besten Preis.<br><br><ul><li>Art: <ul><li>Schnur</li><li>Spule</li></ul></li><li>Farbe: <ul><li>Blau</li><li>Weiß</li></ul></li><li>Merkmale: <ul><li>Elastisch</li><li>UV-Schutz</li></ul></li><li>Material: <ul><li>Polyester</li><li>Latex</li></ul></li",Pop Pulse Emporium,https://cdnbigbuy.com/images/8425998879247_S7928254_P00.jpg,https://cdnbigbuy.com/images/8425998879247_S7928254_P10.jpg,https://cdnbigbuy.com/images/8425998879247_S7928254_P20.jpg,,179.78,4,NEW,26.0,26.0,27.0,9.6,18252.0,EUR,2,8,3
S7294795,8430622818721,de-AT,Gardening & DIY,Herrenuhr Festina F6854/A,"Wenn Sie mit den neuesten Mode und Accessoire-Trends schritthalten wollen, kaufen Sie <b>Herrenuhr Festina F6854/A</b> zum besten Preis.<br><br><ul><l","Wenn Sie mit den neuesten Mode und Accessoire-Trends schritthalten wollen, kaufen Sie <b>Herrenuhr Festina F6854/A</b> zum besten Preis.<br><br><ul><li>Geschlecht: Herren</li><li>Extra Links: Kein</li><li>Typ der Uhr: Armbanduhr</li></ul>",Pop Pulse Emporium,https://cdnbigbuy.com/images/8430622818721_R11.jpg,https://cdnbigbuy.com/images/8430622818721_R01.jpg,https://cdnbigbuy.com/images/93807_mandatory-watch1.jpg,,178.58,50,NEW,14.15,12.43,10.11,0.3,1778.19,EUR,2,8,3
S9118599,0698813009916,de-AT,Gardening & DIY,Mikrofon Rode Wireless ME,"Wenn Sie sich leidenschaftlich mit <b>IT und Elektronik</b> beschäftigen, mit der Technologie auf dem neuesten Stand sein wollen und nicht einmal die ","Wenn Sie sich leidenschaftlich mit <b>IT und Elektronik</b> beschäftigen, mit der Technologie auf dem neuesten Stand sein wollen und nicht einmal die winzigsten Einzelheiten auslassen, kaufen Sie <b>Mikrofon Rode Wireless ME</b>.<br><br><ul><li>Kompatibel: <ul><li>Mac OS</li><li>Windows</li></ul></li><li>Ungefähre Reichweite: 7 Stunden</li><li>Art: <ul><li>Mikrofon</li><li>Omnidirektional</li></ul></li><li>Farbe: Schwarz</li><li>Merkmale: Mikrophon mit Kugel-Richtcharakteristik</li><li>Anschlüss",Pop Pulse Emporium,https://cdnbigbuy.com/images/0698813009916_I00.jpg,https://cdnbigbuy.com/images/0698813009916_I120.jpg,https://cdnbigbuy.com/images/0698813009916_I60.jpg,https://cdnbigbuy.com/images/0698813009916_I130.jpg,171.61,4,NEW,12.0,4.2,13.3,0.18,670.32,EUR,2,8,3
S0393093,7610522832190,de-AT,Gardening & DIY,Herrenuhr Swatch SB02B401 (Ø 47 mm),"Wenn Sie auf der Suche nach trendigen Neuheiten auf dem Markt sind, präsentieren wir Ihnen <b>Herrenuhr Swatch SB02B401 (Ø 47 mm)</b>!<br><br><ul><li>","Wenn Sie auf der Suche nach trendigen Neuheiten auf dem Markt sind, präsentieren wir Ihnen <b>Herrenuhr Swatch SB02B401 (Ø 47 mm)</b>!<br><br><ul><li>Geschlecht: Herren</li><li>Extra Links: Kein</li><li>Typ der Uhr: Armbanduhr</li><li>Material des Armbands: Kunststoff</li><li>Uhrengehäuse-Material: Kunststoff</li><li>Uhrwerk: Quarz</li><li>Kristall: Mineral</li><li>Wasserdicht: 3 atm</li><li>Enthalten: Enthält Markenetui oder -hülle</li><li>Verschluss Armband: Schließe</li><li>Farbe der Krone: S",Pop Pulse Emporium,https://cdnbigbuy.com/images/7610522832190_S0393093_P00.jpg,https://cdnbigbuy.com/images/89454_mandatory-watch0.jpg,,,129.89,8,NEW,32.0,19.0,10.0,0.4,6080.0,EUR,2,8,3
S7198352,4054278511757,de-AT,Gardening & DIY,Wiederaufladbare Lithiumbatterie Kärcher 18 V,"Wenn Sie bei der Einrichtung ihres Heims Wert auf Details legen und bei Produkten, die Ihnen das Leben leichter machen, auf dem letzten Stand sein möc","Wenn Sie bei der Einrichtung ihres Heims Wert auf Details legen und bei Produkten, die Ihnen das Leben leichter machen, auf dem letzten Stand sein möchten, dann kaufen Sie <b>Wiederaufladbare Lithiumbatterie Kärcher 18 V</b> zum besten Preis.",Pop Pulse Emporium,https://cdnbigbuy.com/images/4054278511757_S7198352_P10.jpg,https://cdnbigbuy.com/images/4054278511757_S7198352_P00.jpg,,,147.22,25,NEW,14.22,9.4,9.65,0.94,1289.9,EUR,2,8,3
S0387161,0194900033678,de-AT,Gardening & DIY,Damen Handtasche Michael Kors 35F0GTVT9L-POWDER-BLUSH-ROSE-POUDRE Rosa 46 x 29 x 16 cm,Sind Sie modebewusst und begeistern sich für Accessoires? Wir bieten Ihnen <b>Damen Handtasche Michael Kors 35F0GTVT9L-POWDER-BLUSH-ROSE-POUDRE Rosa 4,Sind Sie modebewusst und begeistern sich für Accessoires? Wir bieten Ihnen <b>Damen Handtasche Michael Kors 35F0GTVT9L-POWDER-BLUSH-ROSE-POUDRE Rosa 46 x 29 x 16 cm</b> und ein breites Sortiment an modernen Handtaschen und Geldbeutel!<br><br><ul><li>Geschlecht: Damen</li><li>Art: Damen Handtasche</li><li>Farbe: Rosa</li><li>Material: Leder</li><li>Verschluss Armband: Reißverschluss</li><li>Enthalten: Enthält Markenetui oder -hülle</li><li>Maße ca.: 46 x 29 x 16 cm</li></ul>,Pop Pulse Emporium,https://cdnbigbuy.com/images/S0387161_1730366140-remove-background0.jpg,https://cdnbigbuy.com/images/0194900033678_S0387161_P10.jpg,https://cdnbigbuy.com/images/0194900033678_S0387161_P00.jpg,,165.45,9,NEW,10.0,10.0,10.0,0.3,1000.0,EUR,2,8,3
S7225337,4894626176173,de-AT,Gardening & DIY,Damenuhr Just Cavalli JC1L210M0245 (Ø 32 mm),"Wenn Sie mit den neuesten Mode und Accessoire-Trends schritthalten wollen, kaufen Sie <b>Damenuhr Just Cavalli JC1L210M0245 (Ø 32 mm)</b> zum besten P","Wenn Sie mit den neuesten Mode und Accessoire-Trends schritthalten wollen, kaufen Sie <b>Damenuhr Just Cavalli JC1L210M0245 (Ø 32 mm)</b> zum besten Preis.<br><br><ul><li>Geschlecht: Damen</li><li>Material des Armbands: Edelstahl</li><li>Wasserdicht: 5 atm</li><li>Kristall: Mineral</li><li>Enthalten: Inklusive Markenetui</li><li>Uhrwerk: Quarz</li><li>Durchmesser des Uhrengehäuses: Ø 32 mm</li><li>Art: Armbanduhr</li><li>Extra Links: Kein</li><li>Typ der Uhr: Armbanduhr</li></ul>",Pop Pulse Emporium,https://cdnbigbuy.com/images/4894626176173_S7225337_00_WBG1.jpg,https://cdnbigbuy.com/images/25341_mandatory-watch1.jpg,,,130.07,5,NEW,10.05,9.93,10.18,0.3,1015.93,EUR,2,8,3
S8905636,4899888780809,de-AT,Gardening & DIY,Zeichenset Cra-Z-Art (6 Stück),"Gehen Sie zurück ins Büro, ohne Details zu vergessen: Kaufen Sie <b>Zeichenset Cra-Z-Art (6 Stück)</b> und seien Sie der Neid Ihrer Kollegen!<br><br><","Gehen Sie zurück ins Büro, ohne Details zu vergessen: Kaufen Sie <b>Zeichenset Cra-Z-Art (6 Stück)</b> und seien Sie der Neid Ihrer Kollegen!<br><br><ul><li>Art: Zeichenset</li><li>Empfohlenes Alter: + 3 jahre</li><li>Stückzahl: 6 Stück</li><li>Maße ca.: 1,5 x 14 x 1,5 cm</li></ul>",Pop Pulse Emporium,https://cdnbigbuy.com/images/s8905636_p0_icon1.jpg,https://cdnbigbuy.com/images/s8905636_p2_icon1.jpg,https://cdnbigbuy.com/images/S8905636_P51.jpg,https://cdnbigbuy.com/images/s8905636_p3_icon1.jpg,126.65,50,NEW,33.0,34.0,32.5,4.9,36465.0,EUR,2,8,3
S9194260,5906083965067,de-AT,Gardening & DIY,Schraubstock für die Holzbearbeitung Yato YT-6506,"Wenn Sie bei der Einrichtung ihres Heims Wert auf Details legen und bei Produkten, die Ihnen das Leben leichter machen, auf dem letzten Stand sein möc","Wenn Sie bei der Einrichtung ihres Heims Wert auf Details legen und bei Produkten, die Ihnen das Leben leichter machen, auf dem letzten Stand sein möchten, dann kaufen Sie <b>Schraubstock für die Holzbearbeitung Yato YT-6506</b> zum besten Preis.<br><br><ul><li>Farbe: Grau</li><li>Material: Gusseisen</li><li>Breite: 12,5 cm</li><li>Ungefähres Gewicht: 20 kg</li></ul>",Pop Pulse Emporium,https://cdnbigbuy.com/images/5906083965067_I00.jpg,,,,153.87,1,NEW,23.0,23.0,48.5,20.0,25656.5,EUR,2,8,3
S0382168,8056597768474,de-AT,Gardening & DIY,Damensonnenbrille Armani AR8178-56558E ø 56 mm,"Wenn Sie gern die neusten Produkte aus <b>Fashion & Accessoires</b> tragen möchten, dann sind Accessoires, wie die <b>Damensonnenbrille Armani AR8178-","Wenn Sie gern die neusten Produkte aus <b>Fashion & Accessoires</b> tragen möchten, dann sind Accessoires, wie die <b>Damensonnenbrille Armani AR8178-56558E ø 56 mm</b> ein Muss, um Ihren Look abzurunden! Vertrauen Sie auf die Marken für <b>Sonnenbrillen</b>.<br><br><ul><li>Art: Damensonnenbrille</li><li>Geschlecht: Damen</li><li>Schutz: 100% Schutz vor UV (UV400)</li><li>Material der Linsen: Polycarbonat</li><li>Farbe: grün</li><li>Material: Azetat</li><li>Farbe der Linsen: grün</li><li>Enthalt",Pop Pulse Emporium,https://cdnbigbuy.com/images/8056597768474_S0382168_P00.jpg,,,,159.9,4,NEW,10.0,10.0,10.0,0.3,1000.0,EUR,2,8,3
S3723288,8033280426422,de-AT,Gardening & DIY,Jacke Sparco Martini Racing Marineblau XL,Statten Sie Ihr Fahrzeug mit den neuesten Produkten aus - kaufen Sie  <b>Jacke Sparco Martini Racing Marineblau XL</b> und verpassen Sie kein Detail!<,Statten Sie Ihr Fahrzeug mit den neuesten Produkten aus - kaufen Sie  <b>Jacke Sparco Martini Racing Marineblau XL</b> und verpassen Sie kein Detail!<br><ul><li>Farbe: Marineblau</li><li>Größe: XL</li></ul>,Pop Pulse Emporium,https://cdnbigbuy.com/images/8033280426422_S3723288_P01.jpg,,,,184.41,1,NEW,10.0,10.0,10.0,10.0,1000.0,EUR,2,8,3
S55296502,0065030911696,de-AT,Gardening & DIY,Netzadapter Startech 3114GCU-WALL-CHARGER,"Wenn Sie sich leidenschaftlich mit <b>IT und Elektronik</b> beschäftigen, mit der Technologie auf dem neuesten Stand sein wollen und nicht einmal die ","Wenn Sie sich leidenschaftlich mit <b>IT und Elektronik</b> beschäftigen, mit der Technologie auf dem neuesten Stand sein wollen und nicht einmal die winzigsten Einzelheiten auslassen, kaufen Sie <b>Netzadapter Startech 3114GCU-WALL-CHARGER</b>.<br><br><ul><li>Art: <ul><li>Netzadapter</li><li>Universal</li></ul></li><li>Steckbares Produkt: Ja</li><li>Steckertyp: EU-Stecker</li><li>Farbe: Schwarz</li><li>Anschlüsse: <ul><li>3</li><li>USB</li><li>USB-C</li><li>USB x 4</li></ul></li><li>AC input vo",Pop Pulse Emporium,https://cdnbigbuy.com/images/998170800.jpg,https://cdnbigbuy.com/images/998170830.jpg,https://cdnbigbuy.com/images/998170840.jpg,https://cdnbigbuy.com/images/998170810.jpg,123.52,1,NEW,15.02,11.77,7.95,0.27,1405.44,EUR,2,8,3
S0351101,8431777805475,de-AT,Gardening & DIY,Damenuhr Glam Rock gr31112 (Ø 40 mm),"Wenn Sie mit den neuesten Mode und Accessoire-Trends schritthalten wollen, kaufen Sie <b>Damenuhr Glam Rock gr31112 (Ø 40 mm)</b> zum besten Preis.<br","Wenn Sie mit den neuesten Mode und Accessoire-Trends schritthalten wollen, kaufen Sie <b>Damenuhr Glam Rock gr31112 (Ø 40 mm)</b> zum besten Preis.<br><br><ul><li>Geschlecht: Damen</li><li>Extra Links: Kein</li><li>Typ der Uhr: Armbanduhr</li><li>Material des Armbands: Stahl</li><li>Farbe des Bandes: Rosa</li><li>Farbe der Krone: Rosa</li><li>Verschluss Armband: Druck</li><li>Enthalten: Inklusive Markenetui</li><li>Wasserdicht: 10 atm</li><li>Kristall: Saphir</li><li>Uhrengehäuse-Material: Stahl",Pop Pulse Emporium,https://cdnbigbuy.com/images/8431777805475_S0351101_P02.jpg,https://cdnbigbuy.com/images/8431777805475_S0351101_P12.jpg,https://cdnbigbuy.com/images/47475_mandatory-watch2.jpg,,183.96,9,NEW,32.0,19.0,10.0,0.4,6080.0,EUR,2,8,3
S72111845,8050506112105,de-AT,Gardening & DIY,Herrenarmreif Talent Jewels TJA-1-02-03-1-235 Silberfarben,"Wir präsentieren <b>Herrenarmreif Talent Jewels TJA-1-02-03-1-235 Silberfarben</b> und ein umfangreiches Sortiment von Ringen, Halsbändern, Armbändern","Wir präsentieren <b>Herrenarmreif Talent Jewels TJA-1-02-03-1-235 Silberfarben</b> und ein umfangreiches Sortiment von Ringen, Halsbändern, Armbändern, Ohrringen, usw. zu einem großartigen Preis. Erfahren Sie mehr über unsere exklusiven und eleganten Schmuck und Modeschmuck für jeden Geschmack und Stil.<br><br><ul><li>Art: Armreif</li><li>Geschlecht: Herren</li><li>Farbe: Silberfarben</li></ul>",Pop Pulse Emporium,https://cdnbigbuy.com/images/8050506112105_S72111845_P00.jpg,,,,134.19,5,NEW,10.0,10.0,10.0,0.3,1000.0,EUR,2,8,3
S8409756,0886111334988,de-AT,Gardening & DIY,Original Toner HP 131A Gelb,"Gehen Sie zurück ins Büro, ohne Details zu vergessen: Kaufen Sie <b>Original Toner HP 131A Gelb</b> und seien Sie der Neid Ihrer Kollegen!<br><br><ul>","Gehen Sie zurück ins Büro, ohne Details zu vergessen: Kaufen Sie <b>Original Toner HP 131A Gelb</b> und seien Sie der Neid Ihrer Kollegen!<br><br><ul><li>Farbe: Gelb</li><li>Kompatibel: <ul><li>LASERJET PRO 200 COLOR MFP M276N</li><li>LASERJET PRO 200 COLOR PRINTER M251N</li><li>LASERJET PRO 200 COLOR PRINTER M251NW</li><li>LASERJET PRO 200 M276NW</li></ul></li></ul>",Pop Pulse Emporium,https://cdnbigbuy.com/images/0886111334988_A02.jpg,,,,144.71,10,NEW,10.16,10.92,27.94,0.77,3099.86,EUR,2,8,3
S7172708,4063846162994,de-AT,Gardening & DIY,Sockel Cybex Aton ISOFIX,"Wenn Sie auf der Suche nach trendigen Neuheiten auf dem Markt sind, präsentieren wir Ihnen <b>Sockel Cybex Aton ISOFIX</b>!<br><br><ul><li>Farbe: Schw","Wenn Sie auf der Suche nach trendigen Neuheiten auf dem Markt sind, präsentieren wir Ihnen <b>Sockel Cybex Aton ISOFIX</b>!<br><br><ul><li>Farbe: Schwarz</li><li>Art: Sockel</li><li>Verstellsystem: ISOFIX</li><li>Material: Kunststoff</li><li>After: 2022</li></ul>",Pop Pulse Emporium,https://cdnbigbuy.com/images/4063846162994_S7172708_P02.jpg,,,,163.09,25,NEW,63.5,34.0,19.5,4.94,42100.5,EUR,2,8,3
M0506946,8715946548807,de-AT,Gardening & DIY,Original Tintenpatrone Epson C13T907340 Magenta,"Wenn Sie sich leidenschaftlich mit <b>IT und Elektronik</b> beschäftigen, mit der Technologie auf dem neuesten Stand sein wollen und nicht einmal die ","Wenn Sie sich leidenschaftlich mit <b>IT und Elektronik</b> beschäftigen, mit der Technologie auf dem neuesten Stand sein wollen und nicht einmal die winzigsten Einzelheiten auslassen, kaufen Sie <b>Original Tintenpatrone Epson C13T907340 Magenta</b>.<br><br><ul><li>Kompatibel: <ul><li>WORKFORCE PRO WF-6590DTWFC</li><li>WORKFORCE PRO WF-6590D2TWFC</li><li>WORKFORCE PRO WF-6090DW</li><li>WORKFORCE PRO WF-6090D2TWC</li><li>WORKFORCE PRO C11CD47201</li><li>WORKFORCE PRO WFA 6590D2TWFC</li><li>WORKF",Pop Pulse Emporium,https://cdnbigbuy.com/images/8715946548807_M0506946_P00.jpg,,,,150.0,8,NEW,18.5,11.5,2.5,0.22,531.88,EUR,2,8,3
S7102084,3384349150389,de-AT,Gardening & DIY,Baby-Liegestuhl Béaba Up & Down I - Nymphea,"Für unsere Kinder möchten wir nur das Beste, und deshalb möchten wir Ihnen <b>Baby-Liegestuhl Béaba Up & Down I - Nymphea</b> vorstellen, perfekt für ","Für unsere Kinder möchten wir nur das Beste, und deshalb möchten wir Ihnen <b>Baby-Liegestuhl Béaba Up & Down I - Nymphea</b> vorstellen, perfekt für alle, die qualitativ hochwertige Produkte für die Kleinsten suchen. Kaufen Sie <b>Béaba</b> zu den besten Preisen!<br><br><ul><li>Art: Hängematte</li><li>Merkmale: <ul><li>Verstellbare Rückenlehne</li><li>Einstellbare Höhe</li><li>Ergonomische Polsterung</li></ul></li><li>Max. unterstütztes Gewicht: 9 kg</li><li>Montage: Ja</li><li>Empfohlene verwe",Pop Pulse Emporium,https://cdnbigbuy.com/images/3384349150389_S7102084_P02.jpg,https://cdnbigbuy.com/images/3384349150389_S7102084_P22.jpg,,,148.32,25,NEW,63.5,15.5,58.0,5.8,57086.5,EUR,2,8,3
S6101834,8414580021102,de-AT,Gardening & DIY,Katzentoilette Menforsan,"Wenn Sie auf der Suche nach trendigen Neuheiten auf dem Markt sind, präsentieren wir Ihnen <b>Katzentoilette Menforsan</b>!<br><br><ul><li>Art: <ul><l","Wenn Sie auf der Suche nach trendigen Neuheiten auf dem Markt sind, präsentieren wir Ihnen <b>Katzentoilette Menforsan</b>!<br><br><ul><li>Art: <ul><li>Haustiere</li><li>Katzentoilette</li></ul></li><li>Haustier: Katze</li></ul>",Pop Pulse Emporium,https://cdnbigbuy.com/images/8414580021102_00_WBG0.jpg,,,,189.69,2,NEW,30.13,26.06,24.41,2.57,19166.43,EUR,2,8,3
S0392842,0197853085657,de-AT,Gardening & DIY,Handtasche Michael Kors Reed,"Wenn Sie auf der Suche nach trendigen Neuheiten auf dem Markt sind, präsentieren wir Ihnen <b>Handtasche Michael Kors Reed</b>!<br><br><ul><li>Art: Da","Wenn Sie auf der Suche nach trendigen Neuheiten auf dem Markt sind, präsentieren wir Ihnen <b>Handtasche Michael Kors Reed</b>!<br><br><ul><li>Art: Damen Handtasche</li><li>Farbe: Schwarz</li><li>Material: Canvas-Stoff</li><li>Enthalten: Enthält Markenetui oder -hülle</li><li>Maße ca.: 20 x 14 x 19 cm</li></ul>",Pop Pulse Emporium,https://cdnbigbuy.com/images/0197853085657_S0392842_P00.jpg,https://cdnbigbuy.com/images/0197853085657_S0392842_P10.jpg,https://cdnbigbuy.com/images/0197853085657_S0392842_P20.jpg,,141.12,10,NEW,10.0,10.0,10.0,0.3,1000.0,EUR,2,8,3
S2228322,4899888686750,de-AT,Gardening & DIY,Mülltonne Tontarelli Patty Blau (4 Stück),"Wenn Sie bei der Einrichtung ihres Heims Wert auf Details legen und bei Produkten, die Ihnen das Leben leichter machen, auf dem letzten Stand sein möc","Wenn Sie bei der Einrichtung ihres Heims Wert auf Details legen und bei Produkten, die Ihnen das Leben leichter machen, auf dem letzten Stand sein möchten, dann kaufen Sie <b>Mülltonne Tontarelli Patty Blau (4 Stück)</b> zum besten Preis.<br><br><ul><li>Art: Haushalt</li><li>Farbe: Blau</li><li>Stück: 4 Stück</li><li>Maße ca.: 39 x 32,5 x 41 cm</li></ul>",Pop Pulse Emporium,https://cdnbigbuy.com/images/8009404263723_00_WBG_icon2.jpg,https://cdnbigbuy.com/images/8009404263723_00_WBG2.jpg,,,100.48,10,NEW,39.0,32.0,41.0,9.62,51168.0,EUR,2,8,3
S71014885,4066529016225,de-AT,Gardening & DIY,Schlauchtrommel Kärcher HBX 4.15 Metall 15 m,"Wenn Sie auf der Suche nach trendigen Neuheiten auf dem Markt sind, präsentieren wir Ihnen <b>Schlauchtrommel Kärcher HBX 4.15 Metall 15 m</b>!<br><br","Wenn Sie auf der Suche nach trendigen Neuheiten auf dem Markt sind, präsentieren wir Ihnen <b>Schlauchtrommel Kärcher HBX 4.15 Metall 15 m</b>!<br><br><ul><li>Farbe: Schwarz</li><li>Material: Metall</li><li>Länge: 15 m</li><li>Rohrlänge: 15 m</li></ul>",Pop Pulse Emporium,https://cdnbigbuy.com/images/4066529016225_S71014885_P00.jpg,https://cdnbigbuy.com/images/4066529016225_S71014885_P10.jpg,https://cdnbigbuy.com/images/4066529016225_S71014885_P20.jpg,https://cdnbigbuy.com/images/4066529016225_S71014885_P30.jpg,167.64,5,NEW,60.0,27.0,51.0,11.48,82620.0,EUR,2,8,3
S0464593,5055374712368,de-AT,Gardening & DIY,Babyphone mit Kamera Motorola VM75,"Wenn Sie auf der Suche nach trendigen Neuheiten auf dem Markt sind, präsentieren wir Ihnen <b>Babyphone mit Kamera Motorola VM75</b>!<br><br><ul><li>A","Wenn Sie auf der Suche nach trendigen Neuheiten auf dem Markt sind, präsentieren wir Ihnen <b>Babyphone mit Kamera Motorola VM75</b>!<br><br><ul><li>Art: Babyphone mit Kamera</li><li>Steckbares Produkt: Ja</li><li>Steckertyp: EU-Stecker</li><li>Funktionen: Kamera/Fotoapparat</li></ul>",Pop Pulse Emporium,https://cdnbigbuy.com/images/5055374712368_R00.jpg,https://cdnbigbuy.com/images/5055374712368_R10.jpg,,,110.26,4,NEW,19.04,16.51,12.15,0.68,3819.36,EUR,2,8,3
S55245590,0763649167649,de-AT,Gardening & DIY,Externe Festplatte Seagate STKY1000400 Schwarz 1 TB HDD,"Wenn Sie sich leidenschaftlich mit <b>IT und Elektronik</b> beschäftigen, mit der Technologie auf dem neuesten Stand sein wollen und nicht einmal die ","Wenn Sie sich leidenschaftlich mit <b>IT und Elektronik</b> beschäftigen, mit der Technologie auf dem neuesten Stand sein wollen und nicht einmal die winzigsten Einzelheiten auslassen, kaufen Sie <b>Externe Festplatte Seagate STKY1000400 Schwarz 1 TB HDD</b>.<br><br><ul><li>Art: Externe Festplatte</li><li>Farbe: Schwarz</li><li>Anschlüsse: <ul><li>Micro USB B</li><li>USB 3.2</li><li>USB</li></ul></li><li>Festplatte: <ul><li>1 TB HDD</li><li>1 TB SSD</li></ul></li><li>Enthalten: USB-Kabel</li><li",Pop Pulse Emporium,https://cdnbigbuy.com/images/671483840.jpg,https://cdnbigbuy.com/images/671483890.jpg,https://cdnbigbuy.com/images/671483880.jpg,https://cdnbigbuy.com/images/671483870.jpg,101.09,1,NEW,2.09,8.0,11.53,0.27,192.78,EUR,2,8,3
S7198418,5056446100250,de-AT,Gardening & DIY,"Luftmatratze Kampa 1,98 x 1,30 m Blau","Bleiben Sie in Form und entdecken Sie die neuesten Innovationen der Branche, um mit den besten Voraussetzungen Sport zu betreiben! Kaufen Sie <b>Luftm","Bleiben Sie in Form und entdecken Sie die neuesten Innovationen der Branche, um mit den besten Voraussetzungen Sport zu betreiben! Kaufen Sie <b>Luftmatratze Kampa 1,98 x 1,30 m Blau</b> zum besten Preis und genießen Sie ein gesundes Leben!<br><br><ul><li>Farbe: Blau</li><li>Art: Luftmatratze</li><li>Maße ca.: 1,98 x 1,30 m</li><li>Batteriebetrieben: AAA x 1, im lieferumfang enthalten</li></ul>",Pop Pulse Emporium,https://cdnbigbuy.com/images/5056446100250_S7198418_P00.jpg,,,,179.02,1,NEW,65.0,29.0,29.0,6.8,54665.0,EUR,2,8,3
S0389006,0091661527241,de-AT,Gardening & DIY,Damenuhr Guess GW0408L3 (Ø 39 mm),"Wenn Sie mit den neuesten Mode und Accessoire-Trends schritthalten wollen, kaufen Sie <b>Damenuhr Guess GW0408L3 (Ø 39 mm)</b> zum besten Preis.<br><b","Wenn Sie mit den neuesten Mode und Accessoire-Trends schritthalten wollen, kaufen Sie <b>Damenuhr Guess GW0408L3 (Ø 39 mm)</b> zum besten Preis.<br><br><ul><li>Geschlecht: Damen</li><li>Extra Links: Kein</li><li>Typ der Uhr: Armbanduhr</li><li>Material des Armbands: Leder</li><li>Uhrengehäuse-Material: Edelstahl</li><li>Uhrwerk: Quarz</li><li>Kristall: Mineral</li><li>Wasserdicht: 5 atm</li><li>Enthalten: Enthält Markenetui oder -hülle</li><li>Verschluss Armband: Schließe</li><li>Farbe der Krone",Pop Pulse Emporium,https://cdnbigbuy.com/images/0091661527241_S0389006_P00.jpg,https://cdnbigbuy.com/images/0091661527241_S0389006_P10.jpg,https://cdnbigbuy.com/images/0091661527241_S0389006_P20.jpg,https://cdnbigbuy.com/images/85365_mandatory-watch0.jpg,135.51,25,NEW,32.0,19.0,10.0,0.4,6080.0,EUR,2,8,3
S71016730,0074451129191,de-AT,Gardening & DIY,Spielmatte Ingenuity Stoff Foam 6 Stücke (6 Stück),"Wenn Sie auf der Suche nach trendigen Neuheiten auf dem Markt sind, präsentieren wir Ihnen <b>Spielmatte Ingenuity Stoff Foam 6 Stücke (6 Stück)</b>!","Wenn Sie auf der Suche nach trendigen Neuheiten auf dem Markt sind, präsentieren wir Ihnen <b>Spielmatte Ingenuity Stoff Foam 6 Stücke (6 Stück)</b>!",Pop Pulse Emporium,https://cdnbigbuy.com/images/0074451129191_S71016730_P00.jpg,https://cdnbigbuy.com/images/0074451129191_S71016730_P10.jpg,https://cdnbigbuy.com/images/0074451129191_S71016730_P20.jpg,https://cdnbigbuy.com/images/0074451129191_S71016730_P30.jpg,116.07,10,NEW,21.57,45.29,32.87,2.2,32110.88,EUR,2,8,3
S0391976,7613272577014,de-AT,Gardening & DIY,Damenuhr Tommy Hilfiger 1782703 (Ø 38 mm),"Wenn Sie auf der Suche nach trendigen Neuheiten auf dem Markt sind, präsentieren wir Ihnen <b>Damenuhr Tommy Hilfiger 1782703 (Ø 38 mm)</b>!<br><br><u","Wenn Sie auf der Suche nach trendigen Neuheiten auf dem Markt sind, präsentieren wir Ihnen <b>Damenuhr Tommy Hilfiger 1782703 (Ø 38 mm)</b>!<br><br><ul><li>Geschlecht: Damen</li><li>Extra Links: Kein</li><li>Typ der Uhr: Armbanduhr</li><li>Material des Armbands: Edelstahl</li><li>Uhrengehäuse-Material: Edelstahl</li><li>Uhrwerk: Quarz</li><li>Kristall: Mineral</li><li>Wasserdicht: 5 atm</li><li>Enthalten: Enthält Markenetui oder -hülle</li><li>Farbe der Krone: Grau</li><li>Farbe des Uhrengehäuse",Pop Pulse Emporium,https://cdnbigbuy.com/images/7613272577014_S0391976_P00.jpg,https://cdnbigbuy.com/images/7613272577014_S0391976_P10.jpg,https://cdnbigbuy.com/images/7613272577014_S0391976_P20.jpg,https://cdnbigbuy.com/images/88337_mandatory-watch0.jpg,150.48,5,NEW,32.0,19.0,10.0,0.4,6080.0,EUR,2,8,3
S37115756,5998167750188,de-AT,Gardening & DIY,Armlehne Armster HYUNDAI i20 2020 Polyskin,Statten Sie Ihr Fahrzeug mit den neuesten Produkten aus - kaufen Sie <b>Armlehne Armster HYUNDAI i20 2020 Polyskin</b> und verpassen Sie kein Detail!<,"Statten Sie Ihr Fahrzeug mit den neuesten Produkten aus - kaufen Sie <b>Armlehne Armster HYUNDAI i20 2020 Polyskin</b> und verpassen Sie kein Detail!<br><br><p>Der <b>Armster 3 Armlehne</b> für den <b>Hyundai i20 2020</b> ist ein speziell entwickeltes Zubehör, das eine ergonomische und funktionale Ergänzung für die Mittelkonsole dieses Modells bietet. Hergestellt von Armster, passt diese <b>schwarze Mittelarmlehne</b> dank ihres maßgeschneiderten Designs und des mitgelieferten spezifischen Adapt",Pop Pulse Emporium,https://cdnbigbuy.com/images/5998167750188_S37115756_P00.jpg,https://cdnbigbuy.com/images/5998167750188_S37115756_P40.jpg,https://cdnbigbuy.com/images/5998167750188_S37115756_P50.jpg,https://cdnbigbuy.com/images/5998167750188_S37115756_P60.jpg,127.29,1,NEW,35.0,25.0,25.0,8.0,21875.0,EUR,2,8,3
