id_offer,ean,locale,category,title,short_description,description,manufacturer,picture_1,picture_2,picture_3,picture_4,price_cs,quantity,condition,length,width,height,weight,content_volume,currency,handling_time,delivery_time_max,delivery_time_min
S72105362,8434103509887,de-DE,Gardening & DIY,Herrenuhr Radiant RAS11001,"Wenn Sie mit den neuesten Mode und Accessoire-Trends schritthalten wollen, kaufen Sie <b>Herrenuhr Radiant RAS11001</b> zum besten Preis.<br><br><ul><","Wenn Sie mit den neuesten Mode und Accessoire-Trends schritthalten wollen, kaufen Sie <b>Herrenuhr Radiant RAS11001</b> zum besten Preis.<br><br><ul><li>Geschlecht: Herren</li><li>Extra Links: Kein</li><li>Typ der Uhr: Armbanduhr</li></ul>",Pop Pulse Emporium,https://cdnbigbuy.com/images/8434103509887_R00.jpg,https://cdnbigbuy.com/images/104374_mandatory-watch0.jpg,,,111.44,16,NEW,14.15,12.43,10.11,0.3,1778.19,EUR,2,8,3
S7161254,8718696170717,de-DE,Gardening & DIY,Tischlampe Philips Hue Color Play Schwarz 530 Lm,"Wenn Sie bei der Einrichtung ihres Heims Wert auf Details legen und bei Produkten, die Ihnen das Leben leichter machen, auf dem letzten Stand sein möc","Wenn Sie bei der Einrichtung ihres Heims Wert auf Details legen und bei Produkten, die Ihnen das Leben leichter machen, auf dem letzten Stand sein möchten, dann kaufen Sie <b>Tischlampe Philips Hue Color Play Schwarz 530 Lm</b> zum besten Preis.<br><br><ul><li>Art: <ul><li>Tischlampe</li><li>LED Leicht</li></ul></li><li>Steckbares Produkt: Ja</li><li>Steckertyp: EU-Stecker</li><li>IP-Klassifizierung: IP20</li><li>Farbtemperatur: 6500 K</li><li>Farbe: Schwarz</li><li>Material: <ul><li>Synthetisch",Pop Pulse Emporium,https://cdnbigbuy.com/images/8718696170717_R01.jpg,https://cdnbigbuy.com/images/8718696170717_R11.jpg,https://cdnbigbuy.com/images/8718696170717_R101.jpg,https://cdnbigbuy.com/images/8718696170717_R121.jpg,118.31,19,NEW,30.0,9.8,10.4,0.8,3057.6,EUR,2,8,3
M0115411,3365440375079,de-DE,Gardening & DIY,Herrenparfüm Yves Saint Laurent La Nuit De L'homme EDT,"<p>Lassen Sie das<strong> 100 % Original-Herrenparfüm Yves Saint Laurent La Nuit De L'homme EDT</strong> Sie &uuml;berraschen, und definieren Sie Ihre","<p>Lassen Sie das<strong> 100 % Original-Herrenparfüm Yves Saint Laurent La Nuit De L'homme EDT</strong> Sie &uuml;berraschen, und definieren Sie Ihre Pers&ouml;nlichkeit mit dem <strong>M&auml;nnerparfum</strong> mit einzigartigem, pers&ouml;nlichen Duft. Entdecken Sie die <strong>100 % Original-Produkte von Yves Saint Laurent</strong>!</p><br><br><ul><li>Kapazität: 100 ml</li><li>Art: EDT (Eau de Toilette)</li><li>Name des Parfüms: La Nuit De L'homme</li><li>Geschlecht: Herren</li><li>Wichtige",Pop Pulse Emporium,https://cdnbigbuy.com/images/M0115411_P00.jpg,,,,122.41,4,NEW,8.0,8.0,18.0,0.1,1152.0,EUR,2,8,3
S8421122,4977766673389,de-DE,Gardening & DIY,Selbstfärbestempel Brother 4090 Schwarz (6 Stück),"Gehen Sie zurück ins Büro, ohne Details zu vergessen: Kaufen Sie <b>Selbstfärbestempel Brother 4090 Schwarz (6 Stück)</b> und seien Sie der Neid Ihrer","Gehen Sie zurück ins Büro, ohne Details zu vergessen: Kaufen Sie <b>Selbstfärbestempel Brother 4090 Schwarz (6 Stück)</b> und seien Sie der Neid Ihrer Kollegen!<br><br><ul><li>Art: Fassung</li><li>Farbe: Schwarz</li><li>Stück: 6 Stück</li></ul>",Pop Pulse Emporium,https://cdnbigbuy.com/images/S8421122_P01.jpg,,,,106.41,1,NEW,6.0,6.0,10.0,0.2,360.0,EUR,2,8,3
S9139400,0064992560171,de-DE,Gardening & DIY,"Futter Acana Classics Prairie Poultry Erwachsener Huhn 14,5 kg","Wenn Sie auf der Suche nach trendigen Neuheiten auf dem Markt sind, präsentieren wir Ihnen <b>Futter Acana Classics Prairie Poultry Erwachsener Huhn 1","Wenn Sie auf der Suche nach trendigen Neuheiten auf dem Markt sind, präsentieren wir Ihnen <b>Futter Acana Classics Prairie Poultry Erwachsener Huhn 14,5 kg</b>!<br><br><ul><li>Haustier: Hund</li><li>Art: Futter</li><li>Empfohlenes Alter: <ul><li>Erwachsener</li><li>Erwachsene</li></ul></li><li>Form: Solide</li><li>Geschmack: Huhn</li><li>Wichtige informationen: <ul><li>Ohne Konservierungsstoffe</li><li>Laktosefrei</li><li>Zuckerfrei</li><li>Soja-frei</li></ul></li><li>Inhaltsstoffe: <ul><li>Glu",Pop Pulse Emporium,https://cdnbigbuy.com/images/0064992560171_S9139400_P01.jpg,,,,138.9,25,NEW,54.0,14.0,38.0,17.2,28728.0,EUR,2,8,3
S7274794,8430622595066,de-DE,Gardening & DIY,Herrenuhr Festina F16716/1 Silberfarben,"Wenn Sie mit den neuesten Mode und Accessoire-Trends schritthalten wollen, kaufen Sie <b>Herrenuhr Festina F16716/1 Silberfarben</b> zum besten Preis.","Wenn Sie mit den neuesten Mode und Accessoire-Trends schritthalten wollen, kaufen Sie <b>Herrenuhr Festina F16716/1 Silberfarben</b> zum besten Preis.<br><br><ul><li>Geschlecht: Herren</li><li>Extra Links: Kein</li><li>Typ der Uhr: Armbanduhr</li><li>Land/Region der Herstellung: China</li><li>Jahr: 2019</li><li>Material des Armbands: Edelstahl</li><li>Material des Gehäuses: Edelstahl</li><li>Farbe: Silberfarben</li><li>Durchmesser: 36 mm</li><li>Uhrwerk: Quarz</li><li>Batteriebetrieben: 1 Litio ",Pop Pulse Emporium,https://cdnbigbuy.com/images/8430622595066_S7274794_P01.jpg,https://cdnbigbuy.com/images/73851_mandatory-watch1.jpg,,,158.83,50,NEW,14.15,12.43,10.11,0.3,1778.19,EUR,2,8,3
S0392132,0197853085183,de-DE,Gardening & DIY,Handtasche Michael Kors Avril,"Wenn Sie auf der Suche nach trendigen Neuheiten auf dem Markt sind, präsentieren wir Ihnen <b>Handtasche Michael Kors Avril</b>!<br><br><ul><li>Farbe:","Wenn Sie auf der Suche nach trendigen Neuheiten auf dem Markt sind, präsentieren wir Ihnen <b>Handtasche Michael Kors Avril</b>!<br><br><ul><li>Farbe: Blau</li><li>Material: Canvas-Stoff</li><li>Verschluss Armband: Reißverschluss</li><li>Enthalten: Enthält Markenetui oder -hülle</li><li>Maße ca.: 19 x 16 x 9 cm</li></ul>",Pop Pulse Emporium,https://cdnbigbuy.com/images/0197853085183_S0392132_P00.jpg,https://cdnbigbuy.com/images/0197853085183_S0392132_P10.jpg,https://cdnbigbuy.com/images/0197853085183_S0392132_P20.jpg,,158.05,21,NEW,10.0,10.0,10.0,0.3,1000.0,EUR,2,8,3
S91099223,3701127706499,de-DE,Gardening & DIY,Toilettenabdeckung Aston 500431 Blau Weiß,"Wenn Sie bei der Einrichtung ihres Heims Wert auf Details legen und bei Produkten, die Ihnen das Leben leichter machen, auf dem letzten Stand sein möc","Wenn Sie bei der Einrichtung ihres Heims Wert auf Details legen und bei Produkten, die Ihnen das Leben leichter machen, auf dem letzten Stand sein möchten, dann kaufen Sie <b>Toilettenabdeckung Aston 500431 Blau Weiß</b> zum besten Preis.<br><br><ul><li>Art: Erweiterung</li><li>Farbe: <ul><li>Blau</li><li>Weiß</li></ul></li><li>Material: Polypropylen</li><li>Batteriebetrieben: Kein</li></ul>",Pop Pulse Emporium,https://cdnbigbuy.com/images/3701127706499_R00.jpg,,,,142.11,5,NEW,45.0,46.0,21.5,6.25,44505.0,EUR,2,8,3
S3031607,8424001999767,de-DE,Gardening & DIY,Deckenlampe DKD Home Decor Golden 50 W (43 x 43 x 61 cm),"<p>Wenn Sie Ihrem Zuhause einen Hauch von Originalität verleihen möchten, tun Sie dies mit <b>Deckenlampe DKD Home Decor Golden 50 W (43 x 43 x 61 cm)","<p>Wenn Sie Ihrem Zuhause einen Hauch von Originalität verleihen möchten, tun Sie dies mit <b>Deckenlampe DKD Home Decor Golden 50 W (43 x 43 x 61 cm)</b>.</p><br><br><ul><li>Design: Antiker Finish</li><li>Art: Deckenlampe</li><li>Farbe: Gold</li><li>Material: Eisen</li><li>Leistung: 50 W</li><li>groß: 61 cm</li><li>Kappe: E27</li><li>Spannung: 220 V</li><li>Glühbirnen: 1</li><li>Nicht erhalten: Glühbirne</li><li>Maße ca.: 43 x 43 x 61 cm</li><li>Land/Region der Herstellung: Spanien</li><li>Stro",Pop Pulse Emporium,https://cdnbigbuy.com/images/8424001999767_S3031607_P54.jpg,https://cdnbigbuy.com/images/8424001999767_S3031607_P44.jpg,https://cdnbigbuy.com/images/8424001999767_S3031607_P34.jpg,https://cdnbigbuy.com/images/8424001999767_S3031607_P24.jpg,105.05,25,NEW,43.0,59.0,43.0,7.0,109091.0,EUR,2,8,3
S71009811,5410527152444,de-DE,Gardening & DIY,Blumentopf Garden ID,"Wenn Sie bei der Einrichtung ihres Heims Wert auf Details legen und bei Produkten, die Ihnen das Leben leichter machen, auf dem letzten Stand sein möc","Wenn Sie bei der Einrichtung ihres Heims Wert auf Details legen und bei Produkten, die Ihnen das Leben leichter machen, auf dem letzten Stand sein möchten, dann kaufen Sie <b>Blumentopf Garden ID</b> zum besten Preis.<br><br><ul><li>Art: Blumentopf</li></ul>",Pop Pulse Emporium,https://cdnbigbuy.com/images/5410527152444_S71009811_P00.jpg,https://cdnbigbuy.com/images/5410527152444_S71009811_P20.jpg,https://cdnbigbuy.com/images/5410527152444_S71009811_P10.jpg,,116.72,5,NEW,50.0,50.0,41.0,6.02,102500.0,EUR,2,8,3
S5630973,4044951041800,de-DE,Gardening & DIY,ATX Semi-Tower Gehäuse Sharkoon MK6 RGB,"Wenn Sie sich leidenschaftlich mit <b>IT und Elektronik</b> beschäftigen, mit der Technologie auf dem neuesten Stand sein wollen und nicht einmal die ","Wenn Sie sich leidenschaftlich mit <b>IT und Elektronik</b> beschäftigen, mit der Technologie auf dem neuesten Stand sein wollen und nicht einmal die winzigsten Einzelheiten auslassen, kaufen Sie <b>ATX Semi-Tower Gehäuse Sharkoon MK6 RGB</b>.<br><br><ul><li>Farbe: Schwarz</li><li>Art: ATX Semi-Tower Gehäuse</li></ul>",Pop Pulse Emporium,https://cdnbigbuy.com/images/4044951041800_S5630973_P00.jpg,,,,107.66,2,NEW,50.74,40.68,43.28,6.59,89334.39,EUR,2,8,3
S72123150,4894327112609,de-DE,Gardening & DIY,Brillenfassung Yohji Yamamoto YY1006 47620,"Wenn Sie Ihren Kleiderschrank erneuern möchten, empfehlen wir Ihnen <b>Brillenfassung Yohji Yamamoto YY1006 47620</b> und weitere <b> Produkte von Yoh","Wenn Sie Ihren Kleiderschrank erneuern möchten, empfehlen wir Ihnen <b>Brillenfassung Yohji Yamamoto YY1006 47620</b> und weitere <b> Produkte von Yohji Yamamoto</b>! Jetzt für Sie die beste Qualität zum besten Preis!<br><br><ul><li>Geschlecht: Unisex</li><li>Merkmale: Gläser ohne Sehstärke</li><li>Art: Brillenfassung</li></ul>",Pop Pulse Emporium,https://cdnbigbuy.com/images/4894327112609_S72123150_P00.jpg,https://cdnbigbuy.com/images/4894327112609_S72123150_P10.jpg,https://cdnbigbuy.com/images/4894327112609_S72123150_P20.jpg,,117.77,25,NEW,9.9,10.0,9.94,0.29,984.06,EUR,2,8,3
S9145788,5901750503825,de-DE,Gardening & DIY,Kabelloser Staubsauger mit Bürste und ohne Beutel Blaupunkt VCH602BL,"Wenn Sie Haushaltsgeräte zum besten Großhandelspreis suchen, dann verpassen Sie nicht Ihre Chance auf <b>Kabelloser Staubsauger mit Bürste und ohne Be","Wenn Sie Haushaltsgeräte zum besten Großhandelspreis suchen, dann verpassen Sie nicht Ihre Chance auf <b>Kabelloser Staubsauger mit Bürste und ohne Beutel Blaupunkt VCH602BL</b> sowie ein breites Sortiment an kleinen Haushaltsgeräten!<br><br><ul><li>Art: <ul><li>Ohne Tasche</li><li>Trocken</li></ul></li><li>Farbe: <ul><li>Blau</li><li>Schwarz</li><li>Schwarz/Blau</li></ul></li><li>Ungefähre Reichweite: 30 Minuten</li><li>Kapazität: 700 ml</li><li>Stromquelle: Batterie</li><li>AC input frequency:",Pop Pulse Emporium,https://cdnbigbuy.com/images/5901750503825_S9145788_P20.jpg,https://cdnbigbuy.com/images/5901750503825_S9145788_P60.jpg,https://cdnbigbuy.com/images/5901750503825_S9145788_P50.jpg,https://cdnbigbuy.com/images/5901750503825_S9145788_P40.jpg,119.78,5,NEW,27.5,62.0,15.5,3.4,26427.5,EUR,2,8,3
S7203715,8054726933045,de-DE,Gardening & DIY,Herrenuhr Light Time SPEED WAY (Ø 48 mm),"Wenn Sie mit den neuesten Mode und Accessoire-Trends schritthalten wollen, kaufen Sie <b>Herrenuhr Light Time SPEED WAY (Ø 48 mm)</b> zum besten Preis","Wenn Sie mit den neuesten Mode und Accessoire-Trends schritthalten wollen, kaufen Sie <b>Herrenuhr Light Time SPEED WAY (Ø 48 mm)</b> zum besten Preis.<br><br><ul><li>Art: Armbanduhr</li><li>Geschlecht: Herren</li><li>Extra Links: Kein</li><li>Typ der Uhr: Armbanduhr</li><li>Funktionen: <ul><li>Datum</li><li>Stoppuhr</li></ul></li><li>Material des Armbands: Silikon</li><li>Enthalten: Enthält Markenetui oder -hülle</li><li>Wasserdicht: 5 atm</li><li>Kristall: Mineral</li><li>Uhrwerk: Quarz</li><l",Pop Pulse Emporium,https://cdnbigbuy.com/images/8054726933045_S7203715_P01.jpg,https://cdnbigbuy.com/images/3716_mandatory-watch1.jpg,,,108.79,18,NEW,32.0,19.0,10.0,0.4,6080.0,EUR,2,8,3
S72109437,4549526394492,de-DE,Gardening & DIY,Herrenuhr Casio MTP-1302PGC-5AVEF Braun,"Wenn Sie mit den neuesten Mode und Accessoire-Trends schritthalten wollen, kaufen Sie <b>Herrenuhr Casio MTP-1302PGC-5AVEF Braun</b> zum besten Preis.","Wenn Sie mit den neuesten Mode und Accessoire-Trends schritthalten wollen, kaufen Sie <b>Herrenuhr Casio MTP-1302PGC-5AVEF Braun</b> zum besten Preis.<br><br><ul><li>Batteriebetrieben: Ja</li><li>Geschlecht: Herren</li><li>Extra Links: Kein</li><li>Typ der Uhr: Armbanduhr</li><li>Farbe: Braun</li><li>Material des Armbands: Edelstahl</li><li>Material des Gehäuses: Edelstahl</li><li>Farbe des Bandes: Gold</li><li>Batterie-Typ: LR44</li><li>Typ der garantie: Vom hersteller</li><li>Uhrwerk: Quarz</l",Pop Pulse Emporium,https://cdnbigbuy.com/images/4549526394492_S72109437_P00.jpg,https://cdnbigbuy.com/images/108449_mandatory-watch0.jpg,,,123.39,1,NEW,14.15,12.43,10.11,0.3,1778.19,EUR,2,8,3
S72118540,4894138362354,de-DE,Gardening & DIY,Herrenuhr Lorus RT375KX9,"Wenn Sie auf der Suche nach trendigen Neuheiten auf dem Markt sind, präsentieren wir Ihnen <b>Herrenuhr Lorus RT375KX9</b>!<br><br><ul><li>Geschlecht:","Wenn Sie auf der Suche nach trendigen Neuheiten auf dem Markt sind, präsentieren wir Ihnen <b>Herrenuhr Lorus RT375KX9</b>!<br><br><ul><li>Geschlecht: Herren</li><li>Extra Links: Kein</li><li>Typ der Uhr: Armbanduhr</li></ul>",Pop Pulse Emporium,https://cdnbigbuy.com/images/4894138362354_S72118540_P00.jpg,https://cdnbigbuy.com/images/117552_mandatory-watch0.jpg,,,151.99,2,NEW,14.15,12.43,10.11,0.3,1778.19,EUR,2,8,3
M0511880,4026631057769,de-DE,Gardening & DIY,Aktenvernichter Hsm X10 20 L,"Gehen Sie zurück ins Büro, ohne Details zu vergessen: Kaufen Sie <b>Aktenvernichter Hsm X10 20 L</b> und seien Sie der Neid Ihrer Kollegen!<br><br><ul","Gehen Sie zurück ins Büro, ohne Details zu vergessen: Kaufen Sie <b>Aktenvernichter Hsm X10 20 L</b> und seien Sie der Neid Ihrer Kollegen!<br><br><ul><li>AC input voltage: 230 V</li><li>Maße ca.: 34,5 x 5 x 24,5 cm</li><li>Kapazität: <ul><li>10 Blatt</li><li>20 L</li></ul></li><li>groß: 44,5 cm</li><li>Sicherheit: P-4</li><li>Merkmale: <ul><li>Überhitzungsschutz</li><li>Tasten-Steuerung</li><li>Automatisch</li></ul></li><li>Breite: 34,5 cm</li><li>Geräuschpegel: 58 dB</li><li>Control Typ: Taste",Pop Pulse Emporium,https://cdnbigbuy.com/images/4026631057769_M0511880_P00.jpg,https://cdnbigbuy.com/images/4026631057769_I50.jpg,https://cdnbigbuy.com/images/4026631057769_I60.jpg,https://cdnbigbuy.com/images/4026631057769_I90.jpg,173.69,4,NEW,34.5,24.5,44.5,6.2,37613.62,EUR,2,8,3
S3721327,8033280392291,de-DE,Gardening & DIY,Herren Sweater ohne Kapuze Sparco Martini Racing Marineblau,"Wenn Sie Ihren Kleiderschrank erneuern möchten, empfehlen wir Ihnen <b>Herren Sweater ohne Kapuze Sparco Martini Racing Marineblau</b> und weitere <b>","Wenn Sie Ihren Kleiderschrank erneuern möchten, empfehlen wir Ihnen <b>Herren Sweater ohne Kapuze Sparco Martini Racing Marineblau</b> und weitere <b> Produkte von Sparco</b>! Jetzt für Sie die beste Qualität zum besten Preis!<br><br><ul><li>Farbe: Marineblau</li><li>Größe: XL</li><li>Art: Sweatshirts</li><li>Merkmale: <ul><li>Reißverschlusshalter</li><li>In der Maschine waschbar</li></ul></li><li>Material: 100 % Baumwolle</li><li>Gewicht: 300 g/m²</li><li>Geschlecht: Unisex-Erwachsene</li></ul>",Pop Pulse Emporium,https://cdnbigbuy.com/images/8033280392291_S3721327_P01.jpg,https://cdnbigbuy.com/images/21037_mandatory-motor1.jpg,,,130.34,8,NEW,10.0,10.0,5.0,1.0,500.0,EUR,2,8,3
S0361538,9009654483543,de-DE,Gardening & DIY,Damenarmreif Karl Lagerfeld 5448354 20 cm,"Wir präsentieren <b>Damenarmreif Karl Lagerfeld 5448354 20 cm</b> und ein umfangreiches Sortiment von Ringen, Halsbändern, Armbändern, Ohrringen, usw.","Wir präsentieren <b>Damenarmreif Karl Lagerfeld 5448354 20 cm</b> und ein umfangreiches Sortiment von Ringen, Halsbändern, Armbändern, Ohrringen, usw. zu einem großartigen Preis. Erfahren Sie mehr über unsere exklusiven und eleganten Schmuck und Modeschmuck für jeden Geschmack und Stil.<br><br><ul><li>Art: <ul><li>Armreif</li><li>Damenarmreif</li></ul></li><li>Geschlecht: Damen</li><li>Farbe: Grau</li><li>Material: Edelstahl</li><li>Enthalten: Inklusive Markenetui</li><li>Maße ca.: 20 cm</li></u",Pop Pulse Emporium,https://cdnbigbuy.com/images/9009654483543_S0361538_P03.jpg,,,,107.43,2,NEW,10.0,10.0,10.0,0.3,1000.0,EUR,2,8,3
S71016733,0074451169685,de-DE,Gardening & DIY,Baby-Liegestuhl Ingenuity,"Wenn Sie auf der Suche nach trendigen Neuheiten auf dem Markt sind, präsentieren wir Ihnen <b>Baby-Liegestuhl Ingenuity</b>!","Wenn Sie auf der Suche nach trendigen Neuheiten auf dem Markt sind, präsentieren wir Ihnen <b>Baby-Liegestuhl Ingenuity</b>!",Pop Pulse Emporium,https://cdnbigbuy.com/images/0074451169685_S71016733_P00.jpg,https://cdnbigbuy.com/images/0074451169685_S71016733_P10.jpg,https://cdnbigbuy.com/images/0074451169685_S71016733_P20.jpg,https://cdnbigbuy.com/images/0074451169685_S71016733_P30.jpg,154.58,2,NEW,53.0,40.46,11.0,5.8,23588.18,EUR,2,8,3
S91115865,5702017583501,de-DE,Gardening & DIY,Konstruktionsspiel Lego 10334,"Wenn Sie auf der Suche nach trendigen Neuheiten auf dem Markt sind, präsentieren wir Ihnen <b>Konstruktionsspiel Lego 10334</b>!<br><br><ul><li>Empfoh","Wenn Sie auf der Suche nach trendigen Neuheiten auf dem Markt sind, präsentieren wir Ihnen <b>Konstruktionsspiel Lego 10334</b>!<br><br><ul><li>Empfohlenes Alter: + 18 Jahre</li><li>Enthalten: Montageanleitung</li></ul>",Pop Pulse Emporium,https://cdnbigbuy.com/images/5702017583501_S91115865_P00.jpg,https://cdnbigbuy.com/images/5702017583501_S91115865_P40.jpg,https://cdnbigbuy.com/images/5702017583501_S91115865_P50.jpg,https://cdnbigbuy.com/images/5702017583501_S91115865_P60.jpg,138.85,2,NEW,26.0,10.0,38.0,1.35,9880.0,EUR,2,8,3
S8421123,4977766673402,de-DE,Gardening & DIY,Selbstfärbestempel Brother (6 Stück),"Gehen Sie zurück ins Büro, ohne Details zu vergessen: Kaufen Sie <b>Selbstfärbestempel Brother (6 Stück)</b> und seien Sie der Neid Ihrer Kollegen!<br","Gehen Sie zurück ins Büro, ohne Details zu vergessen: Kaufen Sie <b>Selbstfärbestempel Brother (6 Stück)</b> und seien Sie der Neid Ihrer Kollegen!<br><br><ul><li>Farbe: Blau</li><li>Stück: 6 Stück</li></ul>",Pop Pulse Emporium,https://cdnbigbuy.com/images/S8421123_P00.jpg,https://cdnbigbuy.com/images/4977766673402_R00.jpg,,,106.41,2,NEW,7.8,7.8,8.0,0.11,486.72,EUR,2,8,3
S3061465,8424002210304,de-DE,Gardening & DIY,Stehlampe Home ESPRIT Beige Gold,"Wenn Sie auf der Suche nach trendigen Neuheiten auf dem Markt sind, präsentieren wir Ihnen <b>Stehlampe Home ESPRIT Beige Gold</b>!<br><br><ul><li>Art","Wenn Sie auf der Suche nach trendigen Neuheiten auf dem Markt sind, präsentieren wir Ihnen <b>Stehlampe Home ESPRIT Beige Gold</b>!<br><br><ul><li>Art: Stehlampe</li><li>Steckbares Produkt: Ja</li><li>Farbe: <ul><li>Beige</li><li>Gold</li></ul></li><li>Material: <ul><li>Eisen</li><li>Leinen</li></ul></li><li>Design: Moderne</li><li>Nicht erhalten: Glühbirne</li></ul>",Pop Pulse Emporium,https://cdnbigbuy.com/images/8424002210304_S3061465_P00.jpg,,,,150.08,10,NEW,33.33,32.35,41.05,6.6,44261.16,EUR,2,8,3
S5630927,8716309129114,de-DE,Gardening & DIY,HDMI Kabel GEMBIRD CCAP-HDMIDD-AOC-30M Schwarz 30 m,"Wenn Sie sich leidenschaftlich mit <b>IT und Elektronik</b> beschäftigen, mit der Technologie auf dem neuesten Stand sein wollen und nicht einmal die ","Wenn Sie sich leidenschaftlich mit <b>IT und Elektronik</b> beschäftigen, mit der Technologie auf dem neuesten Stand sein wollen und nicht einmal die winzigsten Einzelheiten auslassen, kaufen Sie <b>HDMI Kabel GEMBIRD CCAP-HDMIDD-AOC-30M Schwarz 30 m</b>.<br><br><ul><li>Art: Stecker</li><li>Farbe: Schwarz</li><li>Material: Gold</li><li>Anschlüsse: <ul><li>HDMI 2.0</li><li>HDCP</li></ul></li><li>Länge des Kabels: 30 m</li><li>Merkmale: Plug and play</li><li>Technologie: HDR</li><li>Unterstützte V",Pop Pulse Emporium,https://cdnbigbuy.com/images/8716309129114_S5630927_P00.jpg,,,,104.05,2,NEW,19.72,18.63,13.6,0.37,4996.42,EUR,2,8,3
S7175587,4018653992692,de-DE,Gardening & DIY,Sicherheitsnetz Kerbl 25 m Huhn,"Wenn Sie auf der Suche nach trendigen Neuheiten auf dem Markt sind, präsentieren wir Ihnen <b>Sicherheitsnetz Kerbl 25 m Huhn</b>!<br><br><ul><li>Art:","Wenn Sie auf der Suche nach trendigen Neuheiten auf dem Markt sind, präsentieren wir Ihnen <b>Sicherheitsnetz Kerbl 25 m Huhn</b>!<br><br><ul><li>Art: Sicherheitsnetz</li><li>groß: 106 cm</li><li>Maße ca.: 25 m</li><li>Haustier: Huhn</li></ul>",Pop Pulse Emporium,https://cdnbigbuy.com/images/4018653992692_S7175587_P11.jpg,https://cdnbigbuy.com/images/4018653992692_S7175587_P01.jpg,https://cdnbigbuy.com/images/4018653992692_S7175587_P51.jpg,,137.24,5,NEW,121.0,18.0,16.0,5.3,34848.0,EUR,2,8,3
S37115593,5998167750423,de-DE,Gardening & DIY,Armlehne Armster RENAULT CLIO 2019 Polyskin,Statten Sie Ihr Fahrzeug mit den neuesten Produkten aus - kaufen Sie <b>Armlehne Armster RENAULT CLIO 2019 Polyskin</b> und verpassen Sie kein Detail!,"Statten Sie Ihr Fahrzeug mit den neuesten Produkten aus - kaufen Sie <b>Armlehne Armster RENAULT CLIO 2019 Polyskin</b> und verpassen Sie kein Detail!<br><br><p>Der <b>Armster 3 Mittelarmlehne</b>, speziell für den <b>Renault Clio 2019</b> entwickelt, bietet eine ergonomische und funktionale Lösung zur Steigerung des Fahrkomforts. Diese <b>Armlehne</b> wird einfach mit einem exklusiven Adapter für dieses Modell an der Mittelkonsole montiert und garantiert eine <b>maßgeschneiderte Passform</b>, d",Pop Pulse Emporium,https://cdnbigbuy.com/images/5998167750423_S37115593_P00.jpg,https://cdnbigbuy.com/images/5998167750423_S37115593_P40.jpg,https://cdnbigbuy.com/images/5998167750423_S37115593_P50.jpg,https://cdnbigbuy.com/images/5998167750423_S37115593_P60.jpg,127.29,1,NEW,35.0,25.0,25.0,8.0,21875.0,EUR,2,8,3
S0389280,0091661527159,de-DE,Gardening & DIY,Damenuhr Guess GW0410L4 (Ø 36 mm),"Wenn Sie auf der Suche nach trendigen Neuheiten auf dem Markt sind, präsentieren wir Ihnen <b>Damenuhr Guess GW0410L4 (Ø 36 mm)</b>!<br><br><ul><li>Ge","Wenn Sie auf der Suche nach trendigen Neuheiten auf dem Markt sind, präsentieren wir Ihnen <b>Damenuhr Guess GW0410L4 (Ø 36 mm)</b>!<br><br><ul><li>Geschlecht: Damen</li><li>Extra Links: Kein</li><li>Typ der Uhr: Armbanduhr</li><li>Material des Armbands: Edelstahl</li><li>Uhrengehäuse-Material: Edelstahl</li><li>Uhrwerk: Quarz</li><li>Kristall: Mineral</li><li>Wasserdicht: 5 atm</li><li>Enthalten: Enthält Markenetui oder -hülle</li><li>Verschluss Armband: Druck</li><li>Farbe der Krone: Lila</li>",Pop Pulse Emporium,https://cdnbigbuy.com/images/0091661527159_S7273694_P00.jpg,https://cdnbigbuy.com/images/0091661527159_S7273694_P20.jpg,https://cdnbigbuy.com/images/85639_mandatory-watch0.jpg,https://cdnbigbuy.com/images/0091661527159_S0389280_P00.jpg,113.04,1,NEW,32.0,19.0,10.0,0.4,6080.0,EUR,2,8,3
S3714168,8024055179360,de-DE,Gardening & DIY,Autofelge MOMO T-004-BLKN ET37,Statten Sie Ihr Fahrzeug mit den neuesten Produkten aus - kaufen Sie <b>Autofelge MOMO T-004-BLKN ET37</b> und verpassen Sie kein Detail!<br><br><ul><,"Statten Sie Ihr Fahrzeug mit den neuesten Produkten aus - kaufen Sie <b>Autofelge MOMO T-004-BLKN ET37</b> und verpassen Sie kein Detail!<br><br><ul><li>Tiefe der Felge (ET): ET37</li><li>Buchsengröße (CB): CB 72,3</li><li>Durchmesser: 16""</li><li>Breite: <ul><li>7,0 x 16""</li><li>70 cm</li><li>70</li></ul></li><li>Verankerung für Felge (PCD): PCD 5x114</li><li>Material: Aluminium</li><li>Gewicht: 8 kg</li><li>Format: 16""</li><li>Finish: Aluminium</li></ul>",Pop Pulse Emporium,https://cdnbigbuy.com/images/8024055179360_S3714168_P01.jpg,,,,191.32,1,NEW,55.0,55.0,35.0,12.0,105875.0,EUR,2,8,3
S0378634,7613272450645,de-DE,Gardening & DIY,Damenuhr Tommy Hilfiger (Ø 38 mm),"Wenn Sie mit den neuesten Mode und Accessoire-Trends schritthalten wollen, kaufen Sie <b>Damenuhr Tommy Hilfiger (Ø 38 mm)</b> zum besten Preis.<br><b","Wenn Sie mit den neuesten Mode und Accessoire-Trends schritthalten wollen, kaufen Sie <b>Damenuhr Tommy Hilfiger (Ø 38 mm)</b> zum besten Preis.<br><br><ul><li>Geschlecht: Damen</li><li>Extra Links: Kein</li><li>Typ der Uhr: Armbanduhr</li><li>Material des Armbands: Edelstahl</li><li>Uhrengehäuse-Material: Edelstahl</li><li>Uhrwerk: Quarz</li><li>Kristall: Mineral</li><li>Enthalten: Inklusive Markenetui</li><li>Verschluss Armband: Druck</li><li>Farbe der Krone: Weiß</li><li>Farbe des Uhrengehäus",Pop Pulse Emporium,https://cdnbigbuy.com/images/7613272450645_S0378634_P01.jpg,https://cdnbigbuy.com/images/74993_mandatory-watch1.jpg,,,128.01,2,NEW,32.0,19.0,10.0,0.4,6080.0,EUR,2,8,3
S72112354,8050506113669,de-DE,Gardening & DIY,Herrenarmreif Talent Jewels TJA-2-03-02-1-215 Silberfarben,"Wir präsentieren <b>Herrenarmreif Talent Jewels TJA-2-03-02-1-215 Silberfarben</b> und ein umfangreiches Sortiment von Ringen, Halsbändern, Armbändern","Wir präsentieren <b>Herrenarmreif Talent Jewels TJA-2-03-02-1-215 Silberfarben</b> und ein umfangreiches Sortiment von Ringen, Halsbändern, Armbändern, Ohrringen, usw. zu einem großartigen Preis. Erfahren Sie mehr über unsere exklusiven und eleganten Schmuck und Modeschmuck für jeden Geschmack und Stil.<br><br><ul><li>Art: Armreif</li><li>Geschlecht: Herren</li><li>Farbe: Silberfarben</li></ul>",Pop Pulse Emporium,https://cdnbigbuy.com/images/8050506113669_S72112354_P00.jpg,,,,123.12,5,NEW,10.0,10.0,10.0,0.3,1000.0,EUR,2,8,3
S0391216,0194900082171,de-DE,Gardening & DIY,Handtasche Michael Kors Jet Set Travel,"Wenn Sie auf der Suche nach trendigen Neuheiten auf dem Markt sind, präsentieren wir Ihnen <b>Handtasche Michael Kors Jet Set Travel</b>!<br><br><ul><","Wenn Sie auf der Suche nach trendigen Neuheiten auf dem Markt sind, präsentieren wir Ihnen <b>Handtasche Michael Kors Jet Set Travel</b>!<br><br><ul><li>Art: Handtasche</li><li>Geschlecht: Damen</li><li>Farbe: Blau</li><li>Material: Canvas-Stoff</li><li>Verschluss Armband: Reißverschluss</li><li>Enthalten: Enthält Markenetui oder -hülle</li><li>Maße ca.: 42 x 30 x 15 cm</li></ul>",Pop Pulse Emporium,https://cdnbigbuy.com/images/S0391216_1749553045-remove-background0.jpg,https://cdnbigbuy.com/images/0194900082171_S0391216_P20.jpg,https://cdnbigbuy.com/images/0194900082171_S0391216_P00.jpg,https://cdnbigbuy.com/images/0194900082171_S0391216_P10.jpg,165.45,8,NEW,10.0,10.0,10.0,0.3,1000.0,EUR,2,8,3
S55168712,4025112091902,de-DE,Gardening & DIY,Tastatur mit Drahtloser Maus Cherry JD-9500ES-2 Grau Spanisch Qwerty Spanisch,"Wenn Sie sich leidenschaftlich mit <b>IT und Elektronik</b> beschäftigen, mit der Technologie auf dem neuesten Stand sein wollen und nicht einmal die ","Wenn Sie sich leidenschaftlich mit <b>IT und Elektronik</b> beschäftigen, mit der Technologie auf dem neuesten Stand sein wollen und nicht einmal die winzigsten Einzelheiten auslassen, kaufen Sie <b>Tastatur mit Drahtloser Maus Cherry JD-9500ES-2 Grau Spanisch Qwerty Spanisch</b>.<br><br><ul><li>Art: <ul><li>Tastatur mit Maus</li><li>Tastatur mit Drahtloser Maus</li><li>Wireless</li><li>Universal</li><li>Numerische Tastatur</li></ul></li><li>Tastatur: <ul><li>Qwerty Spanisch</li><li>QWERTY</li><",Pop Pulse Emporium,https://cdnbigbuy.com/images/684956252.jpg,https://cdnbigbuy.com/images/684973502.jpg,https://cdnbigbuy.com/images/684974502.jpg,,181.51,50,NEW,50.3,20.22,10.46,0.91,10638.51,EUR,2,8,3
S7185035,4059433572680,de-DE,Gardening & DIY,Playset Schleich Adventure tree house 28 Stücke,"Für unsere Kinder möchten wir nur das Beste, und deshalb möchten wir Ihnen <b>Playset Schleich Adventure tree house 28 Stücke</b> vorstellen, perfekt ","Für unsere Kinder möchten wir nur das Beste, und deshalb möchten wir Ihnen <b>Playset Schleich Adventure tree house 28 Stücke</b> vorstellen, perfekt für alle, die qualitativ hochwertige Produkte für die Kleinsten suchen. Kaufen Sie <b>Schleich</b> zu den besten Preisen!<br><br><ul><li>Enthalten: Zubehör</li><li>Farbe: Bunt</li><li>Material: Kunststoff</li><li>Verpackung: original (sin abrir)</li><li>Empfohlenes Alter: <ul><li>+ 3 jahre</li><li>Kinder</li><li>Für Kinder</li></ul></li><li>Anzahl ",Pop Pulse Emporium,https://cdnbigbuy.com/images/4059433572680_S7185035_P01.jpg,,,,104.21,5,NEW,34.6,39.6,10.0,1.45,13701.6,EUR,2,8,3
S72105212,8430622829727,de-DE,Gardening & DIY,Herrenuhr Lotus 18980/1,"Wenn Sie mit den neuesten Mode und Accessoire-Trends schritthalten wollen, kaufen Sie <b>Herrenuhr Lotus 18980/1</b> zum besten Preis.<br><br><ul><li>","Wenn Sie mit den neuesten Mode und Accessoire-Trends schritthalten wollen, kaufen Sie <b>Herrenuhr Lotus 18980/1</b> zum besten Preis.<br><br><ul><li>Geschlecht: Herren</li><li>Extra Links: Kein</li><li>Typ der Uhr: Armbanduhr</li></ul>",Pop Pulse Emporium,https://cdnbigbuy.com/images/8430622829727_R00.jpg,https://cdnbigbuy.com/images/8430622829727_R10.jpg,https://cdnbigbuy.com/images/8430622829727_R20.jpg,https://cdnbigbuy.com/images/104224_mandatory-watch0.jpg,136.43,50,NEW,14.15,12.43,10.11,0.3,1778.19,EUR,2,8,3
S0389521,0197853285569,de-DE,Gardening & DIY,Umhängetasche Michael Kors 35T4STVC5L-DRAGONFRUIT Rosa 22 x 20 x 7 cm,"Wenn Sie auf der Suche nach trendigen Neuheiten auf dem Markt sind, präsentieren wir Ihnen <b>Umhängetasche Michael Kors 35T4STVC5L-DRAGONFRUIT Rosa 2","Wenn Sie auf der Suche nach trendigen Neuheiten auf dem Markt sind, präsentieren wir Ihnen <b>Umhängetasche Michael Kors 35T4STVC5L-DRAGONFRUIT Rosa 22 x 20 x 7 cm</b>!<br><br><ul><li>Art: Umhängetasche</li><li>Farbe: Rosa</li><li>Material: Canvas-Stoff</li><li>Verschluss Armband: Reißverschluss</li><li>Enthalten: Enthält Markenetui oder -hülle</li><li>Maße ca.: 22 x 20 x 7 cm</li></ul>",Pop Pulse Emporium,https://cdnbigbuy.com/images/0197853285569_S0389521_P00.jpg,https://cdnbigbuy.com/images/0197853285569_S0389521_P10.jpg,https://cdnbigbuy.com/images/0197853285569_S0389521_P20.jpg,,174.71,10,NEW,10.0,10.0,10.0,0.3,1000.0,EUR,2,8,3
S7164789,3507460146752,de-DE,Gardening & DIY,Babybettchen Nania Dodi Grau 5 Positionen,"Für unsere Kinder möchten wir Ihnen <b>Babybettchen Nania Dodi Grau 5 Positionen</b> vorstellen, perfekt für alle, die qualitativ hochwertige Produkte","Für unsere Kinder möchten wir Ihnen <b>Babybettchen Nania Dodi Grau 5 Positionen</b> vorstellen, perfekt für alle, die qualitativ hochwertige Produkte für die Kleinsten suchen. Kaufen Sie <b>Nania</b> und weitere Marken und Lizenzen zu den besten Preisen!<br><br><ul><li>Farbe: Grau</li><li>Merkmale: <ul><li>5 Positionen</li><li>Einstellbar</li></ul></li><li>Empfohlenes Alter: 0-6 Monate</li><li>Material: Polyester</li></ul>",Pop Pulse Emporium,https://cdnbigbuy.com/images/3507460146752_S7164789_P03.jpg,https://cdnbigbuy.com/images/3507460146752_S7164789_P13.jpg,,,134.42,25,NEW,83.5,47.5,13.0,8.3,51561.25,EUR,2,8,3
S3058571,8424002176594,de-DE,Gardening & DIY,"Deckenlampe Home ESPRIT natürlich Jute Metall 50 W 50,5 x 50,5 x 148 cm","<p>Wenn Sie Ihrem Zuhause einen Hauch von Originalität verleihen möchten, tun Sie dies mit <b>Deckenlampe Home ESPRIT natürlich Jute Metall 50 W 50,5 ","<p>Wenn Sie Ihrem Zuhause einen Hauch von Originalität verleihen möchten, tun Sie dies mit <b>Deckenlampe Home ESPRIT natürlich Jute Metall 50 W 50,5 x 50,5 x 148 cm</b>.</p><br><br><ul><li>Art: Deckenlampe</li><li>Farbe: natürlich</li><li>Material: <ul><li>Jute</li><li>Metall</li></ul></li><li>Leistung: 50 W</li><li>Design: Randbereich</li><li>Kappe: E27</li><li>Spannung: 220 V</li><li>Nicht erhalten: Glühbirne</li><li>Maße ca.: 50,5 x 50,5 x 148 cm</li></ul>",Pop Pulse Emporium,https://cdnbigbuy.com/images/8424002176594_S3058571_P00.jpg,https://cdnbigbuy.com/images/8424002176594_S3058571_P10.jpg,https://cdnbigbuy.com/images/8424002176594_S3058571_P20.jpg,,130.2,50,NEW,52.0,53.0,19.0,3.77,52364.0,EUR,2,8,3
S8906502,6941057429076,de-DE,Gardening & DIY,Aufbereitungsanlage für Schwimmbad Intex,"Wenn Sie auf der Suche nach trendigen Neuheiten auf dem Markt sind, präsentieren wir Ihnen <b>Aufbereitungsanlage für Schwimmbad Intex</b>!<br><br><ul","Wenn Sie auf der Suche nach trendigen Neuheiten auf dem Markt sind, präsentieren wir Ihnen <b>Aufbereitungsanlage für Schwimmbad Intex</b>!<br><br><ul><li>Material: <ul><li>PVC</li><li>Gummi</li><li>Polyäthylen</li><li>Polypropylen</li></ul></li><li>Enthalten: Zubehör</li><li>Durchmesser: Ø 38 mm</li><li>Filterleistung: 9463 L/H</li><li>Maße ca.: 42 x 39 x 29 cm</li></ul>",Pop Pulse Emporium,https://cdnbigbuy.com/images/6941057429076_S8906502_P00.jpg,https://cdnbigbuy.com/images/6941057429076_S8906502_P10.jpg,https://cdnbigbuy.com/images/6941057429076_S8906502_P20.jpg,https://cdnbigbuy.com/images/6941057429076_S8906502_P30.jpg,153.9,10,NEW,38.0,54.0,46.0,13.0,94392.0,EUR,2,8,3
S55125987,0065030891752,de-DE,Gardening & DIY,Hub USB Startech DKT30CHVPD2         ,"Wenn Sie sich leidenschaftlich mit <b>IT und Elektronik</b> beschäftigen, mit der Technologie auf dem neuesten Stand sein wollen und nicht einmal die ","Wenn Sie sich leidenschaftlich mit <b>IT und Elektronik</b> beschäftigen, mit der Technologie auf dem neuesten Stand sein wollen und nicht einmal die winzigsten Einzelheiten auslassen, kaufen Sie <b>Hub USB Startech DKT30CHVPD2         </b>.<br><br><ul><li>Anschlüsse: <ul><li>RJ45</li><li>USB-A 3.2</li><li>HDMI</li><li>USB-C</li><li>VGA</li><li>USB x 2</li><li>VGA D-sub</li><li>USB-C x 1</li><li>USB 3.2</li><li>USB-C 3.2 Gen 1 (3.1 Gen 1)</li><li>USB x 3</li></ul></li><li>Art: Hub USB</li><li>Po",Pop Pulse Emporium,https://cdnbigbuy.com/images/548928962.jpg,,,,112.78,5,NEW,17.0,14.0,3.0,0.14,714.0,EUR,2,8,3
S5633494,5901969449372,de-DE,Gardening & DIY,Flüssigkühlungs-Kit Genesis NLG-2320,"Wenn Sie sich leidenschaftlich mit <b>IT und Elektronik</b> beschäftigen, mit der Technologie auf dem neuesten Stand sein wollen und nicht einmal die ","Wenn Sie sich leidenschaftlich mit <b>IT und Elektronik</b> beschäftigen, mit der Technologie auf dem neuesten Stand sein wollen und nicht einmal die winzigsten Einzelheiten auslassen, kaufen Sie <b>Flüssigkühlungs-Kit Genesis NLG-2320</b>.<br><br><ul><li>Art: Flüssigkühlungs-Kit</li><li>Farbe: Schwarz</li></ul>",Pop Pulse Emporium,https://cdnbigbuy.com/images/5901969449372_S5633494_P00.jpg,https://cdnbigbuy.com/images/5901969449372_S5633494_P90.jpg,https://cdnbigbuy.com/images/5901969449372_S5633494_P50.jpg,https://cdnbigbuy.com/images/5901969449372_S5633494_P20.jpg,135.28,2,NEW,47.0,14.0,22.0,2.08,14476.0,EUR,2,8,3
S71010580,0050743175060,de-DE,Gardening & DIY,Spielzeug-Kühlschrank Little Tikes 651427E7C Interaktiv,"Für unsere Kinder möchten wir nur das Beste, und deshalb möchten wir Ihnen <b>Spielzeug-Kühlschrank Little Tikes 651427E7C Interaktiv</b> vorstellen, ","Für unsere Kinder möchten wir nur das Beste, und deshalb möchten wir Ihnen <b>Spielzeug-Kühlschrank Little Tikes 651427E7C Interaktiv</b> vorstellen, perfekt für alle, die qualitativ hochwertige Produkte für die Kleinsten suchen. Kaufen Sie <b>Little Tikes</b> zu den besten Preisen!<br><br><ul><li>Betriebsanleitung: Mehrsprachig</li><li>Sprache packaging: Mehrsprachig</li><li>Inklusive Batterien: Ja</li><li>Batterie-Typ: AA</li><li>Empfohlenes Alter: <ul><li>+ 2 Jahre</li><li>+ 3 jahre</li></ul>",Pop Pulse Emporium,https://cdnbigbuy.com/images/0050743651427_S71010580_P00.jpg,https://cdnbigbuy.com/images/0050743651427_S71010580_P10.jpg,https://cdnbigbuy.com/images/0050743651427_S71010580_P50.jpg,https://cdnbigbuy.com/images/0050743651427_S71010580_P60.jpg,119.42,10,NEW,60.0,40.0,22.0,4.8,52800.0,EUR,2,8,3
S0390283,0886895604949,de-DE,Gardening & DIY,Damensonnenbrille Victoria Beckham VB239S-6309319 ø 63 mm,"Wenn Sie auf der Suche nach trendigen Neuheiten auf dem Markt sind, präsentieren wir Ihnen <b>Damensonnenbrille Victoria Beckham VB239S-6309319 ø 63 m","Wenn Sie auf der Suche nach trendigen Neuheiten auf dem Markt sind, präsentieren wir Ihnen <b>Damensonnenbrille Victoria Beckham VB239S-6309319 ø 63 mm</b>!<br><br><ul><li>Art: Damensonnenbrille</li><li>Geschlecht: Damen</li><li>Schutz: 100% Schutz vor UV (UV400)</li><li>Material der Linsen: Polycarbonat</li><li>Farbe: <ul><li>Blau</li><li>grün</li></ul></li><li>Material: Metall</li><li>Enthalten: Enthält Markenetui oder -hülle</li><li>Brücke: 9 mm</li><li>Bügel: 140 mm</li><li>Sonnenschutz: Kat",Pop Pulse Emporium,https://cdnbigbuy.com/images/0886895604949_S0390283_P00.jpg,https://cdnbigbuy.com/images/0886895604949_S0390283_P10.jpg,https://cdnbigbuy.com/images/0886895604949_S0390283_P20.jpg,,109.3,5,NEW,10.0,10.0,10.0,0.3,1000.0,EUR,2,8,3
S71002078,5060508072416,de-DE,Gardening & DIY,Drahtlose Soundbar Majority Snowdon,"Wenn Sie sich leidenschaftlich mit <b>IT und Elektronik</b> beschäftigen, mit der Technologie auf dem neuesten Stand sein wollen und nicht einmal die ","Wenn Sie sich leidenschaftlich mit <b>IT und Elektronik</b> beschäftigen, mit der Technologie auf dem neuesten Stand sein wollen und nicht einmal die winzigsten Einzelheiten auslassen, kaufen Sie <b>Drahtlose Soundbar Majority Snowdon</b>.<br><br><ul><li>Art: <ul><li>Drahtlose Soundbar</li><li>Soundbar</li></ul></li><li>Konnektivität: Bluetooth</li><li>Leistung: 120 W</li></ul>",Pop Pulse Emporium,https://cdnbigbuy.com/images/5060508072416_S71002078_P00.jpg,https://cdnbigbuy.com/images/5060508072416_S71002078_P10.jpg,https://cdnbigbuy.com/images/5060508072416_S71002078_P20.jpg,https://cdnbigbuy.com/images/5060508072416_S71002078_P30.jpg,104.17,23,NEW,90.0,13.3,13.1,2.32,15680.7,EUR,2,8,3
S91105867,4771317456649,de-DE,Gardening & DIY,Hundefutter NATURE'S PROTECTION Superior Care White Dogs Lamm 10 kg,"Wenn Sie auf der Suche nach trendigen Neuheiten auf dem Markt sind, präsentieren wir Ihnen <b>Hundefutter NATURE'S PROTECTION Superior Care White Dogs","Wenn Sie auf der Suche nach trendigen Neuheiten auf dem Markt sind, präsentieren wir Ihnen <b>Hundefutter NATURE'S PROTECTION Superior Care White Dogs Lamm 10 kg</b>!<br><br><ul><li>Art: Hundefutter</li><li>Form: Solide</li><li>Geschmack: Lamm</li><li>Wichtige informationen: <ul><li>Glutenfrei</li><li>Zuckerfrei</li><li>Soja-frei</li></ul></li><li>Eigenschaften: Verdauungshilfe</li><li>Empfohlene verwendung: <ul><li>Haustier mit Nahrungsmittelallergie oder -unverträglichkeit</li><li>Haustiere mi",Pop Pulse Emporium,https://cdnbigbuy.com/images/4771317456649_S91105867_P00.jpg,,,,118.16,5,NEW,11.1,37.8,56.2,10.12,23580.4,EUR,2,8,3
S37115734,5998167710670,de-DE,Gardening & DIY,Armlehne Armster PEUGEOT 208 2020 Polyskin,Statten Sie Ihr Fahrzeug mit den neuesten Produkten aus - kaufen Sie <b>Armlehne Armster PEUGEOT 208 2020 Polyskin</b> und verpassen Sie kein Detail!<,"Statten Sie Ihr Fahrzeug mit den neuesten Produkten aus - kaufen Sie <b>Armlehne Armster PEUGEOT 208 2020 Polyskin</b> und verpassen Sie kein Detail!<br><br><p>Der <b>Armster 2 Armlehne</b> für den <b>PEUGEOT 208 2020</b> ist ein speziell entwickeltes Zubehör, das maximalen Komfort und Funktionalität im Fahrzeuginnenraum bietet. Es handelt sich um eine <b>mittlere Armlehne</b> in <b>schwarzer</b> Farbe, die dank eines speziellen Adapters einfach an der Mittelkonsole montiert werden kann. Dieser ",Pop Pulse Emporium,https://cdnbigbuy.com/images/5998167710670_S37115734_P00.jpg,https://cdnbigbuy.com/images/5998167710670_S37115734_P60.jpg,https://cdnbigbuy.com/images/5998167710670_S37115734_P10.jpg,https://cdnbigbuy.com/images/5998167710670_S37115734_P20.jpg,142.39,2,NEW,35.0,25.0,25.0,8.0,21875.0,EUR,2,8,3
S0389800,0197853282100,de-DE,Gardening & DIY,Umhängetasche Michael Kors BRADSHAW Schwarz 20 x 12 x 8 cm,"Wenn Sie auf der Suche nach trendigen Neuheiten auf dem Markt sind, präsentieren wir Ihnen <b>Umhängetasche Michael Kors BRADSHAW Schwarz 20 x 12 x 8 ","Wenn Sie auf der Suche nach trendigen Neuheiten auf dem Markt sind, präsentieren wir Ihnen <b>Umhängetasche Michael Kors BRADSHAW Schwarz 20 x 12 x 8 cm</b>!<br><br><ul><li>Art: <ul><li>Handtasche</li><li>Umhängetasche</li></ul></li><li>Geschlecht: Damen</li><li>Farbe: Schwarz</li><li>Material: Canvas-Stoff</li><li>Verschluss Armband: click</li><li>Enthalten: Enthält Markenetui oder -hülle</li><li>Maße ca.: 20 x 12 x 8 cm</li></ul>",Pop Pulse Emporium,https://cdnbigbuy.com/images/0197853282100_S0389800_P00.jpg,https://cdnbigbuy.com/images/0197853282100_S0389800_P10.jpg,https://cdnbigbuy.com/images/0197853282100_S0389800_P20.jpg,,174.71,25,NEW,10.0,10.0,10.0,0.3,1000.0,EUR,2,8,3
S0388883,0196237633538,de-DE,Gardening & DIY,Umhängetasche Michael Kors Leida Schwarz 33 X 30 X 12 CM,"Wenn Sie auf der Suche nach trendigen Neuheiten auf dem Markt sind, präsentieren wir Ihnen <b>Umhängetasche Michael Kors Leida Schwarz 33 X 30 X 12 CM","Wenn Sie auf der Suche nach trendigen Neuheiten auf dem Markt sind, präsentieren wir Ihnen <b>Umhängetasche Michael Kors Leida Schwarz 33 X 30 X 12 CM</b>!<br><br><ul><li>Art: Handtasche</li><li>Geschlecht: Damen</li><li>Farbe: Schwarz</li><li>Material: Canvas-Stoff</li><li>Verschluss Armband: Reißverschluss</li><li>Enthalten: Enthält Markenetui oder -hülle</li><li>Maße ca.: 33 X 30 X 12 CM</li></ul>",Pop Pulse Emporium,https://cdnbigbuy.com/images/0196237633538_S0388883_P00.jpg,https://cdnbigbuy.com/images/0196237633538_S0388883_P10.jpg,https://cdnbigbuy.com/images/0196237633538_S0388883_P20.jpg,,198.75,4,NEW,12.0,33.0,22.0,0.4,8712.0,EUR,2,8,3
S7297111,0889214295699,de-DE,Gardening & DIY,Brillenfassung Max Mara MM5030 52052,"Wenn Sie Ihren Kleiderschrank erneuern möchten, empfehlen wir Ihnen <b>Brillenfassung Max Mara MM5030 52052</b> und weitere <b> Produkte von Max Mara<","Wenn Sie Ihren Kleiderschrank erneuern möchten, empfehlen wir Ihnen <b>Brillenfassung Max Mara MM5030 52052</b> und weitere <b> Produkte von Max Mara</b>! Jetzt für Sie die beste Qualität zum besten Preis!<br><br><ul><li>Merkmale: Gläser ohne Sehstärke</li><li>Geschlecht: Damen</li><li>Art: Brillenfassung</li></ul>",Pop Pulse Emporium,https://cdnbigbuy.com/images/0889214295699_S7297111_P00.jpg,https://cdnbigbuy.com/images/0889214295699_S7297111_P10.jpg,https://cdnbigbuy.com/images/0889214295699_S7297111_P20.jpg,,108.55,8,NEW,8.25,9.94,12.12,0.24,993.9,EUR,2,8,3
S8111190,8806095646756,de-DE,Gardening & DIY,Bluetooth in Ear Headset Samsung BUDS 3 PRO Weiß,"Wenn Sie auf der Suche nach trendigen Neuheiten auf dem Markt sind, präsentieren wir Ihnen <b>Bluetooth in Ear Headset Samsung BUDS 3 PRO Weiß</b>!<br","Wenn Sie auf der Suche nach trendigen Neuheiten auf dem Markt sind, präsentieren wir Ihnen <b>Bluetooth in Ear Headset Samsung BUDS 3 PRO Weiß</b>!<br><br><ul><li>Art: <ul><li>Kopfhörer</li><li>Kopfhörer mit Mikrofon</li><li>Kopfhörer im Ohr</li></ul></li><li>Farbe: Weiß</li><li>Merkmale: <ul><li>Hülle</li><li>Lärmreduzierung</li><li>Eingebautes Mikrofon</li><li>Hinterleuchtet</li><li>Kabelloses Ladegerät</li></ul></li><li>Anschlüsse: <ul><li>USB</li><li>USB-C</li></ul></li><li>Konnektivität: Bl",Pop Pulse Emporium,https://cdnbigbuy.com/images/8806095646756_I00.jpg,,,,184.72,4,NEW,15.52,15.05,11.41,0.26,2665.1,EUR,2,8,3
S7286008,8057191137871,de-DE,Gardening & DIY,Damenuhr Stroili 1685387,"Wenn Sie mit den neuesten Mode und Accessoire-Trends schritthalten wollen, kaufen Sie <b>Damenuhr Stroili 1685387</b> zum besten Preis.<br><br><ul><li","Wenn Sie mit den neuesten Mode und Accessoire-Trends schritthalten wollen, kaufen Sie <b>Damenuhr Stroili 1685387</b> zum besten Preis.<br><br><ul><li>Geschlecht: Damen</li><li>Extra Links: Kein</li><li>Typ der Uhr: Armbanduhr</li></ul>",Pop Pulse Emporium,https://cdnbigbuy.com/images/8057191137871_S7286008_P01.jpg,https://cdnbigbuy.com/images/85065_mandatory-watch1.jpg,,,128.66,1,NEW,39.0,19.0,10.0,0.4,7410.0,EUR,2,8,3
S91118705,0810036058155,de-DE,Gardening & DIY,Geschenkset Therabody TB02784-01,"Wenn Sie auf der Suche nach trendigen Neuheiten auf dem Markt sind, präsentieren wir Ihnen <b>Geschenkset Therabody TB02784-01</b>!<br><br><ul><li>Art","Wenn Sie auf der Suche nach trendigen Neuheiten auf dem Markt sind, präsentieren wir Ihnen <b>Geschenkset Therabody TB02784-01</b>!<br><br><ul><li>Art: Geschenkset</li></ul>",Pop Pulse Emporium,https://cdnbigbuy.com/images/0810036058155_S91118705_P00.jpg,https://cdnbigbuy.com/images/0810036058155_S91118705_P10.jpg,https://cdnbigbuy.com/images/0810036058155_S91118705_P20.jpg,,177.14,5,NEW,17.0,5.0,25.0,0.5,2125.0,EUR,2,8,3
S7102662,3023191493298,de-DE,Gardening & DIY,Badewanne ThermoBaby Vasco Grau Baby,"Für unsere Kinder möchten wir Ihnen <b>Badewanne ThermoBaby Vasco Grau Baby</b> vorstellen, perfekt für alle, die qualitativ hochwertige Produkte für ","Für unsere Kinder möchten wir Ihnen <b>Badewanne ThermoBaby Vasco Grau Baby</b> vorstellen, perfekt für alle, die qualitativ hochwertige Produkte für die Kleinsten suchen. Kaufen Sie <b>ThermoBaby</b> und weitere Marken und Lizenzen zu den besten Preisen!<br><ul><li>Art: Badewanne</li><li>Geeignet für: Baby</li><li>Material: ABS</li><li>Farbe: Grau</li></ul>",Pop Pulse Emporium,https://cdnbigbuy.com/images/3023191493298_S7102662_P03.jpg,https://cdnbigbuy.com/images/3023191493298_S7102662_P13.jpg,https://cdnbigbuy.com/images/3023191493298_S7102662_P33.jpg,https://cdnbigbuy.com/images/3023191493298_S7102662_P43.jpg,151.37,2,NEW,79.0,50.7,26.0,4.94,104137.8,EUR,2,8,3
S91116879,6930444801182,de-DE,Gardening & DIY,Graphik- und Stifttabletts Huion HS610,"Wenn Sie sich leidenschaftlich mit <b>IT und Elektronik</b> beschäftigen, mit der Technologie auf dem neuesten Stand sein wollen und nicht einmal die ","Wenn Sie sich leidenschaftlich mit <b>IT und Elektronik</b> beschäftigen, mit der Technologie auf dem neuesten Stand sein wollen und nicht einmal die winzigsten Einzelheiten auslassen, kaufen Sie <b>Graphik- und Stifttabletts Huion HS610</b>.<br><br><ul><li>Art: Graphik- und Stifttabletts</li><li>Farbe: Schwarz</li><li>Anschlüsse: USB-C</li><li>Auflösung: 5080 LPI</li><li>Enthalten: <ul><li>Mikro USB</li><li>Digitaler Stift</li><li>Bleistift</li></ul></li><li>Breite: 35 cm</li></ul>",Pop Pulse Emporium,https://cdnbigbuy.com/images/6930444801182_S91116879_P00.jpg,https://cdnbigbuy.com/images/6930444801182_S91116879_P60.jpg,https://cdnbigbuy.com/images/6930444801182_S91116879_P70.jpg,https://cdnbigbuy.com/images/6930444801182_S91116879_P10.jpg,111.54,5,NEW,23.0,8.0,42.0,1.27,7728.0,EUR,2,8,3
S9124551,4710483931727,de-DE,Gardening & DIY,Motherboard ASRock B550M-ITX/ac AMD B550 AMD AM4,"Wenn Sie sich leidenschaftlich mit <b>IT und Elektronik</b> beschäftigen, mit der Technologie auf dem neuesten Stand sein wollen und nicht einmal die ","Wenn Sie sich leidenschaftlich mit <b>IT und Elektronik</b> beschäftigen, mit der Technologie auf dem neuesten Stand sein wollen und nicht einmal die winzigsten Einzelheiten auslassen, kaufen Sie <b>Motherboard ASRock B550M-ITX/ac AMD B550 AMD AM4</b>.<br><br><ul><li>Kompatibel: <ul><li>AMD Ryzen 9</li><li>AMD Ryzen 3</li><li>AMD Ryzen 5</li><li>AMD Ryzen 7</li><li>LED-Leisten</li><li>HDCP</li><li>DDR4-SDRAM</li><li>PC</li></ul></li><li>Anschlüsse: <ul><li>RJ45 x 1</li><li>USB 2.0 x 2</li><li>US",Pop Pulse Emporium,https://cdnbigbuy.com/images/4710483931727_S9124551_P01.jpg,https://cdnbigbuy.com/images/4710483931727_S9124551_P11.jpg,https://cdnbigbuy.com/images/4710483931727_S9124551_P21.jpg,https://cdnbigbuy.com/images/4710483931727_S9124551_P31.jpg,172.3,10,NEW,21.0,6.0,28.0,0.86,3528.0,EUR,2,8,3
S7923422,5907512605653,de-DE,Gardening & DIY,Tropfbewässerungssystem Cellfast Hydro,"Wenn Sie bei der Einrichtung ihres Heims Wert auf Details legen und bei Produkten, die Ihnen das Leben leichter machen, auf dem letzten Stand sein möc","Wenn Sie bei der Einrichtung ihres Heims Wert auf Details legen und bei Produkten, die Ihnen das Leben leichter machen, auf dem letzten Stand sein möchten, dann kaufen Sie <b>Tropfbewässerungssystem Cellfast Hydro</b> zum besten Preis.<br><br><ul><li>Empfohlene verwendung: Garten</li><li>Art: <ul><li>Garten</li><li>Bewässerungssystem</li><li>Tropfbewässerungssystem</li></ul></li><li>Maße ca.: 16 mm x 50 m</li></ul>",Pop Pulse Emporium,https://cdnbigbuy.com/images/5907512605653_S7923422_P00.jpg,https://cdnbigbuy.com/images/5907512605653_R30.jpg,https://cdnbigbuy.com/images/5907512605653_R80.jpg,https://cdnbigbuy.com/images/5907512605653_S7923422_P20.jpg,106.95,8,NEW,35.0,35.0,5.0,3.47,6125.0,EUR,2,8,3
S7196869,6941057421896,de-DE,Gardening & DIY,Salzchlorierungssystem Intex,"Wenn Sie auf der Suche nach trendigen Neuheiten auf dem Markt sind, präsentieren wir Ihnen <b>Salzchlorierungssystem Intex</b>!<br><br><ul><li>Materia","Wenn Sie auf der Suche nach trendigen Neuheiten auf dem Markt sind, präsentieren wir Ihnen <b>Salzchlorierungssystem Intex</b>!<br><br><ul><li>Material: Kunststoff</li><li>Spannung: 220-240 V</li><li>Steckbares Produkt: Ja</li><li>Maße ca.: 20,5 x 20 x 22 cm</li><li>Art: Salzchlorierungssystem</li><li>Wichtige informationen: Elektroprodukt für UK nicht geeignet</li><li>Steckertyp: EU-Stecker</li><li>Sprache: Französisch</li></ul>",Pop Pulse Emporium,https://cdnbigbuy.com/images/6941057421896_S7196869_P00.jpg,,,,103.26,5,NEW,27.4,27.6,22.2,2.58,16788.53,EUR,2,8,3
S0389010,0091661529535,de-DE,Gardening & DIY,Damenuhr Guess GW0483L2 (Ø 38 mm),"Wenn Sie mit den neuesten Mode und Accessoire-Trends schritthalten wollen, kaufen Sie <b>Damenuhr Guess GW0483L2 (Ø 38 mm)</b> zum besten Preis.<br><b","Wenn Sie mit den neuesten Mode und Accessoire-Trends schritthalten wollen, kaufen Sie <b>Damenuhr Guess GW0483L2 (Ø 38 mm)</b> zum besten Preis.<br><br><ul><li>Extra Links: Kein</li><li>Typ der Uhr: Armbanduhr</li><li>Geschlecht: Damen</li><li>Material des Armbands: Edelstahl</li><li>Uhrengehäuse-Material: Edelstahl</li><li>Uhrwerk: Quarz</li><li>Kristall: Mineral</li><li>Enthalten: Enthält Markenetui oder -hülle</li><li>Verschluss Armband: Schmetterling</li><li>Farbe der Krone: Gold</li><li>Far",Pop Pulse Emporium,https://cdnbigbuy.com/images/0091661529535_S0389010_P00.jpg,https://cdnbigbuy.com/images/0091661529535_S0389010_P10.jpg,https://cdnbigbuy.com/images/0091661529535_S0389010_P20.jpg,https://cdnbigbuy.com/images/85369_mandatory-watch0.jpg,122.4,10,NEW,32.0,19.0,10.0,0.4,6080.0,EUR,2,8,3
S5632471,8059019065731,de-DE,Gardening & DIY,"Heißluftfritteuse Cecotec HAF5TWA 011 Schwarz 2000 W 6,5 L","Wenn Sie Haushaltsgeräte zum besten Großhandelspreis suchen, dann verpassen Sie nicht Ihre Chance auf <b>Heißluftfritteuse Cecotec HAF5TWA 011 Schwarz","Wenn Sie Haushaltsgeräte zum besten Großhandelspreis suchen, dann verpassen Sie nicht Ihre Chance auf <b>Heißluftfritteuse Cecotec HAF5TWA 011 Schwarz 2000 W 6,5 L</b> sowie ein breites Sortiment an kleinen Haushaltsgeräten!<br><br><p>Die <b>Cecotec HAF5TWA 011 Heißluftfritteuse</b> ist ein Gerät, das für gesundes und effizientes Kochen entwickelt wurde, indem heiße Luft anstelle großer Ölmenge verwendet wird. Mit einer <b>Leistung von 2000 W</b> sorgt sie für schnelles Aufheizen und gleichmäßig",Pop Pulse Emporium,https://cdnbigbuy.com/images/8059019065731_S5632471_P00.jpg,https://cdnbigbuy.com/images/8059019065731_S5632471_P250.jpg,https://cdnbigbuy.com/images/8059019065731_S5632471_P240.jpg,https://cdnbigbuy.com/images/8059019065731_S5632471_P230.jpg,159.78,10,NEW,43.0,43.0,43.0,5.48,79507.0,EUR,2,8,3
S5631784,8011000029832,de-DE,Gardening & DIY,Tragbare Lautsprecher Trevi Trevi XF 1250 KB,"Wenn Sie sich leidenschaftlich mit <b>IT und Elektronik</b> beschäftigen, mit der Technologie auf dem neuesten Stand sein wollen und nicht einmal die ","Wenn Sie sich leidenschaftlich mit <b>IT und Elektronik</b> beschäftigen, mit der Technologie auf dem neuesten Stand sein wollen und nicht einmal die winzigsten Einzelheiten auslassen, kaufen Sie <b>Tragbare Lautsprecher Trevi Trevi XF 1250 KB</b>.<br><br><ul><li>Art: <ul><li>Wireless</li><li>Universal</li></ul></li><li>Farbe: Schwarz</li><li>Merkmale: <ul><li>Eingebaute Anzeige</li><li>Wireless</li><li>Hilfseingang</li><li>Ein einzelner Lautsprecher</li><li>Integrierte Lesekarte</li></ul></li><",Pop Pulse Emporium,https://cdnbigbuy.com/images/8011000029832_S5631784_P00.jpg,https://cdnbigbuy.com/images/8011000029832I00.jpg,https://cdnbigbuy.com/images/8011000029832R40.jpg,https://cdnbigbuy.com/images/8011000029832I10.jpg,114.82,4,NEW,20.78,21.64,19.51,1.5,8773.24,EUR,2,8,3
S72108562,7626741535347,de-DE,Gardening & DIY,Damenohrringe Guess JUBE04585JWRHT-U Silberfarben,"Wir präsentieren <b>Damenohrringe Guess JUBE04585JWRHT-U Silberfarben</b> und ein umfangreiches Sortiment von Ringen, Halsbändern, Armbändern, Ohrring","Wir präsentieren <b>Damenohrringe Guess JUBE04585JWRHT-U Silberfarben</b> und ein umfangreiches Sortiment von Ringen, Halsbändern, Armbändern, Ohrringen, usw. zu einem großartigen Preis. Erfahren Sie mehr über unsere exklusiven und eleganten Schmuck und Modeschmuck für jeden Geschmack und Stil.<br><br><ul><li>Geschlecht: Damen</li><li>Art: <ul><li>Ohrringe</li><li>Damenohrringe</li></ul></li><li>Farbe: Silberfarben</li></ul>",Pop Pulse Emporium,https://cdnbigbuy.com/images/7626741535347_S72108562_P00.jpg,,,,140.84,2,NEW,10.0,10.0,10.0,0.3,1000.0,EUR,2,8,3
S7202312,8434103464858,de-DE,Gardening & DIY,Herrenuhr Lorus SPORTS (Ø 45 mm),"Wenn Sie mit den neuesten Mode und Accessoire-Trends schritthalten wollen, kaufen Sie <b>Herrenuhr Lorus SPORTS (Ø 45 mm)</b> zum besten Preis.<br><br","Wenn Sie mit den neuesten Mode und Accessoire-Trends schritthalten wollen, kaufen Sie <b>Herrenuhr Lorus SPORTS (Ø 45 mm)</b> zum besten Preis.<br><br><ul><li>Extra Links: Kein</li><li>Typ der Uhr: Armbanduhr</li><li>Geschlecht: Herren</li><li>Funktionen: Stoppuhr</li><li>Material des Armbands: Edelstahl</li><li>Enthalten: Inklusive Markenetui</li><li>Wasserdicht: 10 atm</li><li>Kristall: Mineral</li><li>Uhrwerk: Quarz</li><li>Durchmesser des Uhrengehäuses: Ø 45 mm</li></ul>",Pop Pulse Emporium,https://cdnbigbuy.com/images/8434103464858_S7202312_P01.jpg,https://cdnbigbuy.com/images/2313_mandatory-watch1.jpg,,,177.49,2,NEW,32.0,19.0,10.0,0.4,6080.0,EUR,2,8,3
S91112796,8886419379485,de-DE,Gardening & DIY,Kopfhörer Razer RZ04-03800300-R3M1 Rosa,"Wenn Sie sich leidenschaftlich mit <b>IT und Elektronik</b> beschäftigen, mit der Technologie auf dem neuesten Stand sein wollen und nicht einmal die ","Wenn Sie sich leidenschaftlich mit <b>IT und Elektronik</b> beschäftigen, mit der Technologie auf dem neuesten Stand sein wollen und nicht einmal die winzigsten Einzelheiten auslassen, kaufen Sie <b>Kopfhörer Razer RZ04-03800300-R3M1 Rosa</b>.<br><br><ul><li>Art: <ul><li>Kopfhörer</li><li>Diadem-Kopfhörer</li><li>Binaural</li></ul></li><li>Farbe: Rosa</li><li>Merkmale: <ul><li>Lärmunterdrückung</li><li>Wireless</li><li>Lärmreduzierung</li><li>32 Ohm</li><li>Eingebaute Batterie</li></ul></li><li>",Pop Pulse Emporium,https://cdnbigbuy.com/images/8886419379485_S91112796_P00.jpg,https://cdnbigbuy.com/images/8886419379485_S91112796_P30.jpg,https://cdnbigbuy.com/images/8886419379485_S91112796_P10.jpg,https://cdnbigbuy.com/images/8886419379485_S91112796_P20.jpg,121.89,1,NEW,21.0,10.0,19.6,0.67,4116.0,EUR,2,8,3
S7196390,8058664173297,de-DE,Gardening & DIY,Reisebettchen Chicco Goodnight,"Für unsere Kinder möchten wir Ihnen <b>Reisebettchen Chicco Goodnight</b> vorstellen, perfekt für alle, die qualitativ hochwertige Produkte für die Kl","Für unsere Kinder möchten wir Ihnen <b>Reisebettchen Chicco Goodnight</b> vorstellen, perfekt für alle, die qualitativ hochwertige Produkte für die Kleinsten suchen. Kaufen Sie <b>Chicco</b> und weitere Marken und Lizenzen zu den besten Preisen!<br><br><ul><li>Art: Reisebettchen</li><li>Farbe: Blau Iridium</li><li>Material: Polyester</li><li>Merkmale: Biegsam</li></ul>",Pop Pulse Emporium,https://cdnbigbuy.com/images/8058664173297_S7196390_P00.jpg,https://cdnbigbuy.com/images/8058664173297_S7196390_P20.jpg,https://cdnbigbuy.com/images/8058664173297_S7196390_P30.jpg,https://cdnbigbuy.com/images/8058664173297_S7196390_P10.jpg,162.02,1,NEW,78.5,26.0,26.0,10.3,53066.0,EUR,2,8,3
S72120628,4894327354177,de-DE,Gardening & DIY,Damensonnenbrille Yohji Yamamoto YY7031 52031,"Wenn Sie auf der Suche nach trendigen Neuheiten auf dem Markt sind, präsentieren wir Ihnen <b>Damensonnenbrille Yohji Yamamoto YY7031 52031</b>!<br><b","Wenn Sie auf der Suche nach trendigen Neuheiten auf dem Markt sind, präsentieren wir Ihnen <b>Damensonnenbrille Yohji Yamamoto YY7031 52031</b>!<br><br><ul><li>Art: Damensonnenbrille</li><li>Schutz: 100% Schutz vor UV (UV400)</li><li>Geschlecht: Damen</li></ul>",Pop Pulse Emporium,https://cdnbigbuy.com/images/4894327354177_S72120628_P00.jpg,https://cdnbigbuy.com/images/4894327354177_S72120628_P20.jpg,https://cdnbigbuy.com/images/4894327354177_S72120628_P30.jpg,https://cdnbigbuy.com/images/4894327354177_S72120628_P10.jpg,129.48,5,NEW,10.0,9.99,10.0,0.3,999.0,EUR,2,8,3
S71009804,5410527152314,de-DE,Gardening & DIY,Blumentopf Garden ID,"Wenn Sie bei der Einrichtung ihres Heims Wert auf Details legen und bei Produkten, die Ihnen das Leben leichter machen, auf dem letzten Stand sein möc","Wenn Sie bei der Einrichtung ihres Heims Wert auf Details legen und bei Produkten, die Ihnen das Leben leichter machen, auf dem letzten Stand sein möchten, dann kaufen Sie <b>Blumentopf Garden ID</b> zum besten Preis.<br><br><ul><li>Art: <ul><li>Blumentopfset</li><li>Blumentopf</li></ul></li></ul>",Pop Pulse Emporium,https://cdnbigbuy.com/images/5410527152314_S71009804_P00.jpg,https://cdnbigbuy.com/images/5410527152314_S71009804_P10.jpg,https://cdnbigbuy.com/images/5410527152314_S71009804_P20.jpg,,116.72,1,NEW,49.8,49.8,41.0,5.26,101681.64,EUR,2,8,3
S7274714,8430622779077,de-DE,Gardening & DIY,Herrenuhr Festina F20556/1,"Wenn Sie mit den neuesten Mode und Accessoire-Trends schritthalten wollen, kaufen Sie <b>Herrenuhr Festina F20556/1</b> zum besten Preis.<br><br><ul><","Wenn Sie mit den neuesten Mode und Accessoire-Trends schritthalten wollen, kaufen Sie <b>Herrenuhr Festina F20556/1</b> zum besten Preis.<br><br><ul><li>Geschlecht: Herren</li><li>Extra Links: Kein</li><li>Typ der Uhr: Armbanduhr</li><li>Land/Region der Herstellung: China</li><li>Material des Armbands: Edelstahl</li><li>Material des Gehäuses: Edelstahl</li><li>Farbe des Bandes: Bunt</li><li>Design: Damen</li><li>Durchmesser: 31 mm</li><li>Uhrwerk: Quarz</li></ul>",Pop Pulse Emporium,https://cdnbigbuy.com/images/8430622779077_S7274714_P00.jpg,https://cdnbigbuy.com/images/73771_mandatory-watch0.jpg,,,147.63,50,NEW,32.0,19.0,10.0,0.4,6080.0,EUR,2,8,3
S7164562,0074451121843,de-DE,Gardening & DIY,Baby-Liegestuhl Ingenuity Cuddle Lamb Kompakt Grau,"Für unsere Kinder möchten wir Ihnen <b>Baby-Liegestuhl Ingenuity Cuddle Lamb Kompakt Grau</b> vorstellen, perfekt für alle, die qualitativ hochwertige","Für unsere Kinder möchten wir Ihnen <b>Baby-Liegestuhl Ingenuity Cuddle Lamb Kompakt Grau</b> vorstellen, perfekt für alle, die qualitativ hochwertige Produkte für die Kleinsten suchen. Kaufen Sie <b>Ingenuity</b> und weitere Marken und Lizenzen zu den besten Preisen!<br><br><ul><li>Merkmale: <ul><li>Kompakt</li><li>Biegsam</li><li>2 Positionen</li></ul></li><li>Farbe: Grau</li><li>Design: Schaf</li><li>Max. unterstütztes Gewicht: 9 kg</li><li>Geschlecht: Unisex</li></ul>",Pop Pulse Emporium,https://cdnbigbuy.com/images/B07QVLTZ6N_R03.jpg,https://cdnbigbuy.com/images/B07QVLTZ6N_R133.jpg,,,118.41,25,NEW,57.0,35.0,14.0,3.8,27930.0,EUR,2,8,3
S7188973,4066407501768,de-DE,Gardening & DIY,Schlauch Gardena Liano PVC (30 m),"Wenn Sie bei der Einrichtung ihres Heims Wert auf Details legen und bei Produkten, die Ihnen das Leben leichter machen, auf dem letzten Stand sein möc","Wenn Sie bei der Einrichtung ihres Heims Wert auf Details legen und bei Produkten, die Ihnen das Leben leichter machen, auf dem letzten Stand sein möchten, dann kaufen Sie <b>Schlauch Gardena Liano PVC (30 m)</b> zum besten Preis.<br><br><ul><li>Länge: 30 m</li><li>Druck: 22 bar</li><li>Farbe: Bunt</li><li>Material: PVC</li><li>Enthalten: Düse</li></ul>",Pop Pulse Emporium,https://cdnbigbuy.com/images/4066407501768_S7188973_P01.jpg,https://cdnbigbuy.com/images/4066407501768_S7188973_P11.jpg,,,112.04,5,NEW,32.2,18.4,17.4,3.34,10309.15,EUR,2,8,3
S0374438,5060496418043,de-DE,Gardening & DIY,Damenuhr Olivia Burton OB16ES10 (Ø 38 mm),"Wenn Sie mit den neuesten Mode und Accessoire-Trends schritthalten wollen, kaufen Sie <b>Damenuhr Olivia Burton OB16ES10 (Ø 38 mm)</b> zum besten Prei","Wenn Sie mit den neuesten Mode und Accessoire-Trends schritthalten wollen, kaufen Sie <b>Damenuhr Olivia Burton OB16ES10 (Ø 38 mm)</b> zum besten Preis.<br><br><ul><li>Geschlecht: Damen</li><li>Extra Links: Kein</li><li>Typ der Uhr: Armbanduhr</li><li>Material des Armbands: Stahl</li><li>Uhrengehäuse-Material: Edelstahl</li><li>Uhrwerk: Quarz</li><li>Kristall: Mineral</li><li>Wasserdicht: 1 atm</li><li>Enthalten: Inklusive Markenetui</li><li>Farbe der Krone: Weiß</li><li>Farbe des Uhrengehäuses:",Pop Pulse Emporium,https://cdnbigbuy.com/images/5060496418043_S0374438_P01.jpg,https://cdnbigbuy.com/images/5060496418043_S0374438_P11.jpg,https://cdnbigbuy.com/images/70801_mandatory-watch1.jpg,,141.12,2,NEW,32.0,19.0,10.0,0.4,6080.0,EUR,2,8,3
S7195187,3362934003791,de-DE,Gardening & DIY,Zubehör Thrustmaster 4060302,"Wenn Sie sich leidenschaftlich mit <b>IT und Elektronik</b> beschäftigen, mit der Technologie auf dem neuesten Stand sein wollen und nicht einmal die ","Wenn Sie sich leidenschaftlich mit <b>IT und Elektronik</b> beschäftigen, mit der Technologie auf dem neuesten Stand sein wollen und nicht einmal die winzigsten Einzelheiten auslassen, kaufen Sie <b>Zubehör Thrustmaster 4060302</b>.<br><br><ul><li>Plattform: PC</li><li>Art: Zubehör</li><li>Farbe: <ul><li>Schwarz</li><li>noir</li><li>Grau</li></ul></li><li>Land/Region der Herstellung: China</li><li>Material: Metall</li><li>Merkmale: <ul><li>Garantie</li><li>Inklusive Installationsanleitung</li></",Pop Pulse Emporium,https://cdnbigbuy.com/images/3362934003791_S7195187_P00.jpg,,,,135.8,10,NEW,27.8,25.8,14.0,2.56,10041.36,EUR,2,8,3
S3624862,4899888622031,de-DE,Gardening & DIY,Schutzschirm für das Gesicht Durchsichtig Kunststoff (100 Stück),<p>Schutzschirm für das Gesicht Durchsichtig Kunststoff (100 Stück) ist ein exklusives und hochwertiges Produkt für Ihre Körperpflege. Wenn Sie nur na,"<p>Schutzschirm für das Gesicht Durchsichtig Kunststoff (100 Stück) ist ein exklusives und hochwertiges Produkt für Ihre Körperpflege. Wenn Sie nur natürliche Körperpflegeprodukte wollen, dann sind die 100 % natürlichen Produkte von  genau das Richtige für Sie.</p><br><br><ul><li>Farbe: Durchsichtig</li><li>Material: Kunststoff</li><li>Maße ca.: 0,003 x 22 x 16 cm</li><li>Stück: 100 Stück</li><li>Art: Hygiene</li></ul>",Pop Pulse Emporium,https://cdnbigbuy.com/images/S3624862_P0_WBG_icon1.jpg,https://cdnbigbuy.com/images/S3624862_P0_WBG1.jpg,https://cdnbigbuy.com/images/S3624862_P1_WBG1.jpg,,168.02,50,NEW,57.0,44.5,18.0,7.0,45657.0,EUR,2,8,3
S7106320,8003507800243,de-DE,Gardening & DIY,Blumentopf Weiß,"Wenn Sie bei der Einrichtung ihres Heims Wert auf Details legen und bei Produkten, die Ihnen das Leben leichter machen, auf dem letzten Stand sein möc","Wenn Sie bei der Einrichtung ihres Heims Wert auf Details legen und bei Produkten, die Ihnen das Leben leichter machen, auf dem letzten Stand sein möchten, dann kaufen Sie <b>Blumentopf Weiß</b> zum besten Preis.<br><br><ul><li>Farbe: Weiß</li></ul>",Pop Pulse Emporium,https://cdnbigbuy.com/images/8003507800243_S7106320_P01.jpg,,,,112.96,18,NEW,93.0,36.0,20.0,7.0,66960.0,EUR,2,8,3
S9145329,0064992530174,de-DE,Gardening & DIY,Futter Acana Erwachsener Huhn Fisch 17 kg,"Wenn Sie auf der Suche nach trendigen Neuheiten auf dem Markt sind, präsentieren wir Ihnen <b>Futter Acana Erwachsener Huhn Fisch 17 kg</b>!<br><br><u","Wenn Sie auf der Suche nach trendigen Neuheiten auf dem Markt sind, präsentieren wir Ihnen <b>Futter Acana Erwachsener Huhn Fisch 17 kg</b>!<br><br><ul><li>Haustier: Hund</li><li>Art: Futter</li><li>Format: <ul><li>Mini</li><li>Mittel</li><li>Maxi</li></ul></li><li>Jod: 2,1 MG/KG</li><li>Vitamin E: 150 MG/KG</li><li>Vitamin D3: 1400 IU/KG</li><li>Vitamin B12: 70 ΜG/KG</li><li>Vitamin A: 13000 IU/KG</li><li>Selen: 0,5 MG/KG</li><li>Kalium: 0,7%</li><li>Mangan: 13 MG/KG</li><li>Magnesium: 0,14%</l",Pop Pulse Emporium,https://cdnbigbuy.com/images/0064992530174_S9145329_P00.jpg,https://cdnbigbuy.com/images/0064992530174_S9145329_P10.jpg,,,147.78,25,NEW,16.0,38.0,58.0,17.4,35264.0,EUR,2,8,3
S7187107,3275055657609,de-DE,Gardening & DIY,Spielmatte Tineo Little Farmer,"Für unsere Kinder möchten wir Ihnen <b>Spielmatte Tineo Little Farmer</b> vorstellen, perfekt für alle, die qualitativ hochwertige Produkte für die Kl","Für unsere Kinder möchten wir Ihnen <b>Spielmatte Tineo Little Farmer</b> vorstellen, perfekt für alle, die qualitativ hochwertige Produkte für die Kleinsten suchen. Kaufen Sie <b>Tineo</b> und weitere Marken und Lizenzen zu den besten Preisen!<br><br><ul><li>Anzahl der Stücke: 6 Stücke</li><li>Merkmale: 5 in 1</li><li>Art: Spielmatte</li><li>Empfohlenes Alter: + 3 Monate</li></ul>",Pop Pulse Emporium,https://cdnbigbuy.com/images/3275055657609_S7187107_P21.jpg,https://cdnbigbuy.com/images/3275055657609_S7187107_P31.jpg,https://cdnbigbuy.com/images/3275055657609_S7187107_P41.jpg,https://cdnbigbuy.com/images/3275055657609_S7187107_P51.jpg,102.88,10,NEW,60.0,60.0,29.0,2.31,104400.0,EUR,2,8,3
S7273010,4549526358883,de-DE,Gardening & DIY,Herrenuhr Casio MDV-107D-1A1VEF Schwarz Silberfarben (Ø 46 mm),"Wenn Sie mit den neuesten Mode und Accessoire-Trends schritthalten wollen, kaufen Sie <b>Herrenuhr Casio MDV-107D-1A1VEF Schwarz Silberfarben (Ø 46 mm","Wenn Sie mit den neuesten Mode und Accessoire-Trends schritthalten wollen, kaufen Sie <b>Herrenuhr Casio MDV-107D-1A1VEF Schwarz Silberfarben (Ø 46 mm)</b> zum besten Preis.<br><br><ul><li>Geschlecht: Herren</li><li>Extra Links: Kein</li><li>Typ der Uhr: Armbanduhr</li><li>Funktionen: Datum</li><li>Enthalten: Inklusive Markenetui</li><li>Wasserdicht: 20 atm</li><li>Kristall: Mineral</li><li>Uhrwerk: Quarz</li><li>Durchmesser des Uhrengehäuses: Ø 46 mm</li><li>Farbe: <ul><li>Schwarz</li><li>Silbe",Pop Pulse Emporium,https://cdnbigbuy.com/images/S7273010_4549526358883_S7273010_P11.jpg,https://cdnbigbuy.com/images/72174_mandatory-watch1.jpg,,,138.04,2,NEW,32.0,19.0,10.0,0.4,6080.0,EUR,2,8,3
S2438988,8412688557950,de-DE,Gardening & DIY,Babypuppe Safta,"Für unsere Kinder möchten wir nur das Beste, und deshalb möchten wir Ihnen <b>Babypuppe Safta</b> vorstellen, perfekt für alle, die qualitativ hochwer","Für unsere Kinder möchten wir nur das Beste, und deshalb möchten wir Ihnen <b>Babypuppe Safta</b> vorstellen, perfekt für alle, die qualitativ hochwertige Produkte für die Kleinsten suchen. Kaufen Sie <b>Safta</b> zu den besten Preisen!<br><br><p>Der <b>Doppelte Portatodos-Aussteller</b> der Marke <b>Safta</b> wurde speziell für den kindlichen Gebrauch entwickelt und ist ein praktisches und funktionales Zubehör zur Organisation von Babypuppen oder anderem Kinderspielzeug. Diese <b>Babypuppe</b> ",Pop Pulse Emporium,https://cdnbigbuy.com/images/8412688557950_S2438988_P10.jpg,https://cdnbigbuy.com/images/8412688557950_S2438988_P00.jpg,,,185.84,20,NEW,23.0,23.5,31.5,5.23,17025.75,EUR,2,8,3
S7249758,4549526322488,de-DE,Gardening & DIY,Herrenuhr Casio ECB-30P-1AEF,"Wenn Sie mit den neuesten Mode und Accessoire-Trends schritthalten wollen, kaufen Sie <b>Herrenuhr Casio ECB-30P-1AEF</b> zum besten Preis.<br><br><ul","Wenn Sie mit den neuesten Mode und Accessoire-Trends schritthalten wollen, kaufen Sie <b>Herrenuhr Casio ECB-30P-1AEF</b> zum besten Preis.<br><br><ul><li>Geschlecht: Herren</li><li>Extra Links: Kein</li><li>Typ der Uhr: Armbanduhr</li></ul>",Pop Pulse Emporium,https://cdnbigbuy.com/images/4549526322488_S7249758_P02.jpg,https://cdnbigbuy.com/images/4549526322488_S7249758_P12.jpg,https://cdnbigbuy.com/images/48922_mandatory-watch2.jpg,,190.47,2,NEW,32.0,19.0,10.0,0.4,6080.0,EUR,2,8,3
S7901709,8711277643280,de-DE,Gardening & DIY,Beistelltisch Stuttgart Braun Eisen (70 x 77 cm),"Mit diesen Vorschlägen, die Jung und Alt begeistern werden, ist der Sommerspaß garantiert! Kaufen Sie <b>Beistelltisch Stuttgart Braun Eisen (70 x 77 ","Mit diesen Vorschlägen, die Jung und Alt begeistern werden, ist der Sommerspaß garantiert! Kaufen Sie <b>Beistelltisch Stuttgart Braun Eisen (70 x 77 cm)</b>] und genießen Sie Ihre Freizeit!<br><br><ul><li>Art: <ul><li>Beistelltisch</li><li>Tisch</li></ul></li><li>Farbe: Braun</li><li>Material: Eisen</li><li>Ungefähres Gewicht: 22 Kg</li><li>Maße ca.: 70 x 77 cm</li><li>Geschlecht: Unisex-Erwachsene</li></ul>",Pop Pulse Emporium,https://cdnbigbuy.com/images/8711277643280_R0_WBG1.jpg,https://cdnbigbuy.com/images/8711277643280_R1_WBG1.jpg,,,153.08,5,NEW,10.0,10.0,10.0,22.0,1000.0,EUR,2,8,3
S9113896,4015588889875,de-DE,Gardening & DIY,Muskel-Massagepistole mit Wärme und Kälte Medisana MG 600 Blau Schwarz,"Wenn Ihnen Ihre Gesundheit am Herzen liegt und Sie Produkte haben möchten, die <b> Schutz und Wellness</b> bieten, dann kaufen Sie <b> Muskel-Massagep","Wenn Ihnen Ihre Gesundheit am Herzen liegt und Sie Produkte haben möchten, die <b> Schutz und Wellness</b> bieten, dann kaufen Sie <b> Muskel-Massagepistole mit Wärme und Kälte Medisana MG 600 Blau Schwarz</b> und viele andere <b>Produkte von Medisana</b> zu den besten Preisen!<br><br><ul><li>Farbe: <ul><li>Blau</li><li>Schwarz</li></ul></li><li>Merkmale: <ul><li>Leicht zu reinigen</li><li>Einfach zu bedienen</li><li>Griff</li><li>Praktisch und benutzerfreundlich</li></ul></li><li>Anzahl der Stü",Pop Pulse Emporium,https://cdnbigbuy.com/images/4015588889875_I01.jpg,https://cdnbigbuy.com/images/4015588889875_I21.jpg,https://cdnbigbuy.com/images/4015588889875_R11.jpg,https://cdnbigbuy.com/images/S9113896_1695291542-no-background1.jpg,133.5,22,NEW,26.0,9.2,27.0,1.4,6458.4,EUR,2,8,3
S55275495,5706991031508,de-DE,Gardening & DIY,Kopfhörer GN Audio 6693-839-409 Schwarz,"Wenn Sie sich leidenschaftlich mit <b>IT und Elektronik</b> beschäftigen, mit der Technologie auf dem neuesten Stand sein wollen und nicht einmal die ","Wenn Sie sich leidenschaftlich mit <b>IT und Elektronik</b> beschäftigen, mit der Technologie auf dem neuesten Stand sein wollen und nicht einmal die winzigsten Einzelheiten auslassen, kaufen Sie <b>Kopfhörer GN Audio 6693-839-409 Schwarz</b>.<br><br><ul><li>Art: <ul><li>Kopfhörer</li><li>Mobilteil</li><li>Wireless</li><li>Diadem-Kopfhörer</li><li>Kopfhörer mit Mikrofon</li></ul></li><li>Farbe: Schwarz</li><li>Merkmale: <ul><li>Plug and play</li><li>Eingebaute Batterie</li><li>Lärmreduzierung</l",Pop Pulse Emporium,https://cdnbigbuy.com/images/949259600.jpg,,,,198.74,2,NEW,21.0,17.0,5.0,0.22,1785.0,EUR,2,8,3
S7276629,8430622791260,de-DE,Gardening & DIY,Herrenuhr Lotus 18836/3,"Wenn Sie mit den neuesten Mode und Accessoire-Trends schritthalten wollen, kaufen Sie <b>Herrenuhr Lotus 18836/3</b> zum besten Preis.<br><br><ul><li>","Wenn Sie mit den neuesten Mode und Accessoire-Trends schritthalten wollen, kaufen Sie <b>Herrenuhr Lotus 18836/3</b> zum besten Preis.<br><br><ul><li>Geschlecht: Herren</li><li>Extra Links: Kein</li><li>Typ der Uhr: Armbanduhr</li><li>Material des Gehäuses: Edelstahl</li><li>Farbe des Bandes: Bunt</li><li>Uhrwerk: Quarz</li></ul>",Pop Pulse Emporium,https://cdnbigbuy.com/images/8430622791260_R00.jpg,https://cdnbigbuy.com/images/8430622791260_R20.jpg,https://cdnbigbuy.com/images/75686_mandatory-watch0.jpg,https://cdnbigbuy.com/images/8430622791260_R10.jpg,178.58,50,NEW,32.0,19.0,10.0,0.4,6080.0,EUR,2,8,3
S7196510,0840006659341,de-DE,Gardening & DIY,RAM Speicher Corsair Pc5600 Vengeance DDR5 SDRAM 32 GB CL40,"Wenn Sie sich leidenschaftlich mit <b>IT und Elektronik</b> beschäftigen, mit der Technologie auf dem neuesten Stand sein wollen und nicht einmal die ","Wenn Sie sich leidenschaftlich mit <b>IT und Elektronik</b> beschäftigen, mit der Technologie auf dem neuesten Stand sein wollen und nicht einmal die winzigsten Einzelheiten auslassen, kaufen Sie <b>RAM Speicher Corsair Pc5600 Vengeance DDR5 SDRAM 32 GB CL40</b>.<br><br><ul><li>Art: Speicher (RAM)</li><li>Kapazität: 32 GB</li><li>Farbe: Schwarz</li><li>Speicher Typ: <ul><li>DDR5 SDRAM</li><li>DDR5</li></ul></li><li>Kompatibel: <ul><li>Intel XMP 2.0</li><li>Computer</li><li>PC/Server</li></ul></l",Pop Pulse Emporium,https://cdnbigbuy.com/images/0840006659341_S7196510_P00.jpg,,,,179.27,1,NEW,15.6,9.2,1.4,0.1,200.93,EUR,2,8,3
S37116168,5998167753042,de-DE,Gardening & DIY,Armlehne Armster FORD CONNECT RHD 2014-2018 Stoff,Statten Sie Ihr Fahrzeug mit den neuesten Produkten aus - kaufen Sie <b>Armlehne Armster FORD CONNECT RHD 2014-2018 Stoff</b> und verpassen Sie kein D,"Statten Sie Ihr Fahrzeug mit den neuesten Produkten aus - kaufen Sie <b>Armlehne Armster FORD CONNECT RHD 2014-2018 Stoff</b> und verpassen Sie kein Detail!<br><br><p>Der <b>Armster 3 Armlehne</b>, speziell für den <b>FORD CONNECT RHD 2014-2018</b> entwickelt, ist ein hochwertiges Zubehör, das mittels eines spezifischen Adapters an der Mittelkonsole montiert wird und so eine perfekte, maßgeschneiderte Passform garantiert. Diese <b>zentrale Armlehne</b> in <b>schwarz</b> besticht durch ihre <b>st",Pop Pulse Emporium,https://cdnbigbuy.com/images/5998167753042_S37116168_P00.jpg,https://cdnbigbuy.com/images/5998167753042_S37116168_P50.jpg,https://cdnbigbuy.com/images/5998167753042_S37116168_P60.jpg,https://cdnbigbuy.com/images/5998167753042_S37116168_P10.jpg,127.29,1,NEW,35.0,25.0,25.0,8.0,21875.0,EUR,2,8,3
S77207856,0195949715884,de-DE,Gardening & DIY,Uhrband Apple MXY03ZM/A,"Wenn Sie sich leidenschaftlich mit <b>IT und Elektronik</b> beschäftigen, mit der Technologie auf dem neuesten Stand sein wollen und nicht einmal die ","Wenn Sie sich leidenschaftlich mit <b>IT und Elektronik</b> beschäftigen, mit der Technologie auf dem neuesten Stand sein wollen und nicht einmal die winzigsten Einzelheiten auslassen, kaufen Sie <b>Uhrband Apple MXY03ZM/A</b>.<br><br><ul><li>Art: Ersatzband</li><li>Farbe: Schwarz</li><li>Material: Polyester</li><li>Kompatibel: <ul><li>Apple</li><li>Apple Watch Models 44 mm, 45 mm, 46 mm, 49 mm</li></ul></li></ul>",Pop Pulse Emporium,https://cdnbigbuy.com/images/0195949715884_I00.jpg,https://cdnbigbuy.com/images/0195949715884_I20.jpg,https://cdnbigbuy.com/images/0195949715884_R00.jpg,https://cdnbigbuy.com/images/0195949715884_R10.jpg,129.94,1,NEW,13.22,9.48,6.3,0.07,789.55,EUR,2,8,3
S71017388,8719514491588,de-DE,Gardening & DIY,LED-Lampe Philips Weiß G 400 lm 2 Stück (2200K) (6500 K),"Wenn Sie auf der Suche nach trendigen Neuheiten auf dem Markt sind, präsentieren wir Ihnen <b>LED-Lampe Philips Weiß G 400 lm 2 Stück (2200K) (6500 K)","Wenn Sie auf der Suche nach trendigen Neuheiten auf dem Markt sind, präsentieren wir Ihnen <b>LED-Lampe Philips Weiß G 400 lm 2 Stück (2200K) (6500 K)</b>!<br><br><ul><li>Art: <ul><li>LED-Lampe</li><li>Glühbirne</li></ul></li><li>Farbe: Weiß</li><li>Merkmale: Einstellbar</li><li>Energieklassifizierung: G</li><li>Spannung: 12 V</li><li>Technologie: LED</li><li>Kompatibel: <ul><li>Amazon Alexa</li><li>Google Home</li></ul></li><li>Dauer: 25000 Stunden</li><li>Lichtstrom: 400 lm</li><li>Farbtempera",Pop Pulse Emporium,https://cdnbigbuy.com/images/8719514491588_S71017388_P00.jpg,https://cdnbigbuy.com/images/8719514491588_S71017388_P20.jpg,https://cdnbigbuy.com/images/8719514491588_S71017388_P30.jpg,https://cdnbigbuy.com/images/8719514491588_S71017388_P40.jpg,105.89,5,NEW,9.65,9.6,10.96,0.15,1015.33,EUR,2,8,3
S72118275,3840452723167,de-DE,Gardening & DIY,Damenuhr Tommy Hilfiger 1782664 (Ø 40 mm),"Wenn Sie auf der Suche nach trendigen Neuheiten auf dem Markt sind, präsentieren wir Ihnen <b>Damenuhr Tommy Hilfiger 1782664 (Ø 40 mm)</b>!<br><br><u","Wenn Sie auf der Suche nach trendigen Neuheiten auf dem Markt sind, präsentieren wir Ihnen <b>Damenuhr Tommy Hilfiger 1782664 (Ø 40 mm)</b>!<br><br><ul><li>Extra Links: Kein</li><li>Typ der Uhr: Armbanduhr</li><li>Art: <ul><li>Smartwatch</li><li>Ohrringe</li></ul></li><li>Material: Sterlingsilber 925</li><li>Funktionen: Datum</li><li>Geschlecht: Damen</li><li>Enthalten: Enthält Markenetui oder -hülle</li><li>Wasserdicht: 3 atm</li><li>Kristall: Mineral</li><li>Uhrwerk: Quarz</li><li>Durchmesser ",Pop Pulse Emporium,https://cdnbigbuy.com/images/3840452723167_S72118275_P00.jpg,https://cdnbigbuy.com/images/117287_mandatory-watch0.jpg,,,188.16,10,NEW,14.16,11.56,10.0,0.33,1636.9,EUR,2,8,3
S7103959,4039784292833,de-DE,Gardening & DIY,Bewässerungspumpe Kärcher 3800 l/h,"Wenn Sie bei der Einrichtung ihres Heims Wert auf Details legen und bei Produkten, die Ihnen das Leben leichter machen, auf dem letzten Stand sein möc","Wenn Sie bei der Einrichtung ihres Heims Wert auf Details legen und bei Produkten, die Ihnen das Leben leichter machen, auf dem letzten Stand sein möchten, dann kaufen Sie <b>Bewässerungspumpe Kärcher 3800 l/h</b> zum besten Preis.<br><br><ul><li>Merkmale: <ul><li>Tauchfähig</li><li>Ein/Aus-Schalter</li><li>Auslaufventil</li><li>Tragbar</li></ul></li><li>Leistung: <ul><li>400 W</li><li>3800 l/h</li></ul></li><li>Farbe: Schwarz</li><li>Material: <ul><li>Stahl</li><li>Kunststoff</li></ul></li></ul",Pop Pulse Emporium,https://cdnbigbuy.com/images/4039784292833_S7103959_P00.jpg,https://cdnbigbuy.com/images/4039784292833_R10.jpg,https://cdnbigbuy.com/images/4039784292833_R20.jpg,https://cdnbigbuy.com/images/4039784292833_R30.jpg,140.55,10,NEW,24.6,30.5,19.1,5.77,14330.73,EUR,2,8,3
S7185058,4059433533575,de-DE,Gardening & DIY,Playset Schleich 42588 Pferd,"Für unsere Kinder möchten wir nur das Beste, und deshalb möchten wir Ihnen <b>Playset Schleich 42588 Pferd</b> vorstellen, perfekt für alle, die quali","Für unsere Kinder möchten wir nur das Beste, und deshalb möchten wir Ihnen <b>Playset Schleich 42588 Pferd</b> vorstellen, perfekt für alle, die qualitativ hochwertige Produkte für die Kleinsten suchen. Kaufen Sie <b>Schleich</b> zu den besten Preisen!<br><br><ul><li>Enthalten: <ul><li>Zubehör</li><li>Pferd</li></ul></li><li>Empfohlenes Alter: + 4 Jahre</li></ul>",Pop Pulse Emporium,https://cdnbigbuy.com/images/4059433533575_S7185058_P01.jpg,https://cdnbigbuy.com/images/4059433533575_S7185058_P11.jpg,,,124.54,5,NEW,34.6,48.6,10.6,2.26,17824.54,EUR,2,8,3
S71001477,3666162006679,de-DE,Gardening & DIY,Tischlampe Lumisky ROBY WHITE Weiß Aluminium,"<p>Wenn Sie Ihrem Zuhause einen Hauch von Originalität verleihen möchten, tun Sie dies mit <b>Tischlampe Lumisky ROBY WHITE Weiß Aluminium</b>.</p><br","<p>Wenn Sie Ihrem Zuhause einen Hauch von Originalität verleihen möchten, tun Sie dies mit <b>Tischlampe Lumisky ROBY WHITE Weiß Aluminium</b>.</p><br><br><ul><li>Steckbares Produkt: Ja</li><li>Steckertyp: EU-Stecker</li><li>Art: Tischlampe</li><li>Farbe: Weiß</li><li>Material: Aluminium</li><li>Glühbirnen-Typ: LED</li><li>Stromquelle: Elektrokabel.</li><li>Batteriebetrieben: <ul><li>Ja</li><li>1 Litio Ion, incluidas</li></ul></li><li>Inklusive Batterien: Ja</li></ul>",Pop Pulse Emporium,https://cdnbigbuy.com/images/3666162006679_S71001477_P00.jpg,https://cdnbigbuy.com/images/3666162006679_S71001477_P20.jpg,https://cdnbigbuy.com/images/3666162006679_S71001477_P30.jpg,https://cdnbigbuy.com/images/3666162006679_S71001477_P40.jpg,106.69,1,NEW,36.0,13.6,13.8,1.26,6756.48,EUR,2,8,3
S7211695,8431283490158,de-DE,Gardening & DIY,Herrenuhr Mark Maddox HC7100-47 (Ø 41 mm),"Wenn Sie mit den neuesten Mode und Accessoire-Trends schritthalten wollen, kaufen Sie <b>Herrenuhr Mark Maddox HC7100-47 (Ø 41 mm)</b> zum besten Prei","Wenn Sie mit den neuesten Mode und Accessoire-Trends schritthalten wollen, kaufen Sie <b>Herrenuhr Mark Maddox HC7100-47 (Ø 41 mm)</b> zum besten Preis.<br><br><ul><li>Geschlecht: Herren</li><li>Extra Links: Kein</li><li>Typ der Uhr: Armbanduhr</li><li>Wasserdicht: 5 atm</li><li>Uhrwerk: Quarz</li><li>Durchmesser des Uhrengehäuses: Ø 41 mm</li></ul>",Pop Pulse Emporium,https://cdnbigbuy.com/images/8431283490158_S7211695_P00.jpg,https://cdnbigbuy.com/images/8431283490158_S7211695_P10.jpg,https://cdnbigbuy.com/images/11696_mandatory-watch0.jpg,,100.25,1,NEW,32.0,19.0,10.0,0.4,6080.0,EUR,2,8,3
S0390372,0196237506245,de-DE,Gardening & DIY,Damen Handtasche Michael Kors Cara Blau,"Wenn Sie auf der Suche nach trendigen Neuheiten auf dem Markt sind, präsentieren wir Ihnen <b>Damen Handtasche Michael Kors Cara Blau</b>!<br><br><ul>","Wenn Sie auf der Suche nach trendigen Neuheiten auf dem Markt sind, präsentieren wir Ihnen <b>Damen Handtasche Michael Kors Cara Blau</b>!<br><br><ul><li>Art: <ul><li>Handtasche</li><li>Damen Handtasche</li></ul></li><li>Geschlecht: Damen</li><li>Farbe: Blau</li><li>Material: Canvas-Stoff</li><li>Verschluss Armband: Reißverschluss</li><li>Enthalten: Enthält Markenetui oder -hülle</li></ul>",Pop Pulse Emporium,https://cdnbigbuy.com/images/0196237506245_S0390372_P00.jpg,https://cdnbigbuy.com/images/0196237506245_S0390372_P10.jpg,https://cdnbigbuy.com/images/0196237506245_S0390372_P20.jpg,,158.05,2,NEW,10.0,10.0,10.0,0.3,1000.0,EUR,2,8,3
S9912240,8436546594314,de-DE,Gardening & DIY,Bluetooth Headset Tech One Tech TEC1420 Weiß,"<p>Wenn Sie Ihrem Zuhause einen Hauch von Originalität verleihen möchten, tun Sie dies mit <b>Bluetooth Headset Tech One Tech TEC1420 Weiß</b>.</p><br","<p>Wenn Sie Ihrem Zuhause einen Hauch von Originalität verleihen möchten, tun Sie dies mit <b>Bluetooth Headset Tech One Tech TEC1420 Weiß</b>.</p><br><br><ul><li>Farbe: Weiß</li><li>Konnektivität: Bluetooth 5.3</li></ul>",Pop Pulse Emporium,https://cdnbigbuy.com/images/8436546594314_S9912240_P00.jpg,,,,132.67,1,NEW,19.0,20.0,16.0,0.67,6080.0,EUR,2,8,3
S71017383,8710103849049,de-DE,Gardening & DIY,Babyphone mit Kamera Philips,"Wenn Sie auf der Suche nach trendigen Neuheiten auf dem Markt sind, präsentieren wir Ihnen <b>Babyphone mit Kamera Philips</b>!<br><br><ul><li>Batteri","Wenn Sie auf der Suche nach trendigen Neuheiten auf dem Markt sind, präsentieren wir Ihnen <b>Babyphone mit Kamera Philips</b>!<br><br><ul><li>Batteriebetrieben: Ja</li><li>Art: Babyphone mit Kamera</li><li>Steckbares Produkt: Ja</li><li>Farbe: Weiß</li><li>Merkmale: <ul><li>Eingebaute Lautsprecher</li><li>Nachtlicht</li><li>Eingebautes Mikrofon</li></ul></li><li>Funktionen: <ul><li>Anzeige für niedrigen Akkustand</li><li>ECO</li></ul></li><li>Anzahl der Batterien: 2</li><li>Batterie-Typ: AA</li",Pop Pulse Emporium,https://cdnbigbuy.com/images/8710103849049_S71017383_P00.jpg,https://cdnbigbuy.com/images/8710103849049_S71017383_P20.jpg,https://cdnbigbuy.com/images/8710103849049_S71017383_P30.jpg,https://cdnbigbuy.com/images/8710103849049_S71017383_P40.jpg,185.38,2,NEW,19.04,16.51,12.15,0.61,3819.36,EUR,2,8,3
S71013886,0197641223902,de-DE,Gardening & DIY,Sportrucksack The North Face Base Camp Duffel Schwarz 71 L,"Gehen Sie zurück ins Büro, ohne Details zu vergessen: Kaufen Sie <b>Sportrucksack The North Face Base Camp Duffel Schwarz 71 L</b> und seien Sie der N","Gehen Sie zurück ins Büro, ohne Details zu vergessen: Kaufen Sie <b>Sportrucksack The North Face Base Camp Duffel Schwarz 71 L</b> und seien Sie der Neid Ihrer Kollegen!<br><br><p>Der <b>Base Camp Duffel</b> von <b>The North Face</b> ist ein Sportrucksack, der für Nutzer entwickelt wurde, die ein großzügiges Fassungsvermögen und hohe Strapazierfähigkeit bei ihren Aktivitäten benötigen, sei es für Outdoor-Einsätze oder intensive Reisen. Mit einem Volumen von <b>71 Litern</b> ermöglicht diese Tasc",Pop Pulse Emporium,https://cdnbigbuy.com/images/0197641223902_S71013886_P00.jpg,https://cdnbigbuy.com/images/0197641223902_S71013886_P30.jpg,https://cdnbigbuy.com/images/0197641223902_S71013886_P10.jpg,https://cdnbigbuy.com/images/0197641223902_S71013886_P20.jpg,190.12,25,NEW,20.63,35.0,34.78,0.95,25112.9,EUR,2,8,3
S91106501,0840295401805,de-DE,Gardening & DIY,Elektrostimulator Therabody TB03780-01 Schwarz,"Wenn Ihnen Ihre Gesundheit am Herzen liegt und Sie Produkte haben möchten, die <b> Schutz und Wellness</b> bieten, dann kaufen Sie <b> Elektrostimulat","Wenn Ihnen Ihre Gesundheit am Herzen liegt und Sie Produkte haben möchten, die <b> Schutz und Wellness</b> bieten, dann kaufen Sie <b> Elektrostimulator Therabody TB03780-01 Schwarz</b> und viele andere <b>Produkte von Therabody</b> zu den besten Preisen!<br><br><ul><li>Farbe: Schwarz</li><li>Merkmale: <ul><li>Einfach zu bedienen</li><li>Verstellbarer Thermostat</li></ul></li><li>Stromquelle: Batterie</li></ul>",Pop Pulse Emporium,https://cdnbigbuy.com/images/0840295401805_S91106501_P00.jpg,,,,193.09,5,NEW,15.5,9.0,20.5,0.85,2859.75,EUR,2,8,3
S55285647,8595611707117,de-DE,Gardening & DIY,Hub USB i-Tec C31FLATPRO100 Grau,"Wenn Sie sich leidenschaftlich mit <b>IT und Elektronik</b> beschäftigen, mit der Technologie auf dem neuesten Stand sein wollen und nicht einmal die ","Wenn Sie sich leidenschaftlich mit <b>IT und Elektronik</b> beschäftigen, mit der Technologie auf dem neuesten Stand sein wollen und nicht einmal die winzigsten Einzelheiten auslassen, kaufen Sie <b>Hub USB i-Tec C31FLATPRO100 Grau</b>.<br><br><ul><li>Art: <ul><li>Hub USB</li><li>Drahtgebunden</li></ul></li><li>Farbe: Grau</li><li>Anschlüsse: <ul><li>HDMI</li><li>USB-C</li><li>USB 2.0</li><li>RJ45</li><li>DisplayPort</li><li>3</li><li>VGA D-sub</li><li>USB-C x 1</li></ul></li><li>Auflösung: 4K U",Pop Pulse Emporium,https://cdnbigbuy.com/images/950977510.jpg,https://cdnbigbuy.com/images/950977450.jpg,https://cdnbigbuy.com/images/950977480.jpg,https://cdnbigbuy.com/images/950977440.jpg,143.43,2,NEW,34.0,17.0,10.0,0.96,5780.0,EUR,2,8,3
S71000798,5702017592480,de-DE,Gardening & DIY,Konstruktionsspiel Lego 77050 Nook's Shop & Rosie's House Bunt,"Für unsere Kinder möchten wir Ihnen <b>Konstruktionsspiel Lego 77050 Nook's Shop & Rosie's House Bunt</b> vorstellen, perfekt für alle, die qualitativ","Für unsere Kinder möchten wir Ihnen <b>Konstruktionsspiel Lego 77050 Nook's Shop & Rosie's House Bunt</b> vorstellen, perfekt für alle, die qualitativ hochwertige Produkte für die Kleinsten suchen. Kaufen Sie <b>Lego</b> und weitere Marken und Lizenzen zu den besten Preisen!<br><br><ul><li>Empfohlenes Alter: + 7 Jahre</li><li>Enthalten: Montageanleitung</li><li>Art: Konstruktionsspiel</li><li>Farbe: Bunt</li><li>Material: Kunststoff</li><li>Sprache: Englisch</li></ul>",Pop Pulse Emporium,https://cdnbigbuy.com/images/5702017592480_S71000798_P00.jpg,https://cdnbigbuy.com/images/5702017592480_S71000798_P50.jpg,https://cdnbigbuy.com/images/5702017592480_S71000798_P10.jpg,https://cdnbigbuy.com/images/5702017592480_S71000798_P20.jpg,104.56,25,NEW,27.0,7.4,38.2,0.88,7632.36,EUR,2,8,3
S9917337,4711387717424,de-DE,Gardening & DIY,"Monitor Asus 90LM06B0-B05B70 Full HD 22"" 21,4""","Wenn Sie sich leidenschaftlich mit <b>IT und Elektronik</b> beschäftigen, mit der Technologie auf dem neuesten Stand sein wollen und nicht einmal die ","Wenn Sie sich leidenschaftlich mit <b>IT und Elektronik</b> beschäftigen, mit der Technologie auf dem neuesten Stand sein wollen und nicht einmal die winzigsten Einzelheiten auslassen, kaufen Sie <b>Monitor Asus 90LM06B0-B05B70 Full HD 22"" 21,4""</b>.<br><br><ul><li>Art: Monitor</li><li>Steckertyp: EU-Stecker</li><li>Steckbares Produkt: Ja</li><li>Diagonale des Bildschirms (cm): <ul><li>54,6 cm</li><li>54,4 cm</li><li>55,9 cm</li></ul></li><li>AC input voltage: 100-240 V</li><li>Frequenz: <ul><li",Pop Pulse Emporium,https://cdnbigbuy.com/images/4711387717424_M0325363_P02.jpg,https://cdnbigbuy.com/images/4711387717424_S9917337_P12.jpg,https://cdnbigbuy.com/images/4711387717424_R02.jpg,https://cdnbigbuy.com/images/4711387717424_I12.jpg,111.21,50,NEW,55.0,13.0,39.0,3.95,27885.0,EUR,2,8,3
S91111825,4210201414865,de-DE,Gardening & DIY,Elektrische Zahnbürste Braun,"<p>Wenn Sie das Ideale Produkt für Ihre <b>Intimpflege</b> suchen, ist <b>Elektrische Zahnbürste Braun</b> genau das Richtige für Sie!</p><br><br><ul>","<p>Wenn Sie das Ideale Produkt für Ihre <b>Intimpflege</b> suchen, ist <b>Elektrische Zahnbürste Braun</b> genau das Richtige für Sie!</p><br><br><ul><li>Funktionen: Bluetooth-Konnektivität</li><li>Art: <ul><li>Zahnweißer</li><li>Vibrierend</li></ul></li><li>Farbe: <ul><li>Weiß</li><li>Schwarz</li></ul></li><li>Merkmale: <ul><li>Wiederaufladbare Batterie</li><li>LED-Anzeige</li><li>Eingebaute Batterie</li><li>Einstellbare Geschwindigkeit</li><li>Tägliche Anwendung</li><li>Drucksensor</li><li>LED",Pop Pulse Emporium,https://cdnbigbuy.com/images/4210201414865_S7838818_P10.jpg,https://cdnbigbuy.com/images/4210201414865_I20.jpg,https://cdnbigbuy.com/images/4210201414865_S7838818_P00.jpg,,118.08,50,NEW,9.0,17.0,24.0,0.6,3672.0,EUR,2,8,3
S71003326,0045496420833,de-DE,Gardening & DIY,Videospiel für Switch Nintendo Fire Emblem Warriors,"Wenn Sie sich leidenschaftlich mit <b>IT und Elektronik</b> beschäftigen, mit der Technologie auf dem neuesten Stand sein wollen und nicht einmal die ","Wenn Sie sich leidenschaftlich mit <b>IT und Elektronik</b> beschäftigen, mit der Technologie auf dem neuesten Stand sein wollen und nicht einmal die winzigsten Einzelheiten auslassen, kaufen Sie <b>Videospiel für Switch Nintendo Fire Emblem Warriors</b>.<br><br><ul><li>Plattform: Nintendo Switch</li><li>Sprache: <ul><li>FR</li><li>Englisch</li></ul></li><li>Kompatibel: Frankreich</li><li>Geschlecht: Aktion</li></ul>",Pop Pulse Emporium,https://cdnbigbuy.com/images/0045496420833_S71003326_P00.jpg,https://cdnbigbuy.com/images/0045496420833_I00.jpg,,,114.0,5,NEW,10.5,17.0,1.2,0.07,214.2,EUR,2,8,3
S0381668,0091661529641,de-DE,Gardening & DIY,Damenuhr Guess (Ø 28 mm),"Wenn Sie mit den neuesten Mode und Accessoire-Trends schritthalten wollen, kaufen Sie <b>Damenuhr Guess (Ø 28 mm)</b> zum besten Preis.<br><br><ul><li","Wenn Sie mit den neuesten Mode und Accessoire-Trends schritthalten wollen, kaufen Sie <b>Damenuhr Guess (Ø 28 mm)</b> zum besten Preis.<br><br><ul><li>Geschlecht: Damen</li><li>Uhrwerk: Quarz</li><li>Enthalten: Inklusive Markenetui</li><li>Kristall: Mineral</li><li>Wasserdicht: <ul><li>3 atm</li><li>Kein</li></ul></li><li>Material des Armbands: Edelstahl</li><li>Durchmesser des Uhrengehäuses: Ø 28 mm</li><li>Extra Links: Kein</li><li>Typ der Uhr: Armbanduhr</li><li>Uhrengehäuse-Material: Edelsta",Pop Pulse Emporium,https://cdnbigbuy.com/images/0091661529641_S0381668_P00.jpg,https://cdnbigbuy.com/images/72766_mandatory-watch0.jpg,https://cdnbigbuy.com/images/78027_mandatory-watch0.jpg,,154.22,1,NEW,32.0,19.0,10.0,0.4,6080.0,EUR,2,8,3
S72109045,8434103510531,de-DE,Gardening & DIY,Herrenuhr Lorus RH387AX9S,"Wenn Sie mit den neuesten Mode und Accessoire-Trends schritthalten wollen, kaufen Sie <b>Herrenuhr Lorus RH387AX9S</b> zum besten Preis.<br><br><ul><l","Wenn Sie mit den neuesten Mode und Accessoire-Trends schritthalten wollen, kaufen Sie <b>Herrenuhr Lorus RH387AX9S</b> zum besten Preis.<br><br><ul><li>Geschlecht: Herren</li><li>Extra Links: Kein</li><li>Typ der Uhr: Armbanduhr</li></ul>",Pop Pulse Emporium,https://cdnbigbuy.com/images/8434103510531_S72109045_P00.jpg,https://cdnbigbuy.com/images/108057_mandatory-watch0.jpg,,,117.67,2,NEW,14.15,12.43,10.11,0.3,1778.19,EUR,2,8,3
S72124986,4894138354410,de-DE,Gardening & DIY,Herrenuhr Lorus RG231UX9,"Wenn Sie auf der Suche nach trendigen Neuheiten auf dem Markt sind, präsentieren wir Ihnen <b>Herrenuhr Lorus RG231UX9</b>!<br><br><ul><li>Geschlecht:","Wenn Sie auf der Suche nach trendigen Neuheiten auf dem Markt sind, präsentieren wir Ihnen <b>Herrenuhr Lorus RG231UX9</b>!<br><br><ul><li>Geschlecht: Herren</li><li>Extra Links: Kein</li><li>Typ der Uhr: Armbanduhr</li></ul>",Pop Pulse Emporium,https://cdnbigbuy.com/images/4894138354410_S72124986_P00.jpg,https://cdnbigbuy.com/images/4894138354410_S72124986_P10.jpg,https://cdnbigbuy.com/images/123998_mandatory-watch0.jpg,,115.78,2,NEW,14.15,12.43,10.11,0.3,1778.19,EUR,2,8,3
S0359658,2210003735733,de-DE,Gardening & DIY,Damenhalskette Folli Follie 4N9A113KY 80 cm,"Wir präsentieren <b>Damenhalskette Folli Follie 4N9A113KY 80 cm</b> und ein umfangreiches Sortiment von Ringen, Halsbändern, Armbändern, Ohrringen, us","Wir präsentieren <b>Damenhalskette Folli Follie 4N9A113KY 80 cm</b> und ein umfangreiches Sortiment von Ringen, Halsbändern, Armbändern, Ohrringen, usw. zu einem großartigen Preis. Erfahren Sie mehr über unsere exklusiven und eleganten Schmuck und Modeschmuck für jeden Geschmack und Stil.<br><br><ul><li>Geschlecht: Damen</li><li>Art: Damenhalskette</li><li>Farbe: Bunt</li><li>Material: Edelstahl</li><li>Enthalten: Inklusive Markenetui</li><li>Maße ca.: 80 cm</li></ul>",Pop Pulse Emporium,https://cdnbigbuy.com/images/2210003735733_S0359658_P02.jpg,,,,120.54,2,NEW,10.0,10.0,10.0,0.3,1000.0,EUR,2,8,3
S71013891,0197642126325,de-DE,Gardening & DIY,Sportrucksack The North Face Base Camp Duffel Schwarz 50 ml,"Gehen Sie zurück ins Büro, ohne Details zu vergessen: Kaufen Sie <b>Sportrucksack The North Face Base Camp Duffel Schwarz 50 ml</b> und seien Sie der ","Gehen Sie zurück ins Büro, ohne Details zu vergessen: Kaufen Sie <b>Sportrucksack The North Face Base Camp Duffel Schwarz 50 ml</b> und seien Sie der Neid Ihrer Kollegen!<br><br><p>Der <b>Base Camp Duffel</b> von <b>The North Face</b> ist eine Sporttasche, die für hohe Funktionalität und Langlebigkeit bei Outdoor-Aktivitäten und anspruchsvollen Reisen entwickelt wurde. Dieses Modell besticht durch sein <b>Volumen von 50 Litern</b>, was es zum idealen Begleiter macht, um die gesamte Ausrüstung fü",Pop Pulse Emporium,https://cdnbigbuy.com/images/0197642126325_S71013891_P00.jpg,https://cdnbigbuy.com/images/0197642126325_S71013891_P10.jpg,https://cdnbigbuy.com/images/0197642126325_S71013891_P20.jpg,https://cdnbigbuy.com/images/0197642126325_S71013891_P30.jpg,160.69,25,NEW,20.63,35.0,34.78,0.95,25112.9,EUR,2,8,3
S7290138,0889214291776,de-DE,Gardening & DIY,Damensonnenbrille Emilio Pucci EP0178 6128E,"Wenn Sie gern die neusten Produkte aus <b>Fashion & Accessoires</b> tragen möchten, dann sind Accessoires, wie die <b>Damensonnenbrille Emilio Pucci E","Wenn Sie gern die neusten Produkte aus <b>Fashion & Accessoires</b> tragen möchten, dann sind Accessoires, wie die <b>Damensonnenbrille Emilio Pucci EP0178 6128E</b> ein Muss, um Ihren Look abzurunden! Vertrauen Sie auf die Marken für <b>Sonnenbrillen</b>.<br><br><ul><li>Geschlecht: Damen</li></ul>",Pop Pulse Emporium,https://cdnbigbuy.com/images/0889214291776_S7290138_P00.jpg,https://cdnbigbuy.com/images/0889214291776_S7290138_P10.jpg,https://cdnbigbuy.com/images/0889214291776_S7290138_P20.jpg,,116.19,2,NEW,10.08,9.98,9.92,0.3,997.94,EUR,2,8,3
S0379955,8431777847482,de-DE,Gardening & DIY,Damenuhr Tetra 125-C (Ø 27 mm),"Wenn Sie mit den neuesten Mode und Accessoire-Trends schritthalten wollen, kaufen Sie <b>Damenuhr Tetra 125-C (Ø 27 mm)</b> zum besten Preis.<br><br><","Wenn Sie mit den neuesten Mode und Accessoire-Trends schritthalten wollen, kaufen Sie <b>Damenuhr Tetra 125-C (Ø 27 mm)</b> zum besten Preis.<br><br><ul><li>Geschlecht: Damen</li><li>Extra Links: Kein</li><li>Typ der Uhr: Armbanduhr</li><li>Material des Armbands: Haut</li><li>Uhrengehäuse-Material: Edelstahl</li><li>Uhrwerk: Quarz</li><li>Kristall: Mineral</li><li>Enthalten: Inklusive Markenetui</li><li>Verschluss Armband: Schließe</li><li>Farbe der Krone: Gold</li><li>Farbe des Uhrengehäuses: G",Pop Pulse Emporium,https://cdnbigbuy.com/images/8431777847482_S0379955_P01.jpg,https://cdnbigbuy.com/images/76314_mandatory-watch1.jpg,,,101.35,1,NEW,32.0,19.0,10.0,0.4,6080.0,EUR,2,8,3
S0384431,0196237633927,de-DE,Gardening & DIY,Damen Handtasche Michael Kors MERCER Blau 30 x 23 x 10 cm,Sind Sie modebewusst und begeistern sich für Accessoires? Wir bieten Ihnen <b>Damen Handtasche Michael Kors MERCER Blau 30 x 23 x 10 cm</b> und ein br,Sind Sie modebewusst und begeistern sich für Accessoires? Wir bieten Ihnen <b>Damen Handtasche Michael Kors MERCER Blau 30 x 23 x 10 cm</b> und ein breites Sortiment an modernen Handtaschen und Geldbeutel!<br><br><ul><li>Art: <ul><li>Handtasche</li><li>Damen Handtasche</li></ul></li><li>Geschlecht: Damen</li><li>Farbe: Blau</li><li>Material: Haut</li><li>Verschluss Armband: Reißverschluss</li><li>Enthalten: Enthält Markenetui oder -hülle</li><li>Maße ca.: 30 x 23 x 10 cm</li></ul>,Pop Pulse Emporium,https://cdnbigbuy.com/images/0196237633927_S0384431_P00.jpg,https://cdnbigbuy.com/images/0196237633927_S0384431_P10.jpg,https://cdnbigbuy.com/images/0196237633927_S0384431_P20.jpg,,196.91,10,NEW,10.0,10.0,10.0,0.3,1000.0,EUR,2,8,3
S3709470,8033280325367,de-DE,Gardening & DIY,Rennstiefel Sparco K-Pole Blau 48,"Wenn Sie Ihren Kleiderschrank erneuern möchten, empfehlen wir Ihnen <b>Rennstiefel Sparco K-Pole Blau 48</b> und weitere <b> Produkte von Sparco</b>! ","Wenn Sie Ihren Kleiderschrank erneuern möchten, empfehlen wir Ihnen <b>Rennstiefel Sparco K-Pole Blau 48</b> und weitere <b> Produkte von Sparco</b>! Jetzt für Sie die beste Qualität zum besten Preis!<br><br><ul><li>Farbe: Blau</li><li>Größe: 48</li></ul>",Pop Pulse Emporium,https://cdnbigbuy.com/images/8033280325367_A01.jpg,,,,108.96,2,NEW,12.0,25.0,35.0,3.0,10500.0,EUR,2,8,3
S7292856,4971850054900,de-DE,Gardening & DIY,"Herrenuhr Casio MULTIFUNCTION CALENDAR - BLACK & BORDEAUX (Ø 43,5 mm)","Wenn Sie mit den neuesten Mode und Accessoire-Trends schritthalten wollen, kaufen Sie <b>Herrenuhr Casio MULTIFUNCTION CALENDAR - BLACK & BORDEAUX (Ø ","Wenn Sie mit den neuesten Mode und Accessoire-Trends schritthalten wollen, kaufen Sie <b>Herrenuhr Casio MULTIFUNCTION CALENDAR - BLACK & BORDEAUX (Ø 43,5 mm)</b> zum besten Preis.<br><br><ul><li>Geschlecht: Herren</li><li>Extra Links: Kein</li><li>Typ der Uhr: Armbanduhr</li><li>Funktionen: Multifunktion</li><li>Material des Armbands: Edelstahl</li><li>Enthalten: Enthält Markenetui oder -hülle</li><li>Wasserdicht: 5 atm</li><li>Kristall: Mineral</li><li>Uhrwerk: Quarz</li><li>Durchmesser des Uh",Pop Pulse Emporium,https://cdnbigbuy.com/images/4971850054900_S7292856_P01.jpg,https://cdnbigbuy.com/images/91868_mandatory-watch1.jpg,,,120.06,2,NEW,14.15,12.43,10.11,0.3,1778.19,EUR,2,8,3
S9164320,5901780419912,de-DE,Gardening & DIY,Gehhilfe auf Rädern Vitea Care VCBK2A,"Wenn Ihnen Ihre Gesundheit am Herzen liegt und Sie Produkte haben möchten, die <b> Schutz und Wellness</b> bieten, dann kaufen Sie <b> Gehhilfe auf Rä","Wenn Ihnen Ihre Gesundheit am Herzen liegt und Sie Produkte haben möchten, die <b> Schutz und Wellness</b> bieten, dann kaufen Sie <b> Gehhilfe auf Rädern Vitea Care VCBK2A</b> und viele andere <b>Produkte von Vitea Care</b> zu den besten Preisen!<br><br><ul><li>Farbe: <ul><li>Blau</li><li>Schwarz</li></ul></li><li>Breite: 59 cm</li><li>Lang: 76 cm</li><li>Räder: Räder x 4</li><li>Ungefähres Gewicht: 11 Kg</li></ul>",Pop Pulse Emporium,https://cdnbigbuy.com/images/5901780419912_S9164320_P00.jpg,https://cdnbigbuy.com/images/5901780419912_S9164320_P40.jpg,https://cdnbigbuy.com/images/5901780419912_S9164320_P10.jpg,https://cdnbigbuy.com/images/5901780419912_S9164320_P20.jpg,164.07,5,NEW,80.0,19.0,64.0,11.0,97280.0,EUR,2,8,3
S91115727,8437012083912,de-DE,Gardening & DIY,Futter Nature Grain Free Holistic Salmón Lachsfarben 12 kg,"Wenn Sie auf der Suche nach trendigen Neuheiten auf dem Markt sind, präsentieren wir Ihnen <b>Futter Nature Grain Free Holistic Salmón Lachsfarben 12 ","Wenn Sie auf der Suche nach trendigen Neuheiten auf dem Markt sind, präsentieren wir Ihnen <b>Futter Nature Grain Free Holistic Salmón Lachsfarben 12 kg</b>!<br><br><ul><li>Art: <ul><li>Futter</li><li>Trockene Lebens- oder Futtermittel</li></ul></li><li>Form: Solide</li><li>Geschmack: Lachsfarben</li><li>Haustier: Hund</li><li>Empfohlene verwendung: <ul><li>Haustier mit Nahrungsmittelallergie oder -unverträglichkeit</li><li>Haustiere mit besonderen Anforderungen an Haut und Fell</li></ul></li><l",Pop Pulse Emporium,https://cdnbigbuy.com/images/8437012083912_S91115727_P00.jpg,,,,128.18,25,NEW,38.0,17.0,52.0,12.1,33592.0,EUR,2,8,3
S7102100,8058664141456,de-DE,Gardening & DIY,Baby-Liegestuhl Chicco Balloon Dots Blau,"Für unsere Kinder möchten wir nur das Beste, und deshalb möchten wir Ihnen <b>Baby-Liegestuhl Chicco Balloon Dots Blau</b> vorstellen, perfekt für all","Für unsere Kinder möchten wir nur das Beste, und deshalb möchten wir Ihnen <b>Baby-Liegestuhl Chicco Balloon Dots Blau</b> vorstellen, perfekt für alle, die qualitativ hochwertige Produkte für die Kleinsten suchen. Kaufen Sie <b>Chicco</b> zu den besten Preisen!<br><br><ul><li>Art: Hängematte zum Schlafen</li><li>Farbe: Blau</li><li>Geeignet für: Baby</li><li>Merkmale: <ul><li>Umschnallset für Beginner</li><li>Praktisch und bequem</li></ul></li><li>Design: Fisch</li></ul>",Pop Pulse Emporium,https://cdnbigbuy.com/images/8058664141456_S7102100_P0_WBG3.jpg,https://cdnbigbuy.com/images/8058664141456_S7102100_P1_MKT3.jpg,,,145.13,10,NEW,79.5,14.0,50.0,5.0,55650.0,EUR,2,8,3
S71015051,3366670001158,de-DE,Gardening & DIY,Samen BHS 5 kg,"Wenn Sie auf der Suche nach trendigen Neuheiten auf dem Markt sind, präsentieren wir Ihnen <b>Samen BHS 5 kg</b>!<br><br><ul><li>Art: Rasen</li><li>Ka","Wenn Sie auf der Suche nach trendigen Neuheiten auf dem Markt sind, präsentieren wir Ihnen <b>Samen BHS 5 kg</b>!<br><br><ul><li>Art: Rasen</li><li>Kapazität: 5 kg</li></ul>",Pop Pulse Emporium,https://cdnbigbuy.com/images/3366670001158_S71015051_P00.jpg,https://cdnbigbuy.com/images/3366670001158_S71015051_P10.jpg,https://cdnbigbuy.com/images/3366670001158_S71015051_P20.jpg,,113.54,2,NEW,4.8,14.11,16.03,5.1,1085.68,EUR,2,8,3
M0517150,4961311858819,de-DE,Gardening & DIY,Toner Ricoh 431013 Schwarz,"Gehen Sie zurück ins Büro, ohne Details zu vergessen: Kaufen Sie <b>Toner Ricoh 431013 Schwarz</b> und seien Sie der Neid Ihrer Kollegen!<br><br><ul><","Gehen Sie zurück ins Büro, ohne Details zu vergessen: Kaufen Sie <b>Toner Ricoh 431013 Schwarz</b> und seien Sie der Neid Ihrer Kollegen!<br><br><ul><li>Farbe: Schwarz</li><li>Präzision (relative Feuchte): 20 % - 80 %</li><li>Merkmale: Original</li></ul>",Pop Pulse Emporium,https://cdnbigbuy.com/images/4961311858819_M0517150_P00.jpg,,,,146.38,1,NEW,36.0,18.0,13.0,0.87,8424.0,EUR,2,8,3
S7298590,7895653263659,de-DE,Gardening & DIY,Herrensonnenbrille Arnette MWANBA AN 4322,"Wenn Sie gern die neusten Produkte aus <b>Fashion & Accessoires</b> tragen möchten, dann sind Accessoires, wie die <b>Herrensonnenbrille Arnette MWANB","Wenn Sie gern die neusten Produkte aus <b>Fashion & Accessoires</b> tragen möchten, dann sind Accessoires, wie die <b>Herrensonnenbrille Arnette MWANBA AN 4322</b> ein Muss, um Ihren Look abzurunden! Vertrauen Sie auf die Marken für <b>Sonnenbrillen</b>.<br><br><ul><li>Art: Herrensonnenbrille</li><li>Schutz: 100% Schutz vor UV (UV400)</li><li>Geschlecht: Herren</li><li>Material: Azetat</li></ul>",Pop Pulse Emporium,https://cdnbigbuy.com/images/7895653263659_S7298590_P10.jpg,https://cdnbigbuy.com/images/7895653263659_S7298590_P00.jpg,,,108.97,2,NEW,10.0,10.0,10.06,0.28,1006.0,EUR,2,8,3
S71008117,3760240783275,de-DE,Gardening & DIY,Digitale Personenwaage Little Balance PRO M 225,"Wenn Ihnen Ihre Gesundheit am Herzen liegt und Sie Produkte haben möchten, die <b> Schutz und Wellness</b> bieten, dann kaufen Sie <b> Digitale Person","Wenn Ihnen Ihre Gesundheit am Herzen liegt und Sie Produkte haben möchten, die <b> Schutz und Wellness</b> bieten, dann kaufen Sie <b> Digitale Personenwaage Little Balance PRO M 225</b> und viele andere <b>Produkte von Little Balance</b> zu den besten Preisen!<br><br><ul><li>Max. unterstütztes Gewicht: 225 kg</li><li>Enthalten: Batterie</li><li>Auflösung: LCD</li><li>Technologie: LCD</li></ul>",Pop Pulse Emporium,https://cdnbigbuy.com/images/3760240783275_S71008117_P10.jpg,https://cdnbigbuy.com/images/3760240783275_S71008117_P00.jpg,,,113.49,9,NEW,44.8,32.6,7.6,2.42,11099.65,EUR,2,8,3
M0806229,6921815628682,de-DE,Gardening & DIY,Bluetooth-Kopfhörer OnePlus OnePlus Buds 4 Grau,"Wenn Sie sich leidenschaftlich mit <b>IT und Elektronik</b> beschäftigen, mit der Technologie auf dem neuesten Stand sein wollen und nicht einmal die ","Wenn Sie sich leidenschaftlich mit <b>IT und Elektronik</b> beschäftigen, mit der Technologie auf dem neuesten Stand sein wollen und nicht einmal die winzigsten Einzelheiten auslassen, kaufen Sie <b>Bluetooth-Kopfhörer OnePlus OnePlus Buds 4 Grau</b>.<br><br><ul><li>Art: Kopfhörer</li><li>Farbe: Grau</li><li>Anschlüsse: USB-C</li></ul>",Pop Pulse Emporium,https://cdnbigbuy.com/images/6921815628682_M0806229_P00.jpg,https://cdnbigbuy.com/images/6921815628682_M0806229_P10.jpg,https://cdnbigbuy.com/images/6921815628682_M0806229_P20.jpg,,134.4,1,NEW,19.0,10.0,12.0,1.8,2280.0,EUR,2,8,3
S7724902,5711045490286,de-DE,Gardening & DIY,Zubehör Zebra 800261-107 (30960 Schlagwörter) (12 Stück),"Gehen Sie zurück ins Büro, ohne Details zu vergessen: Kaufen Sie <b>Zubehör Zebra 800261-107 (30960 Schlagwörter) (12 Stück)</b> und seien Sie der Nei","Gehen Sie zurück ins Büro, ohne Details zu vergessen: Kaufen Sie <b>Zubehör Zebra 800261-107 (30960 Schlagwörter) (12 Stück)</b> und seien Sie der Neid Ihrer Kollegen!<br><br><ul><li>Art: Klebstoff</li><li>Farbe: Weiß</li><li>Stückzahl: <ul><li>30960 Schlagwörter</li><li>12 Stück</li></ul></li><li>Material: Papier</li><li>Technologie: Thermal</li></ul>",Pop Pulse Emporium,https://cdnbigbuy.com/images/5711045490286_R00.jpg,,,,180.16,2,NEW,26.2,26.2,21.5,5.36,14758.46,EUR,2,8,3
S0462361,0711719590392,de-DE,Gardening & DIY,Kopfhörer Sony 1000044483,"Wenn Sie auf der Suche nach trendigen Neuheiten auf dem Markt sind, präsentieren wir Ihnen <b>Kopfhörer Sony 1000044483</b>!<br><br><ul><li>Art: Kopfh","Wenn Sie auf der Suche nach trendigen Neuheiten auf dem Markt sind, präsentieren wir Ihnen <b>Kopfhörer Sony 1000044483</b>!<br><br><ul><li>Art: Kopfhörer</li></ul>",Pop Pulse Emporium,https://cdnbigbuy.com/images/0711719590392_S0462361_P00.jpg,,,,187.5,1,NEW,15.52,15.05,11.41,0.26,2665.1,EUR,2,8,3
S0441371,8007403168803,de-DE,Gardening & DIY,Elektrische Heizdecke Daga S.C. 16880 150 X 160 CM ,"<p>Wenn Sie Ihrem Zuhause einen Hauch von Originalität verleihen möchten, tun Sie dies mit <b>Elektrische Heizdecke Daga S.C. 16880 150 X 160 CM </b>.","<p>Wenn Sie Ihrem Zuhause einen Hauch von Originalität verleihen möchten, tun Sie dies mit <b>Elektrische Heizdecke Daga S.C. 16880 150 X 160 CM </b>.</p><br><ul><li>Maße ca.: 150 X 160 CM </li><li>Leistung: 150 W</li></ul>",Pop Pulse Emporium,https://cdnbigbuy.com/images/80074031688032.jpg,,,,162.57,10,NEW,30.78,36.7,12.58,1.27,14210.7,EUR,2,8,3
S5629193,5901969439212,de-DE,Gardening & DIY,ATX Semi-Tower Gehäuse Genesis NPC-2046 Schwarz,"Wenn Sie sich leidenschaftlich mit <b>IT und Elektronik</b> beschäftigen, mit der Technologie auf dem neuesten Stand sein wollen und nicht einmal die ","Wenn Sie sich leidenschaftlich mit <b>IT und Elektronik</b> beschäftigen, mit der Technologie auf dem neuesten Stand sein wollen und nicht einmal die winzigsten Einzelheiten auslassen, kaufen Sie <b>ATX Semi-Tower Gehäuse Genesis NPC-2046 Schwarz</b>.<br><br><ul><li>Art: <ul><li>ATX Semi-Tower Gehäuse</li><li>PC</li><li>Gaming</li></ul></li><li>Farbe: Schwarz</li><li>Tiefe: 420 mm</li><li>Beleuchtung: No</li><li>Merkmale: Ein/Aus-Schalter</li><li>Ports: Audio-Eingang</li><li>Formfaktor: Midi-Tow",Pop Pulse Emporium,https://cdnbigbuy.com/images/5901969439212_I10.jpg,https://cdnbigbuy.com/images/5901969439212_I30.jpg,,,103.28,10,NEW,53.0,28.0,49.0,8.1,72716.0,EUR,2,8,3
S37113873,8435682605786,de-DE,Gardening & DIY,"Schraubensatz OMP OMPS09981208 28 mm grün M12 x 1,50","Statten Sie Ihr Fahrzeug mit den neuesten Produkten aus - kaufen Sie <b>Schraubensatz OMP OMPS09981208 28 mm grün M12 x 1,50</b> und verpassen Sie kei","Statten Sie Ihr Fahrzeug mit den neuesten Produkten aus - kaufen Sie <b>Schraubensatz OMP OMPS09981208 28 mm grün M12 x 1,50</b> und verpassen Sie kein Detail!<br><br><ul><li>Farbe: grün</li><li>Schraube: M12 x 1,50</li><li>Länge: 28 mm</li><li>Art: DIN 12.9</li><li>Stück: 20 Stück</li><li>Material: Aluminium</li></ul>",Pop Pulse Emporium,https://cdnbigbuy.com/images/8435682605786_S37113873_P00.jpg,,,,141.6,1,NEW,5.0,5.0,5.0,1.0,125.0,EUR,2,8,3
S7175328,8003507757585,de-DE,Gardening & DIY,Blumentopf Stefanplast Deluxe 43 x 43 x 142 cm Grau,"Wenn Sie bei der Einrichtung ihres Heims Wert auf Details legen und bei Produkten, die Ihnen das Leben leichter machen, auf dem letzten Stand sein möc","Wenn Sie bei der Einrichtung ihres Heims Wert auf Details legen und bei Produkten, die Ihnen das Leben leichter machen, auf dem letzten Stand sein möchten, dann kaufen Sie <b>Blumentopf Stefanplast Deluxe 43 x 43 x 142 cm Grau</b> zum besten Preis.<br><br><ul><li>Art: Blumentopf</li><li>Farbe: Grau</li><li>Maße ca.: 43 x 43 x 142 cm</li></ul>",Pop Pulse Emporium,https://cdnbigbuy.com/images/8003507757585_S7175328_P02.jpg,,,,113.4,2,NEW,64.0,46.0,23.0,5.26,67712.0,EUR,2,8,3
S7232851,5700303014067,de-DE,Gardening & DIY,Charms für Damen Pandora SPIDER-MAN CAMERA SELFIE,"Wir präsentieren <b>Charms für Damen Pandora SPIDER-MAN CAMERA SELFIE</b> und ein umfangreiches Sortiment von Ringen, Halsbändern, Armbändern, Ohrring","Wir präsentieren <b>Charms für Damen Pandora SPIDER-MAN CAMERA SELFIE</b> und ein umfangreiches Sortiment von Ringen, Halsbändern, Armbändern, Ohrringen, usw. zu einem großartigen Preis. Erfahren Sie mehr über unsere exklusiven und eleganten Schmuck und Modeschmuck für jeden Geschmack und Stil.<br><br><ul><li>Art: <ul><li>Charms für Damen</li><li>Perlen</li></ul></li><li>Geschlecht: Damen</li><li>Material: Sterlingsilber 925</li><li>Enthalten: Inklusive Markenetui</li></ul>",Pop Pulse Emporium,https://cdnbigbuy.com/images/5700303014067_R01.jpg,https://cdnbigbuy.com/images/5700303014067_R11.jpg,https://cdnbigbuy.com/images/5700303014067_R21.jpg,,101.68,1,NEW,10.0,10.0,10.0,0.3,1000.0,EUR,2,8,3
S91118704,0810036058315,de-DE,Gardening & DIY,Elektrostimulator Therabody TB02800-01,"Wenn Ihnen Ihre Gesundheit am Herzen liegt und Sie Produkte haben möchten, die <b> Schutz und Wellness</b> bieten, dann kaufen Sie <b> Elektrostimulat","Wenn Ihnen Ihre Gesundheit am Herzen liegt und Sie Produkte haben möchten, die <b> Schutz und Wellness</b> bieten, dann kaufen Sie <b> Elektrostimulator Therabody TB02800-01</b> und viele andere <b>Produkte von Therabody</b> zu den besten Preisen!<br><br><ul><li>Farbe: Blau</li><li>Größe: XL</li><li>Enthalten: Batterie</li></ul>",Pop Pulse Emporium,https://cdnbigbuy.com/images/0810036058315_M0323235_P00.jpg,,,,177.14,5,NEW,17.0,5.0,25.0,0.5,2125.0,EUR,2,8,3
S71019541,8720169229815,de-DE,Gardening & DIY,LED-Lampe Philips Weiß E GU10 400 lm 2 Stück (6500 K),"Wenn Sie bei der Einrichtung ihres Heims Wert auf Details legen und bei Produkten, die Ihnen das Leben leichter machen, auf dem letzten Stand sein möc","Wenn Sie bei der Einrichtung ihres Heims Wert auf Details legen und bei Produkten, die Ihnen das Leben leichter machen, auf dem letzten Stand sein möchten, dann kaufen Sie <b>LED-Lampe Philips Weiß E GU10 400 lm 2 Stück (6500 K)</b> zum besten Preis.<br><br><ul><li>Art: <ul><li>LED-Lampe</li><li>Glühbirne</li></ul></li><li>Farbe: Weiß</li><li>Merkmale: Einstellbar</li><li>Energieklassifizierung: E</li><li>Kappe: GU10</li><li>Kompatibel: <ul><li>iOS, Android</li><li>Amazon Alexa</li><li>Google Ho",Pop Pulse Emporium,https://cdnbigbuy.com/images/8720169229815_S71019541_P00.jpg,https://cdnbigbuy.com/images/8720169229815_S71019541_P30.jpg,https://cdnbigbuy.com/images/8720169229815_S71019541_P40.jpg,https://cdnbigbuy.com/images/8720169229815_S71019541_P50.jpg,143.1,25,NEW,15.0,8.0,7.0,0.15,840.0,EUR,2,8,3
S0391210,0196237626196,de-DE,Gardening & DIY,Handtasche Michael Kors Mercer,"Wenn Sie auf der Suche nach trendigen Neuheiten auf dem Markt sind, präsentieren wir Ihnen <b>Handtasche Michael Kors Mercer</b>!<br><br><ul><li>Art: ","Wenn Sie auf der Suche nach trendigen Neuheiten auf dem Markt sind, präsentieren wir Ihnen <b>Handtasche Michael Kors Mercer</b>!<br><br><ul><li>Art: Handtasche</li><li>Geschlecht: Damen</li><li>Farbe: Rosa</li><li>Material: Haut</li><li>Verschluss Armband: Reißverschluss</li><li>Enthalten: Enthält Markenetui oder -hülle</li><li>Maße ca.: 30 x 23 x 10 cm</li></ul>",Pop Pulse Emporium,https://cdnbigbuy.com/images/0196237626196_S0391210_P00.jpg,https://cdnbigbuy.com/images/0196237626196_S0391210_P10.jpg,https://cdnbigbuy.com/images/0196237626196_S0391210_P20.jpg,,196.91,10,NEW,10.0,10.0,10.0,0.3,1000.0,EUR,2,8,3
S72114334,4894816159931,de-DE,Gardening & DIY,Herrenuhr Timberland TDWGI0068703,"Wenn Sie auf der Suche nach trendigen Neuheiten auf dem Markt sind, präsentieren wir Ihnen <b>Herrenuhr Timberland TDWGI0068703</b>!<br><br><ul><li>Ge","Wenn Sie auf der Suche nach trendigen Neuheiten auf dem Markt sind, präsentieren wir Ihnen <b>Herrenuhr Timberland TDWGI0068703</b>!<br><br><ul><li>Geschlecht: Herren</li><li>Extra Links: Kein</li><li>Typ der Uhr: Armbanduhr</li></ul>",Pop Pulse Emporium,https://cdnbigbuy.com/images/4894816159931_S72114334_P00.jpg,https://cdnbigbuy.com/images/113346_mandatory-watch0.jpg,https://cdnbigbuy.com/images/4894816159931_S72114334_P10.jpg,https://cdnbigbuy.com/images/4894816159931_S72114334_P20.jpg,199.64,2,NEW,14.15,12.43,10.11,0.3,1778.19,EUR,2,8,3
S91122552,5901571447308,de-DE,Gardening & DIY,Gehhilfe auf Rädern Antar AT51006,"Wenn Sie auf der Suche nach trendigen Neuheiten auf dem Markt sind, präsentieren wir Ihnen <b>Gehhilfe auf Rädern Antar AT51006</b>!<br><br><ul><li>Fa","Wenn Sie auf der Suche nach trendigen Neuheiten auf dem Markt sind, präsentieren wir Ihnen <b>Gehhilfe auf Rädern Antar AT51006</b>!<br><br><ul><li>Farbe: <ul><li>Rot</li><li>Silberfarben</li></ul></li><li>Material: Aluminium</li><li>Breite: 59 cm</li><li>Lang: 51 cm</li><li>Ungefähres Gewicht: 7,35 KG</li><li>Biegsam: Ja</li><li>Empfohlenes Alter: Erwachsene</li></ul>",Pop Pulse Emporium,https://cdnbigbuy.com/images/5901571447308_S91122552_P00.jpg,https://cdnbigbuy.com/images/5901571447308_S91122552_P40.jpg,https://cdnbigbuy.com/images/5901571447308_S91122552_P50.jpg,https://cdnbigbuy.com/images/5901571447308_S91122552_P60.jpg,172.66,10,NEW,67.0,28.0,37.0,9.1,69412.0,EUR,2,8,3
S5633035,0765441773042,de-DE,Gardening & DIY,RAM Speicher Team Group FF4D532G6000HC38GDC01,"Wenn Sie auf der Suche nach trendigen Neuheiten auf dem Markt sind, präsentieren wir Ihnen <b>RAM Speicher Team Group FF4D532G6000HC38GDC01</b>!<br><b","Wenn Sie auf der Suche nach trendigen Neuheiten auf dem Markt sind, präsentieren wir Ihnen <b>RAM Speicher Team Group FF4D532G6000HC38GDC01</b>!<br><br><ul><li>Art: Speicher (RAM)</li></ul>",Pop Pulse Emporium,https://cdnbigbuy.com/images/0765441773042_S5633035_P00.jpg,https://cdnbigbuy.com/images/0765441773042_R20.jpg,https://cdnbigbuy.com/images/0765441773042_I20.jpg,https://cdnbigbuy.com/images/0765441773042_R70.jpg,137.17,10,NEW,14.21,8.93,5.47,0.09,694.12,EUR,2,8,3
S0452657,6941764417359,de-DE,Gardening & DIY,Smartphone Realme Schwarz 4 GB RAM 128 GB,"Wenn Sie sich leidenschaftlich mit <b>IT und Elektronik</b> beschäftigen, mit der Technologie auf dem neuesten Stand sein wollen und nicht einmal die ","Wenn Sie sich leidenschaftlich mit <b>IT und Elektronik</b> beschäftigen, mit der Technologie auf dem neuesten Stand sein wollen und nicht einmal die winzigsten Einzelheiten auslassen, kaufen Sie <b>Smartphone Realme Schwarz 4 GB RAM 128 GB</b>.<br><br><ul><li>Steckbares Produkt: Ja</li><li>Art: <ul><li>Smartphone</li><li>Dual SIM</li><li>LPDDR4X</li></ul></li><li>Steckertyp: EU-Stecker</li><li>Diagonale des Bildschirms (cm): <ul><li>17,1 cm</li><li>16,5 cm</li><li>17 cm</li></ul></li><li>Enthal",Pop Pulse Emporium,https://cdnbigbuy.com/images/6941764417359_S0452657_P01.jpg,,,,127.78,50,NEW,14.62,11.13,11.54,1.0,1877.8,EUR,2,8,3
S72124498,0889214215055,de-DE,Gardening & DIY,Brillenfassung Guess GU2813,"Wenn Sie Ihren Kleiderschrank erneuern möchten, empfehlen wir Ihnen <b>Brillenfassung Guess GU2813</b> und weitere <b> Produkte von Guess</b>! Jetzt f","Wenn Sie Ihren Kleiderschrank erneuern möchten, empfehlen wir Ihnen <b>Brillenfassung Guess GU2813</b> und weitere <b> Produkte von Guess</b>! Jetzt für Sie die beste Qualität zum besten Preis!<br><br><ul><li>Merkmale: Gläser ohne Sehstärke</li><li>Art: Brillenfassung</li><li>Geschlecht: Unisex</li><li>Material: Metall</li></ul>",Pop Pulse Emporium,https://cdnbigbuy.com/images/0889214215055_S72124498_P00.jpg,,,,133.86,1,NEW,9.9,10.0,9.94,0.29,984.06,EUR,2,8,3
M0513478,0632983061268,de-DE,Gardening & DIY,Toner Kyocera 1T02Y40NL0 Schwarz,"Gehen Sie zurück ins Büro, ohne Details zu vergessen: Kaufen Sie <b>Toner Kyocera 1T02Y40NL0 Schwarz</b> und seien Sie der Neid Ihrer Kollegen!<br><br","Gehen Sie zurück ins Büro, ohne Details zu vergessen: Kaufen Sie <b>Toner Kyocera 1T02Y40NL0 Schwarz</b> und seien Sie der Neid Ihrer Kollegen!<br><br><ul><li>Farbe: Schwarz</li><li>Art: Toner</li><li>Merkmale: Original</li></ul>",Pop Pulse Emporium,https://cdnbigbuy.com/images/0632983061268_M0513478_P00.jpg,,,,142.95,18,NEW,38.5,11.5,15.5,1.0,6862.62,EUR,2,8,3
S55058042,0065030870153,de-DE,Gardening & DIY,Bildschirm-Träger für den Tisch Startech ARMBARDUOV          ,"Wenn Sie sich leidenschaftlich mit <b>IT und Elektronik</b> beschäftigen, mit der Technologie auf dem neuesten Stand sein wollen und nicht einmal die ","Wenn Sie sich leidenschaftlich mit <b>IT und Elektronik</b> beschäftigen, mit der Technologie auf dem neuesten Stand sein wollen und nicht einmal die winzigsten Einzelheiten auslassen, kaufen Sie <b>Bildschirm-Träger für den Tisch Startech ARMBARDUOV          </b>.<br><br><ul><li>Art: Halterung</li><li>Farbe: Schwarz</li><li>Breite: 316 mm</li><li>Installationsart: Schreibtisch</li><li>Bildschirm: <ul><li>27""</li><li>13""</li></ul></li><li>Montage: Unabhängig</li><li>VESA: <ul><li>10 x 10 cm</li>",Pop Pulse Emporium,https://cdnbigbuy.com/images/207145522.jpg,https://cdnbigbuy.com/images/207145582.jpg,https://cdnbigbuy.com/images/297172722.jpg,,153.79,5,NEW,46.0,33.0,11.0,4.89,16698.0,EUR,2,8,3
S2233089,4899888746317,de-DE,Gardening & DIY,"Tortilla Pfanne Quttin Infinity Plus 44 x 24,5 x 4 cm (6 Stück)","Wenn Sie bei der Einrichtung ihres Heims Wert auf Details legen und bei Produkten, die Ihnen das Leben leichter machen, auf dem letzten Stand sein möc","Wenn Sie bei der Einrichtung ihres Heims Wert auf Details legen und bei Produkten, die Ihnen das Leben leichter machen, auf dem letzten Stand sein möchten, dann kaufen Sie <b>Tortilla Pfanne Quttin Infinity Plus 44 x 24,5 x 4 cm (6 Stück)</b> zum besten Preis.<br><br><ul><li>Art: Geschirr und Küchenutensilien</li><li>Dicke: 2,5 mm</li><li>Stück: 6 Stück</li><li>Maße ca.: 44 x 24,5 x 4 cm</li></ul>",Pop Pulse Emporium,https://cdnbigbuy.com/images/S2233089_P0_WBG_icon1.jpg,https://cdnbigbuy.com/images/S2233089_P0_WBG1.jpg,,,130.22,50,NEW,51.0,32.0,28.0,8.48,45696.0,EUR,2,8,3
S9909778,5605922015047,de-DE,Gardening & DIY,Unterbrechungsfreies Stromversorgungssystem Interaktiv USV Phasak PH 9420 1200 W,"Wenn Sie sich leidenschaftlich mit <b>IT und Elektronik</b> beschäftigen, mit der Technologie auf dem neuesten Stand sein wollen und nicht einmal die ","Wenn Sie sich leidenschaftlich mit <b>IT und Elektronik</b> beschäftigen, mit der Technologie auf dem neuesten Stand sein wollen und nicht einmal die winzigsten Einzelheiten auslassen, kaufen Sie <b>Unterbrechungsfreies Stromversorgungssystem Interaktiv USV Phasak PH 9420 1200 W</b>.<br><br><ul><li>Art: Unterbrechungsfreies Stromversorgungssystem Interaktiv USV</li><li>Steckbares Produkt: Ja</li><li>Steckertyp: EU-Stecker</li><li>Anschlüsse: <ul><li>Schuko x 4</li><li>USB</li><li>RJ45</li><li>AC",Pop Pulse Emporium,https://cdnbigbuy.com/images/5605922015047_I00.jpg,https://cdnbigbuy.com/images/5605922015047_I40.jpg,https://cdnbigbuy.com/images/5605922015047_I20.jpg,,185.54,5,NEW,39.0,19.5,27.5,11.6,20913.75,EUR,2,8,3
S8905207,4899888762027,de-DE,Gardening & DIY,Inlineskates Colorbaby Gelb 36-37 (4 Stück),"Bleiben Sie in Form und entdecken Sie die neuesten Innovationen der Branche, um mit den besten Voraussetzungen Sport zu betreiben! Kaufen Sie <b>Inlin","Bleiben Sie in Form und entdecken Sie die neuesten Innovationen der Branche, um mit den besten Voraussetzungen Sport zu betreiben! Kaufen Sie <b>Inlineskates Colorbaby Gelb 36-37 (4 Stück)</b> zum besten Preis und genießen Sie ein gesundes Leben!<br><br><ul><li>Farbe: Gelb</li><li>Material: Kunststoff</li><li>Merkmale: <ul><li>Einstellbar</li><li>Ausgleich</li></ul></li><li>Empfohlenes Alter: + 3 jahre</li><li>Stückzahl: 4 Stück</li><li>Größe: 36-37</li><li>Max. unterstütztes Gewicht: 50 kg</li>",Pop Pulse Emporium,https://cdnbigbuy.com/images/s8905207_p0_icon1.jpg,https://cdnbigbuy.com/images/S8905207_P31.jpg,https://cdnbigbuy.com/images/S8905207_P41.jpg,https://cdnbigbuy.com/images/S8905207_P51.jpg,134.91,48,NEW,46.5,47.0,33.5,9.54,73214.25,EUR,2,8,3
S0463909,8720689023009,de-DE,Gardening & DIY,Elektrische Zahnbürste Philips HX7108/02 SONICARE 5300,"<p>Wenn Sie das Ideale Produkt für Ihre <b>Intimpflege</b> suchen, ist <b>Elektrische Zahnbürste Philips HX7108/02 SONICARE 5300</b> genau das Richtig","<p>Wenn Sie das Ideale Produkt für Ihre <b>Intimpflege</b> suchen, ist <b>Elektrische Zahnbürste Philips HX7108/02 SONICARE 5300</b> genau das Richtige für Sie!</p><br><br><ul><li>Steckbares Produkt: Ja</li><li>Steckertyp: EU-Stecker</li><li>Farbe: Weiß</li><li>Merkmale: Zeitschaltuhr</li><li>Batterietyp: <ul><li>Integriert</li><li>Wiederaufladbare Batterie</li><li>Litio Ion</li></ul></li><li>Stromquelle: Batterie</li><li>Programme: 1</li><li>Art: <ul><li>Drucksensor</li><li>Sonic-Zahnbürste</li",Pop Pulse Emporium,https://cdnbigbuy.com/images/8720689023009_I00.jpg,https://cdnbigbuy.com/images/8720689023009_I10.jpg,,,106.11,9,NEW,17.67,12.02,16.0,0.4,3398.29,EUR,2,8,3
M0521629,4549292226690,de-DE,Gardening & DIY,Original Tintenpatrone Canon PRO-2600 PRO-4600 PRO-6600 Magenta,"Wenn Sie sich leidenschaftlich mit <b>IT und Elektronik</b> beschäftigen, mit der Technologie auf dem neuesten Stand sein wollen und nicht einmal die ","Wenn Sie sich leidenschaftlich mit <b>IT und Elektronik</b> beschäftigen, mit der Technologie auf dem neuesten Stand sein wollen und nicht einmal die winzigsten Einzelheiten auslassen, kaufen Sie <b>Original Tintenpatrone Canon PRO-2600 PRO-4600 PRO-6600 Magenta</b>.<br><br><ul><li>Art: Original Tintenpatrone</li><li>Farbe: Magenta</li><li>Kapazität: 160 ml</li><li>Merkmale: Original</li></ul>",Pop Pulse Emporium,https://cdnbigbuy.com/images/4549292226690_M0521629_P00.jpg,,,,118.44,5,NEW,14.5,5.3,14.5,0.32,1114.32,EUR,2,8,3
S0365341,0091661517204,de-DE,Gardening & DIY,Unisex-Uhr Guess GW0209G1 (Ø 47 mm),"Wenn Sie mit den neuesten Mode und Accessoire-Trends schritthalten wollen, kaufen Sie <b>Unisex-Uhr Guess GW0209G1 (Ø 47 mm)</b> zum besten Preis.<br>","Wenn Sie mit den neuesten Mode und Accessoire-Trends schritthalten wollen, kaufen Sie <b>Unisex-Uhr Guess GW0209G1 (Ø 47 mm)</b> zum besten Preis.<br><br><ul><li>Extra Links: Kein</li><li>Geschlecht: Unisex</li><li>Farbe: Silberfarben</li><li>Typ der Uhr: Armbanduhr</li><li>Durchmesser: 45 mm</li><li>Merkmale: Multifunktion</li><li>Uhrengehäuse-Material: Edelstahl</li><li>Uhrwerk: Quarz</li><li>Kristall: Mineral</li><li>Wasserdicht: 5 atm</li><li>Enthalten: Enthält Markenetui oder -hülle</li><li",Pop Pulse Emporium,https://cdnbigbuy.com/images/0091661517204_R0_WBG3.jpg,https://cdnbigbuy.com/images/0091661517204_R2_WBG3.jpg,https://cdnbigbuy.com/images/0091661517204_S0365341_P0_WBG3.jpg,https://cdnbigbuy.com/images/61702_mandatory-watch3.jpg,154.22,50,NEW,10.0,10.0,10.0,0.3,1000.0,EUR,2,8,3
S9137316,5902533921591,de-DE,Gardening & DIY,Autositz Kinderkraft KCJUFI20BLU0000 Blau,"Für unsere Kinder möchten wir Ihnen <b>Autositz Kinderkraft KCJUFI20BLU0000 Blau</b> vorstellen, perfekt für alle, die qualitativ hochwertige Produkte","Für unsere Kinder möchten wir Ihnen <b>Autositz Kinderkraft KCJUFI20BLU0000 Blau</b> vorstellen, perfekt für alle, die qualitativ hochwertige Produkte für die Kleinsten suchen. Kaufen Sie <b>Kinderkraft</b> und weitere Marken und Lizenzen zu den besten Preisen!<br><br><ul><li>Farbe: Blau</li><li>Breite: 42 cm</li><li>Merkmale: <ul><li>Abnehmbar</li><li>Kopfstütze</li></ul></li><li>groß: 66 cm</li><li>Art: 3 Punkte</li><li>Max. unterstütztes Gewicht: 36 kg</li><li>Empfohlenes Alter: 4-12 Jahre</l",Pop Pulse Emporium,https://cdnbigbuy.com/images/5902533921591_S9137316_P00.jpg,https://cdnbigbuy.com/images/5902533921591_S9137316_P30.jpg,https://cdnbigbuy.com/images/5902533921591_S9137316_P40.jpg,https://cdnbigbuy.com/images/5902533921591_S9137316_P50.jpg,105.78,50,NEW,45.0,62.0,30.0,7.0,83700.0,EUR,2,8,3
S7286311,8430622742859,de-DE,Gardening & DIY,Herrenuhr Festina F20466/2 Silberfarben (Ø 40 mm),"Wenn Sie mit den neuesten Mode und Accessoire-Trends schritthalten wollen, kaufen Sie <b>Herrenuhr Festina F20466/2 Silberfarben (Ø 40 mm)</b> zum bes","Wenn Sie mit den neuesten Mode und Accessoire-Trends schritthalten wollen, kaufen Sie <b>Herrenuhr Festina F20466/2 Silberfarben (Ø 40 mm)</b> zum besten Preis.<br><br><ul><li>Geschlecht: Herren</li><li>Extra Links: Kein</li><li>Typ der Uhr: Armbanduhr</li><li>Jahr: 2019</li><li>Material des Armbands: Titan</li><li>Material des Gehäuses: Titan</li><li>Farbe: Silberfarben</li><li>Farbe der Krone: Blau</li><li>Uhrwerk: Quarz</li><li>Durchmesser des Uhrengehäuses: Ø 40 mm</li></ul>",Pop Pulse Emporium,https://cdnbigbuy.com/images/8430622742859_S7286311_P01.jpg,https://cdnbigbuy.com/images/85368_mandatory-watch1.jpg,,,169.98,50,NEW,14.15,12.43,10.11,0.3,1778.19,EUR,2,8,3
S7274973,8430622788949,de-DE,Gardening & DIY,Damenuhr Festina F20603/3,"Wenn Sie mit den neuesten Mode und Accessoire-Trends schritthalten wollen, kaufen Sie <b>Damenuhr Festina F20603/3</b> zum besten Preis.<br><br><ul><l","Wenn Sie mit den neuesten Mode und Accessoire-Trends schritthalten wollen, kaufen Sie <b>Damenuhr Festina F20603/3</b> zum besten Preis.<br><br><ul><li>Geschlecht: Damen</li><li>Extra Links: Kein</li><li>Typ der Uhr: Armbanduhr</li><li>Material des Armbands: Edelstahl</li><li>Material des Gehäuses: Edelstahl</li><li>Farbe: Silberfarben</li><li>Design: Damen</li><li>Farbe der Krone: Blau</li><li>Uhrwerk: Quarz</li></ul>",Pop Pulse Emporium,https://cdnbigbuy.com/images/8430622788949_S7274973_P01.jpg,https://cdnbigbuy.com/images/74030_mandatory-watch1.jpg,,,189.6,50,NEW,39.0,19.0,10.0,0.4,7410.0,EUR,2,8,3
S37113872,8435682605779,de-DE,Gardening & DIY,"Schraubensatz OMP OMPS09981210 28 mm Orange M12 x 1,50","Statten Sie Ihr Fahrzeug mit den neuesten Produkten aus - kaufen Sie <b>Schraubensatz OMP OMPS09981210 28 mm Orange M12 x 1,50</b> und verpassen Sie k","Statten Sie Ihr Fahrzeug mit den neuesten Produkten aus - kaufen Sie <b>Schraubensatz OMP OMPS09981210 28 mm Orange M12 x 1,50</b> und verpassen Sie kein Detail!<br><br><ul><li>Farbe: Orange</li><li>Schraube: M12 x 1,50</li><li>Länge: 28 mm</li><li>Art: DIN 12.9</li><li>Stück: 20 Stück</li><li>Material: Aluminium</li></ul>",Pop Pulse Emporium,https://cdnbigbuy.com/images/8435682605779_S37113872_P00.jpg,,,,141.6,5,NEW,5.0,5.0,5.0,1.0,125.0,EUR,2,8,3
S91119224,0694318024812,de-DE,Gardening & DIY,Kopfhörerkissen M-Audio BX3 PAIRBT,"Wenn Sie sich leidenschaftlich mit <b>IT und Elektronik</b> beschäftigen, mit der Technologie auf dem neuesten Stand sein wollen und nicht einmal die ","Wenn Sie sich leidenschaftlich mit <b>IT und Elektronik</b> beschäftigen, mit der Technologie auf dem neuesten Stand sein wollen und nicht einmal die winzigsten Einzelheiten auslassen, kaufen Sie <b>Kopfhörerkissen M-Audio BX3 PAIRBT</b>.<br><br><ul><li>Anschlüsse: RCA</li><li>Farbe: Schwarz</li><li>Konnektivität: Bluetooth</li><li>Leistung: 120 W</li></ul>",Pop Pulse Emporium,https://cdnbigbuy.com/images/0694318024812_S7844588_P00.jpg,https://cdnbigbuy.com/images/0694318024812_S7844588_P60.jpg,https://cdnbigbuy.com/images/0694318024812_S7844588_P10.jpg,https://cdnbigbuy.com/images/0694318024812_S7844588_P20.jpg,120.62,1,NEW,42.6,25.2,33.6,4.76,36070.27,EUR,2,8,3
S37113764,8000866103954,de-DE,Gardening & DIY,Kinderwagen Mickey Mouse CZ10395 Blau Biegsam,"Für unsere Kinder möchten wir Ihnen <b>Kinderwagen Mickey Mouse CZ10395 Blau Biegsam</b> vorstellen, perfekt für alle, die qualitativ hochwertige Prod","Für unsere Kinder möchten wir Ihnen <b>Kinderwagen Mickey Mouse CZ10395 Blau Biegsam</b> vorstellen, perfekt für alle, die qualitativ hochwertige Produkte für die Kleinsten suchen. Kaufen Sie <b>Mickey Mouse</b> und weitere Marken und Lizenzen zu den besten Preisen!<br><br><ul><li>Merkmale: <ul><li>Biegsam</li><li>Inklusive Haube.</li><li>Polsterung</li><li>Leichtgewicht</li><li>Mit Bremsen</li></ul></li><li>Eigenschaften: Windschutzsystem</li><li>Empfohlenes Alter: 6 - 36 Monate</li><li>Maximal",Pop Pulse Emporium,https://cdnbigbuy.com/images/8000866103954_S37113764_P01.jpg,https://cdnbigbuy.com/images/8000866103954_R41.jpg,https://cdnbigbuy.com/images/8000866103954_R01.jpg,https://cdnbigbuy.com/images/8000866103954_R11.jpg,175.74,1,NEW,10.0,50.0,80.0,3.0,40000.0,EUR,2,8,3
S91111833,8720689021708,de-DE,Gardening & DIY,Elektrische Zahnbürste Philips HX7119/01,"<p>Wenn Sie das Ideale Produkt für Ihre <b>Intimpflege</b> suchen, ist <b>Elektrische Zahnbürste Philips HX7119/01</b> genau das Richtige für Sie!</p>","<p>Wenn Sie das Ideale Produkt für Ihre <b>Intimpflege</b> suchen, ist <b>Elektrische Zahnbürste Philips HX7119/01</b> genau das Richtige für Sie!</p><br><br><ul><li>Steckbares Produkt: Ja</li><li>Steckertyp: EU-Stecker</li><li>Art: <ul><li>Zahnweißer</li><li>Sonic-Zahnbürste</li><li>Drucksensor</li></ul></li><li>Farbe: Weiß</li><li>Merkmale: <ul><li>Ergonomischer griff</li><li>Wiederaufladbare Batterie</li><li>Eingebaute Batterie</li><li>Tägliche Anwendung</li><li>Drucksensor</li><li>Zeitschalt",Pop Pulse Emporium,https://cdnbigbuy.com/images/8720689021708_S91111833_P00.jpg,https://cdnbigbuy.com/images/8720689021708_S91111833_P20.jpg,https://cdnbigbuy.com/images/8720689021708_S91111833_P30.jpg,https://cdnbigbuy.com/images/8720689021708_S91111833_P40.jpg,182.12,45,NEW,12.4,23.8,17.5,0.77,5164.6,EUR,2,8,3
S71012849,4053423254143,de-DE,Gardening & DIY,Netzadapter BOSCH,"Wenn Sie auf der Suche nach trendigen Neuheiten auf dem Markt sind, präsentieren wir Ihnen <b>Netzadapter BOSCH</b>!<br><br><ul><li>Art: Netzadapter</","Wenn Sie auf der Suche nach trendigen Neuheiten auf dem Markt sind, präsentieren wir Ihnen <b>Netzadapter BOSCH</b>!<br><br><ul><li>Art: Netzadapter</li><li>Steckbares Produkt: Ja</li></ul>",Pop Pulse Emporium,https://cdnbigbuy.com/images/4053423254143_S71012849_P00.jpg,https://cdnbigbuy.com/images/4053423254143R30.jpg,https://cdnbigbuy.com/images/4053423254143R40.jpg,https://cdnbigbuy.com/images/4053423254143R50.jpg,111.25,2,NEW,20.0,39.0,7.0,3.77,5460.0,EUR,2,8,3
S37114934,8056690438830,de-DE,Gardening & DIY,Helm OMP Star Weiß XL,Statten Sie Ihr Fahrzeug mit den neuesten Produkten aus - kaufen Sie <b>Helm OMP Star Weiß XL</b> und verpassen Sie kein Detail!<br><br><ul><li>Zertif,Statten Sie Ihr Fahrzeug mit den neuesten Produkten aus - kaufen Sie <b>Helm OMP Star Weiß XL</b> und verpassen Sie kein Detail!<br><br><ul><li>Zertifikat: ECE 22.06</li><li>Farbe: Weiß</li><li>Größe: XL</li></ul>,Pop Pulse Emporium,https://cdnbigbuy.com/images/8056690438830_S37114934_P01.jpg,https://cdnbigbuy.com/images/114483_mandatory-motor1.jpg,,,118.02,1,NEW,50.0,50.0,40.0,5.0,100000.0,EUR,2,8,3
S0371223,4894816001124,de-DE,Gardening & DIY,Herrenuhr Police PL-16114JSU-03 (Ø 45 mm),"Wenn Sie mit den neuesten Mode und Accessoire-Trends schritthalten wollen, kaufen Sie <b>Herrenuhr Police PL-16114JSU-03 (Ø 45 mm)</b> zum besten Prei","Wenn Sie mit den neuesten Mode und Accessoire-Trends schritthalten wollen, kaufen Sie <b>Herrenuhr Police PL-16114JSU-03 (Ø 45 mm)</b> zum besten Preis.<br><br><ul><li>Geschlecht: Herren</li><li>Uhrwerk: Quarz</li><li>Enthalten: Inklusive Markenetui</li><li>Durchmesser des Uhrengehäuses: Ø 45 mm</li><li>Kristall: Mineral</li><li>Wasserdicht: <ul><li>3 atm</li><li>5 atm</li></ul></li><li>Material des Armbands: Leder</li><li>Extra Links: Kein</li><li>Typ der Uhr: Armbanduhr</li><li>Durchmesser: 45",Pop Pulse Emporium,https://cdnbigbuy.com/images/4894816001124_S0371223_P01.jpg,https://cdnbigbuy.com/images/67585_mandatory-watch1.jpg,,,118.66,50,NEW,32.0,19.0,10.0,0.4,6080.0,EUR,2,8,3
S05109212,9120066430793,de-DE,Gardening & DIY,Tequila Padre Azul Weiß 700 ml,"Wenn Sie bei der Einrichtung ihres Heims Wert auf Details legen und bei Produkten, die Ihnen das Leben leichter machen, auf dem letzten Stand sein möc","Wenn Sie bei der Einrichtung ihres Heims Wert auf Details legen und bei Produkten, die Ihnen das Leben leichter machen, auf dem letzten Stand sein möchten, dann kaufen Sie <b>Tequila Padre Azul Weiß 700 ml</b> zum besten Preis.<br><br><ul><li>Art: <ul><li>Weiß</li><li>Getränk</li></ul></li><li>Alkoholgehalt: 40 %</li></ul>",Pop Pulse Emporium,https://cdnbigbuy.com/images/9120066430793_R01.jpg,,,,115.73,10,NEW,10.0,10.0,26.5,0.7,2650.0,EUR,2,8,3
S0407382,8422248100823,de-DE,Gardening & DIY,Küchenextraktor Cata PROFESSIONAL 750 L,"Wenn du mit dem Gedanken spielst, deine Küche zu renovieren, kaufe <b>Küchenextraktor Cata PROFESSIONAL 750 L</b> und andere <b>Produkte Cata</b>! Die","Wenn du mit dem Gedanken spielst, deine Küche zu renovieren, kaufe <b>Küchenextraktor Cata PROFESSIONAL 750 L</b> und andere <b>Produkte Cata</b>! Die beste Qualität zum günstigsten Preis liegt sofort in deiner Reichweite.<br><br><ul><li>Steckbares Produkt: Ja</li><li>Steckertyp: EU-Stecker</li><li>Art: <ul><li>Küchenextraktor</li><li>An der Wand montiert</li></ul></li><li>Farbe: Weiß</li><li>Material: <ul><li>Metall</li><li>Kunststoff</li></ul></li><li>Spannung: 230 V</li><li>Installationsart: ",Pop Pulse Emporium,https://cdnbigbuy.com/images/8422248100823_0_P01.jpg,,,,128.16,10,NEW,46.0,37.0,25.0,6.2,42550.0,EUR,2,8,3
S7157864,4009847084613,de-DE,Gardening & DIY,Werkzeugkasten für Kinder Klein Workbench  82 Stücke,"Für unsere Kinder möchten wir nur das Beste, und deshalb möchten wir Ihnen <b>Werkzeugkasten für Kinder Klein Workbench  82 Stücke</b> vorstellen, per","Für unsere Kinder möchten wir nur das Beste, und deshalb möchten wir Ihnen <b>Werkzeugkasten für Kinder Klein Workbench  82 Stücke</b> vorstellen, perfekt für alle, die qualitativ hochwertige Produkte für die Kleinsten suchen. Kaufen Sie <b>Klein</b> zu den besten Preisen!<br><br><ul><li>Empfohlenes Alter: + 3 jahre</li><li>Anzahl der Stücke: 82 Stücke</li><li>Art: Arbeitstisch</li></ul>",Pop Pulse Emporium,https://cdnbigbuy.com/images/4009847084613_S7157864_P02.jpg,,,,105.6,4,NEW,85.0,59.0,14.0,4.4,70210.0,EUR,2,8,3
S0462034,0759454301040,de-DE,Gardening & DIY,Radiowecker Pure PURE MOMENT,"Wenn Sie auf der Suche nach trendigen Neuheiten auf dem Markt sind, präsentieren wir Ihnen <b>Radiowecker Pure PURE MOMENT</b>!<br><br><ul><li>Farbe: ","Wenn Sie auf der Suche nach trendigen Neuheiten auf dem Markt sind, präsentieren wir Ihnen <b>Radiowecker Pure PURE MOMENT</b>!<br><br><ul><li>Farbe: Weiß</li><li>Merkmale: Hinterleuchtet</li></ul>",Pop Pulse Emporium,https://cdnbigbuy.com/images/0759454301040R00.jpg,https://cdnbigbuy.com/images/0759454301040R10.jpg,https://cdnbigbuy.com/images/0759454301040R20.jpg,,155.67,2,NEW,15.0,15.95,13.19,0.48,3155.71,EUR,2,8,3
S7275112,8430622618680,de-DE,Gardening & DIY,Herrenuhr Festina F16820/2 Silberfarben,"Wenn Sie mit den neuesten Mode und Accessoire-Trends schritthalten wollen, kaufen Sie <b>Herrenuhr Festina F16820/2 Silberfarben</b> zum besten Preis.","Wenn Sie mit den neuesten Mode und Accessoire-Trends schritthalten wollen, kaufen Sie <b>Herrenuhr Festina F16820/2 Silberfarben</b> zum besten Preis.<br><br><ul><li>Geschlecht: Herren</li><li>Extra Links: Kein</li><li>Typ der Uhr: Armbanduhr</li><li>Land/Region der Herstellung: China</li><li>Jahr: 2019</li><li>Material des Armbands: Edelstahl</li><li>Material des Gehäuses: Edelstahl</li><li>Farbe: Silberfarben</li><li>Batteriebetrieben: AA x 1, im lieferumfang enthalten</li><li>Farbe der Krone:",Pop Pulse Emporium,https://cdnbigbuy.com/images/8430622618680_S7275112_P01.jpg,https://cdnbigbuy.com/images/74169_mandatory-watch1.jpg,,,189.6,50,NEW,32.0,19.0,10.0,0.4,6080.0,EUR,2,8,3
S7197473,4063846445233,de-DE,Gardening & DIY,Hocker Step Cybex Lemo 2 Montessori-Methode Blau,"Für unsere Kinder möchten wir Ihnen <b>Hocker Step Cybex Lemo 2 Montessori-Methode Blau</b> vorstellen, perfekt für alle, die qualitativ hochwertige P","Für unsere Kinder möchten wir Ihnen <b>Hocker Step Cybex Lemo 2 Montessori-Methode Blau</b> vorstellen, perfekt für alle, die qualitativ hochwertige Produkte für die Kleinsten suchen. Kaufen Sie <b>Cybex</b> und weitere Marken und Lizenzen zu den besten Preisen!<br><br><ul><li>Art: <ul><li>Hocker</li><li>Zubehör</li></ul></li><li>Merkmale: <ul><li>Inspiriert von der Montessori-Lernmethode</li><li>Montessori-Methode</li><li>Antirutsch</li></ul></li><li>Farbe: Blau</li><li>Max. unterstütztes Gewic",Pop Pulse Emporium,https://cdnbigbuy.com/images/4063846445233_S7197473_P00.jpg,https://cdnbigbuy.com/images/4063846445233_S7197473_P40.jpg,https://cdnbigbuy.com/images/4063846445233_S7197473_P50.jpg,https://cdnbigbuy.com/images/4063846445233_S7197473_P10.jpg,144.35,2,NEW,36.6,46.0,14.6,2.16,24580.56,EUR,2,8,3
S72125094,4894327113262,de-DE,Gardening & DIY,Brillenfassung Yohji Yamamoto YY1011 52710,"Wenn Sie Ihren Kleiderschrank erneuern möchten, empfehlen wir Ihnen <b>Brillenfassung Yohji Yamamoto YY1011 52710</b> und weitere <b> Produkte von Yoh","Wenn Sie Ihren Kleiderschrank erneuern möchten, empfehlen wir Ihnen <b>Brillenfassung Yohji Yamamoto YY1011 52710</b> und weitere <b> Produkte von Yohji Yamamoto</b>! Jetzt für Sie die beste Qualität zum besten Preis!<br><br><ul><li>Geschlecht: Unisex</li><li>Merkmale: Gläser ohne Sehstärke</li><li>Art: Brillenfassung</li></ul>",Pop Pulse Emporium,https://cdnbigbuy.com/images/4894327113262_S72125094_P00.jpg,https://cdnbigbuy.com/images/4894327113262_S72125094_P10.jpg,https://cdnbigbuy.com/images/4894327113262_S72125094_P20.jpg,,111.63,25,NEW,9.9,10.0,9.94,0.29,984.06,EUR,2,8,3
S0452894,8006540841433,de-DE,Gardening & DIY,Munddusche Oral-B Weiß,"<p>Wenn Sie das Ideale Produkt für Ihre <b>Intimpflege</b> suchen, ist <b>Munddusche Oral-B Weiß</b> genau das Richtige für Sie!</p><br><br><ul><li>Ka","<p>Wenn Sie das Ideale Produkt für Ihre <b>Intimpflege</b> suchen, ist <b>Munddusche Oral-B Weiß</b> genau das Richtige für Sie!</p><br><br><ul><li>Kapazität: 600 ml</li><li>Farbe: Weiß</li><li>Art: Munddusche</li><li>Merkmale: Einstellbar</li></ul>",Pop Pulse Emporium,https://cdnbigbuy.com/images/8006540841433_S0452894_P01.jpg,,,,110.57,16,NEW,17.1,18.8,23.2,1.17,7458.34,EUR,2,8,3
S9902813,0888793238004,de-DE,Gardening & DIY,Original Toner HP 201X Gelb,"Gehen Sie zurück ins Büro, ohne Details zu vergessen: Kaufen Sie <b>Original Toner HP 201X Gelb</b> und seien Sie der Neid Ihrer Kollegen!<br><br><ul>","Gehen Sie zurück ins Büro, ohne Details zu vergessen: Kaufen Sie <b>Original Toner HP 201X Gelb</b> und seien Sie der Neid Ihrer Kollegen!<br><br><ul><li>Farbe: Gelb</li><li>Technologie: Láser</li><li>Art: Toner</li></ul>",Pop Pulse Emporium,https://cdnbigbuy.com/images/0888793238004_3_A00.jpg,https://cdnbigbuy.com/images/0888793238004_2_A10.jpg,https://cdnbigbuy.com/images/0888793238004_5_A20.jpg,https://cdnbigbuy.com/images/0888793238004_4_A10.jpg,167.2,2,NEW,24.38,92.2,28.19,0.8,63387.26,EUR,2,8,3
S55080598,5099206090347,de-DE,Gardening & DIY,Kopfhörer mit Mikrofon Logitech 981-000870 Schwarz Graphit,"Wenn Sie sich leidenschaftlich mit <b>IT und Elektronik</b> beschäftigen, mit der Technologie auf dem neuesten Stand sein wollen und nicht einmal die ","Wenn Sie sich leidenschaftlich mit <b>IT und Elektronik</b> beschäftigen, mit der Technologie auf dem neuesten Stand sein wollen und nicht einmal die winzigsten Einzelheiten auslassen, kaufen Sie <b>Kopfhörer mit Mikrofon Logitech 981-000870 Schwarz Graphit</b>.<br><br><ul><li>Farbe: <ul><li>Schwarz</li><li>Graphit</li></ul></li><li>Art: <ul><li>Drahtgebunden</li><li>Mobilteil</li><li>Diadem-Kopfhörer</li><li>Kopfhörer mit Mikrofon</li><li>Beidhändig</li></ul></li><li>Anschlüsse: <ul><li>USB</li",Pop Pulse Emporium,https://cdnbigbuy.com/images/436028713.jpg,https://cdnbigbuy.com/images/436028723.jpg,https://cdnbigbuy.com/images/436028703.jpg,,166.75,2,NEW,23.0,19.0,8.0,0.48,3496.0,EUR,2,8,3
S7233981,4971850924562,de-DE,Gardening & DIY,"Herrenuhr Casio ENTICER GENT (Ø 43,5 mm)","Wenn Sie mit den neuesten Mode und Accessoire-Trends schritthalten wollen, kaufen Sie <b>Herrenuhr Casio ENTICER GENT (Ø 43,5 mm)</b> zum besten Preis","Wenn Sie mit den neuesten Mode und Accessoire-Trends schritthalten wollen, kaufen Sie <b>Herrenuhr Casio ENTICER GENT (Ø 43,5 mm)</b> zum besten Preis.<br><br><ul><li>Geschlecht: Herren</li><li>Extra Links: Kein</li><li>Typ der Uhr: Armbanduhr</li><li>Funktionen: Multifunktion</li><li>Material des Armbands: Leder</li><li>Enthalten: Inklusive Markenetui</li><li>Wasserdicht: 5 atm</li><li>Kristall: Mineral</li><li>Uhrwerk: Quarz</li><li>Durchmesser des Uhrengehäuses: Ø 43,5 mm</li></ul>",Pop Pulse Emporium,https://cdnbigbuy.com/images/4971850924562_R02.jpg,https://cdnbigbuy.com/images/4971850924562_R22.jpg,https://cdnbigbuy.com/images/33145_mandatory-watch2.jpg,https://cdnbigbuy.com/images/4971850924562_R12.jpg,118.4,4,NEW,32.0,19.0,10.0,0.4,6080.0,EUR,2,8,3
S0459248,4894461984308,de-DE,Gardening & DIY,"Smartphone TCL 50 5G 4 GB RAM 128 GB Grau 6,56"" ARM Cortex-A55 Mediatek Dimensity 6100+","Wenn Sie sich leidenschaftlich mit <b>IT und Elektronik</b> beschäftigen, mit der Technologie auf dem neuesten Stand sein wollen und nicht einmal die ","Wenn Sie sich leidenschaftlich mit <b>IT und Elektronik</b> beschäftigen, mit der Technologie auf dem neuesten Stand sein wollen und nicht einmal die winzigsten Einzelheiten auslassen, kaufen Sie <b>Smartphone TCL 50 5G 4 GB RAM 128 GB Grau 6,56"" ARM Cortex-A55 Mediatek Dimensity 6100+</b>.<br><br><ul><li>Farbe: Grau</li><li>Interner Speicher: 128 GB</li><li>Art: <ul><li>Smartphone</li><li>Smartphones, Mobiltelefone</li><li>Dual SIM</li></ul></li><li>Kapazität der Batterie: <ul><li>5000 mAh</li>",Pop Pulse Emporium,https://cdnbigbuy.com/images/4894461984308_S0459248_P00.jpg,https://cdnbigbuy.com/images/4894461984308_S0459248_P10.jpg,https://cdnbigbuy.com/images/4894461984308_S0459248_P20.jpg,,174.1,48,NEW,17.0,7.0,4.0,0.25,476.0,EUR,2,8,3
S7191367,0711719407591,de-DE,Gardening & DIY,PlayStation 4 Videospiel Santa Monica Studio Gof of War: Ragnarok,"Wenn Sie sich leidenschaftlich mit <b>IT und Elektronik</b> beschäftigen, mit der Technologie auf dem neuesten Stand sein wollen und nicht einmal die ","Wenn Sie sich leidenschaftlich mit <b>IT und Elektronik</b> beschäftigen, mit der Technologie auf dem neuesten Stand sein wollen und nicht einmal die winzigsten Einzelheiten auslassen, kaufen Sie <b>PlayStation 4 Videospiel Santa Monica Studio Gof of War: Ragnarok</b>.<br><br><ul><li>PEGI-Rating: 18</li><li>Geschlecht: Aktion & Abenteuer</li><li>Art: PlayStation 4 Videospiel</li><li>Sprache packaging: FR</li><li>Kompatibel: Frankreich</li></ul>",Pop Pulse Emporium,https://cdnbigbuy.com/images/0711719407591_S7191367_P01.jpg,https://cdnbigbuy.com/images/0711719407591_S7191367_P21.jpg,https://cdnbigbuy.com/images/0711719407591_S7191367_P31.jpg,https://cdnbigbuy.com/images/0711719407591_S7191367_P41.jpg,116.29,10,NEW,17.0,13.4,0.8,0.1,182.24,EUR,2,8,3
S71009810,5410527152437,de-DE,Gardening & DIY,Blumentopf Garden ID,"Wenn Sie bei der Einrichtung ihres Heims Wert auf Details legen und bei Produkten, die Ihnen das Leben leichter machen, auf dem letzten Stand sein möc","Wenn Sie bei der Einrichtung ihres Heims Wert auf Details legen und bei Produkten, die Ihnen das Leben leichter machen, auf dem letzten Stand sein möchten, dann kaufen Sie <b>Blumentopf Garden ID</b> zum besten Preis.<br><br><ul><li>Art: Blumentopf</li></ul>",Pop Pulse Emporium,https://cdnbigbuy.com/images/5410527152437_S71009810_P00.jpg,https://cdnbigbuy.com/images/5410527152437_S71009810_P10.jpg,https://cdnbigbuy.com/images/5410527152437_S71009810_P20.jpg,,109.75,2,NEW,50.0,50.0,40.8,5.93,102000.0,EUR,2,8,3
S8900768,4899888615507,de-DE,Gardening & DIY,Roller Colorbaby Rot 6 Stück,"Für unsere Kinder möchten wir nur das Beste, und deshalb möchten wir Ihnen <b>Roller Colorbaby Rot 6 Stück</b> vorstellen, perfekt für alle, die quali","Für unsere Kinder möchten wir nur das Beste, und deshalb möchten wir Ihnen <b>Roller Colorbaby Rot 6 Stück</b> vorstellen, perfekt für alle, die qualitativ hochwertige Produkte für die Kleinsten suchen. Kaufen Sie <b>Colorbaby</b> zu den besten Preisen!<br><br><ul><li>Material: <ul><li>Aluminium</li><li>Kunststoff</li><li>EVA</li></ul></li><li>Merkmale: <ul><li>Einstellbare Höhe</li><li>Rutschfester Boden</li></ul></li><li>Empfohlenes Alter: + 3 jahre</li><li>Räder: 2</li><li>Max. unterstütztes ",Pop Pulse Emporium,https://cdnbigbuy.com/images/S8900768_P0_icon1.jpg,https://cdnbigbuy.com/images/S8900768_P01.jpg,https://cdnbigbuy.com/images/S8900768_P11.jpg,https://cdnbigbuy.com/images/S8900768_P21.jpg,193.53,50,NEW,32.0,63.0,47.5,13.33,95760.0,EUR,2,8,3
S7235410,0664689951505,de-DE,Gardening & DIY,Damensonnenbrille Emilio Pucci EP0088 6105W,"Wenn Sie gern die neusten Produkte aus <a href=""##TAXONOMY_12833##""><b>Fashion & Accessoires</b></a> tragen möchten, dann sind Accessoires, wie die <b","Wenn Sie gern die neusten Produkte aus <a href=""##TAXONOMY_12833##""><b>Fashion & Accessoires</b></a> tragen möchten, dann sind Accessoires, wie die <b>Damensonnenbrille Emilio Pucci EP0088 6105W</b> ein Muss, um Ihren Look abzurunden! Vertrauen Sie auf die Marken für <a href=""##TAXONOMY_12833##""><b>Sonnenbrillen</b></a>.<br><br><ul><li>Geschlecht: Damen</li><li>Art: Damensonnenbrille</li></ul>",Pop Pulse Emporium,https://cdnbigbuy.com/images/0664689951505_S7235410_P01.jpg,https://cdnbigbuy.com/images/0664689951505_S7235410_P21.jpg,https://cdnbigbuy.com/images/0664689951505_S7235410_P31.jpg,https://cdnbigbuy.com/images/0664689951505_S7235410_P11.jpg,116.19,2,NEW,10.08,9.98,9.92,0.3,997.94,EUR,2,8,3
S71002902,3454980332656,de-DE,Gardening & DIY,Kinderbett-Matratze YOOPIDOO Bamboo 60 x 120 cm,"Für unsere Kinder möchten wir Ihnen <b>Kinderbett-Matratze YOOPIDOO Bamboo 60 x 120 cm</b> vorstellen, perfekt für alle, die qualitativ hochwertige Pr","Für unsere Kinder möchten wir Ihnen <b>Kinderbett-Matratze YOOPIDOO Bamboo 60 x 120 cm</b> vorstellen, perfekt für alle, die qualitativ hochwertige Produkte für die Kleinsten suchen. Kaufen Sie <b>YOOPIDOO</b> und weitere Marken und Lizenzen zu den besten Preisen!<br><br><ul><li>Merkmale: Reversibel</li><li>Maße ca.: 60 x 120 cm</li></ul>",Pop Pulse Emporium,https://cdnbigbuy.com/images/3454980332656_S71002902_P00.jpg,https://cdnbigbuy.com/images/3454980332656_S71002902_P10.jpg,https://cdnbigbuy.com/images/3454980332656_S71002902_P20.jpg,https://cdnbigbuy.com/images/3454980332656_S71002902_P30.jpg,109.5,2,NEW,73.39,52.99,16.68,2.18,64867.45,EUR,2,8,3
S8903168,4899888738022,de-DE,Gardening & DIY,Wissenschaftsspiel Lisciani Giochi Magnetismo ES (6 Stück),"Für unsere Kinder möchten wir Ihnen <b>Wissenschaftsspiel Lisciani Giochi Magnetismo ES (6 Stück)</b> vorstellen, perfekt für alle, die qualitativ hoc","Für unsere Kinder möchten wir Ihnen <b>Wissenschaftsspiel Lisciani Giochi Magnetismo ES (6 Stück)</b> vorstellen, perfekt für alle, die qualitativ hochwertige Produkte für die Kleinsten suchen. Kaufen Sie <b>Lisciani Giochi</b> und weitere Marken und Lizenzen zu den besten Preisen!<br><br><ul><li>Art: Wissenschaftsspiel</li><li>Sprache: ES</li><li>Material: Kunststoff</li><li>Stückzahl: 6 Stück</li></ul>",Pop Pulse Emporium,https://cdnbigbuy.com/images/S8903168_P0_icon1.jpg,https://cdnbigbuy.com/images/S8903168_P01.jpg,,,115.18,50,NEW,30.0,43.5,31.0,4.42,40455.0,EUR,2,8,3
S37117191,8056690419068,de-DE,Gardening & DIY,Handschuhe OMP OMPKB0-2751-A01-071-005,"Wenn Sie auf der Suche nach trendigen Neuheiten auf dem Markt sind, präsentieren wir Ihnen <b>Handschuhe OMP OMPKB0-2751-A01-071-005</b>!<br><br><ul><","Wenn Sie auf der Suche nach trendigen Neuheiten auf dem Markt sind, präsentieren wir Ihnen <b>Handschuhe OMP OMPKB0-2751-A01-071-005</b>!<br><br><ul><li>Art: Handschuhe</li><li>Homologiert: FIA 8877-2022</li></ul>",Pop Pulse Emporium,https://cdnbigbuy.com/images/8056690419068_S37117191_P00.jpg,https://cdnbigbuy.com/images/8056690419068_S37117191_P10.jpg,https://cdnbigbuy.com/images/8056690419068_S37117191_P20.jpg,https://cdnbigbuy.com/images/8056690419068_S37117191_P30.jpg,152.27,2,NEW,20.0,20.0,20.0,1.0,8000.0,EUR,2,8,3
S7271327,3608700311746,de-DE,Gardening & DIY,Damenuhr Nixon A1211-1098,"Wenn Sie mit den neuesten Mode und Accessoire-Trends schritthalten wollen, kaufen Sie <b>Damenuhr Nixon A1211-1098</b> zum besten Preis.<br><br><ul><l","Wenn Sie mit den neuesten Mode und Accessoire-Trends schritthalten wollen, kaufen Sie <b>Damenuhr Nixon A1211-1098</b> zum besten Preis.<br><br><ul><li>Geschlecht: <ul><li>Damen</li><li>Weiblich</li></ul></li><li>Extra Links: Kein</li><li>Typ der Uhr: Armbanduhr</li><li>Art: Handgelenk</li><li>Farbe: Schwarz</li><li>Material: <ul><li>Silikon</li><li>Edelstahl</li></ul></li><li>Merkmale: <ul><li>Water resistant</li><li>Kalender</li><li>Datum/Kalender</li><li>Stoppuhr</li><li>12h / 24h Format</li>",Pop Pulse Emporium,https://cdnbigbuy.com/images/3608700311746_S7271327_P01.jpg,https://cdnbigbuy.com/images/3608700311746_R11.jpg,https://cdnbigbuy.com/images/3608700311746_R21.jpg,https://cdnbigbuy.com/images/70491_mandatory-watch1.jpg,199.26,2,NEW,39.0,19.0,10.0,0.4,7410.0,EUR,2,8,3
S7275083,8430622802652,de-DE,Gardening & DIY,Herrenuhr Festina F20656/4 Schwarz Silberfarben,"Wenn Sie mit den neuesten Mode und Accessoire-Trends schritthalten wollen, kaufen Sie <b>Herrenuhr Festina F20656/4 Schwarz Silberfarben</b> zum beste","Wenn Sie mit den neuesten Mode und Accessoire-Trends schritthalten wollen, kaufen Sie <b>Herrenuhr Festina F20656/4 Schwarz Silberfarben</b> zum besten Preis.<br><br><ul><li>Geschlecht: Herren</li><li>Extra Links: Kein</li><li>Typ der Uhr: Armbanduhr</li><li>Farbe: <ul><li>Schwarz</li><li>Silberfarben</li></ul></li><li>Material des Armbands: Edelstahl</li><li>Material des Gehäuses: Edelstahl</li><li>Uhrwerk: Quarz</li></ul>",Pop Pulse Emporium,https://cdnbigbuy.com/images/8430622802652_S7275083_P01.jpg,https://cdnbigbuy.com/images/74140_mandatory-watch1.jpg,,,189.6,50,NEW,32.0,19.0,10.0,0.4,6080.0,EUR,2,8,3
S0384624,8033288966272,de-DE,Gardening & DIY,Herrenuhr Maserati R8851146001 (Ø 45 mm),"Wenn Sie mit den neuesten Mode und Accessoire-Trends schritthalten wollen, kaufen Sie <b>Herrenuhr Maserati R8851146001 (Ø 45 mm)</b> zum besten Preis","Wenn Sie mit den neuesten Mode und Accessoire-Trends schritthalten wollen, kaufen Sie <b>Herrenuhr Maserati R8851146001 (Ø 45 mm)</b> zum besten Preis.<br><br><ul><li>Funktionen: Datum</li><li>Uhrwerk: Solar</li><li>Enthalten: Inklusive Markenetui</li><li>Kristall: Mineral</li><li>Wasserdicht: 10 atm</li><li>Material des Armbands: Leder</li><li>Geschlecht: Herren</li><li>Durchmesser des Uhrengehäuses: Ø 45 mm</li><li>Extra Links: Kein</li><li>Typ der Uhr: Armbanduhr</li><li>Uhrengehäuse-Material",Pop Pulse Emporium,https://cdnbigbuy.com/images/8033288966272_S0384624_P00.jpg,https://cdnbigbuy.com/images/8033288966272_R10.jpg,https://cdnbigbuy.com/images/8033288966272_R20.jpg,https://cdnbigbuy.com/images/8033288966272_R30.jpg,185.81,5,NEW,32.0,19.0,10.0,0.4,6080.0,EUR,2,8,3
S3713725,5055676503114,de-DE,Gardening & DIY,Silentblock Powerflex PFR19-1511,Statten Sie Ihr Fahrzeug mit den neuesten Produkten aus - kaufen Sie  <b>Silentblock Powerflex PFR19-1511</b> und verpassen Sie kein Detail!<br><br><u,Statten Sie Ihr Fahrzeug mit den neuesten Produkten aus - kaufen Sie  <b>Silentblock Powerflex PFR19-1511</b> und verpassen Sie kein Detail!<br><br><ul><li>Kompatibles Fahrzeug: Mazda Brand: Powerflex Mazda 2 De 2007_</li></ul>,Pop Pulse Emporium,https://cdnbigbuy.com/images/5055676503114_S3713725_P0-v_11.jpg,https://cdnbigbuy.com/images/5055676503114_S3713725_P11.jpg,,,113.09,1,NEW,20.0,30.0,10.0,1.0,6000.0,EUR,2,8,3
S8900711,4899888616306,de-DE,Gardening & DIY,Dart-Pistole Zuru X-Shot Last Stand,"Für unsere Kinder möchten wir nur das Beste, und deshalb möchten wir Ihnen <b>Dart-Pistole Zuru X-Shot Last Stand</b> vorstellen, perfekt für alle, di","Für unsere Kinder möchten wir nur das Beste, und deshalb möchten wir Ihnen <b>Dart-Pistole Zuru X-Shot Last Stand</b> vorstellen, perfekt für alle, die qualitativ hochwertige Produkte für die Kleinsten suchen. Kaufen Sie <b>Zuru</b> zu den besten Preisen!<br><br><ul><li>Farbe: Bunt</li><li>Wichtige informationen: Verschiedene Designs. Versand nach Zufallsprinzip und vom Bestand abhängig</li><li>Empfohlenes Alter: + 8 Jahre</li><li>Enthalten: Dartpfeile x 16</li></ul>",Pop Pulse Emporium,https://cdnbigbuy.com/images/S8900711_P0_icon2.jpg,https://cdnbigbuy.com/images/S8900711_P12.jpg,https://cdnbigbuy.com/images/S8900711_P22.jpg,https://cdnbigbuy.com/images/S8900711_P42.jpg,115.73,50,NEW,53.5,61.0,31.5,5.7,102800.25,EUR,2,8,3
S37116268,5998167762204,de-DE,Gardening & DIY,Armlehne Armster C06220A,Statten Sie Ihr Fahrzeug mit den neuesten Produkten aus - kaufen Sie <b>Armlehne Armster C06220A</b> und verpassen Sie kein Detail!<br><br><ul><li>Art,Statten Sie Ihr Fahrzeug mit den neuesten Produkten aus - kaufen Sie <b>Armlehne Armster C06220A</b> und verpassen Sie kein Detail!<br><br><ul><li>Art: Armlehne</li><li>Modell: 500</li><li>Enthalten: <ul><li>Montage-Kit</li><li>Betriebsanleitung</li></ul></li></ul>,Pop Pulse Emporium,https://cdnbigbuy.com/images/5998167762204_S37116268_P00.jpg,https://cdnbigbuy.com/images/5998167762204_S37116268_P40.jpg,https://cdnbigbuy.com/images/5998167762204_S37116268_P50.jpg,https://cdnbigbuy.com/images/5998167762204_S37116268_P60.jpg,142.39,2,NEW,35.0,25.0,25.0,8.0,21875.0,EUR,2,8,3
S9144384,0608887786842,de-DE,Gardening & DIY,LED-Deckenleuchte Yeelight Arwen 450C F 50 W 4000 Lm (2700 K) (6500 K),"<p>Wenn Sie Ihrem Zuhause einen Hauch von Originalität verleihen möchten, tun Sie dies mit <b>LED-Deckenleuchte Yeelight Arwen 450C F 50 W 4000 Lm (27","<p>Wenn Sie Ihrem Zuhause einen Hauch von Originalität verleihen möchten, tun Sie dies mit <b>LED-Deckenleuchte Yeelight Arwen 450C F 50 W 4000 Lm (2700 K) (6500 K)</b>.</p><br><br><ul><li>Farbe: <ul><li>Weiß</li><li>Bunt</li><li>Ja</li><li>Warmes Weiß</li><li>Multi</li></ul></li><li>Material: SPCC</li><li>Merkmale: <ul><li>Fernbedienung</li><li>LED</li><li>Einstellbar</li><li>Ein/Aus-Schalter</li></ul></li><li>Leistung: 50 W</li><li>Spannung: 220-240 V</li><li>Farbtemperatur: <ul><li>2700 K</li",Pop Pulse Emporium,https://cdnbigbuy.com/images/0608887786842_S9144384_P00.jpg,https://cdnbigbuy.com/images/0608887786842_S9144384_P10.jpg,,,127.32,10,NEW,54.0,54.5,13.0,2.96,38259.0,EUR,2,8,3
S9903444,4719331852764,de-DE,Gardening & DIY,Motherboard Gigabyte B550M K 1.0 AMD B550 AMD AMD AM4,"Wenn Sie sich leidenschaftlich mit <b>IT und Elektronik</b> beschäftigen, mit der Technologie auf dem neuesten Stand sein wollen und nicht einmal die ","Wenn Sie sich leidenschaftlich mit <b>IT und Elektronik</b> beschäftigen, mit der Technologie auf dem neuesten Stand sein wollen und nicht einmal die winzigsten Einzelheiten auslassen, kaufen Sie <b>Motherboard Gigabyte B550M K 1.0 AMD B550 AMD AMD AM4</b>.<br><br><ul><li>Anzahl der Speicher-Slots: 4</li><li>Anschlüsse: <ul><li>Ethernet LAN</li><li>PS/2 x 1</li><li>HDMI x 1</li><li>Mikrofon</li><li>USB 2.0 x 4</li><li>SATA x 4</li><li>HDMI 2.1 x 1</li><li>DIMM</li><li>4 x USB 3.2 Gen 1 (3.1 Gen ",Pop Pulse Emporium,https://cdnbigbuy.com/images/4719331852764_S9903444_P00.jpg,,,,100.01,25,NEW,61.98,61.98,5.5,0.78,21125.64,EUR,2,8,3
S77212286,0766907015102,de-DE,Gardening & DIY,TV Halterung ViewSonic VB-WMK-002,"Wenn Sie sich leidenschaftlich mit <b>IT und Elektronik</b> beschäftigen, mit der Technologie auf dem neuesten Stand sein wollen und nicht einmal die ","Wenn Sie sich leidenschaftlich mit <b>IT und Elektronik</b> beschäftigen, mit der Technologie auf dem neuesten Stand sein wollen und nicht einmal die winzigsten Einzelheiten auslassen, kaufen Sie <b>TV Halterung ViewSonic VB-WMK-002</b>.<br><br><ul><li>Art: Halterung</li><li>Farbe: Schwarz</li></ul>",Pop Pulse Emporium,https://cdnbigbuy.com/images/0766907015102_I00.jpg,https://cdnbigbuy.com/images/0766907015102_I10.jpg,,,108.4,1,NEW,44.42,30.93,17.02,4.73,23383.96,EUR,2,8,3
S7277233,4894138358562,de-DE,Gardening & DIY,Herrenuhr Lorus RM329JX9,"Wenn Sie mit den neuesten Mode und Accessoire-Trends schritthalten wollen, kaufen Sie <b>Herrenuhr Lorus RM329JX9</b> zum besten Preis.<br><br><ul><li","Wenn Sie mit den neuesten Mode und Accessoire-Trends schritthalten wollen, kaufen Sie <b>Herrenuhr Lorus RM329JX9</b> zum besten Preis.<br><br><ul><li>Geschlecht: Herren</li><li>Extra Links: Kein</li><li>Typ der Uhr: Armbanduhr</li></ul>",Pop Pulse Emporium,https://cdnbigbuy.com/images/4894138358562_S7277233_P01.jpg,https://cdnbigbuy.com/images/76290_mandatory-watch1.jpg,,,187.52,2,NEW,32.0,19.0,10.0,0.4,6080.0,EUR,2,8,3
S71017372,8719514491649,de-DE,Gardening & DIY,LED-Lampe Philips Weiß G 400 lm 2 Stück (6500 K),"Wenn Sie auf der Suche nach trendigen Neuheiten auf dem Markt sind, präsentieren wir Ihnen <b>LED-Lampe Philips Weiß G 400 lm 2 Stück (6500 K)</b>!<br","Wenn Sie auf der Suche nach trendigen Neuheiten auf dem Markt sind, präsentieren wir Ihnen <b>LED-Lampe Philips Weiß G 400 lm 2 Stück (6500 K)</b>!<br><br><ul><li>Art: <ul><li>LED-Lampe</li><li>Glühbirne</li></ul></li><li>Farbe: Weiß</li><li>Merkmale: Einstellbar</li><li>Energieklassifizierung: G</li><li>Spannung: 12 V</li><li>Technologie: LED</li><li>Kompatibel: <ul><li>iOS, Android</li><li>Amazon Alexa</li><li>Google Home</li></ul></li><li>Dauer: 25000 Stunden</li><li>Lichtstrom: 400 lm</li><l",Pop Pulse Emporium,https://cdnbigbuy.com/images/8719514491649_S71017372_P00.jpg,https://cdnbigbuy.com/images/8719514491649_S71017372_P30.jpg,https://cdnbigbuy.com/images/8719514491649_S71017372_P40.jpg,https://cdnbigbuy.com/images/8719514491649_S71017372_P50.jpg,153.51,4,NEW,9.65,9.6,10.96,0.15,1015.33,EUR,2,8,3
S0388336,0196163993188,de-DE,Gardening & DIY,Damen Tasche Michael Kors 35F3STVE7L-BLACK 19 x 10 x 3 cm,"Wenn Sie Ihren Kleiderschrank erneuern möchten, empfehlen wir Ihnen <b>Damen Tasche Michael Kors 35F3STVE7L-BLACK 19 x 10 x 3 cm</b> und weitere <b> P","Wenn Sie Ihren Kleiderschrank erneuern möchten, empfehlen wir Ihnen <b>Damen Tasche Michael Kors 35F3STVE7L-BLACK 19 x 10 x 3 cm</b> und weitere <b> Produkte von Michael Kors</b>! Jetzt für Sie die beste Qualität zum besten Preis!<br><br><ul><li>Art: Tasche</li><li>Farbe: Schwarz</li><li>Material: Canvas-Stoff</li><li>Maße ca.: 19 x 10 x 3 cm</li><li>Verschluss Armband: Magnet</li><li>Enthalten: Enthält Markenetui oder -hülle</li></ul>",Pop Pulse Emporium,https://cdnbigbuy.com/images/0196163993188_S0388336_P00.jpg,https://cdnbigbuy.com/images/0196163993188_S0388336_P10.jpg,https://cdnbigbuy.com/images/0196163993188_S0388336_P20.jpg,,131.77,5,NEW,10.0,10.0,10.0,0.3,1000.0,EUR,2,8,3
S7101848,5010415237385,de-DE,Gardening & DIY,Flaschenwärmer Tommee Tippee Perfect Prep Weiß,"Für unsere Kinder möchten wir Ihnen <b>Flaschenwärmer Tommee Tippee Perfect Prep Weiß</b> vorstellen, perfekt für alle, die qualitativ hochwertige Pro","Für unsere Kinder möchten wir Ihnen <b>Flaschenwärmer Tommee Tippee Perfect Prep Weiß</b> vorstellen, perfekt für alle, die qualitativ hochwertige Produkte für die Kleinsten suchen. Kaufen Sie <b>Tommee Tippee</b> und weitere Marken und Lizenzen zu den besten Preisen!<br><br><ul><li>Temperatur max.: 35ºC</li><li>Material: Silikon</li><li>Empfohlene verwendung: Geeignet für den Hausgebrauch</li><li>Farbe: Weiß</li></ul>",Pop Pulse Emporium,https://cdnbigbuy.com/images/5010415237385_S7101848_P03.jpg,https://cdnbigbuy.com/images/5010415237385_S7101848_P13.jpg,,,164.71,10,NEW,33.3,22.9,34.0,2.84,25927.38,EUR,2,8,3
S37115762,5998167713824,de-DE,Gardening & DIY,Armlehne Armster RENAULT CLIO 2013-2020 Ökologisches Leder,Statten Sie Ihr Fahrzeug mit den neuesten Produkten aus - kaufen Sie <b>Armlehne Armster RENAULT CLIO 2013-2020 Ökologisches Leder</b> und verpassen S,"Statten Sie Ihr Fahrzeug mit den neuesten Produkten aus - kaufen Sie <b>Armlehne Armster RENAULT CLIO 2013-2020 Ökologisches Leder</b> und verpassen Sie kein Detail!<br><br><p>Der <b>Armster Mittelarmlehne für Renault Clio 2013-2020</b> ist ein speziell entwickeltes Zubehör, das Komfort und Funktionalität des Fahrzeugs verbessert und sich dank seiner <b>maßgeschneiderten Passform</b> perfekt an die Originalsitze anpasst, wobei Sitz-, Lenkrad- und Schalthebelposition berücksichtigt werden. Herges",Pop Pulse Emporium,https://cdnbigbuy.com/images/5998167713824_S37115762_P00.jpg,https://cdnbigbuy.com/images/5998167713824_S37115762_P40.jpg,https://cdnbigbuy.com/images/5998167713824_S37115762_P50.jpg,https://cdnbigbuy.com/images/5998167713824_S37115762_P60.jpg,127.27,10,NEW,35.0,25.0,25.0,8.0,21875.0,EUR,2,8,3
S55249218,5025232951284,de-DE,Gardening & DIY,Elektrische Zahnbürste Panasonic EW1614W503,"<p>Wenn Sie das Ideale Produkt für Ihre <b>Intimpflege</b> suchen, ist <b>Elektrische Zahnbürste Panasonic EW1614W503</b> genau das Richtige für Sie!<","<p>Wenn Sie das Ideale Produkt für Ihre <b>Intimpflege</b> suchen, ist <b>Elektrische Zahnbürste Panasonic EW1614W503</b> genau das Richtige für Sie!</p><br><br><ul><li>Farbe: <ul><li>Weiß</li><li>Schwarz</li><li>Bunt</li></ul></li><li>Steckbares Produkt: Ja</li><li>Lang: 14 cm</li><li>Enthalten: Köpfe x 4</li><li>Breite: 12,5 cm</li><li>Control Typ: Tasten</li><li>Ungefähres Gewicht: 998 g</li><li>Leistungspegel: 10</li><li>Kapazität: 600 ml</li><li>groß: 30 cm</li><li>Steckertyp: EU-Stecker</l",Pop Pulse Emporium,https://cdnbigbuy.com/images/5025232951284_S55249218_P00.jpg,https://cdnbigbuy.com/images/5025232951284_S55249218_P40.jpg,https://cdnbigbuy.com/images/5025232951284_S55249218_P50.jpg,https://cdnbigbuy.com/images/5025232951284_S55249218_P10.jpg,141.6,1,NEW,24.0,17.0,17.0,1.52,6936.0,EUR,2,8,3
S9141093,4015588889301,de-DE,Gardening & DIY,Rückenlehne des Sitzes Medisana MCN Sitzplatz,"Wenn Ihnen Ihre Gesundheit am Herzen liegt und Sie Produkte haben möchten, die <b> Schutz und Wellness</b> bieten, dann kaufen Sie <b> Rückenlehne des","Wenn Ihnen Ihre Gesundheit am Herzen liegt und Sie Produkte haben möchten, die <b> Schutz und Wellness</b> bieten, dann kaufen Sie <b> Rückenlehne des Sitzes Medisana MCN Sitzplatz</b> und viele andere <b>Produkte von Medisana</b> zu den besten Preisen!<br><br><ul><li>Art: Sitzplatz</li><li>Merkmale: <ul><li>Fernbedienung</li><li>Entspannt und entlastet den Rücken-, Nacken- und Lendenbereich</li></ul></li><li>Farbe: Schwarz</li><li>Empfohlene verwendung: Erwachsener Unisexueller</li><li>Leistung",Pop Pulse Emporium,https://cdnbigbuy.com/images/4015588889301_S9141093_P00.jpg,https://cdnbigbuy.com/images/4015588889301_S9141093_P10.jpg,https://cdnbigbuy.com/images/B004N3CACQ_R00.jpg,https://cdnbigbuy.com/images/B004N3CACQ_R100.jpg,138.13,25,NEW,16.5,45.5,71.5,6.15,53678.62,EUR,2,8,3
S05130694,3616305266705,de-DE,Gardening & DIY,Set mit Damenparfüm Marc Jacobs DAISY,"Wenn Sie auf der Suche nach trendigen Neuheiten auf dem Markt sind, präsentieren wir Ihnen <b>Set mit Damenparfüm Marc Jacobs DAISY</b>!<br><br><ul><l","Wenn Sie auf der Suche nach trendigen Neuheiten auf dem Markt sind, präsentieren wir Ihnen <b>Set mit Damenparfüm Marc Jacobs DAISY</b>!<br><br><ul><li>Geschlecht: Damen</li><li>Wichtige informationen: Die Produktverpackungen können je nach Werbeaktionen des Herstellers oder der Jahreszeit unterschiedlich gestaltet sein. Die verschiedenen Pakete sind erhältlich, solange der Vorrat reicht.</li></ul>",Pop Pulse Emporium,https://cdnbigbuy.com/images/3616305266705_S05130694_P00.jpg,,,,114.29,10,NEW,9.0,27.0,19.5,0.6,4738.5,EUR,2,8,3
S8903179,4899888728160,de-DE,Gardening & DIY,Tischspiel Lisciani Giochi Juegos reunidos 26 x 1 x 26 cm ES (10 Stück),"Für unsere Kinder möchten wir nur das Beste, und deshalb möchten wir Ihnen <b>Tischspiel Lisciani Giochi Juegos reunidos 26 x 1 x 26 cm ES (10 Stück)<","Für unsere Kinder möchten wir nur das Beste, und deshalb möchten wir Ihnen <b>Tischspiel Lisciani Giochi Juegos reunidos 26 x 1 x 26 cm ES (10 Stück)</b> vorstellen, perfekt für alle, die qualitativ hochwertige Produkte für die Kleinsten suchen. Kaufen Sie <b>Lisciani Giochi</b> zu den besten Preisen!<br><br><ul><li>Enthalten: <ul><li>Würfelspiel</li><li>Schach</li><li>Backgammon</li><li>Dame</li></ul></li><li>Sprache: ES</li><li>Material: <ul><li>Pappe</li><li>Kunststoff</li></ul></li><li>Empfo",Pop Pulse Emporium,https://cdnbigbuy.com/images/S8903179_P0_icon1.jpg,https://cdnbigbuy.com/images/S8903179_P31.jpg,https://cdnbigbuy.com/images/S8903179_P41.jpg,https://cdnbigbuy.com/images/S8903179_P51.jpg,133.96,25,NEW,9.57,22.48,24.11,8.78,5186.87,EUR,2,8,3
S0387911,0197853085022,de-DE,Gardening & DIY,Handtasche Michael Kors Vincent,"Wenn Sie auf der Suche nach trendigen Neuheiten auf dem Markt sind, präsentieren wir Ihnen <b>Handtasche Michael Kors Vincent</b>!<br><br><ul><li>Farb","Wenn Sie auf der Suche nach trendigen Neuheiten auf dem Markt sind, präsentieren wir Ihnen <b>Handtasche Michael Kors Vincent</b>!<br><br><ul><li>Farbe: Silberfarben</li><li>Material: Leder</li><li>Verschluss Armband: Reißverschluss</li><li>Enthalten: Enthält Markenetui oder -hülle</li><li>Maße ca.: 26 x 14 x 6 cm</li></ul>",Pop Pulse Emporium,https://cdnbigbuy.com/images/0197853085022_S0387911_P00.jpg,https://cdnbigbuy.com/images/0197853085022_S0387911_P10.jpg,https://cdnbigbuy.com/images/0197853085022_S0387911_P20.jpg,,124.28,5,NEW,10.0,10.0,10.0,0.3,1000.0,EUR,2,8,3
S3700853,4008321787019,de-DE,Gardening & DIY,Autoglühbirne OS66548 Osram OS66548 D8S 25W 40V,Statten Sie Ihr Fahrzeug mit den neuesten Produkten aus - kaufen Sie  <b>Autoglühbirne OS66548 Osram OS66548 D8S 25W 40V</b> und verpassen Sie kein De,Statten Sie Ihr Fahrzeug mit den neuesten Produkten aus - kaufen Sie  <b>Autoglühbirne OS66548 Osram OS66548 D8S 25W 40V</b> und verpassen Sie kein Detail!<br><ul><li>Leistung: 25 W</li><li>Art: D8S</li><li>Spannung: 40 V</li></ul>,Pop Pulse Emporium,https://cdnbigbuy.com/images/4008321787019_S3700853_P11.jpg,https://cdnbigbuy.com/images/4008321787019_I11.jpg,,,163.09,1,NEW,9.3,5.3,4.6,0.3,226.73,EUR,2,8,3
S91119893,8885020624786,de-DE,Gardening & DIY,Router TP-Link Archer BE3600,"Wenn Sie auf der Suche nach trendigen Neuheiten auf dem Markt sind, präsentieren wir Ihnen <b>Router TP-Link Archer BE3600</b>!<br><br><ul><li>Art: Ro","Wenn Sie auf der Suche nach trendigen Neuheiten auf dem Markt sind, präsentieren wir Ihnen <b>Router TP-Link Archer BE3600</b>!<br><br><ul><li>Art: Router</li><li>Steckbares Produkt: Ja</li></ul>",Pop Pulse Emporium,https://cdnbigbuy.com/images/8885020624786_S91119893_P00.jpg,https://cdnbigbuy.com/images/8885020624786_S91119893_P20.jpg,https://cdnbigbuy.com/images/8885020624786_S91119893_P30.jpg,https://cdnbigbuy.com/images/8885020624786_R00.jpg,125.03,2,NEW,10.0,23.5,34.0,1.25,7990.0,EUR,2,8,3
S0376360,8033288958079,de-DE,Gardening & DIY,Damenuhr Chiara Ferragni R1953104501 (Ø 34 mm),"Wenn Sie mit den neuesten Mode und Accessoire-Trends schritthalten wollen, kaufen Sie <b>Damenuhr Chiara Ferragni R1953104501 (Ø 34 mm)</b> zum besten","Wenn Sie mit den neuesten Mode und Accessoire-Trends schritthalten wollen, kaufen Sie <b>Damenuhr Chiara Ferragni R1953104501 (Ø 34 mm)</b> zum besten Preis.<br><br><ul><li>Geschlecht: Damen</li><li>Extra Links: Kein</li><li>Typ der Uhr: Armbanduhr</li><li>Material des Armbands: Edelstahl</li><li>Uhrengehäuse-Material: Edelstahl</li><li>Uhrwerk: Quarz</li><li>Kristall: Mineral</li><li>Wasserdicht: 5 atm</li><li>Enthalten: Inklusive Markenetui</li><li>Farbe der Krone: Rosa</li><li>Farbe des Uhren",Pop Pulse Emporium,https://cdnbigbuy.com/images/8033288958079_S0376360_P01.jpg,https://cdnbigbuy.com/images/72719_mandatory-watch1.jpg,,,159.9,10,NEW,32.0,19.0,10.0,0.4,6080.0,EUR,2,8,3
S7175322,3023190012308,de-DE,Gardening & DIY,Badewanne ThermoBaby Vasco Grau,"Für unsere Kinder möchten wir Ihnen <b>Badewanne ThermoBaby Vasco Grau</b> vorstellen, perfekt für alle, die qualitativ hochwertige Produkte für die K","Für unsere Kinder möchten wir Ihnen <b>Badewanne ThermoBaby Vasco Grau</b> vorstellen, perfekt für alle, die qualitativ hochwertige Produkte für die Kleinsten suchen. Kaufen Sie <b>ThermoBaby</b> und weitere Marken und Lizenzen zu den besten Preisen!<br><ul><li>Farbe: Grau</li><li>Art: Badewanne</li></ul>",Pop Pulse Emporium,https://cdnbigbuy.com/images/3023190012308_S7175322_P01.jpg,https://cdnbigbuy.com/images/3023190012308_S7175322_P41.jpg,https://cdnbigbuy.com/images/3023190012308_S7175322_P51.jpg,,124.95,10,NEW,79.0,50.6,26.8,4.59,107130.32,EUR,2,8,3
S77185596,4961310159870,de-DE,Gardening & DIY,Bluetooth-Kopfhörer Audio-Technica Iberia ATH-M20XBTWH,"Wenn Sie sich leidenschaftlich mit <b>IT und Elektronik</b> beschäftigen, mit der Technologie auf dem neuesten Stand sein wollen und nicht einmal die ","Wenn Sie sich leidenschaftlich mit <b>IT und Elektronik</b> beschäftigen, mit der Technologie auf dem neuesten Stand sein wollen und nicht einmal die winzigsten Einzelheiten auslassen, kaufen Sie <b>Bluetooth-Kopfhörer Audio-Technica Iberia ATH-M20XBTWH</b>.<br><br><ul><li>Art: <ul><li>Kopfhörer</li><li>Drahtlose Kopfhörer</li></ul></li><li>Farbe: Weiß</li></ul>",Pop Pulse Emporium,https://cdnbigbuy.com/images/4961310159870_S77185596_P00.jpg,,,,108.86,2,NEW,13.08,12.42,10.73,0.22,1743.13,EUR,2,8,3
S0461621,8435568403888,de-DE,Gardening & DIY,Glimmer-Heizkörper Orbegozo RMB2010,"Wenn Sie auf der Suche nach trendigen Neuheiten auf dem Markt sind, präsentieren wir Ihnen <b>Glimmer-Heizkörper Orbegozo RMB2010</b>!","Wenn Sie auf der Suche nach trendigen Neuheiten auf dem Markt sind, präsentieren wir Ihnen <b>Glimmer-Heizkörper Orbegozo RMB2010</b>!",Pop Pulse Emporium,https://cdnbigbuy.com/images/8435568403888_S0461621_P00.jpg,,,,110.21,5,NEW,54.4,53.6,19.81,4.1,57762.79,EUR,2,8,3
S8418503,7322540868906,de-DE,Gardening & DIY,Papierhandtuch Tork Matic Weiß 150 m,<p>Papierhandtücher Tork Matic (6 Stück) ist ein exklusives und hochwertiges Produkt für Ihre Körperpflege. Wenn Sie nur natürliche Körperpflegeproduk,"<p>Papierhandtücher Tork Matic (6 Stück) ist ein exklusives und hochwertiges Produkt für Ihre Körperpflege. Wenn Sie nur natürliche Körperpflegeprodukte wollen, dann sind die 100 % natürlichen Produkte von Tork genau das Richtige für Sie.</p><br><br><ul><li>Farbe: Weiß</li><li>Länge: 150 m</li><li>Stück: 6 Stück</li><li>Art: Papierhandtücher</li></ul>",Pop Pulse Emporium,https://cdnbigbuy.com/images/7322540868906_R01.jpg,https://cdnbigbuy.com/images/7322540868906_I21.jpg,,,103.72,2,NEW,58.0,38.0,23.0,4.22,50692.0,EUR,2,8,3
S3061467,8424002210328,de-DE,Gardening & DIY,Stehlampe Home ESPRIT Durchsichtig Silberfarben 50 W 220 V 30 x 30 x 172 cm,"Wenn Sie auf der Suche nach trendigen Neuheiten auf dem Markt sind, präsentieren wir Ihnen <b>Stehlampe Home ESPRIT Durchsichtig Silberfarben 50 W 220","Wenn Sie auf der Suche nach trendigen Neuheiten auf dem Markt sind, präsentieren wir Ihnen <b>Stehlampe Home ESPRIT Durchsichtig Silberfarben 50 W 220 V 30 x 30 x 172 cm</b>!<br><br><ul><li>Art: <ul><li>Stehlampe</li><li>Glamour</li></ul></li><li>Steckbares Produkt: Ja</li><li>Farbe: <ul><li>Durchsichtig</li><li>Silberfarben</li></ul></li><li>Material: <ul><li>Kristall</li><li>Eisen</li></ul></li><li>Leistung: 50 W</li><li>Kappe: E27</li><li>Spannung: 220 V</li><li>Enthalten: 3 Bälle</li><li>Glü",Pop Pulse Emporium,https://cdnbigbuy.com/images/8424002210328_S3061467_P00.jpg,https://cdnbigbuy.com/images/8424002210328_S3061467_P10.jpg,,,136.97,25,NEW,33.33,32.35,41.05,10.0,44261.16,EUR,2,8,3
S7213623,8426881576489,de-DE,Gardening & DIY,Damenohrringe Majorica 16139.01.2.000.010.1,"Wir präsentieren <b>Damenohrringe Majorica 16139.01.2.000.010.1</b> und ein umfangreiches Sortiment von Ringen, Halsbändern, Armbändern, Ohrringen, us","Wir präsentieren <b>Damenohrringe Majorica 16139.01.2.000.010.1</b> und ein umfangreiches Sortiment von Ringen, Halsbändern, Armbändern, Ohrringen, usw. zu einem großartigen Preis. Erfahren Sie mehr über unsere exklusiven und eleganten Schmuck und Modeschmuck für jeden Geschmack und Stil.<br><br><ul><li>Geschlecht: Damen</li><li>Art: Damenohrringe</li><li>Farbe: Silberfarben</li></ul>",Pop Pulse Emporium,https://cdnbigbuy.com/images/8426881576489_S7213623_P01.jpg,,,,136.51,4,NEW,9.95,9.94,9.73,0.29,962.33,EUR,2,8,3
S37116145,5998167751192,de-DE,Gardening & DIY,Armlehne Armster Suzuki Swift 2005-2011 Polyskin,Statten Sie Ihr Fahrzeug mit den neuesten Produkten aus - kaufen Sie <b>Armlehne Armster Suzuki Swift 2005-2011 Polyskin</b> und verpassen Sie kein De,"Statten Sie Ihr Fahrzeug mit den neuesten Produkten aus - kaufen Sie <b>Armlehne Armster Suzuki Swift 2005-2011 Polyskin</b> und verpassen Sie kein Detail!<br><br><p>Der <b>Armster 3 Armlehne</b> für den <b>Suzuki Swift 2005-2011</b> ist ein Zubehörteil, das optimalen Komfort und perfekte Passform bietet, indem es mit einem speziell für dieses Modell entwickelten Adapter an der <b>Mittelkonsole</b> des Fahrzeugs montiert wird. Diese <b>mittlere Armlehne</b> verfügt über ein <b>stufenlos höhenver",Pop Pulse Emporium,https://cdnbigbuy.com/images/5998167751192_S37116145_P00.jpg,https://cdnbigbuy.com/images/5998167751192_S37116145_P20.jpg,https://cdnbigbuy.com/images/5998167751192_S37116145_P30.jpg,https://cdnbigbuy.com/images/5998167751192_S37116145_P40.jpg,127.29,1,NEW,35.0,25.0,25.0,8.0,21875.0,EUR,2,8,3
S0578169,3145891071207,de-DE,Gardening & DIY,Damenparfüm Bleu Chanel Chanel EDP (3 x 20 ml) Bleu 20 ml,<p>Lassen Sie&nbsp;<strong>100 % Original-Damenparfüm Bleu Chanel Chanel EDP (3 x 20 ml) Bleu 20 ml</strong> Sie &uuml;berraschen und feieren Ihre Wei,"<p>Lassen Sie&nbsp;<strong>100 % Original-Damenparfüm Bleu Chanel Chanel EDP (3 x 20 ml) Bleu 20 ml</strong> Sie &uuml;berraschen und feieren Ihre Weiblichkeit mit dem exklusiven <strong>Frauenparfum </strong>mit einzigartigem, pers&ouml;nlichen Duft. Entdecken Sie die <strong>100 % Original-Produkte von Chanel</strong>!</p><br><br><ul><li>Geschlecht: <ul><li>Herren</li><li>Damen</li></ul></li><li>Enthalten: 3 x 20 ml</li><li>Art: EDP (Eau de Parfum)</li><li>Name des Parfüms: Bleu</li><li>Merkma",Pop Pulse Emporium,https://cdnbigbuy.com/images/3145891071207_S0578169_P01.jpg,,,,176.57,10,NEW,8.0,5.0,15.0,1.0,600.0,EUR,2,8,3
S7298876,7618391693621,de-DE,Gardening & DIY,Herrenarmreif Guess JUMB04030JWYGBKT-U,Statten Sie Ihr Fahrzeug mit den neuesten Produkten aus - kaufen Sie <b>Herrenarmreif Guess JUMB04030JWYGBKT-U</b> und verpassen Sie kein Detail!<br><,Statten Sie Ihr Fahrzeug mit den neuesten Produkten aus - kaufen Sie <b>Herrenarmreif Guess JUMB04030JWYGBKT-U</b> und verpassen Sie kein Detail!<br><br><ul><li>Geschlecht: Herren</li><li>Art: Armreif</li></ul>,Pop Pulse Emporium,https://cdnbigbuy.com/images/7618391693621_S7298876_P00.jpg,,,,114.06,2,NEW,10.0,10.0,10.0,0.3,1000.0,EUR,2,8,3
S3042513,8424002022334,de-DE,Gardening & DIY,Bank DKD Home Decor Weiß 118 x 53 x 98 cm,"<p>Wenn Sie Ihrem Zuhause einen Hauch von Originalität verleihen möchten, tun Sie dies mit <b>Bank DKD Home Decor Weiß 118 x 53 x 98 cm</b>.</p><br><b","<p>Wenn Sie Ihrem Zuhause einen Hauch von Originalität verleihen möchten, tun Sie dies mit <b>Bank DKD Home Decor Weiß 118 x 53 x 98 cm</b>.</p><br><br><ul><li>Art: <ul><li>Garten</li><li>Antiker Finish</li></ul></li><li>Farbe: Weiß</li><li>Material: Metall</li><li>Einstellbar: Kein</li><li>Maße ca.: 118 x 53 x 98 cm</li><li>Format: Standard</li><li>Material des Rahmens: Metall</li></ul>",Pop Pulse Emporium,https://cdnbigbuy.com/images/8424002022334_S3042513_P30.jpg,https://cdnbigbuy.com/images/8424002022334_S3042513_P40.jpg,,,151.38,10,NEW,83.0,17.0,16.0,4.8,22576.0,EUR,2,8,3
S91121665,0840023284397,de-DE,Gardening & DIY,"Smartphone Motorola 6,72"" Unisoc 8 GB RAM 256 GB Rot","Wenn Sie auf der Suche nach trendigen Neuheiten auf dem Markt sind, präsentieren wir Ihnen <b>Smartphone Motorola 6,72"" Unisoc 8 GB RAM 256 GB Rot</b>","Wenn Sie auf der Suche nach trendigen Neuheiten auf dem Markt sind, präsentieren wir Ihnen <b>Smartphone Motorola 6,72"" Unisoc 8 GB RAM 256 GB Rot</b>!<br><br><ul><li>Diagonale des Bildschirms (cm): 17,1 cm</li><li>Steckbares Produkt: Ja</li><li>Art: <ul><li>Smartphone</li><li>Auslöser der Kamera</li><li>Dual SIM</li></ul></li><li>Farbe: Rot</li><li>Merkmale: <ul><li>GPS</li><li>Umgebungslichtsensor</li><li>HDR</li><li>Autofokus</li><li>Bildstabilisator</li><li>Näherungssensor</li><li>Gorilla Gl",Pop Pulse Emporium,https://cdnbigbuy.com/images/0840023284397_I00.jpg,https://cdnbigbuy.com/images/0840023284397_I20.jpg,https://cdnbigbuy.com/images/0840023284397_I10.jpg,,198.52,2,NEW,9.5,3.5,18.0,0.33,598.5,EUR,2,8,3
S05123109,0887167570153,de-DE,Gardening & DIY,Tagescreme Estee Lauder PERFECTIONIST 50 ml,"<p><b>Tagescreme Estee Lauder PERFECTIONIST 50 ml</b> ist ein Qualitätsprodukt, das für anspruchsvolle Menschen entwickelt wurde, die auf ihr Aussehen","<p><b>Tagescreme Estee Lauder PERFECTIONIST 50 ml</b> ist ein Qualitätsprodukt, das für anspruchsvolle Menschen entwickelt wurde, die auf ihr Aussehen achten und nach den besten Kosmetika suchen, um ihre Schönheit zu unterstreichen. Wenn Sie zu diesen Menschen gehören, dann sind die <b>100 % originalen Produkte von Estee Lauder</b> wie für Sie gemacht.</p><br><br><ul><li>Art: Kosmetika</li><li>Geschlecht: Damen</li><li>Texturierung: Serum</li><li>Empfohlene verwendung: Alle Hauttypen</li><li>Inh",Pop Pulse Emporium,https://cdnbigbuy.com/images/0887167570153_R10.jpg,https://cdnbigbuy.com/images/0887167570153_R00.jpg,,,142.06,25,NEW,4.5,4.6,11.5,0.2,238.05,EUR,2,8,3
S3623477,4899888650126,de-DE,Gardening & DIY,Pfanne Ø 42 cm Emaillierter Edelstahl (6 Stück),"Wenn Sie bei der Einrichtung ihres Heims Wert auf Details legen und bei Produkten, die Ihnen das Leben leichter machen, auf dem letzten Stand sein möc","Wenn Sie bei der Einrichtung ihres Heims Wert auf Details legen und bei Produkten, die Ihnen das Leben leichter machen, auf dem letzten Stand sein möchten, dann kaufen Sie <b>Pfanne Ø 42 cm Emaillierter Edelstahl (6 Stück)</b> zum besten Preis.<br><br><ul><li>Art: Pfanne</li><li>Durchmesser: Ø 42 cm</li><li>Farbe: Schwarz</li><li>Material: Emaillierter Edelstahl</li><li>Geeignet für: <ul><li>Herd</li><li>Gasherdplatte</li><li>Brennholz</li></ul></li><li>Stück: 6 Stück</li><li>Portionen: 10 Porti",Pop Pulse Emporium,https://cdnbigbuy.com/images/S3623477_28430852306580_P4_icon1.jpg,https://cdnbigbuy.com/images/S3623477_28430852306580_P41.jpg,https://cdnbigbuy.com/images/S3623477_57227_1692866482-cropped1.jpg,,107.57,50,NEW,42.0,54.0,12.0,10.5,27216.0,EUR,2,8,3
S0368583,8431777839166,de-DE,Gardening & DIY,Damen Handtasche Laura Ashley LAURA-RED Rot 23 x 20 x 8 cm,Sind Sie modebewusst und begeistern sich für Accessoires? Wir bieten Ihnen <b>Damen Handtasche Laura Ashley LAURA-RED Rot 23 x 20 x 8 cm</b> und ein b,Sind Sie modebewusst und begeistern sich für Accessoires? Wir bieten Ihnen <b>Damen Handtasche Laura Ashley LAURA-RED Rot 23 x 20 x 8 cm</b> und ein breites Sortiment an modernen Handtaschen und Geldbeutel!<br><br><ul><li>Geschlecht: Damen</li><li>Art: Damen Handtasche</li><li>Farbe: Rot</li><li>Material: Synthetisch</li><li>Verschluss Armband: Plattenspeicher</li><li>Maße ca.: 23 x 20 x 8 cm</li></ul>,Pop Pulse Emporium,https://cdnbigbuy.com/images/8431777839166_S0368583_P01.jpg,,,,113.04,1,NEW,10.0,10.0,10.0,0.3,1000.0,EUR,2,8,3
S9120077,5035048661628,de-DE,Gardening & DIY,Luftkompressor Black & Decker BDCINF18N-QS 12 V 36 W 1 Stücke,Statten Sie Ihr Fahrzeug mit den neuesten Produkten aus - kaufen Sie <b>Luftkompressor Black & Decker BDCINF18N-QS 12 V 36 W 1 Stücke</b> und verpasse,"Statten Sie Ihr Fahrzeug mit den neuesten Produkten aus - kaufen Sie <b>Luftkompressor Black & Decker BDCINF18N-QS 12 V 36 W 1 Stücke</b> und verpassen Sie kein Detail!<br><br><ul><li>Merkmale: <ul><li>Wireless</li><li>Ein-, Ausschalter</li><li>Automatische Ausschaltung</li><li>Ein/Aus-Schalter</li><li>Eingebaute Anzeige</li></ul></li><li>Steckertyp: EU-Stecker</li><li>Farbe: <ul><li>Schwarz</li><li>Orange</li></ul></li><li>Spannung: <ul><li>12 V</li><li>18 V</li><li>220 - 230 V</li></ul></li><l",Pop Pulse Emporium,https://cdnbigbuy.com/images/5035048661628_S9120077_P00.jpg,https://cdnbigbuy.com/images/5035048661628_R60.jpg,https://cdnbigbuy.com/images/5035048661628_R40.jpg,https://cdnbigbuy.com/images/5035048661628_S9120077_P10.jpg,113.73,4,NEW,19.0,21.0,29.5,2.55,11770.5,EUR,2,8,3
S7182399,8719514291812,de-DE,Gardening & DIY,Smart Glühbirne Philips 8719514291812 (2 Stück),"<p>Wenn Sie Ihrem Zuhause einen Hauch von Originalität verleihen möchten, tun Sie dies mit <b>Smart Glühbirne Philips 8719514291812 (2 Stück)</b>.</p>","<p>Wenn Sie Ihrem Zuhause einen Hauch von Originalität verleihen möchten, tun Sie dies mit <b>Smart Glühbirne Philips 8719514291812 (2 Stück)</b>.</p><br><br><ul><li>Farbtemperatur: 6500 K</li><li>Enthalten: RJ45-Kabel</li><li>Stück: 2 Stück</li></ul>",Pop Pulse Emporium,https://cdnbigbuy.com/images/8719514291812_S7182399_P03.jpg,https://cdnbigbuy.com/images/8719514291812_S7182399_P23.jpg,https://cdnbigbuy.com/images/8719514291812_S7182399_P13.jpg,https://cdnbigbuy.com/images/8719514291812_S7182399_P33.jpg,161.28,10,NEW,17.4,22.2,14.0,0.9,5407.92,EUR,2,8,3
S72107718,7612901736938,de-DE,Gardening & DIY,Damenuhr Breil EW0691 (Ø 28 mm),"Wenn Sie mit den neuesten Mode und Accessoire-Trends schritthalten wollen, kaufen Sie <b>Damenuhr Breil EW0691 (Ø 28 mm)</b> zum besten Preis.<br><br>","Wenn Sie mit den neuesten Mode und Accessoire-Trends schritthalten wollen, kaufen Sie <b>Damenuhr Breil EW0691 (Ø 28 mm)</b> zum besten Preis.<br><br><ul><li>Extra Links: Kein</li><li>Typ der Uhr: Armbanduhr</li><li>Funktionen: Stoppuhr</li><li>Geschlecht: Damen</li><li>Enthalten: Enthält Markenetui oder -hülle</li><li>Wasserdicht: 5 atm</li><li>Kristall: Mineral</li><li>Uhrwerk: Quarz</li><li>Durchmesser des Uhrengehäuses: Ø 28 mm</li><li>Material des Gehäuses: Edelstahl</li><li>Farbe: Silberfa",Pop Pulse Emporium,https://cdnbigbuy.com/images/7612901736938_S72107718_P00.jpg,https://cdnbigbuy.com/images/106730_mandatory-watch0.jpg,,,127.17,1,NEW,14.16,11.56,10.0,0.33,1636.9,EUR,2,8,3
S7277246,8430622783432,de-DE,Gardening & DIY,Herrenuhr Lotus 18672/C Schwarz,"Wenn Sie mit den neuesten Mode und Accessoire-Trends schritthalten wollen, kaufen Sie <b>Herrenuhr Lotus 18672/C Schwarz</b> zum besten Preis.<br><br>","Wenn Sie mit den neuesten Mode und Accessoire-Trends schritthalten wollen, kaufen Sie <b>Herrenuhr Lotus 18672/C Schwarz</b> zum besten Preis.<br><br><ul><li>Geschlecht: Herren</li><li>Extra Links: Kein</li><li>Typ der Uhr: Armbanduhr</li><li>Farbe: Schwarz</li><li>Material des Gehäuses: Edelstahl</li><li>Uhrwerk: Quarz</li></ul>",Pop Pulse Emporium,https://cdnbigbuy.com/images/8430622783432_R01.jpg,https://cdnbigbuy.com/images/8430622783432_R11.jpg,https://cdnbigbuy.com/images/76303_mandatory-watch1.jpg,,169.98,50,NEW,32.0,19.0,10.0,0.4,6080.0,EUR,2,8,3
S3714149,8024055160498,de-DE,Gardening & DIY,Autofelge MOMO WIN PRO ET40,Statten Sie Ihr Fahrzeug mit den neuesten Produkten aus - kaufen Sie <b>Autofelge MOMO WIN PRO ET40</b> und verpassen Sie kein Detail!<br><br><ul><li>,"Statten Sie Ihr Fahrzeug mit den neuesten Produkten aus - kaufen Sie <b>Autofelge MOMO WIN PRO ET40</b> und verpassen Sie kein Detail!<br><br><ul><li>Tiefe der Felge (ET): ET40</li><li>Verankerung für Felge (PCD): PCD 4x108</li><li>Buchsengröße (CB): CB 63,4</li><li>Durchmesser: 15""</li><li>Farbe: Silberfarben</li><li>Breite: 6</li><li>Material: Aluminium</li><li>Gewicht: 8 kg</li></ul>",Pop Pulse Emporium,https://cdnbigbuy.com/images/8024055160498_S3714149_P02.jpg,,,,118.51,2,NEW,55.0,55.0,35.0,12.0,105875.0,EUR,2,8,3
M0504518,4960999909516,de-DE,Gardening & DIY,Original Tintenpatrone Canon PFI-106 C Türkis,"Wenn Sie sich leidenschaftlich mit <b>IT und Elektronik</b> beschäftigen, mit der Technologie auf dem neuesten Stand sein wollen und nicht einmal die ","Wenn Sie sich leidenschaftlich mit <b>IT und Elektronik</b> beschäftigen, mit der Technologie auf dem neuesten Stand sein wollen und nicht einmal die winzigsten Einzelheiten auslassen, kaufen Sie <b>Original Tintenpatrone Canon PFI-106 C Türkis</b>.<br><br><ul><li>Farbe: Türkis</li><li>Technologie: Inkjet</li><li>Art: Original Tintenpatrone</li><li>Merkmale: Original</li></ul>",Pop Pulse Emporium,https://cdnbigbuy.com/images/4960999909516_I00.jpg,https://cdnbigbuy.com/images/4960999909516_R00.jpg,https://cdnbigbuy.com/images/4960999909516_M0504518_P00.jpg,,109.14,2,NEW,12.0,8.0,3.0,0.18,288.0,EUR,2,8,3
S0388841,0091661534348,de-DE,Gardening & DIY,Herrenuhr Guess GW0571G2 (Ø 42 mm),"Wenn Sie mit den neuesten Mode und Accessoire-Trends schritthalten wollen, kaufen Sie <b>Herrenuhr Guess GW0571G2 (Ø 42 mm)</b> zum besten Preis.<br><","Wenn Sie mit den neuesten Mode und Accessoire-Trends schritthalten wollen, kaufen Sie <b>Herrenuhr Guess GW0571G2 (Ø 42 mm)</b> zum besten Preis.<br><br><ul><li>Extra Links: Kein</li><li>Typ der Uhr: Armbanduhr</li><li>Material des Armbands: Silikon</li><li>Uhrengehäuse-Material: Edelstahl</li><li>Uhrwerk: Quarz</li><li>Kristall: Mineral</li><li>Enthalten: Enthält Markenetui oder -hülle</li><li>Verschluss Armband: Schließe</li><li>Farbe der Krone: Blau</li><li>Farbe des Uhrengehäuses: Rosa</li><",Pop Pulse Emporium,https://cdnbigbuy.com/images/0091661534348_S0388841_P00.jpg,https://cdnbigbuy.com/images/85200_mandatory-watch0.jpg,,,141.12,5,NEW,32.0,19.0,10.0,0.4,6080.0,EUR,2,8,3
S7271333,3608701100929,de-DE,Gardening & DIY,Herrenuhr Nixon A1309-000 Schwarz,"Wenn Sie mit den neuesten Mode und Accessoire-Trends schritthalten wollen, kaufen Sie <b>Herrenuhr Nixon A1309-000 Schwarz</b> zum besten Preis.<br><b","Wenn Sie mit den neuesten Mode und Accessoire-Trends schritthalten wollen, kaufen Sie <b>Herrenuhr Nixon A1309-000 Schwarz</b> zum besten Preis.<br><br><ul><li>Geschlecht: Herren</li><li>Extra Links: Kein</li><li>Typ der Uhr: Armbanduhr</li><li>Farbe: Schwarz</li><li>Jahr: 2020</li><li>Material des Armbands: Silikon</li><li>Material des Gehäuses: Polycarbonat</li><li>Form: rechteckig</li><li>Verschluss Armband: Schließe</li><li>Durchmesser: 39 mm</li></ul>",Pop Pulse Emporium,https://cdnbigbuy.com/images/3608701100929_S7271333_P01.jpg,https://cdnbigbuy.com/images/70497_mandatory-watch1.jpg,,,172.8,2,NEW,32.0,19.0,10.0,0.4,6080.0,EUR,2,8,3
S0368819,4549526127304,de-DE,Gardening & DIY,Unisex-Uhr Casio GX-56BB-1ER (Ø 55 mm),"Wenn Sie mit den neuesten Mode und Accessoire-Trends schritthalten wollen, kaufen Sie <b>Unisex-Uhr Casio GX-56BB-1ER (Ø 55 mm)</b> zum besten Preis.<","Wenn Sie mit den neuesten Mode und Accessoire-Trends schritthalten wollen, kaufen Sie <b>Unisex-Uhr Casio GX-56BB-1ER (Ø 55 mm)</b> zum besten Preis.<br><br><ul><li>Funktionen: Multifunktion</li><li>Uhrwerk: Solar</li><li>Enthalten: Enthält Markenetui oder -hülle</li><li>Wasserdicht: 20 atm</li><li>Kristall: Mineral</li><li>Material des Armbands: Harz</li><li>Durchmesser des Uhrengehäuses: <ul><li>Ø 53,5 mm</li><li>Ø 55 mm</li></ul></li><li>Extra Links: Kein</li><li>Typ der Uhr: Armbanduhr</li><",Pop Pulse Emporium,https://cdnbigbuy.com/images/4549526127304_S0368819_P01.jpg,https://cdnbigbuy.com/images/65180_mandatory-watch1.jpg,,,178.41,2,NEW,32.0,19.0,10.0,0.4,6080.0,EUR,2,8,3
S72107713,7612901736983,de-DE,Gardening & DIY,Damenuhr Breil EW0696 (Ø 26 mm),"Wenn Sie mit den neuesten Mode und Accessoire-Trends schritthalten wollen, kaufen Sie <b>Damenuhr Breil EW0696 (Ø 26 mm)</b> zum besten Preis.<br><br>","Wenn Sie mit den neuesten Mode und Accessoire-Trends schritthalten wollen, kaufen Sie <b>Damenuhr Breil EW0696 (Ø 26 mm)</b> zum besten Preis.<br><br><ul><li>Extra Links: Kein</li><li>Typ der Uhr: Armbanduhr</li><li>Funktionen: Stoppuhr</li><li>Geschlecht: Damen</li><li>Enthalten: Enthält Markenetui oder -hülle</li><li>Wasserdicht: 3 atm</li><li>Kristall: Mineral</li><li>Uhrwerk: Quarz</li><li>Durchmesser des Uhrengehäuses: Ø 26 mm</li><li>Material des Gehäuses: Edelstahl</li><li>Farbe: Silberfa",Pop Pulse Emporium,https://cdnbigbuy.com/images/7612901736983_S72107713_P00.jpg,https://cdnbigbuy.com/images/106725_mandatory-watch0.jpg,,,126.23,2,NEW,14.16,11.56,10.0,0.33,1636.9,EUR,2,8,3
S7192257,3417766172051,de-DE,Gardening & DIY,Aktivitätszentrum Vtech Baby (Französisch),"Für unsere Kinder möchten wir Ihnen <b>Aktivitätszentrum Vtech Baby (Französisch)</b> vorstellen, perfekt für alle, die qualitativ hochwertige Produkt","Für unsere Kinder möchten wir Ihnen <b>Aktivitätszentrum Vtech Baby (Französisch)</b> vorstellen, perfekt für alle, die qualitativ hochwertige Produkte für die Kleinsten suchen. Kaufen Sie <b>Vtech Baby</b> und weitere Marken und Lizenzen zu den besten Preisen!<br><br><ul><li>Art: Aktivitätszentrum</li><li>Farbe: Bunt</li><li>Sprache: Französisch</li><li>Inklusive Batterien: Ja</li><li>Empfohlenes Alter: + 9 Monate</li><li>Empfohlene verwendung: Babys</li></ul>",Pop Pulse Emporium,https://cdnbigbuy.com/images/3417766172051_S7192257_P00.jpg,https://cdnbigbuy.com/images/3417766172051_S7192257_P10.jpg,https://cdnbigbuy.com/images/3417766172051_S7192257_P20.jpg,https://cdnbigbuy.com/images/3417766172051_S7192257_P30.jpg,126.63,5,NEW,40.4,55.0,13.4,3.5,29774.8,EUR,2,8,3
S3060675,8424002201296,de-DE,Gardening & DIY,Tischlampe Home ESPRIT Weiß Silberfarben 50 W 220 V,"Wenn Sie auf der Suche nach trendigen Neuheiten auf dem Markt sind, präsentieren wir Ihnen <b>Tischlampe Home ESPRIT Weiß Silberfarben 50 W 220 V</b>!","Wenn Sie auf der Suche nach trendigen Neuheiten auf dem Markt sind, präsentieren wir Ihnen <b>Tischlampe Home ESPRIT Weiß Silberfarben 50 W 220 V</b>!<br><br><ul><li>Steckbares Produkt: Ja</li><li>Art: Tischlampe</li><li>Steckertyp: EU-Stecker</li><li>Farbe: <ul><li>Weiß</li><li>Silberfarben</li></ul></li><li>Material: <ul><li>Polyester</li><li>Marmor</li><li>Stahl</li></ul></li><li>Spannung: 220 V</li><li>Kappe: E27</li><li>Lang: 23 cm</li><li>Design: <ul><li>Moderne</li><li>Verchromt</li></ul>",Pop Pulse Emporium,https://cdnbigbuy.com/images/8424002201296_S3060675_P50.jpg,https://cdnbigbuy.com/images/8424002201296_S3060675_P30.jpg,https://cdnbigbuy.com/images/8424002201296_S3060675_P40.jpg,https://cdnbigbuy.com/images/8424002201296_S3060675_P00.jpg,119.12,21,NEW,45.0,62.0,27.0,4.3,75330.0,EUR,2,8,3
S7196388,8058664165933,de-DE,Gardening & DIY,Reisebettchen Chicco Good Night,"Für unsere Kinder möchten wir Ihnen <b>Reisebettchen Chicco Good Night</b> vorstellen, perfekt für alle, die qualitativ hochwertige Produkte für die K","Für unsere Kinder möchten wir Ihnen <b>Reisebettchen Chicco Good Night</b> vorstellen, perfekt für alle, die qualitativ hochwertige Produkte für die Kleinsten suchen. Kaufen Sie <b>Chicco</b> und weitere Marken und Lizenzen zu den besten Preisen!<br><br><ul><li>Farbe: Grau</li><li>Art: Reisebettchen</li><li>Merkmale: Biegsam</li></ul>",Pop Pulse Emporium,https://cdnbigbuy.com/images/8058664165933_S7196388_P00.jpg,https://cdnbigbuy.com/images/8058664165933_S7196388_P20.jpg,https://cdnbigbuy.com/images/8058664165933_S7196388_P30.jpg,https://cdnbigbuy.com/images/8058664165933_S7196388_P40.jpg,162.02,2,NEW,22.7,22.5,70.0,10.3,35752.5,EUR,2,8,3
S71015772,0074451999060,de-DE,Gardening & DIY,Hochstuhl,"Wenn Sie auf der Suche nach trendigen Neuheiten auf dem Markt sind, präsentieren wir Ihnen <b>Hochstuhl</b>!","Wenn Sie auf der Suche nach trendigen Neuheiten auf dem Markt sind, präsentieren wir Ihnen <b>Hochstuhl</b>!",Pop Pulse Emporium,https://cdnbigbuy.com/images/0074451999060_S71015772_P00.jpg,https://cdnbigbuy.com/images/0074451999060_S71015772_P10.jpg,https://cdnbigbuy.com/images/0074451999060_S71015772_P20.jpg,https://cdnbigbuy.com/images/0074451999060_S71015772_P30.jpg,128.28,1,NEW,38.83,35.6,39.17,6.66,54146.57,EUR,2,8,3
S71012250,0074451166639,de-DE,Gardening & DIY,Baby-Liegestuhl Baby Einstein Ocean Blau,"Wenn Sie auf der Suche nach trendigen Neuheiten auf dem Markt sind, präsentieren wir Ihnen <b>Baby-Liegestuhl Baby Einstein Ocean Blau</b>!<br><br><ul","Wenn Sie auf der Suche nach trendigen Neuheiten auf dem Markt sind, präsentieren wir Ihnen <b>Baby-Liegestuhl Baby Einstein Ocean Blau</b>!<br><br><ul><li>Farbe: Blau</li><li>Material: Metall</li><li>Erfordert Montage: Ja</li><li>Empfohlenes Alter: + 0 Monate</li><li>Max. unterstütztes Gewicht: 9 kg</li></ul>",Pop Pulse Emporium,https://cdnbigbuy.com/images/0074451166639_S71012250_P00.jpg,https://cdnbigbuy.com/images/0074451166639_S71012250_P10.jpg,https://cdnbigbuy.com/images/0074451166639_S71012250_P20.jpg,https://cdnbigbuy.com/images/0074451166639_S71012250_P30.jpg,149.56,9,NEW,50.0,19.0,82.0,8.75,77900.0,EUR,2,8,3
S3040027,8424002005047,de-DE,Gardening & DIY,"Deckenlampe DKD Home Decor Schwarz Silberfarben Metall Kristall 25,4 x 25,4 x 35,5 cm (2 Stück)","<p>Wenn Sie Ihrem Zuhause einen Hauch von Originalität verleihen möchten, tun Sie dies mit <b>Deckenlampe DKD Home Decor Kristall Silberfarben Schwarz","<p>Wenn Sie Ihrem Zuhause einen Hauch von Originalität verleihen möchten, tun Sie dies mit <b>Deckenlampe DKD Home Decor Kristall Silberfarben Schwarz Metall Silber (25.4 x 25.4 x 35.5 cm) (2 Stück)</b>.</p><br><ul><li>Farbe: <ul><li>Schwarz</li><li>Silber</li><li>Silberfarben</li></ul></li><li>Material: <ul><li>Metall</li><li>Kristall</li></ul></li><li>Stil: Loft</li><li>Stück: 2 Stück</li><li>Maße ca.: 25.4 x 25.4 x 35.5 cm</li><li>Wichtige informationen: Verschiedene Designs. Versand nach Zuf",Pop Pulse Emporium,https://cdnbigbuy.com/images/8424002005047_S3040027_P34.jpg,https://cdnbigbuy.com/images/8424002005047_S3040027_P24.jpg,https://cdnbigbuy.com/images/8424002005047_S3040027_P04.jpg,https://cdnbigbuy.com/images/8424002005047_S3040027_P14.jpg,122.74,25,NEW,25.4,25.4,35.5,6.1,22903.18,EUR,2,8,3
S0385048,0886895517072,de-DE,Gardening & DIY,Herrensonnenbrille Lanvin LNV620S-234 Ø 52 mm,"Wenn Sie gern die neusten Produkte aus <b>Fashion & Accessoires</b> tragen möchten, dann sind Accessoires, wie die <b>Herrensonnenbrille Lanvin LNV620","Wenn Sie gern die neusten Produkte aus <b>Fashion & Accessoires</b> tragen möchten, dann sind Accessoires, wie die <b>Herrensonnenbrille Lanvin LNV620S-234 Ø 52 mm</b> ein Muss, um Ihren Look abzurunden! Vertrauen Sie auf die Marken für <b>Sonnenbrillen</b>.<br><br><ul><li>Art: Herrensonnenbrille</li><li>Schutz: 100% Schutz vor UV (UV400)</li><li>Geschlecht: Herren</li><li>Material: <ul><li>Polycarbonat</li><li>Azetat</li></ul></li><li>Material der Linsen: Polycarbonat</li><li>Farbe: Braun</li><",Pop Pulse Emporium,https://cdnbigbuy.com/images/0886895517072_S0385048_P00.jpg,https://cdnbigbuy.com/images/0886895517072_S0385048_P10.jpg,https://cdnbigbuy.com/images/0886895517072_S0385048_P20.jpg,,109.3,2,NEW,10.0,10.0,10.0,0.3,1000.0,EUR,2,8,3
S72108109,4894816148300,de-DE,Gardening & DIY,Herrenuhr Timberland TDWGB0055903,"Wenn Sie mit den neuesten Mode und Accessoire-Trends schritthalten wollen, kaufen Sie <b>Herrenuhr Timberland TDWGB0055903</b> zum besten Preis.<br><b","Wenn Sie mit den neuesten Mode und Accessoire-Trends schritthalten wollen, kaufen Sie <b>Herrenuhr Timberland TDWGB0055903</b> zum besten Preis.<br><br><ul><li>Geschlecht: Herren</li><li>Extra Links: Kein</li><li>Typ der Uhr: Armbanduhr</li></ul>",Pop Pulse Emporium,https://cdnbigbuy.com/images/4894816148300_S72108109_P00.jpg,https://cdnbigbuy.com/images/107121_mandatory-watch0.jpg,https://cdnbigbuy.com/images/4894816148300_S72108109_P10.jpg,https://cdnbigbuy.com/images/4894816148300_S72108109_P20.jpg,179.99,2,NEW,14.15,12.43,10.11,0.3,1778.19,EUR,2,8,3
S91111935,5902414211834,de-DE,Gardening & DIY,Futter VETEXPERT Ultra Pork Mini Adult Schwein 8 kg,"Wenn Sie auf der Suche nach trendigen Neuheiten auf dem Markt sind, präsentieren wir Ihnen <b>Futter VETEXPERT Ultra Pork Mini Adult Schwein 8 kg</b>!","Wenn Sie auf der Suche nach trendigen Neuheiten auf dem Markt sind, präsentieren wir Ihnen <b>Futter VETEXPERT Ultra Pork Mini Adult Schwein 8 kg</b>!<br><br><ul><li>Art: Futter</li><li>Form: Solide</li><li>Geschmack: Schwein</li><li>Wichtige informationen: <ul><li>Glutenfrei</li><li>Zuckerfrei</li><li>Soja-frei</li></ul></li><li>Eigenschaften: Verdauungshilfe</li><li>Empfohlene verwendung: <ul><li>Haustier mit Nahrungsmittelallergie oder -unverträglichkeit</li><li>Haustier mit empfindlichem Mag",Pop Pulse Emporium,https://cdnbigbuy.com/images/5902414211834_S91111935_P00.jpg,https://cdnbigbuy.com/images/5902414211834_S91111935_P10.jpg,https://cdnbigbuy.com/images/5902414211834_S91111935_P20.jpg,,126.66,4,NEW,12.0,41.0,35.5,8.08,17466.0,EUR,2,8,3
S91104850,5038483539330,de-DE,Gardening & DIY,Flip Flops Scholl PRS014BEZ46,"Wenn Sie Ihren Kleiderschrank erneuern möchten, empfehlen wir Ihnen <b>Flip Flops Scholl PRS014BEZ46</b> und weitere <b> Produkte von Scholl</b>! Jetz","Wenn Sie Ihren Kleiderschrank erneuern möchten, empfehlen wir Ihnen <b>Flip Flops Scholl PRS014BEZ46</b> und weitere <b> Produkte von Scholl</b>! Jetzt für Sie die beste Qualität zum besten Preis!<br><br><ul><li>Art: Flip Flops</li><li>Material: <ul><li>Wildleder</li><li>Moosgummi</li></ul></li><li>Geschlecht: <ul><li>Unisex</li><li>Unisex-Erwachsene</li></ul></li></ul>",Pop Pulse Emporium,https://cdnbigbuy.com/images/5038483539330_S91104850_P00.jpg,https://cdnbigbuy.com/images/5038483539330_S91104850_P60.jpg,https://cdnbigbuy.com/images/5038483539330_S91104850_P70.jpg,https://cdnbigbuy.com/images/5038483539330_S91104850_P10.jpg,107.66,2,NEW,18.5,31.5,11.5,0.93,6701.62,EUR,2,8,3
S0581771,7350064168974,de-DE,Gardening & DIY,Elektrische Zahnbürste Beconfident Sonic,"<p>Wenn Sie das Ideale Produkt für Ihre <b>Intimpflege</b> suchen, ist <b>Elektrische Zahnbürste Beconfident Sonic</b> genau das Richtige für Sie!</p>","<p>Wenn Sie das Ideale Produkt für Ihre <b>Intimpflege</b> suchen, ist <b>Elektrische Zahnbürste Beconfident Sonic</b> genau das Richtige für Sie!</p><br><br><ul><li>Steckbares Produkt: Ja</li><li>Steckertyp: EU-Stecker</li><li>Farbe: <ul><li>Rotgold</li><li>Weiß</li></ul></li></ul>",Pop Pulse Emporium,https://cdnbigbuy.com/images/7350064168974_S0581771_P02.jpg,,,,106.7,5,NEW,5.0,15.0,25.0,0.32,1875.0,EUR,2,8,3
S7193854,4573201242020,de-DE,Gardening & DIY,Kopfhörer Pioneer HDJ-CUE1-Noir Weiß Schwarz,"Wenn Sie sich leidenschaftlich mit <b>IT und Elektronik</b> beschäftigen, mit der Technologie auf dem neuesten Stand sein wollen und nicht einmal die ","Wenn Sie sich leidenschaftlich mit <b>IT und Elektronik</b> beschäftigen, mit der Technologie auf dem neuesten Stand sein wollen und nicht einmal die winzigsten Einzelheiten auslassen, kaufen Sie <b>Kopfhörer Pioneer HDJ-CUE1-Noir Weiß Schwarz</b>.<br><br><ul><li>Art: Kopfhörer</li><li>Farbe: <ul><li>Weiß</li><li>Schwarz</li></ul></li><li>Merkmale: <ul><li>Biegsam</li><li>32 Ohm</li></ul></li><li>Anschlüsse: USB</li><li>Kopfhörer-Typ: Äußerlich zirkumaural</li><li>Länge des Kabels: 1,2 m</li><li",Pop Pulse Emporium,https://cdnbigbuy.com/images/4573201242020_I01.jpg,https://cdnbigbuy.com/images/4573201242020_I21.jpg,https://cdnbigbuy.com/images/4573201242020_I41.jpg,https://cdnbigbuy.com/images/4573201242020_I101.jpg,122.86,5,NEW,20.4,23.2,9.8,0.53,4638.14,EUR,2,8,3
S9131864,5908267964293,de-DE,Gardening & DIY,Festplatte GoodRam IRP-SSDPR-P44S-1K0-80 1 TB SSD,"Wenn Sie sich leidenschaftlich mit <b>IT und Elektronik</b> beschäftigen, mit der Technologie auf dem neuesten Stand sein wollen und nicht einmal die ","Wenn Sie sich leidenschaftlich mit <b>IT und Elektronik</b> beschäftigen, mit der Technologie auf dem neuesten Stand sein wollen und nicht einmal die winzigsten Einzelheiten auslassen, kaufen Sie <b>Festplatte GoodRam IRP-SSDPR-P44S-1K0-80 1 TB SSD</b>.<br><br><ul><li>Art: SSD</li><li>Anschlüsse: <ul><li>PCIe</li><li>M.2</li><li>PCI Express 4.0</li></ul></li><li>Geschwindigkeit: <ul><li>7000 MB/s</li><li>5500 MB/S</li></ul></li><li>Festplatte: 1 TB SSD</li><li>Speicher Typ: 3D TLC NAND</li><li>E",Pop Pulse Emporium,https://cdnbigbuy.com/images/5908267964293_S9131864_P01.jpg,https://cdnbigbuy.com/images/5908267964293_S9131864_P11.jpg,https://cdnbigbuy.com/images/5908267964293_S9131864_P21.jpg,https://cdnbigbuy.com/images/5908267964293_S9131864_P31.jpg,127.35,1,NEW,2.0,11.5,14.0,0.04,322.0,EUR,2,8,3
S0389513,0193599711218,de-DE,Gardening & DIY,Handtasche Michael Kors 35S0STVT1L-BLACK,"Wenn Sie auf der Suche nach trendigen Neuheiten auf dem Markt sind, präsentieren wir Ihnen <b>Handtasche Michael Kors 35S0STVT1L-BLACK</b>!<br><br><ul","Wenn Sie auf der Suche nach trendigen Neuheiten auf dem Markt sind, präsentieren wir Ihnen <b>Handtasche Michael Kors 35S0STVT1L-BLACK</b>!<br><br><ul><li>Art: Handtasche</li><li>Geschlecht: Damen</li><li>Farbe: Schwarz</li><li>Material: Haut</li><li>Verschluss Armband: Reißverschluss</li><li>Enthalten: Enthält Markenetui oder -hülle</li><li>Maße ca.: 35 x 25 x 13 cm</li></ul>",Pop Pulse Emporium,https://cdnbigbuy.com/images/0193599711218_S0389513_P00.jpg,,,,191.36,25,NEW,10.0,10.0,10.0,0.3,1000.0,EUR,2,8,3
S7274703,8430622791536,de-DE,Gardening & DIY,Herrenuhr Festina F20636/4 Schwarz,"Wenn Sie mit den neuesten Mode und Accessoire-Trends schritthalten wollen, kaufen Sie <b>Herrenuhr Festina F20636/4 Schwarz</b> zum besten Preis.<br><","Wenn Sie mit den neuesten Mode und Accessoire-Trends schritthalten wollen, kaufen Sie <b>Herrenuhr Festina F20636/4 Schwarz</b> zum besten Preis.<br><br><ul><li>Geschlecht: Herren</li><li>Extra Links: Kein</li><li>Typ der Uhr: Armbanduhr</li><li>Land/Region der Herstellung: China</li><li>Farbe: Schwarz</li><li>Material des Gehäuses: Edelstahl</li><li>Material des Armbands: Leder</li><li>Uhrwerk: Quarz</li></ul>",Pop Pulse Emporium,https://cdnbigbuy.com/images/8430622791536_S7274703_P00.jpg,https://cdnbigbuy.com/images/73760_mandatory-watch0.jpg,,,189.6,50,NEW,32.0,19.0,10.0,0.4,6080.0,EUR,2,8,3
S8901371,0841101005316,de-DE,Gardening & DIY,"Table Klapptisch Lifetime Creme 106,5 x 73,5 x 61 cm Stahl Kunststoff","Wenn Sie auf der Suche nach trendigen Neuheiten auf dem Markt sind, präsentieren wir Ihnen <b>Table Klapptisch Lifetime Creme 106,5 x 73,5 x 61 cm Sta","Wenn Sie auf der Suche nach trendigen Neuheiten auf dem Markt sind, präsentieren wir Ihnen <b>Table Klapptisch Lifetime Creme 106,5 x 73,5 x 61 cm Stahl Kunststoff</b>!<br><br><ul><li>Material: <ul><li>Stahl</li><li>Kunststoff</li></ul></li><li>Maße ca.: 106,5 x 73,5 x 61 cm</li><li>Art: Tisch</li><li>Kapazität: 4 menschen</li><li>Farbe: Creme</li><li>Enthalten: Bank x 2</li></ul>",Pop Pulse Emporium,https://cdnbigbuy.com/images/0841101005316_S8901371_P02.jpg,https://cdnbigbuy.com/images/0841101005316_S8901371_P42.jpg,https://cdnbigbuy.com/images/0841101005316_S8901371_P52.jpg,https://cdnbigbuy.com/images/0841101005316_S8901371_P12.jpg,106.03,50,NEW,63.0,109.0,8.0,14.65,54936.0,EUR,2,8,3
S72118284,0769152723167,de-DE,Gardening & DIY,Herrenuhr Tommy Hilfiger 1710522 (Ø 46 mm),"Wenn Sie auf der Suche nach trendigen Neuheiten auf dem Markt sind, präsentieren wir Ihnen <b>Herrenuhr Tommy Hilfiger 1710522 (Ø 46 mm)</b>!<br><br><","Wenn Sie auf der Suche nach trendigen Neuheiten auf dem Markt sind, präsentieren wir Ihnen <b>Herrenuhr Tommy Hilfiger 1710522 (Ø 46 mm)</b>!<br><br><ul><li>Extra Links: Kein</li><li>Typ der Uhr: Armbanduhr</li><li>Art: Smartwatch</li><li>Funktionen: Datum</li><li>Geschlecht: Herren</li><li>Material des Armbands: Sterlingsilber</li><li>Enthalten: Enthält Markenetui oder -hülle</li><li>Wasserdicht: 5 atm</li><li>Kristall: Mineral</li><li>Uhrwerk: Quarz</li><li>Durchmesser des Uhrengehäuses: Ø 46 ",Pop Pulse Emporium,https://cdnbigbuy.com/images/0769152723167_S72118284_P00.jpg,https://cdnbigbuy.com/images/117296_mandatory-watch0.jpg,,,179.98,2,NEW,14.15,12.43,10.11,0.3,1778.19,EUR,2,8,3
S7283297,8050506110248,de-DE,Gardening & DIY,Unisex-Perlen Talent Jewels TJC-2-03-03,"Wir präsentieren <b>Unisex-Perlen Talent Jewels TJC-2-03-03</b> und ein umfangreiches Sortiment von Ringen, Halsbändern, Armbändern, Ohrringen, usw. z","Wir präsentieren <b>Unisex-Perlen Talent Jewels TJC-2-03-03</b> und ein umfangreiches Sortiment von Ringen, Halsbändern, Armbändern, Ohrringen, usw. zu einem großartigen Preis. Erfahren Sie mehr über unsere exklusiven und eleganten Schmuck und Modeschmuck für jeden Geschmack und Stil.<br><br><ul><li>Geschlecht: Unisex</li><li>Art: Perlen</li></ul>",Pop Pulse Emporium,https://cdnbigbuy.com/images/8050506110248_S7283297_P01.jpg,https://cdnbigbuy.com/images/8050506110248_R31.jpg,https://cdnbigbuy.com/images/8050506110248_R41.jpg,https://cdnbigbuy.com/images/8050506110248_R01.jpg,103.87,25,NEW,10.0,10.0,10.0,0.3,1000.0,EUR,2,8,3
S72100051,0889214346797,de-DE,Gardening & DIY,Brillenfassung Max Mara MM5068-D 50057,"Wenn Sie Ihren Kleiderschrank erneuern möchten, empfehlen wir Ihnen <b>Brillenfassung Max Mara MM5068-D 50057</b> und weitere <b> Produkte von Max Mar","Wenn Sie Ihren Kleiderschrank erneuern möchten, empfehlen wir Ihnen <b>Brillenfassung Max Mara MM5068-D 50057</b> und weitere <b> Produkte von Max Mara</b>! Jetzt für Sie die beste Qualität zum besten Preis!<br><br><ul><li>Merkmale: Gläser ohne Sehstärke</li><li>Geschlecht: Damen</li><li>Art: Brillenfassung</li></ul>",Pop Pulse Emporium,https://cdnbigbuy.com/images/0889214346797_S72100051_P00.jpg,https://cdnbigbuy.com/images/0889214346797_S72100051_P10.jpg,https://cdnbigbuy.com/images/0889214346797_S72100051_P20.jpg,,108.55,10,NEW,8.25,9.94,12.12,0.24,993.9,EUR,2,8,3
M0506946,8715946548807,de-DE,Gardening & DIY,Original Tintenpatrone Epson C13T907340 Magenta,"Wenn Sie sich leidenschaftlich mit <b>IT und Elektronik</b> beschäftigen, mit der Technologie auf dem neuesten Stand sein wollen und nicht einmal die ","Wenn Sie sich leidenschaftlich mit <b>IT und Elektronik</b> beschäftigen, mit der Technologie auf dem neuesten Stand sein wollen und nicht einmal die winzigsten Einzelheiten auslassen, kaufen Sie <b>Original Tintenpatrone Epson C13T907340 Magenta</b>.<br><br><ul><li>Kompatibel: <ul><li>WORKFORCE PRO WF-6590DTWFC</li><li>WORKFORCE PRO WF-6590D2TWFC</li><li>WORKFORCE PRO WF-6090DW</li><li>WORKFORCE PRO WF-6090D2TWC</li><li>WORKFORCE PRO C11CD47201</li><li>WORKFORCE PRO WFA 6590D2TWFC</li><li>WORKF",Pop Pulse Emporium,https://cdnbigbuy.com/images/8715946548807_M0506946_P00.jpg,,,,150.0,10,NEW,18.5,11.5,2.5,0.22,531.88,EUR,2,8,3
S0387161,0194900033678,de-DE,Gardening & DIY,Damen Handtasche Michael Kors 35F0GTVT9L-POWDER-BLUSH-ROSE-POUDRE Rosa 46 x 29 x 16 cm,Sind Sie modebewusst und begeistern sich für Accessoires? Wir bieten Ihnen <b>Damen Handtasche Michael Kors 35F0GTVT9L-POWDER-BLUSH-ROSE-POUDRE Rosa 4,Sind Sie modebewusst und begeistern sich für Accessoires? Wir bieten Ihnen <b>Damen Handtasche Michael Kors 35F0GTVT9L-POWDER-BLUSH-ROSE-POUDRE Rosa 46 x 29 x 16 cm</b> und ein breites Sortiment an modernen Handtaschen und Geldbeutel!<br><br><ul><li>Geschlecht: Damen</li><li>Art: Damen Handtasche</li><li>Farbe: Rosa</li><li>Material: Leder</li><li>Verschluss Armband: Reißverschluss</li><li>Enthalten: Enthält Markenetui oder -hülle</li><li>Maße ca.: 46 x 29 x 16 cm</li></ul>,Pop Pulse Emporium,https://cdnbigbuy.com/images/S0387161_1730366140-remove-background0.jpg,https://cdnbigbuy.com/images/0194900033678_S0387161_P10.jpg,https://cdnbigbuy.com/images/0194900033678_S0387161_P00.jpg,,165.45,10,NEW,10.0,10.0,10.0,0.3,1000.0,EUR,2,8,3
S7189036,8720389015762,de-DE,Gardening & DIY,Bügeleisenstation Philips 7000 Series,"Wenn Sie Haushaltsgeräte zum besten Großhandelspreis suchen, dann verpassen Sie nicht Ihre Chance auf <b>Bügeleisenstation Philips 7000 Series</b> sow","Wenn Sie Haushaltsgeräte zum besten Großhandelspreis suchen, dann verpassen Sie nicht Ihre Chance auf <b>Bügeleisenstation Philips 7000 Series</b> sowie ein breites Sortiment an kleinen Haushaltsgeräten!<br><br><ul><li>Länge des Kabels: 2 m</li><li>Farbe: Blau</li><li>Merkmale: <ul><li>Automatische Ausschaltung</li><li>Programmierbarer Thermostat</li><li>Tropf</li><li>Vertikale Dampf-Funktion</li><li>Dampfregler</li><li>Geeignet für die Verwendung von Leitungswasser</li><li>Automatisches Anti-Ka",Pop Pulse Emporium,https://cdnbigbuy.com/images/8720389015762_S7189036_P01.jpg,https://cdnbigbuy.com/images/8720389015762_S7189036_P51.jpg,https://cdnbigbuy.com/images/8720389015762_S7189036_P41.jpg,https://cdnbigbuy.com/images/8720389015762_S7189036_P31.jpg,124.79,25,NEW,33.8,13.8,17.0,1.88,7929.48,EUR,2,8,3
S72117502,8434103513532,de-DE,Gardening & DIY,Herrenuhr Lorus RM387JX9 Silberfarben,"Wenn Sie auf der Suche nach trendigen Neuheiten auf dem Markt sind, präsentieren wir Ihnen <b>Herrenuhr Lorus RM387JX9 Silberfarben</b>!<br><br><ul><l","Wenn Sie auf der Suche nach trendigen Neuheiten auf dem Markt sind, präsentieren wir Ihnen <b>Herrenuhr Lorus RM387JX9 Silberfarben</b>!<br><br><ul><li>Geschlecht: Herren</li><li>Extra Links: Kein</li><li>Typ der Uhr: Armbanduhr</li><li>Farbe des Bandes: Silberfarben</li></ul>",Pop Pulse Emporium,https://cdnbigbuy.com/images/8434103513532_S72117502_P00.jpg,https://cdnbigbuy.com/images/116514_mandatory-watch0.jpg,,,152.92,2,NEW,14.15,12.43,10.11,0.3,1778.19,EUR,2,8,3
S0374309,7613272485609,de-DE,Gardening & DIY,Damenuhr Tommy Hilfiger 1782533 (Ø 36 mm),"Wenn Sie mit den neuesten Mode und Accessoire-Trends schritthalten wollen, kaufen Sie <b>Damenuhr Tommy Hilfiger 1782533 (Ø 36 mm)</b> zum besten Prei","Wenn Sie mit den neuesten Mode und Accessoire-Trends schritthalten wollen, kaufen Sie <b>Damenuhr Tommy Hilfiger 1782533 (Ø 36 mm)</b> zum besten Preis.<br><br><ul><li>Geschlecht: Damen</li><li>Extra Links: Kein</li><li>Typ der Uhr: Armbanduhr</li><li>Durchmesser: 36 mm</li><li>Material des Armbands: Stahl</li><li>Uhrengehäuse-Material: Edelstahl</li><li>Uhrwerk: Quarz</li><li>Kristall: Mineral</li><li>Wasserdicht: 3 atm</li><li>Enthalten: Inklusive Markenetui</li><li>Farbe der Krone: Braun</li>",Pop Pulse Emporium,https://cdnbigbuy.com/images/7613272485609_S0374309_P01.jpg,https://cdnbigbuy.com/images/70672_mandatory-watch1.jpg,,,159.9,2,NEW,32.0,19.0,10.0,0.4,6080.0,EUR,2,8,3
S0391917,0197853079564,de-DE,Gardening & DIY,Umhängetasche Michael Kors Carmela Beige 27 x 17 x 8 cm,Sind Sie modebewusst und begeistern sich für Accessoires? Wir bieten Ihnen <b>Umhängetasche Michael Kors Carmela Beige 27 x 17 x 8 cm</b> und ein brei,Sind Sie modebewusst und begeistern sich für Accessoires? Wir bieten Ihnen <b>Umhängetasche Michael Kors Carmela Beige 27 x 17 x 8 cm</b> und ein breites Sortiment an modernen Handtaschen und Geldbeutel!<br><br><ul><li>Art: Handtasche</li><li>Geschlecht: Damen</li><li>Farbe: Beige</li><li>Material: Haut</li><li>Verschluss Armband: Reißverschluss</li><li>Enthalten: Enthält Markenetui oder -hülle</li><li>Maße ca.: 27 x 17 x 8 cm</li></ul>,Pop Pulse Emporium,https://cdnbigbuy.com/images/0197853079564_S0391917_P00.jpg,https://cdnbigbuy.com/images/0197853079564_S0391917_P10.jpg,https://cdnbigbuy.com/images/0197853079564_S0391917_P20.jpg,,174.71,2,NEW,10.0,10.0,10.0,0.3,1000.0,EUR,2,8,3
S7715705,4002888380843,de-DE,Gardening & DIY,HDMI Kabel LINDY 38084 Schwarz,"Wenn Sie sich leidenschaftlich mit <b>IT und Elektronik</b> beschäftigen, mit der Technologie auf dem neuesten Stand sein wollen und nicht einmal die ","Wenn Sie sich leidenschaftlich mit <b>IT und Elektronik</b> beschäftigen, mit der Technologie auf dem neuesten Stand sein wollen und nicht einmal die winzigsten Einzelheiten auslassen, kaufen Sie <b>HDMI Kabel LINDY 38084 Schwarz</b>.<br><br><ul><li>Auflösung: 4K Ultra HD</li><li>Anschlüsse: <ul><li>HDMI</li><li>USB</li><li>Weiblicher Stecker</li></ul></li><li>Batterie: 1000 mAh</li><li>Farbe: Schwarz</li><li>Kompatibel: Monitor</li></ul>",Pop Pulse Emporium,https://cdnbigbuy.com/images/4002888380843_R00.jpg,,,,195.44,10,NEW,7.0,20.0,25.0,0.75,3500.0,EUR,2,8,3
S4302194,8412688190072,de-DE,Gardening & DIY,Rucksacktrolley Safta 30 x 85 x 23 cm (12 uds),"Für unsere Kinder möchten wir Ihnen <b>Rucksacktrolley Safta 30 x 85 x 23 cm (12 uds)</b> vorstellen, perfekt für alle, die qualitativ hochwertige Pro","Für unsere Kinder möchten wir Ihnen <b>Rucksacktrolley Safta 30 x 85 x 23 cm (12 uds)</b> vorstellen, perfekt für alle, die qualitativ hochwertige Produkte für die Kleinsten suchen. Kaufen Sie <b>Safta</b> und weitere Marken und Lizenzen zu den besten Preisen!<br><br><ul><li>Material: <ul><li>Stahl</li><li>Polypropylen</li></ul></li><li>Merkmale: Antivibration</li><li>Geeignet für: Rucksack 32 x 16 x 44 cm</li><li>Wichtige informationen: Verschiedene Designs. Versand nach Zufallsprinzip und vom ",Pop Pulse Emporium,https://cdnbigbuy.com/images/8412688190072_S4302194_P02.jpg,https://cdnbigbuy.com/images/8412688190072_S4302194_P12.jpg,,,168.6,50,NEW,3.0,30.0,85.0,1.1,7650.0,EUR,2,8,3
S9918716,8806095655635,de-DE,Gardening & DIY,Kabellose Kopfhörer mit Ladebox Samsung SM-R530NZWAPHE Weiß,"Wenn Sie auf der Suche nach trendigen Neuheiten auf dem Markt sind, präsentieren wir Ihnen <b>Kabellose Kopfhörer mit Ladebox Samsung SM-R530NZWAPHE W","Wenn Sie auf der Suche nach trendigen Neuheiten auf dem Markt sind, präsentieren wir Ihnen <b>Kabellose Kopfhörer mit Ladebox Samsung SM-R530NZWAPHE Weiß</b>!<br><br><ul><li>Art: <ul><li>Kopfhörer</li><li>Drahtlose Kopfhörer</li><li>Kopfhörer mit Mikrofon</li><li>Kopfhörer im Ohr</li></ul></li><li>Merkmale: <ul><li>Wireless</li><li>Schnelles Laden</li><li>Lärmunterdrückung</li><li>Kopfhörer mit Mikrofon</li><li>Hülle</li><li>Lärmreduzierung</li><li>Eingebautes Mikrofon</li><li>Hinterleuchtet</li",Pop Pulse Emporium,https://cdnbigbuy.com/images/8806095655635_S0458630_P00.jpg,https://cdnbigbuy.com/images/8806095655635_I10.jpg,https://cdnbigbuy.com/images/8806095655635_S7838463_P60.jpg,https://cdnbigbuy.com/images/8806095655635_S7838463_P00.jpg,187.4,5,NEW,9.5,9.5,4.5,1.6,406.12,EUR,2,8,3
S71001501,3354766300452,de-DE,Gardening & DIY,Sicherheitsbarriere Nidalys Grau,"Für unsere Kinder möchten wir Ihnen <b>Sicherheitsbarriere Nidalys Grau</b> vorstellen, perfekt für alle, die qualitativ hochwertige Produkte für die ","Für unsere Kinder möchten wir Ihnen <b>Sicherheitsbarriere Nidalys Grau</b> vorstellen, perfekt für alle, die qualitativ hochwertige Produkte für die Kleinsten suchen. Kaufen Sie <b>Nidalys</b> und weitere Marken und Lizenzen zu den besten Preisen!<br><br><ul><li>Art: Sicherheitsbarriere</li><li>Farbe: <ul><li>Grau</li><li>Weiß</li></ul></li><li>Material: Metall</li><li>Empfohlenes Alter: Kinder</li></ul>",Pop Pulse Emporium,https://cdnbigbuy.com/images/3354766300452_S71001501_P00.jpg,https://cdnbigbuy.com/images/3354766300452_S71001501_P10.jpg,https://cdnbigbuy.com/images/3354766300452_S71001501_P20.jpg,https://cdnbigbuy.com/images/3354766300452_S71001501_P30.jpg,122.71,2,NEW,77.0,72.0,4.5,4.1,24948.0,EUR,2,8,3
S3624339,4899888629405,de-DE,Gardening & DIY,"Leinwand abstrakt 61,5 x 3 x 121 cm (3 Stück)","<p>Wenn Sie Ihrem Zuhause einen Hauch von Originalität verleihen möchten, tun Sie dies mit <b>Leinwand abstrakt 61,5 x 3 x 121 cm (3 Stück)</b>.</p><b","<p>Wenn Sie Ihrem Zuhause einen Hauch von Originalität verleihen möchten, tun Sie dies mit <b>Leinwand abstrakt 61,5 x 3 x 121 cm (3 Stück)</b>.</p><br><br><ul><li>Art: Leinwand</li><li>Design: abstrakt</li><li>Stück: <ul><li>1 Stück</li><li>3 Stück</li></ul></li><li>Farbe: <ul><li>Blau</li><li>Braun</li><li>Rosa</li></ul></li><li>Material: Spanplatte</li><li>Wichtige informationen: Verschiedene Designs. Versand nach Zufallsprinzip und vom Bestand abhängig</li><li>Maße ca.: 61,5 x 3 x 121 cm</li",Pop Pulse Emporium,https://cdnbigbuy.com/images/S3624339_58518_1689145782-cropped_icon1.jpg,https://cdnbigbuy.com/images/S3624339_58518_1689145782-cropped1.jpg,,,112.98,5,NEW,62.0,11.0,123.0,10.1,83886.0,EUR,2,8,3
S3615122,4899888512813,de-DE,Gardening & DIY,Faltbarer Tunnel für Haustiere 90 x 25 x 25 cm (24 Stück),"Wenn Sie auf der Suche nach trendigen Neuheiten auf dem Markt sind, präsentieren wir Ihnen <b>Faltbarer Tunnel für Haustiere Mascow MC371(PHB) 90 x 25","Wenn Sie auf der Suche nach trendigen Neuheiten auf dem Markt sind, präsentieren wir Ihnen <b>Faltbarer Tunnel für Haustiere Mascow MC371(PHB) 90 x 25 x 25 cm (24 Stück)</b>!<br><br><ul><li>Haustier: Katze</li><li>Art: Katzenspielzeug</li><li>Merkmale: Biegsam</li><li>Farbe: Grau</li><li>Stückzahl: 24 Stück</li><li>Maße ca.: 90 x 25 x 25 cm</li></ul>",Pop Pulse Emporium,https://cdnbigbuy.com/images/S3615122_28430852572589_P1_icon1.jpg,https://cdnbigbuy.com/images/S3615122_28430852572589_P1_icon0.jpg,https://cdnbigbuy.com/images/S3615122_28430852572589_P11.jpg,,121.61,45,NEW,34.0,34.0,18.0,4.25,20808.0,EUR,2,8,3
S55024839,8717371445614,de-DE,Gardening & DIY,"TV Halterung Neomounts NM-C440BLACK         32-60"" 50 kg","Wenn Sie sich leidenschaftlich mit <b>IT und Elektronik</b> beschäftigen, mit der Technologie auf dem neuesten Stand sein wollen und nicht einmal die ","Wenn Sie sich leidenschaftlich mit <b>IT und Elektronik</b> beschäftigen, mit der Technologie auf dem neuesten Stand sein wollen und nicht einmal die winzigsten Einzelheiten auslassen, kaufen Sie <b>TV Halterung Neomounts NM-C440BLACK         32-60"" 50 kg</b>.<br><br><ul><li>Art: TV Halterung</li><li>Enthalten: Schrauben</li><li>Farbe: Schwarz</li><li>Merkmale: <ul><li>Einstellbare Höhe</li><li>Einstellbar</li></ul></li><li>Bildschirm: <ul><li>32""</li><li>60""</li></ul></li><li>VESA: <ul><li>20 x",Pop Pulse Emporium,https://cdnbigbuy.com/images/572758835.jpg,https://cdnbigbuy.com/images/8717371445614_R15.jpg,https://cdnbigbuy.com/images/8717371445614_R65.jpg,https://cdnbigbuy.com/images/8717371445614_R05.jpg,141.85,2,NEW,61.0,31.0,15.0,7.06,28365.0,EUR,2,8,3
S3710556,8033280340773,de-DE,Gardening & DIY,Monokarting Sparco 002343NRRS3L Schwarz/Rot,Statten Sie Ihr Fahrzeug mit den neuesten Produkten aus - kaufen Sie <b>Monokarting Sparco 002343NRRS3L Schwarz/Rot</b> und verpassen Sie kein Detail!,Statten Sie Ihr Fahrzeug mit den neuesten Produkten aus - kaufen Sie <b>Monokarting Sparco 002343NRRS3L Schwarz/Rot</b> und verpassen Sie kein Detail!<br><br><ul><li>Merkmale: <ul><li>Atmungsaktiv</li><li>Mit Reißverschluss</li></ul></li><li>Eigenschaften: Elastisch</li><li>Einstellbar: Velcro</li><li>Design: Ultraleicht</li><li>Farbe: <ul><li>Schwarz</li><li>Rot</li></ul></li><li>Größe: L</li><li>Gewicht: 190 g</li></ul>,Pop Pulse Emporium,https://cdnbigbuy.com/images/8033280340773_S3710556_P01.jpg,https://cdnbigbuy.com/images/8033280340773_S3710556_P11.jpg,,,119.65,50,NEW,10.0,20.0,35.0,5.0,7000.0,EUR,2,8,3
S7216393,3608701047590,de-DE,Gardening & DIY,Damenuhr Nixon A1272-897,"Wenn Sie mit den neuesten Mode und Accessoire-Trends schritthalten wollen, kaufen Sie <b>Damenuhr Nixon A1272-897</b> zum besten Preis.<br><br><ul><li","Wenn Sie mit den neuesten Mode und Accessoire-Trends schritthalten wollen, kaufen Sie <b>Damenuhr Nixon A1272-897</b> zum besten Preis.<br><br><ul><li>Enthalten: Inklusive Markenetui</li><li>Geschlecht: Damen</li><li>Extra Links: Kein</li><li>Typ der Uhr: Armbanduhr</li><li>Durchmesser: 36 mm</li><li>Farbe: <ul><li>Rosa</li><li>Schwarz</li></ul></li><li>Art: Digitale uhr</li><li>Material des Armbands: Edelstahl</li><li>Material des Gehäuses: Edelstahl</li><li>Farbe des Bandes: Rotgold</li><li>Uh",Pop Pulse Emporium,https://cdnbigbuy.com/images/3608701047590_S7216393_P01.jpg,https://cdnbigbuy.com/images/16394_mandatory-watch1.jpg,,,199.26,2,NEW,10.0,10.0,10.0,0.3,1000.0,EUR,2,8,3
S0390218,0196237635785,de-DE,Gardening & DIY,Damen Handtasche Michael Kors Kelli Blau 30 x 27 x 9 cm,"Wenn Sie auf der Suche nach trendigen Neuheiten auf dem Markt sind, präsentieren wir Ihnen <b>Damen Handtasche Michael Kors Kelli Blau 30 x 27 x 9 cm<","Wenn Sie auf der Suche nach trendigen Neuheiten auf dem Markt sind, präsentieren wir Ihnen <b>Damen Handtasche Michael Kors Kelli Blau 30 x 27 x 9 cm</b>!<br><br><ul><li>Art: <ul><li>Handtasche</li><li>Damen Handtasche</li></ul></li><li>Geschlecht: Damen</li><li>Farbe: Blau</li><li>Material: Haut</li><li>Enthalten: Enthält Markenetui oder -hülle</li><li>Maße ca.: 30 x 27 x 9 cm</li></ul>",Pop Pulse Emporium,https://cdnbigbuy.com/images/0196237635785_S0390218_P00.jpg,https://cdnbigbuy.com/images/0196237635785_S0390218_P10.jpg,https://cdnbigbuy.com/images/0196237635785_S0390218_P20.jpg,,174.71,5,NEW,10.0,10.0,10.0,0.3,1000.0,EUR,2,8,3
S72122247,0889214375049,de-DE,Gardening & DIY,Herrensonnenbrille BMW BW0039 5852P,"Wenn Sie auf der Suche nach trendigen Neuheiten auf dem Markt sind, präsentieren wir Ihnen <b>Herrensonnenbrille BMW BW0039 5852P</b>!<br><br><ul><li>","Wenn Sie auf der Suche nach trendigen Neuheiten auf dem Markt sind, präsentieren wir Ihnen <b>Herrensonnenbrille BMW BW0039 5852P</b>!<br><br><ul><li>Art: Herrensonnenbrille</li><li>Schutz: 100% Schutz vor UV (UV400)</li><li>Geschlecht: Herren</li></ul>",Pop Pulse Emporium,https://cdnbigbuy.com/images/0889214375049_S72122247_P00.jpg,https://cdnbigbuy.com/images/0889214375049_S72122247_P10.jpg,https://cdnbigbuy.com/images/0889214375049_S72122247_P20.jpg,,112.84,5,NEW,10.0,10.0,10.06,0.28,1006.0,EUR,2,8,3
S7288980,5700303024639,de-DE,Gardening & DIY,Damenohrringe Pandora 292545C01 Edelstahl Sterlingsilber 925,"Wir präsentieren <b>Damenohrringe Pandora 292545C01 Edelstahl Sterlingsilber 925</b> und ein umfangreiches Sortiment von Ringen, Halsbändern, Armbände","Wir präsentieren <b>Damenohrringe Pandora 292545C01 Edelstahl Sterlingsilber 925</b> und ein umfangreiches Sortiment von Ringen, Halsbändern, Armbändern, Ohrringen, usw. zu einem großartigen Preis. Erfahren Sie mehr über unsere exklusiven und eleganten Schmuck und Modeschmuck für jeden Geschmack und Stil.<br><br><ul><li>Geschlecht: Damen</li><li>Art: Damenohrringe</li><li>Material: <ul><li>Sterlingsilber 925</li><li>Edelstahl</li></ul></li><li>Enthalten: Inklusive Markenetui</li></ul>",Pop Pulse Emporium,https://cdnbigbuy.com/images/S7288980_1701155454-no-background0.jpg,https://cdnbigbuy.com/images/5700303024639_S7288980_P00.jpg,,,111.21,2,NEW,9.95,9.94,9.73,0.29,962.33,EUR,2,8,3
S0388886,0196237918635,de-DE,Gardening & DIY,Umhängetasche Michael Kors Leida Blau 33 X 30 X 12 CM,"Wenn Sie auf der Suche nach trendigen Neuheiten auf dem Markt sind, präsentieren wir Ihnen <b>Umhängetasche Michael Kors Leida Blau 33 X 30 X 12 CM</b","Wenn Sie auf der Suche nach trendigen Neuheiten auf dem Markt sind, präsentieren wir Ihnen <b>Umhängetasche Michael Kors Leida Blau 33 X 30 X 12 CM</b>!<br><br><ul><li>Art: Handtasche</li><li>Geschlecht: Damen</li><li>Farbe: Blau</li><li>Material: Canvas-Stoff</li><li>Verschluss Armband: Reißverschluss</li><li>Enthalten: Enthält Markenetui oder -hülle</li><li>Maße ca.: 33 X 30 X 12 CM</li></ul>",Pop Pulse Emporium,https://cdnbigbuy.com/images/0196237918635_S0388886_P00.jpg,https://cdnbigbuy.com/images/0196237918635_S0388886_P10.jpg,,,174.71,18,NEW,12.0,33.0,22.0,0.4,8712.0,EUR,2,8,3
S72103505,0716736441009,de-DE,Gardening & DIY,Brillenfassung Hugo Boss BOSS 1184_IT 55KB716,"Wenn Sie Ihren Kleiderschrank erneuern möchten, empfehlen wir Ihnen <b>Brillenfassung Hugo Boss BOSS 1184_IT 55KB716</b> und weitere <b> Produkte von ","Wenn Sie Ihren Kleiderschrank erneuern möchten, empfehlen wir Ihnen <b>Brillenfassung Hugo Boss BOSS 1184_IT 55KB716</b> und weitere <b> Produkte von Hugo Boss</b>! Jetzt für Sie die beste Qualität zum besten Preis!<br><br><ul><li>Merkmale: Gläser ohne Sehstärke</li><li>Geschlecht: <ul><li>Herren</li><li>Unisex</li></ul></li><li>Art: Brillenfassung</li></ul>",Pop Pulse Emporium,https://cdnbigbuy.com/images/0716736441009_S72103505_P00.jpg,https://cdnbigbuy.com/images/0716736441009_S72103505_P10.jpg,https://cdnbigbuy.com/images/0716736441009_S72103505_P20.jpg,,131.59,5,NEW,10.0,9.97,10.0,0.29,997.0,EUR,2,8,3
S7190537,4066407501881,de-DE,Gardening & DIY,Schlauch Gardena Liano PVC (30 m),"Wenn Sie bei der Einrichtung ihres Heims Wert auf Details legen und bei Produkten, die Ihnen das Leben leichter machen, auf dem letzten Stand sein möc","Wenn Sie bei der Einrichtung ihres Heims Wert auf Details legen und bei Produkten, die Ihnen das Leben leichter machen, auf dem letzten Stand sein möchten, dann kaufen Sie <b>Schlauch Gardena Liano PVC (30 m)</b> zum besten Preis.<br><br><ul><li>Länge: 30 m</li><li>Druck: 35 bar</li><li>Material: PVC</li><li>Farbe: Schwarz/Grau</li><li>Enthalten: Düse</li></ul>",Pop Pulse Emporium,https://cdnbigbuy.com/images/4066407501881_S7190537_P00.jpg,,,,121.59,2,NEW,15.8,20.0,35.0,4.0,11060.0,EUR,2,8,3
S7250098,8426881583555,de-DE,Gardening & DIY,Damenohrringe Majorica 16632.01.1.000.010.1,"Wenn Sie mit den neuesten Mode und Accessoire-Trends schritthalten wollen, kaufen Sie <b>Damenohrringe Majorica 16632.01.1.000.010.1</b> zum besten Pr","Wenn Sie mit den neuesten Mode und Accessoire-Trends schritthalten wollen, kaufen Sie <b>Damenohrringe Majorica 16632.01.1.000.010.1</b> zum besten Preis.<br><br><ul><li>Geschlecht: Damen</li><li>Art: Damenohrringe</li></ul>",Pop Pulse Emporium,https://cdnbigbuy.com/images/8426881583555_S7250098_P00.jpg,,,,141.14,5,NEW,9.95,9.94,9.73,0.29,962.33,EUR,2,8,3
S7274872,8430622743122,de-DE,Gardening & DIY,Damenuhr Festina F20475/4,"Wenn Sie mit den neuesten Mode und Accessoire-Trends schritthalten wollen, kaufen Sie <b>Damenuhr Festina F20475/4</b> zum besten Preis.<br><br><ul><l","Wenn Sie mit den neuesten Mode und Accessoire-Trends schritthalten wollen, kaufen Sie <b>Damenuhr Festina F20475/4</b> zum besten Preis.<br><br><ul><li>Geschlecht: <ul><li>Damen</li><li>Weiblich</li></ul></li><li>Extra Links: Kein</li><li>Typ der Uhr: Armbanduhr</li><li>Art: <ul><li>Analog</li><li>Mineral</li><li>Handgelenk</li></ul></li><li>Land/Region der Herstellung: China</li><li>Farbe: <ul><li>Schwarz</li><li>Silberfarben</li></ul></li><li>Material: Stahl</li><li>Merkmale: Water resistant</",Pop Pulse Emporium,https://cdnbigbuy.com/images/8430622743122_S7274872_P01.jpg,https://cdnbigbuy.com/images/73929_mandatory-watch1.jpg,,,136.43,50,NEW,39.0,19.0,10.0,0.4,7410.0,EUR,2,8,3
S37114663,8027280489396,de-DE,Gardening & DIY,Monokarting OMP SUMMER-K Schwarz Kinder 120,Statten Sie Ihr Fahrzeug mit den neuesten Produkten aus - kaufen Sie <b>Monokarting OMP SUMMER-K Schwarz Kinder 120</b> und verpassen Sie kein Detail!,Statten Sie Ihr Fahrzeug mit den neuesten Produkten aus - kaufen Sie <b>Monokarting OMP SUMMER-K Schwarz Kinder 120</b> und verpassen Sie kein Detail!<br><br><ul><li>Material: Baumwolle</li><li>Merkmale: <ul><li>Resistent</li><li>Mit Taschen</li></ul></li><li>Empfohlene verwendung: <ul><li>Verwendung im Innenbereich</li><li>Kinder</li></ul></li><li>Farbe: Schwarz</li><li>Größe: 120</li></ul>,Pop Pulse Emporium,https://cdnbigbuy.com/images/8027280489396_S37114663_P10.jpg,https://cdnbigbuy.com/images/8027280489396_S37114663_P00.jpg,,,112.75,1,NEW,35.0,30.0,10.0,4.0,10500.0,EUR,2,8,3
S37115955,5998167753066,de-DE,Gardening & DIY,Armlehne Armster KIA VENGA 2010 Stoff,Statten Sie Ihr Fahrzeug mit den neuesten Produkten aus - kaufen Sie <b>Armlehne Armster KIA VENGA 2010 Stoff</b> und verpassen Sie kein Detail!<br><b,"Statten Sie Ihr Fahrzeug mit den neuesten Produkten aus - kaufen Sie <b>Armlehne Armster KIA VENGA 2010 Stoff</b> und verpassen Sie kein Detail!<br><br><p>Der <b>Armster Armlehne</b> für den <b>KIA VENGA 2010</b> ist ein Zubehör, das Ergonomie und Komfort beim Fahren verbessert. Er fungiert als <b>mittlere Armlehne</b>, die direkt an der Mittelkonsole des Fahrzeugs mit einem spezifischen Adapter für dieses Modell montiert wird und so eine <b>maßgeschneiderte Anpassung</b> ermöglicht, die Sitzpos",Pop Pulse Emporium,https://cdnbigbuy.com/images/5998167753066_S37115955_P00.jpg,https://cdnbigbuy.com/images/5998167753066_S37115955_P20.jpg,https://cdnbigbuy.com/images/5998167753066_S37115955_P30.jpg,https://cdnbigbuy.com/images/5998167753066_S37115955_P10.jpg,127.29,2,NEW,35.0,25.0,25.0,8.0,21875.0,EUR,2,8,3
S8401314,8429368678010,de-DE,Gardening & DIY,"Modularer Aktenschrank Archivo 2000 ArchiSystem 6 Schubladen Grau (35,6 x 31,6 x 36,2 cm)","Gehen Sie zurück ins Büro, ohne Details zu vergessen: Kaufen Sie <b>Modularer Aktenschrank Archivo 2000 ArchiSystem 6 Schubladen Grau (35,6 x 31,6 x 3","Gehen Sie zurück ins Büro, ohne Details zu vergessen: Kaufen Sie <b>Modularer Aktenschrank Archivo 2000 ArchiSystem 6 Schubladen Grau (35,6 x 31,6 x 36,2 cm)</b> und seien Sie der Neid Ihrer Kollegen!<br><br><ul><li>Farbe: Grau</li><li>Schubladen: 6 Schubladen</li><li>Maße ca.: 35,6 x 31,6 x 36,2 cm</li><li>Art: Modularer Aktenschrank</li></ul>",Pop Pulse Emporium,https://cdnbigbuy.com/images/8429368678010_S8401314_P00.jpg,,,,111.63,9,NEW,37.0,36.0,32.0,5.0,42624.0,EUR,2,8,3
S05114047,0073950255004,de-DE,Gardening & DIY,Munddusche Waterpik Ultra Plus WP-160 Weiß,"<p>Wenn Sie das Ideale Produkt für Ihre <b>Intimpflege</b> suchen, ist <b>Munddusche Waterpik Ultra Plus WP-160 Weiß</b> genau das Richtige für Sie!</","<p>Wenn Sie das Ideale Produkt für Ihre <b>Intimpflege</b> suchen, ist <b>Munddusche Waterpik Ultra Plus WP-160 Weiß</b> genau das Richtige für Sie!</p><br><br><ul><li>Farbe: Weiß</li><li>Stromquelle: Batterie</li><li>Wasserbehälter: 600 ml</li><li>Maße ca.: 24 x 69 x 2,5 cm</li><li>Art: Munddusche</li></ul>",Pop Pulse Emporium,https://cdnbigbuy.com/images/0073950255004_S05114047_P01.jpg,,,,160.43,1,NEW,14.0,17.0,22.0,1.45,5236.0,EUR,2,8,3
S5625992,9120072375163,de-DE,Gardening & DIY,Projektor STRONG Q1 Full HD LCD 300 Lm 1280 x 720 px,"Wenn Sie sich leidenschaftlich mit <b>IT und Elektronik</b> beschäftigen, mit der Technologie auf dem neuesten Stand sein wollen und nicht einmal die ","Wenn Sie sich leidenschaftlich mit <b>IT und Elektronik</b> beschäftigen, mit der Technologie auf dem neuesten Stand sein wollen und nicht einmal die winzigsten Einzelheiten auslassen, kaufen Sie <b>Projektor STRONG Q1 Full HD LCD 300 Lm 1280 x 720 px</b>.<br><br><ul><li>Art: Projektor</li><li>Farbe: Weiß</li><li>Seitenverhältnis: 16:9</li><li>Ethernet: Kein</li><li>Anschlüsse: <ul><li>USB 2.0</li><li>PC Audio-in x 1</li><li>HDMI 1.4</li><li>HDMI x 2</li></ul></li><li>Format: 4:3</li><li>Auflösu",Pop Pulse Emporium,https://cdnbigbuy.com/images/9120072375163_M0306076_P00.jpg,https://cdnbigbuy.com/images/9120072375163_R20.jpg,https://cdnbigbuy.com/images/9120072375163_R30.jpg,https://cdnbigbuy.com/images/9120072375163I00.jpg,135.56,2,NEW,9.7,15.0,14.0,0.8,2037.0,EUR,2,8,3
S0392129,0197853116245,de-DE,Gardening & DIY,Handtasche Michael Kors Colby,"Wenn Sie auf der Suche nach trendigen Neuheiten auf dem Markt sind, präsentieren wir Ihnen <b>Handtasche Michael Kors Colby</b>!<br><br><ul><li>Farbe:","Wenn Sie auf der Suche nach trendigen Neuheiten auf dem Markt sind, präsentieren wir Ihnen <b>Handtasche Michael Kors Colby</b>!<br><br><ul><li>Farbe: Braun</li><li>Material: Canvas-Stoff</li><li>Verschluss Armband: Plattenspeicher</li><li>Enthalten: Enthält Markenetui oder -hülle</li><li>Maße ca.: 18 x 10 x 6 cm</li></ul>",Pop Pulse Emporium,https://cdnbigbuy.com/images/0197853116245_S0392129_P00.jpg,https://cdnbigbuy.com/images/0197853116245_S0392129_P10.jpg,https://cdnbigbuy.com/images/0197853116245_S0392129_P20.jpg,,141.12,10,NEW,10.0,10.0,10.0,0.3,1000.0,EUR,2,8,3
S55082572,4549292051254,de-DE,Gardening & DIY,Multifunktionsdrucker Canon 0959C009 WIFI 27W,"Wenn Sie sich leidenschaftlich mit <b>IT und Elektronik</b> beschäftigen, mit der Technologie auf dem neuesten Stand sein wollen und nicht einmal die ","Wenn Sie sich leidenschaftlich mit <b>IT und Elektronik</b> beschäftigen, mit der Technologie auf dem neuesten Stand sein wollen und nicht einmal die winzigsten Einzelheiten auslassen, kaufen Sie <b>Multifunktionsdrucker Canon 0959C009 WIFI 27W</b>.<br><br><ul><li>Art: <ul><li>Farbe</li><li>Multifunktionsdrucker</li><li>Alles in einem</li></ul></li><li>Geschwindigkeit: 19 ppm</li><li>Funktionen: <ul><li>Scanner</li><li>Fax</li></ul></li><li>Doppelseitiger Druck: Automatisch</li><li>Spannung: <ul",Pop Pulse Emporium,https://cdnbigbuy.com/images/4549292051254_3_P02.jpg,https://cdnbigbuy.com/images/4549292051254_2_P12.jpg,https://cdnbigbuy.com/images/4549292051254_1_P32.jpg,https://cdnbigbuy.com/images/4549292051254_0_P22.jpg,155.65,10,NEW,55.0,47.0,42.0,13.6,108570.0,EUR,2,8,3
S9195295,4210201438069,de-DE,Gardening & DIY,Elektrische Zahnbürste Braun iO6,"<p>Wenn Sie das Ideale Produkt für Ihre <b>Intimpflege</b> suchen, ist <b>Elektrische Zahnbürste Braun iO6</b> genau das Richtige für Sie!</p><br><br>","<p>Wenn Sie das Ideale Produkt für Ihre <b>Intimpflege</b> suchen, ist <b>Elektrische Zahnbürste Braun iO6</b> genau das Richtige für Sie!</p><br><br><ul><li>Steckbares Produkt: Ja</li><li>Steckertyp: EU-Stecker</li><li>Art: <ul><li>Zahnweißer</li><li>Gesundes Zahnfleisch</li></ul></li><li>Farbe: Weiß</li><li>Merkmale: <ul><li>Akku-Anzeige</li><li>Wiederaufladbare Batterie</li><li>Eingebaute Batterie</li><li>Tägliche Anwendung</li><li>Drucksensor</li></ul></li><li>Konnektivität: Bluetooth</li><l",Pop Pulse Emporium,https://cdnbigbuy.com/images/4210201438069_S9195295_P00.jpg,https://cdnbigbuy.com/images/4210201438069_S9195295_P120.jpg,https://cdnbigbuy.com/images/4210201438069_S9195295_P60.jpg,https://cdnbigbuy.com/images/4210201438069_S9195295_P130.jpg,172.02,5,NEW,17.0,9.5,24.5,0.66,3956.75,EUR,2,8,3
S7188555,4059952613826,de-DE,Gardening & DIY,Temperatursensor BOSCH,"Wenn Sie bei der Einrichtung ihres Heims Wert auf Details legen und bei Produkten, die Ihnen das Leben leichter machen, auf dem letzten Stand sein möc","Wenn Sie bei der Einrichtung ihres Heims Wert auf Details legen und bei Produkten, die Ihnen das Leben leichter machen, auf dem letzten Stand sein möchten, dann kaufen Sie <b>Temperatursensor BOSCH</b> zum besten Preis.<br><br><ul><li>Stromquelle: Batterie</li><li>Batteriebetrieben: Ja</li><li>Inklusive Batterien: Ja</li><li>Batterie: Alkali-Mangan-Batterie</li></ul>",Pop Pulse Emporium,https://cdnbigbuy.com/images/4059952613826_S7188555_P01.jpg,https://cdnbigbuy.com/images/4059952613826_S7188555_P11.jpg,,,162.57,5,NEW,22.8,12.2,8.8,0.66,2447.81,EUR,2,8,3
S72121513,4549526398933,de-DE,Gardening & DIY,Herrenuhr Casio EFB-109D-2AVEF,"Wenn Sie auf der Suche nach trendigen Neuheiten auf dem Markt sind, präsentieren wir Ihnen <b>Herrenuhr Casio EFB-109D-2AVEF</b>!<br><br><ul><li>Gesch","Wenn Sie auf der Suche nach trendigen Neuheiten auf dem Markt sind, präsentieren wir Ihnen <b>Herrenuhr Casio EFB-109D-2AVEF</b>!<br><br><ul><li>Geschlecht: Herren</li><li>Extra Links: Kein</li><li>Typ der Uhr: Armbanduhr</li></ul>",Pop Pulse Emporium,https://cdnbigbuy.com/images/4549526398933_S72121513_P00.jpg,https://cdnbigbuy.com/images/120525_mandatory-watch0.jpg,,,170.79,1,NEW,14.15,12.43,10.11,0.3,1778.19,EUR,2,8,3
S7183417,3023191494431,de-DE,Gardening & DIY,Badewanne ThermoBaby Blau,"Für unsere Kinder möchten wir Ihnen <b>Badewanne ThermoBaby Blau</b> vorstellen, perfekt für alle, die qualitativ hochwertige Produkte für die Kleinst","Für unsere Kinder möchten wir Ihnen <b>Badewanne ThermoBaby Blau</b> vorstellen, perfekt für alle, die qualitativ hochwertige Produkte für die Kleinsten suchen. Kaufen Sie <b>ThermoBaby</b> und weitere Marken und Lizenzen zu den besten Preisen!<br><br><ul><li>Farbe: Blau</li></ul>",Pop Pulse Emporium,https://cdnbigbuy.com/images/3023191494431_R31.jpg,https://cdnbigbuy.com/images/3023191494431_R41.jpg,https://cdnbigbuy.com/images/3023191494431_R51.jpg,https://cdnbigbuy.com/images/3023191494431_R61.jpg,143.33,8,NEW,79.2,51.0,26.4,5.12,106634.88,EUR,2,8,3
S7238565,0664689753406,de-DE,Gardening & DIY,Brillenfassung Ermenegildo Zegna ZC5008 06549,"Wenn Sie Ihren Kleiderschrank erneuern möchten, empfehlen wir Ihnen <b>Brillenfassung Ermenegildo Zegna ZC5008 06549</b> und weitere <b> Produkte von ","Wenn Sie Ihren Kleiderschrank erneuern möchten, empfehlen wir Ihnen <b>Brillenfassung Ermenegildo Zegna ZC5008 06549</b> und weitere <b> Produkte von Ermenegildo Zegna</b>! Jetzt für Sie die beste Qualität zum besten Preis!<br><ul><li>Geschlecht: Herren</li><li>Merkmale: Gläser ohne Sehstärke</li><li>Art: Brillenfassung</li></ul>",Pop Pulse Emporium,https://cdnbigbuy.com/images/0664689753406_S7238565_P01.jpg,https://cdnbigbuy.com/images/0664689753406_S7238565_P11.jpg,https://cdnbigbuy.com/images/0664689753406_S7238565_P31.jpg,https://cdnbigbuy.com/images/0664689753406_S7238565_P21.jpg,106.83,25,NEW,10.33,9.92,9.83,0.3,1007.32,EUR,2,8,3
S9917953,3417765491573,de-DE,Gardening & DIY,Instant Photo Appliances Vtech 80-549157-022,"Wenn Sie sich leidenschaftlich mit <b>IT und Elektronik</b> beschäftigen, mit der Technologie auf dem neuesten Stand sein wollen und nicht einmal die ","Wenn Sie sich leidenschaftlich mit <b>IT und Elektronik</b> beschäftigen, mit der Technologie auf dem neuesten Stand sein wollen und nicht einmal die winzigsten Einzelheiten auslassen, kaufen Sie <b>Instant Photo Appliances Vtech 80-549157-022</b>.<br><br><ul><li>Sprache packaging: ES</li><li>Betriebsanleitung: ES</li><li>Empfohlenes Alter: + 5 Jahre</li><li>Erfordert Montage: Kein</li><li>Batteriebetrieben: Ja</li><li>Funktionen: Sound</li><li>Sprache: <ul><li>ES</li><li>Spanisch</li></ul></li>",Pop Pulse Emporium,https://cdnbigbuy.com/images/3417765491573_S9917953_P00.jpg,https://cdnbigbuy.com/images/3417765491573_S9917953_P10.jpg,https://cdnbigbuy.com/images/3417765491573_S9917953_P20.jpg,https://cdnbigbuy.com/images/3417765491573_S9917953_P30.jpg,108.18,2,NEW,28.0,20.0,8.0,0.66,4480.0,EUR,2,8,3
S71011627,5400653010374,de-DE,Gardening & DIY,Kissen zum Stillen Doomoo Beige XXL (2 Stück),"Für unsere Kinder möchten wir Ihnen <b>Kissen zum Stillen Doomoo Beige XXL (2 Stück)</b> vorstellen, perfekt für alle, die qualitativ hochwertige Prod","Für unsere Kinder möchten wir Ihnen <b>Kissen zum Stillen Doomoo Beige XXL (2 Stück)</b> vorstellen, perfekt für alle, die qualitativ hochwertige Produkte für die Kleinsten suchen. Kaufen Sie <b>Doomoo</b> und weitere Marken und Lizenzen zu den besten Preisen!<br><br><ul><li>Farbe: Beige</li><li>Größe: XXL</li><li>Merkmale: Praktisch und bequem</li><li>Material: Polyester</li><li>Geschlecht: Unisex</li><li>Stückzahl: 2 Stück</li></ul>",Pop Pulse Emporium,https://cdnbigbuy.com/images/5400653010374_S71011627_P00.jpg,https://cdnbigbuy.com/images/5400653010374_S71011627_P30.jpg,https://cdnbigbuy.com/images/5400653010374_S71011627_P40.jpg,https://cdnbigbuy.com/images/5400653010374_S71011627_P50.jpg,112.05,9,NEW,43.6,50.0,10.4,3.06,22672.0,EUR,2,8,3
S5702345,8436549390258,de-DE,Gardening & DIY,Bürostuhl Minaya Piqueras y Crespo 944513 Schwarz,"Gehen Sie zurück ins Büro, ohne Details zu vergessen: Kaufen Sie <b>Bürostuhl Minaya Piqueras y Crespo 944513 Schwarz</b> und seien Sie der Neid Ihrer","Gehen Sie zurück ins Büro, ohne Details zu vergessen: Kaufen Sie <b>Bürostuhl Minaya Piqueras y Crespo 944513 Schwarz</b> und seien Sie der Neid Ihrer Kollegen!<br><br><p>Der <b>Bürostuhl 944513</b> von <b>Piqueras y Crespo</b> ist ein Modell, das Komfort und Funktionalität in professionellen Umgebungen bietet. Hergestellt in <b>Spanien</b>, verfügt dieser <b>ergonomische Stuhl</b> über eine <b>atmungsaktive Netzrückenlehne</b>, die die Belüftung fördert und für Frische während langer Arbeitstag",Pop Pulse Emporium,https://cdnbigbuy.com/images/8436549390258_S5702345_P02.jpg,https://cdnbigbuy.com/images/8436549390258_S5702345_P72.jpg,https://cdnbigbuy.com/images/8436549390258_S5702345_P32.jpg,,161.65,50,NEW,69.0,25.0,59.0,13.0,101775.0,EUR,2,8,3
S3624672,4899888643173,de-DE,Gardening & DIY,Regenschirm Schwarz Metall Stoff 100 x 100 x 62 cm (16 Stück),"Wenn Sie Ihren Kleiderschrank erneuern möchten, empfehlen wir Ihnen <b>Regenschirm Schwarz Metall Stoff 100 x 100 x 62 cm (16 Stück)</b> und weitere <","Wenn Sie Ihren Kleiderschrank erneuern möchten, empfehlen wir Ihnen <b>Regenschirm Schwarz Metall Stoff 100 x 100 x 62 cm (16 Stück)</b> und weitere <b> Produkte von </b>! Jetzt für Sie die beste Qualität zum besten Preis!<br><br><ul><li>Farbe: Schwarz</li><li>Material: <ul><li>Metall</li><li>Stoff</li></ul></li><li>Stück: 16 Stück</li><li>Maße ca.: 100 x 100 x 62 cm</li><li>Art: Regenschirm</li></ul>",Pop Pulse Emporium,https://cdnbigbuy.com/images/S3624672_P0_icon1.jpg,https://cdnbigbuy.com/images/S3624672_P01.jpg,https://cdnbigbuy.com/images/S3624672_P31.jpg,,108.58,50,NEW,25.0,25.0,46.0,7.95,28750.0,EUR,2,8,3
S2229038,4899888693925,de-DE,Gardening & DIY,Tafel Securit Woody Teakholz An der Wand montiert Schwarz 80 x 60 cm,"Gehen Sie zurück ins Büro, ohne Details zu vergessen: Kaufen Sie <b>Tafel Securit Woody Teakholz An der Wand montiert Schwarz 80 x 60 cm</b> und seien","Gehen Sie zurück ins Büro, ohne Details zu vergessen: Kaufen Sie <b>Tafel Securit Woody Teakholz An der Wand montiert Schwarz 80 x 60 cm</b> und seien Sie der Neid Ihrer Kollegen!<br><br><ul><li>Art: <ul><li>Gastronomie</li><li>Tafel</li></ul></li><li>Enthalten: Schiefermarker</li><li>Material: Teakholz</li><li>Merkmale: An der Wand montiert</li><li>Farbe: Schwarz</li><li>Maße ca.: 80 x 60 cm</li></ul>",Pop Pulse Emporium,https://cdnbigbuy.com/images/S2229038_8718226494801_S2229038_P1_icon1.jpg,https://cdnbigbuy.com/images/S2229038_8718226494801_S2229038_P1_icon0.jpg,https://cdnbigbuy.com/images/S2229038_8718226494801_S2229038_P11.jpg,,196.48,50,NEW,80.0,60.0,1.0,13.9,4800.0,EUR,2,8,3
S05121788,3616303466060,de-DE,Gardening & DIY,Damenparfüm Marc Jacobs DAISY WILD 100 ml,<p>Lassen Sie&nbsp;<strong>100 % Original-Damenparfüm Marc Jacobs DAISY WILD 100 ml</strong> Sie &uuml;berraschen und feieren Ihre Weiblichkeit mit de,"<p>Lassen Sie&nbsp;<strong>100 % Original-Damenparfüm Marc Jacobs DAISY WILD 100 ml</strong> Sie &uuml;berraschen und feieren Ihre Weiblichkeit mit dem exklusiven <strong>Frauenparfum </strong>mit einzigartigem, pers&ouml;nlichen Duft. Entdecken Sie die <strong>100 % Original-Produkte von Marc Jacobs</strong>!</p><br><br><ul><li>Wichtige informationen: Die Produktverpackungen können je nach Werbeaktionen des Herstellers oder der Jahreszeit unterschiedlich gestaltet sein. Die verschiedenen Pakete",Pop Pulse Emporium,https://cdnbigbuy.com/images/3616303466060_R00.jpg,,,,119.83,2,NEW,8.4,9.5,14.5,0.36,1157.1,EUR,2,8,3
S91111975,5906800299048,de-DE,Gardening & DIY,Tragbare Spielekonsole Anbernic RG35XX SP,"Wenn Sie sich leidenschaftlich mit <b>IT und Elektronik</b> beschäftigen, mit der Technologie auf dem neuesten Stand sein wollen und nicht einmal die ","Wenn Sie sich leidenschaftlich mit <b>IT und Elektronik</b> beschäftigen, mit der Technologie auf dem neuesten Stand sein wollen und nicht einmal die winzigsten Einzelheiten auslassen, kaufen Sie <b>Tragbare Spielekonsole Anbernic RG35XX SP</b>.<br><br><ul><li>Farbe: Silber</li><li>Konnektivität: <ul><li>Bluetooth</li><li>Wi-Fi</li></ul></li><li>Sprache: <ul><li>Deutsch</li><li>Spanisch</li><li>Französisch</li><li>Englisch</li><li>Russisch</li><li>Japanisch</li></ul></li><li>Betriebssystem: Linu",Pop Pulse Emporium,https://cdnbigbuy.com/images/5906800299048_S91111975_P10.jpg,https://cdnbigbuy.com/images/5906800299048_S91111975_P00.jpg,https://cdnbigbuy.com/images/5906800299048_S91111975_P20.jpg,https://cdnbigbuy.com/images/5906800299048_S91111975_P30.jpg,111.99,5,NEW,11.0,4.5,12.8,0.33,633.6,EUR,2,8,3
S0379269,4894816038748,de-DE,Gardening & DIY,Damenuhr Police PEWLG2202204 (Ø 34 mm),"Wenn Sie mit den neuesten Mode und Accessoire-Trends schritthalten wollen, kaufen Sie <b>Damenuhr Police PEWLG2202204 (Ø 34 mm)</b> zum besten Preis.<","Wenn Sie mit den neuesten Mode und Accessoire-Trends schritthalten wollen, kaufen Sie <b>Damenuhr Police PEWLG2202204 (Ø 34 mm)</b> zum besten Preis.<br><br><ul><li>Geschlecht: Damen</li><li>Extra Links: Kein</li><li>Typ der Uhr: Armbanduhr</li><li>Material des Armbands: Edelstahl</li><li>Uhrengehäuse-Material: Edelstahl</li><li>Uhrwerk: Quarz</li><li>Kristall: Mineral</li><li>Enthalten: Inklusive Markenetui</li><li>Verschluss Armband: Schmetterling</li><li>Farbe der Krone: Schwarz</li><li>Farbe",Pop Pulse Emporium,https://cdnbigbuy.com/images/S0379269_1707720101-no-background1.jpg,https://cdnbigbuy.com/images/4894816038748_S0379269_P01.jpg,https://cdnbigbuy.com/images/75628_mandatory-watch1.jpg,,118.66,5,NEW,32.0,19.0,10.0,0.4,6080.0,EUR,2,8,3
S72111845,8050506112105,de-DE,Gardening & DIY,Herrenarmreif Talent Jewels TJA-1-02-03-1-235 Silberfarben,"Wir präsentieren <b>Herrenarmreif Talent Jewels TJA-1-02-03-1-235 Silberfarben</b> und ein umfangreiches Sortiment von Ringen, Halsbändern, Armbändern","Wir präsentieren <b>Herrenarmreif Talent Jewels TJA-1-02-03-1-235 Silberfarben</b> und ein umfangreiches Sortiment von Ringen, Halsbändern, Armbändern, Ohrringen, usw. zu einem großartigen Preis. Erfahren Sie mehr über unsere exklusiven und eleganten Schmuck und Modeschmuck für jeden Geschmack und Stil.<br><br><ul><li>Art: Armreif</li><li>Geschlecht: Herren</li><li>Farbe: Silberfarben</li></ul>",Pop Pulse Emporium,https://cdnbigbuy.com/images/8050506112105_S72111845_P00.jpg,,,,134.19,5,NEW,10.0,10.0,10.0,0.3,1000.0,EUR,2,8,3
S7249268,8430622791116,de-DE,Gardening & DIY,Herrenuhr Lotus 18854/1,"Wenn Sie mit den neuesten Mode und Accessoire-Trends schritthalten wollen, kaufen Sie <b>Herrenuhr Lotus 18854/1</b> zum besten Preis.<br><br><ul><li>","Wenn Sie mit den neuesten Mode und Accessoire-Trends schritthalten wollen, kaufen Sie <b>Herrenuhr Lotus 18854/1</b> zum besten Preis.<br><br><ul><li>Geschlecht: Herren</li><li>Extra Links: Kein</li><li>Typ der Uhr: Armbanduhr</li></ul>",Pop Pulse Emporium,https://cdnbigbuy.com/images/8430622791116_S7249268_P01.jpg,https://cdnbigbuy.com/images/48432_mandatory-watch1.jpg,,,158.83,50,NEW,32.0,19.0,10.0,0.4,6080.0,EUR,2,8,3
S7194811,3384349117153,de-DE,Gardening & DIY,Flaschenwärmer Béaba,"Für unsere Kinder möchten wir Ihnen <b>Flaschenwärmer Béaba</b> vorstellen, perfekt für alle, die qualitativ hochwertige Produkte für die Kleinsten su","Für unsere Kinder möchten wir Ihnen <b>Flaschenwärmer Béaba</b> vorstellen, perfekt für alle, die qualitativ hochwertige Produkte für die Kleinsten suchen. Kaufen Sie <b>Béaba</b> und weitere Marken und Lizenzen zu den besten Preisen!<br><br><ul><li>Art: Flaschenwärmer</li><li>Farbe: Terrakotta</li></ul>",Pop Pulse Emporium,https://cdnbigbuy.com/images/3384349117153_S7194811_P00.jpg,https://cdnbigbuy.com/images/3384349117153_S7194811_P10.jpg,https://cdnbigbuy.com/images/3384349117153_S7194811_P20.jpg,https://cdnbigbuy.com/images/3384349117153_S7194811_P30.jpg,128.43,25,NEW,24.64,22.35,23.62,1.32,13007.63,EUR,2,8,3
S3714106,8024055166254,de-DE,Gardening & DIY,Autofelge MOMO WHEA65540512 PCD 5x112 ET40,Statten Sie Ihr Fahrzeug mit den neuesten Produkten aus - kaufen Sie <b>Autofelge MOMO WHEA65540512 PCD 5x112 ET40</b> und verpassen Sie kein Detail!<,"Statten Sie Ihr Fahrzeug mit den neuesten Produkten aus - kaufen Sie <b>Autofelge MOMO WHEA65540512 PCD 5x112 ET40</b> und verpassen Sie kein Detail!<br><br><ul><li>Tiefe der Felge (ET): ET40</li><li>Verankerung für Felge (PCD): PCD 5x112</li><li>Buchsengröße (CB): CB 72,3</li><li>Durchmesser: 15""</li><li>Breite: 6,5 x 15""</li><li>Material: Aluminium</li><li>Gewicht: 8 kg</li><li>Finish: Aluminium</li></ul>",Pop Pulse Emporium,https://cdnbigbuy.com/images/8024055166254_S3714106_P01.jpg,,,,140.53,1,NEW,55.0,55.0,35.0,12.0,105875.0,EUR,2,8,3
S9148741,0195042180107,de-DE,Gardening & DIY,Laptopladekabel Lenovo GX20Z46306,"Wenn Sie sich leidenschaftlich mit <b>IT und Elektronik</b> beschäftigen, mit der Technologie auf dem neuesten Stand sein wollen und nicht einmal die ","Wenn Sie sich leidenschaftlich mit <b>IT und Elektronik</b> beschäftigen, mit der Technologie auf dem neuesten Stand sein wollen und nicht einmal die winzigsten Einzelheiten auslassen, kaufen Sie <b>Laptopladekabel Lenovo GX20Z46306</b>.<br><br><ul><li>Farbe: Schwarz</li><li>Leistung: 230 W</li><li>Steckbares Produkt: Ja</li><li>Steckertyp: EU-Stecker</li><li>Spannung: 100-240V</li><li>Zertifikat: FCC</li><li>Ungefähres Gewicht: 780 g</li><li>Kompatibel: <ul><li>Lenovo</li><li>Laptop</li></ul></",Pop Pulse Emporium,https://cdnbigbuy.com/images/0195042180107_S9148741_P00.jpg,https://cdnbigbuy.com/images/0195042180107_S9148741_P10.jpg,,,110.62,25,NEW,7.5,15.0,22.0,1.1,2475.0,EUR,2,8,3
S3721339,8033280392413,de-DE,Gardening & DIY,Herren Sweater mit Kapuze Sparco Martini Racing Weiß,"Wenn Sie Ihren Kleiderschrank erneuern möchten, empfehlen wir Ihnen <b>Herren Sweater mit Kapuze Sparco MARTINI RACING Größe XL Weiß</b> und weitere <","Wenn Sie Ihren Kleiderschrank erneuern möchten, empfehlen wir Ihnen <b>Herren Sweater mit Kapuze Sparco MARTINI RACING Größe XL Weiß</b> und weitere <b> Produkte von Sparco</b>! Jetzt für Sie die beste Qualität zum besten Preis!<br><ul><li>Größe: Größe XL</li><li>Farbe: Weiß</li></ul>",Pop Pulse Emporium,https://cdnbigbuy.com/images/8033280392413_S3721339_P03.jpg,https://cdnbigbuy.com/images/21049_mandatory-motor3.jpg,,,122.32,5,NEW,50.0,50.0,10.0,1.3,25000.0,EUR,2,8,3
S9905955,5605922028641,de-DE,Gardening & DIY,Rubbel-Weltkarte Phasak PHR 6312,"Gehen Sie zurück ins Büro, ohne Details zu vergessen: Kaufen Sie <b>Rubbel-Weltkarte Phasak PHR 6312</b> und seien Sie der Neid Ihrer Kollegen!<br><br","Gehen Sie zurück ins Büro, ohne Details zu vergessen: Kaufen Sie <b>Rubbel-Weltkarte Phasak PHR 6312</b> und seien Sie der Neid Ihrer Kollegen!<br><br><ul><li>Länge des Kabels: 305 m</li><li>Farbe: Grau</li><li>Anschlüsse: RJ45</li></ul>",Pop Pulse Emporium,https://cdnbigbuy.com/images/5605922028641_S9905955_P00.jpg,,,,104.54,4,NEW,38.5,38.0,24.0,9.4,35112.0,EUR,2,8,3
S7283240,8050506111801,de-DE,Gardening & DIY,Unisex-Perlen Talent Jewels TJC-1-09-03,"Wir präsentieren <b>Unisex-Perlen Talent Jewels TJC-1-09-03</b> und ein umfangreiches Sortiment von Ringen, Halsbändern, Armbändern, Ohrringen, usw. z","Wir präsentieren <b>Unisex-Perlen Talent Jewels TJC-1-09-03</b> und ein umfangreiches Sortiment von Ringen, Halsbändern, Armbändern, Ohrringen, usw. zu einem großartigen Preis. Erfahren Sie mehr über unsere exklusiven und eleganten Schmuck und Modeschmuck für jeden Geschmack und Stil.<br><br><ul><li>Geschlecht: Unisex</li><li>Art: Perlen</li></ul>",Pop Pulse Emporium,https://cdnbigbuy.com/images/8050506111801_S7283240_P01.jpg,https://cdnbigbuy.com/images/8050506111801_R31.jpg,https://cdnbigbuy.com/images/8050506111801_R01.jpg,https://cdnbigbuy.com/images/8050506111801_R41.jpg,103.87,25,NEW,10.0,10.0,10.0,0.3,1000.0,EUR,2,8,3
S7183416,3023191494318,de-DE,Gardening & DIY,Badewanne ThermoBaby Rosa,"Für unsere Kinder möchten wir Ihnen <b>Badewanne ThermoBaby Rosa</b> vorstellen, perfekt für alle, die qualitativ hochwertige Produkte für die Kleinst","Für unsere Kinder möchten wir Ihnen <b>Badewanne ThermoBaby Rosa</b> vorstellen, perfekt für alle, die qualitativ hochwertige Produkte für die Kleinsten suchen. Kaufen Sie <b>ThermoBaby</b> und weitere Marken und Lizenzen zu den besten Preisen!<br><ul><li>Farbe: Rosa</li></ul>",Pop Pulse Emporium,https://cdnbigbuy.com/images/3023191494318_R31.jpg,https://cdnbigbuy.com/images/3023191494318_R01.jpg,https://cdnbigbuy.com/images/3023191494318_R61.jpg,https://cdnbigbuy.com/images/3023191494318_R41.jpg,144.55,5,NEW,79.2,51.0,26.4,5.13,106634.88,EUR,2,8,3
S0382209,0725125068918,de-DE,Gardening & DIY,Damensonnenbrille Michael Kors MK2113-333287 Ø 66 mm,"Wenn Sie gern die neusten Produkte aus <b>Fashion & Accessoires</b> tragen möchten, dann sind Accessoires, wie die <b>Damensonnenbrille Michael Kors M","Wenn Sie gern die neusten Produkte aus <b>Fashion & Accessoires</b> tragen möchten, dann sind Accessoires, wie die <b>Damensonnenbrille Michael Kors MK2113-333287 Ø 66 mm</b> ein Muss, um Ihren Look abzurunden! Vertrauen Sie auf die Marken für <b>Sonnenbrillen</b>.<br><br><ul><li>Linsen: Ø 66 mm</li><li>Art: Damensonnenbrille</li><li>Geschlecht: Damen</li><li>Schutz: 100% Schutz vor UV (UV400)</li><li>Material der Linsen: Polycarbonat</li><li>Farbe: Schwarz</li><li>Sonnenschutz: Kategorie 3</li>",Pop Pulse Emporium,https://cdnbigbuy.com/images/0725125068918_R00.jpg,https://cdnbigbuy.com/images/0725125068918_R10.jpg,,,105.57,2,NEW,10.0,10.0,10.0,0.3,1000.0,EUR,2,8,3
S71011335,5099206123366,de-DE,Gardening & DIY,Tastatur Logitech G515 TKL Schwarz AZERTY,"Gehen Sie zurück ins Büro, ohne Details zu vergessen: Kaufen Sie <b>Tastatur Logitech G515 TKL Schwarz AZERTY</b> und seien Sie der Neid Ihrer Kollege","Gehen Sie zurück ins Büro, ohne Details zu vergessen: Kaufen Sie <b>Tastatur Logitech G515 TKL Schwarz AZERTY</b> und seien Sie der Neid Ihrer Kollegen!<br><br><ul><li>Art: <ul><li>Tastatur mit Maus</li><li>Tastatur</li><li>Mechanische Tastatur</li><li>Gaming Tastatur</li></ul></li><li>Farbe: Schwarz</li><li>Merkmale: RGB</li><li>Tastatur: AZERTY</li></ul>",Pop Pulse Emporium,https://cdnbigbuy.com/images/5099206123366_S71011335_P00.jpg,https://cdnbigbuy.com/images/5099206123366_S71011335_P10.jpg,https://cdnbigbuy.com/images/5099206123366_S71011335_P20.jpg,https://cdnbigbuy.com/images/5099206123366_S71011335_P30.jpg,150.51,22,NEW,38.4,16.2,4.2,1.14,2612.74,EUR,2,8,3
S0390901,4894041918754,de-DE,Gardening & DIY,Damenuhr Bering 11422-765 (Ø 22 mm),"Wenn Sie auf der Suche nach trendigen Neuheiten auf dem Markt sind, präsentieren wir Ihnen <b>Damenuhr Bering 11422-765 (Ø 22 mm)</b>!<br><br><ul><li>","Wenn Sie auf der Suche nach trendigen Neuheiten auf dem Markt sind, präsentieren wir Ihnen <b>Damenuhr Bering 11422-765 (Ø 22 mm)</b>!<br><br><ul><li>Geschlecht: Damen</li><li>Extra Links: Kein</li><li>Typ der Uhr: Armbanduhr</li><li>Material des Armbands: aus Keramik</li><li>Uhrengehäuse-Material: Edelstahl</li><li>Uhrwerk: Quarz</li><li>Kristall: Saphir</li><li>Wasserdicht: 5 atm</li><li>Enthalten: Enthält Markenetui oder -hülle</li><li>Verschluss Armband: Druck</li><li>Farbe der Krone: Braun<",Pop Pulse Emporium,https://cdnbigbuy.com/images/4894041918754_S0390901_P00.jpg,https://cdnbigbuy.com/images/87262_mandatory-watch0.jpg,,,101.81,10,NEW,32.0,19.0,10.0,0.4,6080.0,EUR,2,8,3
S3056142,8424002142506,de-DE,Gardening & DIY,Tischlampe Home ESPRIT Weiß Gold Eisen 50 W 220 V 35 x 35 x 78 cm,"<p>Wenn Sie Ihrem Zuhause einen Hauch von Originalität verleihen möchten, tun Sie dies mit <b>Tischlampe Home ESPRIT Weiß Gold Eisen 50 W 220 V 35 x 3","<p>Wenn Sie Ihrem Zuhause einen Hauch von Originalität verleihen möchten, tun Sie dies mit <b>Tischlampe Home ESPRIT Weiß Gold Eisen 50 W 220 V 35 x 35 x 78 cm</b>.</p><br><br><ul><li>Steckbares Produkt: Ja</li><li>Art: Tischlampe</li><li>Steckertyp: EU-Stecker</li><li>Farbe: <ul><li>Weiß</li><li>Gold</li></ul></li><li>Material: <ul><li>Baumwolle</li><li>Polyester</li><li>Acryl</li><li>Eisen</li></ul></li><li>Spannung: 220 V</li><li>Kappe: E27</li><li>Lang: 35 cm</li><li>Design: Moderne</li><li>",Pop Pulse Emporium,https://cdnbigbuy.com/images/8424002142506_S3056142_P40.jpg,https://cdnbigbuy.com/images/8424002142506_S3056142_P50.jpg,https://cdnbigbuy.com/images/8424002142506_S3056142_P00.jpg,https://cdnbigbuy.com/images/8424002142506_S3056142_P10.jpg,108.0,25,NEW,41.0,60.0,41.0,4.5,100860.0,EUR,2,8,3
S91114465,5902414200913,de-DE,Gardening & DIY,Futter VETEXPERT Hepatic Dog Fleisch 12 kg,"Wenn Sie auf der Suche nach trendigen Neuheiten auf dem Markt sind, präsentieren wir Ihnen <b>Futter VETEXPERT Hepatic Dog Fleisch 12 kg</b>!<br><br><","Wenn Sie auf der Suche nach trendigen Neuheiten auf dem Markt sind, präsentieren wir Ihnen <b>Futter VETEXPERT Hepatic Dog Fleisch 12 kg</b>!<br><br><ul><li>Art: Futter</li><li>Form: Solide</li><li>Geschmack: Fleisch</li><li>Haustier: Hund</li><li>Empfohlene verwendung: <ul><li>Haustier mit Lebererkrankung</li><li>Haustier mit Hepatitis</li></ul></li><li>Inhaltsstoffe: <ul><li>Fett</li><li>Protein</li><li>Faser</li><li>Aschgrau</li></ul></li><li>Kapazität: 12 kg</li></ul><br><br>Wichtige informa",Pop Pulse Emporium,https://cdnbigbuy.com/images/5902414200913_S91114465_P00.jpg,https://cdnbigbuy.com/images/5902414200913_S91114465_P20.jpg,https://cdnbigbuy.com/images/5902414200913_S91114465_P10.jpg,,148.04,5,NEW,40.0,14.0,48.0,12.2,26880.0,EUR,2,8,3
S9190234,0840295402345,de-DE,Gardening & DIY,Wiederaufladbares Handmassagegerät Therabody TG0003969-3A50 Sand,"Wenn Ihnen Ihre Gesundheit am Herzen liegt und Sie Produkte haben möchten, die <b> Schutz und Wellness</b> bieten, dann kaufen Sie <b> Wiederaufladbar","Wenn Ihnen Ihre Gesundheit am Herzen liegt und Sie Produkte haben möchten, die <b> Schutz und Wellness</b> bieten, dann kaufen Sie <b> Wiederaufladbares Handmassagegerät Therabody TG0003969-3A50 Sand</b> und viele andere <b>Produkte von Therabody</b> zu den besten Preisen!<br><br><ul><li>Merkmale: <ul><li>Leicht zu reinigen</li><li>Einfach zu bedienen</li></ul></li><li>Lang: 3,5 cm</li><li>Stromquelle: Batterie</li><li>Material: Polycarbonat</li><li>Batteriebetrieben: 1 Litio Ion, incluidas</li>",Pop Pulse Emporium,https://cdnbigbuy.com/images/0840295402345_S9190234_P00.jpg,https://cdnbigbuy.com/images/0840295402345_S9190234_P60.jpg,https://cdnbigbuy.com/images/0840295402345_S9190234_P70.jpg,https://cdnbigbuy.com/images/0840295402345_S9190234_P10.jpg,168.99,5,NEW,9.5,27.0,27.0,1.54,6925.5,EUR,2,8,3
S0408455,8413893103321,de-DE,Gardening & DIY,Küchenextraktor S&P ECO-500 90W,"Wenn du mit dem Gedanken spielst, deine Küche zu renovieren, kaufe <b>Küchenextraktor S&P ECO-500 90W</b> und andere <b>Produkte S&P</b>! Die beste Qu","Wenn du mit dem Gedanken spielst, deine Küche zu renovieren, kaufe <b>Küchenextraktor S&P ECO-500 90W</b> und andere <b>Produkte S&P</b>! Die beste Qualität zum günstigsten Preis liegt sofort in deiner Reichweite.<br><br><ul><li>Leistung: <ul><li>480 m3/h</li><li>90 W</li></ul></li><li>Spannung: 230 V</li><li>Steckbares Produkt: Ja</li><li>Steckertyp: EU-Stecker</li><li>Finish: Standard Zielscheibe</li><li>Art: Küchenextraktor</li><li>Farbe: Weiß</li><li>Breite: 315</li><li>Geschwindigkeit: 1050",Pop Pulse Emporium,https://cdnbigbuy.com/images/8413893103321_0_P02.jpg,,,,136.46,2,NEW,34.8,32.2,15.8,3.36,17704.85,EUR,2,8,3
S91104869,5038483539262,de-DE,Gardening & DIY,Flip Flops für Männer Mobilex PRS014BEZ39 Bronze,"Wenn Sie Ihren Kleiderschrank erneuern möchten, empfehlen wir Ihnen <b>Flip Flops für Männer Mobilex PRS014BEZ39 Bronze</b> und weitere <b> Produkte v","Wenn Sie Ihren Kleiderschrank erneuern möchten, empfehlen wir Ihnen <b>Flip Flops für Männer Mobilex PRS014BEZ39 Bronze</b> und weitere <b> Produkte von Mobilex</b>! Jetzt für Sie die beste Qualität zum besten Preis!<br><br><ul><li>Merkmale: Geeignet für die Rehabilitation</li><li>Art: Schwimmbad-Slipper</li><li>Farbe: Bronze</li><li>Geschlecht: Unisex</li><li>Größe: 39</li><li>Batteriebetrieben: Kein</li></ul>",Pop Pulse Emporium,https://cdnbigbuy.com/images/5038483539262_S91104869_P10.jpg,https://cdnbigbuy.com/images/5038483539262_S91104869_P30.jpg,https://cdnbigbuy.com/images/5038483539262_S91104869_P40.jpg,https://cdnbigbuy.com/images/5038483539262_S91104869_P50.jpg,107.66,2,NEW,18.5,11.5,31.5,0.92,6701.62,EUR,2,8,3
S0382151,8056597738965,de-DE,Gardening & DIY,Herrensonnenbrille Armani AR8169-59606R,"Wenn Sie gern die neusten Produkte aus <b>Fashion & Accessoires</b> tragen möchten, dann sind Accessoires, wie die <b>Herrensonnenbrille Armani AR8169","Wenn Sie gern die neusten Produkte aus <b>Fashion & Accessoires</b> tragen möchten, dann sind Accessoires, wie die <b>Herrensonnenbrille Armani AR8169-59606R</b> ein Muss, um Ihren Look abzurunden! Vertrauen Sie auf die Marken für <b>Sonnenbrillen</b>.<br><br><ul><li>Art: Herrensonnenbrille</li><li>Schutz: 100% Schutz vor UV (UV400)</li><li>Geschlecht: Herren</li><li>Material der Linsen: Polycarbonat</li><li>Farbe: Schwarz</li><li>Material: Azetat</li><li>Farbe der Linsen: grün</li><li>Enthalten",Pop Pulse Emporium,https://cdnbigbuy.com/images/8056597738965_S0382151_P00.jpg,https://cdnbigbuy.com/images/8056597738965_S0382151_P10.jpg,,,159.9,10,NEW,10.0,10.0,10.0,0.3,1000.0,EUR,2,8,3
M0506609,8715946451657,de-DE,Gardening & DIY,Original Toner Epson AcuLaser M1200 Schwarz,"Gehen Sie zurück ins Büro, ohne Details zu vergessen: Kaufen Sie <b>Original Toner Epson AcuLaser M1200 Schwarz</b> und seien Sie der Neid Ihrer Kolle","Gehen Sie zurück ins Büro, ohne Details zu vergessen: Kaufen Sie <b>Original Toner Epson AcuLaser M1200 Schwarz</b> und seien Sie der Neid Ihrer Kollegen!<br><br><ul><li>Farbe: Schwarz</li><li>Land/Region der Herstellung: China</li><li>Kompatibel: Epson</li><li>Merkmale: Original</li><li>Kapazität: 3200 Seiten</li></ul>",Pop Pulse Emporium,https://cdnbigbuy.com/images/8715946451657_M0506609_P00.jpg,,,,156.28,2,NEW,35.0,12.0,17.0,0.61,7140.0,EUR,2,8,3
S72100516,8430622818974,de-DE,Gardening & DIY,Herrenuhr Festina F20678/1,"Wenn Sie mit den neuesten Mode und Accessoire-Trends schritthalten wollen, kaufen Sie <b>Herrenuhr Festina F20678/1</b> zum besten Preis.<br><br><ul><","Wenn Sie mit den neuesten Mode und Accessoire-Trends schritthalten wollen, kaufen Sie <b>Herrenuhr Festina F20678/1</b> zum besten Preis.<br><br><ul><li>Farbe des Bandes: Gold</li><li>Geschlecht: Herren</li><li>Extra Links: Kein</li><li>Typ der Uhr: Armbanduhr</li><li>Material des Armbands: Edelstahl</li><li>Material des Gehäuses: Edelstahl</li><li>Form: rechteckig</li><li>Uhrwerk: Quarz</li></ul>",Pop Pulse Emporium,https://cdnbigbuy.com/images/8430622818974_S72100516_P00.jpg,https://cdnbigbuy.com/images/99528_mandatory-watch0.jpg,,,178.58,50,NEW,14.15,12.43,10.11,0.3,1778.19,EUR,2,8,3
S91101923,0064992185602,de-DE,Gardening & DIY,Futter Orijen Tundra Erwachsener Rindfleisch Lamm Ente Wildschwein Ziege 6 Kg,"Wenn Sie auf der Suche nach trendigen Neuheiten auf dem Markt sind, präsentieren wir Ihnen <b>Futter Orijen Tundra Erwachsener Rindfleisch Lamm Ente W","Wenn Sie auf der Suche nach trendigen Neuheiten auf dem Markt sind, präsentieren wir Ihnen <b>Futter Orijen Tundra Erwachsener Rindfleisch Lamm Ente Wildschwein Ziege 6 Kg</b>!<br><br><ul><li>Art: Futter</li><li>Empfohlenes Alter: Erwachsener</li><li>Form: Solide</li><li>Geschmack: <ul><li>Rindfleisch</li><li>Lamm</li><li>Ente</li><li>Wildschwein</li><li>Ziege</li></ul></li><li>Wichtige informationen: <ul><li>Glutenfrei</li><li>Zuckerfrei</li><li>Soja-frei</li></ul></li><li>Inhaltsstoffe: <ul><l",Pop Pulse Emporium,https://cdnbigbuy.com/images/0064992185602_S91101923_P00.jpg,https://cdnbigbuy.com/images/0064992185602_S91101923_P10.jpg,,,118.05,50,NEW,45.0,9.0,32.0,6.1,12960.0,EUR,2,8,3
S7274865,8430622735530,de-DE,Gardening & DIY,Herrenuhr Festina F20446/3 Ø 40 mm (Ø 40 mm),"Wenn Sie mit den neuesten Mode und Accessoire-Trends schritthalten wollen, kaufen Sie <b>Herrenuhr Festina F20446/3 Ø 40 mm (Ø 40 mm)</b> zum besten P","Wenn Sie mit den neuesten Mode und Accessoire-Trends schritthalten wollen, kaufen Sie <b>Herrenuhr Festina F20446/3 Ø 40 mm (Ø 40 mm)</b> zum besten Preis.<br><br><ul><li>Extra Links: Kein</li><li>Typ der Uhr: Armbanduhr</li><li>Durchmesser des Uhrengehäuses: Ø 40 mm</li><li>Geschlecht: Herren</li><li>Land/Region der Herstellung: China</li><li>Farbe: Schwarz</li><li>Jahr: 2019</li><li>Material des Gehäuses: Edelstahl</li><li>Material des Armbands: Leder</li><li>Verschluss Armband: Schließe</li><",Pop Pulse Emporium,https://cdnbigbuy.com/images/8430622735530_S7274865_P01.jpg,https://cdnbigbuy.com/images/73922_mandatory-watch1.jpg,,,116.12,50,NEW,14.15,12.43,10.11,0.3,1778.19,EUR,2,8,3
M0509593,0190781061120,de-DE,Gardening & DIY,Recycelte Fixiereinheit HP LaserJet,"Wenn Sie sich leidenschaftlich mit <b>IT und Elektronik</b> beschäftigen, mit der Technologie auf dem neuesten Stand sein wollen und nicht einmal die ","Wenn Sie sich leidenschaftlich mit <b>IT und Elektronik</b> beschäftigen, mit der Technologie auf dem neuesten Stand sein wollen und nicht einmal die winzigsten Einzelheiten auslassen, kaufen Sie <b>Recycelte Fixiereinheit HP LaserJet</b>.<br><br><ul><li>Art: Recycelte Fixiereinheit</li></ul>",Pop Pulse Emporium,https://cdnbigbuy.com/images/0190781061120_R00.jpg,,,,152.93,16,NEW,48.5,21.5,17.0,3.34,17726.75,EUR,2,8,3
S3061106,8424002200183,de-DE,Gardening & DIY,Hängematte Home ESPRIT Beige Baumwolle Urban 82 x 82 x 170 cm,"Mit diesen Vorschlägen, die Jung und Alt begeistern werden, ist der Sommerspaß garantiert! Kaufen Sie <b>Hängematte Home ESPRIT Beige Baumwolle Urban ","Mit diesen Vorschlägen, die Jung und Alt begeistern werden, ist der Sommerspaß garantiert! Kaufen Sie <b>Hängematte Home ESPRIT Beige Baumwolle Urban 82 x 82 x 170 cm</b>] und genießen Sie Ihre Freizeit!<br><br><ul><li>Farbe: Beige</li><li>Design: Urban</li><li>Max. unterstütztes Gewicht: 120 kg</li><li>Maße ca.: 82 x 82 x 170 cm</li></ul>",Pop Pulse Emporium,https://cdnbigbuy.com/images/8424002200183_S3061106_P60.jpg,https://cdnbigbuy.com/images/8424002200183_S3061106_P40.jpg,https://cdnbigbuy.com/images/8424002200183_S3061106_P50.jpg,https://cdnbigbuy.com/images/8424002200183_S3061106_P00.jpg,125.44,25,NEW,84.0,10.0,84.0,6.7,70560.0,EUR,2,8,3
S72125673,4894816000479,de-DE,Gardening & DIY,Herrenuhr Timberland TDWJF2001201,"Wenn Sie auf der Suche nach trendigen Neuheiten auf dem Markt sind, präsentieren wir Ihnen <b>Herrenuhr Timberland TDWJF2001201</b>!<br><br><ul><li>Ge","Wenn Sie auf der Suche nach trendigen Neuheiten auf dem Markt sind, präsentieren wir Ihnen <b>Herrenuhr Timberland TDWJF2001201</b>!<br><br><ul><li>Geschlecht: Herren</li><li>Extra Links: Kein</li><li>Typ der Uhr: Armbanduhr</li></ul>",Pop Pulse Emporium,https://cdnbigbuy.com/images/4894816000479_S72125673_P00.jpg,https://cdnbigbuy.com/images/124685_mandatory-watch0.jpg,https://cdnbigbuy.com/images/4894816000479_S72125673_P10.jpg,https://cdnbigbuy.com/images/4894816000479_R00.jpg,135.52,10,NEW,14.15,12.43,10.11,0.3,1778.19,EUR,2,8,3
S0388851,0091661536953,de-DE,Gardening & DIY,Damenuhr Guess GW0615L3 (Ø 33 mm),"Wenn Sie auf der Suche nach trendigen Neuheiten auf dem Markt sind, präsentieren wir Ihnen <b>Damenuhr Guess GW0615L3 (Ø 33 mm)</b>!<br><br><ul><li>Ge","Wenn Sie auf der Suche nach trendigen Neuheiten auf dem Markt sind, präsentieren wir Ihnen <b>Damenuhr Guess GW0615L3 (Ø 33 mm)</b>!<br><br><ul><li>Geschlecht: Damen</li><li>Extra Links: Kein</li><li>Typ der Uhr: Armbanduhr</li><li>Material des Armbands: Edelstahl</li><li>Uhrengehäuse-Material: Edelstahl</li><li>Uhrwerk: Quarz</li><li>Kristall: Mineral</li><li>Wasserdicht: 3 atm</li><li>Enthalten: Enthält Markenetui oder -hülle</li><li>Verschluss Armband: Druck</li><li>Farbe der Krone: Rosa</li>",Pop Pulse Emporium,https://cdnbigbuy.com/images/0091661536953_S0388851_P00.jpg,https://cdnbigbuy.com/images/85210_mandatory-watch0.jpg,,,109.3,25,NEW,32.0,19.0,10.0,0.4,6080.0,EUR,2,8,3
S55180501,5706991028669,de-DE,Gardening & DIY,Kopfhörer mit Mikrofon GN Audio EVOLVE2 30 Schwarz,"Wenn Sie sich leidenschaftlich mit <b>IT und Elektronik</b> beschäftigen, mit der Technologie auf dem neuesten Stand sein wollen und nicht einmal die ","Wenn Sie sich leidenschaftlich mit <b>IT und Elektronik</b> beschäftigen, mit der Technologie auf dem neuesten Stand sein wollen und nicht einmal die winzigsten Einzelheiten auslassen, kaufen Sie <b>Kopfhörer mit Mikrofon GN Audio EVOLVE2 30 Schwarz</b>.<br><br><ul><li>Art: <ul><li>Mobilteil</li><li>Diadem-Kopfhörer</li><li>Drahtgebunden</li><li>Kopfhörer mit Mikrofon</li></ul></li><li>Farbe: Schwarz</li><li>Merkmale: <ul><li>Plug and play</li><li>Wireless</li><li>Garantie</li><li>LED-Anzeige</l",Pop Pulse Emporium,https://cdnbigbuy.com/images/5706991028669_I01.jpg,https://cdnbigbuy.com/images/5706991028669_I21.jpg,https://cdnbigbuy.com/images/5706991028669_I41.jpg,,115.25,50,NEW,23.83,13.8,18.89,0.19,6212.05,EUR,2,8,3
S3624415,4899888641773,de-DE,Gardening & DIY,Taschenrechner Pincello CN-1202 Solar (24 Stück),"Gehen Sie zurück ins Büro, ohne Details zu vergessen: Kaufen Sie <b>Taschenrechner Pincello CN-1202 Solar (24 Stück)</b> und seien Sie der Neid Ihrer ","Gehen Sie zurück ins Büro, ohne Details zu vergessen: Kaufen Sie <b>Taschenrechner Pincello CN-1202 Solar (24 Stück)</b> und seien Sie der Neid Ihrer Kollegen!<br><br><ul><li>Art: <ul><li>Taschenrechner</li><li>Solar</li></ul></li><li>Stückzahl: <ul><li>1 Stück</li><li>24 Stück</li></ul></li><li>Wichtige informationen: Verschiedene Designs. Versand nach Zufallsprinzip und vom Bestand abhängig</li></ul>",Pop Pulse Emporium,https://cdnbigbuy.com/images/S3624415_58620_1691572535-cropped_icon1.jpg,https://cdnbigbuy.com/images/S3624415_58620_1691572535-cropped1.jpg,,,113.42,4,NEW,72.0,24.0,21.0,6.1,36288.0,EUR,2,8,3
S0388828,0091661534560,de-DE,Gardening & DIY,Damenuhr Guess GW0547L3 (Ø 38 mm),"Wenn Sie auf der Suche nach trendigen Neuheiten auf dem Markt sind, präsentieren wir Ihnen <b>Damenuhr Guess GW0547L3 (Ø 38 mm)</b>!<br><br><ul><li>Ex","Wenn Sie auf der Suche nach trendigen Neuheiten auf dem Markt sind, präsentieren wir Ihnen <b>Damenuhr Guess GW0547L3 (Ø 38 mm)</b>!<br><br><ul><li>Extra Links: Kein</li><li>Typ der Uhr: Armbanduhr</li><li>Geschlecht: Damen</li><li>Material des Armbands: Haut</li><li>Uhrengehäuse-Material: Edelstahl</li><li>Uhrwerk: Quarz</li><li>Kristall: Mineral</li><li>Wasserdicht: 5 atm</li><li>Enthalten: Enthält Markenetui oder -hülle</li><li>Verschluss Armband: Schließe</li><li>Farbe der Krone: Gold</li><l",Pop Pulse Emporium,https://cdnbigbuy.com/images/0091661534560_S0388828_P00.jpg,https://cdnbigbuy.com/images/85187_mandatory-watch0.jpg,,,116.78,25,NEW,32.0,19.0,10.0,0.4,6080.0,EUR,2,8,3
S0391919,0197853282292,de-DE,Gardening & DIY,Umhängetasche Michael Kors Bradshaw Weiß 24 x 17 x 5 cm,Sind Sie modebewusst und begeistern sich für Accessoires? Wir bieten Ihnen <b>Umhängetasche Michael Kors Bradshaw Weiß 24 x 17 x 5 cm</b> und ein brei,Sind Sie modebewusst und begeistern sich für Accessoires? Wir bieten Ihnen <b>Umhängetasche Michael Kors Bradshaw Weiß 24 x 17 x 5 cm</b> und ein breites Sortiment an modernen Handtaschen und Geldbeutel!<br><br><ul><li>Art: Handtasche</li><li>Geschlecht: Damen</li><li>Farbe: Weiß</li><li>Material: Haut</li><li>Verschluss Armband: Plattenspeicher</li><li>Enthalten: Enthält Markenetui oder -hülle</li><li>Maße ca.: 24 x 17 x 5 cm</li></ul>,Pop Pulse Emporium,https://cdnbigbuy.com/images/0197853282292_S0391919_P00.jpg,https://cdnbigbuy.com/images/0197853282292_S0391919_P10.jpg,https://cdnbigbuy.com/images/0197853282292_S0391919_P20.jpg,,191.36,5,NEW,10.0,10.0,10.0,0.3,1000.0,EUR,2,8,3
S7141557,8719076044253,de-DE,Gardening & DIY,Batterieüberwachung Victron Energy 500 A,"Wenn Sie sich leidenschaftlich mit <b>IT und Elektronik</b> beschäftigen, mit der Technologie auf dem neuesten Stand sein wollen und nicht einmal die ","Wenn Sie sich leidenschaftlich mit <b>IT und Elektronik</b> beschäftigen, mit der Technologie auf dem neuesten Stand sein wollen und nicht einmal die winzigsten Einzelheiten auslassen, kaufen Sie <b>Batterieüberwachung Victron Energy 500 A</b>.<br><br><ul><li>Art: Trommel-Monitor</li><li>Stromstärke: 500 A</li><li>Konnektivität: Bluetooth</li><li>Material: Kunststoff</li><li>Geschlecht: Unisex-Erwachsene</li></ul>",Pop Pulse Emporium,https://cdnbigbuy.com/images/8719076044253_S7141557_P01.jpg,https://cdnbigbuy.com/images/8719076044253_S7141557_P11.jpg,https://cdnbigbuy.com/images/8719076044253_S7141557_P21.jpg,https://cdnbigbuy.com/images/8719076044253_R61.jpg,187.49,1,NEW,8.8,13.4,7.2,0.42,849.02,EUR,2,8,3
S8436576,4002030000018,de-DE,Gardening & DIY,Ordnerbox mit Hebelmechanik Elba Grau A4 (20 Stück),"Gehen Sie zurück ins Büro, ohne Details zu vergessen: Kaufen Sie <b>Ordnerbox mit Hebelmechanik Elba Grau A4 (20 Stück)</b> und seien Sie der Neid Ihr","Gehen Sie zurück ins Büro, ohne Details zu vergessen: Kaufen Sie <b>Ordnerbox mit Hebelmechanik Elba Grau A4 (20 Stück)</b> und seien Sie der Neid Ihrer Kollegen!<br><br><ul><li>Art: Ordnerbox mit Hebelmechanik</li><li>Farbe: Grau</li><li>Format: A4</li><li>Stückzahl: 20 Stück</li></ul>",Pop Pulse Emporium,https://cdnbigbuy.com/images/4002030000018_s8436576_p0_icon0.jpg,https://cdnbigbuy.com/images/4002030000018_S8436576_P00.jpg,,,119.84,2,NEW,40.28,28.43,32.14,2.86,36805.46,EUR,2,8,3
S71003359,3760024822923,de-DE,Gardening & DIY,Laptop-Lautsprecher Inovalley HP58 BTH,"Wenn Sie sich leidenschaftlich mit <b>IT und Elektronik</b> beschäftigen, mit der Technologie auf dem neuesten Stand sein wollen und nicht einmal die ","Wenn Sie sich leidenschaftlich mit <b>IT und Elektronik</b> beschäftigen, mit der Technologie auf dem neuesten Stand sein wollen und nicht einmal die winzigsten Einzelheiten auslassen, kaufen Sie <b>Laptop-Lautsprecher Inovalley HP58 BTH</b>.<br><br><ul><li>Farbe: Schwarz</li></ul>",Pop Pulse Emporium,https://cdnbigbuy.com/images/3760024822923_S71003359_P00.jpg,https://cdnbigbuy.com/images/3760024822923_S71003359_P10.jpg,https://cdnbigbuy.com/images/3760024822923_S71003359_P20.jpg,https://cdnbigbuy.com/images/3760024822923_S71003359_P30.jpg,104.68,9,NEW,24.02,21.25,22.36,1.8,11413.1,EUR,2,8,3
S7275045,8430622802584,de-DE,Gardening & DIY,Damenuhr Festina F20654/1,"Wenn Sie mit den neuesten Mode und Accessoire-Trends schritthalten wollen, kaufen Sie <b>Damenuhr Festina F20654/1</b> zum besten Preis.<br><br><ul><l","Wenn Sie mit den neuesten Mode und Accessoire-Trends schritthalten wollen, kaufen Sie <b>Damenuhr Festina F20654/1</b> zum besten Preis.<br><br><ul><li>Geschlecht: Damen</li><li>Extra Links: Kein</li><li>Typ der Uhr: Armbanduhr</li><li>Material des Armbands: Edelstahl</li><li>Material des Gehäuses: Edelstahl</li><li>Farbe: Silberfarben</li><li>Uhrwerk: Quarz</li><li>Ungefähres Gewicht: 300 gr</li></ul>",Pop Pulse Emporium,https://cdnbigbuy.com/images/8430622802584_S7275045_P01.jpg,https://cdnbigbuy.com/images/74102_mandatory-watch1.jpg,,,189.6,50,NEW,39.0,19.0,10.0,0.4,7410.0,EUR,2,8,3
S7253061,8054704462024,de-DE,Gardening & DIY,Damenhalskette Albert M. WSOX00476.TG,"Wir präsentieren <b>Damenhalskette Albert M. WSOX00476.TG</b> und ein umfangreiches Sortiment von Ringen, Halsbändern, Armbändern, Ohrringen, usw. zu ","Wir präsentieren <b>Damenhalskette Albert M. WSOX00476.TG</b> und ein umfangreiches Sortiment von Ringen, Halsbändern, Armbändern, Ohrringen, usw. zu einem großartigen Preis. Erfahren Sie mehr über unsere exklusiven und eleganten Schmuck und Modeschmuck für jeden Geschmack und Stil.<br><br><ul><li>Geschlecht: Damen</li><li>Art: Damenhalskette</li></ul>",Pop Pulse Emporium,https://cdnbigbuy.com/images/8054704462024_S7253061_P01.jpg,https://cdnbigbuy.com/images/8054704462024_S7253061_P11.jpg,https://cdnbigbuy.com/images/8054704462024_S7253061_P21.jpg,,148.47,2,NEW,9.98,9.98,9.92,0.3,988.04,EUR,2,8,3
S71014691,0731855230020,de-DE,Gardening & DIY,Tastatur Turtle Beach Vulcan II Schwarz QWERTY,"Wenn Sie sich leidenschaftlich mit <b>IT und Elektronik</b> beschäftigen, mit der Technologie auf dem neuesten Stand sein wollen und nicht einmal die ","Wenn Sie sich leidenschaftlich mit <b>IT und Elektronik</b> beschäftigen, mit der Technologie auf dem neuesten Stand sein wollen und nicht einmal die winzigsten Einzelheiten auslassen, kaufen Sie <b>Tastatur Turtle Beach Vulcan II Schwarz QWERTY</b>.<br><br><ul><li>Farbe: Schwarz</li><li>Art: <ul><li>Tastatur</li><li>Gaming</li></ul></li><li>Länge des Kabels: 1,8 m</li><li>Schnittstelle: USB</li><li>Konnektivität: Wireless</li><li>Sprache: Englisch</li><li>Empfohlene verwendung: Gaming</li><li>T",Pop Pulse Emporium,https://cdnbigbuy.com/images/0731855230020_S71014691_P00.jpg,https://cdnbigbuy.com/images/0731855230020_S71014691_P40.jpg,https://cdnbigbuy.com/images/0731855230020_S71014691_P10.jpg,https://cdnbigbuy.com/images/0731855230020_S71014691_P50.jpg,197.62,4,NEW,31.19,20.78,11.27,0.78,7304.4,EUR,2,8,3
S77194719,6942103123542,de-DE,Gardening & DIY,Kabellose Kopfhörer mit Ladebox Huawei FREEBUDS 6I ORCA-T100,"Wenn Sie sich leidenschaftlich mit <b>IT und Elektronik</b> beschäftigen, mit der Technologie auf dem neuesten Stand sein wollen und nicht einmal die ","Wenn Sie sich leidenschaftlich mit <b>IT und Elektronik</b> beschäftigen, mit der Technologie auf dem neuesten Stand sein wollen und nicht einmal die winzigsten Einzelheiten auslassen, kaufen Sie <b>Kabellose Kopfhörer mit Ladebox Huawei FREEBUDS 6I ORCA-T100</b>.<br><br><ul><li>Art: <ul><li>Kopfhörer</li><li>Drahtlose Kopfhörer</li><li>Kopfhörer mit Mikrofon</li><li>Kopfhörer im Ohr</li></ul></li><li>Farbe: <ul><li>Weiß</li><li>Schwarz</li></ul></li><li>Merkmale: <ul><li>Lärmunterdrückung</li><",Pop Pulse Emporium,https://cdnbigbuy.com/images/6942103123542_M0801552_P00.jpg,https://cdnbigbuy.com/images/6942103123542_M0801552_P10.jpg,https://cdnbigbuy.com/images/6942103123542_M0801552_P20.jpg,,129.84,50,NEW,9.5,10.0,4.0,0.15,380.0,EUR,2,8,3
S7287650,8431283579143,de-DE,Gardening & DIY,Herrenuhr Mark Maddox HM0144-15 (Ø 44 mm),"Wenn Sie mit den neuesten Mode und Accessoire-Trends schritthalten wollen, kaufen Sie <b>Herrenuhr Mark Maddox HM0144-15 (Ø 44 mm)</b> zum besten Prei","Wenn Sie mit den neuesten Mode und Accessoire-Trends schritthalten wollen, kaufen Sie <b>Herrenuhr Mark Maddox HM0144-15 (Ø 44 mm)</b> zum besten Preis.<br><br><ul><li>Geschlecht: Herren</li><li>Extra Links: Kein</li><li>Typ der Uhr: Armbanduhr</li><li>Funktionen: Multifunktion</li><li>Enthalten: Inklusive Markenetui</li><li>Kristall: Mineral</li><li>Uhrwerk: Quarz</li><li>Durchmesser des Uhrengehäuses: Ø 44 mm</li><li>Farbe des Bandes: Silberfarben</li></ul>",Pop Pulse Emporium,https://cdnbigbuy.com/images/8431283579143_S7287650_P01.jpg,https://cdnbigbuy.com/images/86707_mandatory-watch1.jpg,,,109.73,2,NEW,32.0,19.0,10.0,0.4,6080.0,EUR,2,8,3
S71000919,3384349161040,de-DE,Gardening & DIY,"Küchenmaschine Béaba Babycook 1,1 L Braun","Wenn Sie Haushaltsgeräte zum besten Großhandelspreis suchen, dann verpassen Sie nicht Ihre Chance auf <b>Küchenmaschine Béaba Babycook 1,1 L Braun</b>","Wenn Sie Haushaltsgeräte zum besten Großhandelspreis suchen, dann verpassen Sie nicht Ihre Chance auf <b>Küchenmaschine Béaba Babycook 1,1 L Braun</b> sowie ein breites Sortiment an kleinen Haushaltsgeräten!<br><br><ul><li>Steckbares Produkt: Ja</li><li>Art: Küchenmaschine</li><li>Kapazität: 1,1 L</li><li>Maße ca.: 24 x 18 x 24 cm</li><li>Steckertyp: EU-Stecker</li><li>Funktionen: <ul><li>Dämpfen</li><li>Vermischen</li><li>Zermahlen</li><li>Entfrostfunktion</li></ul></li><li>Farbe: Braun</li></u",Pop Pulse Emporium,https://cdnbigbuy.com/images/3384349161040_S71000919_P00.jpg,https://cdnbigbuy.com/images/3384349161040_S71000919_P10.jpg,https://cdnbigbuy.com/images/3384349161040_S71000919_P20.jpg,https://cdnbigbuy.com/images/3384349161040_S71000919_P30.jpg,156.75,25,NEW,20.07,27.18,25.15,2.26,13719.39,EUR,2,8,3
S7150745,3384349124717,de-DE,Gardening & DIY,Küchenmaschine Béaba 912471 800 ml,"Wenn Sie Haushaltsgeräte zum besten Großhandelspreis suchen, dann verpassen Sie nicht Ihre Chance auf <b>Küchenmaschine Béaba 912471 800 ml</b> sowie ","Wenn Sie Haushaltsgeräte zum besten Großhandelspreis suchen, dann verpassen Sie nicht Ihre Chance auf <b>Küchenmaschine Béaba 912471 800 ml</b> sowie ein breites Sortiment an kleinen Haushaltsgeräten!<br><br><ul><li>Farbe: <ul><li>Blau</li><li>Weiß</li></ul></li><li>Steckbares Produkt: Ja</li><li>Steckertyp: EU-Stecker</li><li>Kapazität: 800 ml</li><li>Merkmale: Spülmaschinen</li><li>Empfohlenes Alter: + 6 Monate</li><li>Geschlecht: Unisex</li><li>Gewicht: 1,67 Kg</li></ul>",Pop Pulse Emporium,https://cdnbigbuy.com/images/3384349124717_S7150745_P02.jpg,https://cdnbigbuy.com/images/3384349124717_S7150745_P12.jpg,,,139.43,20,NEW,27.6,26.8,15.8,2.02,11686.94,EUR,2,8,3
S7198615,4007922053530,de-DE,Gardening & DIY,Mikroskop Bresser Junior,"Gehen Sie zurück ins Büro, ohne Details zu vergessen: Kaufen Sie <b>Mikroskop Bresser Junior</b> und seien Sie der Neid Ihrer Kollegen!<br><br><ul><li","Gehen Sie zurück ins Büro, ohne Details zu vergessen: Kaufen Sie <b>Mikroskop Bresser Junior</b> und seien Sie der Neid Ihrer Kollegen!<br><br><ul><li>Farbe: Rot</li><li>Material: <ul><li>Kautschuk</li><li>Pappe</li></ul></li><li>Spannung: 240 V</li><li>Stromquelle: Batterie</li><li>Technologie: LED</li><li>Anzahl der Batterien: 3</li><li>Batterie-Typ: AA</li><li>Batteriebetrieben: AA x 3, im lieferumfang enthalten</li><li>Gewicht: 1,4 Kg</li><li>Eingebaute Anzeige: Kein</li></ul>",Pop Pulse Emporium,https://cdnbigbuy.com/images/4007922053530_R00.jpg,https://cdnbigbuy.com/images/4007922053530_R30.jpg,https://cdnbigbuy.com/images/4007922053530_R20.jpg,,153.76,4,NEW,18.0,34.0,16.0,1.47,9792.0,EUR,2,8,3
S8425008,4009729028582,de-DE,Gardening & DIY,Heftklammern Novus NE 6 Electric 6 mm 5000 Stücke (20 Stück),"Gehen Sie zurück ins Büro, ohne Details zu vergessen: Kaufen Sie <b>Heftklammern Novus NE 6 Electric 6 mm 5000 Stücke (20 Stück)</b> und seien Sie der","Gehen Sie zurück ins Büro, ohne Details zu vergessen: Kaufen Sie <b>Heftklammern Novus NE 6 Electric 6 mm 5000 Stücke (20 Stück)</b> und seien Sie der Neid Ihrer Kollegen!<br><br><ul><li>Anzahl der Stücke: 5000 Stücke</li><li>Art: Heftklammern</li><li>Farbe: Silberfarben</li><li>Stückzahl: 20 Stück</li><li>Kapazität: 20 Blatt</li><li>Maße ca.: 6 mm</li></ul>",Pop Pulse Emporium,https://cdnbigbuy.com/images/4009729028582_S8425008_P0_icon2.jpg,https://cdnbigbuy.com/images/4009729028582_S8425008_P02.jpg,,,121.29,2,NEW,14.09,6.94,13.03,0.22,1274.13,EUR,2,8,3
S91116364,4033653032261,de-DE,Gardening & DIY,Elektronisches Klavier Behringer 27000791,"Wenn Sie auf der Suche nach trendigen Neuheiten auf dem Markt sind, präsentieren wir Ihnen <b>Elektronisches Klavier Behringer 27000791</b>!<br><br><u","Wenn Sie auf der Suche nach trendigen Neuheiten auf dem Markt sind, präsentieren wir Ihnen <b>Elektronisches Klavier Behringer 27000791</b>!<br><br><ul><li>Farbe: <ul><li>Gelb</li><li>Gold</li></ul></li><li>Stromquelle: <ul><li>CC</li><li>DC</li></ul></li><li>USB: 1</li><li>Spannung: 9 V</li><li>Eingang und Ausgang: <ul><li>MIDI-Eingang</li><li>MIDI Ausgang</li></ul></li><li>Breite: 30,5 cm</li><li>Anschlüsse: USB x 1</li><li>Länge: 16,5 cm</li></ul>",Pop Pulse Emporium,https://cdnbigbuy.com/images/4033653032261_S91116364_P00.jpg,https://cdnbigbuy.com/images/4033653032261_S91116364_P10.jpg,https://cdnbigbuy.com/images/4033653032261_S91116364_P20.jpg,https://cdnbigbuy.com/images/4033653032261_S91116364_P30.jpg,153.79,2,NEW,9.4,22.2,43.1,1.2,8994.11,EUR,2,8,3
S3036288,8424001985517,de-DE,Gardening & DIY,Weihnachtsbaum DKD Home Decor grün Metall Polyäthylen 80 x 80 x 183 cm 1 x 1 x 180 cm,"<p>Wenn Sie Ihrem Zuhause einen Hauch von Originalität verleihen möchten, tun Sie dies mit <b>Weihnachtsbaum DKD Home Decor grün Metall Polyäthylen 80","<p>Wenn Sie Ihrem Zuhause einen Hauch von Originalität verleihen möchten, tun Sie dies mit <b>Weihnachtsbaum DKD Home Decor grün Metall Polyäthylen 80 x 80 x 183 cm 1 x 1 x 180 cm</b>.</p><br><br><ul><li>Farbe: grün</li><li>Material: <ul><li>Metall</li><li>Polyäthylen</li></ul></li><li>Merkmale: LED Leicht</li><li>groß: 180 cm</li><li>Maße ca.: <ul><li>80 x 80 x 183 cm</li><li>1 x 1 x 180 cm</li></ul></li><li>Art: <ul><li>Weihnachten</li><li>Weihnachtsbaum</li></ul></li><li>Gewicht: 15 kg</li></",Pop Pulse Emporium,https://cdnbigbuy.com/images/8424001985517_S3036288_P53.jpg,https://cdnbigbuy.com/images/8424001985517_S3036288_P43.jpg,https://cdnbigbuy.com/images/8424001985517_S3036288_P33.jpg,https://cdnbigbuy.com/images/8424001985517_S3036288_P23.jpg,102.12,2,NEW,43.06,71.2,33.54,2.51,102829.35,EUR,2,8,3
S3727466,8033280414269,de-DE,Gardening & DIY,Rennstiefel Sparco SLALOM Rot/Schwarz Größe 44,"Wenn Sie Ihren Kleiderschrank erneuern möchten, empfehlen wir Ihnen <b>Rennstiefel Sparco SLALOM Rot/Schwarz Größe 44</b> und weitere <b> Produkte von","Wenn Sie Ihren Kleiderschrank erneuern möchten, empfehlen wir Ihnen <b>Rennstiefel Sparco SLALOM Rot/Schwarz Größe 44</b> und weitere <b> Produkte von Sparco</b>! Jetzt für Sie die beste Qualität zum besten Preis!<br><br><ul><li>Farbe: <ul><li>Schwarz</li><li>Rot</li></ul></li><li>Größe: 44</li><li>Merkmale: Abriebfest</li></ul>",Pop Pulse Emporium,https://cdnbigbuy.com/images/8033280414269_S3727466_P01.jpg,https://cdnbigbuy.com/images/27183_mandatory-motor1.jpg,,,154.38,1,NEW,25.0,10.0,25.0,10.0,6250.0,EUR,2,8,3
S7144499,3222870505707,de-DE,Gardening & DIY,Schaukel Trigano J-JOU057,"Für unsere Kinder möchten wir nur das Beste, und deshalb möchten wir Ihnen <b>Schaukel Trigano J-JOU057</b> vorstellen, perfekt für alle, die qualitat","Für unsere Kinder möchten wir nur das Beste, und deshalb möchten wir Ihnen <b>Schaukel Trigano J-JOU057</b> vorstellen, perfekt für alle, die qualitativ hochwertige Produkte für die Kleinsten suchen. Kaufen Sie <b>Trigano</b> zu den besten Preisen!<br><br><ul><li>Art: Für Kinder</li><li>Merkmale: individuell</li><li>Empfohlenes Alter: + 3 jahre</li><li>Anzahl der Spieler: 1 Spieler</li><li>Geeignet für: Außenbereich</li><li>Anzahl der Pole: 6</li><li>Sprache: Mehrsprachig</li><li>Geschlecht: Uni",Pop Pulse Emporium,https://cdnbigbuy.com/images/3222870505707_S7144499_P0_WBG3.jpg,https://cdnbigbuy.com/images/3222870505707_S7144499_P13.jpg,https://cdnbigbuy.com/images/3222870505707_S7144499_P1_WBG3.jpg,,103.06,10,NEW,31.6,40.0,19.0,1.66,24016.0,EUR,2,8,3
S9912455,5400520065612,de-DE,Gardening & DIY,"Koffer mittel American Tourister 133190-2645 Grau 67,5 x 42 x 27,5 cm","Bleiben Sie in Form und entdecken Sie die neuesten Innovationen der Branche, um mit den besten Voraussetzungen Sport zu betreiben! Kaufen Sie <b>Koffe","Bleiben Sie in Form und entdecken Sie die neuesten Innovationen der Branche, um mit den besten Voraussetzungen Sport zu betreiben! Kaufen Sie <b>Koffer mittel American Tourister 133190-2645 Grau 67,5 x 42 x 27,5 cm</b> zum besten Preis und genießen Sie ein gesundes Leben!<br><br><ul><li>Art: Trolley</li><li>Farbe: Grau</li><li>Material: 100 % polyester</li><li>Merkmale: 2 Taschen</li><li>Räder: Räder x 4</li><li>Maße ca.: 67,5 x 42 x 27,5 cm</li><li>Geschlecht: Unisex</li></ul>",Pop Pulse Emporium,https://cdnbigbuy.com/images/5400520065612_S9912455_P00.jpg,,,,120.24,2,NEW,26.0,38.44,46.38,4.21,46354.03,EUR,2,8,3
S8434072,4899888758587,de-DE,Gardening & DIY,"DVD-R Verbatim 4,7 GB 16x (4 Stück)","Wenn Sie sich leidenschaftlich mit <b>IT und Elektronik</b> beschäftigen, mit der Technologie auf dem neuesten Stand sein wollen und nicht einmal die ","Wenn Sie sich leidenschaftlich mit <b>IT und Elektronik</b> beschäftigen, mit der Technologie auf dem neuesten Stand sein wollen und nicht einmal die winzigsten Einzelheiten auslassen, kaufen Sie <b>DVD-R Verbatim 4,7 GB 16x (4 Stück)</b>.<br><br><ul><li>Art: DVD-R</li><li>Anzahl der Stücke: 50 Stücke</li><li>Interner Speicher: 4,7 GB</li><li>Geschwindigkeit: 16x</li><li>Stückzahl: 4 Stück</li></ul>",Pop Pulse Emporium,https://cdnbigbuy.com/images/S8434072_P0_icon1.jpg,https://cdnbigbuy.com/images/S8434072_P01.jpg,,,167.81,2,NEW,12.62,14.3,9.09,0.65,1640.44,EUR,2,8,3
S0391918,0196237483430,de-DE,Gardening & DIY,Handtasche Michael Kors 35H3STVT6B-PEARL-GREY,"Wenn Sie auf der Suche nach trendigen Neuheiten auf dem Markt sind, präsentieren wir Ihnen <b>Handtasche Michael Kors 35H3STVT6B-PEARL-GREY</b>!<br><b","Wenn Sie auf der Suche nach trendigen Neuheiten auf dem Markt sind, präsentieren wir Ihnen <b>Handtasche Michael Kors 35H3STVT6B-PEARL-GREY</b>!<br><br><ul><li>Art: Handtasche</li><li>Geschlecht: Damen</li><li>Farbe: Grau</li><li>Material: <ul><li>Canvas-Stoff</li><li>Kunstleder</li></ul></li><li>Verschluss Armband: Reißverschluss</li><li>Enthalten: Enthält Markenetui oder -hülle</li><li>Maße ca.: 36,8 x 26 x 17,1 cm</li></ul>",Pop Pulse Emporium,https://cdnbigbuy.com/images/0196237483430_S0391918_P00.jpg,https://cdnbigbuy.com/images/0196237483430_S0391918_P10.jpg,https://cdnbigbuy.com/images/0196237483430_S0391918_P20.jpg,,174.71,5,NEW,10.0,10.0,10.0,0.3,1000.0,EUR,2,8,3
S0387833,0197853084117,de-DE,Gardening & DIY,"Umhängetasche Michael Kors 35F4STVC1L-NAVY Blau 21 x 14 x 4,5 cm","Wenn Sie auf der Suche nach trendigen Neuheiten auf dem Markt sind, präsentieren wir Ihnen <b>Umhängetasche Michael Kors 35F4STVC1L-NAVY Blau 21 x 14 ","Wenn Sie auf der Suche nach trendigen Neuheiten auf dem Markt sind, präsentieren wir Ihnen <b>Umhängetasche Michael Kors 35F4STVC1L-NAVY Blau 21 x 14 x 4,5 cm</b>!<br><br><ul><li>Geschlecht: Damen</li><li>Art: Umhängetasche</li><li>Farbe: Blau</li><li>Material: Leder</li><li>Verschluss Armband: Plattenspeicher</li><li>Enthalten: Enthält Markenetui oder -hülle</li><li>Maße ca.: 21 x 14 x 4,5 cm</li></ul>",Pop Pulse Emporium,https://cdnbigbuy.com/images/0197853084117_S0387833_P00.jpg,https://cdnbigbuy.com/images/0197853084117_S0387833_P10.jpg,https://cdnbigbuy.com/images/0197853084117_S0387833_P20.jpg,,141.12,4,NEW,10.0,10.0,10.0,0.3,1000.0,EUR,2,8,3
M0515312,5099206088290,de-DE,Gardening & DIY,Hülle für Tablet und Tastatur Logitech 920-009478 Grau Graphit Qwerty Spanisch QWERTY,"Gehen Sie zurück ins Büro, ohne Details zu vergessen: Kaufen Sie <b>Hülle für Tablet und Tastatur Logitech 920-009478 Grau Graphit Qwerty Spanisch QWE","Gehen Sie zurück ins Büro, ohne Details zu vergessen: Kaufen Sie <b>Hülle für Tablet und Tastatur Logitech 920-009478 Grau Graphit Qwerty Spanisch QWERTY</b> und seien Sie der Neid Ihrer Kollegen!<br><br><ul><li>Art: <ul><li>Tastatur</li><li>Wireless</li><li>Hülle</li><li>Tablet Tasche</li></ul></li><li>Tastatur: <ul><li>QWERTY</li><li>Qwerty Spanisch</li></ul></li><li>Kompatibel: <ul><li>iPad 7</li><li>iPad (7th gen)</li></ul></li><li>Batterie: <ul><li>Litio Ion</li><li>220 mAh</li></ul></li><l",Pop Pulse Emporium,https://cdnbigbuy.com/images/5099206088290_M0515312_P00.jpg,https://cdnbigbuy.com/images/374528000.jpg,https://cdnbigbuy.com/images/374527990.jpg,,119.7,10,NEW,26.5,19.5,3.0,0.76,1550.25,EUR,2,8,3
S91110944,0716408562810,de-DE,Gardening & DIY,Einstellbare Unterstützung Shure 111-26-001,"Wenn Sie sich leidenschaftlich mit <b>IT und Elektronik</b> beschäftigen, mit der Technologie auf dem neuesten Stand sein wollen und nicht einmal die ","Wenn Sie sich leidenschaftlich mit <b>IT und Elektronik</b> beschäftigen, mit der Technologie auf dem neuesten Stand sein wollen und nicht einmal die winzigsten Einzelheiten auslassen, kaufen Sie <b>Einstellbare Unterstützung Shure 111-26-001</b>.<br><br><ul><li>Farbe: Schwarz</li></ul>",Pop Pulse Emporium,https://cdnbigbuy.com/images/0716408562810_I00.jpg,https://cdnbigbuy.com/images/0716408562810_I10.jpg,,,141.85,10,NEW,21.5,23.0,17.87,2.61,8836.72,EUR,2,8,3
S3618348,4899888545071,de-DE,Gardening & DIY,Messlöffel 3 in 1 Grau grün (473 ml),"Wenn Sie auf der Suche nach trendigen Neuheiten auf dem Markt sind, präsentieren wir Ihnen <b>Messlöffel Mascow W818303 grün Grau 473 ml 3 in 1 (24 St","Wenn Sie auf der Suche nach trendigen Neuheiten auf dem Markt sind, präsentieren wir Ihnen <b>Messlöffel Mascow W818303 grün Grau 473 ml 3 in 1 (24 Stück)</b>!<br><br><ul><li>Merkmale: <ul><li>Faltbar/kompakt</li><li>Klemme</li><li>3 in 1</li></ul></li><li>Haustier: Katze</li><li>Art: Messlöffel</li><li>Farbe: <ul><li>grün</li><li>Grau</li></ul></li><li>Material: <ul><li>Polypropylen</li><li>TPE</li></ul></li><li>Stückzahl: 24 Stück</li><li>Kapazität: 473 ml</li></ul>",Pop Pulse Emporium,https://cdnbigbuy.com/images/S3618348_28430852815983_P1_icon1.jpg,https://cdnbigbuy.com/images/S3618348_28430852815983_P11.jpg,,,103.21,2,NEW,38.5,29.0,31.0,3.35,34611.5,EUR,2,8,3
S71004597,3760119731741,de-DE,Gardening & DIY,Stehlampe Lumisky H150 Weiß,"<p>Wenn Sie Ihrem Zuhause einen Hauch von Originalität verleihen möchten, tun Sie dies mit <b>Stehlampe Lumisky H150 Weiß</b>.</p><br><br><ul><li>Art:","<p>Wenn Sie Ihrem Zuhause einen Hauch von Originalität verleihen möchten, tun Sie dies mit <b>Stehlampe Lumisky H150 Weiß</b>.</p><br><br><ul><li>Art: Stehlampe</li><li>Steckbares Produkt: Ja</li><li>Steckertyp: EU-Stecker</li><li>Farbe: Weiß</li><li>Material: Polyäthylen</li><li>Kappe: E27</li><li>IP-Klassifizierung: IP44</li></ul>",Pop Pulse Emporium,https://cdnbigbuy.com/images/3760119731741_S71004597_P00.jpg,https://cdnbigbuy.com/images/3760119731741_S71004597_P30.jpg,https://cdnbigbuy.com/images/3760119731741_S71004597_P40.jpg,https://cdnbigbuy.com/images/3760119731741_S71004597_P50.jpg,153.13,2,NEW,53.0,45.0,28.0,4.25,66780.0,EUR,2,8,3
S8439839,8421938470239,de-DE,Gardening & DIY,Ringbuch DOHE Rosa A4 (12 Stück),"Wenn Sie auf der Suche nach trendigen Neuheiten auf dem Markt sind, präsentieren wir Ihnen <b>Ringbuch DOHE Rosa A4 (12 Stück)</b>!<br><br><ul><li>Art","Wenn Sie auf der Suche nach trendigen Neuheiten auf dem Markt sind, präsentieren wir Ihnen <b>Ringbuch DOHE Rosa A4 (12 Stück)</b>!<br><br><ul><li>Art: Ringbuch</li><li>Farbe: Rosa</li><li>Ringe: 4 Ringe (35 mm)</li><li>Enthalten: Distanzstücke</li><li>Gewicht: 90 g/m²</li><li>Verschluss Armband: Gummi</li><li>Blatt: 100 Blatt</li><li>Stückzahl: 12 Stück</li><li>Material: Polyfoam</li><li>Format: A4</li><li>Gitter: 5 mm</li></ul>",Pop Pulse Emporium,https://cdnbigbuy.com/images/8421938470239_s8439839_p0_icon0.jpg,https://cdnbigbuy.com/images/8421938470239_S8439839_P00.jpg,,,178.41,2,NEW,5.89,26.65,31.69,0.5,4974.33,EUR,2,8,3
S0392221,4894626177477,de-DE,Gardening & DIY,Herrenuhr Just Cavalli JC1G214L0045 (Ø 44 mm),"Wenn Sie auf der Suche nach trendigen Neuheiten auf dem Markt sind, präsentieren wir Ihnen <b>Herrenuhr Just Cavalli JC1G214L0045 (Ø 44 mm)</b>!<br><b","Wenn Sie auf der Suche nach trendigen Neuheiten auf dem Markt sind, präsentieren wir Ihnen <b>Herrenuhr Just Cavalli JC1G214L0045 (Ø 44 mm)</b>!<br><br><ul><li>Geschlecht: Herren</li><li>Extra Links: Kein</li><li>Typ der Uhr: Armbanduhr</li><li>Enthalten: Enthält Markenetui oder -hülle</li><li>Wasserdicht: 10 atm</li><li>Funktionen: Stoppuhr</li><li>Merkmale: Multifunktion</li><li>Uhrengehäuse-Material: Edelstahl</li><li>Uhrwerk: Quarz</li><li>Kristall: Mineral</li><li>Verschluss Armband: Schlie",Pop Pulse Emporium,https://cdnbigbuy.com/images/4894626177477_S7234327_P00.jpg,https://cdnbigbuy.com/images/4894626177477_R20.jpg,https://cdnbigbuy.com/images/4894626177477_S0392221_P00.jpg,https://cdnbigbuy.com/images/4894626177477_S7234327_P10.jpg,107.43,5,NEW,32.0,19.0,10.0,0.4,6080.0,EUR,2,8,3
S3031422,8424001951888,de-DE,Gardening & DIY,"Deckenlampe DKD Home Decor Gold Metall Weiß Harz 50 W (29,5 x 22 x 44,5 cm) (2 Stück)","<p>Wenn Sie Ihrem Zuhause einen Hauch von Originalität verleihen möchten, tun Sie dies mit <b>Deckenlampe DKD Home Decor Gold Metall Weiß Harz 50 W (2","<p>Wenn Sie Ihrem Zuhause einen Hauch von Originalität verleihen möchten, tun Sie dies mit <b>Deckenlampe DKD Home Decor Gold Metall Weiß Harz 50 W (29,5 x 22 x 44,5 cm) (2 Stück)</b>.</p><br><br><ul><li>Farbe: <ul><li>Weiß</li><li>Gold</li></ul></li><li>Material: <ul><li>Metall</li><li>Harz</li></ul></li><li>Kappe: E27</li><li>Spannung: 220 V</li><li>Glühbirnen: 1</li><li>Nicht erhalten: <ul><li>Batterie</li><li>Glühbirne</li></ul></li><li>Leistung: 50 W</li><li>Stück: 2 Stück</li><li>Design: T",Pop Pulse Emporium,https://cdnbigbuy.com/images/8424001951888_S3031422_P43.jpg,https://cdnbigbuy.com/images/8424001951888_S3031422_P03.jpg,https://cdnbigbuy.com/images/8424001951888_S3031422_P13.jpg,https://cdnbigbuy.com/images/8424001951888_S3031422_P23.jpg,130.17,25,NEW,22.0,29.5,44.5,4.4,28880.5,EUR,2,8,3
S8409752,0886111334957,de-DE,Gardening & DIY,Original Toner HP CF210A Schwarz,"Gehen Sie zurück ins Büro, ohne Details zu vergessen: Kaufen Sie <b>Original Toner HP CF210A Schwarz</b> und seien Sie der Neid Ihrer Kollegen!<br><br","Gehen Sie zurück ins Büro, ohne Details zu vergessen: Kaufen Sie <b>Original Toner HP CF210A Schwarz</b> und seien Sie der Neid Ihrer Kollegen!<br><br><ul><li>Farbe: Schwarz</li><li>Kompatibel: <ul><li>LASERJET PRO 200 COLOR MFP M276N</li><li>LASERJET PRO 200 COLOR PRINTER M251N</li><li>LASERJET PRO 200 COLOR PRINTER M251NW</li><li>LASERJET PRO 200 M276NW</li></ul></li></ul>",Pop Pulse Emporium,https://cdnbigbuy.com/images/0886111334957_A22.jpg,,,,115.66,1,NEW,10.41,11.18,27.94,0.72,3251.76,EUR,2,8,3
S72111718,8050506115625,de-DE,Gardening & DIY,Herrenarmreif Talent Jewels TJA-3-19-01-2-215 Schwarz,"Wir präsentieren <b>Herrenarmreif Talent Jewels TJA-3-19-01-2-215 Schwarz</b> und ein umfangreiches Sortiment von Ringen, Halsbändern, Armbändern, Ohr","Wir präsentieren <b>Herrenarmreif Talent Jewels TJA-3-19-01-2-215 Schwarz</b> und ein umfangreiches Sortiment von Ringen, Halsbändern, Armbändern, Ohrringen, usw. zu einem großartigen Preis. Erfahren Sie mehr über unsere exklusiven und eleganten Schmuck und Modeschmuck für jeden Geschmack und Stil.<br><br><ul><li>Art: Armreif</li><li>Geschlecht: Herren</li><li>Farbe: Schwarz</li></ul>",Pop Pulse Emporium,https://cdnbigbuy.com/images/8050506115625_S72111718_P00.jpg,,,,123.12,25,NEW,10.0,10.0,10.0,0.3,1000.0,EUR,2,8,3
S55069754,7291063043674,de-DE,Gardening & DIY,"HDMI Kabel Kramer Electronics 97-01213050 Schwarz 15,2 m","Wenn Sie sich leidenschaftlich mit <b>IT und Elektronik</b> beschäftigen, mit der Technologie auf dem neuesten Stand sein wollen und nicht einmal die ","Wenn Sie sich leidenschaftlich mit <b>IT und Elektronik</b> beschäftigen, mit der Technologie auf dem neuesten Stand sein wollen und nicht einmal die winzigsten Einzelheiten auslassen, kaufen Sie <b>HDMI Kabel Kramer Electronics 97-01213050 Schwarz 15,2 m</b>.<br><br><ul><li>Steckbares Produkt: Ja</li><li>Steckertyp: EU-Stecker</li><li>Art: <ul><li>Stecker</li><li>Stecker/Stecker</li></ul></li><li>Farbe: Schwarz</li><li>Anschlüsse: HDMI</li><li>Frequenz: 60 Hz</li><li>Auflösung (px): 1080 px</li",Pop Pulse Emporium,https://cdnbigbuy.com/images/196642860.jpg,,,,131.18,5,NEW,22.0,20.0,8.0,1.18,3520.0,EUR,2,8,3
S9195633,5903940705675,de-DE,Gardening & DIY,Gehhilfe auf Rädern Reha Fund RF 622,"Wenn Ihnen Ihre Gesundheit am Herzen liegt und Sie Produkte haben möchten, die <b> Schutz und Wellness</b> bieten, dann kaufen Sie <b> Gehhilfe auf Rä","Wenn Ihnen Ihre Gesundheit am Herzen liegt und Sie Produkte haben möchten, die <b> Schutz und Wellness</b> bieten, dann kaufen Sie <b> Gehhilfe auf Rädern Reha Fund RF 622</b> und viele andere <b>Produkte von Reha Fund</b> zu den besten Preisen!<br><br><ul><li>Farbe: <ul><li>Schwarz</li><li>Grau</li></ul></li><li>Material: Aluminium</li><li>Ungefähres Gewicht: 5 kg</li><li>Biegsam: Ja</li></ul>",Pop Pulse Emporium,https://cdnbigbuy.com/images/5903940705675_S9195633_P00.jpg,,,,139.79,2,NEW,77.0,38.5,15.0,5.93,44467.5,EUR,2,8,3
S0389943,0197853431997,de-DE,Gardening & DIY,Handtasche Michael Kors 35S5STVW3I-OPTIC-WHITE,"Wenn Sie auf der Suche nach trendigen Neuheiten auf dem Markt sind, präsentieren wir Ihnen <b>Handtasche Michael Kors 35S5STVW3I-OPTIC-WHITE</b>!<br><","Wenn Sie auf der Suche nach trendigen Neuheiten auf dem Markt sind, präsentieren wir Ihnen <b>Handtasche Michael Kors 35S5STVW3I-OPTIC-WHITE</b>!<br><br><ul><li>Art: Handtasche</li><li>Geschlecht: Damen</li><li>Farbe: Weiß</li><li>Material: Haut</li><li>Verschluss Armband: Reißverschluss</li><li>Enthalten: Enthält Markenetui oder -hülle</li><li>Maße ca.: 25 x 14 x 1 cm</li></ul>",Pop Pulse Emporium,https://cdnbigbuy.com/images/0197853431997_S0389943_P00.jpg,https://cdnbigbuy.com/images/0197853431997_S0389943_P10.jpg,https://cdnbigbuy.com/images/0197853431997_S0389943_P20.jpg,,105.57,5,NEW,10.0,10.0,10.0,0.3,1000.0,EUR,2,8,3
S3714104,8024055166230,de-DE,Gardening & DIY,Autofelge MOMO HYPERSTAR EVO ET35,Statten Sie Ihr Fahrzeug mit den neuesten Produkten aus - kaufen Sie <b>Autofelge MOMO HYPERSTAR EVO ET35</b> und verpassen Sie kein Detail!<br><br><u,"Statten Sie Ihr Fahrzeug mit den neuesten Produkten aus - kaufen Sie <b>Autofelge MOMO HYPERSTAR EVO ET35</b> und verpassen Sie kein Detail!<br><br><ul><li>Tiefe der Felge (ET): ET35</li><li>Verankerung für Felge (PCD): PCD 5x100</li><li>Buchsengröße (CB): CB 72,3</li><li>Durchmesser: 15""</li><li>Breite: 6,5 x 15""</li><li>Farbe: Matte Hinterseite</li><li>Material: Aluminium</li><li>Gewicht: 8 kg</li><li>Finish: Aluminium</li></ul>",Pop Pulse Emporium,https://cdnbigbuy.com/images/8024055166230_S3714104_P01.jpg,,,,150.63,1,NEW,55.0,55.0,35.0,12.0,105875.0,EUR,2,8,3
S91119487,0198154671105,de-DE,Gardening & DIY,"Tablet Lenovo ZAEH0049SE 10,1"" MediaTek Helio G85 4 GB RAM 128 GB Grau","Wenn Sie sich leidenschaftlich mit <b>IT und Elektronik</b> beschäftigen, mit der Technologie auf dem neuesten Stand sein wollen und nicht einmal die ","Wenn Sie sich leidenschaftlich mit <b>IT und Elektronik</b> beschäftigen, mit der Technologie auf dem neuesten Stand sein wollen und nicht einmal die winzigsten Einzelheiten auslassen, kaufen Sie <b>Tablet Lenovo ZAEH0049SE 10,1"" MediaTek Helio G85 4 GB RAM 128 GB Grau</b>.<br><br><ul><li>Art: Tablet</li><li>Steckertyp: EU-Stecker</li><li>Steckbares Produkt: Ja</li><li>Diagonale des Bildschirms (cm): 25,7 cm</li><li>Farbe: Grau</li><li>Merkmale: <ul><li>Frontkamera</li><li>Autofokus</li><li>Inkl",Pop Pulse Emporium,https://cdnbigbuy.com/images/0198154671105_S9916987_P00.jpg,,,,177.21,25,NEW,17.5,6.5,25.5,0.89,2900.62,EUR,2,8,3
S37113891,8435682605984,de-DE,Gardening & DIY,"Schraubensatz OMP OMPS09981408 28 mm grün M14 x 1,50","Statten Sie Ihr Fahrzeug mit den neuesten Produkten aus - kaufen Sie <b>Schraubensatz OMP OMPS09981408 28 mm grün M14 x 1,50</b> und verpassen Sie kei","Statten Sie Ihr Fahrzeug mit den neuesten Produkten aus - kaufen Sie <b>Schraubensatz OMP OMPS09981408 28 mm grün M14 x 1,50</b> und verpassen Sie kein Detail!<br><br><ul><li>Farbe: grün</li><li>Schraube: M14 x 1,50</li><li>Länge: 28 mm</li><li>Art: DIN 12.9</li><li>Stück: 20 Stück</li><li>Material: Aluminium</li></ul>",Pop Pulse Emporium,https://cdnbigbuy.com/images/8435682605984_S37113891_P00.jpg,,,,141.6,2,NEW,5.0,5.0,5.0,1.0,125.0,EUR,2,8,3
S0464335,6970100377552,de-DE,Gardening & DIY,Smartwatch Amazfit W2433EU1N Schwarz Silberfarben,"Wenn Sie sich leidenschaftlich mit <b>IT und Elektronik</b> beschäftigen, mit der Technologie auf dem neuesten Stand sein wollen und nicht einmal die ","Wenn Sie sich leidenschaftlich mit <b>IT und Elektronik</b> beschäftigen, mit der Technologie auf dem neuesten Stand sein wollen und nicht einmal die winzigsten Einzelheiten auslassen, kaufen Sie <b>Smartwatch Amazfit W2433EU1N Schwarz Silberfarben</b>.<br><br><ul><li>Typ der Uhr: Smartwatch</li><li>Steckbares Produkt: Ja</li><li>Farbe: <ul><li>Schwarz</li><li>Silberfarben</li></ul></li><li>Merkmale: <ul><li>Water resistant</li><li>Beschleunigungsmesser</li><li>Touchscreen</li><li>Umgebungslicht",Pop Pulse Emporium,https://cdnbigbuy.com/images/6970100377552_S0464335_P00.jpg,,,,165.61,25,NEW,11.49,10.93,10.1,0.19,1268.42,EUR,2,8,3
S37115197,8027280359149,de-DE,Gardening & DIY,Rennsport-Sitz OMP 33 Flacher Boden kart 33 cm,Statten Sie Ihr Fahrzeug mit den neuesten Produkten aus - kaufen Sie <b>Rennsport-Sitz OMP 33 Flacher Boden kart 33 cm</b> und verpassen Sie kein Deta,Statten Sie Ihr Fahrzeug mit den neuesten Produkten aus - kaufen Sie <b>Rennsport-Sitz OMP 33 Flacher Boden kart 33 cm</b> und verpassen Sie kein Detail!<br><br><ul><li>Geeignet für: Flacher Boden</li><li>Art: Rennsport-Sitz</li><li>Empfohlene verwendung: kart</li><li>Sport: Racing</li><li>Farbe: Weiß</li><li>Breite: 33 cm</li><li>Material: Fiberglas</li><li>Größe: 33</li><li>Gewicht: 1 kg</li></ul>,Pop Pulse Emporium,https://cdnbigbuy.com/images/8027280359149_S37115197_P00.jpg,,,,125.92,2,NEW,33.0,33.0,33.0,1.5,35937.0,EUR,2,8,3
S77212397,0195949751042,de-DE,Gardening & DIY,VGA Kabel Apple MYH83Z/A,"Wenn Sie auf der Suche nach trendigen Neuheiten auf dem Markt sind, präsentieren wir Ihnen <b>VGA Kabel Apple MYH83Z/A</b>!","Wenn Sie auf der Suche nach trendigen Neuheiten auf dem Markt sind, präsentieren wir Ihnen <b>VGA Kabel Apple MYH83Z/A</b>!",Pop Pulse Emporium,https://cdnbigbuy.com/images/0195949751042_S77212397_P00.jpg,,,,106.62,24,NEW,14.0,13.0,7.5,0.28,1365.0,EUR,2,8,3
S7192578,0074451130692,de-DE,Gardening & DIY,Hängematte Bright Starts,"Für unsere Kinder möchten wir Ihnen <b>Hängematte Bright Starts</b> vorstellen, perfekt für alle, die qualitativ hochwertige Produkte für die Kleinste","Für unsere Kinder möchten wir Ihnen <b>Hängematte Bright Starts</b> vorstellen, perfekt für alle, die qualitativ hochwertige Produkte für die Kleinsten suchen. Kaufen Sie <b>Bright Starts</b> und weitere Marken und Lizenzen zu den besten Preisen!<br><br><ul><li>Art: Hängematte</li><li>Farbe: Bunt</li><li>Material: <ul><li>Hartplastik</li><li>Polyester</li></ul></li><li>Merkmale: Kompakt</li><li>Empfohlenes Alter: + 0 Monate</li></ul>",Pop Pulse Emporium,https://cdnbigbuy.com/images/0074451130692_S7192578_P00.jpg,https://cdnbigbuy.com/images/0074451130692_S7192578_P30.jpg,https://cdnbigbuy.com/images/0074451130692_S7192578_P40.jpg,https://cdnbigbuy.com/images/0074451130692_S7192578_P50.jpg,100.36,10,NEW,57.4,14.0,33.6,3.72,27000.96,EUR,2,8,3
S91110059,5902349391892,de-DE,Gardening & DIY,Gitarre Arrow L2050026,"Wenn Sie auf der Suche nach trendigen Neuheiten auf dem Markt sind, präsentieren wir Ihnen <b>Gitarre Arrow L2050026</b>!<br><br><ul><li>Farbe: natürl","Wenn Sie auf der Suche nach trendigen Neuheiten auf dem Markt sind, präsentieren wir Ihnen <b>Gitarre Arrow L2050026</b>!<br><br><ul><li>Farbe: natürlich</li></ul>",Pop Pulse Emporium,https://cdnbigbuy.com/images/5902349391892_S91110059_P00.jpg,,,,102.96,1,NEW,13.0,49.0,95.0,1.94,60515.0,EUR,2,8,3
S2215742,8718226491756,de-DE,Gardening & DIY,"Tafel Securit Staffelei Double 85 x 54,5 x 44 cm","Gehen Sie zurück ins Büro, ohne Details zu vergessen: Kaufen Sie <b>Tafel Securit Staffelei Double 85 x 54,5 x 44 cm</b> und seien Sie der Neid Ihrer ","Gehen Sie zurück ins Büro, ohne Details zu vergessen: Kaufen Sie <b>Tafel Securit Staffelei Double 85 x 54,5 x 44 cm</b> und seien Sie der Neid Ihrer Kollegen!<br><br><ul><li>Art: Gastronomie</li><li>Merkmale: <ul><li>Staffelei</li><li>Double</li></ul></li><li>Maße ca.: 85 x 54,5 x 44 cm</li></ul>",Pop Pulse Emporium,https://cdnbigbuy.com/images/8718226491756_S2215742_P01.jpg,,,,100.85,50,NEW,85.0,54.5,5.0,5.45,23162.5,EUR,2,8,3
S0388421,7613272578622,de-DE,Gardening & DIY,Damenuhr Tommy Hilfiger (Ø 34 mm),"Wenn Sie mit den neuesten Mode und Accessoire-Trends schritthalten wollen, kaufen Sie <b>Damenuhr Tommy Hilfiger (Ø 34 mm)</b> zum besten Preis.<br><b","Wenn Sie mit den neuesten Mode und Accessoire-Trends schritthalten wollen, kaufen Sie <b>Damenuhr Tommy Hilfiger (Ø 34 mm)</b> zum besten Preis.<br><br><ul><li>Geschlecht: Damen</li><li>Extra Links: Kein</li><li>Typ der Uhr: Armbanduhr</li><li>Material des Armbands: Edelstahl</li><li>Farbe des Bandes: Silberfarben</li><li>Farbe des Uhrengehäuses: Silberfarben</li><li>Farbe der Krone: Silberfarben</li><li>Enthalten: Enthält Markenetui oder -hülle</li><li>Uhrwerk: Quarz</li><li>Uhrengehäuse-Materi",Pop Pulse Emporium,https://cdnbigbuy.com/images/7613272578622_S0388421_P00.jpg,https://cdnbigbuy.com/images/7613272578622_S0388421_P10.jpg,https://cdnbigbuy.com/images/84780_mandatory-watch0.jpg,,142.98,10,NEW,32.0,19.0,10.0,0.4,6080.0,EUR,2,8,3
S7204553,8033100876864,de-DE,Gardening & DIY,Damenuhr Chronotech CT-7941LS_01,"Wenn Sie mit den neuesten Mode und Accessoire-Trends schritthalten wollen, kaufen Sie <b>Damenuhr Chronotech CT-7941LS_01</b> zum besten Preis.<br><br","Wenn Sie mit den neuesten Mode und Accessoire-Trends schritthalten wollen, kaufen Sie <b>Damenuhr Chronotech CT-7941LS_01</b> zum besten Preis.<br><br><ul><li>Geschlecht: Damen</li><li>Extra Links: Kein</li><li>Typ der Uhr: Armbanduhr</li><li>Material des Gehäuses: Edelstahl</li><li>Farbe des Bandes: Bunt</li><li>Uhrwerk: Quarz</li><li>Merkmale: ohne Verschluss</li><li>Empfohlene verwendung: Erwachsener Unisexueller</li></ul>",Pop Pulse Emporium,https://cdnbigbuy.com/images/8033100876864_S7204553_P01.jpg,https://cdnbigbuy.com/images/4554_mandatory-watch1.jpg,,,141.73,1,NEW,20.0,20.0,20.0,0.4,8000.0,EUR,2,8,3
S7285063,3608701169650,de-DE,Gardening & DIY,Herrenuhr Nixon A1369-510,"Wenn Sie mit den neuesten Mode und Accessoire-Trends schritthalten wollen, kaufen Sie <b>Herrenuhr Nixon A1369-510</b> zum besten Preis.<br><br><ul><l","Wenn Sie mit den neuesten Mode und Accessoire-Trends schritthalten wollen, kaufen Sie <b>Herrenuhr Nixon A1369-510</b> zum besten Preis.<br><br><ul><li>Geschlecht: Herren</li><li>Extra Links: Kein</li><li>Typ der Uhr: Armbanduhr</li></ul>",Pop Pulse Emporium,https://cdnbigbuy.com/images/3608701169650_R00.jpg,https://cdnbigbuy.com/images/3608701169650_R10.jpg,https://cdnbigbuy.com/images/84120_mandatory-watch0.jpg,,199.26,2,NEW,32.0,19.0,10.0,0.4,6080.0,EUR,2,8,3
S0390463,8018225011710,de-DE,Gardening & DIY,Herrenuhr Citizen BM8476-23E,"Wenn Sie mit den neuesten Mode und Accessoire-Trends schritthalten wollen, kaufen Sie <b>Herrenuhr Citizen BM8476-23E</b> zum besten Preis.<br><br><p>","Wenn Sie mit den neuesten Mode und Accessoire-Trends schritthalten wollen, kaufen Sie <b>Herrenuhr Citizen BM8476-23E</b> zum besten Preis.<br><br><p>Die <b>Citizen Armbanduhr BM8476-23E</b> ist ein speziell für Herren entwickeltes Accessoire, das fortschrittliche Funktionalität mit klassischem und praktischem Design verbindet. Dieses Modell zeichnet sich durch seinen <b>solarbetriebenen Uhrwerktyp</b> aus, der Lichtenergie nutzt, um die Uhr ohne häufigen Batteriewechsel anzutreiben, was Nachhal",Pop Pulse Emporium,https://cdnbigbuy.com/images/8018225011710_S7234215_P00.jpg,https://cdnbigbuy.com/images/86822_mandatory-watch0.jpg,https://cdnbigbuy.com/images/33379_mandatory-watch0.jpg,https://cdnbigbuy.com/images/8018225011710_S0390463_P00.jpg,176.55,5,NEW,32.0,19.0,10.0,0.4,6080.0,EUR,2,8,3
S0382093,8053672895964,de-DE,Gardening & DIY,Herrensonnenbrille Burberry BE3099-11452L Gold Ø 61 mm,"Wenn Sie gern die neusten Produkte aus <b>Fashion & Accessoires</b> tragen möchten, dann sind Accessoires, wie die <b>Herrensonnenbrille Burberry BE30","Wenn Sie gern die neusten Produkte aus <b>Fashion & Accessoires</b> tragen möchten, dann sind Accessoires, wie die <b>Herrensonnenbrille Burberry BE3099-11452L Gold Ø 61 mm</b> ein Muss, um Ihren Look abzurunden! Vertrauen Sie auf die Marken für <b>Sonnenbrillen</b>.<br><br><ul><li>Art: Herrensonnenbrille</li><li>Schutz: 100% Schutz vor UV (UV400)</li><li>Geschlecht: Herren</li><li>Material der Linsen: Polycarbonat</li><li>Farbe der Fassung: Gold</li><li>Material: Metall</li><li>Objektiv Typ: Ab",Pop Pulse Emporium,https://cdnbigbuy.com/images/8053672895964_S0382093_P00.jpg,https://cdnbigbuy.com/images/8053672895964_S0382093_P10.jpg,,,131.77,8,NEW,10.0,10.0,10.0,0.3,1000.0,EUR,2,8,3
S0378566,5060496418586,de-DE,Gardening & DIY,Damenuhr Olivia Burton OB16FS99 (Ø 38 mm),"Wenn Sie mit den neuesten Mode und Accessoire-Trends schritthalten wollen, kaufen Sie <b>Damenuhr Olivia Burton OB16FS99 (Ø 38 mm)</b> zum besten Prei","Wenn Sie mit den neuesten Mode und Accessoire-Trends schritthalten wollen, kaufen Sie <b>Damenuhr Olivia Burton OB16FS99 (Ø 38 mm)</b> zum besten Preis.<br><br><ul><li>Geschlecht: Damen</li><li>Extra Links: Kein</li><li>Typ der Uhr: Armbanduhr</li><li>Material des Armbands: Haut</li><li>Uhrengehäuse-Material: Stahl</li><li>Uhrwerk: Quarz</li><li>Kristall: Mineral</li><li>Enthalten: Inklusive Markenetui</li><li>Verschluss Armband: Schließe</li><li>Farbe der Krone: Grau</li><li>Farbe des Uhrengehä",Pop Pulse Emporium,https://cdnbigbuy.com/images/5060496418586_S0378566_P01.jpg,https://cdnbigbuy.com/images/74925_mandatory-watch1.jpg,,,122.4,2,NEW,39.0,19.0,10.0,0.4,7410.0,EUR,2,8,3
S0383527,3700565222585,de-DE,Gardening & DIY,Damensonnenbrille Vuarnet VL200200041622 Ø 52 mm,"Wenn Sie gern die neusten Produkte aus <b>Fashion & Accessoires</b> tragen möchten, dann sind Accessoires, wie die <b>Damensonnenbrille Vuarnet VL2002","Wenn Sie gern die neusten Produkte aus <b>Fashion & Accessoires</b> tragen möchten, dann sind Accessoires, wie die <b>Damensonnenbrille Vuarnet VL200200041622 Ø 52 mm</b> ein Muss, um Ihren Look abzurunden! Vertrauen Sie auf die Marken für <b>Sonnenbrillen</b>.<br><br><ul><li>Art: Damensonnenbrille</li><li>Geschlecht: Damen</li><li>Schutz: 100% Schutz vor UV (UV400)</li><li>Material der Linsen: Polycarbonat</li><li>Farbe: Braun</li><li>Material: Azetat</li><li>Farbe der Linsen: grün</li><li>Enth",Pop Pulse Emporium,https://cdnbigbuy.com/images/3700565222585_S0383527_P00.jpg,,,,109.3,50,NEW,10.0,10.0,10.0,0.3,1000.0,EUR,2,8,3
M0802605,6921815626299,de-DE,Gardening & DIY,Bluetooth in Ear Headset OnePlus Buds 3 Blau,"Wenn Sie sich leidenschaftlich mit <b>IT und Elektronik</b> beschäftigen, mit der Technologie auf dem neuesten Stand sein wollen und nicht einmal die ","Wenn Sie sich leidenschaftlich mit <b>IT und Elektronik</b> beschäftigen, mit der Technologie auf dem neuesten Stand sein wollen und nicht einmal die winzigsten Einzelheiten auslassen, kaufen Sie <b>Bluetooth in Ear Headset OnePlus Buds 3 Blau</b>.<br><br><ul><li>Konnektivität: <ul><li>Bluetooth</li><li>Bluetooth 5.3</li></ul></li><li>Farbe: Blau</li><li>Art: <ul><li>Kopfhörer im Ohr</li><li>Kopfhörer mit Mikrofon</li><li>Intra-aurikulär</li></ul></li><li>Anschlüsse: USB-C</li><li>Ungefähre Reic",Pop Pulse Emporium,https://cdnbigbuy.com/images/6921815626299_M0802605_P00.jpg,https://cdnbigbuy.com/images/6921815626299_M0802605_P20.jpg,https://cdnbigbuy.com/images/6921815626299_M0802605_P10.jpg,,104.92,2,NEW,8.37,7.25,6.17,0.14,374.41,EUR,2,8,3
S7274863,8430622736926,de-DE,Gardening & DIY,Herrenuhr Festina F20445/6 Schwarz Silberfarben,"Wenn Sie mit den neuesten Mode und Accessoire-Trends schritthalten wollen, kaufen Sie <b>Herrenuhr Festina F20445/6 Schwarz Silberfarben</b> zum beste","Wenn Sie mit den neuesten Mode und Accessoire-Trends schritthalten wollen, kaufen Sie <b>Herrenuhr Festina F20445/6 Schwarz Silberfarben</b> zum besten Preis.<br><br><ul><li>Geschlecht: Herren</li><li>Extra Links: Kein</li><li>Typ der Uhr: Armbanduhr</li><li>Land/Region der Herstellung: China</li><li>Farbe: <ul><li>Schwarz</li><li>Silberfarben</li></ul></li><li>Jahr: 2019</li><li>Material des Armbands: Edelstahl</li><li>Material des Gehäuses: Edelstahl</li><li>Durchmesser: 43 mm</li><li>Uhrwerk:",Pop Pulse Emporium,https://cdnbigbuy.com/images/8430622736926_S7274863_P01.jpg,https://cdnbigbuy.com/images/73920_mandatory-watch1.jpg,,,158.83,50,NEW,14.15,12.43,10.11,0.3,1778.19,EUR,2,8,3
S2425789,8056379136538,de-DE,Gardening & DIY,Playset Famosa Little Live Pets,"Für unsere Kinder möchten wir nur das Beste, und deshalb möchten wir Ihnen <b>Playset Famosa Little Live Pets</b> vorstellen, perfekt für alle, die qu","Für unsere Kinder möchten wir nur das Beste, und deshalb möchten wir Ihnen <b>Playset Famosa Little Live Pets</b> vorstellen, perfekt für alle, die qualitativ hochwertige Produkte für die Kleinsten suchen. Kaufen Sie <b>Famosa</b> zu den besten Preisen!<br><br><ul><li>Funktionen: <ul><li>Licht</li><li>Sound</li></ul></li><li>Anzahl der Batterien: 6</li><li>Batteriebetrieben: Ja</li><li>Empfohlenes Alter: + 4 Jahre</li><li>Batterie-Typ: AA</li><li>Inklusive Batterien: Kein</li><li>Art: Playset</l",Pop Pulse Emporium,https://cdnbigbuy.com/images/8056379136538_S2425789_P03.jpg,https://cdnbigbuy.com/images/8056379136538_S2425789_P43.jpg,https://cdnbigbuy.com/images/8056379136538_S2425789_P23.jpg,https://cdnbigbuy.com/images/8056379136538_R03.jpg,131.95,1,NEW,31.0,33.0,33.0,1.6,33759.0,EUR,2,8,3
S7917266,8425998758054,de-DE,Gardening & DIY,Abdecknetz EDM 75805 75805 Braun Polypropylen 2 x 50 m,"Wenn Sie bei der Einrichtung ihres Heims Wert auf Details legen und bei Produkten, die Ihnen das Leben leichter machen, auf dem letzten Stand sein möc","Wenn Sie bei der Einrichtung ihres Heims Wert auf Details legen und bei Produkten, die Ihnen das Leben leichter machen, auf dem letzten Stand sein möchten, dann kaufen Sie <b>Abdecknetz EDM 75805 75805 Braun Polypropylen 2 x 50 m</b> zum besten Preis.<br><br><ul><li>Art: Leggings</li><li>Farbe: <ul><li>Braun</li><li>Bunt</li></ul></li><li>Material: Polypropylen</li><li>Maße ca.: 2 x 50 m</li></ul>",Pop Pulse Emporium,https://cdnbigbuy.com/images/8425998758054_R0_WBG2.jpg,https://cdnbigbuy.com/images/8425998758054_S7917266_P02.jpg,,,100.66,47,NEW,20.0,20.0,99.0,8.9,39600.0,EUR,2,8,3
S71015820,3760275213136,de-DE,Gardening & DIY,Schwimmbad Roboter Staubsauger Bestway,"Wenn Sie auf der Suche nach trendigen Neuheiten auf dem Markt sind, präsentieren wir Ihnen <b>Schwimmbad Roboter Staubsauger Bestway</b>!<br><br><ul><","Wenn Sie auf der Suche nach trendigen Neuheiten auf dem Markt sind, präsentieren wir Ihnen <b>Schwimmbad Roboter Staubsauger Bestway</b>!<br><br><ul><li>Steckbares Produkt: Ja</li><li>Art: Staubsauger</li></ul>",Pop Pulse Emporium,https://cdnbigbuy.com/images/3760275213136_S71015820_P00.jpg,https://cdnbigbuy.com/images/3760275213136_S71015820_P10.jpg,https://cdnbigbuy.com/images/3760275213136_S71015820_P20.jpg,https://cdnbigbuy.com/images/3760275213136_S71015820_P30.jpg,187.5,5,NEW,30.0,43.0,31.0,3.0,39990.0,EUR,2,8,3
S7195347,8006540730935,de-DE,Gardening & DIY,Elektrische Zahnbürste Oral-B,"<p>Wenn Sie das Ideale Produkt für Ihre <b>Intimpflege</b> suchen, ist <b>Elektrische Zahnbürste Oral-B</b> genau das Richtige für Sie!</p><br><br><ul","<p>Wenn Sie das Ideale Produkt für Ihre <b>Intimpflege</b> suchen, ist <b>Elektrische Zahnbürste Oral-B</b> genau das Richtige für Sie!</p><br><br><ul><li>Farbe: Blau</li><li>Merkmale: Aufladbar</li><li>Batterie: Ja</li><li>Steckbares Produkt: Ja</li><li>Steckertyp: EU-Stecker</li></ul>",Pop Pulse Emporium,https://cdnbigbuy.com/images/8006540730935_S7195347_P00.jpg,,,,139.69,20,NEW,12.2,6.9,24.3,0.47,2045.57,EUR,2,8,3
S3709443,8033280325640,de-DE,Gardening & DIY,Hausschuhe Sparco K-POLE Schwarz,"Wenn Sie Ihren Kleiderschrank erneuern möchten, empfehlen wir Ihnen <b>Hausschuhe Sparco K-POLE (Größe 43) Schwarz</b> und weitere <b> Produkte von Sp","Wenn Sie Ihren Kleiderschrank erneuern möchten, empfehlen wir Ihnen <b>Hausschuhe Sparco K-POLE (Größe 43) Schwarz</b> und weitere <b> Produkte von Sparco</b>! Jetzt für Sie die beste Qualität zum besten Preis!<br><ul><li>Farbe: Schwarz</li><li>Größe: (Größe 43)</li></ul>",Pop Pulse Emporium,https://cdnbigbuy.com/images/8033280325640_A01.jpg,https://cdnbigbuy.com/images/9444_mandatory-motor1.jpg,,,108.96,5,NEW,12.0,25.0,35.0,3.0,10500.0,EUR,2,8,3
S0388617,0193599710150,de-DE,Gardening & DIY,Umhängetasche Michael Kors Lenox Blau 40 x 32 x 13 cm,"Wenn Sie auf der Suche nach trendigen Neuheiten auf dem Markt sind, präsentieren wir Ihnen <b>Umhängetasche Michael Kors Lenox Blau 40 x 32 x 13 cm</b","Wenn Sie auf der Suche nach trendigen Neuheiten auf dem Markt sind, präsentieren wir Ihnen <b>Umhängetasche Michael Kors Lenox Blau 40 x 32 x 13 cm</b>!<br><br><ul><li>Art: Damen Handtasche</li><li>Farbe: Blau</li><li>Material: Haut</li><li>Verschluss Armband: Plattenspeicher</li><li>Enthalten: Enthält Markenetui oder -hülle</li><li>Maße ca.: 40 x 32 x 13 cm</li></ul>",Pop Pulse Emporium,https://cdnbigbuy.com/images/0193599710150_S0388617_P00.jpg,https://cdnbigbuy.com/images/0193599710150_S0388617_P10.jpg,https://cdnbigbuy.com/images/0193599710150_S0388617_P20.jpg,,174.71,1,NEW,10.0,10.0,10.0,0.3,1000.0,EUR,2,8,3
S0384613,0196237627056,de-DE,Gardening & DIY,Umhängetasche Michael Kors JET SET TRAVEL Gelb 22 x 15 x 6 cm,Sind Sie modebewusst und begeistern sich für Accessoires? Wir bieten Ihnen <b>Umhängetasche Michael Kors JET SET TRAVEL Gelb 22 x 15 x 6 cm</b> und ei,Sind Sie modebewusst und begeistern sich für Accessoires? Wir bieten Ihnen <b>Umhängetasche Michael Kors JET SET TRAVEL Gelb 22 x 15 x 6 cm</b> und ein breites Sortiment an modernen Handtaschen und Geldbeutel!<br><br><ul><li>Art: <ul><li>Handtasche</li><li>Umhängetasche</li></ul></li><li>Geschlecht: Damen</li><li>Farbe: Gelb</li><li>Material: Canvas-Stoff</li><li>Verschluss Armband: Reißverschluss</li><li>Enthalten: Enthält Markenetui oder -hülle</li><li>Maße ca.: 22 x 15 x 6 cm</li></ul>,Pop Pulse Emporium,https://cdnbigbuy.com/images/0196237627056_S0384613_P00.jpg,https://cdnbigbuy.com/images/0196237627056_S0384613_P20.jpg,https://cdnbigbuy.com/images/0196237627056_S0384613_P10.jpg,,198.75,5,NEW,10.0,10.0,10.0,0.3,1000.0,EUR,2,8,3
S0379117,0091661507267,de-DE,Gardening & DIY,Herrenuhr Guess (Ø 44 mm),"Wenn Sie mit den neuesten Mode und Accessoire-Trends schritthalten wollen, kaufen Sie <b>Herrenuhr Guess (Ø 44 mm)</b> zum besten Preis.<br><br><ul><l","Wenn Sie mit den neuesten Mode und Accessoire-Trends schritthalten wollen, kaufen Sie <b>Herrenuhr Guess (Ø 44 mm)</b> zum besten Preis.<br><br><ul><li>Geschlecht: Herren</li><li>Extra Links: Kein</li><li>Typ der Uhr: Armbanduhr</li><li>Material des Armbands: Edelstahl</li><li>Uhrengehäuse-Material: Edelstahl</li><li>Uhrwerk: Quarz</li><li>Kristall: Mineral</li><li>Wasserdicht: 5 atm</li><li>Enthalten: Inklusive Markenetui</li><li>Verschluss Armband: Druck</li><li>Farbe der Krone: Grau</li><li>F",Pop Pulse Emporium,https://cdnbigbuy.com/images/0091661507267_S0379117_P00.jpg,https://cdnbigbuy.com/images/75476_mandatory-watch0.jpg,https://cdnbigbuy.com/images/832_mandatory-watch0.jpg,,118.66,25,NEW,32.0,19.0,10.0,0.4,6080.0,EUR,2,8,3
S37115741,5998167750379,de-DE,Gardening & DIY,Armlehne Armster RENAULT ZOE 2020 Stoff,Statten Sie Ihr Fahrzeug mit den neuesten Produkten aus - kaufen Sie <b>Armlehne Armster RENAULT ZOE 2020 Stoff</b> und verpassen Sie kein Detail!<br>,"Statten Sie Ihr Fahrzeug mit den neuesten Produkten aus - kaufen Sie <b>Armlehne Armster RENAULT ZOE 2020 Stoff</b> und verpassen Sie kein Detail!<br><br><p>Der <b>Armster Armlehne</b>, speziell für den <b>Renault ZOE 2020</b>, ist ein Zubehörteil, das Komfort und Funktionalität im Fahrzeug erhöht. Er lässt sich einfach mit einem maßgeschneiderten Adapter in der Mittelkonsole installieren. Diese zentrale Armlehne zeichnet sich durch ihre <b>stufenlose Höhenverstellung</b> aus, die eine optimale ",Pop Pulse Emporium,https://cdnbigbuy.com/images/5998167750379_S37115741_P00.jpg,https://cdnbigbuy.com/images/5998167750379_S37115741_P50.jpg,https://cdnbigbuy.com/images/5998167750379_S37115741_P60.jpg,https://cdnbigbuy.com/images/5998167750379_S37115741_P10.jpg,127.29,2,NEW,35.0,25.0,25.0,8.0,21875.0,EUR,2,8,3
S71012750,0196388434442,de-DE,Gardening & DIY,Videospiel Xbox Series X Microsoft Indiana Jones and the Ancient Circle,"Wenn Sie sich leidenschaftlich mit <b>IT und Elektronik</b> beschäftigen, mit der Technologie auf dem neuesten Stand sein wollen und nicht einmal die ","Wenn Sie sich leidenschaftlich mit <b>IT und Elektronik</b> beschäftigen, mit der Technologie auf dem neuesten Stand sein wollen und nicht einmal die winzigsten Einzelheiten auslassen, kaufen Sie <b>Videospiel Xbox Series X Microsoft Indiana Jones and the Ancient Circle</b>.<br><br><ul><li>Kompatibel: Frankreich</li><li>Plattform: Xbox Series X</li></ul>",Pop Pulse Emporium,https://cdnbigbuy.com/images/S71012750_P00.jpg,https://cdnbigbuy.com/images/S71012750_P30.jpg,https://cdnbigbuy.com/images/S71012750_P40.jpg,https://cdnbigbuy.com/images/S71012750_P50.jpg,110.47,5,NEW,4.7,17.22,14.0,0.11,1133.08,EUR,2,8,3
S05144326,3605972975850,de-DE,Gardening & DIY,Herrenparfüm Ralph Lauren POLO,"Wenn Sie auf der Suche nach trendigen Neuheiten auf dem Markt sind, präsentieren wir Ihnen <b>Herrenparfüm Ralph Lauren POLO</b>!<br><br><ul><li>Gesch","Wenn Sie auf der Suche nach trendigen Neuheiten auf dem Markt sind, präsentieren wir Ihnen <b>Herrenparfüm Ralph Lauren POLO</b>!<br><br><ul><li>Geschlecht: Herren</li></ul><br><br>Wichtige informationen: Die Produktverpackungen können je nach Werbeaktionen des Herstellers oder der Jahreszeit unterschiedlich gestaltet sein. Die verschiedenen Pakete sind erhältlich, solange der Vorrat reicht..",Pop Pulse Emporium,https://cdnbigbuy.com/images/3605972975850_R00.jpg,https://cdnbigbuy.com/images/3605972975850_R10.jpg,https://cdnbigbuy.com/images/3605972975850_R20.jpg,https://cdnbigbuy.com/images/3605972975850_R30.jpg,108.74,50,NEW,4.3,8.5,15.0,0.3,548.25,EUR,2,8,3
S8426198,4899888594574,de-DE,Gardening & DIY,Schein Notizblock Post-it 38 x 51 mm Gelb (15 Stück),"Gehen Sie zurück ins Büro, ohne Details zu vergessen: Kaufen Sie <b>Schein Notizblock Post-it 38 x 51 mm Gelb (15 Stück)</b> und seien Sie der Neid Ih","Gehen Sie zurück ins Büro, ohne Details zu vergessen: Kaufen Sie <b>Schein Notizblock Post-it 38 x 51 mm Gelb (15 Stück)</b> und seien Sie der Neid Ihrer Kollegen!<br><ul><li>Farbe: Gelb</li><li>Stück: 15 Stück</li><li>Maße ca.: 38 x 51 mm</li><li>Art: Schein Notizblock</li><li>Anzahl der Stücke: 12 Stücke</li></ul>",Pop Pulse Emporium,https://cdnbigbuy.com/images/S8426198_P0_icon0.jpg,https://cdnbigbuy.com/images/S8426198_P00.jpg,,,152.24,5,NEW,9.19,2.11,10.86,0.05,210.59,EUR,2,8,3
S0374884,0886895488389,de-DE,Gardening & DIY,Damensonnenbrille Victoria Beckham Ø 64 mm,"Wenn Sie gern die neusten Produkte aus <b>Fashion & Accessoires</b> tragen möchten, dann sind Accessoires, wie die <b>Damensonnenbrille Victoria Beckh","Wenn Sie gern die neusten Produkte aus <b>Fashion & Accessoires</b> tragen möchten, dann sind Accessoires, wie die <b>Damensonnenbrille Victoria Beckham Ø 64 mm</b> ein Muss, um Ihren Look abzurunden! Vertrauen Sie auf die Marken für <b>Sonnenbrillen</b>.<br><br><ul><li>Art: Damensonnenbrille</li><li>Geschlecht: Damen</li><li>Schutz: 100% Schutz vor UV (UV400)</li><li>Material der Linsen: Polycarbonat</li><li>Farbe: Gold</li><li>Material: Metall</li><li>Enthalten: Inklusive Markenetui</li><li>Br",Pop Pulse Emporium,https://cdnbigbuy.com/images/0886895488389_S0374884_P01.jpg,https://cdnbigbuy.com/images/0886895488389_S0374884_P21.jpg,,,109.3,4,NEW,10.0,10.0,10.0,0.3,1000.0,EUR,2,8,3
M0517366,4961311893827,de-DE,Gardening & DIY,Toner Ricoh 407642 Schwarz,"Gehen Sie zurück ins Büro, ohne Details zu vergessen: Kaufen Sie <b>Toner Ricoh 407642 Schwarz</b> und seien Sie der Neid Ihrer Kollegen!<br><br><ul><","Gehen Sie zurück ins Büro, ohne Details zu vergessen: Kaufen Sie <b>Toner Ricoh 407642 Schwarz</b> und seien Sie der Neid Ihrer Kollegen!<br><br><ul><li>Farbe: Schwarz</li><li>Kompatibel: SPC220N/220S/221N/221SF/222DN/222SF/240SF</li><li>Art: Toner</li><li>Merkmale: Original</li><li>Kapazität: 2000 Seiten</li></ul>",Pop Pulse Emporium,https://cdnbigbuy.com/images/4961311893827_M0517366_P00.jpg,,,,107.08,10,NEW,41.0,18.0,12.0,1.53,8856.0,EUR,2,8,3
S7289970,0716736363875,de-DE,Gardening & DIY,Unisex-Sonnenbrille Tommy Hilfiger TJ 0053_F_S 58CTLXT,"Wenn Sie gern die neusten Produkte aus <b>Fashion & Accessoires</b> tragen möchten, dann sind Accessoires, wie die <b>Unisex-Sonnenbrille Tommy Hilfig","Wenn Sie gern die neusten Produkte aus <b>Fashion & Accessoires</b> tragen möchten, dann sind Accessoires, wie die <b>Unisex-Sonnenbrille Tommy Hilfiger TJ 0053_F_S 58CTLXT</b> ein Muss, um Ihren Look abzurunden! Vertrauen Sie auf die Marken für <b>Sonnenbrillen</b>.<br><br><ul><li>Schutz: 100% Schutz vor UV (UV400)</li><li>Art: Unisex-Sonnenbrille</li><li>Geschlecht: Unisex</li></ul>",Pop Pulse Emporium,https://cdnbigbuy.com/images/0716736363875_R00.jpg,https://cdnbigbuy.com/images/0716736363875_R10.jpg,https://cdnbigbuy.com/images/0716736363875_R20.jpg,,107.81,1,NEW,9.69,9.06,10.48,0.22,920.05,EUR,2,8,3
S7716747,4002888410724,de-DE,Gardening & DIY,HDMI Kabel LINDY 41072 15 m Schwarz,"Wenn Sie sich leidenschaftlich mit <b>IT und Elektronik</b> beschäftigen, mit der Technologie auf dem neuesten Stand sein wollen und nicht einmal die ","Wenn Sie sich leidenschaftlich mit <b>IT und Elektronik</b> beschäftigen, mit der Technologie auf dem neuesten Stand sein wollen und nicht einmal die winzigsten Einzelheiten auslassen, kaufen Sie <b>HDMI Kabel LINDY 41072 15 m Schwarz</b>.<br><br><ul><li>Länge des Kabels: 15 m</li><li>Farbe: Schwarz</li><li>Anschlüsse: <ul><li>HDMI</li><li>HDMI 2.0</li></ul></li><li>Art: Stecker</li><li>Material: <ul><li>PVC</li><li>Gold</li><li>Kupfer</li></ul></li><li>Zertifikat: RoHS</li><li>Unterstützte Vide",Pop Pulse Emporium,https://cdnbigbuy.com/images/4002888410724_I00.jpg,,,,125.69,5,NEW,3.0,32.0,35.0,1.2,3360.0,EUR,2,8,3
S71006979,4018653223833,de-DE,Gardening & DIY,Haustiersicherheitsnetz Kerbl grün Metall,"Wenn Sie auf der Suche nach trendigen Neuheiten auf dem Markt sind, präsentieren wir Ihnen <b>Haustiersicherheitsnetz Kerbl grün Metall</b>!<br><br><u","Wenn Sie auf der Suche nach trendigen Neuheiten auf dem Markt sind, präsentieren wir Ihnen <b>Haustiersicherheitsnetz Kerbl grün Metall</b>!<br><br><ul><li>Farbe: grün</li><li>Material: Metall</li><li>Haustier: Katze</li><li>Anzahl der Stücke: 11 Stücke</li></ul>",Pop Pulse Emporium,https://cdnbigbuy.com/images/4018653223833_S71006979_P00.jpg,https://cdnbigbuy.com/images/4018653223833_S71006979_P20.jpg,https://cdnbigbuy.com/images/4018653223833_S71006979_P30.jpg,https://cdnbigbuy.com/images/4018653223833_S71006979_P40.jpg,128.43,2,NEW,19.0,25.0,8.0,3.14,3800.0,EUR,2,8,3
M0505165,6955530955617,de-DE,Gardening & DIY,Drucker 3D CoLiDo 3D-Panel LCD DIY/Compact,"Wenn Sie sich leidenschaftlich mit <b>IT und Elektronik</b> beschäftigen, mit der Technologie auf dem neuesten Stand sein wollen und nicht einmal die ","Wenn Sie sich leidenschaftlich mit <b>IT und Elektronik</b> beschäftigen, mit der Technologie auf dem neuesten Stand sein wollen und nicht einmal die winzigsten Einzelheiten auslassen, kaufen Sie <b>Drucker 3D CoLiDo 3D-Panel LCD DIY/Compact</b>.<br><br><ul><li>Art: Karte</li><li>Steckbares Produkt: Ja</li><li>Steckertyp: EU-Stecker</li></ul>",Pop Pulse Emporium,https://cdnbigbuy.com/images/6955530955617_M0505165_P00.jpg,https://cdnbigbuy.com/images/6955530955617_R10.jpg,,,108.63,1,NEW,22.5,11.0,14.0,0.43,3465.0,EUR,2,8,3
S71013887,0197641223933,de-DE,Gardening & DIY,Sportrucksack The North Face Base Camp Duffel Schwarz,"Gehen Sie zurück ins Büro, ohne Details zu vergessen: Kaufen Sie <b>Sportrucksack The North Face Base Camp Duffel Schwarz</b> und seien Sie der Neid I","Gehen Sie zurück ins Büro, ohne Details zu vergessen: Kaufen Sie <b>Sportrucksack The North Face Base Camp Duffel Schwarz</b> und seien Sie der Neid Ihrer Kollegen!<br><br><ul><li>Kapazität: 95 L</li><li>Farbe: Schwarz</li><li>Material: <ul><li>Polyester</li><li>100 % Polyamid</li></ul></li><li>Merkmale: <ul><li>Water resistant</li><li>Griff</li><li>Schultergurt</li></ul></li><li>Verschluss Armband: Reißverschluss</li><li>Geschlecht: Unisex</li></ul>",Pop Pulse Emporium,https://cdnbigbuy.com/images/0197641223933_S71013887_P00.jpg,https://cdnbigbuy.com/images/0197641223933_S71013887_P10.jpg,https://cdnbigbuy.com/images/0197641223933_S71013887_P20.jpg,https://cdnbigbuy.com/images/0197641223933_S71013887_P30.jpg,186.47,22,NEW,20.63,35.0,34.78,0.95,25112.9,EUR,2,8,3
S7121391,3352210673855,de-DE,Gardening & DIY,"Angelrute SAKURA 2,44 m","Bleiben Sie in Form und entdecken Sie die neuesten Innovationen der Branche, um mit den besten Voraussetzungen Sport zu betreiben! Kaufen Sie <b>Angel","Bleiben Sie in Form und entdecken Sie die neuesten Innovationen der Branche, um mit den besten Voraussetzungen Sport zu betreiben! Kaufen Sie <b>Angelrute SAKURA 2,44 m</b> zum besten Preis und genießen Sie ein gesundes Leben!<br><br><ul><li>Art: Angelrute</li><li>Angelrute: Spinning</li><li>Maße ca.: 2,44 m</li></ul>",Pop Pulse Emporium,https://cdnbigbuy.com/images/3352210673855_S7121391_P01.jpg,https://cdnbigbuy.com/images/3352210673855_R01.jpg,,,108.97,1,NEW,130.0,12.0,10.0,0.32,15600.0,EUR,2,8,3
S91117990,4210201408529,de-DE,Gardening & DIY,Elektrische Zahnbürste Braun,"Wenn Sie auf der Suche nach trendigen Neuheiten auf dem Markt sind, präsentieren wir Ihnen <b>Elektrische Zahnbürste Braun</b>!<br><br><ul><li>Steckba","Wenn Sie auf der Suche nach trendigen Neuheiten auf dem Markt sind, präsentieren wir Ihnen <b>Elektrische Zahnbürste Braun</b>!<br><br><ul><li>Steckbares Produkt: Ja</li><li>Steckertyp: EU-Stecker</li><li>Art: <ul><li>Zahnweißer</li><li>Vibrierend</li><li>Gesundes Zahnfleisch</li></ul></li><li>Farbe: Schwarz</li><li>Merkmale: <ul><li>OLED-Screen</li><li>Eingebaute Batterie</li><li>Tiefenreinigung</li><li>Einstellbare Geschwindigkeit</li><li>Tägliche Anwendung</li></ul></li><li>Enthalten: <ul><li",Pop Pulse Emporium,https://cdnbigbuy.com/images/4210201408529_S91117990_P00.jpg,https://cdnbigbuy.com/images/4210201408529_S91117990_P90.jpg,https://cdnbigbuy.com/images/4210201408529_S91117990_P20.jpg,https://cdnbigbuy.com/images/4210201408529_S91117990_P160.jpg,198.44,2,NEW,25.5,10.0,17.5,0.79,4462.5,EUR,2,8,3
S9901687,8435099530695,de-DE,Gardening & DIY,Laptop-Lautsprecher approx! APPSPK+BK Schwarz 60 W,"Wenn Sie sich leidenschaftlich mit <b>IT und Elektronik</b> beschäftigen, mit der Technologie auf dem neuesten Stand sein wollen und nicht einmal die ","Wenn Sie sich leidenschaftlich mit <b>IT und Elektronik</b> beschäftigen, mit der Technologie auf dem neuesten Stand sein wollen und nicht einmal die winzigsten Einzelheiten auslassen, kaufen Sie <b>Laptop-Lautsprecher approx! APPSPK+BK Schwarz 60 W</b>.<br><br><ul><li>Farbe: Schwarz</li><li>Konnektivität: Kabel</li><li>Leistung: 60 W</li><li>Material: Kunststoff</li></ul>",Pop Pulse Emporium,https://cdnbigbuy.com/images/8435099530695_S9901687_P10.jpg,https://cdnbigbuy.com/images/8435099530695_S9901687_P00.jpg,,,115.55,2,NEW,39.5,23.4,31.7,5.65,29300.31,EUR,2,8,3
S3040203,8424002035235,de-DE,Gardening & DIY,Deckenlampe DKD Home Decor Metall Braun Gelb 40 W Holz MDF (40 x 40 x 60 cm),"<p>Wenn Sie Ihrem Zuhause einen Hauch von Originalität verleihen möchten, tun Sie dies mit <b>Deckenlampe DKD Home Decor Metall Braun Gelb 40 W Holz M","<p>Wenn Sie Ihrem Zuhause einen Hauch von Originalität verleihen möchten, tun Sie dies mit <b>Deckenlampe DKD Home Decor Metall Braun Gelb 40 W Holz MDF (40 x 40 x 60 cm)</b>.</p><br><br><ul><li>Material: <ul><li>Holz MDF</li><li>Metall</li></ul></li><li>Design: natürlich</li><li>Art: <ul><li>Deckenlampe</li><li>Bälle</li></ul></li><li>Glühbirnen: 3</li><li>Spannung: 220 V</li><li>Kappe: E14</li><li>groß: 60 cm</li><li>Leistung: 40 W</li><li>Merkmale: <ul><li>Handgefertigt</li><li>Traditionell</",Pop Pulse Emporium,https://cdnbigbuy.com/images/8424002035235_S3040203_P53.jpg,https://cdnbigbuy.com/images/8424002035235_S3040203_P13.jpg,https://cdnbigbuy.com/images/8424002035235_S3040203_P43.jpg,https://cdnbigbuy.com/images/8424002035235_S3040203_P33.jpg,144.55,5,NEW,42.0,46.5,42.0,3.99,82026.0,EUR,2,8,3
S72118569,4894138362729,de-DE,Gardening & DIY,Herrenuhr Lorus RH949RX9 Silberfarben,"Wenn Sie auf der Suche nach trendigen Neuheiten auf dem Markt sind, präsentieren wir Ihnen <b>Herrenuhr Lorus RH949RX9 Silberfarben</b>!<br><br><ul><l","Wenn Sie auf der Suche nach trendigen Neuheiten auf dem Markt sind, präsentieren wir Ihnen <b>Herrenuhr Lorus RH949RX9 Silberfarben</b>!<br><br><ul><li>Geschlecht: Herren</li><li>Extra Links: Kein</li><li>Typ der Uhr: Armbanduhr</li><li>Batteriebetrieben: Ja</li><li>Farbe des Bandes: Silberfarben</li><li>Batterie-Typ: LR44</li></ul>",Pop Pulse Emporium,https://cdnbigbuy.com/images/4894138362729_S72118569_P00.jpg,https://cdnbigbuy.com/images/117581_mandatory-watch0.jpg,,,124.9,1,NEW,14.15,12.43,10.11,0.3,1778.19,EUR,2,8,3
S7276696,8430622609886,de-DE,Gardening & DIY,Herrenuhr Lotus 18153/2,"Wenn Sie mit den neuesten Mode und Accessoire-Trends schritthalten wollen, kaufen Sie <b>Herrenuhr Lotus 18153/2</b> zum besten Preis.<br><br><ul><li>","Wenn Sie mit den neuesten Mode und Accessoire-Trends schritthalten wollen, kaufen Sie <b>Herrenuhr Lotus 18153/2</b> zum besten Preis.<br><br><ul><li>Geschlecht: Herren</li><li>Extra Links: Kein</li><li>Typ der Uhr: Armbanduhr</li><li>Land/Region der Herstellung: China</li><li>Material des Armbands: Edelstahl</li><li>Material des Gehäuses: Edelstahl</li><li>Farbe des Bandes: Gold</li><li>Durchmesser: 43 mm</li><li>Uhrwerk: Quarz</li><li>Batteriebetrieben: 1 LR44</li></ul>",Pop Pulse Emporium,https://cdnbigbuy.com/images/8430622609886_S7276696_P01.jpg,https://cdnbigbuy.com/images/75753_mandatory-watch1.jpg,,,189.6,50,NEW,14.15,12.43,10.11,0.3,1778.19,EUR,2,8,3
S3709424,8033280326340,de-DE,Gardening & DIY,Rennstiefel Sparco K-POLE Blau (Größe 40),"Wenn Sie Ihren Kleiderschrank erneuern möchten, empfehlen wir Ihnen <b>Rennstiefel Sparco K-POLE Blau (Größe 40)</b> und weitere <b> Produkte von Spar","Wenn Sie Ihren Kleiderschrank erneuern möchten, empfehlen wir Ihnen <b>Rennstiefel Sparco K-POLE Blau (Größe 40)</b> und weitere <b> Produkte von Sparco</b>! Jetzt für Sie die beste Qualität zum besten Preis!<br><ul><li>Farbe: <ul><li>Schwarz</li><li>Blau</li></ul></li><li>Größe: (Größe 40)</li></ul>",Pop Pulse Emporium,https://cdnbigbuy.com/images/8033280326340_A03.jpg,https://cdnbigbuy.com/images/8033280326340_S3709424_P13.jpg,https://cdnbigbuy.com/images/9425_mandatory-motor3.jpg,,108.96,2,NEW,12.0,25.0,35.0,3.0,10500.0,EUR,2,8,3
S0379284,4895220917278,de-DE,Gardening & DIY,Damenuhr Police PL16029MSTR-13MM (Ø 36 mm),"Wenn Sie mit den neuesten Mode und Accessoire-Trends schritthalten wollen, kaufen Sie <b>Damenuhr Police PL16029MSTR-13MM (Ø 36 mm)</b> zum besten Pre","Wenn Sie mit den neuesten Mode und Accessoire-Trends schritthalten wollen, kaufen Sie <b>Damenuhr Police PL16029MSTR-13MM (Ø 36 mm)</b> zum besten Preis.<br><br><ul><li>Geschlecht: Damen</li><li>Material des Armbands: Edelstahl</li><li>Extra Links: Kein</li><li>Wasserdicht: 3 atm</li><li>Kristall: Mineral</li><li>Typ der Uhr: Armbanduhr</li><li>Uhrengehäuse-Material: Edelstahl</li><li>Uhrwerk: Quarz</li><li>Enthalten: Inklusive Markenetui</li><li>Verschluss Armband: Druck</li><li>Farbe der Krone",Pop Pulse Emporium,https://cdnbigbuy.com/images/4895220917278_S0379284_P01.jpg,https://cdnbigbuy.com/images/75643_mandatory-watch1.jpg,,,118.66,25,NEW,32.0,19.0,10.0,0.4,6080.0,EUR,2,8,3
S72118243,9278532723167,de-DE,Gardening & DIY,Herrenuhr Tommy Hilfiger 1791689 (Ø 44 mm),"Wenn Sie auf der Suche nach trendigen Neuheiten auf dem Markt sind, präsentieren wir Ihnen <b>Herrenuhr Tommy Hilfiger 1791689 (Ø 44 mm)</b>!<br><br><","Wenn Sie auf der Suche nach trendigen Neuheiten auf dem Markt sind, präsentieren wir Ihnen <b>Herrenuhr Tommy Hilfiger 1791689 (Ø 44 mm)</b>!<br><br><ul><li>Extra Links: Kein</li><li>Typ der Uhr: Armbanduhr</li><li>Funktionen: Datum</li><li>Geschlecht: Herren</li><li>Material des Armbands: Sterlingsilber</li><li>Enthalten: Enthält Markenetui oder -hülle</li><li>Wasserdicht: 5 atm</li><li>Kristall: Mineral</li><li>Uhrwerk: Quarz</li><li>Durchmesser des Uhrengehäuses: Ø 44 mm</li></ul>",Pop Pulse Emporium,https://cdnbigbuy.com/images/9278532723167_S72118243_P00.jpg,https://cdnbigbuy.com/images/117255_mandatory-watch0.jpg,https://cdnbigbuy.com/images/9278532723167_S72118243_P10.jpg,,166.01,16,NEW,14.15,12.43,10.11,0.3,1778.19,EUR,2,8,3
S72111966,8050506116325,de-DE,Gardening & DIY,Herrenarmreif Talent Jewels TJA-4-05-01-1-215 Silberfarben,"Wir präsentieren <b>Herrenarmreif Talent Jewels TJA-4-05-01-1-215 Silberfarben</b> und ein umfangreiches Sortiment von Ringen, Halsbändern, Armbändern","Wir präsentieren <b>Herrenarmreif Talent Jewels TJA-4-05-01-1-215 Silberfarben</b> und ein umfangreiches Sortiment von Ringen, Halsbändern, Armbändern, Ohrringen, usw. zu einem großartigen Preis. Erfahren Sie mehr über unsere exklusiven und eleganten Schmuck und Modeschmuck für jeden Geschmack und Stil.<br><br><ul><li>Art: Armreif</li><li>Geschlecht: Herren</li><li>Farbe: Silberfarben</li></ul>",Pop Pulse Emporium,https://cdnbigbuy.com/images/8050506116325_S72111966_P00.jpg,,,,114.06,5,NEW,10.0,10.0,10.0,0.3,1000.0,EUR,2,8,3
S0375100,0840190028220,de-DE,Gardening & DIY,Herrenuhr Adidas (Ø 40 mm),"Wenn Sie mit den neuesten Mode und Accessoire-Trends schritthalten wollen, kaufen Sie <b>Herrenuhr Adidas (Ø 40 mm)</b> zum besten Preis.<br><br><ul><","Wenn Sie mit den neuesten Mode und Accessoire-Trends schritthalten wollen, kaufen Sie <b>Herrenuhr Adidas (Ø 40 mm)</b> zum besten Preis.<br><br><ul><li>Geschlecht: Herren</li><li>Extra Links: Kein</li><li>Typ der Uhr: Armbanduhr</li><li>Material des Armbands: Edelstahl</li><li>Uhrengehäuse-Material: Edelstahl</li><li>Uhrwerk: Quarz</li><li>Kristall: Mineral</li><li>Wasserdicht: 5 atm</li><li>Enthalten: Inklusive Markenetui</li><li>Verschluss Armband: Druck</li><li>Farbe der Krone: Schwarz</li><",Pop Pulse Emporium,https://cdnbigbuy.com/images/0840190028220_S0375100_P00.jpg,https://cdnbigbuy.com/images/71463_mandatory-watch0.jpg,,,103.69,1,NEW,32.0,19.0,10.0,0.4,6080.0,EUR,2,8,3
S0380748,4894816015350,de-DE,Gardening & DIY,Herrenuhr Police (Ø 47 mm),"Wenn Sie mit den neuesten Mode und Accessoire-Trends schritthalten wollen, kaufen Sie <b>Herrenuhr Police (Ø 47 mm)</b> zum besten Preis.<br><br><ul><","Wenn Sie mit den neuesten Mode und Accessoire-Trends schritthalten wollen, kaufen Sie <b>Herrenuhr Police (Ø 47 mm)</b> zum besten Preis.<br><br><ul><li>Geschlecht: Herren</li><li>Uhrwerk: Quarz</li><li>Enthalten: Inklusive Markenetui</li><li>Kristall: Mineral</li><li>Wasserdicht: <ul><li>3 atm</li><li>5 atm</li></ul></li><li>Material des Armbands: Leder</li><li>Durchmesser des Uhrengehäuses: Ø 47 mm</li><li>Extra Links: Kein</li><li>Typ der Uhr: Armbanduhr</li><li>Uhrengehäuse-Material: Edelsta",Pop Pulse Emporium,https://cdnbigbuy.com/images/4894816015350_S0380748_P00.jpg,https://cdnbigbuy.com/images/77107_mandatory-watch0.jpg,https://cdnbigbuy.com/images/30879_mandatory-watch0.jpg,,129.89,4,NEW,32.0,19.0,10.0,0.4,6080.0,EUR,2,8,3
S3624068,4899888642954,de-DE,Gardening & DIY,Schulrucksack Pincello AR1903644 13 x 45 x 31 cm Bilder (12 Stück),"Gehen Sie zurück ins Büro, ohne Details zu vergessen: Kaufen Sie <b>Schulrucksack Pincello AR1903644 13 x 45 x 31 cm Bilder (12 Stück)</b> und seien S","Gehen Sie zurück ins Büro, ohne Details zu vergessen: Kaufen Sie <b>Schulrucksack Pincello AR1903644 13 x 45 x 31 cm Bilder (12 Stück)</b> und seien Sie der Neid Ihrer Kollegen!<br><br><ul><li>Art: Schulrucksack</li><li>Geschlecht: Unisex</li><li>Design: Bilder</li><li>Stückzahl: <ul><li>1 Stück</li><li>12 Stück</li></ul></li><li>Wichtige informationen: Verschiedene Designs. Versand nach Zufallsprinzip und vom Bestand abhängig</li><li>Maße ca.: 13 x 45 x 31 cm</li></ul>",Pop Pulse Emporium,https://cdnbigbuy.com/images/S3624068_58207_1691662390-cropped_icon1.jpg,https://cdnbigbuy.com/images/S3624068_58207_1691662390-cropped1.jpg,,,122.51,50,NEW,44.0,40.0,25.0,4.8,44000.0,EUR,2,8,3
S0374361,5060496418814,de-DE,Gardening & DIY,Damenuhr Olivia Burton OB16AM143 (Ø 30 mm),"Wenn Sie mit den neuesten Mode und Accessoire-Trends schritthalten wollen, kaufen Sie <b>Damenuhr Olivia Burton OB16AM143 (Ø 30 mm)</b> zum besten Pre","Wenn Sie mit den neuesten Mode und Accessoire-Trends schritthalten wollen, kaufen Sie <b>Damenuhr Olivia Burton OB16AM143 (Ø 30 mm)</b> zum besten Preis.<br><br><ul><li>Geschlecht: Damen</li><li>Extra Links: Kein</li><li>Typ der Uhr: Armbanduhr</li><li>Material des Armbands: Kunstleder</li><li>Uhrengehäuse-Material: Edelstahl</li><li>Uhrwerk: Quarz</li><li>Kristall: Mineral</li><li>Enthalten: Inklusive Markenetui</li><li>Verschluss Armband: Schließe</li><li>Farbe der Krone: Weiß</li><li>Farbe de",Pop Pulse Emporium,https://cdnbigbuy.com/images/5060496418814_R01.jpg,https://cdnbigbuy.com/images/5060496418814_R11.jpg,https://cdnbigbuy.com/images/5060496418814_R21.jpg,https://cdnbigbuy.com/images/5060496418814_R31.jpg,118.66,10,NEW,32.0,19.0,10.0,0.4,6080.0,EUR,2,8,3
S71015800,3216383364081,de-DE,Gardening & DIY,Topf mit Deckel Baumalu noir,"Wenn Sie auf der Suche nach trendigen Neuheiten auf dem Markt sind, präsentieren wir Ihnen <b>Topf mit Deckel Baumalu noir</b>!<br><br><ul><li>Farbe: ","Wenn Sie auf der Suche nach trendigen Neuheiten auf dem Markt sind, präsentieren wir Ihnen <b>Topf mit Deckel Baumalu noir</b>!<br><br><ul><li>Farbe: <ul><li>Schwarz</li><li>noir</li></ul></li><li>Art: Topf mit Deckel</li></ul>",Pop Pulse Emporium,https://cdnbigbuy.com/images/3216383364081_S71015800_P00.jpg,,,,116.91,2,NEW,28.07,28.1,15.44,7.18,12178.56,EUR,2,8,3
S7283154,8050506111665,de-DE,Gardening & DIY,Perlen Talent Jewels TJC-1-11-03 Sport,"Wir präsentieren <b>Perlen Talent Jewels TJC-1-11-03 Sport</b> und ein umfangreiches Sortiment von Ringen, Halsbändern, Armbändern, Ohrringen, usw. zu","Wir präsentieren <b>Perlen Talent Jewels TJC-1-11-03 Sport</b> und ein umfangreiches Sortiment von Ringen, Halsbändern, Armbändern, Ohrringen, usw. zu einem großartigen Preis. Erfahren Sie mehr über unsere exklusiven und eleganten Schmuck und Modeschmuck für jeden Geschmack und Stil.<br><br><ul><li>Design: Sport</li><li>Art: Perlen</li></ul>",Pop Pulse Emporium,https://cdnbigbuy.com/images/8050506111665_S7283154_P01.jpg,,,,103.87,25,NEW,10.14,9.88,10.12,0.29,1013.85,EUR,2,8,3
M0504372,4549292049503,de-DE,Gardening & DIY,Original Tintenpatrone Canon PFI-1100PM Magenta,"Wenn Sie sich leidenschaftlich mit <b>IT und Elektronik</b> beschäftigen, mit der Technologie auf dem neuesten Stand sein wollen und nicht einmal die ","Wenn Sie sich leidenschaftlich mit <b>IT und Elektronik</b> beschäftigen, mit der Technologie auf dem neuesten Stand sein wollen und nicht einmal die winzigsten Einzelheiten auslassen, kaufen Sie <b>Original Tintenpatrone Canon PFI-1100PM Magenta</b>.<br><br><ul><li>Farbe: <ul><li>Grau</li><li>Magenta</li></ul></li><li>Art: <ul><li>Original Tintenpatrone</li><li>Original</li></ul></li><li>Technologie: Inkjet</li><li>Kapazität: 160 ml</li><li>Kompatibel: Drucker</li><li>Merkmale: Original</li></u",Pop Pulse Emporium,https://cdnbigbuy.com/images/4549292049503_I00.jpg,https://cdnbigbuy.com/images/4549292049503_M0504372_P00.jpg,,,116.47,5,NEW,14.5,14.5,5.0,0.37,1051.25,EUR,2,8,3
S0389523,0197853285545,de-DE,Gardening & DIY,Umhängetasche Michael Kors 35T4STVC5L-OPTIC-WHITE Weiß 22 x 20 x 7 cm,"Wenn Sie auf der Suche nach trendigen Neuheiten auf dem Markt sind, präsentieren wir Ihnen <b>Umhängetasche Michael Kors 35T4STVC5L-OPTIC-WHITE Weiß 2","Wenn Sie auf der Suche nach trendigen Neuheiten auf dem Markt sind, präsentieren wir Ihnen <b>Umhängetasche Michael Kors 35T4STVC5L-OPTIC-WHITE Weiß 22 x 20 x 7 cm</b>!<br><br><ul><li>Art: Umhängetasche</li><li>Farbe: Weiß</li><li>Material: Canvas-Stoff</li><li>Verschluss Armband: Reißverschluss</li><li>Enthalten: Enthält Markenetui oder -hülle</li><li>Maße ca.: 22 x 20 x 7 cm</li></ul>",Pop Pulse Emporium,https://cdnbigbuy.com/images/0197853285545_S0389523_P00.jpg,https://cdnbigbuy.com/images/0197853285545_S0389523_P10.jpg,https://cdnbigbuy.com/images/0197853285545_S0389523_P20.jpg,,158.05,19,NEW,10.0,10.0,10.0,0.3,1000.0,EUR,2,8,3
S7104005,4078500266208,de-DE,Gardening & DIY,Schlauch Gardena Portable Classic 15 2662-20 Kunststoff 15 m,"Wenn Sie bei der Einrichtung ihres Heims Wert auf Details legen und bei Produkten, die Ihnen das Leben leichter machen, auf dem letzten Stand sein möc","Wenn Sie bei der Einrichtung ihres Heims Wert auf Details legen und bei Produkten, die Ihnen das Leben leichter machen, auf dem letzten Stand sein möchten, dann kaufen Sie <b>Schlauch Gardena Portable Classic 15 2662-20 Kunststoff 15 m</b> zum besten Preis.<br><br><ul><li>Enthalten: <ul><li>Schlauchtrommel</li><li>Schlauchanschluss</li></ul></li><li>Merkmale: <ul><li>Tragegriff</li><li>Mühelos zu transportieren und aufzubewahren</li></ul></li><li>Farbe: <ul><li>türkis</li><li>Anthrazit</li></ul>",Pop Pulse Emporium,https://cdnbigbuy.com/images/4078500266208_R01.jpg,https://cdnbigbuy.com/images/4078500266208_S7104005_P01.jpg,https://cdnbigbuy.com/images/4078500266208_S7104005_P21.jpg,https://cdnbigbuy.com/images/4078500266208_S7104005_P31.jpg,146.59,2,NEW,44.6,39.2,18.0,5.49,31469.76,EUR,2,8,3
S05119239,8021233124242,de-DE,Gardening & DIY,Föhn Parlux Parlux Powerlight Gold,"Wenn Sie Haushaltsgeräte zum besten Großhandelspreis suchen, dann verpassen Sie nicht Ihre Chance auf <b>Föhn Parlux Parlux Powerlight Gold</b> sowie ","Wenn Sie Haushaltsgeräte zum besten Großhandelspreis suchen, dann verpassen Sie nicht Ihre Chance auf <b>Föhn Parlux Parlux Powerlight Gold</b> sowie ein breites Sortiment an kleinen Haushaltsgeräten!<br><br><ul><li>Steckbares Produkt: Ja</li><li>Steckertyp: EU-Stecker</li><li>Farbe: Gold</li><li>Geschlecht: Unisex</li></ul>",Pop Pulse Emporium,https://cdnbigbuy.com/images/8021233124242_S05119239_P00.jpg,,,,170.49,25,NEW,9.5,25.5,20.0,0.86,4845.0,EUR,2,8,3
S71012049,4719072742515,de-DE,Gardening & DIY,Schnurlose Mouse MSI Loot Box 1 Schwarz,"Wenn Sie auf der Suche nach trendigen Neuheiten auf dem Markt sind, präsentieren wir Ihnen <b>Schnurlose Mouse MSI Loot Box 1 Schwarz</b>!<br><br><ul>","Wenn Sie auf der Suche nach trendigen Neuheiten auf dem Markt sind, präsentieren wir Ihnen <b>Schnurlose Mouse MSI Loot Box 1 Schwarz</b>!<br><br><ul><li>Art: <ul><li>Mouse</li><li>Schnurlose Mouse</li></ul></li><li>Farbe: Schwarz</li></ul>",Pop Pulse Emporium,https://cdnbigbuy.com/images/4719072742515_S71012049_P00.jpg,https://cdnbigbuy.com/images/4719072742515_S71012049_P10.jpg,,,121.51,25,NEW,24.2,20.2,8.6,0.48,4204.02,EUR,2,8,3
S72104398,8430622829314,de-DE,Gardening & DIY,Herrenuhr Festina F20696/3 Schwarz,"Wenn Sie mit den neuesten Mode und Accessoire-Trends schritthalten wollen, kaufen Sie <b>Herrenuhr Festina F20696/3 Schwarz</b> zum besten Preis.<br><","Wenn Sie mit den neuesten Mode und Accessoire-Trends schritthalten wollen, kaufen Sie <b>Herrenuhr Festina F20696/3 Schwarz</b> zum besten Preis.<br><br><ul><li>Extra Links: Kein</li><li>Typ der Uhr: Armbanduhr</li><li>Farbe: Schwarz</li><li>Geschlecht: Herren</li><li>Material des Armbands: Titan</li><li>Farbe des Bandes: Grau</li><li>Uhrwerk: Quarz</li><li>Durchmesser: 41 mm</li></ul>",Pop Pulse Emporium,https://cdnbigbuy.com/images/8430622829314_S72104398_P00.jpg,https://cdnbigbuy.com/images/103410_mandatory-watch0.jpg,,,189.6,50,NEW,14.15,12.43,10.11,0.3,1778.19,EUR,2,8,3
S6505327,8059019049533,de-DE,Gardening & DIY,Staubsauger Hoover grün 850 W,"Wenn Sie Haushaltsgeräte zum besten Großhandelspreis suchen, dann verpassen Sie nicht Ihre Chance auf <b>Staubsauger Hoover grün 850 W</b> sowie ein b","Wenn Sie Haushaltsgeräte zum besten Großhandelspreis suchen, dann verpassen Sie nicht Ihre Chance auf <b>Staubsauger Hoover grün 850 W</b> sowie ein breites Sortiment an kleinen Haushaltsgeräten!<br><br><ul><li>Steckertyp: EU-Stecker</li><li>Steckbares Produkt: Ja</li><li>Art: Trocken</li><li>Farbe: grün</li><li>Material: <ul><li>Metall</li><li>Kunststoff</li></ul></li><li>Merkmale: <ul><li>Tragegriff</li><li>Schmale Düse</li><li>Einziehbares Kabel</li><li>Teleskopisch</li></ul></li><li>Spannung",Pop Pulse Emporium,https://cdnbigbuy.com/images/8059019049533_I00.jpg,https://cdnbigbuy.com/images/8059019049533_R60.jpg,https://cdnbigbuy.com/images/8059019049533_R50.jpg,https://cdnbigbuy.com/images/8059019049533_R40.jpg,108.74,50,NEW,56.0,33.0,32.0,7.46,59136.0,EUR,2,8,3
S9127336,5901969403138,de-DE,Gardening & DIY,Wandschaltschrank Lanberg WF01-6412-10B,"Wenn Sie sich leidenschaftlich mit <b>IT und Elektronik</b> beschäftigen, mit der Technologie auf dem neuesten Stand sein wollen und nicht einmal die ","Wenn Sie sich leidenschaftlich mit <b>IT und Elektronik</b> beschäftigen, mit der Technologie auf dem neuesten Stand sein wollen und nicht einmal die winzigsten Einzelheiten auslassen, kaufen Sie <b>Wandschaltschrank Lanberg WF01-6412-10B</b>.<br><br><ul><li>Art: <ul><li>Schränke</li><li>Rahmen</li><li>Regal</li></ul></li><li>Farbe: Schwarz</li><li>Material: Stahl</li><li>Breite: 60 cm</li><li>Lang: 45 cm</li><li>Max. unterstütztes Gewicht: 60 Kg</li><li>IP-Klassifizierung: IP20</li><li>Format: ",Pop Pulse Emporium,https://cdnbigbuy.com/images/5901969403138_I01.jpg,https://cdnbigbuy.com/images/5901969403138_I21.jpg,https://cdnbigbuy.com/images/5901969403138_I41.jpg,https://cdnbigbuy.com/images/5901969403138_I81.jpg,158.09,10,NEW,25.3,65.5,64.5,22.5,106886.18,EUR,2,8,3
S3059029,8424002159337,de-DE,Gardening & DIY,Tischlampe Home ESPRIT Gold Harz 220 V 45 X 23 X 34 cm,"<p>Wenn Sie Ihrem Zuhause einen Hauch von Originalität verleihen möchten, tun Sie dies mit <b>Tischlampe Home ESPRIT Gold Harz 220 V 45 X 23 X 34 cm</","<p>Wenn Sie Ihrem Zuhause einen Hauch von Originalität verleihen möchten, tun Sie dies mit <b>Tischlampe Home ESPRIT Gold Harz 220 V 45 X 23 X 34 cm</b>.</p><br><br><ul><li>Steckbares Produkt: Ja</li><li>Art: <ul><li>Tischlampe</li><li>Glamour</li></ul></li><li>Steckertyp: EU-Stecker</li><li>Spannung: 220 V</li><li>Kappe: E14</li><li>Lang: 23 cm</li><li>Design: Hund</li><li>groß: 34 cm</li><li>Breite: 45 cm</li><li>Material: Harz</li><li>Farbe: Gold</li><li>Nicht erhalten: Glühbirne</li><li>Maße",Pop Pulse Emporium,https://cdnbigbuy.com/images/8424002159337_S3059029_P00.jpg,https://cdnbigbuy.com/images/8424002159337_S3059029_P10.jpg,https://cdnbigbuy.com/images/8424002159337_S3059029_P20.jpg,https://cdnbigbuy.com/images/8424002159337_S3059029_P30.jpg,126.19,25,NEW,53.0,42.0,31.0,6.5,69006.0,EUR,2,8,3
S0387913,0197853085084,de-DE,Gardening & DIY,Handtasche Michael Kors Vincent,"Wenn Sie auf der Suche nach trendigen Neuheiten auf dem Markt sind, präsentieren wir Ihnen <b>Handtasche Michael Kors Vincent</b>!<br><br><ul><li>Farb","Wenn Sie auf der Suche nach trendigen Neuheiten auf dem Markt sind, präsentieren wir Ihnen <b>Handtasche Michael Kors Vincent</b>!<br><br><ul><li>Farbe: Schwarz</li><li>Material: Leder</li><li>Verschluss Armband: Plattenspeicher</li><li>Enthalten: Enthält Markenetui oder -hülle</li><li>Maße ca.: 42 x 37 x 14 cm</li></ul>",Pop Pulse Emporium,https://cdnbigbuy.com/images/0197853085084_S0387913_P00.jpg,https://cdnbigbuy.com/images/0197853085084_S0387913_P10.jpg,https://cdnbigbuy.com/images/0197853085084_S0387913_P20.jpg,,169.16,10,NEW,10.0,10.0,10.0,0.3,1000.0,EUR,2,8,3
S3043654,8424002060190,de-DE,Gardening & DIY,Deckenlampe DKD Home Decor Gold Metall 50 W 70 x 70 x 20 cm,"<p>Wenn Sie Ihrem Zuhause einen Hauch von Originalität verleihen möchten, tun Sie dies mit <b>Deckenlampe DKD Home Decor Gold Metall 50 W 70 x 70 x 20","<p>Wenn Sie Ihrem Zuhause einen Hauch von Originalität verleihen möchten, tun Sie dies mit <b>Deckenlampe DKD Home Decor Gold Metall 50 W 70 x 70 x 20 cm</b>.</p><br><br><ul><li>Art: Deckenlampe</li><li>Farbe: Gold</li><li>Material: Metall</li><li>Leistung: 50 W</li><li>Design: Moderne</li><li>Kappe: E27</li><li>Spannung: 220 V</li><li>Glühbirnen: 4</li><li>Nicht erhalten: Glühbirne</li><li>Maße ca.: <ul><li>70 x 70 x 20 cm</li><li>67 x 67 x 20 cm</li></ul></li><li>Land/Region der Herstellung: S",Pop Pulse Emporium,https://cdnbigbuy.com/images/8424002060190_S3043654_P21.jpg,https://cdnbigbuy.com/images/8424002060190_S3043654_P41.jpg,https://cdnbigbuy.com/images/8424002060190_S3043654_P01.jpg,https://cdnbigbuy.com/images/8424002060190_S3043654_P11.jpg,124.93,25,NEW,23.0,42.0,72.0,4.2,69552.0,EUR,2,8,3
S9183087,5908277388515,de-DE,Gardening & DIY,Elektrischer Tragbarer Kühlschrank Eldom TL110 Schwarz Grau 26 L,Statten Sie Ihr Fahrzeug mit den neuesten Produkten aus - kaufen Sie <b>Elektrischer Tragbarer Kühlschrank Eldom TL110 Schwarz Grau 26 L</b> und verpa,Statten Sie Ihr Fahrzeug mit den neuesten Produkten aus - kaufen Sie <b>Elektrischer Tragbarer Kühlschrank Eldom TL110 Schwarz Grau 26 L</b> und verpassen Sie kein Detail!<br><br><ul><li>Steckbares Produkt: Ja</li><li>Steckertyp: EU-Stecker</li><li>Farbe: <ul><li>Schwarz</li><li>Grau</li></ul></li><li>Material: Polyurethan</li><li>Merkmale: Tragegriff</li><li>Spannung: <ul><li>12 V</li><li>220 -240 V</li></ul></li><li>Stromquelle: <ul><li>Auto-Zigarettenanzünder</li><li>Stromnetz</li></ul></li><,Pop Pulse Emporium,https://cdnbigbuy.com/images/S9183087_59082773885150.jpg,https://cdnbigbuy.com/images/5908277388515_S9183087_P30.jpg,,,110.13,2,NEW,44.5,41.5,33.0,4.93,60942.75,EUR,2,8,3
S55065819,0710931130577,de-DE,Gardening & DIY,Schnittstelle Trendnet TEW-821DAP Weiß,"Wenn Sie sich leidenschaftlich mit <b>IT und Elektronik</b> beschäftigen, mit der Technologie auf dem neuesten Stand sein wollen und nicht einmal die ","Wenn Sie sich leidenschaftlich mit <b>IT und Elektronik</b> beschäftigen, mit der Technologie auf dem neuesten Stand sein wollen und nicht einmal die winzigsten Einzelheiten auslassen, kaufen Sie <b>Schnittstelle Trendnet TEW-821DAP Weiß</b>.<br><br><ul><li>Farbe: Weiß</li><li>Art: Schnittstelle</li><li>Steckbares Produkt: Ja</li><li>Steckertyp: EU-Stecker</li><li>Spannung: 12 V</li><li>Geschwindigkeit: <ul><li>867 Mbps</li><li>1000 Mbit/s</li><li>10 Gbit/s</li></ul></li><li>Enthalten: Kabel Eth",Pop Pulse Emporium,https://cdnbigbuy.com/images/169834812.jpg,https://cdnbigbuy.com/images/169834802.jpg,https://cdnbigbuy.com/images/169834832.jpg,https://cdnbigbuy.com/images/169834822.jpg,110.95,2,NEW,31.0,24.0,9.0,1.01,6696.0,EUR,2,8,3
M0506675,8715946474656,de-DE,Gardening & DIY,Toner Epson ACULASER C3900N Schwarz,"Gehen Sie zurück ins Büro, ohne Details zu vergessen: Kaufen Sie <b>Toner Epson ACULASER C3900N Schwarz</b> und seien Sie der Neid Ihrer Kollegen!<br>","Gehen Sie zurück ins Büro, ohne Details zu vergessen: Kaufen Sie <b>Toner Epson ACULASER C3900N Schwarz</b> und seien Sie der Neid Ihrer Kollegen!<br><br><ul><li>Farbe: Schwarz</li><li>Kompatibel: <ul><li>AL-C300DN</li><li>AL-C300DTN</li><li>AL-C300N</li><li>C3900DTN</li><li>C3900N</li><li>WORKFORCE AL-C300DN</li><li>WORKFORCE AL-C300DTN</li><li>WORKFORCE AL-C300N</li><li>ACULASER CX37DTNF</li><li>ACULASER CX37DNF</li><li>ACULASER C3900DN</li><li>ACULASER C3900DTN</li><li>ACULASER C3900N</li><li",Pop Pulse Emporium,https://cdnbigbuy.com/images/8715946474656_M0506675_P00.jpg,,,,194.14,1,NEW,49.5,14.5,18.5,1.26,13278.38,EUR,2,8,3
S55147586,8717371449049,de-DE,Gardening & DIY,"TV Halterung Neomounts WL70-450BL11 17"" 32"" 9 kg","Wenn Sie sich leidenschaftlich mit <b>IT und Elektronik</b> beschäftigen, mit der Technologie auf dem neuesten Stand sein wollen und nicht einmal die ","Wenn Sie sich leidenschaftlich mit <b>IT und Elektronik</b> beschäftigen, mit der Technologie auf dem neuesten Stand sein wollen und nicht einmal die winzigsten Einzelheiten auslassen, kaufen Sie <b>TV Halterung Neomounts WL70-450BL11 17"" 32"" 9 kg</b>.<br><br><ul><li>Zoll: 32""</li><li>Art: <ul><li>Wandhalterung</li><li>TV Halterung</li></ul></li><li>Farbe: Schwarz</li><li>Enthalten: Schrauben</li><li>Merkmale: <ul><li>Einstellbare Höhe</li><li>Einstellbar</li><li>Aufwicklung von Kabeln</li></ul>",Pop Pulse Emporium,https://cdnbigbuy.com/images/599646343.jpg,https://cdnbigbuy.com/images/599645933.jpg,https://cdnbigbuy.com/images/599645653.jpg,,102.73,1,NEW,41.0,77.47,22.86,2.33,72609.53,EUR,2,8,3
S9916336,0023942322160,de-DE,Gardening & DIY,Wandladegerät Verbatim 32216 165 W Schwarz,"Wenn Sie sich leidenschaftlich mit <b>IT und Elektronik</b> beschäftigen, mit der Technologie auf dem neuesten Stand sein wollen und nicht einmal die ","Wenn Sie sich leidenschaftlich mit <b>IT und Elektronik</b> beschäftigen, mit der Technologie auf dem neuesten Stand sein wollen und nicht einmal die winzigsten Einzelheiten auslassen, kaufen Sie <b>Wandladegerät Verbatim 32216 165 W Schwarz</b>.<br><br><p>Das <b>Verbatim Wandladegerät Modell 32216</b> ist ein vielseitiges und kompaktes Gerät, das eine effiziente und schnelle Lade Lösung für verschiedene elektronische Geräte bietet. Hergestellt aus <b>schwarzem Polycarbonat</b>, gewährleistet es",Pop Pulse Emporium,https://cdnbigbuy.com/images/0023942322160_S9916336_P01.jpg,https://cdnbigbuy.com/images/0023942322160_S9916336_P11.jpg,https://cdnbigbuy.com/images/0023942322160_S9916336_P21.jpg,https://cdnbigbuy.com/images/0023942322160_S9916336_P31.jpg,110.18,5,NEW,14.5,11.5,5.0,0.36,833.75,EUR,2,8,3
S7274699,8430622788901,de-DE,Gardening & DIY,Damenuhr Festina F20595/1,"Wenn Sie mit den neuesten Mode und Accessoire-Trends schritthalten wollen, kaufen Sie <b>Damenuhr Festina F20595/1</b> zum besten Preis.<br><br><ul><l","Wenn Sie mit den neuesten Mode und Accessoire-Trends schritthalten wollen, kaufen Sie <b>Damenuhr Festina F20595/1</b> zum besten Preis.<br><br><ul><li>Geschlecht: Damen</li><li>Extra Links: Kein</li><li>Typ der Uhr: Armbanduhr</li><li>Land/Region der Herstellung: China</li><li>Material des Armbands: Edelstahl</li><li>Material des Gehäuses: Edelstahl</li><li>Farbe des Bandes: Bunt</li><li>Design: Damen</li><li>Uhrwerk: Quarz</li><li>Ungefähres Gewicht: 120 gr</li></ul>",Pop Pulse Emporium,https://cdnbigbuy.com/images/8430622788901_S7274699_P01.jpg,https://cdnbigbuy.com/images/8430622788901_S7274699_P11.jpg,https://cdnbigbuy.com/images/73756_mandatory-watch1.jpg,,178.58,50,NEW,39.0,19.0,10.0,0.4,7410.0,EUR,2,8,3
S5614430,0761345801027,de-DE,Gardening & DIY,ATX Semi-Tower Gehäuse Antec P10C,"Wenn Sie sich leidenschaftlich mit <b>IT und Elektronik</b> beschäftigen, mit der Technologie auf dem neuesten Stand sein wollen und nicht einmal die ","Wenn Sie sich leidenschaftlich mit <b>IT und Elektronik</b> beschäftigen, mit der Technologie auf dem neuesten Stand sein wollen und nicht einmal die winzigsten Einzelheiten auslassen, kaufen Sie <b>ATX Semi-Tower Gehäuse Antec P10C</b>.<br><br><ul><li>Farbe: Schwarz</li><li>Maße ca.: 47.7 x 22 x 48.6 cm</li><li>Anschlüsse: <ul><li>USB-A 3.2</li><li>USB-C 3.2 Gen 2 (3.1 Gen 2)</li></ul></li><li>Art: <ul><li>ATX Semi-Tower Gehäuse</li><li>PC</li></ul></li><li>Material: Stahl</li><li>Formfaktor: M",Pop Pulse Emporium,https://cdnbigbuy.com/images/0761345801027_S5614430_P02.jpg,https://cdnbigbuy.com/images/0761345801027_I22.jpg,https://cdnbigbuy.com/images/0761345801027_I42.jpg,https://cdnbigbuy.com/images/0761345801027_I62.jpg,130.29,25,NEW,53.0,55.0,29.0,9.0,84535.0,EUR,2,8,3
S7274932,8430622749087,de-DE,Gardening & DIY,Taschenuhr Festina F2028/1,"Wenn Sie mit den neuesten Mode und Accessoire-Trends schritthalten wollen, kaufen Sie <b>Taschenuhr Festina F2028/1</b> zum besten Preis.<br><br><ul><","Wenn Sie mit den neuesten Mode und Accessoire-Trends schritthalten wollen, kaufen Sie <b>Taschenuhr Festina F2028/1</b> zum besten Preis.<br><br><ul><li>Geschlecht: Herren</li><li>Art: Taschenuhr</li><li>Land/Region der Herstellung: China</li><li>Material des Armbands: Edelstahl</li><li>Material des Gehäuses: Edelstahl</li><li>Farbe des Bandes: Gold</li><li>Gewicht: 80 g</li><li>Uhrwerk: Quarz</li><li>Merkmale: ohne Verschluss</li></ul>",Pop Pulse Emporium,https://cdnbigbuy.com/images/8430622749087_S7274932_P01.jpg,,,,189.6,50,NEW,3.0,9.0,9.0,0.03,243.0,EUR,2,8,3
S0311759,0091661437083,de-DE,Gardening & DIY,Herrenuhr Guess W0408G1 (Ø 45 mm),"Wenn Sie mit den neuesten Mode und Accessoire-Trends schritthalten wollen, kaufen Sie <b>Herrenuhr Guess W0408G1 (Ø 45 mm)</b> zum besten Preis.<br><b","Wenn Sie mit den neuesten Mode und Accessoire-Trends schritthalten wollen, kaufen Sie <b>Herrenuhr Guess W0408G1 (Ø 45 mm)</b> zum besten Preis.<br><br><ul><li>Geschlecht: Herren</li><li>Typ der Uhr: Armbanduhr</li><li>Extra Links: Kein</li><li>Durchmesser: 45 mm</li><li>Farbe des Bandes: Schwarz</li><li>Uhrengehäuse-Material: Edelstahl</li><li>Uhrwerk: Quarz</li><li>Kristall: Mineral</li><li>Wasserdicht: 10 atm</li><li>Enthalten: Enthält Markenetui oder -hülle</li><li>Verschluss Armband: Schlie",Pop Pulse Emporium,https://cdnbigbuy.com/images/0091661437083_S0311759_ok_P02.jpg,https://cdnbigbuy.com/images/8937_mandatory-watch2.jpg,,,148.6,1,NEW,32.0,19.0,10.0,0.4,6080.0,EUR,2,8,3
S0388225,0194900701515,de-DE,Gardening & DIY,Umhängetasche Michael Kors 35T9GTVT0L-LT-CREAM Beige 24 x 19 x 10 cm,"Wenn Sie auf der Suche nach trendigen Neuheiten auf dem Markt sind, präsentieren wir Ihnen <b>Umhängetasche Michael Kors 35T9GTVT0L-LT-CREAM Beige 24 ","Wenn Sie auf der Suche nach trendigen Neuheiten auf dem Markt sind, präsentieren wir Ihnen <b>Umhängetasche Michael Kors 35T9GTVT0L-LT-CREAM Beige 24 x 19 x 10 cm</b>!<br><br><ul><li>Art: Damen Handtasche</li><li>Farbe: Beige</li><li>Material: Canvas-Stoff</li><li>Verschluss Armband: Reißverschluss</li><li>Enthalten: Enthält Markenetui oder -hülle</li><li>Maße ca.: 24 x 19 x 10 cm</li></ul>",Pop Pulse Emporium,https://cdnbigbuy.com/images/0194900701515_S0388225_P00.jpg,https://cdnbigbuy.com/images/0194900701515_S0388225_P10.jpg,https://cdnbigbuy.com/images/0194900701515_S0388225_P20.jpg,,174.71,2,NEW,10.0,10.0,10.0,0.3,1000.0,EUR,2,8,3
S9145492,4711378425277,de-DE,Gardening & DIY,Mikro SD Speicherkarte mit Adapter Patriot Memory PEF1TBEP31MCX 1 TB,"Wenn Sie sich leidenschaftlich mit <b>IT und Elektronik</b> beschäftigen, mit der Technologie auf dem neuesten Stand sein wollen und nicht einmal die ","Wenn Sie sich leidenschaftlich mit <b>IT und Elektronik</b> beschäftigen, mit der Technologie auf dem neuesten Stand sein wollen und nicht einmal die winzigsten Einzelheiten auslassen, kaufen Sie <b>Mikro SD Speicherkarte mit Adapter Patriot Memory PEF1TBEP31MCX 1 TB</b>.<br><br><ul><li>Art: <ul><li>Klasse 10</li><li>Klasse 3 (U3)</li></ul></li><li>Farbe: <ul><li>Schwarz</li><li>Rot</li></ul></li><li>Format: MicroSDXC</li><li>Interner Speicher: 1 TB</li><li>Geschwindigkeit: <ul><li>80 MB/s</li><",Pop Pulse Emporium,https://cdnbigbuy.com/images/S9145492_4711378425277_P20.jpg,,,,127.83,1,NEW,0.5,10.0,13.2,0.03,66.0,EUR,2,8,3
S91122682,5400520305985,de-DE,Gardening & DIY,Sportrucksack Gregory 153049-1552 Blau Rot 20 L 25 L,"Bleiben Sie in Form und entdecken Sie die neuesten Innovationen der Branche, um mit den besten Voraussetzungen Sport zu betreiben! Kaufen Sie <b>Sport","Bleiben Sie in Form und entdecken Sie die neuesten Innovationen der Branche, um mit den besten Voraussetzungen Sport zu betreiben! Kaufen Sie <b>Sportrucksack Gregory 153049-1552 Blau Rot 20 L 25 L</b> zum besten Preis und genießen Sie ein gesundes Leben!<br><br><ul><li>Art: Sportrucksack</li><li>Farbe: <ul><li>Blau</li><li>Rot</li></ul></li><li>Material: <ul><li>Polyester</li><li>Legierter Stahl</li><li>Nylon</li></ul></li><li>Breite: 29 cm</li><li>groß: 53 cm</li><li>Lang: <ul><li>20 cm</li><l",Pop Pulse Emporium,https://cdnbigbuy.com/images/5400520305985_S91122682_P00.jpg,https://cdnbigbuy.com/images/5400520305985_S91122682_P10.jpg,https://cdnbigbuy.com/images/5400520305985_S91122682_P20.jpg,https://cdnbigbuy.com/images/5400520305985_S91122682_P30.jpg,128.8,4,NEW,30.0,10.0,53.0,1.14,15900.0,EUR,2,8,3
S7248298,8430622795589,de-DE,Gardening & DIY,Herrenuhr Festina F16759/7,"Wenn Sie mit den neuesten Mode und Accessoire-Trends schritthalten wollen, kaufen Sie <b>Herrenuhr Festina F16759/7</b> zum besten Preis.<br><br><ul><","Wenn Sie mit den neuesten Mode und Accessoire-Trends schritthalten wollen, kaufen Sie <b>Herrenuhr Festina F16759/7</b> zum besten Preis.<br><br><ul><li>Geschlecht: Herren</li><li>Extra Links: Kein</li><li>Typ der Uhr: Armbanduhr</li></ul>",Pop Pulse Emporium,https://cdnbigbuy.com/images/8430622795589_S7248298_P02.jpg,https://cdnbigbuy.com/images/8430622795589_S7248298_P12.jpg,https://cdnbigbuy.com/images/47462_mandatory-watch2.jpg,,189.6,50,NEW,32.0,19.0,10.0,0.4,6080.0,EUR,2,8,3
S9900703,8436574702811,de-DE,Gardening & DIY,UTP starres Netzwerkkabel der Kategorie 6 Aisens A136-0282 Grau 305 m,"Wenn Sie sich leidenschaftlich mit <b>IT und Elektronik</b> beschäftigen, mit der Technologie auf dem neuesten Stand sein wollen und nicht einmal die ","Wenn Sie sich leidenschaftlich mit <b>IT und Elektronik</b> beschäftigen, mit der Technologie auf dem neuesten Stand sein wollen und nicht einmal die winzigsten Einzelheiten auslassen, kaufen Sie <b>UTP starres Netzwerkkabel der Kategorie 6 Aisens A136-0282 Grau 305 m</b>.<br><br><ul><li>Länge des Kabels: 305 m</li><li>Art: <ul><li>Netzwerkkabel</li><li>Stecker/Stecker</li><li>Cat6</li></ul></li><li>Farbe: Grau</li><li>Jahr: 2019</li><li>Form: rund</li><li>Spannung: 3 V</li><li>Leitfähiges Mater",Pop Pulse Emporium,https://cdnbigbuy.com/images/8436574702811_I20.jpg,,,,174.43,4,NEW,39.5,24.5,38.5,11.65,37258.38,EUR,2,8,3
S2712353,8414793749039,de-DE,Gardening & DIY,"Blumentopf mit Ständer Vinthera Moa grün Metall 17 x 17 x 29,5 cm (6 Stück)","Wenn Sie bei der Einrichtung ihres Heims Wert auf Details legen und bei Produkten, die Ihnen das Leben leichter machen, auf dem letzten Stand sein möc","Wenn Sie bei der Einrichtung ihres Heims Wert auf Details legen und bei Produkten, die Ihnen das Leben leichter machen, auf dem letzten Stand sein möchten, dann kaufen Sie <b>Blumentopf mit Ständer Vinthera Moa grün Metall 17 x 17 x 29,5 cm (6 Stück)</b> zum besten Preis.<br><br><ul><li>Art: Blumentopf mit Ständer</li><li>Farbe: grün</li><li>Material: Metall</li><li>Stückzahl: 6 Stück</li><li>Maße ca.: 17 x 17 x 29,5 cm</li></ul>",Pop Pulse Emporium,https://cdnbigbuy.com/images/8414793749039_s2712353_p3_icon0.jpg,https://cdnbigbuy.com/images/8414793749039_S2712353_P10.jpg,https://cdnbigbuy.com/images/8414793749039_S2712353_P20.jpg,https://cdnbigbuy.com/images/8414793749039_S2712353_P30.jpg,105.05,50,NEW,56.0,38.0,32.0,3.3,68096.0,EUR,2,8,3
S0367119,0196163426297,de-DE,Gardening & DIY,Damen Handtasche Michael Kors 35F2GM9S8B-VANILLA 31 x 23 x 12 cm,Sind Sie modebewusst und begeistern sich für Accessoires? Wir bieten Ihnen <b>Damen Handtasche Michael Kors 35F2GM9S8B-VANILLA 31 x 23 x 12 cm</b> und,Sind Sie modebewusst und begeistern sich für Accessoires? Wir bieten Ihnen <b>Damen Handtasche Michael Kors 35F2GM9S8B-VANILLA 31 x 23 x 12 cm</b> und ein breites Sortiment an modernen Handtaschen und Geldbeutel!<br><br><ul><li>Art: Damen Handtasche</li><li>Geschlecht: Damen</li><li>Material: Haut</li><li>Verschluss Armband: Reißverschluss</li><li>Maße ca.: 31 x 23 x 12 cm</li></ul>,Pop Pulse Emporium,https://cdnbigbuy.com/images/0196163426297_S0367119_P03.jpg,https://cdnbigbuy.com/images/0196163426297_S0367119_P13.jpg,https://cdnbigbuy.com/images/0196163426297_S0367119_P23.jpg,,196.91,5,NEW,10.0,20.0,20.0,0.3,4000.0,EUR,2,8,3
S9914000,4894461997742,de-DE,Gardening & DIY,Smartphone TCL T509K3-2BLCA112 Octa Core 6 GB RAM 256 GB Blau,"Wenn Sie sich leidenschaftlich mit <b>IT und Elektronik</b> beschäftigen, mit der Technologie auf dem neuesten Stand sein wollen und nicht einmal die ","Wenn Sie sich leidenschaftlich mit <b>IT und Elektronik</b> beschäftigen, mit der Technologie auf dem neuesten Stand sein wollen und nicht einmal die winzigsten Einzelheiten auslassen, kaufen Sie <b>Smartphone TCL T509K3-2BLCA112 Octa Core 6 GB RAM 256 GB Blau</b>.<br><br><ul><li>Farbe: Blau</li><li>Art: <ul><li>Smartphones, Mobiltelefone</li><li>Smartphone</li><li>Dual SIM</li></ul></li><li>Maximalgröße der Speicherkarte: 512 GB</li><li>Glonass: Ja</li><li>Kompatible Speicherkarten: <ul><li>Mic",Pop Pulse Emporium,https://cdnbigbuy.com/images/4894461997742_S9914000_P00.jpg,,,,134.14,25,NEW,18.5,9.0,5.0,0.39,832.5,EUR,2,8,3
S72100095,8054719172703,de-DE,Gardening & DIY,Schlüsselanhänger Amen CLMIBM,Statten Sie Ihr Fahrzeug mit den neuesten Produkten aus - kaufen Sie <b>Schlüsselanhänger Amen CLMIBM</b> und verpassen Sie kein Detail!<br><br><ul><l,Statten Sie Ihr Fahrzeug mit den neuesten Produkten aus - kaufen Sie <b>Schlüsselanhänger Amen CLMIBM</b> und verpassen Sie kein Detail!<br><br><ul><li>Art: Schlüsselanhänger</li></ul>,Pop Pulse Emporium,https://cdnbigbuy.com/images/8054719172703_R00.jpg,,,,106.03,5,NEW,9.33,9.5,10.99,0.23,974.1,EUR,2,8,3
S0388885,0196237635624,de-DE,Gardening & DIY,Umhängetasche Michael Kors Leida Schwarz 33 X 30 X 12 CM,"Wenn Sie auf der Suche nach trendigen Neuheiten auf dem Markt sind, präsentieren wir Ihnen <b>Umhängetasche Michael Kors Leida Schwarz 33 X 30 X 12 CM","Wenn Sie auf der Suche nach trendigen Neuheiten auf dem Markt sind, präsentieren wir Ihnen <b>Umhängetasche Michael Kors Leida Schwarz 33 X 30 X 12 CM</b>!<br><br><ul><li>Art: Handtasche</li><li>Geschlecht: Damen</li><li>Farbe: Schwarz</li><li>Material: Canvas-Stoff</li><li>Verschluss Armband: Reißverschluss</li><li>Enthalten: Enthält Markenetui oder -hülle</li><li>Maße ca.: 33 X 30 X 12 CM</li></ul>",Pop Pulse Emporium,https://cdnbigbuy.com/images/0196237635624_S0388885_P00.jpg,https://cdnbigbuy.com/images/0196237635624_S0388885_P10.jpg,https://cdnbigbuy.com/images/0196237635624_S0388885_P20.jpg,,174.71,10,NEW,12.0,33.0,22.0,0.4,8712.0,EUR,2,8,3
S8110730,0840023290565,de-DE,Gardening & DIY,Smartphone Motorola Moto G05 8 GB RAM 256 GB grün,"Wenn Sie auf der Suche nach trendigen Neuheiten auf dem Markt sind, präsentieren wir Ihnen <b>Smartphone Motorola Moto G05 8 GB RAM 256 GB grün</b>!<b","Wenn Sie auf der Suche nach trendigen Neuheiten auf dem Markt sind, präsentieren wir Ihnen <b>Smartphone Motorola Moto G05 8 GB RAM 256 GB grün</b>!<br><br><ul><li>Steckbares Produkt: Ja</li><li>Art: Smartphone</li><li>Steckertyp: EU-Stecker</li><li>Farbe: grün</li><li>Merkmale: <ul><li>GPS</li><li>Frontkamera</li><li>Touchscreen</li><li>Dual SIM</li><li>Spritzwasserbeständig</li><li>WLAN</li><li>HD-Screen</li><li>Android</li><li>Schnelles Laden</li><li>Heckkamera</li></ul></li><li>Konnektivität",Pop Pulse Emporium,https://cdnbigbuy.com/images/0840023290565_S8110730_P00.jpg,,,,170.62,9,NEW,13.0,13.0,12.0,0.39,2028.0,EUR,2,8,3
S3052594,8424002073916,de-DE,Gardening & DIY,Deckenlampe DKD Home Decor 98 x 45 x 30 cm Kristall Metall Weiß 50 W,"<p>Wenn Sie Ihrem Zuhause einen Hauch von Originalität verleihen möchten, tun Sie dies mit <b>Deckenlampe DKD Home Decor 98 x 45 x 30 cm Kristall Meta","<p>Wenn Sie Ihrem Zuhause einen Hauch von Originalität verleihen möchten, tun Sie dies mit <b>Deckenlampe DKD Home Decor 98 x 45 x 30 cm Kristall Metall Weiß 50 W</b>.</p><br><br><ul><li>Art: <ul><li>Deckenlampe</li><li>Bälle</li></ul></li><li>Farbe: Weiß</li><li>Material: <ul><li>Metall</li><li>Kristall</li></ul></li><li>Leistung: 50 W</li><li>Kappe: E27</li><li>Spannung: 220 V</li><li>Nicht erhalten: Glühbirne</li><li>Maße ca.: <ul><li>98 x 45 x 30 cm</li><li>98 x 21 x 22 cm</li></ul></li><li>",Pop Pulse Emporium,https://cdnbigbuy.com/images/8424002073916_S3052594_P11.jpg,https://cdnbigbuy.com/images/8424002073916_S3052594_P61.jpg,https://cdnbigbuy.com/images/8424002073916_S3052594_P51.jpg,https://cdnbigbuy.com/images/8424002073916_S3052594_P41.jpg,119.93,25,NEW,106.0,20.0,34.0,3.1,72080.0,EUR,2,8,3
S91118105,9312432031011,de-DE,Gardening & DIY,Toaster Sage STA735BTR4EEU1 1000 W,"Wenn Sie auf der Suche nach trendigen Neuheiten auf dem Markt sind, präsentieren wir Ihnen <b>Toaster Sage STA735BTR4EEU1 1000 W</b>!<br><br><ul><li>S","Wenn Sie auf der Suche nach trendigen Neuheiten auf dem Markt sind, präsentieren wir Ihnen <b>Toaster Sage STA735BTR4EEU1 1000 W</b>!<br><br><ul><li>Steckbares Produkt: Ja</li><li>Art: Toaster</li><li>Steckertyp: EU-Stecker</li><li>Farbe: Schwarz</li><li>Material: Edelstahl</li><li>Merkmale: Abnehmbare Ablage</li><li>Leistung: 1000 W</li><li>Spannung: 220-240 V</li><li>Enthalten: Benutzerhandbuch</li><li>Kapazität: 2 Scheiben</li></ul>",Pop Pulse Emporium,https://cdnbigbuy.com/images/9312432031011_S91118105_P00.jpg,,,,180.39,1,NEW,24.5,26.0,40.5,3.5,25798.5,EUR,2,8,3
S0463722,6970100377842,de-DE,Gardening & DIY,Smartwatch Amazfit W2435EU1N,"Wenn Sie auf der Suche nach trendigen Neuheiten auf dem Markt sind, präsentieren wir Ihnen <b>Smartwatch Amazfit W2435EU1N</b>!<br><br><ul><li>Typ der","Wenn Sie auf der Suche nach trendigen Neuheiten auf dem Markt sind, präsentieren wir Ihnen <b>Smartwatch Amazfit W2435EU1N</b>!<br><br><ul><li>Typ der Uhr: Smartwatch</li><li>Steckbares Produkt: Ja</li></ul>",Pop Pulse Emporium,https://cdnbigbuy.com/images/6970100377842_S0463722_P00.jpg,,,,102.72,25,NEW,11.49,10.93,10.1,0.19,1268.42,EUR,2,8,3
S37115018,8027280496912,de-DE,Gardening & DIY,Rippenschutz OMP OMPKK0-0047-B01-007-L L,Statten Sie Ihr Fahrzeug mit den neuesten Produkten aus - kaufen Sie <b>Rippenschutz OMP OMPKK0-0047-B01-007-L L</b> und verpassen Sie kein Detail!<br,Statten Sie Ihr Fahrzeug mit den neuesten Produkten aus - kaufen Sie <b>Rippenschutz OMP OMPKK0-0047-B01-007-L L</b> und verpassen Sie kein Detail!<br><br><ul><li>Größe: L</li><li>Farbe: Schwarz</li><li>Material: Carbonfaser</li><li>Merkmale: Einstellbar</li></ul>,Pop Pulse Emporium,https://cdnbigbuy.com/images/8027280496912_S37115018_P00.jpg,https://cdnbigbuy.com/images/114567_mandatory-motor0.jpg,,,136.46,50,NEW,5.0,5.0,15.0,2.0,375.0,EUR,2,8,3
S71002643,3454980333899,de-DE,Gardening & DIY,Kinderbett-Matratze P'TIT LIT Perfect 120 x 60 cm,"Für unsere Kinder möchten wir Ihnen <b>Kinderbett-Matratze P'TIT LIT Perfect 120 x 60 cm</b> vorstellen, perfekt für alle, die qualitativ hochwertige ","Für unsere Kinder möchten wir Ihnen <b>Kinderbett-Matratze P'TIT LIT Perfect 120 x 60 cm</b> vorstellen, perfekt für alle, die qualitativ hochwertige Produkte für die Kleinsten suchen. Kaufen Sie <b>P'TIT LIT</b> und weitere Marken und Lizenzen zu den besten Preisen!<br><br><ul><li>Maße ca.: 120 x 60 cm</li></ul>",Pop Pulse Emporium,https://cdnbigbuy.com/images/3454980333899_S71002643_P00.jpg,https://cdnbigbuy.com/images/3454980333899_S71002643_P10.jpg,https://cdnbigbuy.com/images/3454980333899_S71002643_P20.jpg,https://cdnbigbuy.com/images/3454980333899_S71002643_P30.jpg,114.92,1,NEW,78.0,27.5,27.0,2.6,57915.0,EUR,2,8,3
S5603781,0810354025730,de-DE,Gardening & DIY,Stromquelle UBIQUITI EP-54V-150W-DC 150 W,"Wenn Sie sich leidenschaftlich mit <b>IT und Elektronik</b> beschäftigen, mit der Technologie auf dem neuesten Stand sein wollen und nicht einmal die ","Wenn Sie sich leidenschaftlich mit <b>IT und Elektronik</b> beschäftigen, mit der Technologie auf dem neuesten Stand sein wollen und nicht einmal die winzigsten Einzelheiten auslassen, kaufen Sie <b>Stromquelle UBIQUITI EP-54V-150W-DC 150 W</b>.<br><br><ul><li>Farbe: Grau</li><li>Merkmale: LED-Anzeige</li><li>Stromquelle: 150 W</li><li>Steckbares Produkt: Ja</li><li>Steckertyp: EU-Stecker</li><li>Art: Stromquelle</li><li>Spannung: 240 V</li><li>Leistung: 150 W</li></ul>",Pop Pulse Emporium,https://cdnbigbuy.com/images/0810354025730_S5603781_P02.jpg,,,,109.53,10,NEW,28.0,14.0,14.0,2.0,5488.0,EUR,2,8,3
S71002649,3454980333936,de-DE,Gardening & DIY,Kinderbett-Matratze P'TIT LIT Organic Cotton 120 x 60 cm,"Für unsere Kinder möchten wir Ihnen <b>Kinderbett-Matratze P'TIT LIT Organic Cotton 120 x 60 cm</b> vorstellen, perfekt für alle, die qualitativ hochw","Für unsere Kinder möchten wir Ihnen <b>Kinderbett-Matratze P'TIT LIT Organic Cotton 120 x 60 cm</b> vorstellen, perfekt für alle, die qualitativ hochwertige Produkte für die Kleinsten suchen. Kaufen Sie <b>P'TIT LIT</b> und weitere Marken und Lizenzen zu den besten Preisen!<br><br><ul><li>Maße ca.: 120 x 60 cm</li></ul>",Pop Pulse Emporium,https://cdnbigbuy.com/images/3454980333936_S71002649_P00.jpg,https://cdnbigbuy.com/images/3454980333936_S71002649_P30.jpg,https://cdnbigbuy.com/images/3454980333936_S71002649_P10.jpg,https://cdnbigbuy.com/images/3454980333936_S71002649_P20.jpg,113.62,10,NEW,78.0,27.0,27.0,3.0,56862.0,EUR,2,8,3
S71012551,5411397012357,de-DE,Gardening & DIY,Freistehender Ventilator DOMO DO152A Weiß 110 W,"Wenn Sie auf der Suche nach trendigen Neuheiten auf dem Markt sind, präsentieren wir Ihnen <b>Freistehender Ventilator DOMO DO152A Weiß 110 W</b>!<br>","Wenn Sie auf der Suche nach trendigen Neuheiten auf dem Markt sind, präsentieren wir Ihnen <b>Freistehender Ventilator DOMO DO152A Weiß 110 W</b>!<br><br><ul><li>Farbe: Weiß</li><li>Material: Kunststoff</li><li>Spannung: 230 V</li><li>Leistung: 110 W</li><li>Kapazität: 5,5 L</li><li>Geschwindigkeiten: 3 Geschwindigkeitsstufen</li><li>Installationsart: Boden</li></ul>",Pop Pulse Emporium,https://cdnbigbuy.com/images/5411397012357_S71012551_P00.jpg,https://cdnbigbuy.com/images/5411397012357_S71012551_P50.jpg,https://cdnbigbuy.com/images/5411397012357_S71012551_P40.jpg,https://cdnbigbuy.com/images/5411397012357_S71012551_P30.jpg,199.41,25,NEW,41.19,36.61,45.2,4.48,68160.06,EUR,2,8,3
S72122306,4894816159955,de-DE,Gardening & DIY,Herrenuhr Timberland TDWGC0068802,"Wenn Sie auf der Suche nach trendigen Neuheiten auf dem Markt sind, präsentieren wir Ihnen <b>Herrenuhr Timberland TDWGC0068802</b>!<br><br><ul><li>Ge","Wenn Sie auf der Suche nach trendigen Neuheiten auf dem Markt sind, präsentieren wir Ihnen <b>Herrenuhr Timberland TDWGC0068802</b>!<br><br><ul><li>Geschlecht: Herren</li><li>Extra Links: Kein</li><li>Typ der Uhr: Armbanduhr</li></ul>",Pop Pulse Emporium,https://cdnbigbuy.com/images/4894816159955_R00.jpg,https://cdnbigbuy.com/images/4894816159955_R10.jpg,https://cdnbigbuy.com/images/4894816159955_R20.jpg,https://cdnbigbuy.com/images/121318_mandatory-watch0.jpg,189.53,2,NEW,14.15,12.43,10.11,0.3,1778.19,EUR,2,8,3
S72104284,4971850085201,de-DE,Gardening & DIY,Herrenuhr Casio BESIDE Silberfarben (Ø 41 mm),"Wenn Sie mit den neuesten Mode und Accessoire-Trends schritthalten wollen, kaufen Sie <b>Herrenuhr Casio BESIDE Silberfarben (Ø 41 mm)</b> zum besten ","Wenn Sie mit den neuesten Mode und Accessoire-Trends schritthalten wollen, kaufen Sie <b>Herrenuhr Casio BESIDE Silberfarben (Ø 41 mm)</b> zum besten Preis.<br><br><ul><li>Extra Links: Kein</li><li>Typ der Uhr: Armbanduhr</li><li>Funktionen: Datum</li><li>Geschlecht: Herren</li><li>Material des Armbands: Edelstahl</li><li>Enthalten: Inklusive Markenetui</li><li>Wasserdicht: 5 atm</li><li>Kristall: Mineral</li><li>Uhrwerk: Quarz</li><li>Durchmesser des Uhrengehäuses: Ø 41 mm</li><li>Farbe: Silber",Pop Pulse Emporium,https://cdnbigbuy.com/images/4971850085201_S72104284_P00.jpg,https://cdnbigbuy.com/images/103296_mandatory-watch0.jpg,,,122.38,1,NEW,14.15,12.43,10.11,0.3,1778.19,EUR,2,8,3
S55270972,0195892090472,de-DE,Gardening & DIY,Kopfhörer Lenovo 4XD1M45627 Schwarz,"Wenn Sie sich leidenschaftlich mit <b>IT und Elektronik</b> beschäftigen, mit der Technologie auf dem neuesten Stand sein wollen und nicht einmal die ","Wenn Sie sich leidenschaftlich mit <b>IT und Elektronik</b> beschäftigen, mit der Technologie auf dem neuesten Stand sein wollen und nicht einmal die winzigsten Einzelheiten auslassen, kaufen Sie <b>Kopfhörer Lenovo 4XD1M45627 Schwarz</b>.<br><br><ul><li>Art: <ul><li>Kopfhörer</li><li>Mobilteil</li><li>Diadem-Kopfhörer</li><li>Drahtgebunden</li><li>Kopfhörer mit Mikrofon</li></ul></li><li>Farbe: Schwarz</li><li>Merkmale: <ul><li>Lärmunterdrückung</li><li>Mikrofon</li><li>Garantie</li><li>Inklusi",Pop Pulse Emporium,https://cdnbigbuy.com/images/830050100.jpg,,,,165.19,50,NEW,23.0,19.0,8.0,0.4,3496.0,EUR,2,8,3
S72123147,4894327112852,de-DE,Gardening & DIY,Brillenfassung Yohji Yamamoto YY1008 47118,"Wenn Sie Ihren Kleiderschrank erneuern möchten, empfehlen wir Ihnen <b>Brillenfassung Yohji Yamamoto YY1008 47118</b> und weitere <b> Produkte von Yoh","Wenn Sie Ihren Kleiderschrank erneuern möchten, empfehlen wir Ihnen <b>Brillenfassung Yohji Yamamoto YY1008 47118</b> und weitere <b> Produkte von Yohji Yamamoto</b>! Jetzt für Sie die beste Qualität zum besten Preis!<br><br><ul><li>Geschlecht: Unisex</li><li>Merkmale: Gläser ohne Sehstärke</li><li>Art: Brillenfassung</li></ul>",Pop Pulse Emporium,https://cdnbigbuy.com/images/4894327112852_S72123147_P00.jpg,https://cdnbigbuy.com/images/4894327112852_S72123147_P10.jpg,https://cdnbigbuy.com/images/4894327112852_S72123147_P20.jpg,,117.77,25,NEW,9.9,10.0,9.94,0.29,984.06,EUR,2,8,3
S55102441,0882658210723,de-DE,Gardening & DIY,Red SFP+-Kabel CISCO SFP-H10GB-CU1M=     ,"Wenn Sie sich leidenschaftlich mit <b>IT und Elektronik</b> beschäftigen, mit der Technologie auf dem neuesten Stand sein wollen und nicht einmal die ","Wenn Sie sich leidenschaftlich mit <b>IT und Elektronik</b> beschäftigen, mit der Technologie auf dem neuesten Stand sein wollen und nicht einmal die winzigsten Einzelheiten auslassen, kaufen Sie <b>Red SFP+-Kabel CISCO SFP-H10GB-CU1M=     </b>.<br><br><ul><li>Steckertyp: EU-Stecker</li><li>Steckbares Produkt: Ja</li><li>Anschlüsse: <ul><li>SFP+</li><li>USB</li><li>RJ45</li><li>SATA</li></ul></li><li>Farbe: <ul><li>Schwarz</li><li>Grau</li></ul></li><li>Länge des Kabels: 1 m</li><li>Gewicht: 2,5",Pop Pulse Emporium,https://cdnbigbuy.com/images/136870522.jpg,https://cdnbigbuy.com/images/0882658210723_S55102441_P02.jpg,,,113.36,2,NEW,30.0,23.0,1.0,2.5,690.0,EUR,2,8,3
S0375195,0091661527173,de-DE,Gardening & DIY,Damenuhr Guess (Ø 35 mm),"Wenn Sie mit den neuesten Mode und Accessoire-Trends schritthalten wollen, kaufen Sie <b>Damenuhr Guess (Ø 35 mm)</b> zum besten Preis.<br><br><ul><li","Wenn Sie mit den neuesten Mode und Accessoire-Trends schritthalten wollen, kaufen Sie <b>Damenuhr Guess (Ø 35 mm)</b> zum besten Preis.<br><br><ul><li>Funktionen: Stoppuhr</li><li>Uhrwerk: Quarz</li><li>Enthalten: Inklusive Markenetui</li><li>Kristall: Mineral</li><li>Wasserdicht: <ul><li>3 atm</li><li>5 atm</li></ul></li><li>Material des Armbands: Edelstahl</li><li>Geschlecht: Damen</li><li>Durchmesser des Uhrengehäuses: <ul><li>Ø 36 mm</li><li>Ø 35 mm</li></ul></li><li>Extra Links: Kein</li><l",Pop Pulse Emporium,https://cdnbigbuy.com/images/0091661527173_S0375195_P01.jpg,https://cdnbigbuy.com/images/0091661527173_S0375195_P21.jpg,https://cdnbigbuy.com/images/0091661527173_S0375195_P31.jpg,https://cdnbigbuy.com/images/0091661527173_S0375195_P41.jpg,135.51,5,NEW,32.0,19.0,10.0,0.4,6080.0,EUR,2,8,3
S2436704,8422084125004,de-DE,Gardening & DIY,Kinderfahrrad Toimsa Stitch Blau,"Für unsere Kinder möchten wir nur das Beste, und deshalb möchten wir Ihnen <b>Kinderfahrrad Toimsa Stitch Blau</b> vorstellen, perfekt für alle, die q","Für unsere Kinder möchten wir nur das Beste, und deshalb möchten wir Ihnen <b>Kinderfahrrad Toimsa Stitch Blau</b> vorstellen, perfekt für alle, die qualitativ hochwertige Produkte für die Kleinsten suchen. Kaufen Sie <b>Toimsa</b> zu den besten Preisen!<br><br><ul><li>Art: Kinderfahrrad</li><li>Geschlecht: Für Kinder</li><li>Farbe: Blau</li><li>Sprache: ES</li><li>Empfohlenes Alter: + 3 jahre</li><li>Erfordert Montage: Ja</li><li>Betriebsanleitung: ES</li><li>Zoll: 12""</li></ul>",Pop Pulse Emporium,https://cdnbigbuy.com/images/8422084125004_S2436704_P01.jpg,,,,155.68,5,NEW,21.0,51.0,91.0,9.0,97461.0,EUR,2,8,3
S0375665,8431777845914,de-DE,Gardening & DIY,Damenuhr Breil TW1830 (Ø 38 mm),"Wenn Sie mit den neuesten Mode und Accessoire-Trends schritthalten wollen, kaufen Sie <b>Damenuhr Breil TW1830 (Ø 38 mm)</b> zum besten Preis.<br><br>","Wenn Sie mit den neuesten Mode und Accessoire-Trends schritthalten wollen, kaufen Sie <b>Damenuhr Breil TW1830 (Ø 38 mm)</b> zum besten Preis.<br><br><ul><li>Enthalten: <ul><li>Uhrband</li><li>Inklusive Markenetui</li></ul></li><li>Geschlecht: Damen</li><li>Extra Links: Kein</li><li>Typ der Uhr: Armbanduhr</li><li>Material des Armbands: Edelstahl</li><li>Uhrengehäuse-Material: Edelstahl</li><li>Uhrwerk: Quarz</li><li>Kristall: Mineral</li><li>Wasserdicht: 5 atm</li><li>Verschluss Armband: Schlie",Pop Pulse Emporium,https://cdnbigbuy.com/images/8431777845914_S0375665_P01.jpg,https://cdnbigbuy.com/images/72024_mandatory-watch1.jpg,,,124.28,2,NEW,32.0,19.0,10.0,0.4,6080.0,EUR,2,8,3
S0391950,7613272433495,de-DE,Gardening & DIY,Damenuhr Tommy Hilfiger 1782379 (Ø 40 mm),"Wenn Sie auf der Suche nach trendigen Neuheiten auf dem Markt sind, präsentieren wir Ihnen <b>Damenuhr Tommy Hilfiger 1782379 (Ø 40 mm)</b>!<br><br><u","Wenn Sie auf der Suche nach trendigen Neuheiten auf dem Markt sind, präsentieren wir Ihnen <b>Damenuhr Tommy Hilfiger 1782379 (Ø 40 mm)</b>!<br><br><ul><li>Geschlecht: Damen</li><li>Extra Links: Kein</li><li>Typ der Uhr: Armbanduhr</li><li>Material des Armbands: Haut</li><li>Uhrengehäuse-Material: Edelstahl</li><li>Uhrwerk: Quarz</li><li>Kristall: Mineral</li><li>Enthalten: Enthält Markenetui oder -hülle</li><li>Verschluss Armband: Schließe</li><li>Farbe der Krone: Schwarz</li><li>Farbe des Uhre",Pop Pulse Emporium,https://cdnbigbuy.com/images/7613272433495_S0391950_P00.jpg,https://cdnbigbuy.com/images/7613272433495_S0391950_P10.jpg,https://cdnbigbuy.com/images/88311_mandatory-watch0.jpg,,113.04,2,NEW,32.0,19.0,10.0,0.4,6080.0,EUR,2,8,3
S55244446,0065030900614,de-DE,Gardening & DIY,Filter für die Überwachung der Privatsphäre Startech 23669-PRIVACY-SCREEN,"Wenn Sie sich leidenschaftlich mit <b>IT und Elektronik</b> beschäftigen, mit der Technologie auf dem neuesten Stand sein wollen und nicht einmal die ","Wenn Sie sich leidenschaftlich mit <b>IT und Elektronik</b> beschäftigen, mit der Technologie auf dem neuesten Stand sein wollen und nicht einmal die winzigsten Einzelheiten auslassen, kaufen Sie <b>Filter für die Überwachung der Privatsphäre Startech 23669-PRIVACY-SCREEN</b>.<br><br><ul><li>Kompatibel: Universal</li><li>Art: Filter für die Überwachung der Privatsphäre</li><li>Farbe: Schwarz</li><li>Material: Kunststoff</li><li>Bildschirm: 23,6""</li></ul>",Pop Pulse Emporium,https://cdnbigbuy.com/images/776168941.jpg,https://cdnbigbuy.com/images/776168891.jpg,https://cdnbigbuy.com/images/776168871.jpg,,105.43,2,NEW,56.0,34.0,2.0,0.34,3808.0,EUR,2,8,3
S71011604,5407008073541,de-DE,Gardening & DIY,Auto-Motoröl Mobil 0W-40 FS 0w40 5 L,Statten Sie Ihr Fahrzeug mit den neuesten Produkten aus - kaufen Sie <b>Auto-Motoröl Mobil 0W-40 FS 0w40 5 L</b> und verpassen Sie kein Detail!<br><br,Statten Sie Ihr Fahrzeug mit den neuesten Produkten aus - kaufen Sie <b>Auto-Motoröl Mobil 0W-40 FS 0w40 5 L</b> und verpassen Sie kein Detail!<br><br><ul><li>SAE-Viskosität: 0w40</li><li>Kapazität: 5 L</li></ul>,Pop Pulse Emporium,https://cdnbigbuy.com/images/5407008073541_S71011604_P00.jpg,,,,130.37,2,NEW,13.8,19.6,29.2,4.38,7898.02,EUR,2,8,3
S91116905,8809629527569,de-DE,Gardening & DIY,Kopfhörer Sena 3SPLUS-B-10 Schwarz,"Wenn Sie auf der Suche nach trendigen Neuheiten auf dem Markt sind, präsentieren wir Ihnen <b>Kopfhörer Sena 3SPLUS-B-10 Schwarz</b>!<br><br><ul><li>A","Wenn Sie auf der Suche nach trendigen Neuheiten auf dem Markt sind, präsentieren wir Ihnen <b>Kopfhörer Sena 3SPLUS-B-10 Schwarz</b>!<br><br><ul><li>Art: Kopfhörer</li><li>Farbe: Schwarz</li><li>Merkmale: LED-Anzeige</li></ul>",Pop Pulse Emporium,https://cdnbigbuy.com/images/8809629527569_S91116905_P00.jpg,https://cdnbigbuy.com/images/8809629527569_S91116905_P20.jpg,https://cdnbigbuy.com/images/8809629527569_S91116905_P30.jpg,https://cdnbigbuy.com/images/8809629527569_S91116905_P40.jpg,111.89,10,NEW,5.4,12.2,19.1,0.17,1258.31,EUR,2,8,3
S7922904,8425998318593,de-DE,Gardening & DIY,Flutlicht EDM 31859 Slim 300 W 2500 lm Solar (6500 K),"Wenn Sie bei der Einrichtung ihres Heims Wert auf Details legen und bei Produkten, die Ihnen das Leben leichter machen, auf dem letzten Stand sein möc","Wenn Sie bei der Einrichtung ihres Heims Wert auf Details legen und bei Produkten, die Ihnen das Leben leichter machen, auf dem letzten Stand sein möchten, dann kaufen Sie <b>Flutlicht EDM 31859 Slim 300 W 2500 lm Solar (6500 K)</b>.<br><br><ul><li>Stromquelle: Solar</li><li>Nicht erhalten: Bewegungsmelder</li><li>Anzahl der Stücke: 3 Stücke</li><li>Enthalten: <ul><li>Photovoltaische zelle</li><li>Installationssatz</li><li>Fernbedienung</li></ul></li><li>Installationsart: Wandmontage</li><li>Mer",Pop Pulse Emporium,https://cdnbigbuy.com/images/S7922904_38563_1712663352-cropped0.jpg,https://cdnbigbuy.com/images/8425998318593_S7922904_P00.jpg,https://cdnbigbuy.com/images/8425998318593_S7922904_P10.jpg,https://cdnbigbuy.com/images/8425998318593_S7922904_P20.jpg,127.06,50,NEW,36.0,41.0,7.0,2.0,10332.0,EUR,2,8,3
S9405993,0844477024004,de-DE,Gardening & DIY,Brustprothesen Gender X,"Wenn Ihnen Ihre Gesundheit am Herzen liegt und Sie Produkte haben möchten, die <b> Schutz und Wellness</b> bieten, dann kaufen Sie <b> Brustprothesen ","Wenn Ihnen Ihre Gesundheit am Herzen liegt und Sie Produkte haben möchten, die <b> Schutz und Wellness</b> bieten, dann kaufen Sie <b> Brustprothesen Gender X</b> und viele andere <b>Produkte von Gender X</b> zu den besten Preisen!<br><br><ul><li>Wichtige informationen: Wir garantieren Versand mit absoluter Diskretion und Vertraulichkeit. Niemand außer Ihnen erfährt, was das Paket enthält.</li></ul>",Pop Pulse Emporium,https://cdnbigbuy.com/images/0844477024004_S9405993_P00.jpg,https://cdnbigbuy.com/images/0844477024004_S9405993_P110.jpg,https://cdnbigbuy.com/images/0844477024004_S9405993_P50.jpg,https://cdnbigbuy.com/images/0844477024004_S9405993_P120.jpg,134.27,5,NEW,8.35,8.3,8.61,0.2,596.72,EUR,2,8,3
S72110060,8055385057431,de-DE,Gardening & DIY,Unisex-Uhr LIU JO TLJ2421,"Wenn Sie mit den neuesten Mode und Accessoire-Trends schritthalten wollen, kaufen Sie <b>Unisex-Uhr LIU JO TLJ2421</b> zum besten Preis.<br><br><ul><l","Wenn Sie mit den neuesten Mode und Accessoire-Trends schritthalten wollen, kaufen Sie <b>Unisex-Uhr LIU JO TLJ2421</b> zum besten Preis.<br><br><ul><li>Extra Links: Kein</li><li>Geschlecht: Unisex</li><li>Typ der Uhr: Armbanduhr</li></ul>",Pop Pulse Emporium,https://cdnbigbuy.com/images/8055385057431_S72110060_P00.jpg,https://cdnbigbuy.com/images/109072_mandatory-watch0.jpg,,,169.4,1,NEW,9.57,10.24,10.0,0.33,979.97,EUR,2,8,3
S7270915,8054719137580,de-DE,Gardening & DIY,Damenohrringe Amen EFIBBZ,"Wir präsentieren <b>Damenohrringe Amen EFIBBZ</b> und ein umfangreiches Sortiment von Ringen, Halsbändern, Armbändern, Ohrringen, usw. zu einem großar","Wir präsentieren <b>Damenohrringe Amen EFIBBZ</b> und ein umfangreiches Sortiment von Ringen, Halsbändern, Armbändern, Ohrringen, usw. zu einem großartigen Preis. Erfahren Sie mehr über unsere exklusiven und eleganten Schmuck und Modeschmuck für jeden Geschmack und Stil.<br><br><ul><li>Geschlecht: Damen</li><li>Art: Damenohrringe</li></ul>",Pop Pulse Emporium,https://cdnbigbuy.com/images/8054719137580_R01.jpg,https://cdnbigbuy.com/images/8054719137580_R21.jpg,https://cdnbigbuy.com/images/8054719137580_R31.jpg,,126.66,5,NEW,9.95,9.94,9.73,0.29,962.33,EUR,2,8,3
M0518829,4519232193207,de-DE,Gardening & DIY,Original Toner Toshiba e-STUDIO5540c/6540c/6550c Schwarz,"Gehen Sie zurück ins Büro, ohne Details zu vergessen: Kaufen Sie <b>Original Toner Toshiba e-STUDIO5540c/6540c/6550c Schwarz</b> und seien Sie der Nei","Gehen Sie zurück ins Büro, ohne Details zu vergessen: Kaufen Sie <b>Original Toner Toshiba e-STUDIO5540c/6540c/6550c Schwarz</b> und seien Sie der Neid Ihrer Kollegen!<br><br><ul><li>Art: Toner</li><li>Farbe: Schwarz</li></ul>",Pop Pulse Emporium,https://cdnbigbuy.com/images/4519232193207_M0518829_P00.jpg,,,,146.89,4,NEW,65.0,17.5,9.5,2.62,10806.25,EUR,2,8,3
S2708120,8414793516044,de-DE,Gardening & DIY,Puddingform Quid Sweet Grey Schwarz Metall (48 Stück),"Wenn Sie bei der Einrichtung ihres Heims Wert auf Details legen und bei Produkten, die Ihnen das Leben leichter machen, auf dem letzten Stand sein möc","Wenn Sie bei der Einrichtung ihres Heims Wert auf Details legen und bei Produkten, die Ihnen das Leben leichter machen, auf dem letzten Stand sein möchten, dann kaufen Sie <b>Puddingform Quid Sweet Grey Schwarz Metall (48 Stück)</b> zum besten Preis.",Pop Pulse Emporium,https://cdnbigbuy.com/images/s2708120_p1_icon0.jpg,https://cdnbigbuy.com/images/S2708120_P10.jpg,https://cdnbigbuy.com/images/S2708120_P00.jpg,,113.19,25,NEW,18.0,19.0,19.0,1.49,6498.0,EUR,2,8,3
S55295949,0662919122145,de-DE,Gardening & DIY,"Filter für die Überwachung der Privatsphäre V7 PS32W9A2 32""","Wenn Sie auf der Suche nach trendigen Neuheiten auf dem Markt sind, präsentieren wir Ihnen <b>Filter für die Überwachung der Privatsphäre V7 PS32W9A2 ","Wenn Sie auf der Suche nach trendigen Neuheiten auf dem Markt sind, präsentieren wir Ihnen <b>Filter für die Überwachung der Privatsphäre V7 PS32W9A2 32""</b>!<br><br><ul><li>Bildschirm: 32""</li><li>Art: Filter für die Überwachung der Privatsphäre</li></ul>",Pop Pulse Emporium,https://cdnbigbuy.com/images/S55295949_06629191221450.jpg,,,,113.31,2,NEW,19.72,18.63,13.6,0.37,4996.42,EUR,2,8,3
S71003725,4053423245059,de-DE,Gardening & DIY,Infraot Thermometer BOSCH AdvancedTemp,"Wenn Ihnen Ihre Gesundheit am Herzen liegt und Sie Produkte haben möchten, die <b> Schutz und Wellness</b> bieten, dann kaufen Sie <b> Infraot Thermom","Wenn Ihnen Ihre Gesundheit am Herzen liegt und Sie Produkte haben möchten, die <b> Schutz und Wellness</b> bieten, dann kaufen Sie <b> Infraot Thermometer BOSCH AdvancedTemp</b> und viele andere <b>Produkte von BOSCH</b> zu den besten Preisen!<br><br><ul><li>Stromquelle: Batterie</li><li>Technologie: Digital</li><li>Batteriebetrieben: Ja</li><li>Inklusive Batterien: Ja</li><li>Batterietyp: Alkali-Mangan-Batterie</li><li>Empfohlenes Alter: Erwachsene</li></ul>",Pop Pulse Emporium,https://cdnbigbuy.com/images/4053423245059_S71003725_P00.jpg,https://cdnbigbuy.com/images/4053423245059_S71003725_P10.jpg,https://cdnbigbuy.com/images/4053423245059_S71003725_P20.jpg,https://cdnbigbuy.com/images/4053423245059_S71003725_P30.jpg,166.57,9,NEW,8.64,22.61,11.94,0.68,2332.48,EUR,2,8,3
S0407802,8413893046314,de-DE,Gardening & DIY,Küchenextraktor S&P CK-40F M37922 70W,"Wenn du mit dem Gedanken spielst, deine Küche zu renovieren, kaufe <b>Küchenextraktor S&P CK-40F M37922 70W</b> und andere <b>Produkte S&P</b>! Die be","Wenn du mit dem Gedanken spielst, deine Küche zu renovieren, kaufe <b>Küchenextraktor S&P CK-40F M37922 70W</b> und andere <b>Produkte S&P</b>! Die beste Qualität zum günstigsten Preis liegt sofort in deiner Reichweite.<br><br><ul><li>Leistung: 70 W</li><li>Installationsart: Integrierbar</li><li>Art: Küchenextraktor</li><li>Steckbares Produkt: Ja</li><li>Steckertyp: EU-Stecker</li><li>Farbe: Weiß</li><li>Material: <ul><li>Edelstahl</li><li>Kunststoff</li></ul></li><li>Spannung: 220 V</li></ul>",Pop Pulse Emporium,https://cdnbigbuy.com/images/8413893046314_0_P02.jpg,,,,141.09,19,NEW,36.9,27.4,17.2,3.44,17390.23,EUR,2,8,3
S71009723,0731855710034,de-DE,Gardening & DIY,Optische Maus Turtle Beach Kone II Weiß 26000 DPI,"Wenn Sie sich leidenschaftlich mit <b>IT und Elektronik</b> beschäftigen, mit der Technologie auf dem neuesten Stand sein wollen und nicht einmal die ","Wenn Sie sich leidenschaftlich mit <b>IT und Elektronik</b> beschäftigen, mit der Technologie auf dem neuesten Stand sein wollen und nicht einmal die winzigsten Einzelheiten auslassen, kaufen Sie <b>Optische Maus Turtle Beach Kone II Weiß 26000 DPI</b>.<br><br><ul><li>Farbe: Weiß</li><li>Material: PTFE</li><li>Merkmale: Mit Kabel</li><li>Anschlüsse: USB</li><li>Stromquelle: Drahtgebunden</li><li>Design: Ergonomisch</li><li>Länge des Kabels: 1,8 m</li><li>Beleuchtung: Bunt</li><li>Technologie: Op",Pop Pulse Emporium,https://cdnbigbuy.com/images/0731855710034_S71009723_P00.jpg,https://cdnbigbuy.com/images/0731855710034_S71009723_P30.jpg,https://cdnbigbuy.com/images/0731855710034_S71009723_P40.jpg,https://cdnbigbuy.com/images/0731855710034_S71009723_P10.jpg,117.62,5,NEW,13.6,18.0,5.0,0.2,1224.0,EUR,2,8,3
S7917622,8430274148887,de-DE,Gardening & DIY,Sicherheitssystem Pastormatic 250 In der Nähe von,"Wenn Sie auf der Suche nach trendigen Neuheiten auf dem Markt sind, präsentieren wir Ihnen <b>Sicherheitssystem Pastormatic 250 In der Nähe von</b>!<b","Wenn Sie auf der Suche nach trendigen Neuheiten auf dem Markt sind, präsentieren wir Ihnen <b>Sicherheitssystem Pastormatic 250 In der Nähe von</b>!<br><br><ul><li>Art: <ul><li>Elektrisch</li><li>In der Nähe von</li></ul></li><li>Merkmale: Solarbatterie</li><li>Nicht erhalten: Batterie</li><li>Spannung: <ul><li>2900 V</li><li>9400 V</li></ul></li></ul>",Pop Pulse Emporium,https://cdnbigbuy.com/images/8430274148887_S7917622_P0_WBG1.jpg,,,,180.29,1,NEW,30.0,30.0,20.0,2.11,18000.0,EUR,2,8,3
M0119771,8435415011341,de-DE,Gardening & DIY,Herrenparfüm Jean Paul Gaultier Classique EDT 100 ml,<p>Lassen Sie&nbsp;<strong>100 % Original-Herrenparfüm Jean Paul Gaultier Classique EDT 100 ml</strong> Sie &uuml;berraschen und feieren Ihre Weiblich,"<p>Lassen Sie&nbsp;<strong>100 % Original-Herrenparfüm Jean Paul Gaultier Classique EDT 100 ml</strong> Sie &uuml;berraschen und feieren Ihre Weiblichkeit mit dem exklusiven <strong>Frauenparfum </strong>mit einzigartigem, pers&ouml;nlichen Duft. Entdecken Sie die <strong>100 % Original-Produkte von Jean Paul Gaultier</strong>!</p><br><br><ul><li>Inhaltsstoffe: <ul><li>Eugenol</li><li>Farnesol</li><li>Fragance (parfum)</li><li>Hexyl cinnamal</li><li>Isoeugenol</li><li>Limonene</li><li>Linalool</",Pop Pulse Emporium,https://cdnbigbuy.com/images/8435415011341_3002_P01.jpg,https://cdnbigbuy.com/images/8435415011341_R21.jpg,https://cdnbigbuy.com/images/8435415011341_M0119771_P11.jpg,https://cdnbigbuy.com/images/8435415011341_R31.jpg,121.38,9,NEW,8.2,6.9,15.0,0.21,848.7,EUR,2,8,3
S72117640,7797232904604,de-DE,Gardening & DIY,Herrenarmreif Armani Exchange AXG0153040 Silberfarben,"Wir präsentieren <b>Herrenarmreif Armani Exchange AXG0153040 Silberfarben</b> und ein umfangreiches Sortiment von Ringen, Halsbändern, Armbändern, Ohr","Wir präsentieren <b>Herrenarmreif Armani Exchange AXG0153040 Silberfarben</b> und ein umfangreiches Sortiment von Ringen, Halsbändern, Armbändern, Ohrringen, usw. zu einem großartigen Preis. Erfahren Sie mehr über unsere exklusiven und eleganten Schmuck und Modeschmuck für jeden Geschmack und Stil.<br><br><ul><li>Farbe: Silberfarben</li><li>Art: Armreif</li><li>Geschlecht: Herren</li></ul>",Pop Pulse Emporium,https://cdnbigbuy.com/images/7797232904604_S72117640_P00.jpg,,,,103.87,1,NEW,10.0,10.0,10.0,0.3,1000.0,EUR,2,8,3
S55000950,7331021066120,de-DE,Gardening & DIY,Stützstabilisator Axis TP3801-E,"Wenn Sie sich leidenschaftlich mit <b>IT und Elektronik</b> beschäftigen, mit der Technologie auf dem neuesten Stand sein wollen und nicht einmal die ","Wenn Sie sich leidenschaftlich mit <b>IT und Elektronik</b> beschäftigen, mit der Technologie auf dem neuesten Stand sein wollen und nicht einmal die winzigsten Einzelheiten auslassen, kaufen Sie <b>Stützstabilisator Axis TP3801-E</b>.<br><br><ul><li>Art: Stützstabilisator</li><li>Farbe: Schwarz</li><li>Merkmale: Außenbereich</li></ul>",Pop Pulse Emporium,https://cdnbigbuy.com/images/346849711.jpg,,,,177.39,2,NEW,21.0,16.0,16.0,0.62,5376.0,EUR,2,8,3
S72123685,8056262363850,de-DE,Gardening & DIY,Brillenfassung Vogue VO 280T,"Wenn Sie auf der Suche nach trendigen Neuheiten auf dem Markt sind, präsentieren wir Ihnen <b>Brillenfassung Vogue VO 280T</b>!<br><br><ul><li>Merkmal","Wenn Sie auf der Suche nach trendigen Neuheiten auf dem Markt sind, präsentieren wir Ihnen <b>Brillenfassung Vogue VO 280T</b>!<br><br><ul><li>Merkmale: Gläser ohne Sehstärke</li><li>Art: Brillenfassung</li><li>Geschlecht: Damen</li></ul>",Pop Pulse Emporium,https://cdnbigbuy.com/images/8056262363850_S72123685_P00.jpg,https://cdnbigbuy.com/images/8056262363850_S72123685_P10.jpg,,,151.68,2,NEW,8.25,9.94,12.12,0.24,993.9,EUR,2,8,3
S72111755,8050506112631,de-DE,Gardening & DIY,Herrenarmreif Talent Jewels TJA-1-11-01-2-235 Schwarz,"Wir präsentieren <b>Herrenarmreif Talent Jewels TJA-1-11-01-2-235 Schwarz</b> und ein umfangreiches Sortiment von Ringen, Halsbändern, Armbändern, Ohr","Wir präsentieren <b>Herrenarmreif Talent Jewels TJA-1-11-01-2-235 Schwarz</b> und ein umfangreiches Sortiment von Ringen, Halsbändern, Armbändern, Ohrringen, usw. zu einem großartigen Preis. Erfahren Sie mehr über unsere exklusiven und eleganten Schmuck und Modeschmuck für jeden Geschmack und Stil.<br><br><ul><li>Art: Armreif</li><li>Geschlecht: Herren</li><li>Farbe: Schwarz</li></ul>",Pop Pulse Emporium,https://cdnbigbuy.com/images/8050506112631_S72111755_P00.jpg,,,,123.12,5,NEW,10.0,10.0,10.0,0.3,1000.0,EUR,2,8,3
S7172872,4078500013529,de-DE,Gardening & DIY,Schlauch Gardena Classic Ø 15 mm (50 m),"Wenn Sie bei der Einrichtung ihres Heims Wert auf Details legen und bei Produkten, die Ihnen das Leben leichter machen, auf dem letzten Stand sein möc","Wenn Sie bei der Einrichtung ihres Heims Wert auf Details legen und bei Produkten, die Ihnen das Leben leichter machen, auf dem letzten Stand sein möchten, dann kaufen Sie <b>Schlauch Gardena Classic Ø 15 mm (50 m)</b> zum besten Preis.<br><br><ul><li>Länge: 50 m</li><li>Druck: 22 bar</li><li>Durchmesser: Ø 15 mm</li><li>Material: Polyurethan</li><li>Nicht erhalten: Batterie</li></ul>",Pop Pulse Emporium,https://cdnbigbuy.com/images/4078500013529_I01.jpg,https://cdnbigbuy.com/images/4078500013529_S7172872_P01.jpg,https://cdnbigbuy.com/images/4078500013529_S7172872_P11.jpg,,117.9,22,NEW,38.2,38.7,19.9,7.71,29418.97,EUR,2,8,3
S0387820,4894816123277,de-DE,Gardening & DIY,Herrenuhr Police PEWJK0021506 (Ø 40 mm),"Wenn Sie mit den neuesten Mode und Accessoire-Trends schritthalten wollen, kaufen Sie <b>Herrenuhr Police PEWJK0021506 (Ø 40 mm)</b> zum besten Preis.","Wenn Sie mit den neuesten Mode und Accessoire-Trends schritthalten wollen, kaufen Sie <b>Herrenuhr Police PEWJK0021506 (Ø 40 mm)</b> zum besten Preis.<br><br><ul><li>Geschlecht: Herren</li><li>Extra Links: Kein</li><li>Typ der Uhr: Armbanduhr</li><li>Material des Armbands: Edelstahl</li><li>Uhrengehäuse-Material: Edelstahl</li><li>Uhrwerk: Quarz</li><li>Kristall: Mineral</li><li>Wasserdicht: 5 atm</li><li>Enthalten: Enthält Markenetui oder -hülle</li><li>Verschluss Armband: Schmetterling</li><li",Pop Pulse Emporium,https://cdnbigbuy.com/images/4894816123277_S0387820_P00.jpg,https://cdnbigbuy.com/images/84179_mandatory-watch0.jpg,https://cdnbigbuy.com/images/4894816123277_S0387820_P10.jpg,,124.28,5,NEW,32.0,19.0,10.0,0.4,6080.0,EUR,2,8,3
S7271334,3608701100936,de-DE,Gardening & DIY,Herrenuhr Nixon A1309-010 Schwarz,"Wenn Sie mit den neuesten Mode und Accessoire-Trends schritthalten wollen, kaufen Sie <b>Herrenuhr Nixon A1309-010 Schwarz</b> zum besten Preis.<br><b","Wenn Sie mit den neuesten Mode und Accessoire-Trends schritthalten wollen, kaufen Sie <b>Herrenuhr Nixon A1309-010 Schwarz</b> zum besten Preis.<br><br><ul><li>Geschlecht: <ul><li>Herren</li><li>Unisex-Erwachsene</li><li>Unisex</li></ul></li><li>Extra Links: Kein</li><li>Typ der Uhr: Armbanduhr</li><li>Farbe: Schwarz</li><li>Jahr: 2020</li><li>Material des Armbands: Kautschuk</li><li>Verschluss Armband: Schließe</li><li>Durchmesser: 39 mm</li><li>Uhrwerk: Quarz</li></ul>",Pop Pulse Emporium,https://cdnbigbuy.com/images/3608701100936_S7271334_P00.jpg,https://cdnbigbuy.com/images/70498_mandatory-watch0.jpg,,,172.8,2,NEW,14.15,12.43,10.11,0.3,1778.19,EUR,2,8,3
S91122662,4044155252552,de-DE,Gardening & DIY,Diadem-Kopfhörer Sennheiser IE 100 PRO BLACK,"Wenn Sie auf der Suche nach trendigen Neuheiten auf dem Markt sind, präsentieren wir Ihnen <b>Diadem-Kopfhörer Sennheiser IE 100 PRO BLACK</b>!<br><br","Wenn Sie auf der Suche nach trendigen Neuheiten auf dem Markt sind, präsentieren wir Ihnen <b>Diadem-Kopfhörer Sennheiser IE 100 PRO BLACK</b>!<br><br><ul><li>Farbe: Schwarz</li></ul>",Pop Pulse Emporium,https://cdnbigbuy.com/images/4044155252552_S91122662_P00.jpg,https://cdnbigbuy.com/images/4044155252552_S91122662_P20.jpg,https://cdnbigbuy.com/images/4044155252552_S91122662_P10.jpg,,131.24,2,NEW,13.0,4.8,22.5,0.14,1404.0,EUR,2,8,3
S8427788,7322540124279,de-DE,Gardening & DIY,Papierhandtuch Tork Pack Weiß (21 Stück),<p>Papierhandtuch Tork Pack Weiß (21 Stück) ist ein exklusives und hochwertiges Produkt für Ihre Körperpflege. Wenn Sie nur natürliche Körperpflegepro,"<p>Papierhandtuch Tork Pack Weiß (21 Stück) ist ein exklusives und hochwertiges Produkt für Ihre Körperpflege. Wenn Sie nur natürliche Körperpflegeprodukte wollen, dann sind die 100 % natürlichen Produkte von Tork genau das Richtige für Sie.</p><br><br><ul><li>Art: Pack</li><li>Merkmale: <ul><li>Sanft</li><li>2 Schichten</li><li>Faltverschluss</li></ul></li><li>Farbe: Weiß</li><li>Anzahl der Stücke: 100 Stücke</li><li>Stück: 21 Stück</li><li>Material: Papier</li></ul>",Pop Pulse Emporium,https://cdnbigbuy.com/images/7322540124279_S8427788_P0_icon1.jpg,https://cdnbigbuy.com/images/7322540124279_R01.jpg,https://cdnbigbuy.com/images/7322540124279_R11.jpg,https://cdnbigbuy.com/images/7322540124279_R21.jpg,154.3,5,NEW,29.71,16.43,22.25,0.68,10861.01,EUR,2,8,3
S0465108,3700460208615,de-DE,Gardening & DIY,Tragbare Bluetooth-Lautsprecher Muse MT-106WB,"Wenn Sie auf der Suche nach trendigen Neuheiten auf dem Markt sind, präsentieren wir Ihnen <b>Tragbare Bluetooth-Lautsprecher Muse MT-106WB</b>!<br><b","Wenn Sie auf der Suche nach trendigen Neuheiten auf dem Markt sind, präsentieren wir Ihnen <b>Tragbare Bluetooth-Lautsprecher Muse MT-106WB</b>!<br><br><ul><li>Art: Bluetooth-Lautsprecher</li><li>Farbe: Schwarz</li><li>Merkmale: <ul><li>Hilfseingang</li><li>2 Lautsprecher</li></ul></li><li>Anschlüsse: <ul><li>USB</li><li>RCA</li><li>USB x 1</li></ul></li><li>Konnektivität: Bluetooth</li><li>Frequenz: 50 - 60 Hz</li><li>Spannung: 100 - 240 V</li><li>Kompatibel: 33 1/3 rpm, 45 rpm, 78 rpm</li><li>",Pop Pulse Emporium,https://cdnbigbuy.com/images/3700460208615_S9173420_P00.jpg,https://cdnbigbuy.com/images/3700460208615_I20.jpg,https://cdnbigbuy.com/images/3700460208615_R00.jpg,https://cdnbigbuy.com/images/3700460208615_R10.jpg,144.1,2,NEW,18.4,19.79,17.29,1.5,6295.91,EUR,2,8,3
S2441320,8412688527113,de-DE,Gardening & DIY,Gürteltasche Safta 26 x 29 x 23 cm,"Wenn Sie auf der Suche nach trendigen Neuheiten auf dem Markt sind, präsentieren wir Ihnen <b>Gürteltasche Safta 26 x 29 x 23 cm</b>!<br><br><ul><li>G","Wenn Sie auf der Suche nach trendigen Neuheiten auf dem Markt sind, präsentieren wir Ihnen <b>Gürteltasche Safta 26 x 29 x 23 cm</b>!<br><br><ul><li>Geschlecht: <ul><li>Für Kinder</li><li>Unisex-Kinder</li></ul></li><li>Art: Gürteltasche</li><li>Farbe: Bunt</li><li>Wichtige informationen: <ul><li>Verschiedene Designs. Versand nach Zufallsprinzip und vom Bestand abhängig</li><li>Das Bild zeigt möglicherweise nicht alle verfügbaren sortierten Modelle</li></ul></li><li>Stückzahl: 1 Stück</li><li>Ma",Pop Pulse Emporium,https://cdnbigbuy.com/images/8412688527113_S2441320_P00.jpg,https://cdnbigbuy.com/images/8412688527113_S2441320_P10.jpg,,,181.92,20,NEW,23.0,26.0,29.0,1.47,17342.0,EUR,2,8,3
S7250716,3608701161272,de-DE,Gardening & DIY,Damenuhr Nixon A327-5103,"Wenn Sie mit den neuesten Mode und Accessoire-Trends schritthalten wollen, kaufen Sie <b>Damenuhr Nixon A327-5103</b> zum besten Preis.<br><br><ul><li","Wenn Sie mit den neuesten Mode und Accessoire-Trends schritthalten wollen, kaufen Sie <b>Damenuhr Nixon A327-5103</b> zum besten Preis.<br><br><ul><li>Geschlecht: Damen</li><li>Extra Links: Kein</li><li>Typ der Uhr: Armbanduhr</li></ul>",Pop Pulse Emporium,https://cdnbigbuy.com/images/3608701161272_S7250716_P02.jpg,https://cdnbigbuy.com/images/3608701161272_S7250716_P12.jpg,https://cdnbigbuy.com/images/3608701161272_S7250716_P22.jpg,https://cdnbigbuy.com/images/3608701161272_S7250716_P32.jpg,178.66,2,NEW,39.0,19.0,10.0,0.4,7410.0,EUR,2,8,3
S9405994,0844477024011,de-DE,Gardening & DIY,Brustprothesen Gender X,"Wenn Sie sich leidenschaftlich mit <b>IT und Elektronik</b> beschäftigen, mit der Technologie auf dem neuesten Stand sein wollen und nicht einmal die ","Wenn Sie sich leidenschaftlich mit <b>IT und Elektronik</b> beschäftigen, mit der Technologie auf dem neuesten Stand sein wollen und nicht einmal die winzigsten Einzelheiten auslassen, kaufen Sie <b>Brustprothesen Gender X</b>.<br><br><ul><li>Wichtige informationen: Wir garantieren Versand mit absoluter Diskretion und Vertraulichkeit. Niemand außer Ihnen erfährt, was das Paket enthält.</li></ul>",Pop Pulse Emporium,https://cdnbigbuy.com/images/0844477024011_S9405994_P00.jpg,https://cdnbigbuy.com/images/0844477024011_S9405994_P110.jpg,https://cdnbigbuy.com/images/0844477024011_S9405994_P50.jpg,https://cdnbigbuy.com/images/0844477024011_S9405994_P120.jpg,134.27,5,NEW,8.35,8.3,8.61,0.2,596.72,EUR,2,8,3
S7173436,0074451121188,de-DE,Gardening & DIY,Schaukelstuhl Ingenuity 12118 Grau,"Für unsere Kinder möchten wir nur das Beste, und deshalb möchten wir Ihnen <b>Schaukelstuhl Ingenuity 12118 Grau</b> vorstellen, perfekt für alle, die","Für unsere Kinder möchten wir nur das Beste, und deshalb möchten wir Ihnen <b>Schaukelstuhl Ingenuity 12118 Grau</b> vorstellen, perfekt für alle, die qualitativ hochwertige Produkte für die Kleinsten suchen. Kaufen Sie <b>Ingenuity</b> zu den besten Preisen!<br><br><ul><li>Farbe: Grau</li><li>Merkmale: <ul><li>Einstellbar</li><li>Batteriebetrieben</li></ul></li><li>Empfohlenes Alter: <ul><li>0-2 Jahre</li><li>+ 0 Monate</li></ul></li><li>Geschlecht: Unisex</li><li>Gewicht: <ul><li>1,85 Kg</li><",Pop Pulse Emporium,https://cdnbigbuy.com/images/0074451121188_S7173436_P01.jpg,https://cdnbigbuy.com/images/import_images-2021012611283401.jpg,,,116.22,10,NEW,66.5,43.0,13.0,4.1,37173.5,EUR,2,8,3
S3059544,8424002176754,de-DE,Gardening & DIY,"Tischlampe Home ESPRIT Marmor 50 W 220 V 30 x 30 x 40,5 cm","<p>Wenn Sie Ihrem Zuhause einen Hauch von Originalität verleihen möchten, tun Sie dies mit <b>Tischlampe Home ESPRIT Marmor 50 W 220 V 30 x 30 x 40,5 ","<p>Wenn Sie Ihrem Zuhause einen Hauch von Originalität verleihen möchten, tun Sie dies mit <b>Tischlampe Home ESPRIT Marmor 50 W 220 V 30 x 30 x 40,5 cm</b>.</p><br><br><ul><li>Steckbares Produkt: Ja</li><li>Art: Tischlampe</li><li>Steckertyp: EU-Stecker</li><li>Material: <ul><li>Marmor</li><li>Baumwolle</li></ul></li><li>Spannung: 220 V</li><li>Kappe: E27</li><li>Lang: 30 cm</li><li>Design: Neoklassisch</li><li>groß: 40,5 cm</li><li>Leistung: 50 W</li><li>Breite: 30 cm</li><li>Nicht erhalten: G",Pop Pulse Emporium,https://cdnbigbuy.com/images/8424002176754_S3059544_P00.jpg,https://cdnbigbuy.com/images/8424002176754_S3059544_P40.jpg,https://cdnbigbuy.com/images/8424002176754_S3059544_P10.jpg,https://cdnbigbuy.com/images/8424002176754_S3059544_P20.jpg,169.17,10,NEW,23.16,23.69,32.77,9.1,17979.6,EUR,2,8,3
S3413911,8420327562418,de-DE,Gardening & DIY,Hocker Versa Bambus Textil Holz MDF 40 x 55 x 100 cm,"Wenn Sie Ihren Kleiderschrank erneuern möchten, empfehlen wir Ihnen <b>Hocker Versa Bambus Textil Holz MDF 40 x 55 x 100 cm</b> und weitere <b> Produk","Wenn Sie Ihren Kleiderschrank erneuern möchten, empfehlen wir Ihnen <b>Hocker Versa Bambus Textil Holz MDF 40 x 55 x 100 cm</b> und weitere <b> Produkte von Versa</b>! Jetzt für Sie die beste Qualität zum besten Preis!<br><br><ul><li>Farbe: Braun</li><li>Art: Bank</li><li>Material: <ul><li>Bambus</li><li>Textil</li><li>Holz MDF</li></ul></li><li>Maße ca.: 40 x 55 x 100 cm</li></ul>",Pop Pulse Emporium,https://cdnbigbuy.com/images/8420327562418_S3413911_P00.jpg,https://cdnbigbuy.com/images/8420327562418_S3413911_P10.jpg,https://cdnbigbuy.com/images/8420327562418_S3413911_P20.jpg,https://cdnbigbuy.com/images/8420327562418_S3413911_P30.jpg,127.35,50,NEW,17.0,45.0,107.0,16.8,81855.0,EUR,2,8,3
S8418500,7310791202693,de-DE,Gardening & DIY,Papierhandtuch Tork Weiß 120 m,<p>Papierhandtuch Tork Weiß 120 m (6 Stück) ist ein exklusives und hochwertiges Produkt für Ihre Körperpflege. Wenn Sie nur natürliche Körperpflegepro,"<p>Papierhandtuch Tork Weiß 120 m (6 Stück) ist ein exklusives und hochwertiges Produkt für Ihre Körperpflege. Wenn Sie nur natürliche Körperpflegeprodukte wollen, dann sind die 100 % natürlichen Produkte von Tork genau das Richtige für Sie.</p><br><br><ul><li>Art: Papierhandtuch</li><li>Farbe: Weiß</li><li>Merkmale: doppelt beschich</li><li>Länge: 120 m</li><li>Stück: 6 Stück</li></ul>",Pop Pulse Emporium,https://cdnbigbuy.com/images/S8418500_P00.jpg,,,,110.84,1,NEW,29.71,16.43,22.25,0.68,10861.01,EUR,2,8,3
S72111832,8050506117124,de-DE,Gardening & DIY,Herrenarmreif Talent Jewels TJA-5-03-03-1-215 Silberfarben,"Wir präsentieren <b>Herrenarmreif Talent Jewels TJA-5-03-03-1-215 Silberfarben</b> und ein umfangreiches Sortiment von Ringen, Halsbändern, Armbändern","Wir präsentieren <b>Herrenarmreif Talent Jewels TJA-5-03-03-1-215 Silberfarben</b> und ein umfangreiches Sortiment von Ringen, Halsbändern, Armbändern, Ohrringen, usw. zu einem großartigen Preis. Erfahren Sie mehr über unsere exklusiven und eleganten Schmuck und Modeschmuck für jeden Geschmack und Stil.<br><br><ul><li>Art: Armreif</li><li>Geschlecht: Herren</li><li>Farbe: Silberfarben</li></ul>",Pop Pulse Emporium,https://cdnbigbuy.com/images/8050506117124_S72111832_P00.jpg,,,,134.19,5,NEW,10.0,10.0,10.0,0.3,1000.0,EUR,2,8,3
S7926372,8436616280918,de-DE,Gardening & DIY,Kofferset Numada Schwarz (3 Stücke),"Wenn Sie auf der Suche nach trendigen Neuheiten auf dem Markt sind, präsentieren wir Ihnen <b>Kofferset Numada Schwarz (3 Stücke)</b>!<br><br><ul><li>","Wenn Sie auf der Suche nach trendigen Neuheiten auf dem Markt sind, präsentieren wir Ihnen <b>Kofferset Numada Schwarz (3 Stücke)</b>!<br><br><ul><li>Farbe: Schwarz</li><li>Anzahl der Stücke: 3 Stücke</li></ul>",Pop Pulse Emporium,https://cdnbigbuy.com/images/8436616280918_S7926372_P00.jpg,https://cdnbigbuy.com/images/8436616280918_S7926372_P10.jpg,https://cdnbigbuy.com/images/8436616280918_S7926372_P20.jpg,https://cdnbigbuy.com/images/8436616280918_S7926372_P30.jpg,128.26,9,NEW,40.13,36.56,43.74,7.5,64173.26,EUR,2,8,3
S55164035,0097855179432,de-DE,Gardening & DIY,Einstellbare Unterstützung Logitech 952-000123,"Wenn Sie sich leidenschaftlich mit <b>IT und Elektronik</b> beschäftigen, mit der Technologie auf dem neuesten Stand sein wollen und nicht einmal die ","Wenn Sie sich leidenschaftlich mit <b>IT und Elektronik</b> beschäftigen, mit der Technologie auf dem neuesten Stand sein wollen und nicht einmal die winzigsten Einzelheiten auslassen, kaufen Sie <b>Einstellbare Unterstützung Logitech 952-000123</b>.<br><br><ul><li>Farbe: Weiß</li></ul>",Pop Pulse Emporium,https://cdnbigbuy.com/images/656137170.jpg,,,,147.76,10,NEW,28.0,15.0,14.22,0.5,5974.08,EUR,2,8,3
S91123110,5901443391395,de-DE,Gardening & DIY,Toner Activejet ATH-151NX Schwarz,"Wenn Sie auf der Suche nach trendigen Neuheiten auf dem Markt sind, präsentieren wir Ihnen <b>Toner Activejet ATH-151NX Schwarz</b>!<br><br><ul><li>Ar","Wenn Sie auf der Suche nach trendigen Neuheiten auf dem Markt sind, präsentieren wir Ihnen <b>Toner Activejet ATH-151NX Schwarz</b>!<br><br><ul><li>Art: <ul><li>Toner</li><li>Kompatibel</li></ul></li><li>Farbe: Schwarz</li><li>Merkmale: Hohe Leistung</li><li>Technologie: Laser</li><li>Zertifikat: <ul><li>TÜV</li><li>CE</li><li>ISO 14001</li><li>ISO 27001</li><li>ISO 9001</li><li>ISO/IEC 19798)</li></ul></li><li>Kompatibel: HP</li></ul>",Pop Pulse Emporium,https://cdnbigbuy.com/images/5901443391395_S91123110_P00.jpg,,,,143.71,25,NEW,33.5,9.0,19.5,1.18,5879.25,EUR,2,8,3
S71011046,4061275220421,de-DE,Gardening & DIY,"Monitor Medion AKOYA P52424 MD 20152 Full HD LCD 24""","Wenn Sie sich leidenschaftlich mit <b>IT und Elektronik</b> beschäftigen, mit der Technologie auf dem neuesten Stand sein wollen und nicht einmal die ","Wenn Sie sich leidenschaftlich mit <b>IT und Elektronik</b> beschäftigen, mit der Technologie auf dem neuesten Stand sein wollen und nicht einmal die winzigsten Einzelheiten auslassen, kaufen Sie <b>Monitor Medion AKOYA P52424 MD 20152 Full HD LCD 24""</b>.<br><br><ul><li>Diagonale des Bildschirms (cm): <ul><li>61 cm</li><li>60,5 cm</li></ul></li><li>Art: Monitor</li><li>Steckbares Produkt: Ja</li><li>Steckertyp: EU-Stecker</li><li>Farbe: Schwarz</li><li>Merkmale: <ul><li>HDR10</li><li>Mattierend",Pop Pulse Emporium,https://cdnbigbuy.com/images/4061275220421_S71011046_P00.jpg,https://cdnbigbuy.com/images/4061275220421_S71011046_P20.jpg,https://cdnbigbuy.com/images/4061275220421_S71011046_P50.jpg,https://cdnbigbuy.com/images/4061275220421_S71011046_P30.jpg,124.29,25,NEW,60.0,10.5,39.0,3.95,24570.0,EUR,2,8,3
S2441321,8412688527120,de-DE,Gardening & DIY,Gürteltasche Safta 26 x 29 x 23 cm,"Wenn Sie auf der Suche nach trendigen Neuheiten auf dem Markt sind, präsentieren wir Ihnen <b>Gürteltasche Safta 26 x 29 x 23 cm</b>!<br><br><ul><li>G","Wenn Sie auf der Suche nach trendigen Neuheiten auf dem Markt sind, präsentieren wir Ihnen <b>Gürteltasche Safta 26 x 29 x 23 cm</b>!<br><br><ul><li>Geschlecht: <ul><li>Für Kinder</li><li>Unisex-Kinder</li></ul></li><li>Art: Gürteltasche</li><li>Farbe: Bunt</li><li>Wichtige informationen: <ul><li>Verschiedene Designs. Versand nach Zufallsprinzip und vom Bestand abhängig</li><li>Das Bild zeigt möglicherweise nicht alle verfügbaren sortierten Modelle</li></ul></li><li>Stückzahl: 1 Stück</li><li>Ma",Pop Pulse Emporium,https://cdnbigbuy.com/images/8412688527120_S2441321_P00.jpg,https://cdnbigbuy.com/images/8412688527120_S2441321_P10.jpg,,,196.73,20,NEW,23.0,26.0,29.0,1.47,17342.0,EUR,2,8,3
S3020831,8424001847242,de-DE,Gardening & DIY,Tischlampe DKD Home Decor 8424001847242 33 x 33 x 67 cm aus Keramik Gold Metall Weiß 220 V 50 W,"<p>Wenn Sie Ihrem Zuhause einen Hauch von Originalität verleihen möchten, tun Sie dies mit <b>Tischlampe DKD Home Decor 8424001847242 33 x 33 x 67 cm ","<p>Wenn Sie Ihrem Zuhause einen Hauch von Originalität verleihen möchten, tun Sie dies mit <b>Tischlampe DKD Home Decor 8424001847242 33 x 33 x 67 cm aus Keramik Gold Metall Weiß 220 V 50 W</b>.</p><br><br><ul><li>Farbe: <ul><li>Weiß</li><li>Gold</li></ul></li><li>Material: <ul><li>Metall</li><li>aus Keramik</li></ul></li><li>Kappe: E27</li><li>Spannung: 220 V</li><li>Nicht erhalten: Glühbirne</li><li>Leistung: 50 W</li><li>Breite: 33 cm</li><li>Lang: 33 cm</li><li>Maße ca.: 33 x 33 x 67 cm</li>",Pop Pulse Emporium,https://cdnbigbuy.com/images/8424001847242_S3020831_P43.jpg,https://cdnbigbuy.com/images/8424001847242_S3020831_P33.jpg,https://cdnbigbuy.com/images/8424001847242_S3020831_P13.jpg,https://cdnbigbuy.com/images/8424001847242_S3020831_P03.jpg,110.64,10,NEW,34.5,46.0,34.5,4.0,54751.5,EUR,2,8,3
S55296502,0065030911696,de-DE,Gardening & DIY,Netzadapter Startech 3114GCU-WALL-CHARGER,"Wenn Sie sich leidenschaftlich mit <b>IT und Elektronik</b> beschäftigen, mit der Technologie auf dem neuesten Stand sein wollen und nicht einmal die ","Wenn Sie sich leidenschaftlich mit <b>IT und Elektronik</b> beschäftigen, mit der Technologie auf dem neuesten Stand sein wollen und nicht einmal die winzigsten Einzelheiten auslassen, kaufen Sie <b>Netzadapter Startech 3114GCU-WALL-CHARGER</b>.<br><br><ul><li>Art: <ul><li>Netzadapter</li><li>Universal</li></ul></li><li>Steckbares Produkt: Ja</li><li>Steckertyp: EU-Stecker</li><li>Farbe: Schwarz</li><li>Anschlüsse: <ul><li>3</li><li>USB</li><li>USB-C</li><li>USB x 4</li></ul></li><li>AC input vo",Pop Pulse Emporium,https://cdnbigbuy.com/images/998170800.jpg,https://cdnbigbuy.com/images/998170840.jpg,https://cdnbigbuy.com/images/998170810.jpg,https://cdnbigbuy.com/images/998170820.jpg,123.52,1,NEW,15.02,11.77,7.95,0.27,1405.44,EUR,2,8,3
S71003563,4018653943786,de-DE,Gardening & DIY,Freiluft-Zäune Kerbl,"Wenn Sie auf der Suche nach trendigen Neuheiten auf dem Markt sind, präsentieren wir Ihnen <b>Freiluft-Zäune Kerbl</b>!<br><br><ul><li>Material: <ul><","Wenn Sie auf der Suche nach trendigen Neuheiten auf dem Markt sind, präsentieren wir Ihnen <b>Freiluft-Zäune Kerbl</b>!<br><br><ul><li>Material: <ul><li>Metall</li><li>Zink</li></ul></li><li>Farbe: Silberfarben</li><li>Maße ca.: 180 x 90 x 75 cm</li><li>Türen: 2 Türen</li></ul>",Pop Pulse Emporium,https://cdnbigbuy.com/images/4018653943786_S71003563_P00.jpg,https://cdnbigbuy.com/images/4018653943786_S71003563_P30.jpg,https://cdnbigbuy.com/images/S71003563_1742286486-remove-background0.jpg,https://cdnbigbuy.com/images/4018653943786_S71003563_P10.jpg,139.18,2,NEW,13.07,13.07,13.07,0.44,2232.68,EUR,2,8,3
S7274768,8430622742620,de-DE,Gardening & DIY,Herrenuhr Festina F20457/3 Ø 36 mm 36 mm,"Wenn Sie mit den neuesten Mode und Accessoire-Trends schritthalten wollen, kaufen Sie <b>Herrenuhr Festina F20457/3 Ø 36 mm 36 mm</b> zum besten Preis","Wenn Sie mit den neuesten Mode und Accessoire-Trends schritthalten wollen, kaufen Sie <b>Herrenuhr Festina F20457/3 Ø 36 mm 36 mm</b> zum besten Preis.<br><br><ul><li>Extra Links: Kein</li><li>Typ der Uhr: Armbanduhr</li><li>Durchmesser des Uhrengehäuses: Ø 36 mm</li><li>Geschlecht: Herren</li><li>Farbe: <ul><li>Schwarz</li><li>Silberfarben</li></ul></li><li>Jahr: 2019</li><li>Material des Armbands: Edelstahl</li><li>Material des Gehäuses: Edelstahl</li><li>Durchmesser: 36 mm</li><li>Uhrwerk: Qu",Pop Pulse Emporium,https://cdnbigbuy.com/images/8430622742620_S7274768_P01.jpg,https://cdnbigbuy.com/images/73825_mandatory-watch1.jpg,,,158.83,50,NEW,32.0,19.0,10.0,0.4,6080.0,EUR,2,8,3
S71020184,8058664173402,de-DE,Gardening & DIY,Kinderstuhl Chicco Grau,"Für unsere Kinder möchten wir Ihnen <b>Kinderstuhl Chicco Grau</b> vorstellen, perfekt für alle, die qualitativ hochwertige Produkte für die Kleinsten","Für unsere Kinder möchten wir Ihnen <b>Kinderstuhl Chicco Grau</b> vorstellen, perfekt für alle, die qualitativ hochwertige Produkte für die Kleinsten suchen. Kaufen Sie <b>Chicco</b> und weitere Marken und Lizenzen zu den besten Preisen!<br><br><ul><li>Merkmale: Neigbar</li><li>Farbe: Grau</li></ul>",Pop Pulse Emporium,https://cdnbigbuy.com/images/8058664173402_S71020184_P00.jpg,https://cdnbigbuy.com/images/8058664173402_S71020184_P50.jpg,https://cdnbigbuy.com/images/8058664173402_S71020184_P10.jpg,https://cdnbigbuy.com/images/8058664173402_S71020184_P20.jpg,148.91,2,NEW,27.0,39.0,60.0,3.24,63180.0,EUR,2,8,3
S3059538,8424002176693,de-DE,Gardening & DIY,Deckenlampe Home ESPRIT Mango-Holz 38 x 38 x 32 cm,"<p>Wenn Sie Ihrem Zuhause einen Hauch von Originalität verleihen möchten, tun Sie dies mit <b>Deckenlampe Home ESPRIT Mango-Holz 38 x 38 x 32 cm</b>.<","<p>Wenn Sie Ihrem Zuhause einen Hauch von Originalität verleihen möchten, tun Sie dies mit <b>Deckenlampe Home ESPRIT Mango-Holz 38 x 38 x 32 cm</b>.</p><br><br><ul><li>Art: Deckenlampe</li><li>Material: Mango-Holz</li><li>Nicht erhalten: Glühbirne</li><li>Maße ca.: 38 x 38 x 32 cm</li></ul>",Pop Pulse Emporium,https://cdnbigbuy.com/images/8424002176693_S3059538_P00.jpg,,,,126.75,10,NEW,33.19,30.31,28.62,4.9,28791.4,EUR,2,8,3
S72125122,0889214380807,de-DE,Gardening & DIY,Herrensonnenbrille Tods TO0348 5253E,"Wenn Sie auf der Suche nach trendigen Neuheiten auf dem Markt sind, präsentieren wir Ihnen <b>Herrensonnenbrille Tods TO0348 5253E</b>!<br><br><ul><li","Wenn Sie auf der Suche nach trendigen Neuheiten auf dem Markt sind, präsentieren wir Ihnen <b>Herrensonnenbrille Tods TO0348 5253E</b>!<br><br><ul><li>Geschlecht: <ul><li>Herren</li><li>Unisex</li><li>Damen</li></ul></li><li>Art: Herrensonnenbrille</li><li>Bügel: 140 mm</li><li>Linsen: Ø 52 mm</li><li>Stil: Moderne</li><li>Form: rechteckig</li><li>Farbe der Fassung: Braun</li><li>Design: rechteckig</li><li>Farbe: Braun</li><li>Schutz: 100% Schutz vor UV (UV400)</li></ul>",Pop Pulse Emporium,https://cdnbigbuy.com/images/0889214380807_S05111172_P00.jpg,https://cdnbigbuy.com/images/0889214380807_S72125122_P00.jpg,https://cdnbigbuy.com/images/0889214380807_S72125122_P10.jpg,https://cdnbigbuy.com/images/0889214380807_S72125122_P20.jpg,127.73,2,NEW,10.0,10.0,10.06,0.28,1006.0,EUR,2,8,3
S0388121,0197853277496,de-DE,Gardening & DIY,Handtasche Michael Kors 35F4STVC1L-DRA-GONFRUIT,"Wenn Sie auf der Suche nach trendigen Neuheiten auf dem Markt sind, präsentieren wir Ihnen <b>Handtasche Michael Kors 35F4STVC1L-DRA-GONFRUIT</b>!<br>","Wenn Sie auf der Suche nach trendigen Neuheiten auf dem Markt sind, präsentieren wir Ihnen <b>Handtasche Michael Kors 35F4STVC1L-DRA-GONFRUIT</b>!<br><br><ul><li>Farbe: Rosa</li><li>Material: Haut</li><li>Verschluss Armband: Plattenspeicher</li><li>Enthalten: Enthält Markenetui oder -hülle</li><li>Maße ca.: 21 x 12 x 5 cm</li></ul>",Pop Pulse Emporium,https://cdnbigbuy.com/images/0197853277496_S0388121_P00.jpg,https://cdnbigbuy.com/images/0197853277496_S0388121_P10.jpg,https://cdnbigbuy.com/images/0197853277496_S0388121_P20.jpg,,174.71,2,NEW,10.0,10.0,10.0,0.3,1000.0,EUR,2,8,3
S71002976,5400653009316,de-DE,Gardening & DIY,Kissen zum Stillen Babymoov grün,"Für unsere Kinder möchten wir Ihnen <b>Kissen zum Stillen Babymoov grün</b> vorstellen, perfekt für alle, die qualitativ hochwertige Produkte für die ","Für unsere Kinder möchten wir Ihnen <b>Kissen zum Stillen Babymoov grün</b> vorstellen, perfekt für alle, die qualitativ hochwertige Produkte für die Kleinsten suchen. Kaufen Sie <b>Babymoov</b> und weitere Marken und Lizenzen zu den besten Preisen!<br><br><ul><li>Farbe: grün</li></ul>",Pop Pulse Emporium,https://cdnbigbuy.com/images/5400653009316_S71002976_P00.jpg,https://cdnbigbuy.com/images/5400653009316_S71002976_P10.jpg,https://cdnbigbuy.com/images/5400653009316_S71002976_P20.jpg,https://cdnbigbuy.com/images/5400653009316_S71002976_P30.jpg,117.16,5,NEW,67.0,45.0,20.0,1.36,60300.0,EUR,2,8,3
S7917615,8430274148924,de-DE,Gardening & DIY,Sicherheitssystem Pastormatic 500 In der Nähe von,"Wenn Sie auf der Suche nach trendigen Neuheiten auf dem Markt sind, präsentieren wir Ihnen <b>Sicherheitssystem Pastormatic 500 In der Nähe von</b>!<b","Wenn Sie auf der Suche nach trendigen Neuheiten auf dem Markt sind, präsentieren wir Ihnen <b>Sicherheitssystem Pastormatic 500 In der Nähe von</b>!<br><br><ul><li>Art: <ul><li>Elektrisch</li><li>In der Nähe von</li></ul></li><li>Spannung: <ul><li>230 V</li><li>1600 V</li><li>8800 V</li></ul></li><li>Merkmale: LED-Betriebsanzeige</li><li>Nicht erhalten: Batterie</li><li>Tier: <ul><li>Pferd</li><li>Hund</li></ul></li></ul>",Pop Pulse Emporium,https://cdnbigbuy.com/images/8430274148924_S7917615_P0_WBG1.jpg,,,,177.52,2,NEW,50.0,50.0,20.0,0.93,50000.0,EUR,2,8,3
S7189155,8719514264465,de-DE,Gardening & DIY,Tischlampe Philips Lámpara de mesa Iris Weiß 220 V 100 - 240 V,"<p>Wenn Sie Ihrem Zuhause einen Hauch von Originalität verleihen möchten, tun Sie dies mit <b>Tischlampe Philips Lámpara de mesa Iris Weiß 220 V 100 -","<p>Wenn Sie Ihrem Zuhause einen Hauch von Originalität verleihen möchten, tun Sie dies mit <b>Tischlampe Philips Lámpara de mesa Iris Weiß 220 V 100 - 240 V</b>.</p><br><br><ul><li>Art: Tischlampe</li><li>Steckbares Produkt: Ja</li><li>Steckertyp: EU-Stecker</li><li>IP-Klassifizierung: IP20</li><li>Farbtemperatur: 6500 K</li></ul>",Pop Pulse Emporium,https://cdnbigbuy.com/images/8719514264465_R01.jpg,,,,152.87,5,NEW,21.8,24.4,17.4,1.24,9255.41,EUR,2,8,3
S0389518,0196237627186,de-DE,Gardening & DIY,Umhängetasche Michael Kors 35S4GTVC5L-LT-CREAM Beige 22 x 20 x 7 cm,"Wenn Sie auf der Suche nach trendigen Neuheiten auf dem Markt sind, präsentieren wir Ihnen <b>Umhängetasche Michael Kors 35S4GTVC5L-LT-CREAM Beige 22 ","Wenn Sie auf der Suche nach trendigen Neuheiten auf dem Markt sind, präsentieren wir Ihnen <b>Umhängetasche Michael Kors 35S4GTVC5L-LT-CREAM Beige 22 x 20 x 7 cm</b>!<br><br><ul><li>Art: Umhängetasche</li><li>Farbe: Beige</li><li>Material: Canvas-Stoff</li><li>Verschluss Armband: Reißverschluss</li><li>Enthalten: Enthält Markenetui oder -hülle</li><li>Maße ca.: 22 x 20 x 7 cm</li></ul>",Pop Pulse Emporium,https://cdnbigbuy.com/images/0196237627186_S0389518_P00.jpg,https://cdnbigbuy.com/images/0196237627186_S0389518_P10.jpg,https://cdnbigbuy.com/images/0196237627186_S0389518_P20.jpg,,150.48,23,NEW,10.0,10.0,10.0,0.3,1000.0,EUR,2,8,3
S7103607,3612408255707,de-DE,Gardening & DIY,"Truhe Eukalyptusholz 48,5 x 109,5 x 37 cm","<p>Wenn Sie Ihrem Zuhause einen Hauch von Originalität verleihen möchten, tun Sie dies mit <b>Truhe Eukalyptusholz 48,5 x 109,5 x 37 cm</b>.</p><br><b","<p>Wenn Sie Ihrem Zuhause einen Hauch von Originalität verleihen möchten, tun Sie dies mit <b>Truhe Eukalyptusholz 48,5 x 109,5 x 37 cm</b>.</p><br><br><ul><li>Merkmale: Mit Rädern</li><li>Kapazität: 190 L</li><li>Material: Eukalyptusholz</li><li>Maße ca.: 48,5 x 109,5 x 37 cm</li></ul>",Pop Pulse Emporium,https://cdnbigbuy.com/images/3612408255707_S7103607_P21.jpg,https://cdnbigbuy.com/images/3612408255707_S7103607_P11.jpg,https://cdnbigbuy.com/images/3612408255707_S7103607_P31.jpg,https://cdnbigbuy.com/images/3612408255707_S7103607_P01.jpg,176.75,25,NEW,109.0,50.0,13.0,15.0,70850.0,EUR,2,8,3
S8418498,7322540465341,de-DE,Gardening & DIY,Endlospapierrolle Tork 100130 Weiß 120 m,<p>Endlospapierrolle Tork Advanced (11 Stück) ist ein exklusives und hochwertiges Produkt für Ihre Körperpflege. Wenn Sie nur natürliche Körperpflegep,"<p>Endlospapierrolle Tork Advanced (11 Stück) ist ein exklusives und hochwertiges Produkt für Ihre Körperpflege. Wenn Sie nur natürliche Körperpflegeprodukte wollen, dann sind die 100 % natürlichen Produkte von Tork genau das Richtige für Sie.</p><br><ul><li>Farbe: Weiß</li><li>Länge: 120 m</li><li>Breite: 21,5 cm</li><li>Stück: 11 Stück</li><li>Art: Endlospapierrolle</li></ul>",Pop Pulse Emporium,https://cdnbigbuy.com/images/7322540465341_R01.jpg,,,,108.5,1,NEW,15.0,55.0,15.0,3.04,12375.0,EUR,2,8,3
S8409730,0884962772379,de-DE,Gardening & DIY,Original Toner HP CE412A Gelb,"Gehen Sie zurück ins Büro, ohne Details zu vergessen: Kaufen Sie <b>Original Toner HP CE412A Gelb</b> und seien Sie der Neid Ihrer Kollegen!<br><br><u","Gehen Sie zurück ins Büro, ohne Details zu vergessen: Kaufen Sie <b>Original Toner HP CE412A Gelb</b> und seien Sie der Neid Ihrer Kollegen!<br><br><ul><li>Farbe: Gelb</li><li>Kompatibel: <ul><li>LASERJET PRO 300 COLOR PRINTER M351A</li><li>LASERJET PRO 300 M351A</li><li>LASERJET PRO 300 REFURBISHED COLOR MFP M375NW</li><li>LASERJET PRO 400 COLOR MFP M475DN</li><li>LASERJET PRO 400 M451NW</li><li>LASERJET PRO 400 REFURBISHED COLOR MFP M475DN</li><li>LASERJET PRO 400 REFURBISHED COLOR MFP M475DW<",Pop Pulse Emporium,https://cdnbigbuy.com/images/0884962772379_0_P01.jpg,https://cdnbigbuy.com/images/0884962772379_1_A01.jpg,,,197.85,1,NEW,27.69,97.79,31.75,0.88,85960.39,EUR,2,8,3
S0375188,0091661526145,de-DE,Gardening & DIY,Herrenuhr Guess (Ø 43 mm),"Wenn Sie mit den neuesten Mode und Accessoire-Trends schritthalten wollen, kaufen Sie <b>Herrenuhr Guess (Ø 43 mm)</b> zum besten Preis.<br><br><ul><l","Wenn Sie mit den neuesten Mode und Accessoire-Trends schritthalten wollen, kaufen Sie <b>Herrenuhr Guess (Ø 43 mm)</b> zum besten Preis.<br><br><ul><li>Geschlecht: Herren</li><li>Extra Links: Kein</li><li>Typ der Uhr: Armbanduhr</li><li>Material des Armbands: Silikon</li><li>Uhrengehäuse-Material: Edelstahl</li><li>Uhrwerk: Quarz</li><li>Kristall: Mineral</li><li>Wasserdicht: 5 atm</li><li>Enthalten: Inklusive Markenetui</li><li>Verschluss Armband: Schließe</li><li>Farbe der Krone: Blau</li><li>",Pop Pulse Emporium,https://cdnbigbuy.com/images/0091661526145_S0375188_P01.jpg,https://cdnbigbuy.com/images/71547_mandatory-watch1.jpg,,,107.43,10,NEW,32.0,19.0,10.0,0.4,6080.0,EUR,2,8,3
S0389711,0197853084520,de-DE,Gardening & DIY,Umhängetasche Michael Kors 35F4STVT9B-BLACK Schwarz 37 x 28 x 12 cm,"Wenn Sie auf der Suche nach trendigen Neuheiten auf dem Markt sind, präsentieren wir Ihnen <b>Umhängetasche Michael Kors 35F4STVT9B-BLACK Schwarz 37 x","Wenn Sie auf der Suche nach trendigen Neuheiten auf dem Markt sind, präsentieren wir Ihnen <b>Umhängetasche Michael Kors 35F4STVT9B-BLACK Schwarz 37 x 28 x 12 cm</b>!<br><br><ul><li>Art: Handtasche</li><li>Farbe: Schwarz</li><li>Material: Haut</li><li>Verschluss Armband: Reißverschluss</li><li>Enthalten: Enthält Markenetui oder -hülle</li><li>Maße ca.: 37 x 28 x 12 cm</li></ul>",Pop Pulse Emporium,https://cdnbigbuy.com/images/0197853084520_S0389711_P00.jpg,https://cdnbigbuy.com/images/0197853084520_S0389711_P10.jpg,https://cdnbigbuy.com/images/0197853084520_S0389711_P20.jpg,,191.36,10,NEW,10.0,10.0,10.0,0.3,1000.0,EUR,2,8,3
M0513401,0632983030998,de-DE,Gardening & DIY,Toner Kyocera TK-5135C Schwarz Türkis,"Gehen Sie zurück ins Büro, ohne Details zu vergessen: Kaufen Sie <b>Toner Kyocera TK-5135C Schwarz Türkis</b> und seien Sie der Neid Ihrer Kollegen!<b","Gehen Sie zurück ins Büro, ohne Details zu vergessen: Kaufen Sie <b>Toner Kyocera TK-5135C Schwarz Türkis</b> und seien Sie der Neid Ihrer Kollegen!<br><br><ul><li>Farbe: <ul><li>Türkis</li><li>Schwarz</li></ul></li><li>Technologie: Láser</li><li>Art: Toner</li><li>Ungefähres Gewicht: 230 g</li><li>Merkmale: Original</li><li>Kapazität: 5000 Seiten</li></ul>",Pop Pulse Emporium,https://cdnbigbuy.com/images/0632983030998_M0513401_P00.jpg,https://cdnbigbuy.com/images/0632983030998_R00.jpg,https://cdnbigbuy.com/images/0632983030998_I00.jpg,,121.26,10,NEW,31.5,11.0,12.0,0.42,4158.0,EUR,2,8,3
S9405996,0844477024035,de-DE,Gardening & DIY,Brustprothesen Gender X,"Wenn Sie sich leidenschaftlich mit <b>IT und Elektronik</b> beschäftigen, mit der Technologie auf dem neuesten Stand sein wollen und nicht einmal die ","Wenn Sie sich leidenschaftlich mit <b>IT und Elektronik</b> beschäftigen, mit der Technologie auf dem neuesten Stand sein wollen und nicht einmal die winzigsten Einzelheiten auslassen, kaufen Sie <b>Brustprothesen Gender X</b>.<br><br><ul><li>Wichtige informationen: Wir garantieren Versand mit absoluter Diskretion und Vertraulichkeit. Niemand außer Ihnen erfährt, was das Paket enthält.</li></ul>",Pop Pulse Emporium,https://cdnbigbuy.com/images/0844477024035_S9405996_P00.jpg,https://cdnbigbuy.com/images/0844477024035_S9405996_P90.jpg,https://cdnbigbuy.com/images/0844477024035_S9405996_P30.jpg,https://cdnbigbuy.com/images/0844477024035_S9405996_P160.jpg,150.96,16,NEW,8.35,8.3,8.61,0.2,596.72,EUR,2,8,3
S0409217,3016661148910,de-DE,Gardening & DIY,Vakuumierer und Versiegler Tefal Vacupack Classic VT254070,"Wenn Sie Haushaltsgeräte zum besten Großhandelspreis suchen, dann verpassen Sie nicht Ihre Chance auf <b>Vakuumierer und Versiegler Tefal Vacupack Cla","Wenn Sie Haushaltsgeräte zum besten Großhandelspreis suchen, dann verpassen Sie nicht Ihre Chance auf <b>Vakuumierer und Versiegler Tefal Vacupack Classic VT254070</b> sowie ein breites Sortiment an kleinen Haushaltsgeräten!<br><br><ul><li>Art: Vakuumierer und Versiegler</li><li>Steckbares Produkt: Ja</li><li>Steckertyp: EU-Stecker</li><li>Farbe: Schwarz</li><li>Leistung: 110 W</li><li>Material: Edelstahl</li><li>Merkmale: <ul><li>Handbuch</li><li>Tasten-Steuerung</li><li>Kabelspeicher</li></ul>",Pop Pulse Emporium,https://cdnbigbuy.com/images/3016661148910_0_I03.jpg,https://cdnbigbuy.com/images/3016661148910_1_I13.jpg,,,102.85,10,NEW,19.0,41.0,10.0,1.6,7790.0,EUR,2,8,3
S0463848,8021098002808,de-DE,Gardening & DIY,Bügeleisenstation Braun IS1514VI 2200 W aus Keramik,"Wenn Sie Haushaltsgeräte zum besten Großhandelspreis suchen, dann verpassen Sie nicht Ihre Chance auf <b>Bügeleisenstation Braun IS1514VI 2200 W aus K","Wenn Sie Haushaltsgeräte zum besten Großhandelspreis suchen, dann verpassen Sie nicht Ihre Chance auf <b>Bügeleisenstation Braun IS1514VI 2200 W aus Keramik</b> sowie ein breites Sortiment an kleinen Haushaltsgeräten!<br><br><p>Das Braun Bügelzentrum kombiniert leistungsstarke Leistung mit einem attraktiven Design in lila. Mit einer Leistung von 2200 W kann dieses Gerät einen kontinuierlichen Dampfausstoß von 120 g/min liefern, was das Bügeln einer Vielzahl von Kleidungsstücken, selbst der schwi",Pop Pulse Emporium,https://cdnbigbuy.com/images/8021098002808_I00.jpg,https://cdnbigbuy.com/images/8021098002808_I10.jpg,,,139.77,50,NEW,38.15,33.31,34.85,4.09,44286.56,EUR,2,8,3
S8421270,4004764917730,de-DE,Gardening & DIY,Marker-Set Edding Ecoline Bunt 4 Stücke (50 Stück),"Gehen Sie zurück ins Büro, ohne Details zu vergessen: Kaufen Sie <b>Marker-Set Edding Ecoline Bunt 4 Stücke (50 Stück)</b> und seien Sie der Neid Ihre","Gehen Sie zurück ins Büro, ohne Details zu vergessen: Kaufen Sie <b>Marker-Set Edding Ecoline Bunt 4 Stücke (50 Stück)</b> und seien Sie der Neid Ihrer Kollegen!<br><br><ul><li>Farbe: Bunt</li><li>Art: Marker-Set</li><li>Merkmale: Tinte auf Wasserbasis</li><li>Dicke: 2-5 mm</li><li>Anzahl der Stücke: 4 Stücke</li><li>Stückzahl: 50 Stück</li></ul>",Pop Pulse Emporium,https://cdnbigbuy.com/images/4004764917730_S8421270_P0_icon1.jpg,https://cdnbigbuy.com/images/4004764917730_S8421270_P01.jpg,,,157.4,1,NEW,5.1,8.76,21.34,0.1,953.39,EUR,2,8,3
S3031318,8424001936489,de-DE,Gardening & DIY,Tischlampe DKD Home Decor Kristall Gold Metall 220 V (38 x 16 x 63 cm),"<p>Wenn Sie Ihrem Zuhause einen Hauch von Originalität verleihen möchten, tun Sie dies mit <b>Tischlampe DKD Home Decor Kristall Gold Metall 220 V (38","<p>Wenn Sie Ihrem Zuhause einen Hauch von Originalität verleihen möchten, tun Sie dies mit <b>Tischlampe DKD Home Decor Kristall Gold Metall 220 V (38 x 16 x 63 cm)</b>.</p><br><br><ul><li>Steckertyp: EU-Stecker</li><li>Steckbares Produkt: Ja</li><li>Art: Tischlampe</li><li>Farbe: Gold</li><li>Glühbirnen: 2</li><li>Länge des Kabels: 150 cm</li><li>Spannung: 220 V</li><li>Kappe: G9</li><li>Nicht erhalten: Glühbirne</li><li>Lang: 16 cm</li><li>Design: Moderne</li><li>Breite: 38 cm</li><li>Material",Pop Pulse Emporium,https://cdnbigbuy.com/images/8424001936489_S3031318_P34.jpg,https://cdnbigbuy.com/images/8424001936489_S3031318_P04.jpg,https://cdnbigbuy.com/images/8424001936489_S3031318_P14.jpg,https://cdnbigbuy.com/images/8424001936489_S3031318_P24.jpg,112.04,25,NEW,65.5,23.2,44.3,4.0,67318.28,EUR,2,8,3
S72124987,4894138354656,de-DE,Gardening & DIY,Herrenuhr Lorus RH913PX9,"Wenn Sie auf der Suche nach trendigen Neuheiten auf dem Markt sind, präsentieren wir Ihnen <b>Herrenuhr Lorus RH913PX9</b>!<br><br><ul><li>Geschlecht:","Wenn Sie auf der Suche nach trendigen Neuheiten auf dem Markt sind, präsentieren wir Ihnen <b>Herrenuhr Lorus RH913PX9</b>!<br><br><ul><li>Geschlecht: Herren</li><li>Extra Links: Kein</li><li>Typ der Uhr: Armbanduhr</li></ul>",Pop Pulse Emporium,https://cdnbigbuy.com/images/4894138354656_S72124987_P00.jpg,https://cdnbigbuy.com/images/4894138354656_S72124987_P10.jpg,https://cdnbigbuy.com/images/123999_mandatory-watch0.jpg,,115.78,2,NEW,14.15,12.43,10.11,0.3,1778.19,EUR,2,8,3
S3056015,8424002119447,de-DE,Gardening & DIY,"Bild Home ESPRIT abstrakt Moderne Mit Relief 100 x 3,7 x 70 cm (2 Stück)","<p>Wenn Sie Ihrem Zuhause einen Hauch von Originalität verleihen möchten, tun Sie dies mit <b>Bild Home ESPRIT abstrakt Moderne Mit Relief 100 x 3,7 x","<p>Wenn Sie Ihrem Zuhause einen Hauch von Originalität verleihen möchten, tun Sie dies mit <b>Bild Home ESPRIT abstrakt Moderne Mit Relief 100 x 3,7 x 70 cm (2 Stück)</b>.</p><br><br><ul><li>Wichtige informationen: Verschiedene Designs. Versand nach Zufallsprinzip und vom Bestand abhängig</li><li>Farbe: <ul><li>Blau</li><li>Weiß</li></ul></li><li>Material: <ul><li>Leinwand</li><li>Holz MDF</li></ul></li><li>Breite: 100 cm</li><li>groß: 70 cm</li><li>Design: <ul><li>abstrakt</li><li>Moderne</li><",Pop Pulse Emporium,https://cdnbigbuy.com/images/8424002119447_S3056015_P30.jpg,https://cdnbigbuy.com/images/8424002119447_S3056015_P20.jpg,https://cdnbigbuy.com/images/8424002119447_S3056015_P10.jpg,https://cdnbigbuy.com/images/8424002119447_S3056015_P00.jpg,110.67,50,NEW,49.0,27.84,28.73,1.34,39192.32,EUR,2,8,3
S71002966,3508510006064,de-DE,Gardening & DIY,"Kasserolle Arthur Martin AM945GT Grau Ø 24 cm 2,4 L","Wenn Sie bei der Einrichtung ihres Heims Wert auf Details legen und bei Produkten, die Ihnen das Leben leichter machen, auf dem letzten Stand sein möc","Wenn Sie bei der Einrichtung ihres Heims Wert auf Details legen und bei Produkten, die Ihnen das Leben leichter machen, auf dem letzten Stand sein möchten, dann kaufen Sie <b>Kasserolle Arthur Martin AM945GT Grau Ø 24 cm 2,4 L</b> zum besten Preis.<br><br><ul><li>Farbe: Grau</li><li>Material: Edelstahl</li><li>Merkmale: Geeignet für alle Küchentypen (Elektro-, Gas-, Glaskeramik- oder Induktionsküchen)</li><li>Durchmesser: Ø 24 cm</li><li>Kapazität: 2,4 L</li></ul>",Pop Pulse Emporium,https://cdnbigbuy.com/images/3508510006064_S71002966_P00.jpg,https://cdnbigbuy.com/images/3508510006064_S71002966_P40.jpg,https://cdnbigbuy.com/images/3508510006064_S71002966_P30.jpg,https://cdnbigbuy.com/images/3508510006064_S71002966_P20.jpg,101.02,10,NEW,29.0,39.4,15.1,2.62,17253.26,EUR,2,8,3
S72111961,8050506115793,de-DE,Gardening & DIY,Herrenarmreif Talent Jewels TJA-3-20-02-2-235 Schwarz,"Wir präsentieren <b>Herrenarmreif Talent Jewels TJA-3-20-02-2-235 Schwarz</b> und ein umfangreiches Sortiment von Ringen, Halsbändern, Armbändern, Ohr","Wir präsentieren <b>Herrenarmreif Talent Jewels TJA-3-20-02-2-235 Schwarz</b> und ein umfangreiches Sortiment von Ringen, Halsbändern, Armbändern, Ohrringen, usw. zu einem großartigen Preis. Erfahren Sie mehr über unsere exklusiven und eleganten Schmuck und Modeschmuck für jeden Geschmack und Stil.<br><br><ul><li>Art: Armreif</li><li>Geschlecht: Herren</li><li>Farbe: Schwarz</li></ul>",Pop Pulse Emporium,https://cdnbigbuy.com/images/8050506115793_S72111961_P00.jpg,,,,134.19,25,NEW,10.0,10.0,10.0,0.3,1000.0,EUR,2,8,3
S91122319,0324471905566,de-DE,Gardening & DIY,Gehhilfe auf Rädern Huffy 19055W,"Wenn Sie auf der Suche nach trendigen Neuheiten auf dem Markt sind, präsentieren wir Ihnen <b>Gehhilfe auf Rädern Huffy 19055W</b>!","Wenn Sie auf der Suche nach trendigen Neuheiten auf dem Markt sind, präsentieren wir Ihnen <b>Gehhilfe auf Rädern Huffy 19055W</b>!",Pop Pulse Emporium,https://cdnbigbuy.com/images/0324471905566_R00.jpg,https://cdnbigbuy.com/images/0324471905566_R40.jpg,https://cdnbigbuy.com/images/0324471905566_R50.jpg,https://cdnbigbuy.com/images/0324471905566_R60.jpg,139.23,2,NEW,65.0,35.0,38.0,6.3,86450.0,EUR,2,8,3
S0367131,0196163096124,de-DE,Gardening & DIY,Lässiger Rucksack Michael Kors 35S2G8TB2L-BLACK Schwarz,"Wenn Sie Ihren Kleiderschrank erneuern möchten, empfehlen wir Ihnen <b>Lässiger Rucksack Michael Kors 35S2G8TB2L-BLACK Schwarz</b> und weitere <b> Pro","Wenn Sie Ihren Kleiderschrank erneuern möchten, empfehlen wir Ihnen <b>Lässiger Rucksack Michael Kors 35S2G8TB2L-BLACK Schwarz</b> und weitere <b> Produkte von Michael Kors</b>! Jetzt für Sie die beste Qualität zum besten Preis!<br><br><ul><li>Art: Lässiger Rucksack</li><li>Geschlecht: Damen</li><li>Farbe: Schwarz</li><li>Format: 24 x 11,5 cm</li><li>Material: Haut</li><li>Verschluss Armband: Reißverschluss</li></ul>",Pop Pulse Emporium,https://cdnbigbuy.com/images/0196163096124_S0367131_P00.jpg,https://cdnbigbuy.com/images/0196163096124_S0367131_P10.jpg,,,191.36,25,NEW,10.0,10.0,10.0,0.3,1000.0,EUR,2,8,3
S7189177,0045496478735,de-DE,Gardening & DIY,Videospiel für Switch Nintendo the legend of zelda tears of the kingdom,"Wenn Sie sich leidenschaftlich mit <b>IT und Elektronik</b> beschäftigen, mit der Technologie auf dem neuesten Stand sein wollen und nicht einmal die ","Wenn Sie sich leidenschaftlich mit <b>IT und Elektronik</b> beschäftigen, mit der Technologie auf dem neuesten Stand sein wollen und nicht einmal die winzigsten Einzelheiten auslassen, kaufen Sie <b>Videospiel für Switch Nintendo the legend of zelda tears of the kingdom</b>.<br><br><ul><li>Farbe: Bunt</li><li>Plattform: Nintendo Switch</li><li>Empfohlenes Alter: <ul><li>Erwachsene</li><li>Kinder</li></ul></li><li>Art: Videospiel für Switch</li><li>Kompatibel: Frankreich</li></ul>",Pop Pulse Emporium,https://cdnbigbuy.com/images/0045496478735_S7189177_P01.jpg,https://cdnbigbuy.com/images/0045496478735_S7189177_P11.jpg,https://cdnbigbuy.com/images/0045496478735_S7189177_P21.jpg,https://cdnbigbuy.com/images/0045496478735_S7189177_P31.jpg,112.02,25,NEW,10.5,17.0,1.2,0.07,214.2,EUR,2,8,3
S7185651,4078500051941,de-DE,Gardening & DIY,Schlauchtrommel Gardena RollUp Automatisch An der Wand montiert 15 m,"Wenn Sie bei der Einrichtung ihres Heims Wert auf Details legen und bei Produkten, die Ihnen das Leben leichter machen, auf dem letzten Stand sein möc","Wenn Sie bei der Einrichtung ihres Heims Wert auf Details legen und bei Produkten, die Ihnen das Leben leichter machen, auf dem letzten Stand sein möchten, dann kaufen Sie <b>Schlauchtrommel Gardena RollUp Automatisch An der Wand montiert 15 m</b> zum besten Preis.<br><br><ul><li>Merkmale: <ul><li>Automatisch</li><li>An der Wand montiert</li></ul></li><li>Art: <ul><li>Schlauchtrommel</li><li>Automatisch</li></ul></li><li>Empfohlene verwendung: Garten</li><li>Farbe: Schwarz</li><li>Rohrlänge: 15 ",Pop Pulse Emporium,https://cdnbigbuy.com/images/4078500051941_S7185651_P00.jpg,,,,190.52,25,NEW,52.2,16.6,40.8,8.86,35354.02,EUR,2,8,3
S91104848,5038483539293,de-DE,Gardening & DIY,Flip Flops für Männer Mobilex PRS014BEZ42,"Wenn Sie Ihren Kleiderschrank erneuern möchten, empfehlen wir Ihnen <b>Flip Flops für Männer Mobilex PRS014BEZ42</b> und weitere <b> Produkte von Mobi","Wenn Sie Ihren Kleiderschrank erneuern möchten, empfehlen wir Ihnen <b>Flip Flops für Männer Mobilex PRS014BEZ42</b> und weitere <b> Produkte von Mobilex</b>! Jetzt für Sie die beste Qualität zum besten Preis!<br><br><ul><li>Größe: 42</li><li>Merkmale: Geeignet für die Rehabilitation</li><li>Art: Schwimmbad-Slipper</li><li>Material: <ul><li>Wildleder</li><li>Moosgummi</li></ul></li><li>Geschlecht: Unisex</li><li>Batteriebetrieben: Kein</li></ul>",Pop Pulse Emporium,https://cdnbigbuy.com/images/5038483539293_S91104848_P00.jpg,https://cdnbigbuy.com/images/5038483539293_S91104848_P20.jpg,https://cdnbigbuy.com/images/5038483539293_S91104848_P10.jpg,,107.66,5,NEW,31.5,18.5,11.5,0.93,6701.62,EUR,2,8,3
S71012850,4053423254150,de-DE,Gardening & DIY,Netzadapter BOSCH,"Wenn Sie auf der Suche nach trendigen Neuheiten auf dem Markt sind, präsentieren wir Ihnen <b>Netzadapter BOSCH</b>!<br><br><ul><li>Art: Netzadapter</","Wenn Sie auf der Suche nach trendigen Neuheiten auf dem Markt sind, präsentieren wir Ihnen <b>Netzadapter BOSCH</b>!<br><br><ul><li>Art: Netzadapter</li><li>Steckbares Produkt: Ja</li></ul>",Pop Pulse Emporium,https://cdnbigbuy.com/images/4053423254150_S71012850_P00.jpg,https://cdnbigbuy.com/images/4053423254150R30.jpg,https://cdnbigbuy.com/images/4053423254150_S71012850_P30.jpg,https://cdnbigbuy.com/images/4053423254150R40.jpg,149.47,9,NEW,30.0,39.0,7.0,4.62,8190.0,EUR,2,8,3
S0376335,8033288958123,de-DE,Gardening & DIY,Damenuhr Chiara Ferragni R1953100504 (Ø 34 mm),"Wenn Sie mit den neuesten Mode und Accessoire-Trends schritthalten wollen, kaufen Sie <b>Damenuhr Chiara Ferragni R1953100504 (Ø 34 mm)</b> zum besten","Wenn Sie mit den neuesten Mode und Accessoire-Trends schritthalten wollen, kaufen Sie <b>Damenuhr Chiara Ferragni R1953100504 (Ø 34 mm)</b> zum besten Preis.<br><br><ul><li>Geschlecht: Damen</li><li>Extra Links: Kein</li><li>Typ der Uhr: Armbanduhr</li><li>Material des Armbands: Edelstahl</li><li>Uhrengehäuse-Material: Edelstahl</li><li>Uhrwerk: Quarz</li><li>Kristall: Mineral</li><li>Wasserdicht: 5 atm</li><li>Enthalten: Inklusive Markenetui</li><li>Farbe der Krone: Rosa</li><li>Farbe des Uhren",Pop Pulse Emporium,https://cdnbigbuy.com/images/8033288958123_S0376335_P01.jpg,https://cdnbigbuy.com/images/72694_mandatory-watch1.jpg,,,141.12,24,NEW,32.0,19.0,10.0,0.4,6080.0,EUR,2,8,3
S0390929,8050560906306,de-DE,Gardening & DIY,Damenuhr Furla WW00004007L4 (Ø 30 mm),"Wenn Sie auf der Suche nach trendigen Neuheiten auf dem Markt sind, präsentieren wir Ihnen <b>Damenuhr Furla WW00004007L4 (Ø 30 mm)</b>!<br><br><ul><l","Wenn Sie auf der Suche nach trendigen Neuheiten auf dem Markt sind, präsentieren wir Ihnen <b>Damenuhr Furla WW00004007L4 (Ø 30 mm)</b>!<br><br><ul><li>Geschlecht: Damen</li><li>Extra Links: Kein</li><li>Typ der Uhr: Armbanduhr</li><li>Material des Armbands: Edelstahl</li><li>Uhrengehäuse-Material: Edelstahl</li><li>Uhrwerk: Quarz</li><li>Kristall: Mineral</li><li>Wasserdicht: 5 atm</li><li>Enthalten: Enthält Markenetui oder -hülle</li><li>Verschluss Armband: Druck</li><li>Farbe der Krone: Grau<",Pop Pulse Emporium,https://cdnbigbuy.com/images/8050560906306_S0390929_P00.jpg,https://cdnbigbuy.com/images/8050560906306_S0390929_P20.jpg,https://cdnbigbuy.com/images/87290_mandatory-watch0.jpg,https://cdnbigbuy.com/images/8050560906306_S0390929_P10.jpg,129.89,5,NEW,32.0,19.0,10.0,0.4,6080.0,EUR,2,8,3
S7913184,8720573225984,de-DE,Gardening & DIY,Kofferset PR World Reiseset Schwarz,Sind Sie modebewusst und begeistern sich für Accessoires? Wir bieten Ihnen <b>Kofferset PR World Reiseset Schwarz</b> und ein breites Sortiment an mod,Sind Sie modebewusst und begeistern sich für Accessoires? Wir bieten Ihnen <b>Kofferset PR World Reiseset Schwarz</b> und ein breites Sortiment an modernen Handtaschen und Geldbeutel!<br><br><ul><li>Merkmale: <ul><li>Mit Griffen</li><li>360 Grad drehbar</li><li>2 Fächer mit Reißverschluss</li></ul></li><li>Material: Aluminium</li><li>Maße ca.: <ul><li>36 x 24 x 53 cm</li><li>44 x 26 x 63 cm</li></ul></li><li>Art: <ul><li>Reiseset</li><li>Koffer</li></ul></li><li>Farbe: Schwarz</li><li>Räder: 4</,Pop Pulse Emporium,https://cdnbigbuy.com/images/8720573225984_00_WBG3.jpg,,,,117.64,5,NEW,27.0,45.0,64.0,6.38,77760.0,EUR,2,8,3
S0385065,7613272544771,de-DE,Gardening & DIY,Damenuhr Tommy Hilfiger 1782682 (Ø 40 mm),"Wenn Sie mit den neuesten Mode und Accessoire-Trends schritthalten wollen, kaufen Sie <b>Damenuhr Tommy Hilfiger 1782682 (Ø 40 mm)</b> zum besten Prei","Wenn Sie mit den neuesten Mode und Accessoire-Trends schritthalten wollen, kaufen Sie <b>Damenuhr Tommy Hilfiger 1782682 (Ø 40 mm)</b> zum besten Preis.<br><br><ul><li>Geschlecht: Damen</li><li>Extra Links: Kein</li><li>Typ der Uhr: Armbanduhr</li><li>Material des Armbands: Edelstahl</li><li>Uhrengehäuse-Material: Edelstahl</li><li>Uhrwerk: Quarz</li><li>Kristall: Mineral</li><li>Wasserdicht: Kein</li><li>Enthalten: Inklusive Markenetui</li><li>Verschluss Armband: Schmetterling</li><li>Farbe der",Pop Pulse Emporium,https://cdnbigbuy.com/images/7613272544771_S0385065_P00.jpg,https://cdnbigbuy.com/images/81424_mandatory-watch0.jpg,,,150.48,5,NEW,32.0,19.0,10.0,0.4,6080.0,EUR,2,8,3
S72106593,0889214379337,de-DE,Gardening & DIY,Brillenfassung Max Mara MM5087-D 56033,"Wenn Sie Ihren Kleiderschrank erneuern möchten, empfehlen wir Ihnen <b>Brillenfassung Max Mara MM5087-D 56033</b> und weitere <b> Produkte von Max Mar","Wenn Sie Ihren Kleiderschrank erneuern möchten, empfehlen wir Ihnen <b>Brillenfassung Max Mara MM5087-D 56033</b> und weitere <b> Produkte von Max Mara</b>! Jetzt für Sie die beste Qualität zum besten Preis!<br><br><ul><li>Geschlecht: Damen</li><li>Art: Brillenfassung</li><li>Objektiv Typ: Brillen ohne Rezept</li></ul>",Pop Pulse Emporium,https://cdnbigbuy.com/images/0889214379337_S72106593_P00.jpg,https://cdnbigbuy.com/images/0889214379337_S72106593_P20.jpg,https://cdnbigbuy.com/images/0889214379337_S72106593_P10.jpg,,108.55,5,NEW,15.0,5.0,3.0,0.3,225.0,EUR,2,8,3
S8906431,8412842611498,de-DE,Gardening & DIY,Tisch-Set mit 2 Stühlen Aktive 75 x 70 x 75 cm (3 Stücke),"<p>Wenn Sie Ihrem Zuhause einen Hauch von Originalität verleihen möchten, tun Sie dies mit <b>Tisch-Set mit 2 Stühlen Aktive 75 x 70 x 75 cm (3 Stücke","<p>Wenn Sie Ihrem Zuhause einen Hauch von Originalität verleihen möchten, tun Sie dies mit <b>Tisch-Set mit 2 Stühlen Aktive 75 x 70 x 75 cm (3 Stücke)</b>.</p><br><br><ul><li>Art: Gaskocher</li><li>Empfohlenes Alter: + 3 jahre</li><li>Maße ca.: <ul><li>75 x 75 cm</li><li>75 x 70 x 75 cm</li></ul></li><li>Material: Stahl</li><li>Anzahl der Stücke: 3 Stücke</li></ul>",Pop Pulse Emporium,https://cdnbigbuy.com/images/8412842611498_S8906431_P00.jpg,https://cdnbigbuy.com/images/8412842611498_S8906431_P40.jpg,https://cdnbigbuy.com/images/8412842611498_S8906431_P50.jpg,https://cdnbigbuy.com/images/8412842611498_S8906431_P10.jpg,146.25,50,NEW,38.06,47.05,22.71,5.0,40667.32,EUR,2,8,3
S71018770,8437027499081,de-DE,Gardening & DIY,Autositz BBGO,"Wenn Sie auf der Suche nach trendigen Neuheiten auf dem Markt sind, präsentieren wir Ihnen <b>Autositz BBGO</b>!","Wenn Sie auf der Suche nach trendigen Neuheiten auf dem Markt sind, präsentieren wir Ihnen <b>Autositz BBGO</b>!",Pop Pulse Emporium,https://cdnbigbuy.com/images/8437027499081_S71018770_P00.jpg,,,,148.86,10,NEW,64.0,47.0,30.0,7.3,90240.0,EUR,2,8,3
S7100488,3275054544009,de-DE,Gardening & DIY,Kinderbett-Matratze Tineo XXL,"Wenn Sie bei der Einrichtung ihres Heims Wert auf Details legen und bei Produkten, die Ihnen das Leben leichter machen, auf dem letzten Stand sein möc","Wenn Sie bei der Einrichtung ihres Heims Wert auf Details legen und bei Produkten, die Ihnen das Leben leichter machen, auf dem letzten Stand sein möchten, dann kaufen Sie <b>Kinderbett-Matratze Tineo XXL</b> zum besten Preis.<br><br><ul><li>Art: <ul><li>Kinderbett-Matratze</li><li>Für Kinder</li></ul></li><li>Maße ca.: 60 x 120 cm</li><li>Merkmale: <ul><li>Schimmelpilzbeständig</li><li>Antibakteriell</li></ul></li></ul>",Pop Pulse Emporium,https://cdnbigbuy.com/images/3275054544009_S7100488_P02.jpg,,,,125.66,25,NEW,60.0,60.0,16.0,2.45,57600.0,EUR,2,8,3
S0391916,0196237481740,de-DE,Gardening & DIY,Handtasche Michael Kors Jet Set Travel,"Wenn Sie auf der Suche nach trendigen Neuheiten auf dem Markt sind, präsentieren wir Ihnen <b>Handtasche Michael Kors Jet Set Travel</b>!<br><br><ul><","Wenn Sie auf der Suche nach trendigen Neuheiten auf dem Markt sind, präsentieren wir Ihnen <b>Handtasche Michael Kors Jet Set Travel</b>!<br><br><ul><li>Art: Handtasche</li><li>Geschlecht: Damen</li><li>Farbe: Beige</li><li>Material: <ul><li>Canvas-Stoff</li><li>Kunstleder</li></ul></li><li>Verschluss Armband: Reißverschluss</li><li>Enthalten: Enthält Markenetui oder -hülle</li><li>Maße ca.: 36,8 x 26 x 17,1 cm</li></ul>",Pop Pulse Emporium,https://cdnbigbuy.com/images/0196237481740_S0391916_P00.jpg,https://cdnbigbuy.com/images/0196237481740_S0391916_P10.jpg,https://cdnbigbuy.com/images/0196237481740_S0391916_P20.jpg,,174.71,5,NEW,10.0,10.0,10.0,0.3,1000.0,EUR,2,8,3
S7161264,8719514289116,de-DE,Gardening & DIY,"LED-Lampe Philips 8719514289116 Weiß F 2100 W 9,5 W E27 (2700 K) (2 Stück)","Wenn Sie bei der Einrichtung ihres Heims Wert auf Details legen und bei Produkten, die Ihnen das Leben leichter machen, auf dem letzten Stand sein möc","Wenn Sie bei der Einrichtung ihres Heims Wert auf Details legen und bei Produkten, die Ihnen das Leben leichter machen, auf dem letzten Stand sein möchten, dann kaufen Sie <b>LED-Lampe Philips 8719514289116 Weiß F 2100 W 9,5 W E27 (2700 K) (2 Stück)</b> zum besten Preis.<br><br><ul><li>Enthalten: <ul><li>RJ45-Kabel</li><li>AC-Adapter</li></ul></li><li>Art: LED-Lampe</li><li>Lichttyp: Weißes licht</li><li>Kappe: E27</li><li>Farbe: Weiß</li><li>Material: Kunststoff</li><li>Merkmale: <ul><li>LED Le",Pop Pulse Emporium,https://cdnbigbuy.com/images/8719514289116_S7161264_P03.jpg,https://cdnbigbuy.com/images/8719514289116_S7161264_P0_icon3.jpg,https://cdnbigbuy.com/images/8719514289116_S7161264_P13.jpg,https://cdnbigbuy.com/images/8719514289116_S7161264_P33.jpg,127.42,1,NEW,17.6,15.0,14.0,0.64,3696.0,EUR,2,8,3
S55058918,0065030887052,de-DE,Gardening & DIY,PCI-Karte Startech PEX4S953LP,"Wenn Sie sich leidenschaftlich mit <b>IT und Elektronik</b> beschäftigen, mit der Technologie auf dem neuesten Stand sein wollen und nicht einmal die ","Wenn Sie sich leidenschaftlich mit <b>IT und Elektronik</b> beschäftigen, mit der Technologie auf dem neuesten Stand sein wollen und nicht einmal die winzigsten Einzelheiten auslassen, kaufen Sie <b>PCI-Karte Startech PEX4S953LP</b>.<br><br><ul><li>Art: <ul><li>Adapter</li><li>PCI Express 3.0</li></ul></li><li>Anschlüsse: <ul><li>PCIe</li><li>RS-232</li></ul></li><li>Farbe: grün</li><li>Breite: 75 mm</li><li>Menge: 1</li><li>Zertifikat: RoHS</li></ul>",Pop Pulse Emporium,https://cdnbigbuy.com/images/487906154.jpg,https://cdnbigbuy.com/images/487906094.jpg,https://cdnbigbuy.com/images/487906034.jpg,https://cdnbigbuy.com/images/487906044.jpg,153.13,5,NEW,21.0,15.0,5.0,0.37,1575.0,EUR,2,8,3
S7192294,8006540760833,de-DE,Gardening & DIY,Elektrische Zahnbürste Oral-B Pro 3,"<p>Wenn Sie das Ideale Produkt für Ihre <b>Intimpflege</b> suchen, ist <b>Elektrische Zahnbürste Oral-B Pro 3</b> genau das Richtige für Sie!</p><br><","<p>Wenn Sie das Ideale Produkt für Ihre <b>Intimpflege</b> suchen, ist <b>Elektrische Zahnbürste Oral-B Pro 3</b> genau das Richtige für Sie!</p><br><br><ul><li>Steckbares Produkt: Ja</li><li>Steckertyp: EU-Stecker</li><li>Art: <ul><li>Elektrische Zahnbürste</li><li>Drucksensor</li></ul></li><li>Farbe: Weiß</li><li>Merkmale: <ul><li>Wireless</li><li>Zeitschaltuhr</li><li>Ladestation</li></ul></li><li>Batterietyp: <ul><li>Integriert</li><li>Wiederaufladbare Batterie</li></ul></li><li>Stromquelle:",Pop Pulse Emporium,https://cdnbigbuy.com/images/8006540760833_S7192294_P00.jpg,https://cdnbigbuy.com/images/8006540760833_S7192294_P10.jpg,https://cdnbigbuy.com/images/8006540760833_S7192294_P20.jpg,https://cdnbigbuy.com/images/8006540760833_S7192294_P30.jpg,103.41,25,NEW,24.2,12.4,7.2,0.44,2160.58,EUR,2,8,3
M0117952,3760168591129,de-DE,Gardening & DIY,Damenparfüm Etat Libre D'Orange Tilda Swinton EDP,<p>Lassen Sie&nbsp;<strong>100 % Original-Damenparfüm Etat Libre D'Orange Tilda Swinton EDP</strong> Sie &uuml;berraschen und feieren Ihre Weiblichkei,"<p>Lassen Sie&nbsp;<strong>100 % Original-Damenparfüm Etat Libre D'Orange Tilda Swinton EDP</strong> Sie &uuml;berraschen und feieren Ihre Weiblichkeit mit dem exklusiven <strong>Frauenparfum </strong>mit einzigartigem, pers&ouml;nlichen Duft. Entdecken Sie die <strong>100 % Original-Produkte von Etat Libre D'Orange</strong>!</p><br><br><ul><li>Kapazität: 100 ml</li><li>Geschlecht: <ul><li>Unisex</li><li>Damen</li></ul></li><li>Art: EDP (Eau de Parfum)</li><li>Wichtige informationen: Die Produkt",Pop Pulse Emporium,https://cdnbigbuy.com/images/M0117952_P00.jpg,,,,126.37,5,NEW,6.0,6.0,15.0,0.4,540.0,EUR,2,8,3
S0388890,0197853277397,de-DE,Gardening & DIY,Umhängetasche Michael Kors Leida Beige 34 x 29 x 12 cm,"Wenn Sie auf der Suche nach trendigen Neuheiten auf dem Markt sind, präsentieren wir Ihnen <b>Umhängetasche Michael Kors Leida Beige 34 x 29 x 12 cm</","Wenn Sie auf der Suche nach trendigen Neuheiten auf dem Markt sind, präsentieren wir Ihnen <b>Umhängetasche Michael Kors Leida Beige 34 x 29 x 12 cm</b>!<br><br><ul><li>Art: Handtasche</li><li>Geschlecht: Damen</li><li>Farbe: Beige</li><li>Material: Canvas-Stoff</li><li>Verschluss Armband: Reißverschluss</li><li>Enthalten: Enthält Markenetui oder -hülle</li><li>Maße ca.: 34 x 29 x 12 cm</li></ul>",Pop Pulse Emporium,https://cdnbigbuy.com/images/0197853277397_S0388890_P00.jpg,https://cdnbigbuy.com/images/0197853277397_S0388890_P10.jpg,https://cdnbigbuy.com/images/0197853277397_S0388890_P20.jpg,,198.75,9,NEW,12.0,33.0,22.0,0.4,8712.0,EUR,2,8,3
S3059030,8424002159344,de-DE,Gardening & DIY,Tischlampe Home ESPRIT Schwarz Gold Harz 50 W 220 V 30 x 30 x 59 cm,"<p>Wenn Sie Ihrem Zuhause einen Hauch von Originalität verleihen möchten, tun Sie dies mit <b>Tischlampe Home ESPRIT Schwarz Gold Harz 50 W 220 V 30 x","<p>Wenn Sie Ihrem Zuhause einen Hauch von Originalität verleihen möchten, tun Sie dies mit <b>Tischlampe Home ESPRIT Schwarz Gold Harz 50 W 220 V 30 x 30 x 59 cm</b>.</p><br><br><ul><li>Steckbares Produkt: Ja</li><li>Art: Tischlampe</li><li>Steckertyp: EU-Stecker</li><li>Farbe: <ul><li>Schwarz</li><li>Gold</li></ul></li><li>Material: <ul><li>Polyester</li><li>Harz</li></ul></li><li>Spannung: 220 V</li><li>Kappe: E27</li><li>Lang: 30 cm</li><li>Design: <ul><li>Moderne</li><li>Pferd</li></ul></li>",Pop Pulse Emporium,https://cdnbigbuy.com/images/8424002159344_S3059030_P00.jpg,https://cdnbigbuy.com/images/8424002159344_S3059030_P40.jpg,https://cdnbigbuy.com/images/8424002159344_S3059030_P10.jpg,https://cdnbigbuy.com/images/8424002159344_S3059030_P20.jpg,124.37,25,NEW,37.0,65.5,37.0,6.5,89669.5,EUR,2,8,3
S72106587,0889214295675,de-DE,Gardening & DIY,Brillenfassung Max Mara MM5028 54066,"Wenn Sie Ihren Kleiderschrank erneuern möchten, empfehlen wir Ihnen <b>Brillenfassung Max Mara MM5028 54066</b> und weitere <b> Produkte von Max Mara<","Wenn Sie Ihren Kleiderschrank erneuern möchten, empfehlen wir Ihnen <b>Brillenfassung Max Mara MM5028 54066</b> und weitere <b> Produkte von Max Mara</b>! Jetzt für Sie die beste Qualität zum besten Preis!<br><br><ul><li>Geschlecht: Damen</li><li>Art: Brillenfassung</li><li>Objektiv Typ: Brillen ohne Rezept</li></ul>",Pop Pulse Emporium,https://cdnbigbuy.com/images/0889214295675_S72106587_P00.jpg,https://cdnbigbuy.com/images/0889214295675_S72106587_P20.jpg,https://cdnbigbuy.com/images/0889214295675_S72106587_P10.jpg,,108.55,5,NEW,15.0,5.0,3.0,0.3,225.0,EUR,2,8,3
S71003526,4004353437762,de-DE,Gardening & DIY,Solarlampe Brilliant Schwarz 3 W,"Wenn Sie bei der Einrichtung ihres Heims Wert auf Details legen und bei Produkten, die Ihnen das Leben leichter machen, auf dem letzten Stand sein möc","Wenn Sie bei der Einrichtung ihres Heims Wert auf Details legen und bei Produkten, die Ihnen das Leben leichter machen, auf dem letzten Stand sein möchten, dann kaufen Sie <b>Solarlampe Brilliant Schwarz 3 W</b>.<br><br><ul><li>Steckbares Produkt: Ja</li><li>Steckertyp: EU-Stecker</li><li>Art: Solarlampe</li><li>Farbe: Schwarz</li><li>Merkmale: <ul><li>LED</li><li>Für Außenanwendungen</li><li>Solar</li></ul></li><li>Leistung: 3 W</li><li>IP-Klassifizierung: IP44</li></ul>",Pop Pulse Emporium,https://cdnbigbuy.com/images/4004353437762_S71003526_P00.jpg,https://cdnbigbuy.com/images/4004353437762_S71003526_P10.jpg,https://cdnbigbuy.com/images/4004353437762_S71003526_P20.jpg,,108.15,2,NEW,95.0,17.0,17.0,1.75,27455.0,EUR,2,8,3
S9105352,3182550402132,de-DE,Gardening & DIY,Futter Royal Canin Medium Puppy Welpe/Junior Huhn Pflanzlich 15 kg,"Wenn Sie auf der Suche nach trendigen Neuheiten auf dem Markt sind, präsentieren wir Ihnen <b>Futter Royal Canin Medium Puppy Welpe/Junior Huhn Pflanz","Wenn Sie auf der Suche nach trendigen Neuheiten auf dem Markt sind, präsentieren wir Ihnen <b>Futter Royal Canin Medium Puppy Welpe/Junior Huhn Pflanzlich 15 kg</b>!<br><br><ul><li>Art: Futter</li><li>Kapazität: 15 kg</li><li>Format: Mittel</li><li>Jod: 4,5 MG/KG</li><li>Vitamin E: 520 MG/KG</li><li>Vitamin D3: 1000 IU/KG</li><li>Vitamin A: 16000 IU/KG</li><li>Selen: 0,08 MG/KG</li><li>Mangan: 59 MG/KG</li><li>Eisen: 45 MG/KG</li><li>Kupfer (mg): 14 MG/KG</li><li>Inhaltsstoffe: <ul><li>Vitamin A",Pop Pulse Emporium,https://cdnbigbuy.com/images/3182550402132_I01.jpg,https://cdnbigbuy.com/images/3182550402132_I31.jpg,,,123.98,50,NEW,15.0,54.0,38.0,15.2,30780.0,EUR,2,8,3
S8903158,4899888737445,de-DE,Gardening & DIY,Kinderpuzzle Lisciani Giochi 48 x 1 x 36 cm Bauernhof 12 Stücke 27 Stücke (6 Stück),"Für unsere Kinder möchten wir nur das Beste, und deshalb möchten wir Ihnen <b>Kinderpuzzle Lisciani Giochi 48 x 1 x 36 cm Bauernhof 12 Stücke 27 Stück","Für unsere Kinder möchten wir nur das Beste, und deshalb möchten wir Ihnen <b>Kinderpuzzle Lisciani Giochi 48 x 1 x 36 cm Bauernhof 12 Stücke 27 Stücke (6 Stück)</b> vorstellen, perfekt für alle, die qualitativ hochwertige Produkte für die Kleinsten suchen. Kaufen Sie <b>Lisciani Giochi</b> zu den besten Preisen!<br><br><ul><li>Merkmale: Inspiriert von der Montessori-Lernmethode</li><li>Art: Kinderpuzzle</li><li>Design: Bauernhof</li><li>Anzahl der Stücke: <ul><li>27 Stücke</li><li>12 Stücke</li",Pop Pulse Emporium,https://cdnbigbuy.com/images/S8903158_P0_icon1.jpg,https://cdnbigbuy.com/images/S8903158_P51.jpg,https://cdnbigbuy.com/images/S8903158_P01.jpg,https://cdnbigbuy.com/images/S8903158_P11.jpg,103.72,50,NEW,21.5,43.0,30.0,4.67,27735.0,EUR,2,8,3
S9912460,5400520244574,de-DE,Gardening & DIY,Koffer für die Kabine American Tourister 149498-1041 Schwarz 47 L 55 x 40 x 23 cm,"Bleiben Sie in Form und entdecken Sie die neuesten Innovationen der Branche, um mit den besten Voraussetzungen Sport zu betreiben! Kaufen Sie <b>Koffe","Bleiben Sie in Form und entdecken Sie die neuesten Innovationen der Branche, um mit den besten Voraussetzungen Sport zu betreiben! Kaufen Sie <b>Koffer für die Kabine American Tourister 149498-1041 Schwarz 47 L 55 x 40 x 23 cm</b> zum besten Preis und genießen Sie ein gesundes Leben!<br><br><ul><li>Art: <ul><li>Koffer</li><li>Trolley</li></ul></li><li>Farbe: Schwarz</li><li>Material: 100 % polyester</li><li>Räder: Räder x 4</li><li>Kapazität: 47 L</li><li>Maße ca.: 55 x 40 x 23 cm</li><li>Geschl",Pop Pulse Emporium,https://cdnbigbuy.com/images/5400520244574_S9912460_P00.jpg,,,,103.05,1,NEW,36.1,34.82,47.1,3.17,59204.79,EUR,2,8,3
S0390292,0886895576598,de-DE,Gardening & DIY,Damensonnenbrille Victoria Beckham VB651S-5517232 Ø 55 mm,"Wenn Sie auf der Suche nach trendigen Neuheiten auf dem Markt sind, präsentieren wir Ihnen <b>Damensonnenbrille Victoria Beckham VB651S-5517232 Ø 55 m","Wenn Sie auf der Suche nach trendigen Neuheiten auf dem Markt sind, präsentieren wir Ihnen <b>Damensonnenbrille Victoria Beckham VB651S-5517232 Ø 55 mm</b>!<br><br><ul><li>Art: Damensonnenbrille</li><li>Geschlecht: Damen</li><li>Schutz: 100% Schutz vor UV (UV400)</li><li>Material der Linsen: Polycarbonat</li><li>Farbe: Braun</li><li>Material: Azetat</li><li>Enthalten: Enthält Markenetui oder -hülle</li><li>Brücke: 17 mm</li><li>Bügel: 145 mm</li><li>Linsen: Ø 55 mm</li></ul>",Pop Pulse Emporium,https://cdnbigbuy.com/images/0886895576598_S0390292_P00.jpg,https://cdnbigbuy.com/images/0886895576598_S0390292_P10.jpg,https://cdnbigbuy.com/images/0886895576598_S0390292_P20.jpg,,109.3,5,NEW,10.0,10.0,10.0,0.3,1000.0,EUR,2,8,3
M0802134,0194252897317,de-DE,Gardening & DIY,Laptopladekabel Apple Weiß,"Wenn Sie sich leidenschaftlich mit <b>IT und Elektronik</b> beschäftigen, mit der Technologie auf dem neuesten Stand sein wollen und nicht einmal die ","Wenn Sie sich leidenschaftlich mit <b>IT und Elektronik</b> beschäftigen, mit der Technologie auf dem neuesten Stand sein wollen und nicht einmal die winzigsten Einzelheiten auslassen, kaufen Sie <b>Laptopladekabel Apple Weiß</b>.<br><br><ul><li>Merkmale: Universal</li><li>Kompatibel: <ul><li>Apple</li><li>Laptop</li></ul></li><li>Steckbares Produkt: Ja</li><li>Steckertyp: EU-Stecker</li><li>Art: <ul><li>Laptop-Akku</li><li>Smartphone</li><li>Laptopladekabel</li></ul></li><li>Farbe: Weiß</li><li",Pop Pulse Emporium,https://cdnbigbuy.com/images/M0802134_0194252897317_s78_p00.jpg,,,,112.09,2,NEW,12.0,12.0,4.0,0.05,576.0,EUR,2,8,3
S0388884,0196237633620,de-DE,Gardening & DIY,Umhängetasche Michael Kors Leida Rosa 33 X 30 X 12 CM,"Wenn Sie auf der Suche nach trendigen Neuheiten auf dem Markt sind, präsentieren wir Ihnen <b>Umhängetasche Michael Kors Leida Rosa 33 X 30 X 12 CM</b","Wenn Sie auf der Suche nach trendigen Neuheiten auf dem Markt sind, präsentieren wir Ihnen <b>Umhängetasche Michael Kors Leida Rosa 33 X 30 X 12 CM</b>!<br><br><ul><li>Art: Handtasche</li><li>Geschlecht: Damen</li><li>Farbe: Rosa</li><li>Material: Canvas-Stoff</li><li>Verschluss Armband: Reißverschluss</li><li>Enthalten: Enthält Markenetui oder -hülle</li><li>Maße ca.: 33 X 30 X 12 CM</li></ul>",Pop Pulse Emporium,https://cdnbigbuy.com/images/0196237633620_S0388884_P00.jpg,https://cdnbigbuy.com/images/0196237633620_S0388884_P10.jpg,https://cdnbigbuy.com/images/0196237633620_S0388884_P20.jpg,,174.71,22,NEW,12.0,33.0,22.0,0.4,8712.0,EUR,2,8,3
S71004483,0731855051052,de-DE,Gardening & DIY,Gaming Headset mit Mikrofon Turtle Beach TBS-5104-05,"Wenn Sie sich leidenschaftlich mit <b>IT und Elektronik</b> beschäftigen, mit der Technologie auf dem neuesten Stand sein wollen und nicht einmal die ","Wenn Sie sich leidenschaftlich mit <b>IT und Elektronik</b> beschäftigen, mit der Technologie auf dem neuesten Stand sein wollen und nicht einmal die winzigsten Einzelheiten auslassen, kaufen Sie <b>Gaming Headset mit Mikrofon Turtle Beach TBS-5104-05</b>.<br><br><ul><li>Art: <ul><li>Gaming Headset mit Mikrofon</li><li>Kopfhörer mit Mikrofon</li></ul></li><li>Farbe: Schwarz</li><li>Merkmale: <ul><li>Mikrophon mit Kugel-Richtcharakteristik</li><li>Wireless</li><li>Inklusive Installationsanleitung",Pop Pulse Emporium,https://cdnbigbuy.com/images/0731855051052_S71004483_P00.jpg,https://cdnbigbuy.com/images/0731855051052_S71004483_P10.jpg,https://cdnbigbuy.com/images/0731855051052_S71004483_P20.jpg,https://cdnbigbuy.com/images/0731855051052_S71004483_P30.jpg,151.42,18,NEW,20.4,23.7,10.0,0.51,4834.8,EUR,2,8,3
S8108779,6941812785843,de-DE,Gardening & DIY,Koffer Xiaomi Classic Pro 20,"Wenn Sie Haushaltsgeräte zum besten Großhandelspreis suchen, dann verpassen Sie nicht Ihre Chance auf <b>Koffer Xiaomi Classic Pro 20</b> sowie ein br","Wenn Sie Haushaltsgeräte zum besten Großhandelspreis suchen, dann verpassen Sie nicht Ihre Chance auf <b>Koffer Xiaomi Classic Pro 20</b> sowie ein breites Sortiment an kleinen Haushaltsgeräten!<br><br><ul><li>Art: Koffer</li></ul>",Pop Pulse Emporium,https://cdnbigbuy.com/images/6941812785843_S8108779_P00.jpg,,,,109.45,1,NEW,37.5,24.5,58.0,4.0,53287.5,EUR,2,8,3
M0515836,5031713046271,de-DE,Gardening & DIY,Druckertrommel OKI ES9410dn Schwarz,"Wenn Sie sich leidenschaftlich mit <b>IT und Elektronik</b> beschäftigen, mit der Technologie auf dem neuesten Stand sein wollen und nicht einmal die ","Wenn Sie sich leidenschaftlich mit <b>IT und Elektronik</b> beschäftigen, mit der Technologie auf dem neuesten Stand sein wollen und nicht einmal die winzigsten Einzelheiten auslassen, kaufen Sie <b>Druckertrommel OKI ES9410dn Schwarz</b>.<br><br><ul><li>Farbe: Schwarz</li><li>Format: A4</li><li>Merkmale: Original</li></ul>",Pop Pulse Emporium,https://cdnbigbuy.com/images/5031713046271_M0515836_P00.jpg,,,,166.01,2,NEW,52.0,16.0,21.0,2.51,17472.0,EUR,2,8,3
S6504769,8430025019732,de-DE,Gardening & DIY,Einachsschlepper elektrisch Ferrestock,"Wenn Sie bei der Einrichtung ihres Heims Wert auf Details legen und bei Produkten, die Ihnen das Leben leichter machen, auf dem letzten Stand sein möc","Wenn Sie bei der Einrichtung ihres Heims Wert auf Details legen und bei Produkten, die Ihnen das Leben leichter machen, auf dem letzten Stand sein möchten, dann kaufen Sie <b>Einachsschlepper elektrisch Ferrestock</b> zum besten Preis.<br><br><ul><li>Merkmale: Verstellbarer Griff</li><li>Spannung: 21 V</li><li>Enthalten: Batterie</li></ul>",Pop Pulse Emporium,https://cdnbigbuy.com/images/8430025019732_S6504769_P00.jpg,https://cdnbigbuy.com/images/8430025019732_S6504769_P10.jpg,https://cdnbigbuy.com/images/8430025019732_S6504769_P80.jpg,https://cdnbigbuy.com/images/8430025019732_S6504769_P20.jpg,140.63,50,NEW,94.0,24.5,15.0,4.2,34545.0,EUR,2,8,3
S72125083,4894327173174,de-DE,Gardening & DIY,Brillenfassung Yohji Yamamoto YY3005 51902,"Wenn Sie auf der Suche nach trendigen Neuheiten auf dem Markt sind, präsentieren wir Ihnen <b>Brillenfassung Yohji Yamamoto YY3005 51902</b>!<br><br><","Wenn Sie auf der Suche nach trendigen Neuheiten auf dem Markt sind, präsentieren wir Ihnen <b>Brillenfassung Yohji Yamamoto YY3005 51902</b>!<br><br><ul><li>Merkmale: Gläser ohne Sehstärke</li><li>Art: Brillenfassung</li><li>Geschlecht: Herren</li></ul>",Pop Pulse Emporium,https://cdnbigbuy.com/images/4894327173174_S72125083_P00.jpg,https://cdnbigbuy.com/images/4894327173174_S72125083_P10.jpg,https://cdnbigbuy.com/images/4894327173174_S72125083_P20.jpg,,117.77,25,NEW,10.0,9.97,10.0,0.29,997.0,EUR,2,8,3
S7279345,8434103476219,de-DE,Gardening & DIY,Damenuhr Watx & Colors WAS4003,"Wenn Sie mit den neuesten Mode und Accessoire-Trends schritthalten wollen, kaufen Sie <b>Damenuhr Watx & Colors WAS4003</b> zum besten Preis.<br><br><","Wenn Sie mit den neuesten Mode und Accessoire-Trends schritthalten wollen, kaufen Sie <b>Damenuhr Watx & Colors WAS4003</b> zum besten Preis.<br><br><ul><li>Geschlecht: Damen</li><li>Extra Links: Kein</li><li>Typ der Uhr: Armbanduhr</li></ul>",Pop Pulse Emporium,https://cdnbigbuy.com/images/8434103476219_S7279345_P01.jpg,https://cdnbigbuy.com/images/78402_mandatory-watch1.jpg,,,110.19,2,NEW,39.0,19.0,10.0,0.4,7410.0,EUR,2,8,3
S0385072,0194900082157,de-DE,Gardening & DIY,Damen Handtasche Michael Kors 35T0STVL9L-PEARL-GREY Grau 42 x 30 x 15 cm,Sind Sie modebewusst und begeistern sich für Accessoires? Wir bieten Ihnen <b>Damen Handtasche Michael Kors 35T0STVL9L-PEARL-GREY Grau 42 x 30 x 15 cm,Sind Sie modebewusst und begeistern sich für Accessoires? Wir bieten Ihnen <b>Damen Handtasche Michael Kors 35T0STVL9L-PEARL-GREY Grau 42 x 30 x 15 cm</b> und ein breites Sortiment an modernen Handtaschen und Geldbeutel!<br><br><ul><li>Art: <ul><li>Handtasche</li><li>Damen Handtasche</li></ul></li><li>Geschlecht: Damen</li><li>Farbe: Grau</li><li>Material: Canvas-Stoff</li><li>Verschluss Armband: Reißverschluss</li><li>Enthalten: Enthält Markenetui oder -hülle</li><li>Maße ca.: 42 x 30 x 15 cm</,Pop Pulse Emporium,https://cdnbigbuy.com/images/0194900082157_S0385072_P00.jpg,https://cdnbigbuy.com/images/0194900082157_S0385072_P10.jpg,https://cdnbigbuy.com/images/0194900082157_S0385072_P20.jpg,,165.45,10,NEW,25.0,25.0,10.0,0.3,6250.0,EUR,2,8,3
S0392131,0197853118041,de-DE,Gardening & DIY,Handtasche Michael Kors Colby,"Wenn Sie auf der Suche nach trendigen Neuheiten auf dem Markt sind, präsentieren wir Ihnen <b>Handtasche Michael Kors Colby</b>!<br><br><ul><li>Farbe:","Wenn Sie auf der Suche nach trendigen Neuheiten auf dem Markt sind, präsentieren wir Ihnen <b>Handtasche Michael Kors Colby</b>!<br><br><ul><li>Farbe: Schwarz</li><li>Material: Canvas-Stoff</li><li>Verschluss Armband: Plattenspeicher</li><li>Enthalten: Enthält Markenetui oder -hülle</li><li>Maße ca.: 18 x 10 x 6 cm</li></ul>",Pop Pulse Emporium,https://cdnbigbuy.com/images/0197853118041_S0392131_P00.jpg,https://cdnbigbuy.com/images/0197853118041_S0392131_P10.jpg,https://cdnbigbuy.com/images/0197853118041_S0392131_P20.jpg,,141.12,2,NEW,10.0,10.0,10.0,0.3,1000.0,EUR,2,8,3
S91122663,4044155252569,de-DE,Gardening & DIY,Diadem-Kopfhörer Sennheiser IE 100 PRO CLEAR,"Wenn Sie auf der Suche nach trendigen Neuheiten auf dem Markt sind, präsentieren wir Ihnen <b>Diadem-Kopfhörer Sennheiser IE 100 PRO CLEAR</b>!<br><br","Wenn Sie auf der Suche nach trendigen Neuheiten auf dem Markt sind, präsentieren wir Ihnen <b>Diadem-Kopfhörer Sennheiser IE 100 PRO CLEAR</b>!<br><br><ul><li>Farbe: <ul><li>Schwarz</li><li>Durchsichtig</li></ul></li></ul>",Pop Pulse Emporium,https://cdnbigbuy.com/images/4044155252569_S91122663_P00.jpg,https://cdnbigbuy.com/images/4044155252569_S91122663_P10.jpg,https://cdnbigbuy.com/images/4044155252569_S91122663_P20.jpg,,134.78,2,NEW,13.0,3.5,22.5,0.14,1023.75,EUR,2,8,3
S72120492,0197737038014,de-DE,Gardening & DIY,Brillenfassung Love Moschino MOL639 54INA,"Wenn Sie auf der Suche nach trendigen Neuheiten auf dem Markt sind, präsentieren wir Ihnen <b>Brillenfassung Love Moschino MOL639 54INA</b>!<br><br><u","Wenn Sie auf der Suche nach trendigen Neuheiten auf dem Markt sind, präsentieren wir Ihnen <b>Brillenfassung Love Moschino MOL639 54INA</b>!<br><br><ul><li>Merkmale: Gläser ohne Sehstärke</li><li>Art: Brillenfassung</li><li>Geschlecht: Damen</li></ul>",Pop Pulse Emporium,https://cdnbigbuy.com/images/0197737038014_S72120492_P00.jpg,https://cdnbigbuy.com/images/0197737038014_S72120492_P20.jpg,https://cdnbigbuy.com/images/0197737038014_S72120492_P10.jpg,,122.22,2,NEW,8.25,9.94,12.12,0.24,993.9,EUR,2,8,3
S9195439,0817005024432,de-DE,Gardening & DIY,Drucker 3D 3Doodler Flow,"Wenn Sie sich leidenschaftlich mit <b>IT und Elektronik</b> beschäftigen, mit der Technologie auf dem neuesten Stand sein wollen und nicht einmal die ","Wenn Sie sich leidenschaftlich mit <b>IT und Elektronik</b> beschäftigen, mit der Technologie auf dem neuesten Stand sein wollen und nicht einmal die winzigsten Einzelheiten auslassen, kaufen Sie <b>Drucker 3D 3Doodler Flow</b>.<br><br><ul><li>Steckbares Produkt: Ja</li><li>Steckertyp: EU-Stecker</li><li>Farbe: Schwarz</li><li>Material: <ul><li>Metall</li><li>Kautschuk</li><li>Kunststoff</li></ul></li><li>Merkmale: <ul><li>Eingebaute Anzeige</li><li>Inklusive Installationsanleitung</li></ul></li",Pop Pulse Emporium,https://cdnbigbuy.com/images/0817005024432_S9195439_P00.jpg,https://cdnbigbuy.com/images/0817005024432_S9195439_P10.jpg,https://cdnbigbuy.com/images/0817005024432_S9195439_P20.jpg,https://cdnbigbuy.com/images/0817005024432_S9195439_P30.jpg,112.88,5,NEW,16.0,6.0,20.5,0.55,1968.0,EUR,2,8,3
S0354262,0091661507120,de-DE,Gardening & DIY,Herrenuhr Guess W1310G2 (Ø 44 mm),"Wenn Sie mit den neuesten Mode und Accessoire-Trends schritthalten wollen, kaufen Sie <b>Herrenuhr Guess W1310G2 (Ø 44 mm)</b> zum besten Preis.<br><b","Wenn Sie mit den neuesten Mode und Accessoire-Trends schritthalten wollen, kaufen Sie <b>Herrenuhr Guess W1310G2 (Ø 44 mm)</b> zum besten Preis.<br><br><ul><li>Geschlecht: Herren</li><li>Typ der Uhr: Armbanduhr</li><li>Extra Links: Kein</li><li>Material des Armbands: Edelstahl</li><li>Uhrengehäuse-Material: Edelstahl</li><li>Uhrwerk: Quarz</li><li>Kristall: Mineral</li><li>Enthalten: Enthält Markenetui oder -hülle</li><li>Verschluss Armband: Schließe</li><li>Farbe der Krone: Gold</li><li>Farbe d",Pop Pulse Emporium,https://cdnbigbuy.com/images/0091661507120_S0354262_P0-v_11.jpg,https://cdnbigbuy.com/images/50636_mandatory-watch1.jpg,,,129.89,1,NEW,10.0,10.0,10.0,0.3,1000.0,EUR,2,8,3
S4309172,8412688550142,de-DE,Gardening & DIY,Koffer für die Kabine Real Madrid C.F. Marineblau 24'' 40 x 63 x 26 cm,Sind Sie modebewusst und begeistern sich für Accessoires? Wir bieten Ihnen <b>Koffer für die Kabine Real Madrid C.F. Marineblau 24'' 40 x 63 x 26 cm</,Sind Sie modebewusst und begeistern sich für Accessoires? Wir bieten Ihnen <b>Koffer für die Kabine Real Madrid C.F. Marineblau 24'' 40 x 63 x 26 cm</b> und ein breites Sortiment an modernen Handtaschen und Geldbeutel!<br><br><ul><li>Art: <ul><li>Trolley</li><li>Umhängetasche</li><li>Koffer</li></ul></li><li>Material: <ul><li>Polycarbonat</li><li>ABS</li><li>Polyester 300D</li></ul></li><li>Farbe: Marineblau</li><li>Format: 24''</li><li>Merkmale: <ul><li>Mit oberem Griff</li><li>Elastisches Befe,Pop Pulse Emporium,https://cdnbigbuy.com/images/8412688550142_S4309172_P10.jpg,https://cdnbigbuy.com/images/8412688550142_S4309172_P20.jpg,https://cdnbigbuy.com/images/8412688550142_S4309172_P30.jpg,https://cdnbigbuy.com/images/8412688550142_S4309172_P40.jpg,106.22,50,NEW,3.0,40.0,63.0,3.4,7560.0,EUR,2,8,3
S71004596,3760093545754,de-DE,Gardening & DIY,Solarlampe Lumisky HOLIDAY,"<p>Wenn Sie Ihrem Zuhause einen Hauch von Originalität verleihen möchten, tun Sie dies mit <b>Solarlampe Lumisky HOLIDAY</b>.</p><br><br><ul><li>Art: ","<p>Wenn Sie Ihrem Zuhause einen Hauch von Originalität verleihen möchten, tun Sie dies mit <b>Solarlampe Lumisky HOLIDAY</b>.</p><br><br><ul><li>Art: Solarlampe</li><li>Energieklassifizierung: A+</li><li>Kappe: E27</li><li>Glühbirnen-Typ: LED</li><li>IP-Klassifizierung: IP44</li></ul>",Pop Pulse Emporium,https://cdnbigbuy.com/images/3760093545754_S71004596_P00.jpg,https://cdnbigbuy.com/images/3760093545754_S71004596_P50.jpg,https://cdnbigbuy.com/images/3760093545754_S71004596_P10.jpg,https://cdnbigbuy.com/images/3760093545754_S71004596_P20.jpg,139.61,1,NEW,47.0,30.0,30.0,2.0,42300.0,EUR,2,8,3
S7149257,3580796469566,de-DE,Gardening & DIY,"Selbstbewässernder Blumentopf Riviera Eva New Kunststoff karriert Rot (37 x 37 x 68,5 cm)","Wenn Sie bei der Einrichtung ihres Heims Wert auf Details legen und bei Produkten, die Ihnen das Leben leichter machen, auf dem letzten Stand sein möc","Wenn Sie bei der Einrichtung ihres Heims Wert auf Details legen und bei Produkten, die Ihnen das Leben leichter machen, auf dem letzten Stand sein möchten, dann kaufen Sie <b>Selbstbewässernder Blumentopf Riviera Eva New Kunststoff karriert Rot (37 x 37 x 68,5 cm)</b> zum besten Preis.<br><ul><li>Farbe: Rot</li><li>Kapazität: 69 L</li><li>Merkmale: Mit Wasserreservoir</li><li>Maße ca.: 37 x 37 x 68,5 cm</li><li>Form: karriert</li><li>Material: Kunststoff</li><li>Art: Selbstbewässernder Blumentop",Pop Pulse Emporium,https://cdnbigbuy.com/images/3580796469566_S7149257_P0_WBG1.jpg,,,,128.43,5,NEW,69.0,37.0,36.0,4.4,91908.0,EUR,2,8,3
S71015538,3384349150624,de-DE,Gardening & DIY,Kissen zum Stillen Béaba,"Wenn Sie auf der Suche nach trendigen Neuheiten auf dem Markt sind, präsentieren wir Ihnen <b>Kissen zum Stillen Béaba</b>!","Wenn Sie auf der Suche nach trendigen Neuheiten auf dem Markt sind, präsentieren wir Ihnen <b>Kissen zum Stillen Béaba</b>!",Pop Pulse Emporium,https://cdnbigbuy.com/images/3384349150624_S71015538_P00.jpg,https://cdnbigbuy.com/images/3384349150624_S71015538_P10.jpg,https://cdnbigbuy.com/images/3384349150624_S71015538_P20.jpg,https://cdnbigbuy.com/images/3384349150624_S71015538_P30.jpg,104.03,10,NEW,47.4,34.91,19.04,0.1,31506.14,EUR,2,8,3
S0407359,8413893010995,de-DE,Gardening & DIY,Küchenextraktor S&P CK50 120W,"Wenn du mit dem Gedanken spielst, deine Küche zu renovieren, kaufe <b>Küchenextraktor S&P CK50 120W</b> und andere <b>Produkte S&P</b>! Die beste Qual","Wenn du mit dem Gedanken spielst, deine Küche zu renovieren, kaufe <b>Küchenextraktor S&P CK50 120W</b> und andere <b>Produkte S&P</b>! Die beste Qualität zum günstigsten Preis liegt sofort in deiner Reichweite.<br><br><ul><li>Installationsart: Wandmontage</li><li>Spannung: 230 V</li><li>Steckbares Produkt: Ja</li><li>Steckertyp: EU-Stecker</li><li>Leistung: 120 W</li><li>Art: Küchenextraktor</li><li>Farbe: Weiß</li><li>Breite: 315</li><li>Geschwindigkeit: 1050 rpm</li><li>Material: Kunststoff</",Pop Pulse Emporium,https://cdnbigbuy.com/images/8413893010995_0_P03.jpg,,,,163.64,10,NEW,35.6,32.2,14.6,3.5,16736.27,EUR,2,8,3
S9113877,0810050282949,de-DE,Gardening & DIY,Massagevorrichtung Hyperice Venom Go,"Wenn Ihnen Ihre Gesundheit am Herzen liegt und Sie Produkte haben möchten, die <b> Schutz und Wellness</b> bieten, dann kaufen Sie <b> Massagevorricht","Wenn Ihnen Ihre Gesundheit am Herzen liegt und Sie Produkte haben möchten, die <b> Schutz und Wellness</b> bieten, dann kaufen Sie <b> Massagevorrichtung Hyperice Venom Go</b> und viele andere <b>Produkte von Hyperice</b> zu den besten Preisen!<br><br><ul><li>Farbe: Schwarz</li><li>Merkmale: <ul><li>Leicht zu reinigen</li><li>Einfach zu bedienen</li></ul></li><li>Konnektivität: Bluetooth</li></ul>",Pop Pulse Emporium,https://cdnbigbuy.com/images/0810050282949_R00.jpg,,,,185.56,8,NEW,7.0,10.5,15.0,0.43,1102.5,EUR,2,8,3
S72113970,4894816060619,de-DE,Gardening & DIY,Herrenuhr Police PEWJF2203307,"Wenn Sie auf der Suche nach trendigen Neuheiten auf dem Markt sind, präsentieren wir Ihnen <b>Herrenuhr Police PEWJF2203307</b>!<br><br><ul><li>Geschl","Wenn Sie auf der Suche nach trendigen Neuheiten auf dem Markt sind, präsentieren wir Ihnen <b>Herrenuhr Police PEWJF2203307</b>!<br><br><ul><li>Geschlecht: Herren</li><li>Extra Links: Kein</li><li>Typ der Uhr: Armbanduhr</li></ul>",Pop Pulse Emporium,https://cdnbigbuy.com/images/4894816060619_S72113970_P00.jpg,https://cdnbigbuy.com/images/112982_mandatory-watch0.jpg,,,104.13,5,NEW,14.15,12.43,10.11,0.3,1778.19,EUR,2,8,3
