ean;locale;title;description;short_description;category;manufacturer;picture;picture_2;picture_3;picture_4;condition;weight;length;width;height
8436603199957;de-AT;Paddelschläger Nox ML10 Quantum 3K Weiß Carbonfaser;Bleiben Sie in Form und entdecken Sie die neuesten Innovationen der Branche, um mit den besten Voraussetzungen Sport zu betreiben! Kaufen Sie <b>Paddelschläger Nox ML10 Quantum 3K Weiß Carbonfaser</b> zum besten Preis und genießen Sie ein gesundes Leben!<br><br><ul><li>Art: Paddelschläger</li><li>Farbe: <ul><li>Weiß</li><li>Schwarz</li></ul></li><li>Geschlecht: <ul><li>Unisex</li><li>Unisex-Erwachsene</li></ul></li><li>Empfohlenes Alter: Erwachsene</li><li>Größe: Einheitsgröße</li><li>Material: Carbonfaser</li><li>Ebenen: Fortgeschritten</li><li>Dicke: 38 mm</li><li>Sport: Paddel</li><li>Enthalten: Paddelschläger</li><li>Balance: Mittel</li></ul>;Bleiben Sie in Form und entdecken Sie die neuesten Innovationen der Branche, um mit den besten Voraussetzungen Sport zu betreiben! Kaufen Sie <b>Paddelschläger Nox ML10 Quantum 3K Weiß Carbonfaser</b> zum besten Preis und genießen Sie ein gesundes Leben!<br><br><ul><li>Art: Paddelschläger</li><li>Farbe: <ul><li>Weiß</li><li>Schwarz</li></ul></li><li>Geschlecht: <ul><li>Unisex</li><li>Unisex-Erwachsene</li></ul></li><li>Empfohlenes Alter: Erwachsene</li><li>Größe: Einheitsgröße</li><li>Material: ;Gardening & DIY;Pop Pulse Emporium;https://cdnbigbuy.com/images/8436603199957_S64194106_P00.jpg;https://cdnbigbuy.com/images/8436603199957_S64194106_P40.jpg;https://cdnbigbuy.com/images/8436603199957_S64194106_P50.jpg;https://cdnbigbuy.com/images/8436603199957_S64194106_P60.jpg;new;0.6;10.0;35.0;51.0
8436603199957;de-DE;Paddelschläger Nox ML10 Quantum 3K Weiß Carbonfaser;Bleiben Sie in Form und entdecken Sie die neuesten Innovationen der Branche, um mit den besten Voraussetzungen Sport zu betreiben! Kaufen Sie <b>Paddelschläger Nox ML10 Quantum 3K Weiß Carbonfaser</b> zum besten Preis und genießen Sie ein gesundes Leben!<br><br><ul><li>Art: Paddelschläger</li><li>Farbe: <ul><li>Weiß</li><li>Schwarz</li></ul></li><li>Geschlecht: <ul><li>Unisex</li><li>Unisex-Erwachsene</li></ul></li><li>Empfohlenes Alter: Erwachsene</li><li>Größe: Einheitsgröße</li><li>Material: Carbonfaser</li><li>Ebenen: Fortgeschritten</li><li>Dicke: 38 mm</li><li>Sport: Paddel</li><li>Enthalten: Paddelschläger</li><li>Balance: Mittel</li></ul>;Bleiben Sie in Form und entdecken Sie die neuesten Innovationen der Branche, um mit den besten Voraussetzungen Sport zu betreiben! Kaufen Sie <b>Paddelschläger Nox ML10 Quantum 3K Weiß Carbonfaser</b> zum besten Preis und genießen Sie ein gesundes Leben!<br><br><ul><li>Art: Paddelschläger</li><li>Farbe: <ul><li>Weiß</li><li>Schwarz</li></ul></li><li>Geschlecht: <ul><li>Unisex</li><li>Unisex-Erwachsene</li></ul></li><li>Empfohlenes Alter: Erwachsene</li><li>Größe: Einheitsgröße</li><li>Material: ;Gardening & DIY;Pop Pulse Emporium;https://cdnbigbuy.com/images/8436603199957_S64194106_P00.jpg;https://cdnbigbuy.com/images/8436603199957_S64194106_P40.jpg;https://cdnbigbuy.com/images/8436603199957_S64194106_P50.jpg;https://cdnbigbuy.com/images/8436603199957_S64194106_P60.jpg;new;0.6;10.0;35.0;51.0
8436603199957;sk-SK;Raketa na padel Nox ML10 Quantum 3K Biela Uhlíkové vlákno;Udržujte sa vo forme a objavte posledné novinky zo sveta športu s tými najväčšími zárukami! Nakúpte <b>Raketa na padel Nox ML10 Quantum 3K Biela Uhlíkové vlákno</b> za najlepšiu cenu a užívajte si zdravý život!<br><br><ul><li>Typ: Raketa na padel</li><li>Farba: <ul><li>Biela</li><li>Čierna</li></ul></li><li>Pohlavie: <ul><li>Unisex</li><li>Unisex dospelí</li></ul></li><li>Odporúčaný vek: Deti</li><li>Veľkosť: Jednotná veľkosť</li><li>Materiál: Uhlíkové vlákno</li><li>úrovne: Pokročilý</li><li>Hrúbka: 38 mm</li><li>Šport: Loptičky na padel</li><li>Obsahuje: Raketa na padel</li><li>Rovnováha: Stredné</li></ul>;Udržujte sa vo forme a objavte posledné novinky zo sveta športu s tými najväčšími zárukami! Nakúpte <b>Raketa na padel Nox ML10 Quantum 3K Biela Uhlíkové vlákno</b> za najlepšiu cenu a užívajte si zdravý život!<br><br><ul><li>Typ: Raketa na padel</li><li>Farba: <ul><li>Biela</li><li>Čierna</li></ul></li><li>Pohlavie: <ul><li>Unisex</li><li>Unisex dospelí</li></ul></li><li>Odporúčaný vek: Deti</li><li>Veľkosť: Jednotná veľkosť</li><li>Materiál: Uhlíkové vlákno</li><li>úrovne: Pokročilý</li><li>Hr;Gardening & DIY;Pop Pulse Emporium;https://cdnbigbuy.com/images/8436603199957_S64194106_P00.jpg;https://cdnbigbuy.com/images/8436603199957_S64194106_P40.jpg;https://cdnbigbuy.com/images/8436603199957_S64194106_P50.jpg;https://cdnbigbuy.com/images/8436603199957_S64194106_P60.jpg;new;0.6;10.0;35.0;51.0
8436603199957;pl-PL;Rakieta do Padla Nox ML10 Quantum 3K Biały Włókno węglowe;Utrzymaj kondycję i odkryj wszystkie nowości związane z uprawianiem sportu z najkorzystniejszymi warunkami! Kupuj <b>Rakieta do Padla Nox ML10 Quantum 3K Biały Włókno węglowe</b> o najkorzystniejszej cenie i ciesz się zdrowym życiem!<br><br><ul><li>Rodzaj: Rakieta do Padla</li><li>Kolor: <ul><li>Biały</li><li>Czarny</li></ul></li><li>Płeć: <ul><li>Unisex</li><li>Unisex dorośli</li></ul></li><li>Zalecany Wiek: Dorosłych</li><li>Rozmiar: Jeden rozmiar</li><li>Materiał: Włókno węglowe</li><li>Poziomy: Zaawansowany</li><li>Grubość: 38 mm</li><li>Sport: Piłki do Padla</li><li>Zawiera: Rakieta do Padla</li><li>Balans: średni</li></ul>;Utrzymaj kondycję i odkryj wszystkie nowości związane z uprawianiem sportu z najkorzystniejszymi warunkami! Kupuj <b>Rakieta do Padla Nox ML10 Quantum 3K Biały Włókno węglowe</b> o najkorzystniejszej cenie i ciesz się zdrowym życiem!<br><br><ul><li>Rodzaj: Rakieta do Padla</li><li>Kolor: <ul><li>Biały</li><li>Czarny</li></ul></li><li>Płeć: <ul><li>Unisex</li><li>Unisex dorośli</li></ul></li><li>Zalecany Wiek: Dorosłych</li><li>Rozmiar: Jeden rozmiar</li><li>Materiał: Włókno węglowe</li><li>Pozio;Gardening & DIY;Pop Pulse Emporium;https://cdnbigbuy.com/images/8436603199957_S64194106_P00.jpg;https://cdnbigbuy.com/images/8436603199957_S64194106_P40.jpg;https://cdnbigbuy.com/images/8436603199957_S64194106_P50.jpg;https://cdnbigbuy.com/images/8436603199957_S64194106_P60.jpg;new;0.6;10.0;35.0;51.0
8436603199957;cs-CZ;Raketa Padel Nox ML10 Quantum 3K Bílý Karbonové vlákno;Zůstaňte ve formě a objevujte poslední novinky ze sportovního světa s největšími zárukami! Nakupte <b>Raketa Padel Nox ML10 Quantum 3K Bílý Karbonové vlákno</b> za nejlepší cenu a užívejte si života plného zdraví!<br><br><ul><li>Typ: Raketa Padel</li><li>Barva: <ul><li>Bílý</li><li>Černý</li></ul></li><li>Pohlaví: <ul><li>Unisex</li><li>Unisex dospělí</li></ul></li><li>Doporučený věk: Dospělé</li><li>Velikost: Jednotná velikost</li><li>Materiál: Karbonové vlákno</li><li>úrovně: Pokročilý</li><li>Tloušťka: 38 mm</li><li>Sport: Padel</li><li>Obsahuje: Raketa Padel</li><li>Rovnováha: Střední</li></ul>;Zůstaňte ve formě a objevujte poslední novinky ze sportovního světa s největšími zárukami! Nakupte <b>Raketa Padel Nox ML10 Quantum 3K Bílý Karbonové vlákno</b> za nejlepší cenu a užívejte si života plného zdraví!<br><br><ul><li>Typ: Raketa Padel</li><li>Barva: <ul><li>Bílý</li><li>Černý</li></ul></li><li>Pohlaví: <ul><li>Unisex</li><li>Unisex dospělí</li></ul></li><li>Doporučený věk: Dospělé</li><li>Velikost: Jednotná velikost</li><li>Materiál: Karbonové vlákno</li><li>úrovně: Pokročilý</li><li;Gardening & DIY;Pop Pulse Emporium;https://cdnbigbuy.com/images/8436603199957_S64194106_P00.jpg;https://cdnbigbuy.com/images/8436603199957_S64194106_P40.jpg;https://cdnbigbuy.com/images/8436603199957_S64194106_P50.jpg;https://cdnbigbuy.com/images/8436603199957_S64194106_P60.jpg;new;0.6;10.0;35.0;51.0
4899888817345;de-AT;Table Klapptisch Aktive 63 X 42 X 56 CM (2 Stück);Wenn Sie auf der Suche nach trendigen Neuheiten auf dem Markt sind, präsentieren wir Ihnen <b>Table Klapptisch Aktive 63 X 42 X 56 CM (2 Stück)</b>!<br><br><ul><li>Art: Tisch</li><li>Merkmale: Biegsam</li><li>Material: Stahl</li><li>Stückzahl: 2 Stück</li><li>Maße ca.: 63 X 42 X 56 CM</li></ul>;Wenn Sie auf der Suche nach trendigen Neuheiten auf dem Markt sind, präsentieren wir Ihnen <b>Table Klapptisch Aktive 63 X 42 X 56 CM (2 Stück)</b>!<br><br><ul><li>Art: Tisch</li><li>Merkmale: Biegsam</li><li>Material: Stahl</li><li>Stückzahl: 2 Stück</li><li>Maße ca.: 63 X 42 X 56 CM</li></ul>;Gardening & DIY;Pop Pulse Emporium;https://cdnbigbuy.com/images/s8907005_p0_icon0.jpg;https://cdnbigbuy.com/images/S8907005_P30.jpg;https://cdnbigbuy.com/images/S8907005_P40.jpg;https://cdnbigbuy.com/images/S8907005_P00.jpg;new;4.82;15.0;23.5;65.0
4899888817345;de-DE;Table Klapptisch Aktive 63 X 42 X 56 CM (2 Stück);Wenn Sie auf der Suche nach trendigen Neuheiten auf dem Markt sind, präsentieren wir Ihnen <b>Table Klapptisch Aktive 63 X 42 X 56 CM (2 Stück)</b>!<br><br><ul><li>Art: Tisch</li><li>Merkmale: Biegsam</li><li>Material: Stahl</li><li>Stückzahl: 2 Stück</li><li>Maße ca.: 63 X 42 X 56 CM</li></ul>;Wenn Sie auf der Suche nach trendigen Neuheiten auf dem Markt sind, präsentieren wir Ihnen <b>Table Klapptisch Aktive 63 X 42 X 56 CM (2 Stück)</b>!<br><br><ul><li>Art: Tisch</li><li>Merkmale: Biegsam</li><li>Material: Stahl</li><li>Stückzahl: 2 Stück</li><li>Maße ca.: 63 X 42 X 56 CM</li></ul>;Gardening & DIY;Pop Pulse Emporium;https://cdnbigbuy.com/images/s8907005_p0_icon0.jpg;https://cdnbigbuy.com/images/S8907005_P30.jpg;https://cdnbigbuy.com/images/S8907005_P40.jpg;https://cdnbigbuy.com/images/S8907005_P00.jpg;new;4.82;15.0;23.5;65.0
4899888817345;sk-SK;Skladací Stolík Aktive 63 X 42 X 56 CM (2 kusov);Ak hľadáte nové trendy na trhu, predstavujeme <b>Skladací Stolík Aktive 63 X 42 X 56 CM (2 kusov)</b>!<br><br><ul><li>Typ: Stôl</li><li>Vlastnosti: Skladateľný</li><li>Materiál: Oceľ</li><li>Kusov: 2 kusov</li><li>Približné rozmery: 63 X 42 X 56 CM</li></ul>;Ak hľadáte nové trendy na trhu, predstavujeme <b>Skladací Stolík Aktive 63 X 42 X 56 CM (2 kusov)</b>!<br><br><ul><li>Typ: Stôl</li><li>Vlastnosti: Skladateľný</li><li>Materiál: Oceľ</li><li>Kusov: 2 kusov</li><li>Približné rozmery: 63 X 42 X 56 CM</li></ul>;Gardening & DIY;Pop Pulse Emporium;https://cdnbigbuy.com/images/s8907005_p0_icon0.jpg;https://cdnbigbuy.com/images/S8907005_P30.jpg;https://cdnbigbuy.com/images/S8907005_P40.jpg;https://cdnbigbuy.com/images/S8907005_P00.jpg;new;4.82;15.0;23.5;65.0
4899888817345;pl-PL;Składany stolik Aktive 63 X 42 X 56 CM (2 Sztuk);Jeśli szukasz trendów na rynku, prezentujemy <b>Składany stolik Aktive 63 X 42 X 56 CM (2 Sztuk)</b>!<br><br><ul><li>Rodzaj: Stolik</li><li>Właściwości: Składany</li><li>Materiał: Stal</li><li>Sztuk: 2 Sztuk</li><li>Wymiary ok.: 63 X 42 X 56 CM</li></ul>;Jeśli szukasz trendów na rynku, prezentujemy <b>Składany stolik Aktive 63 X 42 X 56 CM (2 Sztuk)</b>!<br><br><ul><li>Rodzaj: Stolik</li><li>Właściwości: Składany</li><li>Materiał: Stal</li><li>Sztuk: 2 Sztuk</li><li>Wymiary ok.: 63 X 42 X 56 CM</li></ul>;Gardening & DIY;Pop Pulse Emporium;https://cdnbigbuy.com/images/s8907005_p0_icon0.jpg;https://cdnbigbuy.com/images/S8907005_P30.jpg;https://cdnbigbuy.com/images/S8907005_P40.jpg;https://cdnbigbuy.com/images/S8907005_P00.jpg;new;4.82;15.0;23.5;65.0
4899888817345;cs-CZ;Skládací Stolek Aktive 63 X 42 X 56 CM (2 kusů);Pokud hledáte nejnovější trendy na trhu, máme tu čest vám představit <b>Skládací Stolek Aktive 63 X 42 X 56 CM (2 kusů)</b>!<br><br><ul><li>Typ: Stůl</li><li>Vlastnosti: Skládací</li><li>Materiál: Ocel</li><li>Kusů: 2 kusů</li><li>Přibližné rozměry: 63 X 42 X 56 CM</li></ul>;Pokud hledáte nejnovější trendy na trhu, máme tu čest vám představit <b>Skládací Stolek Aktive 63 X 42 X 56 CM (2 kusů)</b>!<br><br><ul><li>Typ: Stůl</li><li>Vlastnosti: Skládací</li><li>Materiál: Ocel</li><li>Kusů: 2 kusů</li><li>Přibližné rozměry: 63 X 42 X 56 CM</li></ul>;Gardening & DIY;Pop Pulse Emporium;https://cdnbigbuy.com/images/s8907005_p0_icon0.jpg;https://cdnbigbuy.com/images/S8907005_P30.jpg;https://cdnbigbuy.com/images/S8907005_P40.jpg;https://cdnbigbuy.com/images/S8907005_P00.jpg;new;4.82;15.0;23.5;65.0
4899888815471;de-AT;Wasserflasche Bewinner Bunt 1 L 7,8 x 28 cm (12 Stück);Wenn Sie auf der Suche nach trendigen Neuheiten auf dem Markt sind, präsentieren wir Ihnen <b>Wasserflasche Bewinner Bunt 1 L 7,8 x 28 cm (12 Stück)</b>!<br><br><ul><li>Art: Wasserflasche</li><li>Farbe: Bunt</li><li>Stückzahl: 12 Stück</li><li>Kapazität: 1 L</li><li>Maße ca.: 7,8 x 28 cm</li></ul><br><br>Wichtige informationen: Verschiedene Designs. Versand nach Zufallsprinzip und vom Bestand abhängig.;Wenn Sie auf der Suche nach trendigen Neuheiten auf dem Markt sind, präsentieren wir Ihnen <b>Wasserflasche Bewinner Bunt 1 L 7,8 x 28 cm (12 Stück)</b>!<br><br><ul><li>Art: Wasserflasche</li><li>Farbe: Bunt</li><li>Stückzahl: 12 Stück</li><li>Kapazität: 1 L</li><li>Maße ca.: 7,8 x 28 cm</li></ul><br><br>Wichtige informationen: Verschiedene Designs. Versand nach Zufallsprinzip und vom Bestand abhängig.;Gardening & DIY;Pop Pulse Emporium;https://cdnbigbuy.com/images/s2240442_p1_icon1.jpg;https://cdnbigbuy.com/images/S2240442_P31.jpg;https://cdnbigbuy.com/images/S2240442_P01.jpg;https://cdnbigbuy.com/images/S2240442_P11.jpg;new;2.42;34.4;26.5;31.3
4899888815471;de-DE;Wasserflasche Bewinner Bunt 1 L 7,8 x 28 cm (12 Stück);Wenn Sie auf der Suche nach trendigen Neuheiten auf dem Markt sind, präsentieren wir Ihnen <b>Wasserflasche Bewinner Bunt 1 L 7,8 x 28 cm (12 Stück)</b>!<br><br><ul><li>Art: Wasserflasche</li><li>Farbe: Bunt</li><li>Stückzahl: 12 Stück</li><li>Kapazität: 1 L</li><li>Maße ca.: 7,8 x 28 cm</li></ul><br><br>Wichtige informationen: Verschiedene Designs. Versand nach Zufallsprinzip und vom Bestand abhängig.;Wenn Sie auf der Suche nach trendigen Neuheiten auf dem Markt sind, präsentieren wir Ihnen <b>Wasserflasche Bewinner Bunt 1 L 7,8 x 28 cm (12 Stück)</b>!<br><br><ul><li>Art: Wasserflasche</li><li>Farbe: Bunt</li><li>Stückzahl: 12 Stück</li><li>Kapazität: 1 L</li><li>Maße ca.: 7,8 x 28 cm</li></ul><br><br>Wichtige informationen: Verschiedene Designs. Versand nach Zufallsprinzip und vom Bestand abhängig.;Gardening & DIY;Pop Pulse Emporium;https://cdnbigbuy.com/images/s2240442_p1_icon1.jpg;https://cdnbigbuy.com/images/S2240442_P31.jpg;https://cdnbigbuy.com/images/S2240442_P01.jpg;https://cdnbigbuy.com/images/S2240442_P11.jpg;new;2.42;34.4;26.5;31.3
4899888815471;sk-SK;fľaša na vodu Bewinner Viacfarebná 1 L 7,8 x 28 cm (12 kusov);Ak hľadáte nové trendy na trhu, predstavujeme <b>fľaša na vodu Bewinner Viacfarebná 1 L 7,8 x 28 cm (12 kusov)</b>!<br><br><ul><li>Typ: fľaša na vodu</li><li>Farba: Viacfarebná</li><li>Kusov: 12 kusov</li><li>Kapacita: 1 L</li><li>Približné rozmery: 7,8 x 28 cm</li></ul><br><br>Dôležité informácie: Z viac designov vyberáme náhodne podľa skladovej dostupnosti.;Ak hľadáte nové trendy na trhu, predstavujeme <b>fľaša na vodu Bewinner Viacfarebná 1 L 7,8 x 28 cm (12 kusov)</b>!<br><br><ul><li>Typ: fľaša na vodu</li><li>Farba: Viacfarebná</li><li>Kusov: 12 kusov</li><li>Kapacita: 1 L</li><li>Približné rozmery: 7,8 x 28 cm</li></ul><br><br>Dôležité informácie: Z viac designov vyberáme náhodne podľa skladovej dostupnosti.;Gardening & DIY;Pop Pulse Emporium;https://cdnbigbuy.com/images/s2240442_p1_icon1.jpg;https://cdnbigbuy.com/images/S2240442_P31.jpg;https://cdnbigbuy.com/images/S2240442_P01.jpg;https://cdnbigbuy.com/images/S2240442_P11.jpg;new;2.42;34.4;26.5;31.3
4899888815471;pl-PL;Butelka wody Bewinner Wielokolorowy 1 L 7,8 x 28 cm (12 Sztuk);Jeśli szukasz trendów na rynku, prezentujemy <b>Butelka wody Bewinner Wielokolorowy 1 L 7,8 x 28 cm (12 Sztuk)</b>!<br><br><ul><li>Rodzaj: Butelka wody</li><li>Kolor: Wielokolorowy</li><li>Sztuk: 12 Sztuk</li><li>Wydajność: 1 L</li><li>Wymiary ok.: 7,8 x 28 cm</li></ul><br><br>Ważne informacje: Różne wzory wysyłane losowo zgodnie ze stanem magazynu.;Jeśli szukasz trendów na rynku, prezentujemy <b>Butelka wody Bewinner Wielokolorowy 1 L 7,8 x 28 cm (12 Sztuk)</b>!<br><br><ul><li>Rodzaj: Butelka wody</li><li>Kolor: Wielokolorowy</li><li>Sztuk: 12 Sztuk</li><li>Wydajność: 1 L</li><li>Wymiary ok.: 7,8 x 28 cm</li></ul><br><br>Ważne informacje: Różne wzory wysyłane losowo zgodnie ze stanem magazynu.;Gardening & DIY;Pop Pulse Emporium;https://cdnbigbuy.com/images/s2240442_p1_icon1.jpg;https://cdnbigbuy.com/images/S2240442_P31.jpg;https://cdnbigbuy.com/images/S2240442_P01.jpg;https://cdnbigbuy.com/images/S2240442_P11.jpg;new;2.42;34.4;26.5;31.3
4899888815471;cs-CZ;Láhev na vodu Bewinner Vícebarevný 1 L 7,8 x 28 cm (12 kusů);Pokud hledáte nejnovější trendy na trhu, máme tu čest vám představit <b>Láhev na vodu Bewinner Vícebarevný 1 L 7,8 x 28 cm (12 kusů)</b>!<br><br><ul><li>Typ: Láhev na vodu</li><li>Barva: Vícebarevný</li><li>Kusů: 12 kusů</li><li>Kapacita: 1 L</li><li>Přibližné rozměry: 7,8 x 28 cm</li></ul><br><br>Důležité informace: Z více designů vybíráme náhodně podle skladové dostupnosti.;Pokud hledáte nejnovější trendy na trhu, máme tu čest vám představit <b>Láhev na vodu Bewinner Vícebarevný 1 L 7,8 x 28 cm (12 kusů)</b>!<br><br><ul><li>Typ: Láhev na vodu</li><li>Barva: Vícebarevný</li><li>Kusů: 12 kusů</li><li>Kapacita: 1 L</li><li>Přibližné rozměry: 7,8 x 28 cm</li></ul><br><br>Důležité informace: Z více designů vybíráme náhodně podle skladové dostupnosti.;Gardening & DIY;Pop Pulse Emporium;https://cdnbigbuy.com/images/s2240442_p1_icon1.jpg;https://cdnbigbuy.com/images/S2240442_P31.jpg;https://cdnbigbuy.com/images/S2240442_P01.jpg;https://cdnbigbuy.com/images/S2240442_P11.jpg;new;2.42;34.4;26.5;31.3
8436603199933;de-AT;Paddelschläger Nox AT10 Genius ATtack 12K Orange Carbonfaser Kohlenstoff EVA;Bleiben Sie in Form und entdecken Sie die neuesten Innovationen der Branche, um mit den besten Voraussetzungen Sport zu betreiben! Kaufen Sie <b>Paddelschläger Nox AT10 Genius ATtack 12K Orange Carbonfaser Kohlenstoff EVA</b> zum besten Preis und genießen Sie ein gesundes Leben!<br><br><ul><li>Art: Paddelschläger</li><li>Form: Diamant</li><li>Farbe: <ul><li>Orange</li><li>Schwarz</li></ul></li><li>Geschlecht: <ul><li>Unisex</li><li>Unisex-Erwachsene</li></ul></li><li>Empfohlenes Alter: Erwachsene</li><li>Größe: Einheitsgröße</li><li>Material: <ul><li>Carbonfaser</li><li>Kohlenstoff</li><li>EVA</li></ul></li><li>Ebenen: Fortgeschritten</li><li>Dicke: 38 mm</li><li>Sport: Paddel</li><li>Enthalten: Paddelschläger</li><li>Balance: groß</li></ul>;Bleiben Sie in Form und entdecken Sie die neuesten Innovationen der Branche, um mit den besten Voraussetzungen Sport zu betreiben! Kaufen Sie <b>Paddelschläger Nox AT10 Genius ATtack 12K Orange Carbonfaser Kohlenstoff EVA</b> zum besten Preis und genießen Sie ein gesundes Leben!<br><br><ul><li>Art: Paddelschläger</li><li>Form: Diamant</li><li>Farbe: <ul><li>Orange</li><li>Schwarz</li></ul></li><li>Geschlecht: <ul><li>Unisex</li><li>Unisex-Erwachsene</li></ul></li><li>Empfohlenes Alter: Erwachsen;Gardening & DIY;Pop Pulse Emporium;https://cdnbigbuy.com/images/8436603199933_S64194102_P00.jpg;https://cdnbigbuy.com/images/8436603199933_S64194102_P40.jpg;https://cdnbigbuy.com/images/8436603199933_S64194102_P50.jpg;https://cdnbigbuy.com/images/8436603199933_S64194102_P60.jpg;new;0.6;10.0;35.0;51.0
8436603199933;de-DE;Paddelschläger Nox AT10 Genius ATtack 12K Orange Carbonfaser Kohlenstoff EVA;Bleiben Sie in Form und entdecken Sie die neuesten Innovationen der Branche, um mit den besten Voraussetzungen Sport zu betreiben! Kaufen Sie <b>Paddelschläger Nox AT10 Genius ATtack 12K Orange Carbonfaser Kohlenstoff EVA</b> zum besten Preis und genießen Sie ein gesundes Leben!<br><br><ul><li>Art: Paddelschläger</li><li>Form: Diamant</li><li>Farbe: <ul><li>Orange</li><li>Schwarz</li></ul></li><li>Geschlecht: <ul><li>Unisex</li><li>Unisex-Erwachsene</li></ul></li><li>Empfohlenes Alter: Erwachsene</li><li>Größe: Einheitsgröße</li><li>Material: <ul><li>Carbonfaser</li><li>Kohlenstoff</li><li>EVA</li></ul></li><li>Ebenen: Fortgeschritten</li><li>Dicke: 38 mm</li><li>Sport: Paddel</li><li>Enthalten: Paddelschläger</li><li>Balance: groß</li></ul>;Bleiben Sie in Form und entdecken Sie die neuesten Innovationen der Branche, um mit den besten Voraussetzungen Sport zu betreiben! Kaufen Sie <b>Paddelschläger Nox AT10 Genius ATtack 12K Orange Carbonfaser Kohlenstoff EVA</b> zum besten Preis und genießen Sie ein gesundes Leben!<br><br><ul><li>Art: Paddelschläger</li><li>Form: Diamant</li><li>Farbe: <ul><li>Orange</li><li>Schwarz</li></ul></li><li>Geschlecht: <ul><li>Unisex</li><li>Unisex-Erwachsene</li></ul></li><li>Empfohlenes Alter: Erwachsen;Gardening & DIY;Pop Pulse Emporium;https://cdnbigbuy.com/images/8436603199933_S64194102_P00.jpg;https://cdnbigbuy.com/images/8436603199933_S64194102_P40.jpg;https://cdnbigbuy.com/images/8436603199933_S64194102_P50.jpg;https://cdnbigbuy.com/images/8436603199933_S64194102_P60.jpg;new;0.6;10.0;35.0;51.0
8436603199933;sk-SK;Raketa na padel Nox AT10 Genius ATtack 12K Oranžová Uhlíkové vlákno Uhlík EVA;Udržujte sa vo forme a objavte posledné novinky zo sveta športu s tými najväčšími zárukami! Nakúpte <b>Raketa na padel Nox AT10 Genius ATtack 12K Oranžová Uhlíkové vlákno Uhlík EVA</b> za najlepšiu cenu a užívajte si zdravý život!<br><br><ul><li>Typ: Raketa na padel</li><li>Tvar: Diamant</li><li>Farba: <ul><li>Oranžová</li><li>Čierna</li></ul></li><li>Pohlavie: <ul><li>Unisex</li><li>Unisex dospelí</li></ul></li><li>Odporúčaný vek: Deti</li><li>Veľkosť: Jednotná veľkosť</li><li>Materiál: <ul><li>Uhlíkové vlákno</li><li>Uhlík</li><li>EVA</li></ul></li><li>úrovne: Pokročilý</li><li>Hrúbka: 38 mm</li><li>Šport: Loptičky na padel</li><li>Obsahuje: Raketa na padel</li><li>Rovnováha: Vysoký</li></ul>;Udržujte sa vo forme a objavte posledné novinky zo sveta športu s tými najväčšími zárukami! Nakúpte <b>Raketa na padel Nox AT10 Genius ATtack 12K Oranžová Uhlíkové vlákno Uhlík EVA</b> za najlepšiu cenu a užívajte si zdravý život!<br><br><ul><li>Typ: Raketa na padel</li><li>Tvar: Diamant</li><li>Farba: <ul><li>Oranžová</li><li>Čierna</li></ul></li><li>Pohlavie: <ul><li>Unisex</li><li>Unisex dospelí</li></ul></li><li>Odporúčaný vek: Deti</li><li>Veľkosť: Jednotná veľkosť</li><li>Materiál: <ul><li;Gardening & DIY;Pop Pulse Emporium;https://cdnbigbuy.com/images/8436603199933_S64194102_P00.jpg;https://cdnbigbuy.com/images/8436603199933_S64194102_P40.jpg;https://cdnbigbuy.com/images/8436603199933_S64194102_P50.jpg;https://cdnbigbuy.com/images/8436603199933_S64194102_P60.jpg;new;0.6;10.0;35.0;51.0
8436603199933;pl-PL;Rakieta do Padla Nox AT10 Genius ATtack 12K Pomarańczowy Włókno węglowe Węgiel EVA;Utrzymaj kondycję i odkryj wszystkie nowości związane z uprawianiem sportu z najkorzystniejszymi warunkami! Kupuj <b>Rakieta do Padla Nox AT10 Genius ATtack 12K Pomarańczowy Włókno węglowe Węgiel EVA</b> o najkorzystniejszej cenie i ciesz się zdrowym życiem!<br><br><ul><li>Rodzaj: Rakieta do Padla</li><li>Kształt: Diament</li><li>Kolor: <ul><li>Pomarańczowy</li><li>Czarny</li></ul></li><li>Płeć: <ul><li>Unisex</li><li>Unisex dorośli</li></ul></li><li>Zalecany Wiek: Dorosłych</li><li>Rozmiar: Jeden rozmiar</li><li>Materiał: <ul><li>Włókno węglowe</li><li>Węgiel</li><li>EVA</li></ul></li><li>Poziomy: Zaawansowany</li><li>Grubość: 38 mm</li><li>Sport: Piłki do Padla</li><li>Zawiera: Rakieta do Padla</li><li>Balans: Wysoki</li></ul>;Utrzymaj kondycję i odkryj wszystkie nowości związane z uprawianiem sportu z najkorzystniejszymi warunkami! Kupuj <b>Rakieta do Padla Nox AT10 Genius ATtack 12K Pomarańczowy Włókno węglowe Węgiel EVA</b> o najkorzystniejszej cenie i ciesz się zdrowym życiem!<br><br><ul><li>Rodzaj: Rakieta do Padla</li><li>Kształt: Diament</li><li>Kolor: <ul><li>Pomarańczowy</li><li>Czarny</li></ul></li><li>Płeć: <ul><li>Unisex</li><li>Unisex dorośli</li></ul></li><li>Zalecany Wiek: Dorosłych</li><li>Rozmiar: Jed;Gardening & DIY;Pop Pulse Emporium;https://cdnbigbuy.com/images/8436603199933_S64194102_P00.jpg;https://cdnbigbuy.com/images/8436603199933_S64194102_P40.jpg;https://cdnbigbuy.com/images/8436603199933_S64194102_P50.jpg;https://cdnbigbuy.com/images/8436603199933_S64194102_P60.jpg;new;0.6;10.0;35.0;51.0
8436603199933;cs-CZ;Raketa Padel Nox AT10 Genius ATtack 12K Oranžový Karbonové vlákno Karbonová EVA;Zůstaňte ve formě a objevujte poslední novinky ze sportovního světa s největšími zárukami! Nakupte <b>Raketa Padel Nox AT10 Genius ATtack 12K Oranžový Karbonové vlákno Karbonová EVA</b> za nejlepší cenu a užívejte si života plného zdraví!<br><br><ul><li>Typ: Raketa Padel</li><li>Tvar: Diamant</li><li>Barva: <ul><li>Oranžový</li><li>Černý</li></ul></li><li>Pohlaví: <ul><li>Unisex</li><li>Unisex dospělí</li></ul></li><li>Doporučený věk: Dospělé</li><li>Velikost: Jednotná velikost</li><li>Materiál: <ul><li>Karbonové vlákno</li><li>Karbonová</li><li>EVA</li></ul></li><li>úrovně: Pokročilý</li><li>Tloušťka: 38 mm</li><li>Sport: Padel</li><li>Obsahuje: Raketa Padel</li><li>Rovnováha: Vysoký</li></ul>;Zůstaňte ve formě a objevujte poslední novinky ze sportovního světa s největšími zárukami! Nakupte <b>Raketa Padel Nox AT10 Genius ATtack 12K Oranžový Karbonové vlákno Karbonová EVA</b> za nejlepší cenu a užívejte si života plného zdraví!<br><br><ul><li>Typ: Raketa Padel</li><li>Tvar: Diamant</li><li>Barva: <ul><li>Oranžový</li><li>Černý</li></ul></li><li>Pohlaví: <ul><li>Unisex</li><li>Unisex dospělí</li></ul></li><li>Doporučený věk: Dospělé</li><li>Velikost: Jednotná velikost</li><li>Materiál:;Gardening & DIY;Pop Pulse Emporium;https://cdnbigbuy.com/images/8436603199933_S64194102_P00.jpg;https://cdnbigbuy.com/images/8436603199933_S64194102_P40.jpg;https://cdnbigbuy.com/images/8436603199933_S64194102_P50.jpg;https://cdnbigbuy.com/images/8436603199933_S64194102_P60.jpg;new;0.6;10.0;35.0;51.0
8445402131945;de-AT;Tennis Basisgriffband Bullpadel Hesacore Rosa;Bleiben Sie in Form und entdecken Sie die neuesten Innovationen der Branche, um mit den besten Voraussetzungen Sport zu betreiben! Kaufen Sie <b>Tennis Basisgriffband Bullpadel Hesacore Rosa</b> zum besten Preis und genießen Sie ein gesundes Leben!<br><br><ul><li>Sport: Tennis</li><li>Art: Tennis Basisgriffband</li><li>Farbe: Rosa</li><li>Geschlecht: Unisex</li><li>Empfohlenes Alter: Erwachsene</li></ul>;Bleiben Sie in Form und entdecken Sie die neuesten Innovationen der Branche, um mit den besten Voraussetzungen Sport zu betreiben! Kaufen Sie <b>Tennis Basisgriffband Bullpadel Hesacore Rosa</b> zum besten Preis und genießen Sie ein gesundes Leben!<br><br><ul><li>Sport: Tennis</li><li>Art: Tennis Basisgriffband</li><li>Farbe: Rosa</li><li>Geschlecht: Unisex</li><li>Empfohlenes Alter: Erwachsene</li></ul>;Gardening & DIY;Pop Pulse Emporium;https://cdnbigbuy.com/images/8445402131945_S64146290_P00.jpg;https://cdnbigbuy.com/images/8445402131945_S64146290_P20.jpg;;;new;0.13;7.3;13.3;10.0
8445402131945;de-DE;Tennis Basisgriffband Bullpadel Hesacore Rosa;Bleiben Sie in Form und entdecken Sie die neuesten Innovationen der Branche, um mit den besten Voraussetzungen Sport zu betreiben! Kaufen Sie <b>Tennis Basisgriffband Bullpadel Hesacore Rosa</b> zum besten Preis und genießen Sie ein gesundes Leben!<br><br><ul><li>Sport: Tennis</li><li>Art: Tennis Basisgriffband</li><li>Farbe: Rosa</li><li>Geschlecht: Unisex</li><li>Empfohlenes Alter: Erwachsene</li></ul>;Bleiben Sie in Form und entdecken Sie die neuesten Innovationen der Branche, um mit den besten Voraussetzungen Sport zu betreiben! Kaufen Sie <b>Tennis Basisgriffband Bullpadel Hesacore Rosa</b> zum besten Preis und genießen Sie ein gesundes Leben!<br><br><ul><li>Sport: Tennis</li><li>Art: Tennis Basisgriffband</li><li>Farbe: Rosa</li><li>Geschlecht: Unisex</li><li>Empfohlenes Alter: Erwachsene</li></ul>;Gardening & DIY;Pop Pulse Emporium;https://cdnbigbuy.com/images/8445402131945_S64146290_P00.jpg;https://cdnbigbuy.com/images/8445402131945_S64146290_P20.jpg;;;new;0.13;7.3;13.3;10.0
8445402131945;sk-SK;Tenisový grip Bullpadel Hesacore Rosa;Udržujte sa vo forme a objavte posledné novinky zo sveta športu s tými najväčšími zárukami! Nakúpte <b>Tenisový grip Bullpadel Hesacore Rosa</b> za najlepšiu cenu a užívajte si zdravý život!<br><br><ul><li>Šport: Tenis</li><li>Typ: Tenisový grip</li><li>Farba: Ružová</li><li>Pohlavie: Unisex</li><li>Odporúčaný vek: Deti</li></ul>;Udržujte sa vo forme a objavte posledné novinky zo sveta športu s tými najväčšími zárukami! Nakúpte <b>Tenisový grip Bullpadel Hesacore Rosa</b> za najlepšiu cenu a užívajte si zdravý život!<br><br><ul><li>Šport: Tenis</li><li>Typ: Tenisový grip</li><li>Farba: Ružová</li><li>Pohlavie: Unisex</li><li>Odporúčaný vek: Deti</li></ul>;Gardening & DIY;Pop Pulse Emporium;https://cdnbigbuy.com/images/8445402131945_S64146290_P00.jpg;https://cdnbigbuy.com/images/8445402131945_S64146290_P20.jpg;;;new;0.13;7.3;13.3;10.0
8445402131945;pl-PL;Taśma na rakiętę do tenisa Bullpadel Hesacore Rosa;Utrzymaj kondycję i odkryj wszystkie nowości związane z uprawianiem sportu z najkorzystniejszymi warunkami! Kupuj <b>Taśma na rakiętę do tenisa Bullpadel Hesacore Rosa</b> o najkorzystniejszej cenie i ciesz się zdrowym życiem!<br><br><ul><li>Sport: Tenis</li><li>Rodzaj: Taśma na rakiętę do tenisa</li><li>Kolor: Różowy</li><li>Płeć: Unisex</li><li>Zalecany Wiek: Dorosłych</li></ul>;Utrzymaj kondycję i odkryj wszystkie nowości związane z uprawianiem sportu z najkorzystniejszymi warunkami! Kupuj <b>Taśma na rakiętę do tenisa Bullpadel Hesacore Rosa</b> o najkorzystniejszej cenie i ciesz się zdrowym życiem!<br><br><ul><li>Sport: Tenis</li><li>Rodzaj: Taśma na rakiętę do tenisa</li><li>Kolor: Różowy</li><li>Płeć: Unisex</li><li>Zalecany Wiek: Dorosłych</li></ul>;Gardening & DIY;Pop Pulse Emporium;https://cdnbigbuy.com/images/8445402131945_S64146290_P00.jpg;https://cdnbigbuy.com/images/8445402131945_S64146290_P20.jpg;;;new;0.13;7.3;13.3;10.0
8445402131945;cs-CZ;Tenisový grip Bullpadel Hesacore Rosa;Zůstaňte ve formě a objevujte poslední novinky ze sportovního světa s největšími zárukami! Nakupte <b>Tenisový grip Bullpadel Hesacore Rosa</b> za nejlepší cenu a užívejte si života plného zdraví!<br><br><ul><li>Sport: Tenis</li><li>Typ: Tenisový grip</li><li>Barva: Růžový</li><li>Pohlaví: Unisex</li><li>Doporučený věk: Dospělé</li></ul>;Zůstaňte ve formě a objevujte poslední novinky ze sportovního světa s největšími zárukami! Nakupte <b>Tenisový grip Bullpadel Hesacore Rosa</b> za nejlepší cenu a užívejte si života plného zdraví!<br><br><ul><li>Sport: Tenis</li><li>Typ: Tenisový grip</li><li>Barva: Růžový</li><li>Pohlaví: Unisex</li><li>Doporučený věk: Dospělé</li></ul>;Gardening & DIY;Pop Pulse Emporium;https://cdnbigbuy.com/images/8445402131945_S64146290_P00.jpg;https://cdnbigbuy.com/images/8445402131945_S64146290_P20.jpg;;;new;0.13;7.3;13.3;10.0
8720388645885;de-AT;Frottéhandtuch mit Kapuze O'Neill Jack'S Blau;Bleiben Sie in Form und entdecken Sie die neuesten Innovationen der Branche, um mit den besten Voraussetzungen Sport zu betreiben! Kaufen Sie <b>Frottéhandtuch mit Kapuze O'Neill Jack'S Blau</b> zum besten Preis und genießen Sie ein gesundes Leben!<br><br><ul><li>Farbe: Blau</li><li>Geschlecht: Herren</li><li>Empfohlenes Alter: Erwachsene</li><li>Größe: Einheitsgröße</li></ul>;Bleiben Sie in Form und entdecken Sie die neuesten Innovationen der Branche, um mit den besten Voraussetzungen Sport zu betreiben! Kaufen Sie <b>Frottéhandtuch mit Kapuze O'Neill Jack'S Blau</b> zum besten Preis und genießen Sie ein gesundes Leben!<br><br><ul><li>Farbe: Blau</li><li>Geschlecht: Herren</li><li>Empfohlenes Alter: Erwachsene</li><li>Größe: Einheitsgröße</li></ul>;Gardening & DIY;Pop Pulse Emporium;https://cdnbigbuy.com/images/8720388645885_S64190190_P00.jpg;https://cdnbigbuy.com/images/8720388645885_S64190190_P20.jpg;;;new;0.41;23.5;27.8;6.4
8720388645885;de-DE;Frottéhandtuch mit Kapuze O'Neill Jack'S Blau;Bleiben Sie in Form und entdecken Sie die neuesten Innovationen der Branche, um mit den besten Voraussetzungen Sport zu betreiben! Kaufen Sie <b>Frottéhandtuch mit Kapuze O'Neill Jack'S Blau</b> zum besten Preis und genießen Sie ein gesundes Leben!<br><br><ul><li>Farbe: Blau</li><li>Geschlecht: Herren</li><li>Empfohlenes Alter: Erwachsene</li><li>Größe: Einheitsgröße</li></ul>;Bleiben Sie in Form und entdecken Sie die neuesten Innovationen der Branche, um mit den besten Voraussetzungen Sport zu betreiben! Kaufen Sie <b>Frottéhandtuch mit Kapuze O'Neill Jack'S Blau</b> zum besten Preis und genießen Sie ein gesundes Leben!<br><br><ul><li>Farbe: Blau</li><li>Geschlecht: Herren</li><li>Empfohlenes Alter: Erwachsene</li><li>Größe: Einheitsgröße</li></ul>;Gardening & DIY;Pop Pulse Emporium;https://cdnbigbuy.com/images/8720388645885_S64190190_P00.jpg;https://cdnbigbuy.com/images/8720388645885_S64190190_P20.jpg;;;new;0.41;23.5;27.8;6.4
8720388645885;sk-SK;Poncho-Uterák s kapucňou O'Neill Jack'S Modrá;Udržujte sa vo forme a objavte posledné novinky zo sveta športu s tými najväčšími zárukami! Nakúpte <b>Poncho-Uterák s kapucňou O'Neill Jack'S Modrá</b> za najlepšiu cenu a užívajte si zdravý život!<br><br><ul><li>Farba: Modrá</li><li>Pohlavie: Muž</li><li>Odporúčaný vek: Deti</li><li>Veľkosť: Jednotná veľkosť</li></ul>;Udržujte sa vo forme a objavte posledné novinky zo sveta športu s tými najväčšími zárukami! Nakúpte <b>Poncho-Uterák s kapucňou O'Neill Jack'S Modrá</b> za najlepšiu cenu a užívajte si zdravý život!<br><br><ul><li>Farba: Modrá</li><li>Pohlavie: Muž</li><li>Odporúčaný vek: Deti</li><li>Veľkosť: Jednotná veľkosť</li></ul>;Gardening & DIY;Pop Pulse Emporium;https://cdnbigbuy.com/images/8720388645885_S64190190_P00.jpg;https://cdnbigbuy.com/images/8720388645885_S64190190_P20.jpg;;;new;0.41;23.5;27.8;6.4
8720388645885;pl-PL;Ręcznik-poncho z kapturem O'Neill Jack'S Niebieski;Utrzymaj kondycję i odkryj wszystkie nowości związane z uprawianiem sportu z najkorzystniejszymi warunkami! Kupuj <b>Ręcznik-poncho z kapturem O'Neill Jack'S Niebieski</b> o najkorzystniejszej cenie i ciesz się zdrowym życiem!<br><br><ul><li>Kolor: Niebieski</li><li>Płeć: Mężczyzna</li><li>Zalecany Wiek: Dorosłych</li><li>Rozmiar: Jeden rozmiar</li></ul>;Utrzymaj kondycję i odkryj wszystkie nowości związane z uprawianiem sportu z najkorzystniejszymi warunkami! Kupuj <b>Ręcznik-poncho z kapturem O'Neill Jack'S Niebieski</b> o najkorzystniejszej cenie i ciesz się zdrowym życiem!<br><br><ul><li>Kolor: Niebieski</li><li>Płeć: Mężczyzna</li><li>Zalecany Wiek: Dorosłych</li><li>Rozmiar: Jeden rozmiar</li></ul>;Gardening & DIY;Pop Pulse Emporium;https://cdnbigbuy.com/images/8720388645885_S64190190_P00.jpg;https://cdnbigbuy.com/images/8720388645885_S64190190_P20.jpg;;;new;0.41;23.5;27.8;6.4
8720388645885;cs-CZ;Poncho-Ručník s kapucí O'Neill Jack'S Modrý;Zůstaňte ve formě a objevujte poslední novinky ze sportovního světa s největšími zárukami! Nakupte <b>Poncho-Ručník s kapucí O'Neill Jack'S Modrý</b> za nejlepší cenu a užívejte si života plného zdraví!<br><br><ul><li>Barva: Modrý</li><li>Pohlaví: Pánský</li><li>Doporučený věk: Dospělé</li><li>Velikost: Jednotná velikost</li></ul>;Zůstaňte ve formě a objevujte poslední novinky ze sportovního světa s největšími zárukami! Nakupte <b>Poncho-Ručník s kapucí O'Neill Jack'S Modrý</b> za nejlepší cenu a užívejte si života plného zdraví!<br><br><ul><li>Barva: Modrý</li><li>Pohlaví: Pánský</li><li>Doporučený věk: Dospělé</li><li>Velikost: Jednotná velikost</li></ul>;Gardening & DIY;Pop Pulse Emporium;https://cdnbigbuy.com/images/8720388645885_S64190190_P00.jpg;https://cdnbigbuy.com/images/8720388645885_S64190190_P20.jpg;;;new;0.41;23.5;27.8;6.4
8445484567892;de-AT;Sweatshirt mit Kapuze für Mädchen Real Madrid C.F. Blau;Bleiben Sie in Form und entdecken Sie die neuesten Innovationen der Branche, um mit den besten Voraussetzungen Sport zu betreiben! Kaufen Sie <b>Sweatshirt mit Kapuze für Mädchen Real Madrid C.F. Blau</b> zum besten Preis und genießen Sie ein gesundes Leben!<br><br><ul><li>Art: Kinder-Sweatshirt</li><li>Farbe: Blau</li><li>Merkmale: In der Maschine waschbar</li></ul>;Bleiben Sie in Form und entdecken Sie die neuesten Innovationen der Branche, um mit den besten Voraussetzungen Sport zu betreiben! Kaufen Sie <b>Sweatshirt mit Kapuze für Mädchen Real Madrid C.F. Blau</b> zum besten Preis und genießen Sie ein gesundes Leben!<br><br><ul><li>Art: Kinder-Sweatshirt</li><li>Farbe: Blau</li><li>Merkmale: In der Maschine waschbar</li></ul>;Gardening & DIY;Pop Pulse Emporium;https://cdnbigbuy.com/images/8445484567892_S0744446_P00.jpg;https://cdnbigbuy.com/images/8445484567892_S0744446_P70.jpg;https://cdnbigbuy.com/images/8445484567892_S0744446_P30.jpg;https://cdnbigbuy.com/images/8445484567892_S2460292_P20.jpg;new;0.3;2.0;40.5;50.5
8445484567892;de-DE;Sweatshirt mit Kapuze für Mädchen Real Madrid C.F. Blau;Bleiben Sie in Form und entdecken Sie die neuesten Innovationen der Branche, um mit den besten Voraussetzungen Sport zu betreiben! Kaufen Sie <b>Sweatshirt mit Kapuze für Mädchen Real Madrid C.F. Blau</b> zum besten Preis und genießen Sie ein gesundes Leben!<br><br><ul><li>Art: Kinder-Sweatshirt</li><li>Farbe: Blau</li><li>Merkmale: In der Maschine waschbar</li></ul>;Bleiben Sie in Form und entdecken Sie die neuesten Innovationen der Branche, um mit den besten Voraussetzungen Sport zu betreiben! Kaufen Sie <b>Sweatshirt mit Kapuze für Mädchen Real Madrid C.F. Blau</b> zum besten Preis und genießen Sie ein gesundes Leben!<br><br><ul><li>Art: Kinder-Sweatshirt</li><li>Farbe: Blau</li><li>Merkmale: In der Maschine waschbar</li></ul>;Gardening & DIY;Pop Pulse Emporium;https://cdnbigbuy.com/images/8445484567892_S0744446_P00.jpg;https://cdnbigbuy.com/images/8445484567892_S0744446_P70.jpg;https://cdnbigbuy.com/images/8445484567892_S0744446_P30.jpg;https://cdnbigbuy.com/images/8445484567892_S2460292_P20.jpg;new;0.3;2.0;40.5;50.5
8445484567892;sk-SK;Dievčenská mikina s kapucňou Real Madrid C.F. Modrá;Udržujte sa vo forme a objavte posledné novinky zo sveta športu s tými najväčšími zárukami! Nakúpte <b>Dievčenská mikina s kapucňou Real Madrid C.F. Modrá</b> za najlepšiu cenu a užívajte si zdravý život!<br><br><ul><li>Typ: Detská mikina</li><li>Farba: Modrá</li><li>Vlastnosti: Možno prať v práčke</li></ul>;Udržujte sa vo forme a objavte posledné novinky zo sveta športu s tými najväčšími zárukami! Nakúpte <b>Dievčenská mikina s kapucňou Real Madrid C.F. Modrá</b> za najlepšiu cenu a užívajte si zdravý život!<br><br><ul><li>Typ: Detská mikina</li><li>Farba: Modrá</li><li>Vlastnosti: Možno prať v práčke</li></ul>;Gardening & DIY;Pop Pulse Emporium;https://cdnbigbuy.com/images/8445484567892_S0744446_P00.jpg;https://cdnbigbuy.com/images/8445484567892_S0744446_P70.jpg;https://cdnbigbuy.com/images/8445484567892_S0744446_P30.jpg;https://cdnbigbuy.com/images/8445484567892_S2460292_P20.jpg;new;0.3;2.0;40.5;50.5
8445484567892;pl-PL;Bluza z Kapturem dla Dziewczynki Real Madrid C.F. Niebieski;Utrzymaj kondycję i odkryj wszystkie nowości związane z uprawianiem sportu z najkorzystniejszymi warunkami! Kupuj <b>Bluza z Kapturem dla Dziewczynki Real Madrid C.F. Niebieski</b> o najkorzystniejszej cenie i ciesz się zdrowym życiem!<br><br><ul><li>Rodzaj: Bluza dziecięca</li><li>Kolor: Niebieski</li><li>Właściwości: Można prać w pralce</li></ul>;Utrzymaj kondycję i odkryj wszystkie nowości związane z uprawianiem sportu z najkorzystniejszymi warunkami! Kupuj <b>Bluza z Kapturem dla Dziewczynki Real Madrid C.F. Niebieski</b> o najkorzystniejszej cenie i ciesz się zdrowym życiem!<br><br><ul><li>Rodzaj: Bluza dziecięca</li><li>Kolor: Niebieski</li><li>Właściwości: Można prać w pralce</li></ul>;Gardening & DIY;Pop Pulse Emporium;https://cdnbigbuy.com/images/8445484567892_S0744446_P00.jpg;https://cdnbigbuy.com/images/8445484567892_S0744446_P70.jpg;https://cdnbigbuy.com/images/8445484567892_S0744446_P30.jpg;https://cdnbigbuy.com/images/8445484567892_S2460292_P20.jpg;new;0.3;2.0;40.5;50.5
8445484567892;cs-CZ;Dívčí mikina s kapucí Real Madrid C.F. Modrý;Zůstaňte ve formě a objevujte poslední novinky ze sportovního světa s největšími zárukami! Nakupte <b>Dívčí mikina s kapucí Real Madrid C.F. Modrý</b> za nejlepší cenu a užívejte si života plného zdraví!<br><br><ul><li>Typ: Dětská mikina</li><li>Barva: Modrý</li><li>Vlastnosti: Pratelný v pračce</li></ul>;Zůstaňte ve formě a objevujte poslední novinky ze sportovního světa s největšími zárukami! Nakupte <b>Dívčí mikina s kapucí Real Madrid C.F. Modrý</b> za nejlepší cenu a užívejte si života plného zdraví!<br><br><ul><li>Typ: Dětská mikina</li><li>Barva: Modrý</li><li>Vlastnosti: Pratelný v pračce</li></ul>;Gardening & DIY;Pop Pulse Emporium;https://cdnbigbuy.com/images/8445484567892_S0744446_P00.jpg;https://cdnbigbuy.com/images/8445484567892_S0744446_P70.jpg;https://cdnbigbuy.com/images/8445484567892_S0744446_P30.jpg;https://cdnbigbuy.com/images/8445484567892_S2460292_P20.jpg;new;0.3;2.0;40.5;50.5
8436612940540;de-AT;Paddelschläger Starvie Astrum Schwarz Kohlenstoff Moosgummi;Bleiben Sie in Form und entdecken Sie die neuesten Innovationen der Branche, um mit den besten Voraussetzungen Sport zu betreiben! Kaufen Sie <b>Paddelschläger Starvie Astrum Schwarz Kohlenstoff Moosgummi</b> zum besten Preis und genießen Sie ein gesundes Leben!<br><br><ul><li>Art: Paddelschläger</li><li>Farbe: Schwarz</li><li>Geschlecht: Unisex</li><li>Empfohlenes Alter: Erwachsene</li><li>Größe: Einheitsgröße</li><li>Material: <ul><li>Kohlenstoff</li><li>Moosgummi</li></ul></li><li>Ebenen: <ul><li>Mittleres Niveau</li><li>Fortgeschritten</li><li>Anfänger</li></ul></li><li>Sport: Paddel</li><li>Balance: Mittel</li></ul>;Bleiben Sie in Form und entdecken Sie die neuesten Innovationen der Branche, um mit den besten Voraussetzungen Sport zu betreiben! Kaufen Sie <b>Paddelschläger Starvie Astrum Schwarz Kohlenstoff Moosgummi</b> zum besten Preis und genießen Sie ein gesundes Leben!<br><br><ul><li>Art: Paddelschläger</li><li>Farbe: Schwarz</li><li>Geschlecht: Unisex</li><li>Empfohlenes Alter: Erwachsene</li><li>Größe: Einheitsgröße</li><li>Material: <ul><li>Kohlenstoff</li><li>Moosgummi</li></ul></li><li>Ebenen: <ul;Gardening & DIY;Pop Pulse Emporium;https://cdnbigbuy.com/images/8436612940540_S64194097_P00.jpg;https://cdnbigbuy.com/images/8436612940540_S64194097_P30.jpg;https://cdnbigbuy.com/images/8436612940540_S64194097_P20.jpg;;new;0.6;10.0;35.0;51.0
8436612940540;de-DE;Paddelschläger Starvie Astrum Schwarz Kohlenstoff Moosgummi;Bleiben Sie in Form und entdecken Sie die neuesten Innovationen der Branche, um mit den besten Voraussetzungen Sport zu betreiben! Kaufen Sie <b>Paddelschläger Starvie Astrum Schwarz Kohlenstoff Moosgummi</b> zum besten Preis und genießen Sie ein gesundes Leben!<br><br><ul><li>Art: Paddelschläger</li><li>Farbe: Schwarz</li><li>Geschlecht: Unisex</li><li>Empfohlenes Alter: Erwachsene</li><li>Größe: Einheitsgröße</li><li>Material: <ul><li>Kohlenstoff</li><li>Moosgummi</li></ul></li><li>Ebenen: <ul><li>Mittleres Niveau</li><li>Fortgeschritten</li><li>Anfänger</li></ul></li><li>Sport: Paddel</li><li>Balance: Mittel</li></ul>;Bleiben Sie in Form und entdecken Sie die neuesten Innovationen der Branche, um mit den besten Voraussetzungen Sport zu betreiben! Kaufen Sie <b>Paddelschläger Starvie Astrum Schwarz Kohlenstoff Moosgummi</b> zum besten Preis und genießen Sie ein gesundes Leben!<br><br><ul><li>Art: Paddelschläger</li><li>Farbe: Schwarz</li><li>Geschlecht: Unisex</li><li>Empfohlenes Alter: Erwachsene</li><li>Größe: Einheitsgröße</li><li>Material: <ul><li>Kohlenstoff</li><li>Moosgummi</li></ul></li><li>Ebenen: <ul;Gardening & DIY;Pop Pulse Emporium;https://cdnbigbuy.com/images/8436612940540_S64194097_P00.jpg;https://cdnbigbuy.com/images/8436612940540_S64194097_P30.jpg;https://cdnbigbuy.com/images/8436612940540_S64194097_P20.jpg;;new;0.6;10.0;35.0;51.0
8436612940540;sk-SK;Raketa na padel Starvie Astrum Čierna Uhlík Guma;Udržujte sa vo forme a objavte posledné novinky zo sveta športu s tými najväčšími zárukami! Nakúpte <b>Raketa na padel Starvie Astrum Čierna Uhlík Guma</b> za najlepšiu cenu a užívajte si zdravý život!<br><br><ul><li>Typ: Raketa na padel</li><li>Farba: Čierna</li><li>Pohlavie: Unisex</li><li>Odporúčaný vek: Deti</li><li>Veľkosť: Jednotná veľkosť</li><li>Materiál: <ul><li>Uhlík</li><li>Guma</li></ul></li><li>úrovne: <ul><li>Stredný pokročilý</li><li>Pokročilý</li><li>Začiatočník</li></ul></li><li>Šport: Loptičky na padel</li><li>Rovnováha: Stredné</li></ul>;Udržujte sa vo forme a objavte posledné novinky zo sveta športu s tými najväčšími zárukami! Nakúpte <b>Raketa na padel Starvie Astrum Čierna Uhlík Guma</b> za najlepšiu cenu a užívajte si zdravý život!<br><br><ul><li>Typ: Raketa na padel</li><li>Farba: Čierna</li><li>Pohlavie: Unisex</li><li>Odporúčaný vek: Deti</li><li>Veľkosť: Jednotná veľkosť</li><li>Materiál: <ul><li>Uhlík</li><li>Guma</li></ul></li><li>úrovne: <ul><li>Stredný pokročilý</li><li>Pokročilý</li><li>Začiatočník</li></ul></li><li;Gardening & DIY;Pop Pulse Emporium;https://cdnbigbuy.com/images/8436612940540_S64194097_P00.jpg;https://cdnbigbuy.com/images/8436612940540_S64194097_P30.jpg;https://cdnbigbuy.com/images/8436612940540_S64194097_P20.jpg;;new;0.6;10.0;35.0;51.0
8436612940540;pl-PL;Rakieta do Padla Starvie Astrum Czarny Węgiel Miękka Pianka EVA;Utrzymaj kondycję i odkryj wszystkie nowości związane z uprawianiem sportu z najkorzystniejszymi warunkami! Kupuj <b>Rakieta do Padla Starvie Astrum Czarny Węgiel Miękka Pianka EVA</b> o najkorzystniejszej cenie i ciesz się zdrowym życiem!<br><br><ul><li>Rodzaj: Rakieta do Padla</li><li>Kolor: Czarny</li><li>Płeć: Unisex</li><li>Zalecany Wiek: Dorosłych</li><li>Rozmiar: Jeden rozmiar</li><li>Materiał: <ul><li>Węgiel</li><li>Miękka Pianka EVA</li></ul></li><li>Poziomy: <ul><li>Średnio zaawansowany</li><li>Zaawansowany</li><li>Początkujący</li></ul></li><li>Sport: Piłki do Padla</li><li>Balans: średni</li></ul>;Utrzymaj kondycję i odkryj wszystkie nowości związane z uprawianiem sportu z najkorzystniejszymi warunkami! Kupuj <b>Rakieta do Padla Starvie Astrum Czarny Węgiel Miękka Pianka EVA</b> o najkorzystniejszej cenie i ciesz się zdrowym życiem!<br><br><ul><li>Rodzaj: Rakieta do Padla</li><li>Kolor: Czarny</li><li>Płeć: Unisex</li><li>Zalecany Wiek: Dorosłych</li><li>Rozmiar: Jeden rozmiar</li><li>Materiał: <ul><li>Węgiel</li><li>Miękka Pianka EVA</li></ul></li><li>Poziomy: <ul><li>Średnio zaawansowan;Gardening & DIY;Pop Pulse Emporium;https://cdnbigbuy.com/images/8436612940540_S64194097_P00.jpg;https://cdnbigbuy.com/images/8436612940540_S64194097_P30.jpg;https://cdnbigbuy.com/images/8436612940540_S64194097_P20.jpg;;new;0.6;10.0;35.0;51.0
8436612940540;cs-CZ;Raketa Padel Starvie Astrum Černý Karbonová Goma Eva postavička;Zůstaňte ve formě a objevujte poslední novinky ze sportovního světa s největšími zárukami! Nakupte <b>Raketa Padel Starvie Astrum Černý Karbonová Goma Eva postavička</b> za nejlepší cenu a užívejte si života plného zdraví!<br><br><ul><li>Typ: Raketa Padel</li><li>Barva: Černý</li><li>Pohlaví: Unisex</li><li>Doporučený věk: Dospělé</li><li>Velikost: Jednotná velikost</li><li>Materiál: <ul><li>Karbonová</li><li>Goma Eva postavička</li></ul></li><li>úrovně: <ul><li>Mírně Pokročilý</li><li>Pokročilý</li><li>Začátečník</li></ul></li><li>Sport: Padel</li><li>Rovnováha: Střední</li></ul>;Zůstaňte ve formě a objevujte poslední novinky ze sportovního světa s největšími zárukami! Nakupte <b>Raketa Padel Starvie Astrum Černý Karbonová Goma Eva postavička</b> za nejlepší cenu a užívejte si života plného zdraví!<br><br><ul><li>Typ: Raketa Padel</li><li>Barva: Černý</li><li>Pohlaví: Unisex</li><li>Doporučený věk: Dospělé</li><li>Velikost: Jednotná velikost</li><li>Materiál: <ul><li>Karbonová</li><li>Goma Eva postavička</li></ul></li><li>úrovně: <ul><li>Mírně Pokročilý</li><li>Pokročilý;Gardening & DIY;Pop Pulse Emporium;https://cdnbigbuy.com/images/8436612940540_S64194097_P00.jpg;https://cdnbigbuy.com/images/8436612940540_S64194097_P30.jpg;https://cdnbigbuy.com/images/8436612940540_S64194097_P20.jpg;;new;0.6;10.0;35.0;51.0
8008004005870;de-AT;Gaskocher Kemper 27 x 30 x 9 cm;Wenn Sie bei der Einrichtung ihres Heims Wert auf Details legen und bei Produkten, die Ihnen das Leben leichter machen, auf dem letzten Stand sein möchten, dann kaufen Sie <b>Gaskocher Kemper 27 x 30 x 9 cm</b> zum besten Preis.<br><br><ul><li>Art: <ul><li>Gaskocher</li><li>Gasherdplatte</li></ul></li><li>Farbe: Weiß</li><li>Maße ca.: 27 x 30 x 9 cm</li><li>Material: Edelstahl</li><li>Leistung: 1100 W</li><li>Stromquelle: <ul><li>Butan</li><li>Gas</li></ul></li><li>Energieverbrauch: 155 G/H</li><li>Installationsart: Unabhängig</li><li>Sport: Camping</li></ul>;Wenn Sie bei der Einrichtung ihres Heims Wert auf Details legen und bei Produkten, die Ihnen das Leben leichter machen, auf dem letzten Stand sein möchten, dann kaufen Sie <b>Gaskocher Kemper 27 x 30 x 9 cm</b> zum besten Preis.<br><br><ul><li>Art: <ul><li>Gaskocher</li><li>Gasherdplatte</li></ul></li><li>Farbe: Weiß</li><li>Maße ca.: 27 x 30 x 9 cm</li><li>Material: Edelstahl</li><li>Leistung: 1100 W</li><li>Stromquelle: <ul><li>Butan</li><li>Gas</li></ul></li><li>Energieverbrauch: 155 G/H</li>;Gardening & DIY;Pop Pulse Emporium;https://cdnbigbuy.com/images/8008004005870_S7928494_P00.jpg;https://cdnbigbuy.com/images/8008004005870_S7928494_P10.jpg;;;new;1.17;38.1;47.1;22.7
8008004005870;de-DE;Gaskocher Kemper 27 x 30 x 9 cm;Wenn Sie bei der Einrichtung ihres Heims Wert auf Details legen und bei Produkten, die Ihnen das Leben leichter machen, auf dem letzten Stand sein möchten, dann kaufen Sie <b>Gaskocher Kemper 27 x 30 x 9 cm</b> zum besten Preis.<br><br><ul><li>Art: <ul><li>Gaskocher</li><li>Gasherdplatte</li></ul></li><li>Farbe: Weiß</li><li>Maße ca.: 27 x 30 x 9 cm</li><li>Material: Edelstahl</li><li>Leistung: 1100 W</li><li>Stromquelle: <ul><li>Butan</li><li>Gas</li></ul></li><li>Energieverbrauch: 155 G/H</li><li>Installationsart: Unabhängig</li><li>Sport: Camping</li></ul>;Wenn Sie bei der Einrichtung ihres Heims Wert auf Details legen und bei Produkten, die Ihnen das Leben leichter machen, auf dem letzten Stand sein möchten, dann kaufen Sie <b>Gaskocher Kemper 27 x 30 x 9 cm</b> zum besten Preis.<br><br><ul><li>Art: <ul><li>Gaskocher</li><li>Gasherdplatte</li></ul></li><li>Farbe: Weiß</li><li>Maße ca.: 27 x 30 x 9 cm</li><li>Material: Edelstahl</li><li>Leistung: 1100 W</li><li>Stromquelle: <ul><li>Butan</li><li>Gas</li></ul></li><li>Energieverbrauch: 155 G/H</li>;Gardening & DIY;Pop Pulse Emporium;https://cdnbigbuy.com/images/8008004005870_S7928494_P00.jpg;https://cdnbigbuy.com/images/8008004005870_S7928494_P10.jpg;;;new;1.17;38.1;47.1;22.7
8008004005870;sk-SK;plynový varič Kemper 27 x 30 x 9 cm;Ak pri zariaďovaní vášho domova kladiete dôraz na všetky detaily a chcete byť priebežne informovaný o najnovších výrobkoch, ktoré vám uľahčia život, nakupujte <b>plynový varič Kemper 27 x 30 x 9 cm</b> za tú najlepšiu cenu.<br><br><ul><li>Typ: <ul><li>plynový varič</li><li>Plynová Varná Doska</li></ul></li><li>Farba: Biela</li><li>Približné rozmery: 27 x 30 x 9 cm</li><li>Materiál: Nerezová oceľ</li><li>Príkon: 1100 W</li><li>Napájací Zdroj: <ul><li>Bután</li><li>Plyn</li></ul></li><li>Spotreba energie: 155 G/H</li><li>Typ montáže: Samostatný</li><li>Šport: Kempovanie</li></ul>;Ak pri zariaďovaní vášho domova kladiete dôraz na všetky detaily a chcete byť priebežne informovaný o najnovších výrobkoch, ktoré vám uľahčia život, nakupujte <b>plynový varič Kemper 27 x 30 x 9 cm</b> za tú najlepšiu cenu.<br><br><ul><li>Typ: <ul><li>plynový varič</li><li>Plynová Varná Doska</li></ul></li><li>Farba: Biela</li><li>Približné rozmery: 27 x 30 x 9 cm</li><li>Materiál: Nerezová oceľ</li><li>Príkon: 1100 W</li><li>Napájací Zdroj: <ul><li>Bután</li><li>Plyn</li></ul></li><li>Spotreba ;Gardening & DIY;Pop Pulse Emporium;https://cdnbigbuy.com/images/8008004005870_S7928494_P00.jpg;https://cdnbigbuy.com/images/8008004005870_S7928494_P10.jpg;;;new;1.17;38.1;47.1;22.7
8008004005870;pl-PL;gazowa kuchenka turystyczna Kemper 27 x 30 x 9 cm;Jeśli lubisz dbać o każdy szczegół swojego domu i śledzić najnowsze trendy w produktach, które ułatwią Ci życie, kupuj <b>gazowa kuchenka turystyczna Kemper 27 x 30 x 9 cm</b> o najkorzystniejszej cenie.<br><br><ul><li>Rodzaj: <ul><li>gazowa kuchenka turystyczna</li><li>Kuchenka Gazowa</li></ul></li><li>Kolor: Biały</li><li>Wymiary ok.: 27 x 30 x 9 cm</li><li>Materiał: Stal nierdzewna</li><li>Moc: 1100 W</li><li>Zasilanie: <ul><li>Butan</li><li>Gaz</li></ul></li><li>Zużycie energii: 155 G/H</li><li>Rodzaj instalacji: Osobny</li><li>Sport: Camping</li></ul>;Jeśli lubisz dbać o każdy szczegół swojego domu i śledzić najnowsze trendy w produktach, które ułatwią Ci życie, kupuj <b>gazowa kuchenka turystyczna Kemper 27 x 30 x 9 cm</b> o najkorzystniejszej cenie.<br><br><ul><li>Rodzaj: <ul><li>gazowa kuchenka turystyczna</li><li>Kuchenka Gazowa</li></ul></li><li>Kolor: Biały</li><li>Wymiary ok.: 27 x 30 x 9 cm</li><li>Materiał: Stal nierdzewna</li><li>Moc: 1100 W</li><li>Zasilanie: <ul><li>Butan</li><li>Gaz</li></ul></li><li>Zużycie energii: 155 G/H</li>;Gardening & DIY;Pop Pulse Emporium;https://cdnbigbuy.com/images/8008004005870_S7928494_P00.jpg;https://cdnbigbuy.com/images/8008004005870_S7928494_P10.jpg;;;new;1.17;38.1;47.1;22.7
8008004005870;cs-CZ;plynový vařič Kemper 27 x 30 x 9 cm;Pokud při zařizování vašeho domova kladete důraz na všelijaké detaily a chcete být průběžně informován o nejnovějších produktech, které vám usnadní život, nakupujte <b>plynový vařič Kemper 27 x 30 x 9 cm</b> za tu nejlepší cenu.<br><br><ul><li>Typ: <ul><li>plynový vařič</li><li>Plynová Varná Deska</li></ul></li><li>Barva: Bílý</li><li>Přibližné rozměry: 27 x 30 x 9 cm</li><li>Materiál: Nerezová ocel</li><li>Příkon: 1100 W</li><li>Nápajecí Zdroj: <ul><li>Butan</li><li>Gas</li></ul></li><li>Spotřeba energie: 155 G/H</li><li>Typ instalace: Samostatný</li><li>Sport: Tábornický</li></ul>;Pokud při zařizování vašeho domova kladete důraz na všelijaké detaily a chcete být průběžně informován o nejnovějších produktech, které vám usnadní život, nakupujte <b>plynový vařič Kemper 27 x 30 x 9 cm</b> za tu nejlepší cenu.<br><br><ul><li>Typ: <ul><li>plynový vařič</li><li>Plynová Varná Deska</li></ul></li><li>Barva: Bílý</li><li>Přibližné rozměry: 27 x 30 x 9 cm</li><li>Materiál: Nerezová ocel</li><li>Příkon: 1100 W</li><li>Nápajecí Zdroj: <ul><li>Butan</li><li>Gas</li></ul></li><li>Spotře;Gardening & DIY;Pop Pulse Emporium;https://cdnbigbuy.com/images/8008004005870_S7928494_P00.jpg;https://cdnbigbuy.com/images/8008004005870_S7928494_P10.jpg;;;new;1.17;38.1;47.1;22.7
3032167509185;de-AT;Roller Smoby;Bleiben Sie in Form und entdecken Sie die neuesten Innovationen der Branche, um mit den besten Voraussetzungen Sport zu betreiben! Kaufen Sie <b>Roller Smoby</b> zum besten Preis und genießen Sie ein gesundes Leben!<br><br><ul><li>Art: Roller</li><li>Material: Metall</li><li>Empfohlenes Alter: + 3 jahre</li><li>Räder: 3</li></ul>;Bleiben Sie in Form und entdecken Sie die neuesten Innovationen der Branche, um mit den besten Voraussetzungen Sport zu betreiben! Kaufen Sie <b>Roller Smoby</b> zum besten Preis und genießen Sie ein gesundes Leben!<br><br><ul><li>Art: Roller</li><li>Material: Metall</li><li>Empfohlenes Alter: + 3 jahre</li><li>Räder: 3</li></ul>;Gardening & DIY;Pop Pulse Emporium;https://cdnbigbuy.com/images/3032167509185_S71024881_P00.jpg;https://cdnbigbuy.com/images/3032167509185_R30.jpg;https://cdnbigbuy.com/images/3032167509185_S71024881_P40.jpg;https://cdnbigbuy.com/images/3032167509185_R40.jpg;new;2.5;46.0;15.0;27.0
3032167509185;de-DE;Roller Smoby;Bleiben Sie in Form und entdecken Sie die neuesten Innovationen der Branche, um mit den besten Voraussetzungen Sport zu betreiben! Kaufen Sie <b>Roller Smoby</b> zum besten Preis und genießen Sie ein gesundes Leben!<br><br><ul><li>Art: Roller</li><li>Material: Metall</li><li>Empfohlenes Alter: + 3 jahre</li><li>Räder: 3</li></ul>;Bleiben Sie in Form und entdecken Sie die neuesten Innovationen der Branche, um mit den besten Voraussetzungen Sport zu betreiben! Kaufen Sie <b>Roller Smoby</b> zum besten Preis und genießen Sie ein gesundes Leben!<br><br><ul><li>Art: Roller</li><li>Material: Metall</li><li>Empfohlenes Alter: + 3 jahre</li><li>Räder: 3</li></ul>;Gardening & DIY;Pop Pulse Emporium;https://cdnbigbuy.com/images/3032167509185_S71024881_P00.jpg;https://cdnbigbuy.com/images/3032167509185_R30.jpg;https://cdnbigbuy.com/images/3032167509185_S71024881_P40.jpg;https://cdnbigbuy.com/images/3032167509185_R40.jpg;new;2.5;46.0;15.0;27.0
3032167509185;sk-SK;Kolobežka Smoby;Udržujte sa vo forme a objavte posledné novinky zo sveta športu s tými najväčšími zárukami! Nakúpte <b>Kolobežka Smoby</b> za najlepšiu cenu a užívajte si zdravý život!<br><br><ul><li>Typ: Kolobežka</li><li>Materiál: Kov</li><li>Odporúčaný vek: + 3 rokov</li><li>Kolesá: 3</li></ul>;Udržujte sa vo forme a objavte posledné novinky zo sveta športu s tými najväčšími zárukami! Nakúpte <b>Kolobežka Smoby</b> za najlepšiu cenu a užívajte si zdravý život!<br><br><ul><li>Typ: Kolobežka</li><li>Materiál: Kov</li><li>Odporúčaný vek: + 3 rokov</li><li>Kolesá: 3</li></ul>;Gardening & DIY;Pop Pulse Emporium;https://cdnbigbuy.com/images/3032167509185_S71024881_P00.jpg;https://cdnbigbuy.com/images/3032167509185_R30.jpg;https://cdnbigbuy.com/images/3032167509185_S71024881_P40.jpg;https://cdnbigbuy.com/images/3032167509185_R40.jpg;new;2.5;46.0;15.0;27.0
3032167509185;pl-PL;Hulajnoga Smoby;Utrzymaj kondycję i odkryj wszystkie nowości związane z uprawianiem sportu z najkorzystniejszymi warunkami! Kupuj <b>Hulajnoga Smoby</b> o najkorzystniejszej cenie i ciesz się zdrowym życiem!<br><br><ul><li>Rodzaj: Hulajnoga</li><li>Materiał: Metal</li><li>Zalecany Wiek: + 3 lat</li><li>Koła: 3</li></ul>;Utrzymaj kondycję i odkryj wszystkie nowości związane z uprawianiem sportu z najkorzystniejszymi warunkami! Kupuj <b>Hulajnoga Smoby</b> o najkorzystniejszej cenie i ciesz się zdrowym życiem!<br><br><ul><li>Rodzaj: Hulajnoga</li><li>Materiał: Metal</li><li>Zalecany Wiek: + 3 lat</li><li>Koła: 3</li></ul>;Gardening & DIY;Pop Pulse Emporium;https://cdnbigbuy.com/images/3032167509185_S71024881_P00.jpg;https://cdnbigbuy.com/images/3032167509185_R30.jpg;https://cdnbigbuy.com/images/3032167509185_S71024881_P40.jpg;https://cdnbigbuy.com/images/3032167509185_R40.jpg;new;2.5;46.0;15.0;27.0
3032167509185;cs-CZ;Koloběžka Smoby;Zůstaňte ve formě a objevujte poslední novinky ze sportovního světa s největšími zárukami! Nakupte <b>Koloběžka Smoby</b> za nejlepší cenu a užívejte si života plného zdraví!<br><br><ul><li>Typ: Koloběžka</li><li>Materiál: Kov</li><li>Doporučený věk: + 3 roků</li><li>Kolečka: 3</li></ul>;Zůstaňte ve formě a objevujte poslední novinky ze sportovního světa s největšími zárukami! Nakupte <b>Koloběžka Smoby</b> za nejlepší cenu a užívejte si života plného zdraví!<br><br><ul><li>Typ: Koloběžka</li><li>Materiál: Kov</li><li>Doporučený věk: + 3 roků</li><li>Kolečka: 3</li></ul>;Gardening & DIY;Pop Pulse Emporium;https://cdnbigbuy.com/images/3032167509185_S71024881_P00.jpg;https://cdnbigbuy.com/images/3032167509185_R30.jpg;https://cdnbigbuy.com/images/3032167509185_S71024881_P40.jpg;https://cdnbigbuy.com/images/3032167509185_R40.jpg;new;2.5;46.0;15.0;27.0
8008004005962;de-AT;Gaskocher Kemper;Wenn Sie bei der Einrichtung ihres Heims Wert auf Details legen und bei Produkten, die Ihnen das Leben leichter machen, auf dem letzten Stand sein möchten, dann kaufen Sie <b>Gaskocher Kemper</b> zum besten Preis.<br><br><ul><li>Art: <ul><li>Gaskocher</li><li>Gasherdplatte</li></ul></li><li>Farbe: Weiß</li><li>Material: Edelstahl</li><li>Installationsart: Selbstmontage</li><li>Leistung: 1100 W</li><li>Stromquelle: <ul><li>Butan</li><li>Gas</li></ul></li><li>Energieverbrauch: 155 G/H</li><li>Sport: Camping</li></ul>;Wenn Sie bei der Einrichtung ihres Heims Wert auf Details legen und bei Produkten, die Ihnen das Leben leichter machen, auf dem letzten Stand sein möchten, dann kaufen Sie <b>Gaskocher Kemper</b> zum besten Preis.<br><br><ul><li>Art: <ul><li>Gaskocher</li><li>Gasherdplatte</li></ul></li><li>Farbe: Weiß</li><li>Material: Edelstahl</li><li>Installationsart: Selbstmontage</li><li>Leistung: 1100 W</li><li>Stromquelle: <ul><li>Butan</li><li>Gas</li></ul></li><li>Energieverbrauch: 155 G/H</li><li>Spor;Gardening & DIY;Pop Pulse Emporium;https://cdnbigbuy.com/images/8008004005962_S7928496_P00.jpg;https://cdnbigbuy.com/images/8008004005962_S7928496_P10.jpg;;;new;3.71;38.1;47.1;22.7
8008004005962;de-DE;Gaskocher Kemper;Wenn Sie bei der Einrichtung ihres Heims Wert auf Details legen und bei Produkten, die Ihnen das Leben leichter machen, auf dem letzten Stand sein möchten, dann kaufen Sie <b>Gaskocher Kemper</b> zum besten Preis.<br><br><ul><li>Art: <ul><li>Gaskocher</li><li>Gasherdplatte</li></ul></li><li>Farbe: Weiß</li><li>Material: Edelstahl</li><li>Installationsart: Selbstmontage</li><li>Leistung: 1100 W</li><li>Stromquelle: <ul><li>Butan</li><li>Gas</li></ul></li><li>Energieverbrauch: 155 G/H</li><li>Sport: Camping</li></ul>;Wenn Sie bei der Einrichtung ihres Heims Wert auf Details legen und bei Produkten, die Ihnen das Leben leichter machen, auf dem letzten Stand sein möchten, dann kaufen Sie <b>Gaskocher Kemper</b> zum besten Preis.<br><br><ul><li>Art: <ul><li>Gaskocher</li><li>Gasherdplatte</li></ul></li><li>Farbe: Weiß</li><li>Material: Edelstahl</li><li>Installationsart: Selbstmontage</li><li>Leistung: 1100 W</li><li>Stromquelle: <ul><li>Butan</li><li>Gas</li></ul></li><li>Energieverbrauch: 155 G/H</li><li>Spor;Gardening & DIY;Pop Pulse Emporium;https://cdnbigbuy.com/images/8008004005962_S7928496_P00.jpg;https://cdnbigbuy.com/images/8008004005962_S7928496_P10.jpg;;;new;3.71;38.1;47.1;22.7
8008004005962;sk-SK;plynový varič Kemper;Ak pri zariaďovaní vášho domova kladiete dôraz na všetky detaily a chcete byť priebežne informovaný o najnovších výrobkoch, ktoré vám uľahčia život, nakupujte <b>plynový varič Kemper</b> za tú najlepšiu cenu.<br><br><ul><li>Typ: <ul><li>plynový varič</li><li>Plynová Varná Doska</li></ul></li><li>Farba: Biela</li><li>Materiál: Nerezová oceľ</li><li>Typ montáže: Samo-zhromaždenie</li><li>Príkon: 1100 W</li><li>Napájací Zdroj: <ul><li>Bután</li><li>Plyn</li></ul></li><li>Spotreba energie: 155 G/H</li><li>Šport: Kempovanie</li></ul>;Ak pri zariaďovaní vášho domova kladiete dôraz na všetky detaily a chcete byť priebežne informovaný o najnovších výrobkoch, ktoré vám uľahčia život, nakupujte <b>plynový varič Kemper</b> za tú najlepšiu cenu.<br><br><ul><li>Typ: <ul><li>plynový varič</li><li>Plynová Varná Doska</li></ul></li><li>Farba: Biela</li><li>Materiál: Nerezová oceľ</li><li>Typ montáže: Samo-zhromaždenie</li><li>Príkon: 1100 W</li><li>Napájací Zdroj: <ul><li>Bután</li><li>Plyn</li></ul></li><li>Spotreba energie: 155 G/H</;Gardening & DIY;Pop Pulse Emporium;https://cdnbigbuy.com/images/8008004005962_S7928496_P00.jpg;https://cdnbigbuy.com/images/8008004005962_S7928496_P10.jpg;;;new;3.71;38.1;47.1;22.7
8008004005962;pl-PL;gazowa kuchenka turystyczna Kemper;Jeśli lubisz dbać o każdy szczegół swojego domu i śledzić najnowsze trendy w produktach, które ułatwią Ci życie, kupuj <b>gazowa kuchenka turystyczna Kemper</b> o najkorzystniejszej cenie.<br><br><ul><li>Rodzaj: <ul><li>gazowa kuchenka turystyczna</li><li>Kuchenka Gazowa</li></ul></li><li>Kolor: Biały</li><li>Materiał: Stal nierdzewna</li><li>Rodzaj instalacji: Samodzielny montaż</li><li>Moc: 1100 W</li><li>Zasilanie: <ul><li>Butan</li><li>Gaz</li></ul></li><li>Zużycie energii: 155 G/H</li><li>Sport: Camping</li></ul>;Jeśli lubisz dbać o każdy szczegół swojego domu i śledzić najnowsze trendy w produktach, które ułatwią Ci życie, kupuj <b>gazowa kuchenka turystyczna Kemper</b> o najkorzystniejszej cenie.<br><br><ul><li>Rodzaj: <ul><li>gazowa kuchenka turystyczna</li><li>Kuchenka Gazowa</li></ul></li><li>Kolor: Biały</li><li>Materiał: Stal nierdzewna</li><li>Rodzaj instalacji: Samodzielny montaż</li><li>Moc: 1100 W</li><li>Zasilanie: <ul><li>Butan</li><li>Gaz</li></ul></li><li>Zużycie energii: 155 G/H</li><li>S;Gardening & DIY;Pop Pulse Emporium;https://cdnbigbuy.com/images/8008004005962_S7928496_P00.jpg;https://cdnbigbuy.com/images/8008004005962_S7928496_P10.jpg;;;new;3.71;38.1;47.1;22.7
8008004005962;cs-CZ;plynový vařič Kemper;Pokud při zařizování vašeho domova kladete důraz na všelijaké detaily a chcete být průběžně informován o nejnovějších produktech, které vám usnadní život, nakupujte <b>plynový vařič Kemper</b> za tu nejlepší cenu.<br><br><ul><li>Typ: <ul><li>plynový vařič</li><li>Plynová Varná Deska</li></ul></li><li>Barva: Bílý</li><li>Materiál: Nerezová ocel</li><li>Typ instalace: Samo-sestavení</li><li>Příkon: 1100 W</li><li>Nápajecí Zdroj: <ul><li>Butan</li><li>Gas</li></ul></li><li>Spotřeba energie: 155 G/H</li><li>Sport: Tábornický</li></ul>;Pokud při zařizování vašeho domova kladete důraz na všelijaké detaily a chcete být průběžně informován o nejnovějších produktech, které vám usnadní život, nakupujte <b>plynový vařič Kemper</b> za tu nejlepší cenu.<br><br><ul><li>Typ: <ul><li>plynový vařič</li><li>Plynová Varná Deska</li></ul></li><li>Barva: Bílý</li><li>Materiál: Nerezová ocel</li><li>Typ instalace: Samo-sestavení</li><li>Příkon: 1100 W</li><li>Nápajecí Zdroj: <ul><li>Butan</li><li>Gas</li></ul></li><li>Spotřeba energie: 155 G/H;Gardening & DIY;Pop Pulse Emporium;https://cdnbigbuy.com/images/8008004005962_S7928496_P00.jpg;https://cdnbigbuy.com/images/8008004005962_S7928496_P10.jpg;;;new;3.71;38.1;47.1;22.7
5715571035812;de-AT;Ball für Handball Optimum Schwarz Gold (Größe 3);Bleiben Sie in Form und entdecken Sie die neuesten Innovationen der Branche, um mit den besten Voraussetzungen Sport zu betreiben! Kaufen Sie <b>Ball für Handball Optimum Schwarz Gold (Größe 3)</b> zum besten Preis und genießen Sie ein gesundes Leben!<br><br><ul><li>Sport: Handball</li><li>Farbe: <ul><li>Schwarz</li><li>Gold</li></ul></li><li>Ball-Größe: Größe 3</li></ul>;Bleiben Sie in Form und entdecken Sie die neuesten Innovationen der Branche, um mit den besten Voraussetzungen Sport zu betreiben! Kaufen Sie <b>Ball für Handball Optimum Schwarz Gold (Größe 3)</b> zum besten Preis und genießen Sie ein gesundes Leben!<br><br><ul><li>Sport: Handball</li><li>Farbe: <ul><li>Schwarz</li><li>Gold</li></ul></li><li>Ball-Größe: Größe 3</li></ul>;Gardening & DIY;Pop Pulse Emporium;https://cdnbigbuy.com/images/5715571035812_S71020940_P00.jpg;https://cdnbigbuy.com/images/5715571035812_S71020940_P10.jpg;;;new;0.43;19.0;18.0;18.0
5715571035812;de-DE;Ball für Handball Optimum Schwarz Gold (Größe 3);Bleiben Sie in Form und entdecken Sie die neuesten Innovationen der Branche, um mit den besten Voraussetzungen Sport zu betreiben! Kaufen Sie <b>Ball für Handball Optimum Schwarz Gold (Größe 3)</b> zum besten Preis und genießen Sie ein gesundes Leben!<br><br><ul><li>Sport: Handball</li><li>Farbe: <ul><li>Schwarz</li><li>Gold</li></ul></li><li>Ball-Größe: Größe 3</li></ul>;Bleiben Sie in Form und entdecken Sie die neuesten Innovationen der Branche, um mit den besten Voraussetzungen Sport zu betreiben! Kaufen Sie <b>Ball für Handball Optimum Schwarz Gold (Größe 3)</b> zum besten Preis und genießen Sie ein gesundes Leben!<br><br><ul><li>Sport: Handball</li><li>Farbe: <ul><li>Schwarz</li><li>Gold</li></ul></li><li>Ball-Größe: Größe 3</li></ul>;Gardening & DIY;Pop Pulse Emporium;https://cdnbigbuy.com/images/5715571035812_S71020940_P00.jpg;https://cdnbigbuy.com/images/5715571035812_S71020940_P10.jpg;;;new;0.43;19.0;18.0;18.0
5715571035812;sk-SK;Lopta na hádzanú Optimum Čierna Zlatá (Veľkosť 3);Udržujte sa vo forme a objavte posledné novinky zo sveta športu s tými najväčšími zárukami! Nakúpte <b>Lopta na hádzanú Optimum Čierna Zlatá (Veľkosť 3)</b> za najlepšiu cenu a užívajte si zdravý život!<br><br><ul><li>Šport: Hádzaná</li><li>Farba: <ul><li>Čierna</li><li>Zlatá</li></ul></li><li>Veľkosť lopty: Veľkosť 3</li></ul>;Udržujte sa vo forme a objavte posledné novinky zo sveta športu s tými najväčšími zárukami! Nakúpte <b>Lopta na hádzanú Optimum Čierna Zlatá (Veľkosť 3)</b> za najlepšiu cenu a užívajte si zdravý život!<br><br><ul><li>Šport: Hádzaná</li><li>Farba: <ul><li>Čierna</li><li>Zlatá</li></ul></li><li>Veľkosť lopty: Veľkosť 3</li></ul>;Gardening & DIY;Pop Pulse Emporium;https://cdnbigbuy.com/images/5715571035812_S71020940_P00.jpg;https://cdnbigbuy.com/images/5715571035812_S71020940_P10.jpg;;;new;0.43;19.0;18.0;18.0
5715571035812;pl-PL;Piłka do Piłki Ręcznej Optimum Czarny Złoty (Rozmiar 3);Utrzymaj kondycję i odkryj wszystkie nowości związane z uprawianiem sportu z najkorzystniejszymi warunkami! Kupuj <b>Piłka do Piłki Ręcznej Optimum Czarny Złoty (Rozmiar 3)</b> o najkorzystniejszej cenie i ciesz się zdrowym życiem!<br><br><ul><li>Sport: Piłka ręczna</li><li>Kolor: <ul><li>Czarny</li><li>Złoty</li></ul></li><li>Wielkość kuli: Rozmiar 3</li></ul>;Utrzymaj kondycję i odkryj wszystkie nowości związane z uprawianiem sportu z najkorzystniejszymi warunkami! Kupuj <b>Piłka do Piłki Ręcznej Optimum Czarny Złoty (Rozmiar 3)</b> o najkorzystniejszej cenie i ciesz się zdrowym życiem!<br><br><ul><li>Sport: Piłka ręczna</li><li>Kolor: <ul><li>Czarny</li><li>Złoty</li></ul></li><li>Wielkość kuli: Rozmiar 3</li></ul>;Gardening & DIY;Pop Pulse Emporium;https://cdnbigbuy.com/images/5715571035812_S71020940_P00.jpg;https://cdnbigbuy.com/images/5715571035812_S71020940_P10.jpg;;;new;0.43;19.0;18.0;18.0
5715571035812;cs-CZ;Míč na házenou Optimum Černý Zlatá (Velikost 3);Zůstaňte ve formě a objevujte poslední novinky ze sportovního světa s největšími zárukami! Nakupte <b>Míč na házenou Optimum Černý Zlatá (Velikost 3)</b> za nejlepší cenu a užívejte si života plného zdraví!<br><br><ul><li>Sport: Házená</li><li>Barva: <ul><li>Černý</li><li>Zlatá</li></ul></li><li>Velikost míče: Velikost 3</li></ul>;Zůstaňte ve formě a objevujte poslední novinky ze sportovního světa s největšími zárukami! Nakupte <b>Míč na házenou Optimum Černý Zlatá (Velikost 3)</b> za nejlepší cenu a užívejte si života plného zdraví!<br><br><ul><li>Sport: Házená</li><li>Barva: <ul><li>Černý</li><li>Zlatá</li></ul></li><li>Velikost míče: Velikost 3</li></ul>;Gardening & DIY;Pop Pulse Emporium;https://cdnbigbuy.com/images/5715571035812_S71020940_P00.jpg;https://cdnbigbuy.com/images/5715571035812_S71020940_P10.jpg;;;new;0.43;19.0;18.0;18.0
0887791196774;de-AT;Widerstandsfähiges Gummiband Nike Fitness Schwarz Mittel;Bleiben Sie in Form und entdecken Sie die neuesten Innovationen der Branche, um mit den besten Voraussetzungen Sport zu betreiben! Kaufen Sie <b>Widerstandsfähiges Gummiband Nike Fitness Schwarz Mittel</b> zum besten Preis und genießen Sie ein gesundes Leben!<br><br><ul><li>Art: Bands</li><li>Sport: Fitness</li><li>Widerstände: Mittel</li><li>Farbe: Schwarz</li><li>Geschlecht: Unisex</li><li>Empfohlenes Alter: Erwachsene</li><li>Größe: Einheitsgröße</li><li>Material: Polyester</li></ul>;Bleiben Sie in Form und entdecken Sie die neuesten Innovationen der Branche, um mit den besten Voraussetzungen Sport zu betreiben! Kaufen Sie <b>Widerstandsfähiges Gummiband Nike Fitness Schwarz Mittel</b> zum besten Preis und genießen Sie ein gesundes Leben!<br><br><ul><li>Art: Bands</li><li>Sport: Fitness</li><li>Widerstände: Mittel</li><li>Farbe: Schwarz</li><li>Geschlecht: Unisex</li><li>Empfohlenes Alter: Erwachsene</li><li>Größe: Einheitsgröße</li><li>Material: Polyester</li></ul>;Gardening & DIY;Pop Pulse Emporium;https://cdnbigbuy.com/images/0887791196774_S64149697_P00.jpg;;;;new;0.43;67.1;10.4;14.8
0887791196774;de-DE;Widerstandsfähiges Gummiband Nike Fitness Schwarz Mittel;Bleiben Sie in Form und entdecken Sie die neuesten Innovationen der Branche, um mit den besten Voraussetzungen Sport zu betreiben! Kaufen Sie <b>Widerstandsfähiges Gummiband Nike Fitness Schwarz Mittel</b> zum besten Preis und genießen Sie ein gesundes Leben!<br><br><ul><li>Art: Bands</li><li>Sport: Fitness</li><li>Widerstände: Mittel</li><li>Farbe: Schwarz</li><li>Geschlecht: Unisex</li><li>Empfohlenes Alter: Erwachsene</li><li>Größe: Einheitsgröße</li><li>Material: Polyester</li></ul>;Bleiben Sie in Form und entdecken Sie die neuesten Innovationen der Branche, um mit den besten Voraussetzungen Sport zu betreiben! Kaufen Sie <b>Widerstandsfähiges Gummiband Nike Fitness Schwarz Mittel</b> zum besten Preis und genießen Sie ein gesundes Leben!<br><br><ul><li>Art: Bands</li><li>Sport: Fitness</li><li>Widerstände: Mittel</li><li>Farbe: Schwarz</li><li>Geschlecht: Unisex</li><li>Empfohlenes Alter: Erwachsene</li><li>Größe: Einheitsgröße</li><li>Material: Polyester</li></ul>;Gardening & DIY;Pop Pulse Emporium;https://cdnbigbuy.com/images/0887791196774_S64149697_P00.jpg;;;;new;0.43;67.1;10.4;14.8
0887791196774;sk-SK;Elastické odolné pásy Nike Fitness Čierna Stredné;Udržujte sa vo forme a objavte posledné novinky zo sveta športu s tými najväčšími zárukami! Nakúpte <b>Elastické odolné pásy Nike Fitness Čierna Stredné</b> za najlepšiu cenu a užívajte si zdravý život!<br><br><ul><li>Typ: Pásy</li><li>Šport: Fitness</li><li>Odpory: Stredné</li><li>Farba: Čierna</li><li>Pohlavie: Unisex</li><li>Odporúčaný vek: Deti</li><li>Veľkosť: Jednotná veľkosť</li><li>Zloženie: Polyester</li></ul>;Udržujte sa vo forme a objavte posledné novinky zo sveta športu s tými najväčšími zárukami! Nakúpte <b>Elastické odolné pásy Nike Fitness Čierna Stredné</b> za najlepšiu cenu a užívajte si zdravý život!<br><br><ul><li>Typ: Pásy</li><li>Šport: Fitness</li><li>Odpory: Stredné</li><li>Farba: Čierna</li><li>Pohlavie: Unisex</li><li>Odporúčaný vek: Deti</li><li>Veľkosť: Jednotná veľkosť</li><li>Zloženie: Polyester</li></ul>;Gardening & DIY;Pop Pulse Emporium;https://cdnbigbuy.com/images/0887791196774_S64149697_P00.jpg;;;;new;0.43;67.1;10.4;14.8
0887791196774;pl-PL;Elastyczne gumy oporowe Nike Fitness Czarny średni;Utrzymaj kondycję i odkryj wszystkie nowości związane z uprawianiem sportu z najkorzystniejszymi warunkami! Kupuj <b>Elastyczne gumy oporowe Nike Fitness Czarny średni</b> o najkorzystniejszej cenie i ciesz się zdrowym życiem!<br><br><ul><li>Rodzaj: Taśmy</li><li>Sport: Fitness</li><li>Oporniki: średni</li><li>Kolor: Czarny</li><li>Płeć: Unisex</li><li>Zalecany Wiek: Dorosłych</li><li>Rozmiar: Jeden rozmiar</li><li>Materiał: Poliester</li></ul>;Utrzymaj kondycję i odkryj wszystkie nowości związane z uprawianiem sportu z najkorzystniejszymi warunkami! Kupuj <b>Elastyczne gumy oporowe Nike Fitness Czarny średni</b> o najkorzystniejszej cenie i ciesz się zdrowym życiem!<br><br><ul><li>Rodzaj: Taśmy</li><li>Sport: Fitness</li><li>Oporniki: średni</li><li>Kolor: Czarny</li><li>Płeć: Unisex</li><li>Zalecany Wiek: Dorosłych</li><li>Rozmiar: Jeden rozmiar</li><li>Materiał: Poliester</li></ul>;Gardening & DIY;Pop Pulse Emporium;https://cdnbigbuy.com/images/0887791196774_S64149697_P00.jpg;;;;new;0.43;67.1;10.4;14.8
0887791196774;cs-CZ;Elastické odporové pásky Nike Fitness Černý Střední;Zůstaňte ve formě a objevujte poslední novinky ze sportovního světa s největšími zárukami! Nakupte <b>Elastické odporové pásky Nike Fitness Černý Střední</b> za nejlepší cenu a užívejte si života plného zdraví!<br><br><ul><li>Typ: Pásy</li><li>Sport: Fitness</li><li>Rezistory: Střední</li><li>Barva: Černý</li><li>Pohlaví: Unisex</li><li>Doporučený věk: Dospělé</li><li>Velikost: Jednotná velikost</li><li>Složení: Polyester</li></ul>;Zůstaňte ve formě a objevujte poslední novinky ze sportovního světa s největšími zárukami! Nakupte <b>Elastické odporové pásky Nike Fitness Černý Střední</b> za nejlepší cenu a užívejte si života plného zdraví!<br><br><ul><li>Typ: Pásy</li><li>Sport: Fitness</li><li>Rezistory: Střední</li><li>Barva: Černý</li><li>Pohlaví: Unisex</li><li>Doporučený věk: Dospělé</li><li>Velikost: Jednotná velikost</li><li>Složení: Polyester</li></ul>;Gardening & DIY;Pop Pulse Emporium;https://cdnbigbuy.com/images/0887791196774_S64149697_P00.jpg;;;;new;0.43;67.1;10.4;14.8
5400974003338;de-AT;Fahrradhelm für Erwachsene Lazer BLC22278900BF Schwarz 52-56 cm;Bleiben Sie in Form und entdecken Sie die neuesten Innovationen der Branche, um mit den besten Voraussetzungen Sport zu betreiben! Kaufen Sie <b>Fahrradhelm für Erwachsene Lazer BLC22278900BF Schwarz 52-56 cm</b> zum besten Preis und genießen Sie ein gesundes Leben!<br><br><ul><li>Art: Helm</li><li>Farbe: <ul><li>Schwarz</li><li>Gelb</li></ul></li><li>Geschlecht: Unisex</li><li>Empfohlenes Alter: Erwachsene</li><li>Größe: 52-56 cm</li></ul>;Bleiben Sie in Form und entdecken Sie die neuesten Innovationen der Branche, um mit den besten Voraussetzungen Sport zu betreiben! Kaufen Sie <b>Fahrradhelm für Erwachsene Lazer BLC22278900BF Schwarz 52-56 cm</b> zum besten Preis und genießen Sie ein gesundes Leben!<br><br><ul><li>Art: Helm</li><li>Farbe: <ul><li>Schwarz</li><li>Gelb</li></ul></li><li>Geschlecht: Unisex</li><li>Empfohlenes Alter: Erwachsene</li><li>Größe: 52-56 cm</li></ul>;Gardening & DIY;Pop Pulse Emporium;https://cdnbigbuy.com/images/5400974003338_S64194049_P00.jpg;https://cdnbigbuy.com/images/5400974003338_S64194049_P60.jpg;https://cdnbigbuy.com/images/5400974003338_S64194049_P20.jpg;https://cdnbigbuy.com/images/5400974003338_S64194049_P70.jpg;new;0.64;26.8;25.0;21.2
5400974003338;de-DE;Fahrradhelm für Erwachsene Lazer BLC22278900BF Schwarz 52-56 cm;Bleiben Sie in Form und entdecken Sie die neuesten Innovationen der Branche, um mit den besten Voraussetzungen Sport zu betreiben! Kaufen Sie <b>Fahrradhelm für Erwachsene Lazer BLC22278900BF Schwarz 52-56 cm</b> zum besten Preis und genießen Sie ein gesundes Leben!<br><br><ul><li>Art: Helm</li><li>Farbe: <ul><li>Schwarz</li><li>Gelb</li></ul></li><li>Geschlecht: Unisex</li><li>Empfohlenes Alter: Erwachsene</li><li>Größe: 52-56 cm</li></ul>;Bleiben Sie in Form und entdecken Sie die neuesten Innovationen der Branche, um mit den besten Voraussetzungen Sport zu betreiben! Kaufen Sie <b>Fahrradhelm für Erwachsene Lazer BLC22278900BF Schwarz 52-56 cm</b> zum besten Preis und genießen Sie ein gesundes Leben!<br><br><ul><li>Art: Helm</li><li>Farbe: <ul><li>Schwarz</li><li>Gelb</li></ul></li><li>Geschlecht: Unisex</li><li>Empfohlenes Alter: Erwachsene</li><li>Größe: 52-56 cm</li></ul>;Gardening & DIY;Pop Pulse Emporium;https://cdnbigbuy.com/images/5400974003338_S64194049_P00.jpg;https://cdnbigbuy.com/images/5400974003338_S64194049_P60.jpg;https://cdnbigbuy.com/images/5400974003338_S64194049_P20.jpg;https://cdnbigbuy.com/images/5400974003338_S64194049_P70.jpg;new;0.64;26.8;25.0;21.2
5400974003338;sk-SK;Cyklistická helma pre dospelých Lazer BLC22278900BF Čierna 52-56 cm;Udržujte sa vo forme a objavte posledné novinky zo sveta športu s tými najväčšími zárukami! Nakúpte <b>Cyklistická helma pre dospelých Lazer BLC22278900BF Čierna 52-56 cm</b> za najlepšiu cenu a užívajte si zdravý život!<br><br><ul><li>Typ: Prilba</li><li>Farba: <ul><li>Čierna</li><li>Žltá</li></ul></li><li>Pohlavie: Unisex</li><li>Odporúčaný vek: Deti</li><li>Veľkosť: 52-56 cm</li></ul>;Udržujte sa vo forme a objavte posledné novinky zo sveta športu s tými najväčšími zárukami! Nakúpte <b>Cyklistická helma pre dospelých Lazer BLC22278900BF Čierna 52-56 cm</b> za najlepšiu cenu a užívajte si zdravý život!<br><br><ul><li>Typ: Prilba</li><li>Farba: <ul><li>Čierna</li><li>Žltá</li></ul></li><li>Pohlavie: Unisex</li><li>Odporúčaný vek: Deti</li><li>Veľkosť: 52-56 cm</li></ul>;Gardening & DIY;Pop Pulse Emporium;https://cdnbigbuy.com/images/5400974003338_S64194049_P00.jpg;https://cdnbigbuy.com/images/5400974003338_S64194049_P60.jpg;https://cdnbigbuy.com/images/5400974003338_S64194049_P20.jpg;https://cdnbigbuy.com/images/5400974003338_S64194049_P70.jpg;new;0.64;26.8;25.0;21.2
5400974003338;pl-PL;Kask rowerowy dla dorosłych Lazer BLC22278900BF Czarny 52-56 cm;Utrzymaj kondycję i odkryj wszystkie nowości związane z uprawianiem sportu z najkorzystniejszymi warunkami! Kupuj <b>Kask rowerowy dla dorosłych Lazer BLC22278900BF Czarny 52-56 cm</b> o najkorzystniejszej cenie i ciesz się zdrowym życiem!<br><br><ul><li>Rodzaj: Kask</li><li>Kolor: <ul><li>Czarny</li><li>Żółty</li></ul></li><li>Płeć: Unisex</li><li>Zalecany Wiek: Dorosłych</li><li>Rozmiar: 52-56 cm</li></ul>;Utrzymaj kondycję i odkryj wszystkie nowości związane z uprawianiem sportu z najkorzystniejszymi warunkami! Kupuj <b>Kask rowerowy dla dorosłych Lazer BLC22278900BF Czarny 52-56 cm</b> o najkorzystniejszej cenie i ciesz się zdrowym życiem!<br><br><ul><li>Rodzaj: Kask</li><li>Kolor: <ul><li>Czarny</li><li>Żółty</li></ul></li><li>Płeć: Unisex</li><li>Zalecany Wiek: Dorosłych</li><li>Rozmiar: 52-56 cm</li></ul>;Gardening & DIY;Pop Pulse Emporium;https://cdnbigbuy.com/images/5400974003338_S64194049_P00.jpg;https://cdnbigbuy.com/images/5400974003338_S64194049_P60.jpg;https://cdnbigbuy.com/images/5400974003338_S64194049_P20.jpg;https://cdnbigbuy.com/images/5400974003338_S64194049_P70.jpg;new;0.64;26.8;25.0;21.2
5400974003338;cs-CZ;Cyklistická přilba pro dospělé Lazer BLC22278900BF Černý 52-56 cm;Zůstaňte ve formě a objevujte poslední novinky ze sportovního světa s největšími zárukami! Nakupte <b>Cyklistická přilba pro dospělé Lazer BLC22278900BF Černý 52-56 cm</b> za nejlepší cenu a užívejte si života plného zdraví!<br><br><ul><li>Typ: Přilba</li><li>Barva: <ul><li>Černý</li><li>Žlutý</li></ul></li><li>Pohlaví: Unisex</li><li>Doporučený věk: Dospělé</li><li>Velikost: 52-56 cm</li></ul>;Zůstaňte ve formě a objevujte poslední novinky ze sportovního světa s největšími zárukami! Nakupte <b>Cyklistická přilba pro dospělé Lazer BLC22278900BF Černý 52-56 cm</b> za nejlepší cenu a užívejte si života plného zdraví!<br><br><ul><li>Typ: Přilba</li><li>Barva: <ul><li>Černý</li><li>Žlutý</li></ul></li><li>Pohlaví: Unisex</li><li>Doporučený věk: Dospělé</li><li>Velikost: 52-56 cm</li></ul>;Gardening & DIY;Pop Pulse Emporium;https://cdnbigbuy.com/images/5400974003338_S64194049_P00.jpg;https://cdnbigbuy.com/images/5400974003338_S64194049_P60.jpg;https://cdnbigbuy.com/images/5400974003338_S64194049_P20.jpg;https://cdnbigbuy.com/images/5400974003338_S64194049_P70.jpg;new;0.64;26.8;25.0;21.2
4899888817512;de-AT;Basketballkorb Aktive 32 X 30 X 38 CM;Wenn Sie auf der Suche nach trendigen Neuheiten auf dem Markt sind, präsentieren wir Ihnen <b>Basketballkorb Aktive 32 X 30 X 38 CM</b>!<br><br><ul><li>Sport: Basketball</li><li>Art: <ul><li>Basketball</li><li>Basketballkorb</li></ul></li><li>Material: <ul><li>Polyester</li><li>Eisen</li></ul></li><li>Empfohlenes Alter: + 3 jahre</li><li>Maße ca.: 32 X 30 X 38 CM</li><li>Farbe: <ul><li>Blau</li><li>Rot</li><li>Orange</li></ul></li><li>Durchmesser: Ø 46 cm</li></ul>;Wenn Sie auf der Suche nach trendigen Neuheiten auf dem Markt sind, präsentieren wir Ihnen <b>Basketballkorb Aktive 32 X 30 X 38 CM</b>!<br><br><ul><li>Sport: Basketball</li><li>Art: <ul><li>Basketball</li><li>Basketballkorb</li></ul></li><li>Material: <ul><li>Polyester</li><li>Eisen</li></ul></li><li>Empfohlenes Alter: + 3 jahre</li><li>Maße ca.: 32 X 30 X 38 CM</li><li>Farbe: <ul><li>Blau</li><li>Rot</li><li>Orange</li></ul></li><li>Durchmesser: Ø 46 cm</li></ul>;Gardening & DIY;Pop Pulse Emporium;https://cdnbigbuy.com/images/s8907046_p0_icon0.jpg;https://cdnbigbuy.com/images/S8907046_P40.jpg;https://cdnbigbuy.com/images/S8907046_P00.jpg;https://cdnbigbuy.com/images/S8907046_P50.jpg;new;4.24;34.0;34.5;39.5
4899888817512;de-DE;Basketballkorb Aktive 32 X 30 X 38 CM;Wenn Sie auf der Suche nach trendigen Neuheiten auf dem Markt sind, präsentieren wir Ihnen <b>Basketballkorb Aktive 32 X 30 X 38 CM</b>!<br><br><ul><li>Sport: Basketball</li><li>Art: <ul><li>Basketball</li><li>Basketballkorb</li></ul></li><li>Material: <ul><li>Polyester</li><li>Eisen</li></ul></li><li>Empfohlenes Alter: + 3 jahre</li><li>Maße ca.: 32 X 30 X 38 CM</li><li>Farbe: <ul><li>Blau</li><li>Rot</li><li>Orange</li></ul></li><li>Durchmesser: Ø 46 cm</li></ul>;Wenn Sie auf der Suche nach trendigen Neuheiten auf dem Markt sind, präsentieren wir Ihnen <b>Basketballkorb Aktive 32 X 30 X 38 CM</b>!<br><br><ul><li>Sport: Basketball</li><li>Art: <ul><li>Basketball</li><li>Basketballkorb</li></ul></li><li>Material: <ul><li>Polyester</li><li>Eisen</li></ul></li><li>Empfohlenes Alter: + 3 jahre</li><li>Maße ca.: 32 X 30 X 38 CM</li><li>Farbe: <ul><li>Blau</li><li>Rot</li><li>Orange</li></ul></li><li>Durchmesser: Ø 46 cm</li></ul>;Gardening & DIY;Pop Pulse Emporium;https://cdnbigbuy.com/images/s8907046_p0_icon0.jpg;https://cdnbigbuy.com/images/S8907046_P40.jpg;https://cdnbigbuy.com/images/S8907046_P00.jpg;https://cdnbigbuy.com/images/S8907046_P50.jpg;new;4.24;34.0;34.5;39.5
4899888817512;sk-SK;Basketbalový kôš Aktive 32 X 30 X 38 CM;Ak hľadáte nové trendy na trhu, predstavujeme <b>Basketbalový kôš Aktive 32 X 30 X 38 CM</b>!<br><br><ul><li>Šport: Basketbal</li><li>Typ: <ul><li>Basketbalová lopta</li><li>Basketbalový kôš</li></ul></li><li>Materiál: <ul><li>Polyester</li><li>Železo</li></ul></li><li>Odporúčaný vek: + 3 rokov</li><li>Približné rozmery: 32 X 30 X 38 CM</li><li>Farba: <ul><li>Modrá</li><li>Červená</li><li>Oranžová</li></ul></li><li>Približný priemer: Ø 46 cm</li></ul>;Ak hľadáte nové trendy na trhu, predstavujeme <b>Basketbalový kôš Aktive 32 X 30 X 38 CM</b>!<br><br><ul><li>Šport: Basketbal</li><li>Typ: <ul><li>Basketbalová lopta</li><li>Basketbalový kôš</li></ul></li><li>Materiál: <ul><li>Polyester</li><li>Železo</li></ul></li><li>Odporúčaný vek: + 3 rokov</li><li>Približné rozmery: 32 X 30 X 38 CM</li><li>Farba: <ul><li>Modrá</li><li>Červená</li><li>Oranžová</li></ul></li><li>Približný priemer: Ø 46 cm</li></ul>;Gardening & DIY;Pop Pulse Emporium;https://cdnbigbuy.com/images/s8907046_p0_icon0.jpg;https://cdnbigbuy.com/images/S8907046_P40.jpg;https://cdnbigbuy.com/images/S8907046_P00.jpg;https://cdnbigbuy.com/images/S8907046_P50.jpg;new;4.24;34.0;34.5;39.5
4899888817512;pl-PL;Kosz do koszykówki Aktive 32 X 30 X 38 CM;Jeśli szukasz trendów na rynku, prezentujemy <b>Kosz do koszykówki Aktive 32 X 30 X 38 CM</b>!<br><br><ul><li>Sport: Koszykówka</li><li>Rodzaj: <ul><li>Piłka do Koszykówki</li><li>Kosz do koszykówki</li></ul></li><li>Materiał: <ul><li>Poliester</li><li>Żelazo</li></ul></li><li>Zalecany Wiek: + 3 lat</li><li>Wymiary ok.: 32 X 30 X 38 CM</li><li>Kolor: <ul><li>Niebieski</li><li>Czerwony</li><li>Pomarańczowy</li></ul></li><li>Średnica: Ø 46 cm</li></ul>;Jeśli szukasz trendów na rynku, prezentujemy <b>Kosz do koszykówki Aktive 32 X 30 X 38 CM</b>!<br><br><ul><li>Sport: Koszykówka</li><li>Rodzaj: <ul><li>Piłka do Koszykówki</li><li>Kosz do koszykówki</li></ul></li><li>Materiał: <ul><li>Poliester</li><li>Żelazo</li></ul></li><li>Zalecany Wiek: + 3 lat</li><li>Wymiary ok.: 32 X 30 X 38 CM</li><li>Kolor: <ul><li>Niebieski</li><li>Czerwony</li><li>Pomarańczowy</li></ul></li><li>Średnica: Ø 46 cm</li></ul>;Gardening & DIY;Pop Pulse Emporium;https://cdnbigbuy.com/images/s8907046_p0_icon0.jpg;https://cdnbigbuy.com/images/S8907046_P40.jpg;https://cdnbigbuy.com/images/S8907046_P00.jpg;https://cdnbigbuy.com/images/S8907046_P50.jpg;new;4.24;34.0;34.5;39.5
4899888817512;cs-CZ;Basketbalový koš Aktive 32 X 30 X 38 CM;Pokud hledáte nejnovější trendy na trhu, máme tu čest vám představit <b>Basketbalový koš Aktive 32 X 30 X 38 CM</b>!<br><br><ul><li>Sport: Basketbal</li><li>Typ: <ul><li>Basketbalový míč</li><li>Basketbalový koš</li></ul></li><li>Materiál: <ul><li>Polyester</li><li>Železo</li></ul></li><li>Doporučený věk: + 3 roků</li><li>Přibližné rozměry: 32 X 30 X 38 CM</li><li>Barva: <ul><li>Modrý</li><li>Červený</li><li>Oranžový</li></ul></li><li>Přibližný průměr: Ø 46 cm</li></ul>;Pokud hledáte nejnovější trendy na trhu, máme tu čest vám představit <b>Basketbalový koš Aktive 32 X 30 X 38 CM</b>!<br><br><ul><li>Sport: Basketbal</li><li>Typ: <ul><li>Basketbalový míč</li><li>Basketbalový koš</li></ul></li><li>Materiál: <ul><li>Polyester</li><li>Železo</li></ul></li><li>Doporučený věk: + 3 roků</li><li>Přibližné rozměry: 32 X 30 X 38 CM</li><li>Barva: <ul><li>Modrý</li><li>Červený</li><li>Oranžový</li></ul></li><li>Přibližný průměr: Ø 46 cm</li></ul>;Gardening & DIY;Pop Pulse Emporium;https://cdnbigbuy.com/images/s8907046_p0_icon0.jpg;https://cdnbigbuy.com/images/S8907046_P40.jpg;https://cdnbigbuy.com/images/S8907046_P00.jpg;https://cdnbigbuy.com/images/S8907046_P50.jpg;new;4.24;34.0;34.5;39.5
8719407081131;de-AT;Luftpumpe Lifetime;Wenn Sie auf der Suche nach trendigen Neuheiten auf dem Markt sind, präsentieren wir Ihnen <b>Luftpumpe Lifetime</b>!<br><br><ul><li>Art: <ul><li>Aufblasbares Paddel-Board mit Zubehör</li><li>Luftpumpe</li></ul></li><li>Farbe: Schwarz</li><li>Merkmale: Mühelos zu transportieren und aufzubewahren</li><li>Druck: 2 bares</li><li>Empfohlene verwendung: Paddel-Surfen</li><li>Geschlecht: Unisex</li><li>Sport: Paddel-Surfen</li></ul>;Wenn Sie auf der Suche nach trendigen Neuheiten auf dem Markt sind, präsentieren wir Ihnen <b>Luftpumpe Lifetime</b>!<br><br><ul><li>Art: <ul><li>Aufblasbares Paddel-Board mit Zubehör</li><li>Luftpumpe</li></ul></li><li>Farbe: Schwarz</li><li>Merkmale: Mühelos zu transportieren und aufzubewahren</li><li>Druck: 2 bares</li><li>Empfohlene verwendung: Paddel-Surfen</li><li>Geschlecht: Unisex</li><li>Sport: Paddel-Surfen</li></ul>;Gardening & DIY;Pop Pulse Emporium;https://cdnbigbuy.com/images/8719407081131_S7926804_P00.jpg;;;;new;1.0;36.8;70.1;42.4
8719407081131;de-DE;Luftpumpe Lifetime;Wenn Sie auf der Suche nach trendigen Neuheiten auf dem Markt sind, präsentieren wir Ihnen <b>Luftpumpe Lifetime</b>!<br><br><ul><li>Art: <ul><li>Aufblasbares Paddel-Board mit Zubehör</li><li>Luftpumpe</li></ul></li><li>Farbe: Schwarz</li><li>Merkmale: Mühelos zu transportieren und aufzubewahren</li><li>Druck: 2 bares</li><li>Empfohlene verwendung: Paddel-Surfen</li><li>Geschlecht: Unisex</li><li>Sport: Paddel-Surfen</li></ul>;Wenn Sie auf der Suche nach trendigen Neuheiten auf dem Markt sind, präsentieren wir Ihnen <b>Luftpumpe Lifetime</b>!<br><br><ul><li>Art: <ul><li>Aufblasbares Paddel-Board mit Zubehör</li><li>Luftpumpe</li></ul></li><li>Farbe: Schwarz</li><li>Merkmale: Mühelos zu transportieren und aufzubewahren</li><li>Druck: 2 bares</li><li>Empfohlene verwendung: Paddel-Surfen</li><li>Geschlecht: Unisex</li><li>Sport: Paddel-Surfen</li></ul>;Gardening & DIY;Pop Pulse Emporium;https://cdnbigbuy.com/images/8719407081131_S7926804_P00.jpg;;;;new;1.0;36.8;70.1;42.4
8719407081131;sk-SK;Kompresor Lifetime;Ak hľadáte nové trendy na trhu, predstavujeme <b>Kompresor Lifetime</b>!<br><br><ul><li>Typ: <ul><li>Nafukovacia doska na paddle surfing s príslušenstvom</li><li>Kompresor</li></ul></li><li>Farba: Čierna</li><li>Vlastnosti: Jednoduché uloženie a prenášanie</li><li>Tlakové: 2 bares</li><li>Odporúčané použitie: Surf na padlovanie</li><li>Pohlavie: Unisex</li><li>Šport: Surf na padlovanie</li></ul>;Ak hľadáte nové trendy na trhu, predstavujeme <b>Kompresor Lifetime</b>!<br><br><ul><li>Typ: <ul><li>Nafukovacia doska na paddle surfing s príslušenstvom</li><li>Kompresor</li></ul></li><li>Farba: Čierna</li><li>Vlastnosti: Jednoduché uloženie a prenášanie</li><li>Tlakové: 2 bares</li><li>Odporúčané použitie: Surf na padlovanie</li><li>Pohlavie: Unisex</li><li>Šport: Surf na padlovanie</li></ul>;Gardening & DIY;Pop Pulse Emporium;https://cdnbigbuy.com/images/8719407081131_S7926804_P00.jpg;;;;new;1.0;36.8;70.1;42.4
8719407081131;pl-PL;Pompa powietrza Lifetime;Jeśli szukasz trendów na rynku, prezentujemy <b>Pompa powietrza Lifetime</b>!<br><br><ul><li>Rodzaj: <ul><li>Deska Surfingowa Nadmuchiwana z Akcesoriami</li><li>Pompa powietrza</li></ul></li><li>Kolor: Czarny</li><li>Właściwości: Łatwy w transporcie i przechowaniu</li><li>Zatrzask: 2 bares</li><li>Zalecane stosowanie: Stand Up Paddle Board</li><li>Płeć: Unisex</li><li>Sport: Stand Up Paddle Board</li></ul>;Jeśli szukasz trendów na rynku, prezentujemy <b>Pompa powietrza Lifetime</b>!<br><br><ul><li>Rodzaj: <ul><li>Deska Surfingowa Nadmuchiwana z Akcesoriami</li><li>Pompa powietrza</li></ul></li><li>Kolor: Czarny</li><li>Właściwości: Łatwy w transporcie i przechowaniu</li><li>Zatrzask: 2 bares</li><li>Zalecane stosowanie: Stand Up Paddle Board</li><li>Płeć: Unisex</li><li>Sport: Stand Up Paddle Board</li></ul>;Gardening & DIY;Pop Pulse Emporium;https://cdnbigbuy.com/images/8719407081131_S7926804_P00.jpg;;;;new;1.0;36.8;70.1;42.4
8719407081131;cs-CZ;Vzduchová bomba Lifetime;Pokud hledáte nejnovější trendy na trhu, máme tu čest vám představit <b>Vzduchová bomba Lifetime</b>!<br><br><ul><li>Typ: <ul><li>Nafukovací prkno na paddle surf s příslušenstvím</li><li>Vzduchová bomba</li></ul></li><li>Barva: Černý</li><li>Vlastnosti: Snadné uložení a přenos</li><li>Tlakové: 2 bares</li><li>Doporučené použití: Surfovací pádlo</li><li>Pohlaví: Unisex</li><li>Sport: Surfovací pádlo</li></ul>;Pokud hledáte nejnovější trendy na trhu, máme tu čest vám představit <b>Vzduchová bomba Lifetime</b>!<br><br><ul><li>Typ: <ul><li>Nafukovací prkno na paddle surf s příslušenstvím</li><li>Vzduchová bomba</li></ul></li><li>Barva: Černý</li><li>Vlastnosti: Snadné uložení a přenos</li><li>Tlakové: 2 bares</li><li>Doporučené použití: Surfovací pádlo</li><li>Pohlaví: Unisex</li><li>Sport: Surfovací pádlo</li></ul>;Gardening & DIY;Pop Pulse Emporium;https://cdnbigbuy.com/images/8719407081131_S7926804_P00.jpg;;;;new;1.0;36.8;70.1;42.4
8445402691920;de-AT;Paddelschläger Bullpadel Icon 2025;Wenn Sie auf der Suche nach trendigen Neuheiten auf dem Markt sind, präsentieren wir Ihnen <b>Paddelschläger Bullpadel Icon 2025</b>!<br><br><ul><li>Art: Paddelschläger</li><li>Form: Diamant</li><li>Dicke: 38 mm</li><li>Geschlecht: Unisex-Erwachsene</li></ul>;Wenn Sie auf der Suche nach trendigen Neuheiten auf dem Markt sind, präsentieren wir Ihnen <b>Paddelschläger Bullpadel Icon 2025</b>!<br><br><ul><li>Art: Paddelschläger</li><li>Form: Diamant</li><li>Dicke: 38 mm</li><li>Geschlecht: Unisex-Erwachsene</li></ul>;Gardening & DIY;Pop Pulse Emporium;https://cdnbigbuy.com/images/8445402691920_S9919396_P00.jpg;https://cdnbigbuy.com/images/8445402691920_R10.jpg;https://cdnbigbuy.com/images/8445402691920_R20.jpg;https://cdnbigbuy.com/images/8445402691920_R00.jpg;new;0.6;10.0;35.0;51.0
8445402691920;de-DE;Paddelschläger Bullpadel Icon 2025;Wenn Sie auf der Suche nach trendigen Neuheiten auf dem Markt sind, präsentieren wir Ihnen <b>Paddelschläger Bullpadel Icon 2025</b>!<br><br><ul><li>Art: Paddelschläger</li><li>Form: Diamant</li><li>Dicke: 38 mm</li><li>Geschlecht: Unisex-Erwachsene</li></ul>;Wenn Sie auf der Suche nach trendigen Neuheiten auf dem Markt sind, präsentieren wir Ihnen <b>Paddelschläger Bullpadel Icon 2025</b>!<br><br><ul><li>Art: Paddelschläger</li><li>Form: Diamant</li><li>Dicke: 38 mm</li><li>Geschlecht: Unisex-Erwachsene</li></ul>;Gardening & DIY;Pop Pulse Emporium;https://cdnbigbuy.com/images/8445402691920_S9919396_P00.jpg;https://cdnbigbuy.com/images/8445402691920_R10.jpg;https://cdnbigbuy.com/images/8445402691920_R20.jpg;https://cdnbigbuy.com/images/8445402691920_R00.jpg;new;0.6;10.0;35.0;51.0
8445402691920;sk-SK;Raketa na padel Bullpadel Icon 2025;Ak hľadáte nové trendy na trhu, predstavujeme <b>Raketa na padel Bullpadel Icon 2025</b>!<br><br><ul><li>Typ: Raketa na padel</li><li>Tvar: Diamant</li><li>Hrúbka: 38 mm</li><li>Pohlavie: Unisex dospelí</li></ul>;Ak hľadáte nové trendy na trhu, predstavujeme <b>Raketa na padel Bullpadel Icon 2025</b>!<br><br><ul><li>Typ: Raketa na padel</li><li>Tvar: Diamant</li><li>Hrúbka: 38 mm</li><li>Pohlavie: Unisex dospelí</li></ul>;Gardening & DIY;Pop Pulse Emporium;https://cdnbigbuy.com/images/8445402691920_S9919396_P00.jpg;https://cdnbigbuy.com/images/8445402691920_R10.jpg;https://cdnbigbuy.com/images/8445402691920_R20.jpg;https://cdnbigbuy.com/images/8445402691920_R00.jpg;new;0.6;10.0;35.0;51.0
8445402691920;pl-PL;Rakieta do Padla Bullpadel Icon 2025;Jeśli szukasz trendów na rynku, prezentujemy <b>Rakieta do Padla Bullpadel Icon 2025</b>!<br><br><ul><li>Rodzaj: Rakieta do Padla</li><li>Kształt: Diament</li><li>Grubość: 38 mm</li><li>Płeć: Unisex dorośli</li></ul>;Jeśli szukasz trendów na rynku, prezentujemy <b>Rakieta do Padla Bullpadel Icon 2025</b>!<br><br><ul><li>Rodzaj: Rakieta do Padla</li><li>Kształt: Diament</li><li>Grubość: 38 mm</li><li>Płeć: Unisex dorośli</li></ul>;Gardening & DIY;Pop Pulse Emporium;https://cdnbigbuy.com/images/8445402691920_S9919396_P00.jpg;https://cdnbigbuy.com/images/8445402691920_R10.jpg;https://cdnbigbuy.com/images/8445402691920_R20.jpg;https://cdnbigbuy.com/images/8445402691920_R00.jpg;new;0.6;10.0;35.0;51.0
8445402691920;cs-CZ;Raketa Padel Bullpadel Icon 2025;Pokud hledáte nejnovější trendy na trhu, máme tu čest vám představit <b>Raketa Padel Bullpadel Icon 2025</b>!<br><br><ul><li>Typ: Raketa Padel</li><li>Tvar: Diamant</li><li>Tloušťka: 38 mm</li><li>Pohlaví: Unisex dospělí</li></ul>;Pokud hledáte nejnovější trendy na trhu, máme tu čest vám představit <b>Raketa Padel Bullpadel Icon 2025</b>!<br><br><ul><li>Typ: Raketa Padel</li><li>Tvar: Diamant</li><li>Tloušťka: 38 mm</li><li>Pohlaví: Unisex dospělí</li></ul>;Gardening & DIY;Pop Pulse Emporium;https://cdnbigbuy.com/images/8445402691920_S9919396_P00.jpg;https://cdnbigbuy.com/images/8445402691920_R10.jpg;https://cdnbigbuy.com/images/8445402691920_R20.jpg;https://cdnbigbuy.com/images/8445402691920_R00.jpg;new;0.6;10.0;35.0;51.0
4899888792789;de-AT;Fussballtor Real Madrid C.F. 120 x 80 x 80 cm (2 Stück);Bleiben Sie in Form und entdecken Sie die neuesten Innovationen der Branche, um mit den besten Voraussetzungen Sport zu betreiben! Kaufen Sie <b>Fussballtor Real Madrid C.F. 120 x 80 x 80 cm (2 Stück)</b> zum besten Preis und genießen Sie ein gesundes Leben!<br><br><ul><li>Merkmale: <ul><li>Biegsam</li><li>Auto pop-up</li></ul></li><li>Art: Fussballtor</li><li>Material: Kunststoff</li><li>Empfohlenes Alter: + 3 jahre</li><li>Stückzahl: 2 Stück</li><li>Maße ca.: 120 x 80 x 80 cm</li></ul>;Bleiben Sie in Form und entdecken Sie die neuesten Innovationen der Branche, um mit den besten Voraussetzungen Sport zu betreiben! Kaufen Sie <b>Fussballtor Real Madrid C.F. 120 x 80 x 80 cm (2 Stück)</b> zum besten Preis und genießen Sie ein gesundes Leben!<br><br><ul><li>Merkmale: <ul><li>Biegsam</li><li>Auto pop-up</li></ul></li><li>Art: Fussballtor</li><li>Material: Kunststoff</li><li>Empfohlenes Alter: + 3 jahre</li><li>Stückzahl: 2 Stück</li><li>Maße ca.: 120 x 80 x 80 cm</li></ul>;Gardening & DIY;Pop Pulse Emporium;https://cdnbigbuy.com/images/4899888792789_s8906406_p0_icon0.jpg;https://cdnbigbuy.com/images/4899888792789_S8906406_P50.jpg;https://cdnbigbuy.com/images/4899888792789_S8906406_P10.jpg;https://cdnbigbuy.com/images/4899888792789_S8906406_P20.jpg;new;2.89;28.5;22.6;16.8
4899888792789;de-DE;Fussballtor Real Madrid C.F. 120 x 80 x 80 cm (2 Stück);Bleiben Sie in Form und entdecken Sie die neuesten Innovationen der Branche, um mit den besten Voraussetzungen Sport zu betreiben! Kaufen Sie <b>Fussballtor Real Madrid C.F. 120 x 80 x 80 cm (2 Stück)</b> zum besten Preis und genießen Sie ein gesundes Leben!<br><br><ul><li>Merkmale: <ul><li>Biegsam</li><li>Auto pop-up</li></ul></li><li>Art: Fussballtor</li><li>Material: Kunststoff</li><li>Empfohlenes Alter: + 3 jahre</li><li>Stückzahl: 2 Stück</li><li>Maße ca.: 120 x 80 x 80 cm</li></ul>;Bleiben Sie in Form und entdecken Sie die neuesten Innovationen der Branche, um mit den besten Voraussetzungen Sport zu betreiben! Kaufen Sie <b>Fussballtor Real Madrid C.F. 120 x 80 x 80 cm (2 Stück)</b> zum besten Preis und genießen Sie ein gesundes Leben!<br><br><ul><li>Merkmale: <ul><li>Biegsam</li><li>Auto pop-up</li></ul></li><li>Art: Fussballtor</li><li>Material: Kunststoff</li><li>Empfohlenes Alter: + 3 jahre</li><li>Stückzahl: 2 Stück</li><li>Maße ca.: 120 x 80 x 80 cm</li></ul>;Gardening & DIY;Pop Pulse Emporium;https://cdnbigbuy.com/images/4899888792789_s8906406_p0_icon0.jpg;https://cdnbigbuy.com/images/4899888792789_S8906406_P50.jpg;https://cdnbigbuy.com/images/4899888792789_S8906406_P10.jpg;https://cdnbigbuy.com/images/4899888792789_S8906406_P20.jpg;new;2.89;28.5;22.6;16.8
4899888792789;sk-SK;Futbalová bránka Real Madrid C.F. 120 x 80 x 80 cm (2 kusov);Udržujte sa vo forme a objavte posledné novinky zo sveta športu s tými najväčšími zárukami! Nakúpte <b>Futbalová bránka Real Madrid C.F. 120 x 80 x 80 cm (2 kusov)</b> za najlepšiu cenu a užívajte si zdravý život!<br><br><ul><li>Vlastnosti: <ul><li>Skladateľný</li><li>Auto pop-up</li></ul></li><li>Typ: Futbalová bránka</li><li>Materiál: Plastické</li><li>Odporúčaný vek: + 3 rokov</li><li>Kusov: 2 kusov</li><li>Približné rozmery: 120 x 80 x 80 cm</li></ul>;Udržujte sa vo forme a objavte posledné novinky zo sveta športu s tými najväčšími zárukami! Nakúpte <b>Futbalová bránka Real Madrid C.F. 120 x 80 x 80 cm (2 kusov)</b> za najlepšiu cenu a užívajte si zdravý život!<br><br><ul><li>Vlastnosti: <ul><li>Skladateľný</li><li>Auto pop-up</li></ul></li><li>Typ: Futbalová bránka</li><li>Materiál: Plastické</li><li>Odporúčaný vek: + 3 rokov</li><li>Kusov: 2 kusov</li><li>Približné rozmery: 120 x 80 x 80 cm</li></ul>;Gardening & DIY;Pop Pulse Emporium;https://cdnbigbuy.com/images/4899888792789_s8906406_p0_icon0.jpg;https://cdnbigbuy.com/images/4899888792789_S8906406_P50.jpg;https://cdnbigbuy.com/images/4899888792789_S8906406_P10.jpg;https://cdnbigbuy.com/images/4899888792789_S8906406_P20.jpg;new;2.89;28.5;22.6;16.8
4899888792789;pl-PL;Bramka do Piłki Nożnej Real Madrid C.F. 120 x 80 x 80 cm (2 Sztuk);Utrzymaj kondycję i odkryj wszystkie nowości związane z uprawianiem sportu z najkorzystniejszymi warunkami! Kupuj <b>Bramka do Piłki Nożnej Real Madrid C.F. 120 x 80 x 80 cm (2 Sztuk)</b> o najkorzystniejszej cenie i ciesz się zdrowym życiem!<br><br><ul><li>Właściwości: <ul><li>Składany</li><li>Auto pop-up</li></ul></li><li>Rodzaj: Bramka do Piłki Nożnej</li><li>Materiał: Plastikowy</li><li>Zalecany Wiek: + 3 lat</li><li>Sztuk: 2 Sztuk</li><li>Wymiary ok.: 120 x 80 x 80 cm</li></ul>;Utrzymaj kondycję i odkryj wszystkie nowości związane z uprawianiem sportu z najkorzystniejszymi warunkami! Kupuj <b>Bramka do Piłki Nożnej Real Madrid C.F. 120 x 80 x 80 cm (2 Sztuk)</b> o najkorzystniejszej cenie i ciesz się zdrowym życiem!<br><br><ul><li>Właściwości: <ul><li>Składany</li><li>Auto pop-up</li></ul></li><li>Rodzaj: Bramka do Piłki Nożnej</li><li>Materiał: Plastikowy</li><li>Zalecany Wiek: + 3 lat</li><li>Sztuk: 2 Sztuk</li><li>Wymiary ok.: 120 x 80 x 80 cm</li></ul>;Gardening & DIY;Pop Pulse Emporium;https://cdnbigbuy.com/images/4899888792789_s8906406_p0_icon0.jpg;https://cdnbigbuy.com/images/4899888792789_S8906406_P50.jpg;https://cdnbigbuy.com/images/4899888792789_S8906406_P10.jpg;https://cdnbigbuy.com/images/4899888792789_S8906406_P20.jpg;new;2.89;28.5;22.6;16.8
4899888792789;cs-CZ;Fotbalová brána Real Madrid C.F. 120 x 80 x 80 cm (2 kusů);Zůstaňte ve formě a objevujte poslední novinky ze sportovního světa s největšími zárukami! Nakupte <b>Fotbalová brána Real Madrid C.F. 120 x 80 x 80 cm (2 kusů)</b> za nejlepší cenu a užívejte si života plného zdraví!<br><br><ul><li>Vlastnosti: <ul><li>Skládací</li><li>Auto pop-up</li></ul></li><li>Typ: Fotbalová brána</li><li>Materiál: Plastické</li><li>Doporučený věk: + 3 roků</li><li>Kusů: 2 kusů</li><li>Přibližné rozměry: 120 x 80 x 80 cm</li></ul>;Zůstaňte ve formě a objevujte poslední novinky ze sportovního světa s největšími zárukami! Nakupte <b>Fotbalová brána Real Madrid C.F. 120 x 80 x 80 cm (2 kusů)</b> za nejlepší cenu a užívejte si života plného zdraví!<br><br><ul><li>Vlastnosti: <ul><li>Skládací</li><li>Auto pop-up</li></ul></li><li>Typ: Fotbalová brána</li><li>Materiál: Plastické</li><li>Doporučený věk: + 3 roků</li><li>Kusů: 2 kusů</li><li>Přibližné rozměry: 120 x 80 x 80 cm</li></ul>;Gardening & DIY;Pop Pulse Emporium;https://cdnbigbuy.com/images/4899888792789_s8906406_p0_icon0.jpg;https://cdnbigbuy.com/images/4899888792789_S8906406_P50.jpg;https://cdnbigbuy.com/images/4899888792789_S8906406_P10.jpg;https://cdnbigbuy.com/images/4899888792789_S8906406_P20.jpg;new;2.89;28.5;22.6;16.8
8421078039099;de-AT;Gaskocher JATA JECG2721;Wenn Sie auf der Suche nach trendigen Neuheiten auf dem Markt sind, präsentieren wir Ihnen <b>Gaskocher JATA JECG2721</b>!<br><br><ul><li>Art: Gaskocher</li></ul>;Wenn Sie auf der Suche nach trendigen Neuheiten auf dem Markt sind, präsentieren wir Ihnen <b>Gaskocher JATA JECG2721</b>!<br><br><ul><li>Art: Gaskocher</li></ul>;Gardening & DIY;Pop Pulse Emporium;https://cdnbigbuy.com/images/8421078039099_R00.jpg;https://cdnbigbuy.com/images/8421078039099_R10.jpg;https://cdnbigbuy.com/images/8421078039099_R20.jpg;https://cdnbigbuy.com/images/8421078039099_R30.jpg;new;5.0;38.1;47.1;22.7
8421078039099;de-DE;Gaskocher JATA JECG2721;Wenn Sie auf der Suche nach trendigen Neuheiten auf dem Markt sind, präsentieren wir Ihnen <b>Gaskocher JATA JECG2721</b>!<br><br><ul><li>Art: Gaskocher</li></ul>;Wenn Sie auf der Suche nach trendigen Neuheiten auf dem Markt sind, präsentieren wir Ihnen <b>Gaskocher JATA JECG2721</b>!<br><br><ul><li>Art: Gaskocher</li></ul>;Gardening & DIY;Pop Pulse Emporium;https://cdnbigbuy.com/images/8421078039099_R00.jpg;https://cdnbigbuy.com/images/8421078039099_R10.jpg;https://cdnbigbuy.com/images/8421078039099_R20.jpg;https://cdnbigbuy.com/images/8421078039099_R30.jpg;new;5.0;38.1;47.1;22.7
8421078039099;sk-SK;plynový varič JATA JECG2721;Ak hľadáte nové trendy na trhu, predstavujeme <b>plynový varič JATA JECG2721</b>!<br><br><ul><li>Typ: plynový varič</li></ul>;Ak hľadáte nové trendy na trhu, predstavujeme <b>plynový varič JATA JECG2721</b>!<br><br><ul><li>Typ: plynový varič</li></ul>;Gardening & DIY;Pop Pulse Emporium;https://cdnbigbuy.com/images/8421078039099_R00.jpg;https://cdnbigbuy.com/images/8421078039099_R10.jpg;https://cdnbigbuy.com/images/8421078039099_R20.jpg;https://cdnbigbuy.com/images/8421078039099_R30.jpg;new;5.0;38.1;47.1;22.7
8421078039099;pl-PL;gazowa kuchenka turystyczna JATA JECG2721;Jeśli szukasz trendów na rynku, prezentujemy <b>gazowa kuchenka turystyczna JATA JECG2721</b>!<br><br><ul><li>Rodzaj: gazowa kuchenka turystyczna</li></ul>;Jeśli szukasz trendów na rynku, prezentujemy <b>gazowa kuchenka turystyczna JATA JECG2721</b>!<br><br><ul><li>Rodzaj: gazowa kuchenka turystyczna</li></ul>;Gardening & DIY;Pop Pulse Emporium;https://cdnbigbuy.com/images/8421078039099_R00.jpg;https://cdnbigbuy.com/images/8421078039099_R10.jpg;https://cdnbigbuy.com/images/8421078039099_R20.jpg;https://cdnbigbuy.com/images/8421078039099_R30.jpg;new;5.0;38.1;47.1;22.7
8421078039099;cs-CZ;plynový vařič JATA JECG2721;Pokud hledáte nejnovější trendy na trhu, máme tu čest vám představit <b>plynový vařič JATA JECG2721</b>!<br><br><ul><li>Typ: plynový vařič</li></ul>;Pokud hledáte nejnovější trendy na trhu, máme tu čest vám představit <b>plynový vařič JATA JECG2721</b>!<br><br><ul><li>Typ: plynový vařič</li></ul>;Gardening & DIY;Pop Pulse Emporium;https://cdnbigbuy.com/images/8421078039099_R00.jpg;https://cdnbigbuy.com/images/8421078039099_R10.jpg;https://cdnbigbuy.com/images/8421078039099_R20.jpg;https://cdnbigbuy.com/images/8421078039099_R30.jpg;new;5.0;38.1;47.1;22.7
8033280490188;de-AT;Sportjackefür Herren Sparco;Bleiben Sie in Form und entdecken Sie die neuesten Innovationen der Branche, um mit den besten Voraussetzungen Sport zu betreiben! Kaufen Sie <b>Sportjackefür Herren Sparco</b> zum besten Preis und genießen Sie ein gesundes Leben!<br><br><ul><li>Art: Sportjacke</li><li>Merkmale: In der Maschine waschbar</li></ul>;Bleiben Sie in Form und entdecken Sie die neuesten Innovationen der Branche, um mit den besten Voraussetzungen Sport zu betreiben! Kaufen Sie <b>Sportjackefür Herren Sparco</b> zum besten Preis und genießen Sie ein gesundes Leben!<br><br><ul><li>Art: Sportjacke</li><li>Merkmale: In der Maschine waschbar</li></ul>;Gardening & DIY;Pop Pulse Emporium;https://cdnbigbuy.com/images/8033280490188_R00.jpg;;;;new;0.92;7.1;30.6;29.0
8033280490188;de-DE;Sportjackefür Herren Sparco;Bleiben Sie in Form und entdecken Sie die neuesten Innovationen der Branche, um mit den besten Voraussetzungen Sport zu betreiben! Kaufen Sie <b>Sportjackefür Herren Sparco</b> zum besten Preis und genießen Sie ein gesundes Leben!<br><br><ul><li>Art: Sportjacke</li><li>Merkmale: In der Maschine waschbar</li></ul>;Bleiben Sie in Form und entdecken Sie die neuesten Innovationen der Branche, um mit den besten Voraussetzungen Sport zu betreiben! Kaufen Sie <b>Sportjackefür Herren Sparco</b> zum besten Preis und genießen Sie ein gesundes Leben!<br><br><ul><li>Art: Sportjacke</li><li>Merkmale: In der Maschine waschbar</li></ul>;Gardening & DIY;Pop Pulse Emporium;https://cdnbigbuy.com/images/8033280490188_R00.jpg;;;;new;0.92;7.1;30.6;29.0
8033280490188;sk-SK;Pánska športová bunda Sparco;Udržujte sa vo forme a objavte posledné novinky zo sveta športu s tými najväčšími zárukami! Nakúpte <b>Pánska športová bunda Sparco</b> za najlepšiu cenu a užívajte si zdravý život!<br><br><ul><li>Typ: Športová bunda</li><li>Vlastnosti: Možno prať v práčke</li></ul>;Udržujte sa vo forme a objavte posledné novinky zo sveta športu s tými najväčšími zárukami! Nakúpte <b>Pánska športová bunda Sparco</b> za najlepšiu cenu a užívajte si zdravý život!<br><br><ul><li>Typ: Športová bunda</li><li>Vlastnosti: Možno prať v práčke</li></ul>;Gardening & DIY;Pop Pulse Emporium;https://cdnbigbuy.com/images/8033280490188_R00.jpg;;;;new;0.92;7.1;30.6;29.0
8033280490188;pl-PL;Męska kurtka sportowa Sparco;Utrzymaj kondycję i odkryj wszystkie nowości związane z uprawianiem sportu z najkorzystniejszymi warunkami! Kupuj <b>Męska kurtka sportowa Sparco</b> o najkorzystniejszej cenie i ciesz się zdrowym życiem!<br><br><ul><li>Rodzaj: Kurtka sportowa</li><li>Właściwości: Można prać w pralce</li></ul>;Utrzymaj kondycję i odkryj wszystkie nowości związane z uprawianiem sportu z najkorzystniejszymi warunkami! Kupuj <b>Męska kurtka sportowa Sparco</b> o najkorzystniejszej cenie i ciesz się zdrowym życiem!<br><br><ul><li>Rodzaj: Kurtka sportowa</li><li>Właściwości: Można prać w pralce</li></ul>;Gardening & DIY;Pop Pulse Emporium;https://cdnbigbuy.com/images/8033280490188_R00.jpg;;;;new;0.92;7.1;30.6;29.0
8033280490188;cs-CZ;Pánská sportovní bunda Sparco;Zůstaňte ve formě a objevujte poslední novinky ze sportovního světa s největšími zárukami! Nakupte <b>Pánská sportovní bunda Sparco</b> za nejlepší cenu a užívejte si života plného zdraví!<br><br><ul><li>Typ: Sportovní bunda</li><li>Vlastnosti: Pratelný v pračce</li></ul>;Zůstaňte ve formě a objevujte poslední novinky ze sportovního světa s největšími zárukami! Nakupte <b>Pánská sportovní bunda Sparco</b> za nejlepší cenu a užívejte si života plného zdraví!<br><br><ul><li>Typ: Sportovní bunda</li><li>Vlastnosti: Pratelný v pračce</li></ul>;Gardening & DIY;Pop Pulse Emporium;https://cdnbigbuy.com/images/8033280490188_R00.jpg;;;;new;0.92;7.1;30.6;29.0
8436603199971;de-AT;Paddelschläger Nox LA10 Quantum 12K 2025;Wenn Sie auf der Suche nach trendigen Neuheiten auf dem Markt sind, präsentieren wir Ihnen <b>Paddelschläger Nox LA10 Quantum 12K 2025</b>!<br><br><ul><li>Art: Paddelschläger</li><li>Form: Diamant</li></ul>;Wenn Sie auf der Suche nach trendigen Neuheiten auf dem Markt sind, präsentieren wir Ihnen <b>Paddelschläger Nox LA10 Quantum 12K 2025</b>!<br><br><ul><li>Art: Paddelschläger</li><li>Form: Diamant</li></ul>;Gardening & DIY;Pop Pulse Emporium;https://cdnbigbuy.com/images/8436603199971_S9918824_P00.jpg;;;;new;0.6;10.0;35.0;51.0
8436603199971;de-DE;Paddelschläger Nox LA10 Quantum 12K 2025;Wenn Sie auf der Suche nach trendigen Neuheiten auf dem Markt sind, präsentieren wir Ihnen <b>Paddelschläger Nox LA10 Quantum 12K 2025</b>!<br><br><ul><li>Art: Paddelschläger</li><li>Form: Diamant</li></ul>;Wenn Sie auf der Suche nach trendigen Neuheiten auf dem Markt sind, präsentieren wir Ihnen <b>Paddelschläger Nox LA10 Quantum 12K 2025</b>!<br><br><ul><li>Art: Paddelschläger</li><li>Form: Diamant</li></ul>;Gardening & DIY;Pop Pulse Emporium;https://cdnbigbuy.com/images/8436603199971_S9918824_P00.jpg;;;;new;0.6;10.0;35.0;51.0
8436603199971;sk-SK;Raketa na padel Nox LA10 Quantum 12K 2025;Ak hľadáte nové trendy na trhu, predstavujeme <b>Raketa na padel Nox LA10 Quantum 12K 2025</b>!<br><br><ul><li>Typ: Raketa na padel</li><li>Tvar: Diamant</li></ul>;Ak hľadáte nové trendy na trhu, predstavujeme <b>Raketa na padel Nox LA10 Quantum 12K 2025</b>!<br><br><ul><li>Typ: Raketa na padel</li><li>Tvar: Diamant</li></ul>;Gardening & DIY;Pop Pulse Emporium;https://cdnbigbuy.com/images/8436603199971_S9918824_P00.jpg;;;;new;0.6;10.0;35.0;51.0
8436603199971;pl-PL;Rakieta do Padla Nox LA10 Quantum 12K 2025;Jeśli szukasz trendów na rynku, prezentujemy <b>Rakieta do Padla Nox LA10 Quantum 12K 2025</b>!<br><br><ul><li>Rodzaj: Rakieta do Padla</li><li>Kształt: Diament</li></ul>;Jeśli szukasz trendów na rynku, prezentujemy <b>Rakieta do Padla Nox LA10 Quantum 12K 2025</b>!<br><br><ul><li>Rodzaj: Rakieta do Padla</li><li>Kształt: Diament</li></ul>;Gardening & DIY;Pop Pulse Emporium;https://cdnbigbuy.com/images/8436603199971_S9918824_P00.jpg;;;;new;0.6;10.0;35.0;51.0
8436603199971;cs-CZ;Raketa Padel Nox LA10 Quantum 12K 2025;Pokud hledáte nejnovější trendy na trhu, máme tu čest vám představit <b>Raketa Padel Nox LA10 Quantum 12K 2025</b>!<br><br><ul><li>Typ: Raketa Padel</li><li>Tvar: Diamant</li></ul>;Pokud hledáte nejnovější trendy na trhu, máme tu čest vám představit <b>Raketa Padel Nox LA10 Quantum 12K 2025</b>!<br><br><ul><li>Typ: Raketa Padel</li><li>Tvar: Diamant</li></ul>;Gardening & DIY;Pop Pulse Emporium;https://cdnbigbuy.com/images/8436603199971_S9918824_P00.jpg;;;;new;0.6;10.0;35.0;51.0
8412688608133;de-AT;Sporttasche Real Madrid C.F. 40 x 24 x 23 cm;Wenn Sie auf der Suche nach trendigen Neuheiten auf dem Markt sind, präsentieren wir Ihnen <b>Sporttasche Real Madrid C.F. 40 x 24 x 23 cm</b>!<br><br><ul><li>Art: Sporttasche</li><li>Merkmale: <ul><li>Verstellbarer Gurt</li><li>Entfernbare Auskleidung</li><li>Verstärkt</li><li>Mit oberem Griff</li></ul></li><li>Design: Sportlich</li><li>Material: Polyester</li><li>Verschluss Armband: Reißverschluss</li><li>Enthalten: 2 Griffe und Vordertasche mit Reißverschluss</li><li>Maße ca.: 40 x 24 x 23 cm</li></ul>;Wenn Sie auf der Suche nach trendigen Neuheiten auf dem Markt sind, präsentieren wir Ihnen <b>Sporttasche Real Madrid C.F. 40 x 24 x 23 cm</b>!<br><br><ul><li>Art: Sporttasche</li><li>Merkmale: <ul><li>Verstellbarer Gurt</li><li>Entfernbare Auskleidung</li><li>Verstärkt</li><li>Mit oberem Griff</li></ul></li><li>Design: Sportlich</li><li>Material: Polyester</li><li>Verschluss Armband: Reißverschluss</li><li>Enthalten: 2 Griffe und Vordertasche mit Reißverschluss</li><li>Maße ca.: 40 x 24 x 23 cm;Gardening & DIY;Pop Pulse Emporium;https://cdnbigbuy.com/images/8412688608133_S4313222_P00.jpg;https://cdnbigbuy.com/images/8412688608133_S4313222_P20.jpg;https://cdnbigbuy.com/images/8412688608133_S4313222_P10.jpg;;new;0.45;23.0;40.0;24.0
8412688608133;de-DE;Sporttasche Real Madrid C.F. 40 x 24 x 23 cm;Wenn Sie auf der Suche nach trendigen Neuheiten auf dem Markt sind, präsentieren wir Ihnen <b>Sporttasche Real Madrid C.F. 40 x 24 x 23 cm</b>!<br><br><ul><li>Art: Sporttasche</li><li>Merkmale: <ul><li>Verstellbarer Gurt</li><li>Entfernbare Auskleidung</li><li>Verstärkt</li><li>Mit oberem Griff</li></ul></li><li>Design: Sportlich</li><li>Material: Polyester</li><li>Verschluss Armband: Reißverschluss</li><li>Enthalten: 2 Griffe und Vordertasche mit Reißverschluss</li><li>Maße ca.: 40 x 24 x 23 cm</li></ul>;Wenn Sie auf der Suche nach trendigen Neuheiten auf dem Markt sind, präsentieren wir Ihnen <b>Sporttasche Real Madrid C.F. 40 x 24 x 23 cm</b>!<br><br><ul><li>Art: Sporttasche</li><li>Merkmale: <ul><li>Verstellbarer Gurt</li><li>Entfernbare Auskleidung</li><li>Verstärkt</li><li>Mit oberem Griff</li></ul></li><li>Design: Sportlich</li><li>Material: Polyester</li><li>Verschluss Armband: Reißverschluss</li><li>Enthalten: 2 Griffe und Vordertasche mit Reißverschluss</li><li>Maße ca.: 40 x 24 x 23 cm;Gardening & DIY;Pop Pulse Emporium;https://cdnbigbuy.com/images/8412688608133_S4313222_P00.jpg;https://cdnbigbuy.com/images/8412688608133_S4313222_P20.jpg;https://cdnbigbuy.com/images/8412688608133_S4313222_P10.jpg;;new;0.45;23.0;40.0;24.0
8412688608133;sk-SK;Športová taška Real Madrid C.F. 40 x 24 x 23 cm;Ak hľadáte nové trendy na trhu, predstavujeme <b>Športová taška Real Madrid C.F. 40 x 24 x 23 cm</b>!<br><br><ul><li>Typ: Športová taška</li><li>Vlastnosti: <ul><li>Nastaviteľná páska</li><li>Vyťahovateľná podšívka</li><li>Spevnený</li><li>Horné ucho</li></ul></li><li>Design: Športový</li><li>Zloženie: Polyester</li><li>Typ zapínania: Zips</li><li>Obsahuje: Predné vrecko so zipsom</li><li>Približné rozmery: 40 x 24 x 23 cm</li></ul>;Ak hľadáte nové trendy na trhu, predstavujeme <b>Športová taška Real Madrid C.F. 40 x 24 x 23 cm</b>!<br><br><ul><li>Typ: Športová taška</li><li>Vlastnosti: <ul><li>Nastaviteľná páska</li><li>Vyťahovateľná podšívka</li><li>Spevnený</li><li>Horné ucho</li></ul></li><li>Design: Športový</li><li>Zloženie: Polyester</li><li>Typ zapínania: Zips</li><li>Obsahuje: Predné vrecko so zipsom</li><li>Približné rozmery: 40 x 24 x 23 cm</li></ul>;Gardening & DIY;Pop Pulse Emporium;https://cdnbigbuy.com/images/8412688608133_S4313222_P00.jpg;https://cdnbigbuy.com/images/8412688608133_S4313222_P20.jpg;https://cdnbigbuy.com/images/8412688608133_S4313222_P10.jpg;;new;0.45;23.0;40.0;24.0
8412688608133;pl-PL;torba sportowa Real Madrid C.F. 40 x 24 x 23 cm;Jeśli szukasz trendów na rynku, prezentujemy <b>torba sportowa Real Madrid C.F. 40 x 24 x 23 cm</b>!<br><br><ul><li>Rodzaj: torba sportowa</li><li>Właściwości: <ul><li>Regulowana taśma</li><li>Odpinana podszewka</li><li>Wzmocniona</li><li>Uchwyt u góry</li></ul></li><li>Design: Sportowe</li><li>Materiał: Poliester</li><li>Rodzaj zapięcia: Zamek błyskawiczny</li><li>Zawiera: Przednia kieszeń zamykana na suwak</li><li>Wymiary ok.: 40 x 24 x 23 cm</li></ul>;Jeśli szukasz trendów na rynku, prezentujemy <b>torba sportowa Real Madrid C.F. 40 x 24 x 23 cm</b>!<br><br><ul><li>Rodzaj: torba sportowa</li><li>Właściwości: <ul><li>Regulowana taśma</li><li>Odpinana podszewka</li><li>Wzmocniona</li><li>Uchwyt u góry</li></ul></li><li>Design: Sportowe</li><li>Materiał: Poliester</li><li>Rodzaj zapięcia: Zamek błyskawiczny</li><li>Zawiera: Przednia kieszeń zamykana na suwak</li><li>Wymiary ok.: 40 x 24 x 23 cm</li></ul>;Gardening & DIY;Pop Pulse Emporium;https://cdnbigbuy.com/images/8412688608133_S4313222_P00.jpg;https://cdnbigbuy.com/images/8412688608133_S4313222_P20.jpg;https://cdnbigbuy.com/images/8412688608133_S4313222_P10.jpg;;new;0.45;23.0;40.0;24.0
8412688608133;cs-CZ;Sportovní taška Real Madrid C.F. 40 x 24 x 23 cm;Pokud hledáte nejnovější trendy na trhu, máme tu čest vám představit <b>Sportovní taška Real Madrid C.F. 40 x 24 x 23 cm</b>!<br><br><ul><li>Typ: Sportovní taška</li><li>Vlastnosti: <ul><li>Nastavitelná páska</li><li>Odstranitelná podšívka</li><li>Posílená</li><li>Horní ucho</li></ul></li><li>Design: Sportovní</li><li>Složení: Polyester</li><li>Typ zapínání: zip</li><li>Obsahuje: Přední kapsa se zipem</li><li>Přibližné rozměry: 40 x 24 x 23 cm</li></ul>;Pokud hledáte nejnovější trendy na trhu, máme tu čest vám představit <b>Sportovní taška Real Madrid C.F. 40 x 24 x 23 cm</b>!<br><br><ul><li>Typ: Sportovní taška</li><li>Vlastnosti: <ul><li>Nastavitelná páska</li><li>Odstranitelná podšívka</li><li>Posílená</li><li>Horní ucho</li></ul></li><li>Design: Sportovní</li><li>Složení: Polyester</li><li>Typ zapínání: zip</li><li>Obsahuje: Přední kapsa se zipem</li><li>Přibližné rozměry: 40 x 24 x 23 cm</li></ul>;Gardening & DIY;Pop Pulse Emporium;https://cdnbigbuy.com/images/8412688608133_S4313222_P00.jpg;https://cdnbigbuy.com/images/8412688608133_S4313222_P20.jpg;https://cdnbigbuy.com/images/8412688608133_S4313222_P10.jpg;;new;0.45;23.0;40.0;24.0
8436612940861;de-AT;Schlägertasche Starvie Tour Blue Blau;Bleiben Sie in Form und entdecken Sie die neuesten Innovationen der Branche, um mit den besten Voraussetzungen Sport zu betreiben! Kaufen Sie <b>Schlägertasche Starvie Tour Blue Blau</b> zum besten Preis und genießen Sie ein gesundes Leben!<br><br><ul><li>Art: Schlägertasche</li><li>Geschlecht: Unisex</li><li>Empfohlenes Alter: Erwachsene</li><li>Größe: Einheitsgröße</li><li>Farbe: Blau</li><li>Verschluss Armband: Reißverschluss</li><li>Sport: Paddel</li></ul>;Bleiben Sie in Form und entdecken Sie die neuesten Innovationen der Branche, um mit den besten Voraussetzungen Sport zu betreiben! Kaufen Sie <b>Schlägertasche Starvie Tour Blue Blau</b> zum besten Preis und genießen Sie ein gesundes Leben!<br><br><ul><li>Art: Schlägertasche</li><li>Geschlecht: Unisex</li><li>Empfohlenes Alter: Erwachsene</li><li>Größe: Einheitsgröße</li><li>Farbe: Blau</li><li>Verschluss Armband: Reißverschluss</li><li>Sport: Paddel</li></ul>;Gardening & DIY;Pop Pulse Emporium;https://cdnbigbuy.com/images/8436612940861_S64194119_P00.jpg;https://cdnbigbuy.com/images/8436612940861_S64194119_P20.jpg;https://cdnbigbuy.com/images/8436612940861_S64194119_P30.jpg;;new;0.48;30.1;48.0;32.4
8436612940861;de-DE;Schlägertasche Starvie Tour Blue Blau;Bleiben Sie in Form und entdecken Sie die neuesten Innovationen der Branche, um mit den besten Voraussetzungen Sport zu betreiben! Kaufen Sie <b>Schlägertasche Starvie Tour Blue Blau</b> zum besten Preis und genießen Sie ein gesundes Leben!<br><br><ul><li>Art: Schlägertasche</li><li>Geschlecht: Unisex</li><li>Empfohlenes Alter: Erwachsene</li><li>Größe: Einheitsgröße</li><li>Farbe: Blau</li><li>Verschluss Armband: Reißverschluss</li><li>Sport: Paddel</li></ul>;Bleiben Sie in Form und entdecken Sie die neuesten Innovationen der Branche, um mit den besten Voraussetzungen Sport zu betreiben! Kaufen Sie <b>Schlägertasche Starvie Tour Blue Blau</b> zum besten Preis und genießen Sie ein gesundes Leben!<br><br><ul><li>Art: Schlägertasche</li><li>Geschlecht: Unisex</li><li>Empfohlenes Alter: Erwachsene</li><li>Größe: Einheitsgröße</li><li>Farbe: Blau</li><li>Verschluss Armband: Reißverschluss</li><li>Sport: Paddel</li></ul>;Gardening & DIY;Pop Pulse Emporium;https://cdnbigbuy.com/images/8436612940861_S64194119_P00.jpg;https://cdnbigbuy.com/images/8436612940861_S64194119_P20.jpg;https://cdnbigbuy.com/images/8436612940861_S64194119_P30.jpg;;new;0.48;30.1;48.0;32.4
8436612940861;sk-SK;Taška na rakety Starvie Tour Blue Modrá;Udržujte sa vo forme a objavte posledné novinky zo sveta športu s tými najväčšími zárukami! Nakúpte <b>Taška na rakety Starvie Tour Blue Modrá</b> za najlepšiu cenu a užívajte si zdravý život!<br><br><ul><li>Typ: Taška na rakety</li><li>Pohlavie: Unisex</li><li>Odporúčaný vek: Deti</li><li>Veľkosť: Jednotná veľkosť</li><li>Farba: Modrá</li><li>Typ zapínania: Zips</li><li>Šport: Loptičky na padel</li></ul>;Udržujte sa vo forme a objavte posledné novinky zo sveta športu s tými najväčšími zárukami! Nakúpte <b>Taška na rakety Starvie Tour Blue Modrá</b> za najlepšiu cenu a užívajte si zdravý život!<br><br><ul><li>Typ: Taška na rakety</li><li>Pohlavie: Unisex</li><li>Odporúčaný vek: Deti</li><li>Veľkosť: Jednotná veľkosť</li><li>Farba: Modrá</li><li>Typ zapínania: Zips</li><li>Šport: Loptičky na padel</li></ul>;Gardening & DIY;Pop Pulse Emporium;https://cdnbigbuy.com/images/8436612940861_S64194119_P00.jpg;https://cdnbigbuy.com/images/8436612940861_S64194119_P20.jpg;https://cdnbigbuy.com/images/8436612940861_S64194119_P30.jpg;;new;0.48;30.1;48.0;32.4
8436612940861;pl-PL;Torba na rakiety Starvie Tour Blue Niebieski;Utrzymaj kondycję i odkryj wszystkie nowości związane z uprawianiem sportu z najkorzystniejszymi warunkami! Kupuj <b>Torba na rakiety Starvie Tour Blue Niebieski</b> o najkorzystniejszej cenie i ciesz się zdrowym życiem!<br><br><ul><li>Rodzaj: Torba na rakiety</li><li>Płeć: Unisex</li><li>Zalecany Wiek: Dorosłych</li><li>Rozmiar: Jeden rozmiar</li><li>Kolor: Niebieski</li><li>Rodzaj zapięcia: Zamek błyskawiczny</li><li>Sport: Piłki do Padla</li></ul>;Utrzymaj kondycję i odkryj wszystkie nowości związane z uprawianiem sportu z najkorzystniejszymi warunkami! Kupuj <b>Torba na rakiety Starvie Tour Blue Niebieski</b> o najkorzystniejszej cenie i ciesz się zdrowym życiem!<br><br><ul><li>Rodzaj: Torba na rakiety</li><li>Płeć: Unisex</li><li>Zalecany Wiek: Dorosłych</li><li>Rozmiar: Jeden rozmiar</li><li>Kolor: Niebieski</li><li>Rodzaj zapięcia: Zamek błyskawiczny</li><li>Sport: Piłki do Padla</li></ul>;Gardening & DIY;Pop Pulse Emporium;https://cdnbigbuy.com/images/8436612940861_S64194119_P00.jpg;https://cdnbigbuy.com/images/8436612940861_S64194119_P20.jpg;https://cdnbigbuy.com/images/8436612940861_S64194119_P30.jpg;;new;0.48;30.1;48.0;32.4
8436612940861;cs-CZ;Taška na rakety Starvie Tour Blue Modrý;Zůstaňte ve formě a objevujte poslední novinky ze sportovního světa s největšími zárukami! Nakupte <b>Taška na rakety Starvie Tour Blue Modrý</b> za nejlepší cenu a užívejte si života plného zdraví!<br><br><ul><li>Typ: Taška na rakety</li><li>Pohlaví: Unisex</li><li>Doporučený věk: Dospělé</li><li>Velikost: Jednotná velikost</li><li>Barva: Modrý</li><li>Typ zapínání: zip</li><li>Sport: Padel</li></ul>;Zůstaňte ve formě a objevujte poslední novinky ze sportovního světa s největšími zárukami! Nakupte <b>Taška na rakety Starvie Tour Blue Modrý</b> za nejlepší cenu a užívejte si života plného zdraví!<br><br><ul><li>Typ: Taška na rakety</li><li>Pohlaví: Unisex</li><li>Doporučený věk: Dospělé</li><li>Velikost: Jednotná velikost</li><li>Barva: Modrý</li><li>Typ zapínání: zip</li><li>Sport: Padel</li></ul>;Gardening & DIY;Pop Pulse Emporium;https://cdnbigbuy.com/images/8436612940861_S64194119_P00.jpg;https://cdnbigbuy.com/images/8436612940861_S64194119_P20.jpg;https://cdnbigbuy.com/images/8436612940861_S64194119_P30.jpg;;new;0.48;30.1;48.0;32.4
0887791773340;de-AT;Volleyball Nike All Court Volleyball Deflated Bunt;Bleiben Sie in Form und entdecken Sie die neuesten Innovationen der Branche, um mit den besten Voraussetzungen Sport zu betreiben! Kaufen Sie <b>Volleyball Nike All Court Volleyball Deflated Bunt</b> zum besten Preis und genießen Sie ein gesundes Leben!<br><br><ul><li>Art: Volleyball</li><li>Farbe: Bunt</li><li>Geschlecht: <ul><li>Unisex</li><li>Unisex-Erwachsene</li></ul></li><li>Empfohlenes Alter: Erwachsene</li><li>Größe: Einheitsgröße</li><li>Sport: Volleyball</li></ul>;Bleiben Sie in Form und entdecken Sie die neuesten Innovationen der Branche, um mit den besten Voraussetzungen Sport zu betreiben! Kaufen Sie <b>Volleyball Nike All Court Volleyball Deflated Bunt</b> zum besten Preis und genießen Sie ein gesundes Leben!<br><br><ul><li>Art: Volleyball</li><li>Farbe: Bunt</li><li>Geschlecht: <ul><li>Unisex</li><li>Unisex-Erwachsene</li></ul></li><li>Empfohlenes Alter: Erwachsene</li><li>Größe: Einheitsgröße</li><li>Sport: Volleyball</li></ul>;Gardening & DIY;Pop Pulse Emporium;https://cdnbigbuy.com/images/0887791773340_S64193204_P00.jpg;;;;new;0.33;23.5;31.0;19.9
0887791773340;de-DE;Volleyball Nike All Court Volleyball Deflated Bunt;Bleiben Sie in Form und entdecken Sie die neuesten Innovationen der Branche, um mit den besten Voraussetzungen Sport zu betreiben! Kaufen Sie <b>Volleyball Nike All Court Volleyball Deflated Bunt</b> zum besten Preis und genießen Sie ein gesundes Leben!<br><br><ul><li>Art: Volleyball</li><li>Farbe: Bunt</li><li>Geschlecht: <ul><li>Unisex</li><li>Unisex-Erwachsene</li></ul></li><li>Empfohlenes Alter: Erwachsene</li><li>Größe: Einheitsgröße</li><li>Sport: Volleyball</li></ul>;Bleiben Sie in Form und entdecken Sie die neuesten Innovationen der Branche, um mit den besten Voraussetzungen Sport zu betreiben! Kaufen Sie <b>Volleyball Nike All Court Volleyball Deflated Bunt</b> zum besten Preis und genießen Sie ein gesundes Leben!<br><br><ul><li>Art: Volleyball</li><li>Farbe: Bunt</li><li>Geschlecht: <ul><li>Unisex</li><li>Unisex-Erwachsene</li></ul></li><li>Empfohlenes Alter: Erwachsene</li><li>Größe: Einheitsgröße</li><li>Sport: Volleyball</li></ul>;Gardening & DIY;Pop Pulse Emporium;https://cdnbigbuy.com/images/0887791773340_S64193204_P00.jpg;;;;new;0.33;23.5;31.0;19.9
0887791773340;sk-SK;Volejbalová lopta Nike All Court Volleyball Deflated Viacfarebná;Udržujte sa vo forme a objavte posledné novinky zo sveta športu s tými najväčšími zárukami! Nakúpte <b>Volejbalová lopta Nike All Court Volleyball Deflated Viacfarebná</b> za najlepšiu cenu a užívajte si zdravý život!<br><br><ul><li>Typ: Volejbalová lopta</li><li>Farba: Viacfarebná</li><li>Pohlavie: <ul><li>Unisex</li><li>Unisex dospelí</li></ul></li><li>Odporúčaný vek: Deti</li><li>Veľkosť: Jednotná veľkosť</li><li>Šport: Volejbal</li></ul>;Udržujte sa vo forme a objavte posledné novinky zo sveta športu s tými najväčšími zárukami! Nakúpte <b>Volejbalová lopta Nike All Court Volleyball Deflated Viacfarebná</b> za najlepšiu cenu a užívajte si zdravý život!<br><br><ul><li>Typ: Volejbalová lopta</li><li>Farba: Viacfarebná</li><li>Pohlavie: <ul><li>Unisex</li><li>Unisex dospelí</li></ul></li><li>Odporúčaný vek: Deti</li><li>Veľkosť: Jednotná veľkosť</li><li>Šport: Volejbal</li></ul>;Gardening & DIY;Pop Pulse Emporium;https://cdnbigbuy.com/images/0887791773340_S64193204_P00.jpg;;;;new;0.33;23.5;31.0;19.9
0887791773340;pl-PL;Piłka do Siatkówki Nike All Court Volleyball Deflated Wielokolorowy;Utrzymaj kondycję i odkryj wszystkie nowości związane z uprawianiem sportu z najkorzystniejszymi warunkami! Kupuj <b>Piłka do Siatkówki Nike All Court Volleyball Deflated Wielokolorowy</b> o najkorzystniejszej cenie i ciesz się zdrowym życiem!<br><br><ul><li>Rodzaj: Piłka do Siatkówki</li><li>Kolor: Wielokolorowy</li><li>Płeć: <ul><li>Unisex</li><li>Unisex dorośli</li></ul></li><li>Zalecany Wiek: Dorosłych</li><li>Rozmiar: Jeden rozmiar</li><li>Sport: Siatkówka</li></ul>;Utrzymaj kondycję i odkryj wszystkie nowości związane z uprawianiem sportu z najkorzystniejszymi warunkami! Kupuj <b>Piłka do Siatkówki Nike All Court Volleyball Deflated Wielokolorowy</b> o najkorzystniejszej cenie i ciesz się zdrowym życiem!<br><br><ul><li>Rodzaj: Piłka do Siatkówki</li><li>Kolor: Wielokolorowy</li><li>Płeć: <ul><li>Unisex</li><li>Unisex dorośli</li></ul></li><li>Zalecany Wiek: Dorosłych</li><li>Rozmiar: Jeden rozmiar</li><li>Sport: Siatkówka</li></ul>;Gardening & DIY;Pop Pulse Emporium;https://cdnbigbuy.com/images/0887791773340_S64193204_P00.jpg;;;;new;0.33;23.5;31.0;19.9
0887791773340;cs-CZ;Volejbalový míč Nike All Court Volleyball Deflated Vícebarevný;Zůstaňte ve formě a objevujte poslední novinky ze sportovního světa s největšími zárukami! Nakupte <b>Volejbalový míč Nike All Court Volleyball Deflated Vícebarevný</b> za nejlepší cenu a užívejte si života plného zdraví!<br><br><ul><li>Typ: Volejbalový míč</li><li>Barva: Vícebarevný</li><li>Pohlaví: <ul><li>Unisex</li><li>Unisex dospělí</li></ul></li><li>Doporučený věk: Dospělé</li><li>Velikost: Jednotná velikost</li><li>Sport: Volejbal</li></ul>;Zůstaňte ve formě a objevujte poslední novinky ze sportovního světa s největšími zárukami! Nakupte <b>Volejbalový míč Nike All Court Volleyball Deflated Vícebarevný</b> za nejlepší cenu a užívejte si života plného zdraví!<br><br><ul><li>Typ: Volejbalový míč</li><li>Barva: Vícebarevný</li><li>Pohlaví: <ul><li>Unisex</li><li>Unisex dospělí</li></ul></li><li>Doporučený věk: Dospělé</li><li>Velikost: Jednotná velikost</li><li>Sport: Volejbal</li></ul>;Gardening & DIY;Pop Pulse Emporium;https://cdnbigbuy.com/images/0887791773340_S64193204_P00.jpg;;;;new;0.33;23.5;31.0;19.9
4899888792765;de-AT;Fussballtor Real Madrid C.F. 120 x 80 x 80 cm (4 Stück);Bleiben Sie in Form und entdecken Sie die neuesten Innovationen der Branche, um mit den besten Voraussetzungen Sport zu betreiben! Kaufen Sie <b>Fussballtor Real Madrid C.F. 120 x 80 x 80 cm (4 Stück)</b> zum besten Preis und genießen Sie ein gesundes Leben!<br><br><ul><li>Merkmale: <ul><li>Biegsam</li><li>Auto pop-up</li></ul></li><li>Art: Fussballtor</li><li>Enthalten: Zubehör</li><li>Material: Kunststoff</li><li>Empfohlenes Alter: + 3 jahre</li><li>Stückzahl: 4 Stück</li><li>Maße ca.: 120 x 80 x 80 cm</li></ul>;Bleiben Sie in Form und entdecken Sie die neuesten Innovationen der Branche, um mit den besten Voraussetzungen Sport zu betreiben! Kaufen Sie <b>Fussballtor Real Madrid C.F. 120 x 80 x 80 cm (4 Stück)</b> zum besten Preis und genießen Sie ein gesundes Leben!<br><br><ul><li>Merkmale: <ul><li>Biegsam</li><li>Auto pop-up</li></ul></li><li>Art: Fussballtor</li><li>Enthalten: Zubehör</li><li>Material: Kunststoff</li><li>Empfohlenes Alter: + 3 jahre</li><li>Stückzahl: 4 Stück</li><li>Maße ca.: 120 x 8;Gardening & DIY;Pop Pulse Emporium;https://cdnbigbuy.com/images/4899888792765_s8906402_p0_icon0.jpg;https://cdnbigbuy.com/images/4899888792765_S8906402_P30.jpg;https://cdnbigbuy.com/images/4899888792765_S8906402_P40.jpg;https://cdnbigbuy.com/images/4899888792765_S8906402_P00.jpg;new;3.76;28.5;22.6;16.8
4899888792765;de-DE;Fussballtor Real Madrid C.F. 120 x 80 x 80 cm (4 Stück);Bleiben Sie in Form und entdecken Sie die neuesten Innovationen der Branche, um mit den besten Voraussetzungen Sport zu betreiben! Kaufen Sie <b>Fussballtor Real Madrid C.F. 120 x 80 x 80 cm (4 Stück)</b> zum besten Preis und genießen Sie ein gesundes Leben!<br><br><ul><li>Merkmale: <ul><li>Biegsam</li><li>Auto pop-up</li></ul></li><li>Art: Fussballtor</li><li>Enthalten: Zubehör</li><li>Material: Kunststoff</li><li>Empfohlenes Alter: + 3 jahre</li><li>Stückzahl: 4 Stück</li><li>Maße ca.: 120 x 80 x 80 cm</li></ul>;Bleiben Sie in Form und entdecken Sie die neuesten Innovationen der Branche, um mit den besten Voraussetzungen Sport zu betreiben! Kaufen Sie <b>Fussballtor Real Madrid C.F. 120 x 80 x 80 cm (4 Stück)</b> zum besten Preis und genießen Sie ein gesundes Leben!<br><br><ul><li>Merkmale: <ul><li>Biegsam</li><li>Auto pop-up</li></ul></li><li>Art: Fussballtor</li><li>Enthalten: Zubehör</li><li>Material: Kunststoff</li><li>Empfohlenes Alter: + 3 jahre</li><li>Stückzahl: 4 Stück</li><li>Maße ca.: 120 x 8;Gardening & DIY;Pop Pulse Emporium;https://cdnbigbuy.com/images/4899888792765_s8906402_p0_icon0.jpg;https://cdnbigbuy.com/images/4899888792765_S8906402_P30.jpg;https://cdnbigbuy.com/images/4899888792765_S8906402_P40.jpg;https://cdnbigbuy.com/images/4899888792765_S8906402_P00.jpg;new;3.76;28.5;22.6;16.8
4899888792765;sk-SK;Futbalová bránka Real Madrid C.F. 120 x 80 x 80 cm (4 kusov);Udržujte sa vo forme a objavte posledné novinky zo sveta športu s tými najväčšími zárukami! Nakúpte <b>Futbalová bránka Real Madrid C.F. 120 x 80 x 80 cm (4 kusov)</b> za najlepšiu cenu a užívajte si zdravý život!<br><br><ul><li>Vlastnosti: <ul><li>Skladateľný</li><li>Auto pop-up</li></ul></li><li>Typ: Futbalová bránka</li><li>Obsahuje: Doplnky</li><li>Materiál: Plastické</li><li>Odporúčaný vek: + 3 rokov</li><li>Kusov: 4 kusov</li><li>Približné rozmery: 120 x 80 x 80 cm</li></ul>;Udržujte sa vo forme a objavte posledné novinky zo sveta športu s tými najväčšími zárukami! Nakúpte <b>Futbalová bránka Real Madrid C.F. 120 x 80 x 80 cm (4 kusov)</b> za najlepšiu cenu a užívajte si zdravý život!<br><br><ul><li>Vlastnosti: <ul><li>Skladateľný</li><li>Auto pop-up</li></ul></li><li>Typ: Futbalová bránka</li><li>Obsahuje: Doplnky</li><li>Materiál: Plastické</li><li>Odporúčaný vek: + 3 rokov</li><li>Kusov: 4 kusov</li><li>Približné rozmery: 120 x 80 x 80 cm</li></ul>;Gardening & DIY;Pop Pulse Emporium;https://cdnbigbuy.com/images/4899888792765_s8906402_p0_icon0.jpg;https://cdnbigbuy.com/images/4899888792765_S8906402_P30.jpg;https://cdnbigbuy.com/images/4899888792765_S8906402_P40.jpg;https://cdnbigbuy.com/images/4899888792765_S8906402_P00.jpg;new;3.76;28.5;22.6;16.8
4899888792765;pl-PL;Bramka do Piłki Nożnej Real Madrid C.F. 120 x 80 x 80 cm (4 Sztuk);Utrzymaj kondycję i odkryj wszystkie nowości związane z uprawianiem sportu z najkorzystniejszymi warunkami! Kupuj <b>Bramka do Piłki Nożnej Real Madrid C.F. 120 x 80 x 80 cm (4 Sztuk)</b> o najkorzystniejszej cenie i ciesz się zdrowym życiem!<br><br><ul><li>Właściwości: <ul><li>Składany</li><li>Auto pop-up</li></ul></li><li>Rodzaj: Bramka do Piłki Nożnej</li><li>Zawiera: Akcesoria</li><li>Materiał: Plastikowy</li><li>Zalecany Wiek: + 3 lat</li><li>Sztuk: 4 Sztuk</li><li>Wymiary ok.: 120 x 80 x 80 cm</li></ul>;Utrzymaj kondycję i odkryj wszystkie nowości związane z uprawianiem sportu z najkorzystniejszymi warunkami! Kupuj <b>Bramka do Piłki Nożnej Real Madrid C.F. 120 x 80 x 80 cm (4 Sztuk)</b> o najkorzystniejszej cenie i ciesz się zdrowym życiem!<br><br><ul><li>Właściwości: <ul><li>Składany</li><li>Auto pop-up</li></ul></li><li>Rodzaj: Bramka do Piłki Nożnej</li><li>Zawiera: Akcesoria</li><li>Materiał: Plastikowy</li><li>Zalecany Wiek: + 3 lat</li><li>Sztuk: 4 Sztuk</li><li>Wymiary ok.: 120 x 80 x 8;Gardening & DIY;Pop Pulse Emporium;https://cdnbigbuy.com/images/4899888792765_s8906402_p0_icon0.jpg;https://cdnbigbuy.com/images/4899888792765_S8906402_P30.jpg;https://cdnbigbuy.com/images/4899888792765_S8906402_P40.jpg;https://cdnbigbuy.com/images/4899888792765_S8906402_P00.jpg;new;3.76;28.5;22.6;16.8
4899888792765;cs-CZ;Fotbalová brána Real Madrid C.F. 120 x 80 x 80 cm (4 kusů);Zůstaňte ve formě a objevujte poslední novinky ze sportovního světa s největšími zárukami! Nakupte <b>Fotbalová brána Real Madrid C.F. 120 x 80 x 80 cm (4 kusů)</b> za nejlepší cenu a užívejte si života plného zdraví!<br><br><ul><li>Vlastnosti: <ul><li>Skládací</li><li>Auto pop-up</li></ul></li><li>Typ: Fotbalová brána</li><li>Obsahuje: Příslušenství</li><li>Materiál: Plastické</li><li>Doporučený věk: + 3 roků</li><li>Kusů: 4 kusů</li><li>Přibližné rozměry: 120 x 80 x 80 cm</li></ul>;Zůstaňte ve formě a objevujte poslední novinky ze sportovního světa s největšími zárukami! Nakupte <b>Fotbalová brána Real Madrid C.F. 120 x 80 x 80 cm (4 kusů)</b> za nejlepší cenu a užívejte si života plného zdraví!<br><br><ul><li>Vlastnosti: <ul><li>Skládací</li><li>Auto pop-up</li></ul></li><li>Typ: Fotbalová brána</li><li>Obsahuje: Příslušenství</li><li>Materiál: Plastické</li><li>Doporučený věk: + 3 roků</li><li>Kusů: 4 kusů</li><li>Přibližné rozměry: 120 x 80 x 80 cm</li></ul>;Gardening & DIY;Pop Pulse Emporium;https://cdnbigbuy.com/images/4899888792765_s8906402_p0_icon0.jpg;https://cdnbigbuy.com/images/4899888792765_S8906402_P30.jpg;https://cdnbigbuy.com/images/4899888792765_S8906402_P40.jpg;https://cdnbigbuy.com/images/4899888792765_S8906402_P00.jpg;new;3.76;28.5;22.6;16.8
4899888812050;de-AT;Angelstuhl Gift Decor Schwarz 79 x 47 x 79 cm (8 Stück);Bleiben Sie in Form und entdecken Sie die neuesten Innovationen der Branche, um mit den besten Voraussetzungen Sport zu betreiben! Kaufen Sie <b>Angelstuhl Gift Decor Schwarz 79 x 47 x 79 cm (8 Stück)</b> zum besten Preis und genießen Sie ein gesundes Leben!<br><br><ul><li>Art: Stuhl</li><li>Farbe: Schwarz</li><li>Material: Polyester</li><li>Maße ca.: 79 x 47 x 79 cm</li><li>Stückzahl: 8 Stück</li></ul>;Bleiben Sie in Form und entdecken Sie die neuesten Innovationen der Branche, um mit den besten Voraussetzungen Sport zu betreiben! Kaufen Sie <b>Angelstuhl Gift Decor Schwarz 79 x 47 x 79 cm (8 Stück)</b> zum besten Preis und genießen Sie ein gesundes Leben!<br><br><ul><li>Art: Stuhl</li><li>Farbe: Schwarz</li><li>Material: Polyester</li><li>Maße ca.: 79 x 47 x 79 cm</li><li>Stückzahl: 8 Stück</li></ul>;Gardening & DIY;Pop Pulse Emporium;https://cdnbigbuy.com/images/s3633901_81175_1758635195-cropped_icon0.jpg;https://cdnbigbuy.com/images/S3633901_81175_1758635195-cropped0.jpg;https://cdnbigbuy.com/images/S3633901_81175_1758635257-cropped0.jpg;;new;13.95;27.0;41.0;84.0
4899888812050;de-DE;Angelstuhl Gift Decor Schwarz 79 x 47 x 79 cm (8 Stück);Bleiben Sie in Form und entdecken Sie die neuesten Innovationen der Branche, um mit den besten Voraussetzungen Sport zu betreiben! Kaufen Sie <b>Angelstuhl Gift Decor Schwarz 79 x 47 x 79 cm (8 Stück)</b> zum besten Preis und genießen Sie ein gesundes Leben!<br><br><ul><li>Art: Stuhl</li><li>Farbe: Schwarz</li><li>Material: Polyester</li><li>Maße ca.: 79 x 47 x 79 cm</li><li>Stückzahl: 8 Stück</li></ul>;Bleiben Sie in Form und entdecken Sie die neuesten Innovationen der Branche, um mit den besten Voraussetzungen Sport zu betreiben! Kaufen Sie <b>Angelstuhl Gift Decor Schwarz 79 x 47 x 79 cm (8 Stück)</b> zum besten Preis und genießen Sie ein gesundes Leben!<br><br><ul><li>Art: Stuhl</li><li>Farbe: Schwarz</li><li>Material: Polyester</li><li>Maße ca.: 79 x 47 x 79 cm</li><li>Stückzahl: 8 Stück</li></ul>;Gardening & DIY;Pop Pulse Emporium;https://cdnbigbuy.com/images/s3633901_81175_1758635195-cropped_icon0.jpg;https://cdnbigbuy.com/images/S3633901_81175_1758635195-cropped0.jpg;https://cdnbigbuy.com/images/S3633901_81175_1758635257-cropped0.jpg;;new;13.95;27.0;41.0;84.0
4899888812050;sk-SK;Rybárska Stolička Gift Decor Čierna 79 x 47 x 79 cm (8 kusov);Udržujte sa vo forme a objavte posledné novinky zo sveta športu s tými najväčšími zárukami! Nakúpte <b>Rybárska Stolička Gift Decor Čierna 79 x 47 x 79 cm (8 kusov)</b> za najlepšiu cenu a užívajte si zdravý život!<br><br><ul><li>Typ: Stol</li><li>Farba: Čierna</li><li>Materiál: Polyester</li><li>Približné rozmery: 79 x 47 x 79 cm</li><li>Kusov: 8 kusov</li></ul>;Udržujte sa vo forme a objavte posledné novinky zo sveta športu s tými najväčšími zárukami! Nakúpte <b>Rybárska Stolička Gift Decor Čierna 79 x 47 x 79 cm (8 kusov)</b> za najlepšiu cenu a užívajte si zdravý život!<br><br><ul><li>Typ: Stol</li><li>Farba: Čierna</li><li>Materiál: Polyester</li><li>Približné rozmery: 79 x 47 x 79 cm</li><li>Kusov: 8 kusov</li></ul>;Gardening & DIY;Pop Pulse Emporium;https://cdnbigbuy.com/images/s3633901_81175_1758635195-cropped_icon0.jpg;https://cdnbigbuy.com/images/S3633901_81175_1758635195-cropped0.jpg;https://cdnbigbuy.com/images/S3633901_81175_1758635257-cropped0.jpg;;new;13.95;27.0;41.0;84.0
4899888812050;pl-PL;Krzesło Wędkarskie Gift Decor Czarny 79 x 47 x 79 cm (8 Sztuk);Utrzymaj kondycję i odkryj wszystkie nowości związane z uprawianiem sportu z najkorzystniejszymi warunkami! Kupuj <b>Krzesło Wędkarskie Gift Decor Czarny 79 x 47 x 79 cm (8 Sztuk)</b> o najkorzystniejszej cenie i ciesz się zdrowym życiem!<br><br><ul><li>Rodzaj: Krzesło</li><li>Kolor: Czarny</li><li>Materiał: Poliester</li><li>Wymiary ok.: 79 x 47 x 79 cm</li><li>Sztuk: 8 Sztuk</li></ul>;Utrzymaj kondycję i odkryj wszystkie nowości związane z uprawianiem sportu z najkorzystniejszymi warunkami! Kupuj <b>Krzesło Wędkarskie Gift Decor Czarny 79 x 47 x 79 cm (8 Sztuk)</b> o najkorzystniejszej cenie i ciesz się zdrowym życiem!<br><br><ul><li>Rodzaj: Krzesło</li><li>Kolor: Czarny</li><li>Materiał: Poliester</li><li>Wymiary ok.: 79 x 47 x 79 cm</li><li>Sztuk: 8 Sztuk</li></ul>;Gardening & DIY;Pop Pulse Emporium;https://cdnbigbuy.com/images/s3633901_81175_1758635195-cropped_icon0.jpg;https://cdnbigbuy.com/images/S3633901_81175_1758635195-cropped0.jpg;https://cdnbigbuy.com/images/S3633901_81175_1758635257-cropped0.jpg;;new;13.95;27.0;41.0;84.0
4899888812050;cs-CZ;Rybářská Židle Gift Decor Černý 79 x 47 x 79 cm (8 kusů);Zůstaňte ve formě a objevujte poslední novinky ze sportovního světa s největšími zárukami! Nakupte <b>Rybářská Židle Gift Decor Černý 79 x 47 x 79 cm (8 kusů)</b> za nejlepší cenu a užívejte si života plného zdraví!<br><br><ul><li>Typ: Židle</li><li>Barva: Černý</li><li>Materiál: Polyester</li><li>Přibližné rozměry: 79 x 47 x 79 cm</li><li>Kusů: 8 kusů</li></ul>;Zůstaňte ve formě a objevujte poslední novinky ze sportovního světa s největšími zárukami! Nakupte <b>Rybářská Židle Gift Decor Černý 79 x 47 x 79 cm (8 kusů)</b> za nejlepší cenu a užívejte si života plného zdraví!<br><br><ul><li>Typ: Židle</li><li>Barva: Černý</li><li>Materiál: Polyester</li><li>Přibližné rozměry: 79 x 47 x 79 cm</li><li>Kusů: 8 kusů</li></ul>;Gardening & DIY;Pop Pulse Emporium;https://cdnbigbuy.com/images/s3633901_81175_1758635195-cropped_icon0.jpg;https://cdnbigbuy.com/images/S3633901_81175_1758635195-cropped0.jpg;https://cdnbigbuy.com/images/S3633901_81175_1758635257-cropped0.jpg;;new;13.95;27.0;41.0;84.0
8008004141103;de-AT;Gaskocher Kemper 57 x 30 x 6,5 cm;Wenn Sie bei der Einrichtung ihres Heims Wert auf Details legen und bei Produkten, die Ihnen das Leben leichter machen, auf dem letzten Stand sein möchten, dann kaufen Sie <b>Gaskocher Kemper 57 x 30 x 6,5 cm</b> zum besten Preis.<br><br><ul><li>Art: <ul><li>Gaskocher</li><li>Gasherdplatte</li></ul></li><li>Farbe: Schwarz</li><li>Maße ca.: 57 x 30 x 6,5 cm</li><li>Material: Edelstahl</li><li>Leistung: <ul><li>1100 W</li><li>1500 W</li></ul></li><li>Stromquelle: Butan</li><li>Installationsart: Unabhängig</li><li>Sport: Camping</li></ul>;Wenn Sie bei der Einrichtung ihres Heims Wert auf Details legen und bei Produkten, die Ihnen das Leben leichter machen, auf dem letzten Stand sein möchten, dann kaufen Sie <b>Gaskocher Kemper 57 x 30 x 6,5 cm</b> zum besten Preis.<br><br><ul><li>Art: <ul><li>Gaskocher</li><li>Gasherdplatte</li></ul></li><li>Farbe: Schwarz</li><li>Maße ca.: 57 x 30 x 6,5 cm</li><li>Material: Edelstahl</li><li>Leistung: <ul><li>1100 W</li><li>1500 W</li></ul></li><li>Stromquelle: Butan</li><li>Installationsart: Un;Gardening & DIY;Pop Pulse Emporium;https://cdnbigbuy.com/images/8008004141103_S7928495_P00.jpg;https://cdnbigbuy.com/images/8008004141103_S7928495_P20.jpg;https://cdnbigbuy.com/images/8008004141103_S7928495_P10.jpg;;new;3.04;38.1;47.1;22.7
8008004141103;de-DE;Gaskocher Kemper 57 x 30 x 6,5 cm;Wenn Sie bei der Einrichtung ihres Heims Wert auf Details legen und bei Produkten, die Ihnen das Leben leichter machen, auf dem letzten Stand sein möchten, dann kaufen Sie <b>Gaskocher Kemper 57 x 30 x 6,5 cm</b> zum besten Preis.<br><br><ul><li>Art: <ul><li>Gaskocher</li><li>Gasherdplatte</li></ul></li><li>Farbe: Schwarz</li><li>Maße ca.: 57 x 30 x 6,5 cm</li><li>Material: Edelstahl</li><li>Leistung: <ul><li>1100 W</li><li>1500 W</li></ul></li><li>Stromquelle: Butan</li><li>Installationsart: Unabhängig</li><li>Sport: Camping</li></ul>;Wenn Sie bei der Einrichtung ihres Heims Wert auf Details legen und bei Produkten, die Ihnen das Leben leichter machen, auf dem letzten Stand sein möchten, dann kaufen Sie <b>Gaskocher Kemper 57 x 30 x 6,5 cm</b> zum besten Preis.<br><br><ul><li>Art: <ul><li>Gaskocher</li><li>Gasherdplatte</li></ul></li><li>Farbe: Schwarz</li><li>Maße ca.: 57 x 30 x 6,5 cm</li><li>Material: Edelstahl</li><li>Leistung: <ul><li>1100 W</li><li>1500 W</li></ul></li><li>Stromquelle: Butan</li><li>Installationsart: Un;Gardening & DIY;Pop Pulse Emporium;https://cdnbigbuy.com/images/8008004141103_S7928495_P00.jpg;https://cdnbigbuy.com/images/8008004141103_S7928495_P20.jpg;https://cdnbigbuy.com/images/8008004141103_S7928495_P10.jpg;;new;3.04;38.1;47.1;22.7
8008004141103;sk-SK;plynový varič Kemper 57 x 30 x 6,5 cm;Ak pri zariaďovaní vášho domova kladiete dôraz na všetky detaily a chcete byť priebežne informovaný o najnovších výrobkoch, ktoré vám uľahčia život, nakupujte <b>plynový varič Kemper 57 x 30 x 6,5 cm</b> za tú najlepšiu cenu.<br><br><ul><li>Typ: <ul><li>plynový varič</li><li>Plynová Varná Doska</li></ul></li><li>Farba: Čierna</li><li>Približné rozmery: 57 x 30 x 6,5 cm</li><li>Materiál: Nerezová oceľ</li><li>Príkon: <ul><li>1100 W</li><li>1500 W</li></ul></li><li>Napájací Zdroj: Bután</li><li>Typ montáže: Samostatný</li><li>Šport: Kempovanie</li></ul>;Ak pri zariaďovaní vášho domova kladiete dôraz na všetky detaily a chcete byť priebežne informovaný o najnovších výrobkoch, ktoré vám uľahčia život, nakupujte <b>plynový varič Kemper 57 x 30 x 6,5 cm</b> za tú najlepšiu cenu.<br><br><ul><li>Typ: <ul><li>plynový varič</li><li>Plynová Varná Doska</li></ul></li><li>Farba: Čierna</li><li>Približné rozmery: 57 x 30 x 6,5 cm</li><li>Materiál: Nerezová oceľ</li><li>Príkon: <ul><li>1100 W</li><li>1500 W</li></ul></li><li>Napájací Zdroj: Bután</li><li>Ty;Gardening & DIY;Pop Pulse Emporium;https://cdnbigbuy.com/images/8008004141103_S7928495_P00.jpg;https://cdnbigbuy.com/images/8008004141103_S7928495_P20.jpg;https://cdnbigbuy.com/images/8008004141103_S7928495_P10.jpg;;new;3.04;38.1;47.1;22.7
8008004141103;pl-PL;gazowa kuchenka turystyczna Kemper 57 x 30 x 6,5 cm;Jeśli lubisz dbać o każdy szczegół swojego domu i śledzić najnowsze trendy w produktach, które ułatwią Ci życie, kupuj <b>gazowa kuchenka turystyczna Kemper 57 x 30 x 6,5 cm</b> o najkorzystniejszej cenie.<br><br><ul><li>Rodzaj: <ul><li>gazowa kuchenka turystyczna</li><li>Kuchenka Gazowa</li></ul></li><li>Kolor: Czarny</li><li>Wymiary ok.: 57 x 30 x 6,5 cm</li><li>Materiał: Stal nierdzewna</li><li>Moc: <ul><li>1100 W</li><li>1500 W</li></ul></li><li>Zasilanie: Butan</li><li>Rodzaj instalacji: Osobny</li><li>Sport: Camping</li></ul>;Jeśli lubisz dbać o każdy szczegół swojego domu i śledzić najnowsze trendy w produktach, które ułatwią Ci życie, kupuj <b>gazowa kuchenka turystyczna Kemper 57 x 30 x 6,5 cm</b> o najkorzystniejszej cenie.<br><br><ul><li>Rodzaj: <ul><li>gazowa kuchenka turystyczna</li><li>Kuchenka Gazowa</li></ul></li><li>Kolor: Czarny</li><li>Wymiary ok.: 57 x 30 x 6,5 cm</li><li>Materiał: Stal nierdzewna</li><li>Moc: <ul><li>1100 W</li><li>1500 W</li></ul></li><li>Zasilanie: Butan</li><li>Rodzaj instalacji: Os;Gardening & DIY;Pop Pulse Emporium;https://cdnbigbuy.com/images/8008004141103_S7928495_P00.jpg;https://cdnbigbuy.com/images/8008004141103_S7928495_P20.jpg;https://cdnbigbuy.com/images/8008004141103_S7928495_P10.jpg;;new;3.04;38.1;47.1;22.7
8008004141103;cs-CZ;plynový vařič Kemper 57 x 30 x 6,5 cm;Pokud při zařizování vašeho domova kladete důraz na všelijaké detaily a chcete být průběžně informován o nejnovějších produktech, které vám usnadní život, nakupujte <b>plynový vařič Kemper 57 x 30 x 6,5 cm</b> za tu nejlepší cenu.<br><br><ul><li>Typ: <ul><li>plynový vařič</li><li>Plynová Varná Deska</li></ul></li><li>Barva: Černý</li><li>Přibližné rozměry: 57 x 30 x 6,5 cm</li><li>Materiál: Nerezová ocel</li><li>Příkon: <ul><li>1100 W</li><li>1500 W</li></ul></li><li>Nápajecí Zdroj: Butan</li><li>Typ instalace: Samostatný</li><li>Sport: Tábornický</li></ul>;Pokud při zařizování vašeho domova kladete důraz na všelijaké detaily a chcete být průběžně informován o nejnovějších produktech, které vám usnadní život, nakupujte <b>plynový vařič Kemper 57 x 30 x 6,5 cm</b> za tu nejlepší cenu.<br><br><ul><li>Typ: <ul><li>plynový vařič</li><li>Plynová Varná Deska</li></ul></li><li>Barva: Černý</li><li>Přibližné rozměry: 57 x 30 x 6,5 cm</li><li>Materiál: Nerezová ocel</li><li>Příkon: <ul><li>1100 W</li><li>1500 W</li></ul></li><li>Nápajecí Zdroj: Butan</li><l;Gardening & DIY;Pop Pulse Emporium;https://cdnbigbuy.com/images/8008004141103_S7928495_P00.jpg;https://cdnbigbuy.com/images/8008004141103_S7928495_P20.jpg;https://cdnbigbuy.com/images/8008004141103_S7928495_P10.jpg;;new;3.04;38.1;47.1;22.7
8033280490065;de-AT;Sportjackefür Herren Sparco;Bleiben Sie in Form und entdecken Sie die neuesten Innovationen der Branche, um mit den besten Voraussetzungen Sport zu betreiben! Kaufen Sie <b>Sportjackefür Herren Sparco</b> zum besten Preis und genießen Sie ein gesundes Leben!<br><br><ul><li>Art: Sportjacke</li><li>Merkmale: In der Maschine waschbar</li></ul>;Bleiben Sie in Form und entdecken Sie die neuesten Innovationen der Branche, um mit den besten Voraussetzungen Sport zu betreiben! Kaufen Sie <b>Sportjackefür Herren Sparco</b> zum besten Preis und genießen Sie ein gesundes Leben!<br><br><ul><li>Art: Sportjacke</li><li>Merkmale: In der Maschine waschbar</li></ul>;Gardening & DIY;Pop Pulse Emporium;https://cdnbigbuy.com/images/8033280490065_R00.jpg;;;;new;0.82;7.1;30.6;29.0
8033280490065;de-DE;Sportjackefür Herren Sparco;Bleiben Sie in Form und entdecken Sie die neuesten Innovationen der Branche, um mit den besten Voraussetzungen Sport zu betreiben! Kaufen Sie <b>Sportjackefür Herren Sparco</b> zum besten Preis und genießen Sie ein gesundes Leben!<br><br><ul><li>Art: Sportjacke</li><li>Merkmale: In der Maschine waschbar</li></ul>;Bleiben Sie in Form und entdecken Sie die neuesten Innovationen der Branche, um mit den besten Voraussetzungen Sport zu betreiben! Kaufen Sie <b>Sportjackefür Herren Sparco</b> zum besten Preis und genießen Sie ein gesundes Leben!<br><br><ul><li>Art: Sportjacke</li><li>Merkmale: In der Maschine waschbar</li></ul>;Gardening & DIY;Pop Pulse Emporium;https://cdnbigbuy.com/images/8033280490065_R00.jpg;;;;new;0.82;7.1;30.6;29.0
8033280490065;sk-SK;Pánska športová bunda Sparco;Udržujte sa vo forme a objavte posledné novinky zo sveta športu s tými najväčšími zárukami! Nakúpte <b>Pánska športová bunda Sparco</b> za najlepšiu cenu a užívajte si zdravý život!<br><br><ul><li>Typ: Športová bunda</li><li>Vlastnosti: Možno prať v práčke</li></ul>;Udržujte sa vo forme a objavte posledné novinky zo sveta športu s tými najväčšími zárukami! Nakúpte <b>Pánska športová bunda Sparco</b> za najlepšiu cenu a užívajte si zdravý život!<br><br><ul><li>Typ: Športová bunda</li><li>Vlastnosti: Možno prať v práčke</li></ul>;Gardening & DIY;Pop Pulse Emporium;https://cdnbigbuy.com/images/8033280490065_R00.jpg;;;;new;0.82;7.1;30.6;29.0
8033280490065;pl-PL;Męska kurtka sportowa Sparco;Utrzymaj kondycję i odkryj wszystkie nowości związane z uprawianiem sportu z najkorzystniejszymi warunkami! Kupuj <b>Męska kurtka sportowa Sparco</b> o najkorzystniejszej cenie i ciesz się zdrowym życiem!<br><br><ul><li>Rodzaj: Kurtka sportowa</li><li>Właściwości: Można prać w pralce</li></ul>;Utrzymaj kondycję i odkryj wszystkie nowości związane z uprawianiem sportu z najkorzystniejszymi warunkami! Kupuj <b>Męska kurtka sportowa Sparco</b> o najkorzystniejszej cenie i ciesz się zdrowym życiem!<br><br><ul><li>Rodzaj: Kurtka sportowa</li><li>Właściwości: Można prać w pralce</li></ul>;Gardening & DIY;Pop Pulse Emporium;https://cdnbigbuy.com/images/8033280490065_R00.jpg;;;;new;0.82;7.1;30.6;29.0
8033280490065;cs-CZ;Pánská sportovní bunda Sparco;Zůstaňte ve formě a objevujte poslední novinky ze sportovního světa s největšími zárukami! Nakupte <b>Pánská sportovní bunda Sparco</b> za nejlepší cenu a užívejte si života plného zdraví!<br><br><ul><li>Typ: Sportovní bunda</li><li>Vlastnosti: Pratelný v pračce</li></ul>;Zůstaňte ve formě a objevujte poslední novinky ze sportovního světa s největšími zárukami! Nakupte <b>Pánská sportovní bunda Sparco</b> za nejlepší cenu a užívejte si života plného zdraví!<br><br><ul><li>Typ: Sportovní bunda</li><li>Vlastnosti: Pratelný v pračce</li></ul>;Gardening & DIY;Pop Pulse Emporium;https://cdnbigbuy.com/images/8033280490065_R00.jpg;;;;new;0.82;7.1;30.6;29.0
4003318405990;de-AT;Kette mit Vorhängeschloss ABUS;Bleiben Sie in Form und entdecken Sie die neuesten Innovationen der Branche, um mit den besten Voraussetzungen Sport zu betreiben! Kaufen Sie <b>Kette mit Vorhängeschloss ABUS</b> zum besten Preis und genießen Sie ein gesundes Leben!<br><br><ul><li>Farbe: Schwarz</li><li>Material: <ul><li>Stahl</li><li>Zink</li></ul></li><li>Enthalten: Batterie</li><li>Inklusive Batterien: Ja</li><li>Geschlecht: Unisex-Erwachsene</li><li>Batterietyp: Lithium-Knopfzelle</li></ul>;Bleiben Sie in Form und entdecken Sie die neuesten Innovationen der Branche, um mit den besten Voraussetzungen Sport zu betreiben! Kaufen Sie <b>Kette mit Vorhängeschloss ABUS</b> zum besten Preis und genießen Sie ein gesundes Leben!<br><br><ul><li>Farbe: Schwarz</li><li>Material: <ul><li>Stahl</li><li>Zink</li></ul></li><li>Enthalten: Batterie</li><li>Inklusive Batterien: Ja</li><li>Geschlecht: Unisex-Erwachsene</li><li>Batterietyp: Lithium-Knopfzelle</li></ul>;Gardening & DIY;Pop Pulse Emporium;https://cdnbigbuy.com/images/4003318405990_S71023008_P00.jpg;https://cdnbigbuy.com/images/4003318405990_S71023008_P10.jpg;https://cdnbigbuy.com/images/4003318405990_S71023008_P20.jpg;https://cdnbigbuy.com/images/4003318405990_S71023008_P30.jpg;new;1.55;16.0;24.0;9.0
4003318405990;de-DE;Kette mit Vorhängeschloss ABUS;Bleiben Sie in Form und entdecken Sie die neuesten Innovationen der Branche, um mit den besten Voraussetzungen Sport zu betreiben! Kaufen Sie <b>Kette mit Vorhängeschloss ABUS</b> zum besten Preis und genießen Sie ein gesundes Leben!<br><br><ul><li>Farbe: Schwarz</li><li>Material: <ul><li>Stahl</li><li>Zink</li></ul></li><li>Enthalten: Batterie</li><li>Inklusive Batterien: Ja</li><li>Geschlecht: Unisex-Erwachsene</li><li>Batterietyp: Lithium-Knopfzelle</li></ul>;Bleiben Sie in Form und entdecken Sie die neuesten Innovationen der Branche, um mit den besten Voraussetzungen Sport zu betreiben! Kaufen Sie <b>Kette mit Vorhängeschloss ABUS</b> zum besten Preis und genießen Sie ein gesundes Leben!<br><br><ul><li>Farbe: Schwarz</li><li>Material: <ul><li>Stahl</li><li>Zink</li></ul></li><li>Enthalten: Batterie</li><li>Inklusive Batterien: Ja</li><li>Geschlecht: Unisex-Erwachsene</li><li>Batterietyp: Lithium-Knopfzelle</li></ul>;Gardening & DIY;Pop Pulse Emporium;https://cdnbigbuy.com/images/4003318405990_S71023008_P00.jpg;https://cdnbigbuy.com/images/4003318405990_S71023008_P10.jpg;https://cdnbigbuy.com/images/4003318405990_S71023008_P20.jpg;https://cdnbigbuy.com/images/4003318405990_S71023008_P30.jpg;new;1.55;16.0;24.0;9.0
4003318405990;sk-SK;Reťaz s visiacim zámkom ABUS;Udržujte sa vo forme a objavte posledné novinky zo sveta športu s tými najväčšími zárukami! Nakúpte <b>Reťaz s visiacim zámkom ABUS</b> za najlepšiu cenu a užívajte si zdravý život!<br><br><ul><li>Farba: Čierna</li><li>Materiál: <ul><li>Oceľ</li><li>Zinok</li></ul></li><li>Obsahuje: Batérie</li><li>Vrátane batérií: áno</li><li>Pohlavie: Unisex dospelí</li><li>Typ batérie: Lítiové batérie</li></ul>;Udržujte sa vo forme a objavte posledné novinky zo sveta športu s tými najväčšími zárukami! Nakúpte <b>Reťaz s visiacim zámkom ABUS</b> za najlepšiu cenu a užívajte si zdravý život!<br><br><ul><li>Farba: Čierna</li><li>Materiál: <ul><li>Oceľ</li><li>Zinok</li></ul></li><li>Obsahuje: Batérie</li><li>Vrátane batérií: áno</li><li>Pohlavie: Unisex dospelí</li><li>Typ batérie: Lítiové batérie</li></ul>;Gardening & DIY;Pop Pulse Emporium;https://cdnbigbuy.com/images/4003318405990_S71023008_P00.jpg;https://cdnbigbuy.com/images/4003318405990_S71023008_P10.jpg;https://cdnbigbuy.com/images/4003318405990_S71023008_P20.jpg;https://cdnbigbuy.com/images/4003318405990_S71023008_P30.jpg;new;1.55;16.0;24.0;9.0
4003318405990;pl-PL;Łańcuch z kłódką ABUS;Utrzymaj kondycję i odkryj wszystkie nowości związane z uprawianiem sportu z najkorzystniejszymi warunkami! Kupuj <b>Łańcuch z kłódką ABUS</b> o najkorzystniejszej cenie i ciesz się zdrowym życiem!<br><br><ul><li>Kolor: Czarny</li><li>Materiał: <ul><li>Stal</li><li>Cynk</li></ul></li><li>Zawiera: Bateria</li><li>Baterie w zestawie: Tak</li><li>Płeć: Unisex dorośli</li><li>Rodzaj baterii: bateria litowa</li></ul>;Utrzymaj kondycję i odkryj wszystkie nowości związane z uprawianiem sportu z najkorzystniejszymi warunkami! Kupuj <b>Łańcuch z kłódką ABUS</b> o najkorzystniejszej cenie i ciesz się zdrowym życiem!<br><br><ul><li>Kolor: Czarny</li><li>Materiał: <ul><li>Stal</li><li>Cynk</li></ul></li><li>Zawiera: Bateria</li><li>Baterie w zestawie: Tak</li><li>Płeć: Unisex dorośli</li><li>Rodzaj baterii: bateria litowa</li></ul>;Gardening & DIY;Pop Pulse Emporium;https://cdnbigbuy.com/images/4003318405990_S71023008_P00.jpg;https://cdnbigbuy.com/images/4003318405990_S71023008_P10.jpg;https://cdnbigbuy.com/images/4003318405990_S71023008_P20.jpg;https://cdnbigbuy.com/images/4003318405990_S71023008_P30.jpg;new;1.55;16.0;24.0;9.0
4003318405990;cs-CZ;Řetěz s visacím zámkem ABUS;Zůstaňte ve formě a objevujte poslední novinky ze sportovního světa s největšími zárukami! Nakupte <b>Řetěz s visacím zámkem ABUS</b> za nejlepší cenu a užívejte si života plného zdraví!<br><br><ul><li>Barva: Černý</li><li>Materiál: <ul><li>Ocel</li><li>Zinek</li></ul></li><li>Obsahuje: Baterie</li><li>Baterie v ceně: Ano</li><li>Pohlaví: Unisex dospělí</li><li>Typ baterie: Lithiové baterie</li></ul>;Zůstaňte ve formě a objevujte poslední novinky ze sportovního světa s největšími zárukami! Nakupte <b>Řetěz s visacím zámkem ABUS</b> za nejlepší cenu a užívejte si života plného zdraví!<br><br><ul><li>Barva: Černý</li><li>Materiál: <ul><li>Ocel</li><li>Zinek</li></ul></li><li>Obsahuje: Baterie</li><li>Baterie v ceně: Ano</li><li>Pohlaví: Unisex dospělí</li><li>Typ baterie: Lithiové baterie</li></ul>;Gardening & DIY;Pop Pulse Emporium;https://cdnbigbuy.com/images/4003318405990_S71023008_P00.jpg;https://cdnbigbuy.com/images/4003318405990_S71023008_P10.jpg;https://cdnbigbuy.com/images/4003318405990_S71023008_P20.jpg;https://cdnbigbuy.com/images/4003318405990_S71023008_P30.jpg;new;1.55;16.0;24.0;9.0
3032167509239;de-AT;Roller Smoby Rosa;Bleiben Sie in Form und entdecken Sie die neuesten Innovationen der Branche, um mit den besten Voraussetzungen Sport zu betreiben! Kaufen Sie <b>Roller Smoby Rosa</b> zum besten Preis und genießen Sie ein gesundes Leben!<br><br><ul><li>Art: Roller</li><li>Farbe: Rosa</li><li>Material: Kunststoff</li><li>Empfohlenes Alter: <ul><li>+ 3 jahre</li><li>Kinder</li></ul></li></ul>;Bleiben Sie in Form und entdecken Sie die neuesten Innovationen der Branche, um mit den besten Voraussetzungen Sport zu betreiben! Kaufen Sie <b>Roller Smoby Rosa</b> zum besten Preis und genießen Sie ein gesundes Leben!<br><br><ul><li>Art: Roller</li><li>Farbe: Rosa</li><li>Material: Kunststoff</li><li>Empfohlenes Alter: <ul><li>+ 3 jahre</li><li>Kinder</li></ul></li></ul>;Gardening & DIY;Pop Pulse Emporium;https://cdnbigbuy.com/images/3032167509239_S71024883_P00.jpg;https://cdnbigbuy.com/images/3032167509239_R20.jpg;https://cdnbigbuy.com/images/3032167509239_S71024883_P20.jpg;https://cdnbigbuy.com/images/3032167509239_R30.jpg;new;2.5;47.0;15.0;26.0
3032167509239;de-DE;Roller Smoby Rosa;Bleiben Sie in Form und entdecken Sie die neuesten Innovationen der Branche, um mit den besten Voraussetzungen Sport zu betreiben! Kaufen Sie <b>Roller Smoby Rosa</b> zum besten Preis und genießen Sie ein gesundes Leben!<br><br><ul><li>Art: Roller</li><li>Farbe: Rosa</li><li>Material: Kunststoff</li><li>Empfohlenes Alter: <ul><li>+ 3 jahre</li><li>Kinder</li></ul></li></ul>;Bleiben Sie in Form und entdecken Sie die neuesten Innovationen der Branche, um mit den besten Voraussetzungen Sport zu betreiben! Kaufen Sie <b>Roller Smoby Rosa</b> zum besten Preis und genießen Sie ein gesundes Leben!<br><br><ul><li>Art: Roller</li><li>Farbe: Rosa</li><li>Material: Kunststoff</li><li>Empfohlenes Alter: <ul><li>+ 3 jahre</li><li>Kinder</li></ul></li></ul>;Gardening & DIY;Pop Pulse Emporium;https://cdnbigbuy.com/images/3032167509239_S71024883_P00.jpg;https://cdnbigbuy.com/images/3032167509239_R20.jpg;https://cdnbigbuy.com/images/3032167509239_S71024883_P20.jpg;https://cdnbigbuy.com/images/3032167509239_R30.jpg;new;2.5;47.0;15.0;26.0
3032167509239;sk-SK;Kolobežka Smoby Ružová;Udržujte sa vo forme a objavte posledné novinky zo sveta športu s tými najväčšími zárukami! Nakúpte <b>Kolobežka Smoby Ružová</b> za najlepšiu cenu a užívajte si zdravý život!<br><br><ul><li>Typ: Kolobežka</li><li>Farba: Ružová</li><li>Materiál: Plastické</li><li>Odporúčaný vek: <ul><li>+ 3 rokov</li><li>Chlapci</li></ul></li></ul>;Udržujte sa vo forme a objavte posledné novinky zo sveta športu s tými najväčšími zárukami! Nakúpte <b>Kolobežka Smoby Ružová</b> za najlepšiu cenu a užívajte si zdravý život!<br><br><ul><li>Typ: Kolobežka</li><li>Farba: Ružová</li><li>Materiál: Plastické</li><li>Odporúčaný vek: <ul><li>+ 3 rokov</li><li>Chlapci</li></ul></li></ul>;Gardening & DIY;Pop Pulse Emporium;https://cdnbigbuy.com/images/3032167509239_S71024883_P00.jpg;https://cdnbigbuy.com/images/3032167509239_R20.jpg;https://cdnbigbuy.com/images/3032167509239_S71024883_P20.jpg;https://cdnbigbuy.com/images/3032167509239_R30.jpg;new;2.5;47.0;15.0;26.0
3032167509239;pl-PL;Hulajnoga Smoby Różowy;Utrzymaj kondycję i odkryj wszystkie nowości związane z uprawianiem sportu z najkorzystniejszymi warunkami! Kupuj <b>Hulajnoga Smoby Różowy</b> o najkorzystniejszej cenie i ciesz się zdrowym życiem!<br><br><ul><li>Rodzaj: Hulajnoga</li><li>Kolor: Różowy</li><li>Materiał: Plastikowy</li><li>Zalecany Wiek: <ul><li>+ 3 lat</li><li>Dzieci</li></ul></li></ul>;Utrzymaj kondycję i odkryj wszystkie nowości związane z uprawianiem sportu z najkorzystniejszymi warunkami! Kupuj <b>Hulajnoga Smoby Różowy</b> o najkorzystniejszej cenie i ciesz się zdrowym życiem!<br><br><ul><li>Rodzaj: Hulajnoga</li><li>Kolor: Różowy</li><li>Materiał: Plastikowy</li><li>Zalecany Wiek: <ul><li>+ 3 lat</li><li>Dzieci</li></ul></li></ul>;Gardening & DIY;Pop Pulse Emporium;https://cdnbigbuy.com/images/3032167509239_S71024883_P00.jpg;https://cdnbigbuy.com/images/3032167509239_R20.jpg;https://cdnbigbuy.com/images/3032167509239_S71024883_P20.jpg;https://cdnbigbuy.com/images/3032167509239_R30.jpg;new;2.5;47.0;15.0;26.0
3032167509239;cs-CZ;Koloběžka Smoby Růžový;Zůstaňte ve formě a objevujte poslední novinky ze sportovního světa s největšími zárukami! Nakupte <b>Koloběžka Smoby Růžový</b> za nejlepší cenu a užívejte si života plného zdraví!<br><br><ul><li>Typ: Koloběžka</li><li>Barva: Růžový</li><li>Materiál: Plastické</li><li>Doporučený věk: <ul><li>+ 3 roků</li><li>Chlapečci</li></ul></li></ul>;Zůstaňte ve formě a objevujte poslední novinky ze sportovního světa s největšími zárukami! Nakupte <b>Koloběžka Smoby Růžový</b> za nejlepší cenu a užívejte si života plného zdraví!<br><br><ul><li>Typ: Koloběžka</li><li>Barva: Růžový</li><li>Materiál: Plastické</li><li>Doporučený věk: <ul><li>+ 3 roků</li><li>Chlapečci</li></ul></li></ul>;Gardening & DIY;Pop Pulse Emporium;https://cdnbigbuy.com/images/3032167509239_S71024883_P00.jpg;https://cdnbigbuy.com/images/3032167509239_R20.jpg;https://cdnbigbuy.com/images/3032167509239_S71024883_P20.jpg;https://cdnbigbuy.com/images/3032167509239_R30.jpg;new;2.5;47.0;15.0;26.0
8711252267562;de-AT;Fahrradhelm für Erwachsene Dunlop Schwarz Grau L 58-61 cm;Bleiben Sie in Form und entdecken Sie die neuesten Innovationen der Branche, um mit den besten Voraussetzungen Sport zu betreiben! Kaufen Sie <b>Fahrradhelm für Erwachsene Dunlop Schwarz Grau L 58-61 cm</b> zum besten Preis und genießen Sie ein gesundes Leben!<br><br><ul><li>Art: <ul><li>Fahrradhelm für Erwachsene</li><li>CR1620</li></ul></li><li>Farbe: <ul><li>Schwarz</li><li>Grau</li></ul></li><li>Größe: <ul><li>L</li><li>58-61 cm</li></ul></li><li>Anzahl der Batterien: 1</li><li>Enthalten: Visier</li><li>Inklusive Batterien: Ja</li><li>Geschlecht: Unisex-Erwachsene</li><li>Empfohlenes Alter: Erwachsene</li><li>Sport: Radfahren</li></ul>;Bleiben Sie in Form und entdecken Sie die neuesten Innovationen der Branche, um mit den besten Voraussetzungen Sport zu betreiben! Kaufen Sie <b>Fahrradhelm für Erwachsene Dunlop Schwarz Grau L 58-61 cm</b> zum besten Preis und genießen Sie ein gesundes Leben!<br><br><ul><li>Art: <ul><li>Fahrradhelm für Erwachsene</li><li>CR1620</li></ul></li><li>Farbe: <ul><li>Schwarz</li><li>Grau</li></ul></li><li>Größe: <ul><li>L</li><li>58-61 cm</li></ul></li><li>Anzahl der Batterien: 1</li><li>Enthalten: Vi;Gardening & DIY;Pop Pulse Emporium;https://cdnbigbuy.com/images/8711252267562_S7924095_P00.jpg;https://cdnbigbuy.com/images/8711252267562_S7924095_P10.jpg;;;new;0.34;26.8;25.0;21.2
8711252267562;de-DE;Fahrradhelm für Erwachsene Dunlop Schwarz Grau L 58-61 cm;Bleiben Sie in Form und entdecken Sie die neuesten Innovationen der Branche, um mit den besten Voraussetzungen Sport zu betreiben! Kaufen Sie <b>Fahrradhelm für Erwachsene Dunlop Schwarz Grau L 58-61 cm</b> zum besten Preis und genießen Sie ein gesundes Leben!<br><br><ul><li>Art: <ul><li>Fahrradhelm für Erwachsene</li><li>CR1620</li></ul></li><li>Farbe: <ul><li>Schwarz</li><li>Grau</li></ul></li><li>Größe: <ul><li>L</li><li>58-61 cm</li></ul></li><li>Anzahl der Batterien: 1</li><li>Enthalten: Visier</li><li>Inklusive Batterien: Ja</li><li>Geschlecht: Unisex-Erwachsene</li><li>Empfohlenes Alter: Erwachsene</li><li>Sport: Radfahren</li></ul>;Bleiben Sie in Form und entdecken Sie die neuesten Innovationen der Branche, um mit den besten Voraussetzungen Sport zu betreiben! Kaufen Sie <b>Fahrradhelm für Erwachsene Dunlop Schwarz Grau L 58-61 cm</b> zum besten Preis und genießen Sie ein gesundes Leben!<br><br><ul><li>Art: <ul><li>Fahrradhelm für Erwachsene</li><li>CR1620</li></ul></li><li>Farbe: <ul><li>Schwarz</li><li>Grau</li></ul></li><li>Größe: <ul><li>L</li><li>58-61 cm</li></ul></li><li>Anzahl der Batterien: 1</li><li>Enthalten: Vi;Gardening & DIY;Pop Pulse Emporium;https://cdnbigbuy.com/images/8711252267562_S7924095_P00.jpg;https://cdnbigbuy.com/images/8711252267562_S7924095_P10.jpg;;;new;0.34;26.8;25.0;21.2
8711252267562;sk-SK;Cyklistická helma pre dospelých Dunlop Čierna Sivá L 58-61 cm;Udržujte sa vo forme a objavte posledné novinky zo sveta športu s tými najväčšími zárukami! Nakúpte <b>Cyklistická helma pre dospelých Dunlop Čierna Sivá L 58-61 cm</b> za najlepšiu cenu a užívajte si zdravý život!<br><br><ul><li>Typ: <ul><li>Cyklistická helma pre dospelých</li><li>CR1620</li></ul></li><li>Farba: <ul><li>Čierna</li><li>Sivá</li></ul></li><li>Veľkosť: <ul><li>L</li><li>58-61 cm</li></ul></li><li>Počet batérií: 1</li><li>Obsahuje: Tienidlo</li><li>Vrátane batérií: áno</li><li>Pohlavie: Unisex dospelí</li><li>Odporúčaný vek: Deti</li><li>Šport: Cyklistika</li></ul>;Udržujte sa vo forme a objavte posledné novinky zo sveta športu s tými najväčšími zárukami! Nakúpte <b>Cyklistická helma pre dospelých Dunlop Čierna Sivá L 58-61 cm</b> za najlepšiu cenu a užívajte si zdravý život!<br><br><ul><li>Typ: <ul><li>Cyklistická helma pre dospelých</li><li>CR1620</li></ul></li><li>Farba: <ul><li>Čierna</li><li>Sivá</li></ul></li><li>Veľkosť: <ul><li>L</li><li>58-61 cm</li></ul></li><li>Počet batérií: 1</li><li>Obsahuje: Tienidlo</li><li>Vrátane batérií: áno</li><li>Pohl;Gardening & DIY;Pop Pulse Emporium;https://cdnbigbuy.com/images/8711252267562_S7924095_P00.jpg;https://cdnbigbuy.com/images/8711252267562_S7924095_P10.jpg;;;new;0.34;26.8;25.0;21.2
8711252267562;pl-PL;Kask rowerowy dla dorosłych Dunlop Czarny Szary L 58-61 cm;Utrzymaj kondycję i odkryj wszystkie nowości związane z uprawianiem sportu z najkorzystniejszymi warunkami! Kupuj <b>Kask rowerowy dla dorosłych Dunlop Czarny Szary L 58-61 cm</b> o najkorzystniejszej cenie i ciesz się zdrowym życiem!<br><br><ul><li>Rodzaj: <ul><li>Kask rowerowy dla dorosłych</li><li>CR1620</li></ul></li><li>Kolor: <ul><li>Czarny</li><li>Szary</li></ul></li><li>Rozmiar: <ul><li>L</li><li>58-61 cm</li></ul></li><li>Liczba baterii: 1</li><li>Zawiera: Daszek</li><li>Baterie w zestawie: Tak</li><li>Płeć: Unisex dorośli</li><li>Zalecany Wiek: Dorosłych</li><li>Sport: Kolarstwo</li></ul>;Utrzymaj kondycję i odkryj wszystkie nowości związane z uprawianiem sportu z najkorzystniejszymi warunkami! Kupuj <b>Kask rowerowy dla dorosłych Dunlop Czarny Szary L 58-61 cm</b> o najkorzystniejszej cenie i ciesz się zdrowym życiem!<br><br><ul><li>Rodzaj: <ul><li>Kask rowerowy dla dorosłych</li><li>CR1620</li></ul></li><li>Kolor: <ul><li>Czarny</li><li>Szary</li></ul></li><li>Rozmiar: <ul><li>L</li><li>58-61 cm</li></ul></li><li>Liczba baterii: 1</li><li>Zawiera: Daszek</li><li>Baterie w zesta;Gardening & DIY;Pop Pulse Emporium;https://cdnbigbuy.com/images/8711252267562_S7924095_P00.jpg;https://cdnbigbuy.com/images/8711252267562_S7924095_P10.jpg;;;new;0.34;26.8;25.0;21.2
8711252267562;cs-CZ;Cyklistická přilba pro dospělé Dunlop Černý Šedý L 58-61 cm;Zůstaňte ve formě a objevujte poslední novinky ze sportovního světa s největšími zárukami! Nakupte <b>Cyklistická přilba pro dospělé Dunlop Černý Šedý L 58-61 cm</b> za nejlepší cenu a užívejte si života plného zdraví!<br><br><ul><li>Typ: <ul><li>Cyklistická přilba pro dospělé</li><li>CR1620</li></ul></li><li>Barva: <ul><li>Černý</li><li>Šedý</li></ul></li><li>Velikost: <ul><li>L</li><li>58-61 cm</li></ul></li><li>Počet baterií: 1</li><li>Obsahuje: Kšilt</li><li>Baterie v ceně: Ano</li><li>Pohlaví: Unisex dospělí</li><li>Doporučený věk: Dospělé</li><li>Sport: Cyklistika</li></ul>;Zůstaňte ve formě a objevujte poslední novinky ze sportovního světa s největšími zárukami! Nakupte <b>Cyklistická přilba pro dospělé Dunlop Černý Šedý L 58-61 cm</b> za nejlepší cenu a užívejte si života plného zdraví!<br><br><ul><li>Typ: <ul><li>Cyklistická přilba pro dospělé</li><li>CR1620</li></ul></li><li>Barva: <ul><li>Černý</li><li>Šedý</li></ul></li><li>Velikost: <ul><li>L</li><li>58-61 cm</li></ul></li><li>Počet baterií: 1</li><li>Obsahuje: Kšilt</li><li>Baterie v ceně: Ano</li><li>Pohla;Gardening & DIY;Pop Pulse Emporium;https://cdnbigbuy.com/images/8711252267562_S7924095_P00.jpg;https://cdnbigbuy.com/images/8711252267562_S7924095_P10.jpg;;;new;0.34;26.8;25.0;21.2
4899888814115;de-AT;Kinderfahrradhelm Spidey 48-52 cm;Wenn Sie auf der Suche nach trendigen Neuheiten auf dem Markt sind, präsentieren wir Ihnen <b>Kinderfahrradhelm Spidey 48-52 cm</b>!<br><br><ul><li>Art: Kinderfahrradhelm</li><li>Größe: 48-52 cm</li><li>Farbe: Bunt</li><li>Material: <ul><li>Metall</li><li>Kunststoff</li></ul></li><li>Empfohlenes Alter: + 2 Jahre</li><li>Stückzahl: 2 Stück</li></ul>;Wenn Sie auf der Suche nach trendigen Neuheiten auf dem Markt sind, präsentieren wir Ihnen <b>Kinderfahrradhelm Spidey 48-52 cm</b>!<br><br><ul><li>Art: Kinderfahrradhelm</li><li>Größe: 48-52 cm</li><li>Farbe: Bunt</li><li>Material: <ul><li>Metall</li><li>Kunststoff</li></ul></li><li>Empfohlenes Alter: + 2 Jahre</li><li>Stückzahl: 2 Stück</li></ul>;Gardening & DIY;Pop Pulse Emporium;https://cdnbigbuy.com/images/s8906708_p0_icon0.jpg;https://cdnbigbuy.com/images/S8906708_P30.jpg;https://cdnbigbuy.com/images/S8906708_P40.jpg;https://cdnbigbuy.com/images/S8906708_P00.jpg;new;0.75;22.0;28.5;33.5
4899888814115;de-DE;Kinderfahrradhelm Spidey 48-52 cm;Wenn Sie auf der Suche nach trendigen Neuheiten auf dem Markt sind, präsentieren wir Ihnen <b>Kinderfahrradhelm Spidey 48-52 cm</b>!<br><br><ul><li>Art: Kinderfahrradhelm</li><li>Größe: 48-52 cm</li><li>Farbe: Bunt</li><li>Material: <ul><li>Metall</li><li>Kunststoff</li></ul></li><li>Empfohlenes Alter: + 2 Jahre</li><li>Stückzahl: 2 Stück</li></ul>;Wenn Sie auf der Suche nach trendigen Neuheiten auf dem Markt sind, präsentieren wir Ihnen <b>Kinderfahrradhelm Spidey 48-52 cm</b>!<br><br><ul><li>Art: Kinderfahrradhelm</li><li>Größe: 48-52 cm</li><li>Farbe: Bunt</li><li>Material: <ul><li>Metall</li><li>Kunststoff</li></ul></li><li>Empfohlenes Alter: + 2 Jahre</li><li>Stückzahl: 2 Stück</li></ul>;Gardening & DIY;Pop Pulse Emporium;https://cdnbigbuy.com/images/s8906708_p0_icon0.jpg;https://cdnbigbuy.com/images/S8906708_P30.jpg;https://cdnbigbuy.com/images/S8906708_P40.jpg;https://cdnbigbuy.com/images/S8906708_P00.jpg;new;0.75;22.0;28.5;33.5
4899888814115;sk-SK;Detská cyklistická helma Spidey 48-52 cm;Ak hľadáte nové trendy na trhu, predstavujeme <b>Detská cyklistická helma Spidey 48-52 cm</b>!<br><br><ul><li>Typ: Detská cyklistická helma</li><li>Veľkosť: 48-52 cm</li><li>Farba: Viacfarebná</li><li>Materiál: <ul><li>Kov</li><li>Plastické</li></ul></li><li>Odporúčaný vek: + 2 rokov</li><li>Kusov: 2 kusov</li></ul>;Ak hľadáte nové trendy na trhu, predstavujeme <b>Detská cyklistická helma Spidey 48-52 cm</b>!<br><br><ul><li>Typ: Detská cyklistická helma</li><li>Veľkosť: 48-52 cm</li><li>Farba: Viacfarebná</li><li>Materiál: <ul><li>Kov</li><li>Plastické</li></ul></li><li>Odporúčaný vek: + 2 rokov</li><li>Kusov: 2 kusov</li></ul>;Gardening & DIY;Pop Pulse Emporium;https://cdnbigbuy.com/images/s8906708_p0_icon0.jpg;https://cdnbigbuy.com/images/S8906708_P30.jpg;https://cdnbigbuy.com/images/S8906708_P40.jpg;https://cdnbigbuy.com/images/S8906708_P00.jpg;new;0.75;22.0;28.5;33.5
4899888814115;pl-PL;Kask rowerowy dla dzieci Spidey 48-52 cm;Jeśli szukasz trendów na rynku, prezentujemy <b>Kask rowerowy dla dzieci Spidey 48-52 cm</b>!<br><br><ul><li>Rodzaj: Kask rowerowy dla dzieci</li><li>Rozmiar: 48-52 cm</li><li>Kolor: Wielokolorowy</li><li>Materiał: <ul><li>Metal</li><li>Plastikowy</li></ul></li><li>Zalecany Wiek: + 2 lat</li><li>Sztuk: 2 Sztuk</li></ul>;Jeśli szukasz trendów na rynku, prezentujemy <b>Kask rowerowy dla dzieci Spidey 48-52 cm</b>!<br><br><ul><li>Rodzaj: Kask rowerowy dla dzieci</li><li>Rozmiar: 48-52 cm</li><li>Kolor: Wielokolorowy</li><li>Materiał: <ul><li>Metal</li><li>Plastikowy</li></ul></li><li>Zalecany Wiek: + 2 lat</li><li>Sztuk: 2 Sztuk</li></ul>;Gardening & DIY;Pop Pulse Emporium;https://cdnbigbuy.com/images/s8906708_p0_icon0.jpg;https://cdnbigbuy.com/images/S8906708_P30.jpg;https://cdnbigbuy.com/images/S8906708_P40.jpg;https://cdnbigbuy.com/images/S8906708_P00.jpg;new;0.75;22.0;28.5;33.5
4899888814115;cs-CZ;Cyklistická přilba pro děti Spidey 48-52 cm;Pokud hledáte nejnovější trendy na trhu, máme tu čest vám představit <b>Cyklistická přilba pro děti Spidey 48-52 cm</b>!<br><br><ul><li>Typ: Cyklistická přilba pro děti</li><li>Velikost: 48-52 cm</li><li>Barva: Vícebarevný</li><li>Materiál: <ul><li>Kov</li><li>Plastické</li></ul></li><li>Doporučený věk: + 2 roků</li><li>Kusů: 2 kusů</li></ul>;Pokud hledáte nejnovější trendy na trhu, máme tu čest vám představit <b>Cyklistická přilba pro děti Spidey 48-52 cm</b>!<br><br><ul><li>Typ: Cyklistická přilba pro děti</li><li>Velikost: 48-52 cm</li><li>Barva: Vícebarevný</li><li>Materiál: <ul><li>Kov</li><li>Plastické</li></ul></li><li>Doporučený věk: + 2 roků</li><li>Kusů: 2 kusů</li></ul>;Gardening & DIY;Pop Pulse Emporium;https://cdnbigbuy.com/images/s8906708_p0_icon0.jpg;https://cdnbigbuy.com/images/S8906708_P30.jpg;https://cdnbigbuy.com/images/S8906708_P40.jpg;https://cdnbigbuy.com/images/S8906708_P00.jpg;new;0.75;22.0;28.5;33.5
4899888816942;de-AT;Springende Kugel Minnie Mouse Lila (10 Stück);Wenn Sie auf der Suche nach trendigen Neuheiten auf dem Markt sind, präsentieren wir Ihnen <b>Springende Kugel Minnie Mouse Lila (10 Stück)</b>!<br><br><ul><li>Farbe: <ul><li>Lila</li><li>Purpur</li></ul></li><li>Material: PVC</li><li>Empfohlenes Alter: + 3 jahre</li><li>Stückzahl: 10 Stück</li><li>Maße ca.: 50 x 60 x 50 cm</li></ul>;Wenn Sie auf der Suche nach trendigen Neuheiten auf dem Markt sind, präsentieren wir Ihnen <b>Springende Kugel Minnie Mouse Lila (10 Stück)</b>!<br><br><ul><li>Farbe: <ul><li>Lila</li><li>Purpur</li></ul></li><li>Material: PVC</li><li>Empfohlenes Alter: + 3 jahre</li><li>Stückzahl: 10 Stück</li><li>Maße ca.: 50 x 60 x 50 cm</li></ul>;Gardening & DIY;Pop Pulse Emporium;https://cdnbigbuy.com/images/s8906922_p0_icon0.jpg;https://cdnbigbuy.com/images/S8906922_P20.jpg;https://cdnbigbuy.com/images/S8906922_P30.jpg;https://cdnbigbuy.com/images/S8906922_P40.jpg;new;4.66;30.5;40.0;21.5
4899888816942;de-DE;Springende Kugel Minnie Mouse Lila (10 Stück);Wenn Sie auf der Suche nach trendigen Neuheiten auf dem Markt sind, präsentieren wir Ihnen <b>Springende Kugel Minnie Mouse Lila (10 Stück)</b>!<br><br><ul><li>Farbe: <ul><li>Lila</li><li>Purpur</li></ul></li><li>Material: PVC</li><li>Empfohlenes Alter: + 3 jahre</li><li>Stückzahl: 10 Stück</li><li>Maße ca.: 50 x 60 x 50 cm</li></ul>;Wenn Sie auf der Suche nach trendigen Neuheiten auf dem Markt sind, präsentieren wir Ihnen <b>Springende Kugel Minnie Mouse Lila (10 Stück)</b>!<br><br><ul><li>Farbe: <ul><li>Lila</li><li>Purpur</li></ul></li><li>Material: PVC</li><li>Empfohlenes Alter: + 3 jahre</li><li>Stückzahl: 10 Stück</li><li>Maße ca.: 50 x 60 x 50 cm</li></ul>;Gardening & DIY;Pop Pulse Emporium;https://cdnbigbuy.com/images/s8906922_p0_icon0.jpg;https://cdnbigbuy.com/images/S8906922_P20.jpg;https://cdnbigbuy.com/images/S8906922_P30.jpg;https://cdnbigbuy.com/images/S8906922_P40.jpg;new;4.66;30.5;40.0;21.5
4899888816942;sk-SK;Skákajúca lopta Minnie Mouse Purpurová (10 kusov);Ak hľadáte nové trendy na trhu, predstavujeme <b>Skákajúca lopta Minnie Mouse Purpurová (10 kusov)</b>!<br><br><ul><li>Farba: <ul><li>Purpurová</li><li>Fialová</li></ul></li><li>Materiál: PVC</li><li>Odporúčaný vek: + 3 rokov</li><li>Kusov: 10 kusov</li><li>Približné rozmery: 50 x 60 x 50 cm</li></ul>;Ak hľadáte nové trendy na trhu, predstavujeme <b>Skákajúca lopta Minnie Mouse Purpurová (10 kusov)</b>!<br><br><ul><li>Farba: <ul><li>Purpurová</li><li>Fialová</li></ul></li><li>Materiál: PVC</li><li>Odporúčaný vek: + 3 rokov</li><li>Kusov: 10 kusov</li><li>Približné rozmery: 50 x 60 x 50 cm</li></ul>;Gardening & DIY;Pop Pulse Emporium;https://cdnbigbuy.com/images/s8906922_p0_icon0.jpg;https://cdnbigbuy.com/images/S8906922_P20.jpg;https://cdnbigbuy.com/images/S8906922_P30.jpg;https://cdnbigbuy.com/images/S8906922_P40.jpg;new;4.66;30.5;40.0;21.5
4899888816942;pl-PL;Skacząca piłka Minnie Mouse Fioletowy (10 Sztuk);Jeśli szukasz trendów na rynku, prezentujemy <b>Skacząca piłka Minnie Mouse Fioletowy (10 Sztuk)</b>!<br><br><ul><li>Kolor: <ul><li>Fioletowy</li><li>Purpura</li></ul></li><li>Materiał: PVC</li><li>Zalecany Wiek: + 3 lat</li><li>Sztuk: 10 Sztuk</li><li>Wymiary ok.: 50 x 60 x 50 cm</li></ul>;Jeśli szukasz trendów na rynku, prezentujemy <b>Skacząca piłka Minnie Mouse Fioletowy (10 Sztuk)</b>!<br><br><ul><li>Kolor: <ul><li>Fioletowy</li><li>Purpura</li></ul></li><li>Materiał: PVC</li><li>Zalecany Wiek: + 3 lat</li><li>Sztuk: 10 Sztuk</li><li>Wymiary ok.: 50 x 60 x 50 cm</li></ul>;Gardening & DIY;Pop Pulse Emporium;https://cdnbigbuy.com/images/s8906922_p0_icon0.jpg;https://cdnbigbuy.com/images/S8906922_P20.jpg;https://cdnbigbuy.com/images/S8906922_P30.jpg;https://cdnbigbuy.com/images/S8906922_P40.jpg;new;4.66;30.5;40.0;21.5
4899888816942;cs-CZ;Skákací míč Minnie Mouse Fialový (10 kusů);Pokud hledáte nejnovější trendy na trhu, máme tu čest vám představit <b>Skákací míč Minnie Mouse Fialový (10 kusů)</b>!<br><br><ul><li>Barva: <ul><li>Fialový</li><li>Fialová</li></ul></li><li>Materiál: PVC</li><li>Doporučený věk: + 3 roků</li><li>Kusů: 10 kusů</li><li>Přibližné rozměry: 50 x 60 x 50 cm</li></ul>;Pokud hledáte nejnovější trendy na trhu, máme tu čest vám představit <b>Skákací míč Minnie Mouse Fialový (10 kusů)</b>!<br><br><ul><li>Barva: <ul><li>Fialový</li><li>Fialová</li></ul></li><li>Materiál: PVC</li><li>Doporučený věk: + 3 roků</li><li>Kusů: 10 kusů</li><li>Přibližné rozměry: 50 x 60 x 50 cm</li></ul>;Gardening & DIY;Pop Pulse Emporium;https://cdnbigbuy.com/images/s8906922_p0_icon0.jpg;https://cdnbigbuy.com/images/S8906922_P20.jpg;https://cdnbigbuy.com/images/S8906922_P30.jpg;https://cdnbigbuy.com/images/S8906922_P40.jpg;new;4.66;30.5;40.0;21.5
0773554000917;de-AT;Babytrage Infantino Weiß + 0 Monate 14,5 kg;Wenn Sie auf der Suche nach trendigen Neuheiten auf dem Markt sind, präsentieren wir Ihnen <b>Babytrage Infantino Weiß + 0 Monate 14,5 kg</b>!<br><br><ul><li>Farbe: Weiß</li><li>Material: Polyester</li><li>Merkmale: <ul><li>Einstellbar</li><li>Ergonomisch</li><li>Atmungsaktiv</li></ul></li><li>Kapazität: 20 kg</li><li>Verschluss Armband: Schließe</li><li>Geschlecht: Unisex-Erwachsene</li><li>Empfohlenes Alter: + 0 Monate</li><li>Gewicht: 0,9 Kg</li><li>Max. unterstütztes Gewicht: 14,5 kg</li></ul>;Wenn Sie auf der Suche nach trendigen Neuheiten auf dem Markt sind, präsentieren wir Ihnen <b>Babytrage Infantino Weiß + 0 Monate 14,5 kg</b>!<br><br><ul><li>Farbe: Weiß</li><li>Material: Polyester</li><li>Merkmale: <ul><li>Einstellbar</li><li>Ergonomisch</li><li>Atmungsaktiv</li></ul></li><li>Kapazität: 20 kg</li><li>Verschluss Armband: Schließe</li><li>Geschlecht: Unisex-Erwachsene</li><li>Empfohlenes Alter: + 0 Monate</li><li>Gewicht: 0,9 Kg</li><li>Max. unterstütztes Gewicht: 14,5 kg</li></u;Gardening & DIY;Pop Pulse Emporium;https://cdnbigbuy.com/images/0773554000917_S71022741_P00.jpg;https://cdnbigbuy.com/images/0773554000917_R40.jpg;https://cdnbigbuy.com/images/0773554000917_R00.jpg;https://cdnbigbuy.com/images/0773554000917_R50.jpg;new;1.12;30.0;33.0;13.0
0773554000917;de-DE;Babytrage Infantino Weiß + 0 Monate 14,5 kg;Wenn Sie auf der Suche nach trendigen Neuheiten auf dem Markt sind, präsentieren wir Ihnen <b>Babytrage Infantino Weiß + 0 Monate 14,5 kg</b>!<br><br><ul><li>Farbe: Weiß</li><li>Material: Polyester</li><li>Merkmale: <ul><li>Einstellbar</li><li>Ergonomisch</li><li>Atmungsaktiv</li></ul></li><li>Kapazität: 20 kg</li><li>Verschluss Armband: Schließe</li><li>Geschlecht: Unisex-Erwachsene</li><li>Empfohlenes Alter: + 0 Monate</li><li>Gewicht: 0,9 Kg</li><li>Max. unterstütztes Gewicht: 14,5 kg</li></ul>;Wenn Sie auf der Suche nach trendigen Neuheiten auf dem Markt sind, präsentieren wir Ihnen <b>Babytrage Infantino Weiß + 0 Monate 14,5 kg</b>!<br><br><ul><li>Farbe: Weiß</li><li>Material: Polyester</li><li>Merkmale: <ul><li>Einstellbar</li><li>Ergonomisch</li><li>Atmungsaktiv</li></ul></li><li>Kapazität: 20 kg</li><li>Verschluss Armband: Schließe</li><li>Geschlecht: Unisex-Erwachsene</li><li>Empfohlenes Alter: + 0 Monate</li><li>Gewicht: 0,9 Kg</li><li>Max. unterstütztes Gewicht: 14,5 kg</li></u;Gardening & DIY;Pop Pulse Emporium;https://cdnbigbuy.com/images/0773554000917_S71022741_P00.jpg;https://cdnbigbuy.com/images/0773554000917_R40.jpg;https://cdnbigbuy.com/images/0773554000917_R00.jpg;https://cdnbigbuy.com/images/0773554000917_R50.jpg;new;1.12;30.0;33.0;13.0
0773554000917;sk-SK;Detský nosič Infantino Biela + 0 mesiacov 14,5 kg;Ak hľadáte nové trendy na trhu, predstavujeme <b>Detský nosič Infantino Biela + 0 mesiacov 14,5 kg</b>!<br><br><ul><li>Farba: Biela</li><li>Materiál: Polyester</li><li>Vlastnosti: <ul><li>Nastaviteľný</li><li>Ergonomický</li><li>Priedušný</li></ul></li><li>Kapacita: 20 kg</li><li>Zloženie: Polyester</li><li>Typ zapínania: Pracka</li><li>Pohlavie: Unisex dospelí</li><li>Odporúčaný vek: + 0 mesiacov</li><li>Hmotnosť: 0,9 Kg</li><li>Maximálna povolená hmotnosť: 14,5 kg</li></ul>;Ak hľadáte nové trendy na trhu, predstavujeme <b>Detský nosič Infantino Biela + 0 mesiacov 14,5 kg</b>!<br><br><ul><li>Farba: Biela</li><li>Materiál: Polyester</li><li>Vlastnosti: <ul><li>Nastaviteľný</li><li>Ergonomický</li><li>Priedušný</li></ul></li><li>Kapacita: 20 kg</li><li>Zloženie: Polyester</li><li>Typ zapínania: Pracka</li><li>Pohlavie: Unisex dospelí</li><li>Odporúčaný vek: + 0 mesiacov</li><li>Hmotnosť: 0,9 Kg</li><li>Maximálna povolená hmotnosť: 14,5 kg</li></ul>;Gardening & DIY;Pop Pulse Emporium;https://cdnbigbuy.com/images/0773554000917_S71022741_P00.jpg;https://cdnbigbuy.com/images/0773554000917_R40.jpg;https://cdnbigbuy.com/images/0773554000917_R00.jpg;https://cdnbigbuy.com/images/0773554000917_R50.jpg;new;1.12;30.0;33.0;13.0
0773554000917;pl-PL;Nosidełko niemowlęce Infantino Biały + 0 miesięcy 14,5 kg;Jeśli szukasz trendów na rynku, prezentujemy <b>Nosidełko niemowlęce Infantino Biały + 0 miesięcy 14,5 kg</b>!<br><br><ul><li>Kolor: Biały</li><li>Materiał: Poliester</li><li>Właściwości: <ul><li>Ajustable</li><li>Ergonomiczny</li><li>Oddychający</li></ul></li><li>Wydajność: 20 kg</li><li>Rodzaj zapięcia: Klamra</li><li>Płeć: Unisex dorośli</li><li>Zalecany Wiek: + 0 miesięcy</li><li>Waga: 0,9 Kg</li><li>Maksymalna waga: 14,5 kg</li></ul>;Jeśli szukasz trendów na rynku, prezentujemy <b>Nosidełko niemowlęce Infantino Biały + 0 miesięcy 14,5 kg</b>!<br><br><ul><li>Kolor: Biały</li><li>Materiał: Poliester</li><li>Właściwości: <ul><li>Ajustable</li><li>Ergonomiczny</li><li>Oddychający</li></ul></li><li>Wydajność: 20 kg</li><li>Rodzaj zapięcia: Klamra</li><li>Płeć: Unisex dorośli</li><li>Zalecany Wiek: + 0 miesięcy</li><li>Waga: 0,9 Kg</li><li>Maksymalna waga: 14,5 kg</li></ul>;Gardening & DIY;Pop Pulse Emporium;https://cdnbigbuy.com/images/0773554000917_S71022741_P00.jpg;https://cdnbigbuy.com/images/0773554000917_R40.jpg;https://cdnbigbuy.com/images/0773554000917_R00.jpg;https://cdnbigbuy.com/images/0773554000917_R50.jpg;new;1.12;30.0;33.0;13.0
0773554000917;cs-CZ;Batoh na nošení miminek Infantino Bílý + 0 měsíců 14,5 kg;Pokud hledáte nejnovější trendy na trhu, máme tu čest vám představit <b>Batoh na nošení miminek Infantino Bílý + 0 měsíců 14,5 kg</b>!<br><br><ul><li>Barva: Bílý</li><li>Materiál: Polyester</li><li>Vlastnosti: <ul><li>Nastavitelný</li><li>Ergonomický</li><li>Prodyšný</li></ul></li><li>Kapacita: 20 kg</li><li>Složení: Polyester</li><li>Typ zapínání: Přezka</li><li>Pohlaví: Unisex dospělí</li><li>Doporučený věk: + 0 měsíců</li><li>Váha: 0,9 Kg</li><li>Maximální váha: 14,5 kg</li></ul>;Pokud hledáte nejnovější trendy na trhu, máme tu čest vám představit <b>Batoh na nošení miminek Infantino Bílý + 0 měsíců 14,5 kg</b>!<br><br><ul><li>Barva: Bílý</li><li>Materiál: Polyester</li><li>Vlastnosti: <ul><li>Nastavitelný</li><li>Ergonomický</li><li>Prodyšný</li></ul></li><li>Kapacita: 20 kg</li><li>Složení: Polyester</li><li>Typ zapínání: Přezka</li><li>Pohlaví: Unisex dospělí</li><li>Doporučený věk: + 0 měsíců</li><li>Váha: 0,9 Kg</li><li>Maximální váha: 14,5 kg</li></ul>;Gardening & DIY;Pop Pulse Emporium;https://cdnbigbuy.com/images/0773554000917_S71022741_P00.jpg;https://cdnbigbuy.com/images/0773554000917_R40.jpg;https://cdnbigbuy.com/images/0773554000917_R00.jpg;https://cdnbigbuy.com/images/0773554000917_R50.jpg;new;1.12;30.0;33.0;13.0
8412842543072;de-AT;Fussballtor Aktive 300 X 160 X 90 CM;Wenn Sie auf der Suche nach trendigen Neuheiten auf dem Markt sind, präsentieren wir Ihnen <b>Fussballtor Aktive 300 X 160 X 90 CM</b>!<br><br><ul><li>Material: <ul><li>Polyäthylen</li><li>Stahl</li></ul></li><li>Maße ca.: 300 X 160 X 90 CM</li><li>Sport: Fussball</li></ul>;Wenn Sie auf der Suche nach trendigen Neuheiten auf dem Markt sind, präsentieren wir Ihnen <b>Fussballtor Aktive 300 X 160 X 90 CM</b>!<br><br><ul><li>Material: <ul><li>Polyäthylen</li><li>Stahl</li></ul></li><li>Maße ca.: 300 X 160 X 90 CM</li><li>Sport: Fussball</li></ul>;Gardening & DIY;Pop Pulse Emporium;https://cdnbigbuy.com/images/8412842543072_S8907043_P00.jpg;https://cdnbigbuy.com/images/8412842543072_S8907043_P20.jpg;https://cdnbigbuy.com/images/8412842543072_S8907043_P30.jpg;https://cdnbigbuy.com/images/8412842543072_S8907043_P40.jpg;new;15.3;19.5;66.8;39.0
8412842543072;de-DE;Fussballtor Aktive 300 X 160 X 90 CM;Wenn Sie auf der Suche nach trendigen Neuheiten auf dem Markt sind, präsentieren wir Ihnen <b>Fussballtor Aktive 300 X 160 X 90 CM</b>!<br><br><ul><li>Material: <ul><li>Polyäthylen</li><li>Stahl</li></ul></li><li>Maße ca.: 300 X 160 X 90 CM</li><li>Sport: Fussball</li></ul>;Wenn Sie auf der Suche nach trendigen Neuheiten auf dem Markt sind, präsentieren wir Ihnen <b>Fussballtor Aktive 300 X 160 X 90 CM</b>!<br><br><ul><li>Material: <ul><li>Polyäthylen</li><li>Stahl</li></ul></li><li>Maße ca.: 300 X 160 X 90 CM</li><li>Sport: Fussball</li></ul>;Gardening & DIY;Pop Pulse Emporium;https://cdnbigbuy.com/images/8412842543072_S8907043_P00.jpg;https://cdnbigbuy.com/images/8412842543072_S8907043_P20.jpg;https://cdnbigbuy.com/images/8412842543072_S8907043_P30.jpg;https://cdnbigbuy.com/images/8412842543072_S8907043_P40.jpg;new;15.3;19.5;66.8;39.0
8412842543072;sk-SK;Futbalová bránka Aktive 300 X 160 X 90 CM;Ak hľadáte nové trendy na trhu, predstavujeme <b>Futbalová bránka Aktive 300 X 160 X 90 CM</b>!<br><br><ul><li>Materiál: <ul><li>Polyetylén</li><li>Oceľ</li></ul></li><li>Približné rozmery: 300 X 160 X 90 CM</li><li>Šport: Football</li></ul>;Ak hľadáte nové trendy na trhu, predstavujeme <b>Futbalová bránka Aktive 300 X 160 X 90 CM</b>!<br><br><ul><li>Materiál: <ul><li>Polyetylén</li><li>Oceľ</li></ul></li><li>Približné rozmery: 300 X 160 X 90 CM</li><li>Šport: Football</li></ul>;Gardening & DIY;Pop Pulse Emporium;https://cdnbigbuy.com/images/8412842543072_S8907043_P00.jpg;https://cdnbigbuy.com/images/8412842543072_S8907043_P20.jpg;https://cdnbigbuy.com/images/8412842543072_S8907043_P30.jpg;https://cdnbigbuy.com/images/8412842543072_S8907043_P40.jpg;new;15.3;19.5;66.8;39.0
8412842543072;pl-PL;Bramka do Piłki Nożnej Aktive 300 X 160 X 90 CM;Jeśli szukasz trendów na rynku, prezentujemy <b>Bramka do Piłki Nożnej Aktive 300 X 160 X 90 CM</b>!<br><br><ul><li>Materiał: <ul><li>Polietylen</li><li>Stal</li></ul></li><li>Wymiary ok.: 300 X 160 X 90 CM</li><li>Sport: Football</li></ul>;Jeśli szukasz trendów na rynku, prezentujemy <b>Bramka do Piłki Nożnej Aktive 300 X 160 X 90 CM</b>!<br><br><ul><li>Materiał: <ul><li>Polietylen</li><li>Stal</li></ul></li><li>Wymiary ok.: 300 X 160 X 90 CM</li><li>Sport: Football</li></ul>;Gardening & DIY;Pop Pulse Emporium;https://cdnbigbuy.com/images/8412842543072_S8907043_P00.jpg;https://cdnbigbuy.com/images/8412842543072_S8907043_P20.jpg;https://cdnbigbuy.com/images/8412842543072_S8907043_P30.jpg;https://cdnbigbuy.com/images/8412842543072_S8907043_P40.jpg;new;15.3;19.5;66.8;39.0
8412842543072;cs-CZ;Fotbalová brána Aktive 300 X 160 X 90 CM;Pokud hledáte nejnovější trendy na trhu, máme tu čest vám představit <b>Fotbalová brána Aktive 300 X 160 X 90 CM</b>!<br><br><ul><li>Materiál: <ul><li>Polyetylen</li><li>Ocel</li></ul></li><li>Přibližné rozměry: 300 X 160 X 90 CM</li><li>Sport: Football</li></ul>;Pokud hledáte nejnovější trendy na trhu, máme tu čest vám představit <b>Fotbalová brána Aktive 300 X 160 X 90 CM</b>!<br><br><ul><li>Materiál: <ul><li>Polyetylen</li><li>Ocel</li></ul></li><li>Přibližné rozměry: 300 X 160 X 90 CM</li><li>Sport: Football</li></ul>;Gardening & DIY;Pop Pulse Emporium;https://cdnbigbuy.com/images/8412842543072_S8907043_P00.jpg;https://cdnbigbuy.com/images/8412842543072_S8907043_P20.jpg;https://cdnbigbuy.com/images/8412842543072_S8907043_P30.jpg;https://cdnbigbuy.com/images/8412842543072_S8907043_P40.jpg;new;15.3;19.5;66.8;39.0
8412842543065;de-AT;Fussballtor Aktive Schwarz;Wenn Sie auf der Suche nach trendigen Neuheiten auf dem Markt sind, präsentieren wir Ihnen <b>Fussballtor Aktive Schwarz</b>!<br><br><ul><li>Empfohlenes Alter: + 14 Jahre</li><li>Farbe: Schwarz</li></ul>;Wenn Sie auf der Suche nach trendigen Neuheiten auf dem Markt sind, präsentieren wir Ihnen <b>Fussballtor Aktive Schwarz</b>!<br><br><ul><li>Empfohlenes Alter: + 14 Jahre</li><li>Farbe: Schwarz</li></ul>;Gardening & DIY;Pop Pulse Emporium;https://cdnbigbuy.com/images/8412842543065_R00.jpg;https://cdnbigbuy.com/images/8412842543065_R40.jpg;https://cdnbigbuy.com/images/8412842543065_R50.jpg;https://cdnbigbuy.com/images/8412842543065_R10.jpg;new;10.27;10.0;71.0;34.0
8412842543065;de-DE;Fussballtor Aktive Schwarz;Wenn Sie auf der Suche nach trendigen Neuheiten auf dem Markt sind, präsentieren wir Ihnen <b>Fussballtor Aktive Schwarz</b>!<br><br><ul><li>Empfohlenes Alter: + 14 Jahre</li><li>Farbe: Schwarz</li></ul>;Wenn Sie auf der Suche nach trendigen Neuheiten auf dem Markt sind, präsentieren wir Ihnen <b>Fussballtor Aktive Schwarz</b>!<br><br><ul><li>Empfohlenes Alter: + 14 Jahre</li><li>Farbe: Schwarz</li></ul>;Gardening & DIY;Pop Pulse Emporium;https://cdnbigbuy.com/images/8412842543065_R00.jpg;https://cdnbigbuy.com/images/8412842543065_R40.jpg;https://cdnbigbuy.com/images/8412842543065_R50.jpg;https://cdnbigbuy.com/images/8412842543065_R10.jpg;new;10.27;10.0;71.0;34.0
8412842543065;sk-SK;Futbalová bránka Aktive Čierna;Ak hľadáte nové trendy na trhu, predstavujeme <b>Futbalová bránka Aktive Čierna</b>!<br><br><ul><li>Odporúčaný vek: + 14 rokov</li><li>Farba: Čierna</li></ul>;Ak hľadáte nové trendy na trhu, predstavujeme <b>Futbalová bránka Aktive Čierna</b>!<br><br><ul><li>Odporúčaný vek: + 14 rokov</li><li>Farba: Čierna</li></ul>;Gardening & DIY;Pop Pulse Emporium;https://cdnbigbuy.com/images/8412842543065_R00.jpg;https://cdnbigbuy.com/images/8412842543065_R40.jpg;https://cdnbigbuy.com/images/8412842543065_R50.jpg;https://cdnbigbuy.com/images/8412842543065_R10.jpg;new;10.27;10.0;71.0;34.0
8412842543065;pl-PL;Bramka do Piłki Nożnej Aktive Czarny;Jeśli szukasz trendów na rynku, prezentujemy <b>Bramka do Piłki Nożnej Aktive Czarny</b>!<br><br><ul><li>Zalecany Wiek: + 14 lat</li><li>Kolor: Czarny</li></ul>;Jeśli szukasz trendów na rynku, prezentujemy <b>Bramka do Piłki Nożnej Aktive Czarny</b>!<br><br><ul><li>Zalecany Wiek: + 14 lat</li><li>Kolor: Czarny</li></ul>;Gardening & DIY;Pop Pulse Emporium;https://cdnbigbuy.com/images/8412842543065_R00.jpg;https://cdnbigbuy.com/images/8412842543065_R40.jpg;https://cdnbigbuy.com/images/8412842543065_R50.jpg;https://cdnbigbuy.com/images/8412842543065_R10.jpg;new;10.27;10.0;71.0;34.0
8412842543065;cs-CZ;Fotbalová brána Aktive Černý;Pokud hledáte nejnovější trendy na trhu, máme tu čest vám představit <b>Fotbalová brána Aktive Černý</b>!<br><br><ul><li>Doporučený věk: + 14 roků</li><li>Barva: Černý</li></ul>;Pokud hledáte nejnovější trendy na trhu, máme tu čest vám představit <b>Fotbalová brána Aktive Černý</b>!<br><br><ul><li>Doporučený věk: + 14 roků</li><li>Barva: Černý</li></ul>;Gardening & DIY;Pop Pulse Emporium;https://cdnbigbuy.com/images/8412842543065_R00.jpg;https://cdnbigbuy.com/images/8412842543065_R40.jpg;https://cdnbigbuy.com/images/8412842543065_R50.jpg;https://cdnbigbuy.com/images/8412842543065_R10.jpg;new;10.27;10.0;71.0;34.0
0197778893399;de-AT;Sport-BH Under Armour Hg Karmesinrot L;Bleiben Sie in Form und entdecken Sie die neuesten Innovationen der Branche, um mit den besten Voraussetzungen Sport zu betreiben! Kaufen Sie <b>Sport-BH Under Armour Hg Karmesinrot L</b> zum besten Preis und genießen Sie ein gesundes Leben!<br><br><ul><li>Sport: Fitness</li><li>Größe: L</li><li>Art: <ul><li>Büstenhalter</li><li>Sport-BH</li></ul></li><li>Farbe: Karmesinrot</li><li>Geschlecht: Damen</li><li>Empfohlenes Alter: Erwachsene</li></ul>;Bleiben Sie in Form und entdecken Sie die neuesten Innovationen der Branche, um mit den besten Voraussetzungen Sport zu betreiben! Kaufen Sie <b>Sport-BH Under Armour Hg Karmesinrot L</b> zum besten Preis und genießen Sie ein gesundes Leben!<br><br><ul><li>Sport: Fitness</li><li>Größe: L</li><li>Art: <ul><li>Büstenhalter</li><li>Sport-BH</li></ul></li><li>Farbe: Karmesinrot</li><li>Geschlecht: Damen</li><li>Empfohlenes Alter: Erwachsene</li></ul>;Gardening & DIY;Pop Pulse Emporium;https://cdnbigbuy.com/images/0197778893399_S64185683_P00.jpg;https://cdnbigbuy.com/images/0197778893399_S64185683_P20.jpg;https://cdnbigbuy.com/images/185619_tallas-mujeres0.jpg;;new;0.21;6.1;18.8;16.3
0197778893399;de-DE;Sport-BH Under Armour Hg Karmesinrot L;Bleiben Sie in Form und entdecken Sie die neuesten Innovationen der Branche, um mit den besten Voraussetzungen Sport zu betreiben! Kaufen Sie <b>Sport-BH Under Armour Hg Karmesinrot L</b> zum besten Preis und genießen Sie ein gesundes Leben!<br><br><ul><li>Sport: Fitness</li><li>Größe: L</li><li>Art: <ul><li>Büstenhalter</li><li>Sport-BH</li></ul></li><li>Farbe: Karmesinrot</li><li>Geschlecht: Damen</li><li>Empfohlenes Alter: Erwachsene</li></ul>;Bleiben Sie in Form und entdecken Sie die neuesten Innovationen der Branche, um mit den besten Voraussetzungen Sport zu betreiben! Kaufen Sie <b>Sport-BH Under Armour Hg Karmesinrot L</b> zum besten Preis und genießen Sie ein gesundes Leben!<br><br><ul><li>Sport: Fitness</li><li>Größe: L</li><li>Art: <ul><li>Büstenhalter</li><li>Sport-BH</li></ul></li><li>Farbe: Karmesinrot</li><li>Geschlecht: Damen</li><li>Empfohlenes Alter: Erwachsene</li></ul>;Gardening & DIY;Pop Pulse Emporium;https://cdnbigbuy.com/images/0197778893399_S64185683_P00.jpg;https://cdnbigbuy.com/images/0197778893399_S64185683_P20.jpg;https://cdnbigbuy.com/images/185619_tallas-mujeres0.jpg;;new;0.21;6.1;18.8;16.3
0197778893399;sk-SK;Športová podprsenka Under Armour Hg Karmínovo červená L;Udržujte sa vo forme a objavte posledné novinky zo sveta športu s tými najväčšími zárukami! Nakúpte <b>Športová podprsenka Under Armour Hg Karmínovo červená L</b> za najlepšiu cenu a užívajte si zdravý život!<br><br><ul><li>Šport: Fitness</li><li>Veľkosť: L</li><li>Typ: <ul><li>Podprsenka</li><li>Športová podprsenka</li></ul></li><li>Farba: Karmínovo červená</li><li>Pohlavie: Dáma</li><li>Odporúčaný vek: Deti</li></ul>;Udržujte sa vo forme a objavte posledné novinky zo sveta športu s tými najväčšími zárukami! Nakúpte <b>Športová podprsenka Under Armour Hg Karmínovo červená L</b> za najlepšiu cenu a užívajte si zdravý život!<br><br><ul><li>Šport: Fitness</li><li>Veľkosť: L</li><li>Typ: <ul><li>Podprsenka</li><li>Športová podprsenka</li></ul></li><li>Farba: Karmínovo červená</li><li>Pohlavie: Dáma</li><li>Odporúčaný vek: Deti</li></ul>;Gardening & DIY;Pop Pulse Emporium;https://cdnbigbuy.com/images/0197778893399_S64185683_P00.jpg;https://cdnbigbuy.com/images/0197778893399_S64185683_P20.jpg;https://cdnbigbuy.com/images/185619_tallas-mujeres0.jpg;;new;0.21;6.1;18.8;16.3
0197778893399;pl-PL;Stanik Sportowy Under Armour Hg Karmazynowa Czerwień L;Utrzymaj kondycję i odkryj wszystkie nowości związane z uprawianiem sportu z najkorzystniejszymi warunkami! Kupuj <b>Stanik Sportowy Under Armour Hg Karmazynowa Czerwień L</b> o najkorzystniejszej cenie i ciesz się zdrowym życiem!<br><br><ul><li>Sport: Fitness</li><li>Rozmiar: L</li><li>Rodzaj: <ul><li>Biustonosz</li><li>Stanik Sportowy</li></ul></li><li>Kolor: Karmazynowa Czerwień</li><li>Płeć: Kobieta</li><li>Zalecany Wiek: Dorosłych</li></ul>;Utrzymaj kondycję i odkryj wszystkie nowości związane z uprawianiem sportu z najkorzystniejszymi warunkami! Kupuj <b>Stanik Sportowy Under Armour Hg Karmazynowa Czerwień L</b> o najkorzystniejszej cenie i ciesz się zdrowym życiem!<br><br><ul><li>Sport: Fitness</li><li>Rozmiar: L</li><li>Rodzaj: <ul><li>Biustonosz</li><li>Stanik Sportowy</li></ul></li><li>Kolor: Karmazynowa Czerwień</li><li>Płeć: Kobieta</li><li>Zalecany Wiek: Dorosłych</li></ul>;Gardening & DIY;Pop Pulse Emporium;https://cdnbigbuy.com/images/0197778893399_S64185683_P00.jpg;https://cdnbigbuy.com/images/0197778893399_S64185683_P20.jpg;https://cdnbigbuy.com/images/185619_tallas-mujeres0.jpg;;new;0.21;6.1;18.8;16.3
0197778893399;cs-CZ;Sportovní podprsenka Under Armour Hg Vínová červená L;Zůstaňte ve formě a objevujte poslední novinky ze sportovního světa s největšími zárukami! Nakupte <b>Sportovní podprsenka Under Armour Hg Vínová červená L</b> za nejlepší cenu a užívejte si života plného zdraví!<br><br><ul><li>Sport: Fitness</li><li>Velikost: L</li><li>Typ: <ul><li>Podprsenka</li><li>Sportovní podprsenka</li></ul></li><li>Barva: Vínová červená</li><li>Pohlaví: Dáma</li><li>Doporučený věk: Dospělé</li></ul>;Zůstaňte ve formě a objevujte poslední novinky ze sportovního světa s největšími zárukami! Nakupte <b>Sportovní podprsenka Under Armour Hg Vínová červená L</b> za nejlepší cenu a užívejte si života plného zdraví!<br><br><ul><li>Sport: Fitness</li><li>Velikost: L</li><li>Typ: <ul><li>Podprsenka</li><li>Sportovní podprsenka</li></ul></li><li>Barva: Vínová červená</li><li>Pohlaví: Dáma</li><li>Doporučený věk: Dospělé</li></ul>;Gardening & DIY;Pop Pulse Emporium;https://cdnbigbuy.com/images/0197778893399_S64185683_P00.jpg;https://cdnbigbuy.com/images/0197778893399_S64185683_P20.jpg;https://cdnbigbuy.com/images/185619_tallas-mujeres0.jpg;;new;0.21;6.1;18.8;16.3
4000885707014;de-AT;Slackline Schildkröt Gelb 15 m;Bleiben Sie in Form und entdecken Sie die neuesten Innovationen der Branche, um mit den besten Voraussetzungen Sport zu betreiben! Kaufen Sie <b>Slackline Schildkröt Gelb 15 m</b> zum besten Preis und genießen Sie ein gesundes Leben!<br><br><ul><li>Art: Slackline</li><li>Farbe: Gelb</li><li>Material: Metall</li><li>Breite: 5 cm</li><li>Empfohlenes Alter: + 5 Jahre</li><li>Länge: 15 m</li><li>Max. unterstütztes Gewicht: 150 kg</li></ul>;Bleiben Sie in Form und entdecken Sie die neuesten Innovationen der Branche, um mit den besten Voraussetzungen Sport zu betreiben! Kaufen Sie <b>Slackline Schildkröt Gelb 15 m</b> zum besten Preis und genießen Sie ein gesundes Leben!<br><br><ul><li>Art: Slackline</li><li>Farbe: Gelb</li><li>Material: Metall</li><li>Breite: 5 cm</li><li>Empfohlenes Alter: + 5 Jahre</li><li>Länge: 15 m</li><li>Max. unterstütztes Gewicht: 150 kg</li></ul>;Gardening & DIY;Pop Pulse Emporium;https://cdnbigbuy.com/images/4000885707014_S71018755_P00.jpg;https://cdnbigbuy.com/images/4000885707014_S71018755_P50.jpg;https://cdnbigbuy.com/images/4000885707014_S71018755_P10.jpg;https://cdnbigbuy.com/images/4000885707014_S71018755_P20.jpg;new;3.86;29.0;34.0;9.0
4000885707014;de-DE;Slackline Schildkröt Gelb 15 m;Bleiben Sie in Form und entdecken Sie die neuesten Innovationen der Branche, um mit den besten Voraussetzungen Sport zu betreiben! Kaufen Sie <b>Slackline Schildkröt Gelb 15 m</b> zum besten Preis und genießen Sie ein gesundes Leben!<br><br><ul><li>Art: Slackline</li><li>Farbe: Gelb</li><li>Material: Metall</li><li>Breite: 5 cm</li><li>Empfohlenes Alter: + 5 Jahre</li><li>Länge: 15 m</li><li>Max. unterstütztes Gewicht: 150 kg</li></ul>;Bleiben Sie in Form und entdecken Sie die neuesten Innovationen der Branche, um mit den besten Voraussetzungen Sport zu betreiben! Kaufen Sie <b>Slackline Schildkröt Gelb 15 m</b> zum besten Preis und genießen Sie ein gesundes Leben!<br><br><ul><li>Art: Slackline</li><li>Farbe: Gelb</li><li>Material: Metall</li><li>Breite: 5 cm</li><li>Empfohlenes Alter: + 5 Jahre</li><li>Länge: 15 m</li><li>Max. unterstütztes Gewicht: 150 kg</li></ul>;Gardening & DIY;Pop Pulse Emporium;https://cdnbigbuy.com/images/4000885707014_S71018755_P00.jpg;https://cdnbigbuy.com/images/4000885707014_S71018755_P50.jpg;https://cdnbigbuy.com/images/4000885707014_S71018755_P10.jpg;https://cdnbigbuy.com/images/4000885707014_S71018755_P20.jpg;new;3.86;29.0;34.0;9.0
4000885707014;sk-SK;Slackline Schildkröt Žltá 15 m;Udržujte sa vo forme a objavte posledné novinky zo sveta športu s tými najväčšími zárukami! Nakúpte <b>Slackline Schildkröt Žltá 15 m</b> za najlepšiu cenu a užívajte si zdravý život!<br><br><ul><li>Typ: Slackline</li><li>Farba: Žltá</li><li>Materiál: Kov</li><li>Šírka: 5 cm</li><li>Odporúčaný vek: + 5 rokov</li><li>Dĺžka: 15 m</li><li>Maximálna povolená hmotnosť: 150 kg</li></ul>;Udržujte sa vo forme a objavte posledné novinky zo sveta športu s tými najväčšími zárukami! Nakúpte <b>Slackline Schildkröt Žltá 15 m</b> za najlepšiu cenu a užívajte si zdravý život!<br><br><ul><li>Typ: Slackline</li><li>Farba: Žltá</li><li>Materiál: Kov</li><li>Šírka: 5 cm</li><li>Odporúčaný vek: + 5 rokov</li><li>Dĺžka: 15 m</li><li>Maximálna povolená hmotnosť: 150 kg</li></ul>;Gardening & DIY;Pop Pulse Emporium;https://cdnbigbuy.com/images/4000885707014_S71018755_P00.jpg;https://cdnbigbuy.com/images/4000885707014_S71018755_P50.jpg;https://cdnbigbuy.com/images/4000885707014_S71018755_P10.jpg;https://cdnbigbuy.com/images/4000885707014_S71018755_P20.jpg;new;3.86;29.0;34.0;9.0
4000885707014;pl-PL;Slackline Schildkröt Żółty 15 m;Utrzymaj kondycję i odkryj wszystkie nowości związane z uprawianiem sportu z najkorzystniejszymi warunkami! Kupuj <b>Slackline Schildkröt Żółty 15 m</b> o najkorzystniejszej cenie i ciesz się zdrowym życiem!<br><br><ul><li>Rodzaj: Slackline</li><li>Kolor: Żółty</li><li>Materiał: Metal</li><li>Szerokość produktu: 5 cm</li><li>Zalecany Wiek: + 5 lat</li><li>Długość: 15 m</li><li>Maksymalna waga: 150 kg</li></ul>;Utrzymaj kondycję i odkryj wszystkie nowości związane z uprawianiem sportu z najkorzystniejszymi warunkami! Kupuj <b>Slackline Schildkröt Żółty 15 m</b> o najkorzystniejszej cenie i ciesz się zdrowym życiem!<br><br><ul><li>Rodzaj: Slackline</li><li>Kolor: Żółty</li><li>Materiał: Metal</li><li>Szerokość produktu: 5 cm</li><li>Zalecany Wiek: + 5 lat</li><li>Długość: 15 m</li><li>Maksymalna waga: 150 kg</li></ul>;Gardening & DIY;Pop Pulse Emporium;https://cdnbigbuy.com/images/4000885707014_S71018755_P00.jpg;https://cdnbigbuy.com/images/4000885707014_S71018755_P50.jpg;https://cdnbigbuy.com/images/4000885707014_S71018755_P10.jpg;https://cdnbigbuy.com/images/4000885707014_S71018755_P20.jpg;new;3.86;29.0;34.0;9.0
4000885707014;cs-CZ;Slackline Schildkröt Žlutý 15 m;Zůstaňte ve formě a objevujte poslední novinky ze sportovního světa s největšími zárukami! Nakupte <b>Slackline Schildkröt Žlutý 15 m</b> za nejlepší cenu a užívejte si života plného zdraví!<br><br><ul><li>Typ: Slackline</li><li>Barva: Žlutý</li><li>Materiál: Kov</li><li>Šířka: 5 cm</li><li>Doporučený věk: + 5 roků</li><li>Délka: 15 m</li><li>Maximální váha: 150 kg</li></ul>;Zůstaňte ve formě a objevujte poslední novinky ze sportovního světa s největšími zárukami! Nakupte <b>Slackline Schildkröt Žlutý 15 m</b> za nejlepší cenu a užívejte si života plného zdraví!<br><br><ul><li>Typ: Slackline</li><li>Barva: Žlutý</li><li>Materiál: Kov</li><li>Šířka: 5 cm</li><li>Doporučený věk: + 5 roků</li><li>Délka: 15 m</li><li>Maximální váha: 150 kg</li></ul>;Gardening & DIY;Pop Pulse Emporium;https://cdnbigbuy.com/images/4000885707014_S71018755_P00.jpg;https://cdnbigbuy.com/images/4000885707014_S71018755_P50.jpg;https://cdnbigbuy.com/images/4000885707014_S71018755_P10.jpg;https://cdnbigbuy.com/images/4000885707014_S71018755_P20.jpg;new;3.86;29.0;34.0;9.0
5052847107904;de-AT;Safe Yale;Bleiben Sie in Form und entdecken Sie die neuesten Innovationen der Branche, um mit den besten Voraussetzungen Sport zu betreiben! Kaufen Sie <b>Safe Yale</b> zum besten Preis und genießen Sie ein gesundes Leben!<br><br><ul><li>Farbe: Schwarz</li><li>Material: Stahl</li><li>Breite: 35 cm</li><li>Merkmale: Eingebaute Anzeige</li><li>Enthalten: Batterie</li><li>Inklusive Batterien: Ja</li><li>Batterietyp: Alkali-Mangan-Batterie</li><li>Installationsart: Wandmontage</li></ul>;Bleiben Sie in Form und entdecken Sie die neuesten Innovationen der Branche, um mit den besten Voraussetzungen Sport zu betreiben! Kaufen Sie <b>Safe Yale</b> zum besten Preis und genießen Sie ein gesundes Leben!<br><br><ul><li>Farbe: Schwarz</li><li>Material: Stahl</li><li>Breite: 35 cm</li><li>Merkmale: Eingebaute Anzeige</li><li>Enthalten: Batterie</li><li>Inklusive Batterien: Ja</li><li>Batterietyp: Alkali-Mangan-Batterie</li><li>Installationsart: Wandmontage</li></ul>;Gardening & DIY;Pop Pulse Emporium;https://cdnbigbuy.com/images/5052847107904_S71022157_P00.jpg;;;;new;16.96;38.0;37.0;29.0
5052847107904;de-DE;Safe Yale;Bleiben Sie in Form und entdecken Sie die neuesten Innovationen der Branche, um mit den besten Voraussetzungen Sport zu betreiben! Kaufen Sie <b>Safe Yale</b> zum besten Preis und genießen Sie ein gesundes Leben!<br><br><ul><li>Farbe: Schwarz</li><li>Material: Stahl</li><li>Breite: 35 cm</li><li>Merkmale: Eingebaute Anzeige</li><li>Enthalten: Batterie</li><li>Inklusive Batterien: Ja</li><li>Batterietyp: Alkali-Mangan-Batterie</li><li>Installationsart: Wandmontage</li></ul>;Bleiben Sie in Form und entdecken Sie die neuesten Innovationen der Branche, um mit den besten Voraussetzungen Sport zu betreiben! Kaufen Sie <b>Safe Yale</b> zum besten Preis und genießen Sie ein gesundes Leben!<br><br><ul><li>Farbe: Schwarz</li><li>Material: Stahl</li><li>Breite: 35 cm</li><li>Merkmale: Eingebaute Anzeige</li><li>Enthalten: Batterie</li><li>Inklusive Batterien: Ja</li><li>Batterietyp: Alkali-Mangan-Batterie</li><li>Installationsart: Wandmontage</li></ul>;Gardening & DIY;Pop Pulse Emporium;https://cdnbigbuy.com/images/5052847107904_S71022157_P00.jpg;;;;new;16.96;38.0;37.0;29.0
5052847107904;sk-SK;Bezpečnostná schránka Yale;Udržujte sa vo forme a objavte posledné novinky zo sveta športu s tými najväčšími zárukami! Nakúpte <b>Bezpečnostná schránka Yale</b> za najlepšiu cenu a užívajte si zdravý život!<br><br><ul><li>Farba: Čierna</li><li>Materiál: Oceľ</li><li>Šírka: 35 cm</li><li>Vlastnosti: Vstavaný displej</li><li>Obsahuje: Batérie</li><li>Vrátane batérií: áno</li><li>Typ batérie: Alkalické Batérie</li><li>Typ montáže: Montáž na stenu</li></ul>;Udržujte sa vo forme a objavte posledné novinky zo sveta športu s tými najväčšími zárukami! Nakúpte <b>Bezpečnostná schránka Yale</b> za najlepšiu cenu a užívajte si zdravý život!<br><br><ul><li>Farba: Čierna</li><li>Materiál: Oceľ</li><li>Šírka: 35 cm</li><li>Vlastnosti: Vstavaný displej</li><li>Obsahuje: Batérie</li><li>Vrátane batérií: áno</li><li>Typ batérie: Alkalické Batérie</li><li>Typ montáže: Montáž na stenu</li></ul>;Gardening & DIY;Pop Pulse Emporium;https://cdnbigbuy.com/images/5052847107904_S71022157_P00.jpg;;;;new;16.96;38.0;37.0;29.0
5052847107904;pl-PL;Sejf Yale;Utrzymaj kondycję i odkryj wszystkie nowości związane z uprawianiem sportu z najkorzystniejszymi warunkami! Kupuj <b>Sejf Yale</b> o najkorzystniejszej cenie i ciesz się zdrowym życiem!<br><br><ul><li>Kolor: Czarny</li><li>Materiał: Stal</li><li>Szerokość produktu: 35 cm</li><li>Właściwości: Wbudowany wyświetlacz</li><li>Zawiera: Bateria</li><li>Baterie w zestawie: Tak</li><li>Rodzaj baterii: Baterie Alkaliczne</li><li>Rodzaj instalacji: Montaż ścienny</li></ul>;Utrzymaj kondycję i odkryj wszystkie nowości związane z uprawianiem sportu z najkorzystniejszymi warunkami! Kupuj <b>Sejf Yale</b> o najkorzystniejszej cenie i ciesz się zdrowym życiem!<br><br><ul><li>Kolor: Czarny</li><li>Materiał: Stal</li><li>Szerokość produktu: 35 cm</li><li>Właściwości: Wbudowany wyświetlacz</li><li>Zawiera: Bateria</li><li>Baterie w zestawie: Tak</li><li>Rodzaj baterii: Baterie Alkaliczne</li><li>Rodzaj instalacji: Montaż ścienny</li></ul>;Gardening & DIY;Pop Pulse Emporium;https://cdnbigbuy.com/images/5052847107904_S71022157_P00.jpg;;;;new;16.96;38.0;37.0;29.0
5052847107904;cs-CZ;Trezor Yale;Zůstaňte ve formě a objevujte poslední novinky ze sportovního světa s největšími zárukami! Nakupte <b>Trezor Yale</b> za nejlepší cenu a užívejte si života plného zdraví!<br><br><ul><li>Barva: Černý</li><li>Materiál: Ocel</li><li>Šířka: 35 cm</li><li>Vlastnosti: Vestavěný displej</li><li>Obsahuje: Baterie</li><li>Baterie v ceně: Ano</li><li>Typ baterie: Alkalické Baterie</li><li>Typ instalace: Montáž na stěnu</li></ul>;Zůstaňte ve formě a objevujte poslední novinky ze sportovního světa s největšími zárukami! Nakupte <b>Trezor Yale</b> za nejlepší cenu a užívejte si života plného zdraví!<br><br><ul><li>Barva: Černý</li><li>Materiál: Ocel</li><li>Šířka: 35 cm</li><li>Vlastnosti: Vestavěný displej</li><li>Obsahuje: Baterie</li><li>Baterie v ceně: Ano</li><li>Typ baterie: Alkalické Baterie</li><li>Typ instalace: Montáž na stěnu</li></ul>;Gardening & DIY;Pop Pulse Emporium;https://cdnbigbuy.com/images/5052847107904_S71022157_P00.jpg;;;;new;16.96;38.0;37.0;29.0
4899888817529;de-AT;Basketballkorb Aktive 45 X 30 X 52 CM;Wenn Sie auf der Suche nach trendigen Neuheiten auf dem Markt sind, präsentieren wir Ihnen <b>Basketballkorb Aktive 45 X 30 X 52 CM</b>!<br><br><ul><li>Sport: Basketball</li><li>Art: <ul><li>Basketball</li><li>Basketballkorb</li></ul></li><li>Material: <ul><li>Polyester</li><li>Eisen</li></ul></li><li>Empfohlenes Alter: + 3 jahre</li><li>Maße ca.: 45 X 30 X 52 CM</li><li>Farbe: <ul><li>Blau</li><li>Weiß</li><li>Rot</li></ul></li><li>Durchmesser: Ø 46 cm</li></ul>;Wenn Sie auf der Suche nach trendigen Neuheiten auf dem Markt sind, präsentieren wir Ihnen <b>Basketballkorb Aktive 45 X 30 X 52 CM</b>!<br><br><ul><li>Sport: Basketball</li><li>Art: <ul><li>Basketball</li><li>Basketballkorb</li></ul></li><li>Material: <ul><li>Polyester</li><li>Eisen</li></ul></li><li>Empfohlenes Alter: + 3 jahre</li><li>Maße ca.: 45 X 30 X 52 CM</li><li>Farbe: <ul><li>Blau</li><li>Weiß</li><li>Rot</li></ul></li><li>Durchmesser: Ø 46 cm</li></ul>;Gardening & DIY;Pop Pulse Emporium;https://cdnbigbuy.com/images/s8907048_p0_icon0.jpg;https://cdnbigbuy.com/images/S8907048_P30.jpg;https://cdnbigbuy.com/images/S8907048_P40.jpg;https://cdnbigbuy.com/images/S8907048_P00.jpg;new;2.72;17.0;47.5;54.5
4899888817529;de-DE;Basketballkorb Aktive 45 X 30 X 52 CM;Wenn Sie auf der Suche nach trendigen Neuheiten auf dem Markt sind, präsentieren wir Ihnen <b>Basketballkorb Aktive 45 X 30 X 52 CM</b>!<br><br><ul><li>Sport: Basketball</li><li>Art: <ul><li>Basketball</li><li>Basketballkorb</li></ul></li><li>Material: <ul><li>Polyester</li><li>Eisen</li></ul></li><li>Empfohlenes Alter: + 3 jahre</li><li>Maße ca.: 45 X 30 X 52 CM</li><li>Farbe: <ul><li>Blau</li><li>Weiß</li><li>Rot</li></ul></li><li>Durchmesser: Ø 46 cm</li></ul>;Wenn Sie auf der Suche nach trendigen Neuheiten auf dem Markt sind, präsentieren wir Ihnen <b>Basketballkorb Aktive 45 X 30 X 52 CM</b>!<br><br><ul><li>Sport: Basketball</li><li>Art: <ul><li>Basketball</li><li>Basketballkorb</li></ul></li><li>Material: <ul><li>Polyester</li><li>Eisen</li></ul></li><li>Empfohlenes Alter: + 3 jahre</li><li>Maße ca.: 45 X 30 X 52 CM</li><li>Farbe: <ul><li>Blau</li><li>Weiß</li><li>Rot</li></ul></li><li>Durchmesser: Ø 46 cm</li></ul>;Gardening & DIY;Pop Pulse Emporium;https://cdnbigbuy.com/images/s8907048_p0_icon0.jpg;https://cdnbigbuy.com/images/S8907048_P30.jpg;https://cdnbigbuy.com/images/S8907048_P40.jpg;https://cdnbigbuy.com/images/S8907048_P00.jpg;new;2.72;17.0;47.5;54.5
4899888817529;sk-SK;Basketbalový kôš Aktive 45 X 30 X 52 CM;Ak hľadáte nové trendy na trhu, predstavujeme <b>Basketbalový kôš Aktive 45 X 30 X 52 CM</b>!<br><br><ul><li>Šport: Basketbal</li><li>Typ: <ul><li>Basketbalová lopta</li><li>Basketbalový kôš</li></ul></li><li>Materiál: <ul><li>Polyester</li><li>Železo</li></ul></li><li>Odporúčaný vek: + 3 rokov</li><li>Približné rozmery: 45 X 30 X 52 CM</li><li>Farba: <ul><li>Modrá</li><li>Biela</li><li>Červená</li></ul></li><li>Približný priemer: Ø 46 cm</li></ul>;Ak hľadáte nové trendy na trhu, predstavujeme <b>Basketbalový kôš Aktive 45 X 30 X 52 CM</b>!<br><br><ul><li>Šport: Basketbal</li><li>Typ: <ul><li>Basketbalová lopta</li><li>Basketbalový kôš</li></ul></li><li>Materiál: <ul><li>Polyester</li><li>Železo</li></ul></li><li>Odporúčaný vek: + 3 rokov</li><li>Približné rozmery: 45 X 30 X 52 CM</li><li>Farba: <ul><li>Modrá</li><li>Biela</li><li>Červená</li></ul></li><li>Približný priemer: Ø 46 cm</li></ul>;Gardening & DIY;Pop Pulse Emporium;https://cdnbigbuy.com/images/s8907048_p0_icon0.jpg;https://cdnbigbuy.com/images/S8907048_P30.jpg;https://cdnbigbuy.com/images/S8907048_P40.jpg;https://cdnbigbuy.com/images/S8907048_P00.jpg;new;2.72;17.0;47.5;54.5
4899888817529;pl-PL;Kosz do koszykówki Aktive 45 X 30 X 52 CM;Jeśli szukasz trendów na rynku, prezentujemy <b>Kosz do koszykówki Aktive 45 X 30 X 52 CM</b>!<br><br><ul><li>Sport: Koszykówka</li><li>Rodzaj: <ul><li>Piłka do Koszykówki</li><li>Kosz do koszykówki</li></ul></li><li>Materiał: <ul><li>Poliester</li><li>Żelazo</li></ul></li><li>Zalecany Wiek: + 3 lat</li><li>Wymiary ok.: 45 X 30 X 52 CM</li><li>Kolor: <ul><li>Niebieski</li><li>Biały</li><li>Czerwony</li></ul></li><li>Średnica: Ø 46 cm</li></ul>;Jeśli szukasz trendów na rynku, prezentujemy <b>Kosz do koszykówki Aktive 45 X 30 X 52 CM</b>!<br><br><ul><li>Sport: Koszykówka</li><li>Rodzaj: <ul><li>Piłka do Koszykówki</li><li>Kosz do koszykówki</li></ul></li><li>Materiał: <ul><li>Poliester</li><li>Żelazo</li></ul></li><li>Zalecany Wiek: + 3 lat</li><li>Wymiary ok.: 45 X 30 X 52 CM</li><li>Kolor: <ul><li>Niebieski</li><li>Biały</li><li>Czerwony</li></ul></li><li>Średnica: Ø 46 cm</li></ul>;Gardening & DIY;Pop Pulse Emporium;https://cdnbigbuy.com/images/s8907048_p0_icon0.jpg;https://cdnbigbuy.com/images/S8907048_P30.jpg;https://cdnbigbuy.com/images/S8907048_P40.jpg;https://cdnbigbuy.com/images/S8907048_P00.jpg;new;2.72;17.0;47.5;54.5
4899888817529;cs-CZ;Basketbalový koš Aktive 45 X 30 X 52 CM;Pokud hledáte nejnovější trendy na trhu, máme tu čest vám představit <b>Basketbalový koš Aktive 45 X 30 X 52 CM</b>!<br><br><ul><li>Sport: Basketbal</li><li>Typ: <ul><li>Basketbalový míč</li><li>Basketbalový koš</li></ul></li><li>Materiál: <ul><li>Polyester</li><li>Železo</li></ul></li><li>Doporučený věk: + 3 roků</li><li>Přibližné rozměry: 45 X 30 X 52 CM</li><li>Barva: <ul><li>Modrý</li><li>Bílý</li><li>Červený</li></ul></li><li>Přibližný průměr: Ø 46 cm</li></ul>;Pokud hledáte nejnovější trendy na trhu, máme tu čest vám představit <b>Basketbalový koš Aktive 45 X 30 X 52 CM</b>!<br><br><ul><li>Sport: Basketbal</li><li>Typ: <ul><li>Basketbalový míč</li><li>Basketbalový koš</li></ul></li><li>Materiál: <ul><li>Polyester</li><li>Železo</li></ul></li><li>Doporučený věk: + 3 roků</li><li>Přibližné rozměry: 45 X 30 X 52 CM</li><li>Barva: <ul><li>Modrý</li><li>Bílý</li><li>Červený</li></ul></li><li>Přibližný průměr: Ø 46 cm</li></ul>;Gardening & DIY;Pop Pulse Emporium;https://cdnbigbuy.com/images/s8907048_p0_icon0.jpg;https://cdnbigbuy.com/images/S8907048_P30.jpg;https://cdnbigbuy.com/images/S8907048_P40.jpg;https://cdnbigbuy.com/images/S8907048_P00.jpg;new;2.72;17.0;47.5;54.5
8435758312761;de-AT;Paddelschläger Drop Shot Conqueror Attack 1.5 Grau Carbonfaser;Bleiben Sie in Form und entdecken Sie die neuesten Innovationen der Branche, um mit den besten Voraussetzungen Sport zu betreiben! Kaufen Sie <b>Paddelschläger Drop Shot Conqueror Attack 1.5 Grau Carbonfaser</b> zum besten Preis und genießen Sie ein gesundes Leben!<br><br><ul><li>Art: Paddelschläger</li><li>Farbe: <ul><li>Grau</li><li>Rot</li></ul></li><li>Geschlecht: <ul><li>Unisex</li><li>Unisex-Erwachsene</li></ul></li><li>Empfohlenes Alter: Erwachsene</li><li>Größe: Einheitsgröße</li><li>Material: Carbonfaser</li><li>Ebenen: Fortgeschritten</li><li>Sport: Paddel</li><li>Balance: Mittel</li></ul>;Bleiben Sie in Form und entdecken Sie die neuesten Innovationen der Branche, um mit den besten Voraussetzungen Sport zu betreiben! Kaufen Sie <b>Paddelschläger Drop Shot Conqueror Attack 1.5 Grau Carbonfaser</b> zum besten Preis und genießen Sie ein gesundes Leben!<br><br><ul><li>Art: Paddelschläger</li><li>Farbe: <ul><li>Grau</li><li>Rot</li></ul></li><li>Geschlecht: <ul><li>Unisex</li><li>Unisex-Erwachsene</li></ul></li><li>Empfohlenes Alter: Erwachsene</li><li>Größe: Einheitsgröße</li><li>Mat;Gardening & DIY;Pop Pulse Emporium;https://cdnbigbuy.com/images/8435758312761_S64194181_P00.jpg;https://cdnbigbuy.com/images/8435758312761_S64194181_P20.jpg;https://cdnbigbuy.com/images/8435758312761_S64194181_P30.jpg;https://cdnbigbuy.com/images/8435758312761_S64194181_P40.jpg;new;0.6;10.0;35.0;51.0
8435758312761;de-DE;Paddelschläger Drop Shot Conqueror Attack 1.5 Grau Carbonfaser;Bleiben Sie in Form und entdecken Sie die neuesten Innovationen der Branche, um mit den besten Voraussetzungen Sport zu betreiben! Kaufen Sie <b>Paddelschläger Drop Shot Conqueror Attack 1.5 Grau Carbonfaser</b> zum besten Preis und genießen Sie ein gesundes Leben!<br><br><ul><li>Art: Paddelschläger</li><li>Farbe: <ul><li>Grau</li><li>Rot</li></ul></li><li>Geschlecht: <ul><li>Unisex</li><li>Unisex-Erwachsene</li></ul></li><li>Empfohlenes Alter: Erwachsene</li><li>Größe: Einheitsgröße</li><li>Material: Carbonfaser</li><li>Ebenen: Fortgeschritten</li><li>Sport: Paddel</li><li>Balance: Mittel</li></ul>;Bleiben Sie in Form und entdecken Sie die neuesten Innovationen der Branche, um mit den besten Voraussetzungen Sport zu betreiben! Kaufen Sie <b>Paddelschläger Drop Shot Conqueror Attack 1.5 Grau Carbonfaser</b> zum besten Preis und genießen Sie ein gesundes Leben!<br><br><ul><li>Art: Paddelschläger</li><li>Farbe: <ul><li>Grau</li><li>Rot</li></ul></li><li>Geschlecht: <ul><li>Unisex</li><li>Unisex-Erwachsene</li></ul></li><li>Empfohlenes Alter: Erwachsene</li><li>Größe: Einheitsgröße</li><li>Mat;Gardening & DIY;Pop Pulse Emporium;https://cdnbigbuy.com/images/8435758312761_S64194181_P00.jpg;https://cdnbigbuy.com/images/8435758312761_S64194181_P20.jpg;https://cdnbigbuy.com/images/8435758312761_S64194181_P30.jpg;https://cdnbigbuy.com/images/8435758312761_S64194181_P40.jpg;new;0.6;10.0;35.0;51.0
8435758312761;sk-SK;Raketa na padel Drop Shot Conqueror Attack 1.5 Sivá Uhlíkové vlákno;Udržujte sa vo forme a objavte posledné novinky zo sveta športu s tými najväčšími zárukami! Nakúpte <b>Raketa na padel Drop Shot Conqueror Attack 1.5 Sivá Uhlíkové vlákno</b> za najlepšiu cenu a užívajte si zdravý život!<br><br><ul><li>Typ: Raketa na padel</li><li>Farba: <ul><li>Sivá</li><li>Červená</li></ul></li><li>Pohlavie: <ul><li>Unisex</li><li>Unisex dospelí</li></ul></li><li>Odporúčaný vek: Deti</li><li>Veľkosť: Jednotná veľkosť</li><li>Materiál: Uhlíkové vlákno</li><li>úrovne: Pokročilý</li><li>Šport: Loptičky na padel</li><li>Rovnováha: Stredné</li></ul>;Udržujte sa vo forme a objavte posledné novinky zo sveta športu s tými najväčšími zárukami! Nakúpte <b>Raketa na padel Drop Shot Conqueror Attack 1.5 Sivá Uhlíkové vlákno</b> za najlepšiu cenu a užívajte si zdravý život!<br><br><ul><li>Typ: Raketa na padel</li><li>Farba: <ul><li>Sivá</li><li>Červená</li></ul></li><li>Pohlavie: <ul><li>Unisex</li><li>Unisex dospelí</li></ul></li><li>Odporúčaný vek: Deti</li><li>Veľkosť: Jednotná veľkosť</li><li>Materiál: Uhlíkové vlákno</li><li>úrovne: Pokročilý<;Gardening & DIY;Pop Pulse Emporium;https://cdnbigbuy.com/images/8435758312761_S64194181_P00.jpg;https://cdnbigbuy.com/images/8435758312761_S64194181_P20.jpg;https://cdnbigbuy.com/images/8435758312761_S64194181_P30.jpg;https://cdnbigbuy.com/images/8435758312761_S64194181_P40.jpg;new;0.6;10.0;35.0;51.0
8435758312761;pl-PL;Rakieta do Padla Drop Shot Conqueror Attack 1.5 Szary Włókno węglowe;Utrzymaj kondycję i odkryj wszystkie nowości związane z uprawianiem sportu z najkorzystniejszymi warunkami! Kupuj <b>Rakieta do Padla Drop Shot Conqueror Attack 1.5 Szary Włókno węglowe</b> o najkorzystniejszej cenie i ciesz się zdrowym życiem!<br><br><ul><li>Rodzaj: Rakieta do Padla</li><li>Kolor: <ul><li>Szary</li><li>Czerwony</li></ul></li><li>Płeć: <ul><li>Unisex</li><li>Unisex dorośli</li></ul></li><li>Zalecany Wiek: Dorosłych</li><li>Rozmiar: Jeden rozmiar</li><li>Materiał: Włókno węglowe</li><li>Poziomy: Zaawansowany</li><li>Sport: Piłki do Padla</li><li>Balans: średni</li></ul>;Utrzymaj kondycję i odkryj wszystkie nowości związane z uprawianiem sportu z najkorzystniejszymi warunkami! Kupuj <b>Rakieta do Padla Drop Shot Conqueror Attack 1.5 Szary Włókno węglowe</b> o najkorzystniejszej cenie i ciesz się zdrowym życiem!<br><br><ul><li>Rodzaj: Rakieta do Padla</li><li>Kolor: <ul><li>Szary</li><li>Czerwony</li></ul></li><li>Płeć: <ul><li>Unisex</li><li>Unisex dorośli</li></ul></li><li>Zalecany Wiek: Dorosłych</li><li>Rozmiar: Jeden rozmiar</li><li>Materiał: Włókno węglowe<;Gardening & DIY;Pop Pulse Emporium;https://cdnbigbuy.com/images/8435758312761_S64194181_P00.jpg;https://cdnbigbuy.com/images/8435758312761_S64194181_P20.jpg;https://cdnbigbuy.com/images/8435758312761_S64194181_P30.jpg;https://cdnbigbuy.com/images/8435758312761_S64194181_P40.jpg;new;0.6;10.0;35.0;51.0
8435758312761;cs-CZ;Raketa Padel Drop Shot Conqueror Attack 1.5 Šedý Karbonové vlákno;Zůstaňte ve formě a objevujte poslední novinky ze sportovního světa s největšími zárukami! Nakupte <b>Raketa Padel Drop Shot Conqueror Attack 1.5 Šedý Karbonové vlákno</b> za nejlepší cenu a užívejte si života plného zdraví!<br><br><ul><li>Typ: Raketa Padel</li><li>Barva: <ul><li>Šedý</li><li>Červený</li></ul></li><li>Pohlaví: <ul><li>Unisex</li><li>Unisex dospělí</li></ul></li><li>Doporučený věk: Dospělé</li><li>Velikost: Jednotná velikost</li><li>Materiál: Karbonové vlákno</li><li>úrovně: Pokročilý</li><li>Sport: Padel</li><li>Rovnováha: Střední</li></ul>;Zůstaňte ve formě a objevujte poslední novinky ze sportovního světa s největšími zárukami! Nakupte <b>Raketa Padel Drop Shot Conqueror Attack 1.5 Šedý Karbonové vlákno</b> za nejlepší cenu a užívejte si života plného zdraví!<br><br><ul><li>Typ: Raketa Padel</li><li>Barva: <ul><li>Šedý</li><li>Červený</li></ul></li><li>Pohlaví: <ul><li>Unisex</li><li>Unisex dospělí</li></ul></li><li>Doporučený věk: Dospělé</li><li>Velikost: Jednotná velikost</li><li>Materiál: Karbonové vlákno</li><li>úrovně: Pokr;Gardening & DIY;Pop Pulse Emporium;https://cdnbigbuy.com/images/8435758312761_S64194181_P00.jpg;https://cdnbigbuy.com/images/8435758312761_S64194181_P20.jpg;https://cdnbigbuy.com/images/8435758312761_S64194181_P30.jpg;https://cdnbigbuy.com/images/8435758312761_S64194181_P40.jpg;new;0.6;10.0;35.0;51.0
8412842631656;de-AT;Gaskocher Aktive;Wenn Sie auf der Suche nach trendigen Neuheiten auf dem Markt sind, präsentieren wir Ihnen <b>Gaskocher Aktive</b>!<br><br><ul><li>Art: Gaskocher</li><li>Empfohlenes Alter: <ul><li>+ 3 jahre</li><li>+ 14 Jahre</li></ul></li><li>CE-Kennzeichnung: Ja</li><li>Maße ca.: 265 x 78 x 80 cm</li><li>Material: Stahl</li></ul>;Wenn Sie auf der Suche nach trendigen Neuheiten auf dem Markt sind, präsentieren wir Ihnen <b>Gaskocher Aktive</b>!<br><br><ul><li>Art: Gaskocher</li><li>Empfohlenes Alter: <ul><li>+ 3 jahre</li><li>+ 14 Jahre</li></ul></li><li>CE-Kennzeichnung: Ja</li><li>Maße ca.: 265 x 78 x 80 cm</li><li>Material: Stahl</li></ul>;Gardening & DIY;Pop Pulse Emporium;https://cdnbigbuy.com/images/8412842631656_S2455427_P00.jpg;https://cdnbigbuy.com/images/8412842631656_S2455427_P10.jpg;;;new;10.05;38.1;47.1;22.7
8412842631656;de-DE;Gaskocher Aktive;Wenn Sie auf der Suche nach trendigen Neuheiten auf dem Markt sind, präsentieren wir Ihnen <b>Gaskocher Aktive</b>!<br><br><ul><li>Art: Gaskocher</li><li>Empfohlenes Alter: <ul><li>+ 3 jahre</li><li>+ 14 Jahre</li></ul></li><li>CE-Kennzeichnung: Ja</li><li>Maße ca.: 265 x 78 x 80 cm</li><li>Material: Stahl</li></ul>;Wenn Sie auf der Suche nach trendigen Neuheiten auf dem Markt sind, präsentieren wir Ihnen <b>Gaskocher Aktive</b>!<br><br><ul><li>Art: Gaskocher</li><li>Empfohlenes Alter: <ul><li>+ 3 jahre</li><li>+ 14 Jahre</li></ul></li><li>CE-Kennzeichnung: Ja</li><li>Maße ca.: 265 x 78 x 80 cm</li><li>Material: Stahl</li></ul>;Gardening & DIY;Pop Pulse Emporium;https://cdnbigbuy.com/images/8412842631656_S2455427_P00.jpg;https://cdnbigbuy.com/images/8412842631656_S2455427_P10.jpg;;;new;10.05;38.1;47.1;22.7
8412842631656;sk-SK;plynový varič Aktive;Ak hľadáte nové trendy na trhu, predstavujeme <b>plynový varič Aktive</b>!<br><br><ul><li>Typ: plynový varič</li><li>Odporúčaný vek: <ul><li>+ 3 rokov</li><li>+ 14 rokov</li></ul></li><li>CE označenie: áno</li><li>Približné rozmery: 265 x 78 x 80 cm</li><li>Materiál: Oceľ</li></ul>;Ak hľadáte nové trendy na trhu, predstavujeme <b>plynový varič Aktive</b>!<br><br><ul><li>Typ: plynový varič</li><li>Odporúčaný vek: <ul><li>+ 3 rokov</li><li>+ 14 rokov</li></ul></li><li>CE označenie: áno</li><li>Približné rozmery: 265 x 78 x 80 cm</li><li>Materiál: Oceľ</li></ul>;Gardening & DIY;Pop Pulse Emporium;https://cdnbigbuy.com/images/8412842631656_S2455427_P00.jpg;https://cdnbigbuy.com/images/8412842631656_S2455427_P10.jpg;;;new;10.05;38.1;47.1;22.7
8412842631656;pl-PL;gazowa kuchenka turystyczna Aktive;Jeśli szukasz trendów na rynku, prezentujemy <b>gazowa kuchenka turystyczna Aktive</b>!<br><br><ul><li>Rodzaj: gazowa kuchenka turystyczna</li><li>Zalecany Wiek: <ul><li>+ 3 lat</li><li>+ 14 lat</li></ul></li><li>Oznaczenie CE: Tak</li><li>Wymiary ok.: 265 x 78 x 80 cm</li><li>Materiał: Stal</li></ul>;Jeśli szukasz trendów na rynku, prezentujemy <b>gazowa kuchenka turystyczna Aktive</b>!<br><br><ul><li>Rodzaj: gazowa kuchenka turystyczna</li><li>Zalecany Wiek: <ul><li>+ 3 lat</li><li>+ 14 lat</li></ul></li><li>Oznaczenie CE: Tak</li><li>Wymiary ok.: 265 x 78 x 80 cm</li><li>Materiał: Stal</li></ul>;Gardening & DIY;Pop Pulse Emporium;https://cdnbigbuy.com/images/8412842631656_S2455427_P00.jpg;https://cdnbigbuy.com/images/8412842631656_S2455427_P10.jpg;;;new;10.05;38.1;47.1;22.7
8412842631656;cs-CZ;plynový vařič Aktive;Pokud hledáte nejnovější trendy na trhu, máme tu čest vám představit <b>plynový vařič Aktive</b>!<br><br><ul><li>Typ: plynový vařič</li><li>Doporučený věk: <ul><li>+ 3 roků</li><li>+ 14 roků</li></ul></li><li>Značka CE: Ano</li><li>Přibližné rozměry: 265 x 78 x 80 cm</li><li>Materiál: Ocel</li></ul>;Pokud hledáte nejnovější trendy na trhu, máme tu čest vám představit <b>plynový vařič Aktive</b>!<br><br><ul><li>Typ: plynový vařič</li><li>Doporučený věk: <ul><li>+ 3 roků</li><li>+ 14 roků</li></ul></li><li>Značka CE: Ano</li><li>Přibližné rozměry: 265 x 78 x 80 cm</li><li>Materiál: Ocel</li></ul>;Gardening & DIY;Pop Pulse Emporium;https://cdnbigbuy.com/images/8412842631656_S2455427_P00.jpg;https://cdnbigbuy.com/images/8412842631656_S2455427_P10.jpg;;;new;10.05;38.1;47.1;22.7
8445484567908;de-AT;Sweatshirt mit Kapuze für Mädchen Real Madrid C.F. Blau;Bleiben Sie in Form und entdecken Sie die neuesten Innovationen der Branche, um mit den besten Voraussetzungen Sport zu betreiben! Kaufen Sie <b>Sweatshirt mit Kapuze für Mädchen Real Madrid C.F. Blau</b> zum besten Preis und genießen Sie ein gesundes Leben!<br><br><ul><li>Art: Kinder-Sweatshirt</li><li>Farbe: Blau</li><li>Größe: 5 Jahre</li><li>Merkmale: In der Maschine waschbar</li></ul>;Bleiben Sie in Form und entdecken Sie die neuesten Innovationen der Branche, um mit den besten Voraussetzungen Sport zu betreiben! Kaufen Sie <b>Sweatshirt mit Kapuze für Mädchen Real Madrid C.F. Blau</b> zum besten Preis und genießen Sie ein gesundes Leben!<br><br><ul><li>Art: Kinder-Sweatshirt</li><li>Farbe: Blau</li><li>Größe: 5 Jahre</li><li>Merkmale: In der Maschine waschbar</li></ul>;Gardening & DIY;Pop Pulse Emporium;https://cdnbigbuy.com/images/8445484567908_S0744447_P00.jpg;https://cdnbigbuy.com/images/8445484567908_S0744447_P60.jpg;https://cdnbigbuy.com/images/8445484567908_S0744447_P20.jpg;https://cdnbigbuy.com/images/8445484567908_S2460293_P10.jpg;new;0.3;2.0;40.5;50.5
8445484567908;de-DE;Sweatshirt mit Kapuze für Mädchen Real Madrid C.F. Blau;Bleiben Sie in Form und entdecken Sie die neuesten Innovationen der Branche, um mit den besten Voraussetzungen Sport zu betreiben! Kaufen Sie <b>Sweatshirt mit Kapuze für Mädchen Real Madrid C.F. Blau</b> zum besten Preis und genießen Sie ein gesundes Leben!<br><br><ul><li>Art: Kinder-Sweatshirt</li><li>Farbe: Blau</li><li>Größe: 5 Jahre</li><li>Merkmale: In der Maschine waschbar</li></ul>;Bleiben Sie in Form und entdecken Sie die neuesten Innovationen der Branche, um mit den besten Voraussetzungen Sport zu betreiben! Kaufen Sie <b>Sweatshirt mit Kapuze für Mädchen Real Madrid C.F. Blau</b> zum besten Preis und genießen Sie ein gesundes Leben!<br><br><ul><li>Art: Kinder-Sweatshirt</li><li>Farbe: Blau</li><li>Größe: 5 Jahre</li><li>Merkmale: In der Maschine waschbar</li></ul>;Gardening & DIY;Pop Pulse Emporium;https://cdnbigbuy.com/images/8445484567908_S0744447_P00.jpg;https://cdnbigbuy.com/images/8445484567908_S0744447_P60.jpg;https://cdnbigbuy.com/images/8445484567908_S0744447_P20.jpg;https://cdnbigbuy.com/images/8445484567908_S2460293_P10.jpg;new;0.3;2.0;40.5;50.5
8445484567908;sk-SK;Dievčenská mikina s kapucňou Real Madrid C.F. Modrá;Udržujte sa vo forme a objavte posledné novinky zo sveta športu s tými najväčšími zárukami! Nakúpte <b>Dievčenská mikina s kapucňou Real Madrid C.F. Modrá</b> za najlepšiu cenu a užívajte si zdravý život!<br><br><ul><li>Typ: Detská mikina</li><li>Farba: Modrá</li><li>Veľkosť: 5 rokov</li><li>Vlastnosti: Možno prať v práčke</li></ul>;Udržujte sa vo forme a objavte posledné novinky zo sveta športu s tými najväčšími zárukami! Nakúpte <b>Dievčenská mikina s kapucňou Real Madrid C.F. Modrá</b> za najlepšiu cenu a užívajte si zdravý život!<br><br><ul><li>Typ: Detská mikina</li><li>Farba: Modrá</li><li>Veľkosť: 5 rokov</li><li>Vlastnosti: Možno prať v práčke</li></ul>;Gardening & DIY;Pop Pulse Emporium;https://cdnbigbuy.com/images/8445484567908_S0744447_P00.jpg;https://cdnbigbuy.com/images/8445484567908_S0744447_P60.jpg;https://cdnbigbuy.com/images/8445484567908_S0744447_P20.jpg;https://cdnbigbuy.com/images/8445484567908_S2460293_P10.jpg;new;0.3;2.0;40.5;50.5
8445484567908;pl-PL;Bluza z Kapturem dla Dziewczynki Real Madrid C.F. Niebieski;Utrzymaj kondycję i odkryj wszystkie nowości związane z uprawianiem sportu z najkorzystniejszymi warunkami! Kupuj <b>Bluza z Kapturem dla Dziewczynki Real Madrid C.F. Niebieski</b> o najkorzystniejszej cenie i ciesz się zdrowym życiem!<br><br><ul><li>Rodzaj: Bluza dziecięca</li><li>Kolor: Niebieski</li><li>Rozmiar: 5 lat</li><li>Właściwości: Można prać w pralce</li></ul>;Utrzymaj kondycję i odkryj wszystkie nowości związane z uprawianiem sportu z najkorzystniejszymi warunkami! Kupuj <b>Bluza z Kapturem dla Dziewczynki Real Madrid C.F. Niebieski</b> o najkorzystniejszej cenie i ciesz się zdrowym życiem!<br><br><ul><li>Rodzaj: Bluza dziecięca</li><li>Kolor: Niebieski</li><li>Rozmiar: 5 lat</li><li>Właściwości: Można prać w pralce</li></ul>;Gardening & DIY;Pop Pulse Emporium;https://cdnbigbuy.com/images/8445484567908_S0744447_P00.jpg;https://cdnbigbuy.com/images/8445484567908_S0744447_P60.jpg;https://cdnbigbuy.com/images/8445484567908_S0744447_P20.jpg;https://cdnbigbuy.com/images/8445484567908_S2460293_P10.jpg;new;0.3;2.0;40.5;50.5
8445484567908;cs-CZ;Dívčí mikina s kapucí Real Madrid C.F. Modrý;Zůstaňte ve formě a objevujte poslední novinky ze sportovního světa s největšími zárukami! Nakupte <b>Dívčí mikina s kapucí Real Madrid C.F. Modrý</b> za nejlepší cenu a užívejte si života plného zdraví!<br><br><ul><li>Typ: Dětská mikina</li><li>Barva: Modrý</li><li>Velikost: 5 roků</li><li>Vlastnosti: Pratelný v pračce</li></ul>;Zůstaňte ve formě a objevujte poslední novinky ze sportovního světa s největšími zárukami! Nakupte <b>Dívčí mikina s kapucí Real Madrid C.F. Modrý</b> za nejlepší cenu a užívejte si života plného zdraví!<br><br><ul><li>Typ: Dětská mikina</li><li>Barva: Modrý</li><li>Velikost: 5 roků</li><li>Vlastnosti: Pratelný v pračce</li></ul>;Gardening & DIY;Pop Pulse Emporium;https://cdnbigbuy.com/images/8445484567908_S0744447_P00.jpg;https://cdnbigbuy.com/images/8445484567908_S0744447_P60.jpg;https://cdnbigbuy.com/images/8445484567908_S0744447_P20.jpg;https://cdnbigbuy.com/images/8445484567908_S2460293_P10.jpg;new;0.3;2.0;40.5;50.5
4899888817505;de-AT;Kegel Aktive (6 Stück);Wenn Sie auf der Suche nach trendigen Neuheiten auf dem Markt sind, präsentieren wir Ihnen <b>Kegel Aktive (6 Stück)</b>!<br><br><ul><li>Farbe: Bunt</li><li>Empfohlenes Alter: + 14 Jahre</li><li>Maße ca.: 13,5 X 23 X 13,5 CM</li><li>Stückzahl: 6 Stück</li><li>Merkmale: Motorik-Training</li></ul>;Wenn Sie auf der Suche nach trendigen Neuheiten auf dem Markt sind, präsentieren wir Ihnen <b>Kegel Aktive (6 Stück)</b>!<br><br><ul><li>Farbe: Bunt</li><li>Empfohlenes Alter: + 14 Jahre</li><li>Maße ca.: 13,5 X 23 X 13,5 CM</li><li>Stückzahl: 6 Stück</li><li>Merkmale: Motorik-Training</li></ul>;Gardening & DIY;Pop Pulse Emporium;https://cdnbigbuy.com/images/s8907038_p0_icon0.jpg;https://cdnbigbuy.com/images/S8907038_P50.jpg;https://cdnbigbuy.com/images/S8907038_P10.jpg;https://cdnbigbuy.com/images/S8907038_P20.jpg;new;4.19;15.0;62.5;15.0
4899888817505;de-DE;Kegel Aktive (6 Stück);Wenn Sie auf der Suche nach trendigen Neuheiten auf dem Markt sind, präsentieren wir Ihnen <b>Kegel Aktive (6 Stück)</b>!<br><br><ul><li>Farbe: Bunt</li><li>Empfohlenes Alter: + 14 Jahre</li><li>Maße ca.: 13,5 X 23 X 13,5 CM</li><li>Stückzahl: 6 Stück</li><li>Merkmale: Motorik-Training</li></ul>;Wenn Sie auf der Suche nach trendigen Neuheiten auf dem Markt sind, präsentieren wir Ihnen <b>Kegel Aktive (6 Stück)</b>!<br><br><ul><li>Farbe: Bunt</li><li>Empfohlenes Alter: + 14 Jahre</li><li>Maße ca.: 13,5 X 23 X 13,5 CM</li><li>Stückzahl: 6 Stück</li><li>Merkmale: Motorik-Training</li></ul>;Gardening & DIY;Pop Pulse Emporium;https://cdnbigbuy.com/images/s8907038_p0_icon0.jpg;https://cdnbigbuy.com/images/S8907038_P50.jpg;https://cdnbigbuy.com/images/S8907038_P10.jpg;https://cdnbigbuy.com/images/S8907038_P20.jpg;new;4.19;15.0;62.5;15.0
4899888817505;sk-SK;Kužele Aktive (6 kusov);Ak hľadáte nové trendy na trhu, predstavujeme <b>Kužele Aktive (6 kusov)</b>!<br><br><ul><li>Farba: Viacfarebná</li><li>Odporúčaný vek: + 14 rokov</li><li>Približné rozmery: 13,5 X 23 X 13,5 CM</li><li>Kusov: 6 kusov</li><li>Vlastnosti: Motorik-Training</li></ul>;Ak hľadáte nové trendy na trhu, predstavujeme <b>Kužele Aktive (6 kusov)</b>!<br><br><ul><li>Farba: Viacfarebná</li><li>Odporúčaný vek: + 14 rokov</li><li>Približné rozmery: 13,5 X 23 X 13,5 CM</li><li>Kusov: 6 kusov</li><li>Vlastnosti: Motorik-Training</li></ul>;Gardening & DIY;Pop Pulse Emporium;https://cdnbigbuy.com/images/s8907038_p0_icon0.jpg;https://cdnbigbuy.com/images/S8907038_P50.jpg;https://cdnbigbuy.com/images/S8907038_P10.jpg;https://cdnbigbuy.com/images/S8907038_P20.jpg;new;4.19;15.0;62.5;15.0
4899888817505;pl-PL;Stożki Aktive (6 Sztuk);Jeśli szukasz trendów na rynku, prezentujemy <b>Stożki Aktive (6 Sztuk)</b>!<br><br><ul><li>Kolor: Wielokolorowy</li><li>Zalecany Wiek: + 14 lat</li><li>Wymiary ok.: 13,5 X 23 X 13,5 CM</li><li>Sztuk: 6 Sztuk</li><li>Właściwości: Motorik-Training</li></ul>;Jeśli szukasz trendów na rynku, prezentujemy <b>Stożki Aktive (6 Sztuk)</b>!<br><br><ul><li>Kolor: Wielokolorowy</li><li>Zalecany Wiek: + 14 lat</li><li>Wymiary ok.: 13,5 X 23 X 13,5 CM</li><li>Sztuk: 6 Sztuk</li><li>Właściwości: Motorik-Training</li></ul>;Gardening & DIY;Pop Pulse Emporium;https://cdnbigbuy.com/images/s8907038_p0_icon0.jpg;https://cdnbigbuy.com/images/S8907038_P50.jpg;https://cdnbigbuy.com/images/S8907038_P10.jpg;https://cdnbigbuy.com/images/S8907038_P20.jpg;new;4.19;15.0;62.5;15.0
4899888817505;cs-CZ;Kužely Aktive (6 kusů);Pokud hledáte nejnovější trendy na trhu, máme tu čest vám představit <b>Kužely Aktive (6 kusů)</b>!<br><br><ul><li>Barva: Vícebarevný</li><li>Doporučený věk: + 14 roků</li><li>Přibližné rozměry: 13,5 X 23 X 13,5 CM</li><li>Kusů: 6 kusů</li><li>Vlastnosti: Motorik-Training</li></ul>;Pokud hledáte nejnovější trendy na trhu, máme tu čest vám představit <b>Kužely Aktive (6 kusů)</b>!<br><br><ul><li>Barva: Vícebarevný</li><li>Doporučený věk: + 14 roků</li><li>Přibližné rozměry: 13,5 X 23 X 13,5 CM</li><li>Kusů: 6 kusů</li><li>Vlastnosti: Motorik-Training</li></ul>;Gardening & DIY;Pop Pulse Emporium;https://cdnbigbuy.com/images/s8907038_p0_icon0.jpg;https://cdnbigbuy.com/images/S8907038_P50.jpg;https://cdnbigbuy.com/images/S8907038_P10.jpg;https://cdnbigbuy.com/images/S8907038_P20.jpg;new;4.19;15.0;62.5;15.0
4899888811251;de-AT;Wasserflasche Leknes Polyäthylen 700 ml (24 Stück);Wenn Sie bei der Einrichtung ihres Heims Wert auf Details legen und bei Produkten, die Ihnen das Leben leichter machen, auf dem letzten Stand sein möchten, dann kaufen Sie <b>Wasserflasche Leknes Polyäthylen 700 ml (24 Stück)</b> zum besten Preis.<br><br><ul><li>Farbe: Bunt</li><li>Art: Flasche mit Mundstück</li><li>Material: Polyäthylen</li><li>Stückzahl: 24 Stück</li><li>Kapazität: 700 ml</li></ul><br><br>Wichtige informationen: Verschiedene Designs. Versand nach Zufallsprinzip und vom Bestand abhängig.;Wenn Sie bei der Einrichtung ihres Heims Wert auf Details legen und bei Produkten, die Ihnen das Leben leichter machen, auf dem letzten Stand sein möchten, dann kaufen Sie <b>Wasserflasche Leknes Polyäthylen 700 ml (24 Stück)</b> zum besten Preis.<br><br><ul><li>Farbe: Bunt</li><li>Art: Flasche mit Mundstück</li><li>Material: Polyäthylen</li><li>Stückzahl: 24 Stück</li><li>Kapazität: 700 ml</li></ul><br><br>Wichtige informationen: Verschiedene Designs. Versand nach Zufallsprinzip und vom Bestand;Gardening & DIY;Pop Pulse Emporium;https://cdnbigbuy.com/images/s3633725_p0_icon0.jpg;https://cdnbigbuy.com/images/S3633725_P30.jpg;https://cdnbigbuy.com/images/S3633725_P00.jpg;https://cdnbigbuy.com/images/S3633725_P10.jpg;new;1.95;28.5;43.0;26.0
4899888811251;de-DE;Wasserflasche Leknes Polyäthylen 700 ml (24 Stück);Wenn Sie bei der Einrichtung ihres Heims Wert auf Details legen und bei Produkten, die Ihnen das Leben leichter machen, auf dem letzten Stand sein möchten, dann kaufen Sie <b>Wasserflasche Leknes Polyäthylen 700 ml (24 Stück)</b> zum besten Preis.<br><br><ul><li>Farbe: Bunt</li><li>Art: Flasche mit Mundstück</li><li>Material: Polyäthylen</li><li>Stückzahl: 24 Stück</li><li>Kapazität: 700 ml</li></ul><br><br>Wichtige informationen: Verschiedene Designs. Versand nach Zufallsprinzip und vom Bestand abhängig.;Wenn Sie bei der Einrichtung ihres Heims Wert auf Details legen und bei Produkten, die Ihnen das Leben leichter machen, auf dem letzten Stand sein möchten, dann kaufen Sie <b>Wasserflasche Leknes Polyäthylen 700 ml (24 Stück)</b> zum besten Preis.<br><br><ul><li>Farbe: Bunt</li><li>Art: Flasche mit Mundstück</li><li>Material: Polyäthylen</li><li>Stückzahl: 24 Stück</li><li>Kapazität: 700 ml</li></ul><br><br>Wichtige informationen: Verschiedene Designs. Versand nach Zufallsprinzip und vom Bestand;Gardening & DIY;Pop Pulse Emporium;https://cdnbigbuy.com/images/s3633725_p0_icon0.jpg;https://cdnbigbuy.com/images/S3633725_P30.jpg;https://cdnbigbuy.com/images/S3633725_P00.jpg;https://cdnbigbuy.com/images/S3633725_P10.jpg;new;1.95;28.5;43.0;26.0
4899888811251;sk-SK;fľaša na vodu Leknes Polyetylén 700 ml (24 kusov);Ak pri zariaďovaní vášho domova kladiete dôraz na všetky detaily a chcete byť priebežne informovaný o najnovších výrobkoch, ktoré vám uľahčia život, nakupujte <b>fľaša na vodu Leknes Polyetylén 700 ml (24 kusov)</b> za tú najlepšiu cenu.<br><br><ul><li>Farba: Viacfarebná</li><li>Typ: Fľaša s náustkom</li><li>Materiál: Polyetylén</li><li>Kusov: 24 kusov</li><li>Kapacita: 700 ml</li></ul><br><br>Dôležité informácie: Z viac designov vyberáme náhodne podľa skladovej dostupnosti.;Ak pri zariaďovaní vášho domova kladiete dôraz na všetky detaily a chcete byť priebežne informovaný o najnovších výrobkoch, ktoré vám uľahčia život, nakupujte <b>fľaša na vodu Leknes Polyetylén 700 ml (24 kusov)</b> za tú najlepšiu cenu.<br><br><ul><li>Farba: Viacfarebná</li><li>Typ: Fľaša s náustkom</li><li>Materiál: Polyetylén</li><li>Kusov: 24 kusov</li><li>Kapacita: 700 ml</li></ul><br><br>Dôležité informácie: Z viac designov vyberáme náhodne podľa skladovej dostupnosti.;Gardening & DIY;Pop Pulse Emporium;https://cdnbigbuy.com/images/s3633725_p0_icon0.jpg;https://cdnbigbuy.com/images/S3633725_P30.jpg;https://cdnbigbuy.com/images/S3633725_P00.jpg;https://cdnbigbuy.com/images/S3633725_P10.jpg;new;1.95;28.5;43.0;26.0
4899888811251;pl-PL;Butelka wody Leknes Polietylen 700 ml (24 Sztuk);Jeśli lubisz dbać o każdy szczegół swojego domu i śledzić najnowsze trendy w produktach, które ułatwią Ci życie, kupuj <b>Butelka wody Leknes Polietylen 700 ml (24 Sztuk)</b> o najkorzystniejszej cenie.<br><br><ul><li>Kolor: Wielokolorowy</li><li>Rodzaj: Butelka z ustnikiem</li><li>Materiał: Polietylen</li><li>Sztuk: 24 Sztuk</li><li>Wydajność: 700 ml</li></ul><br><br>Ważne informacje: Różne wzory wysyłane losowo zgodnie ze stanem magazynu.;Jeśli lubisz dbać o każdy szczegół swojego domu i śledzić najnowsze trendy w produktach, które ułatwią Ci życie, kupuj <b>Butelka wody Leknes Polietylen 700 ml (24 Sztuk)</b> o najkorzystniejszej cenie.<br><br><ul><li>Kolor: Wielokolorowy</li><li>Rodzaj: Butelka z ustnikiem</li><li>Materiał: Polietylen</li><li>Sztuk: 24 Sztuk</li><li>Wydajność: 700 ml</li></ul><br><br>Ważne informacje: Różne wzory wysyłane losowo zgodnie ze stanem magazynu.;Gardening & DIY;Pop Pulse Emporium;https://cdnbigbuy.com/images/s3633725_p0_icon0.jpg;https://cdnbigbuy.com/images/S3633725_P30.jpg;https://cdnbigbuy.com/images/S3633725_P00.jpg;https://cdnbigbuy.com/images/S3633725_P10.jpg;new;1.95;28.5;43.0;26.0
4899888811251;cs-CZ;Láhev na vodu Leknes Polyetylen 700 ml (24 kusů);Pokud při zařizování vašeho domova kladete důraz na všelijaké detaily a chcete být průběžně informován o nejnovějších produktech, které vám usnadní život, nakupujte <b>Láhev na vodu Leknes Polyetylen 700 ml (24 kusů)</b> za tu nejlepší cenu.<br><br><ul><li>Barva: Vícebarevný</li><li>Typ: Láhev s náustkem</li><li>Materiál: Polyetylen</li><li>Kusů: 24 kusů</li><li>Kapacita: 700 ml</li></ul><br><br>Důležité informace: Z více designů vybíráme náhodně podle skladové dostupnosti.;Pokud při zařizování vašeho domova kladete důraz na všelijaké detaily a chcete být průběžně informován o nejnovějších produktech, které vám usnadní život, nakupujte <b>Láhev na vodu Leknes Polyetylen 700 ml (24 kusů)</b> za tu nejlepší cenu.<br><br><ul><li>Barva: Vícebarevný</li><li>Typ: Láhev s náustkem</li><li>Materiál: Polyetylen</li><li>Kusů: 24 kusů</li><li>Kapacita: 700 ml</li></ul><br><br>Důležité informace: Z více designů vybíráme náhodně podle skladové dostupnosti.;Gardening & DIY;Pop Pulse Emporium;https://cdnbigbuy.com/images/s3633725_p0_icon0.jpg;https://cdnbigbuy.com/images/S3633725_P30.jpg;https://cdnbigbuy.com/images/S3633725_P00.jpg;https://cdnbigbuy.com/images/S3633725_P10.jpg;new;1.95;28.5;43.0;26.0
3032167509215;de-AT;Roller Smoby;Bleiben Sie in Form und entdecken Sie die neuesten Innovationen der Branche, um mit den besten Voraussetzungen Sport zu betreiben! Kaufen Sie <b>Roller Smoby</b> zum besten Preis und genießen Sie ein gesundes Leben!<br><br><ul><li>Art: Roller</li><li>Merkmale: Einstellbar</li><li>Empfohlenes Alter: + 3 jahre</li><li>Räder: 3</li></ul>;Bleiben Sie in Form und entdecken Sie die neuesten Innovationen der Branche, um mit den besten Voraussetzungen Sport zu betreiben! Kaufen Sie <b>Roller Smoby</b> zum besten Preis und genießen Sie ein gesundes Leben!<br><br><ul><li>Art: Roller</li><li>Merkmale: Einstellbar</li><li>Empfohlenes Alter: + 3 jahre</li><li>Räder: 3</li></ul>;Gardening & DIY;Pop Pulse Emporium;https://cdnbigbuy.com/images/3032167509215_S71024882_P00.jpg;https://cdnbigbuy.com/images/3032167509215_R10.jpg;https://cdnbigbuy.com/images/3032167509215_S71024882_P20.jpg;https://cdnbigbuy.com/images/3032167509215_R20.jpg;new;2.46;46.0;15.0;27.0
3032167509215;de-DE;Roller Smoby;Bleiben Sie in Form und entdecken Sie die neuesten Innovationen der Branche, um mit den besten Voraussetzungen Sport zu betreiben! Kaufen Sie <b>Roller Smoby</b> zum besten Preis und genießen Sie ein gesundes Leben!<br><br><ul><li>Art: Roller</li><li>Merkmale: Einstellbar</li><li>Empfohlenes Alter: + 3 jahre</li><li>Räder: 3</li></ul>;Bleiben Sie in Form und entdecken Sie die neuesten Innovationen der Branche, um mit den besten Voraussetzungen Sport zu betreiben! Kaufen Sie <b>Roller Smoby</b> zum besten Preis und genießen Sie ein gesundes Leben!<br><br><ul><li>Art: Roller</li><li>Merkmale: Einstellbar</li><li>Empfohlenes Alter: + 3 jahre</li><li>Räder: 3</li></ul>;Gardening & DIY;Pop Pulse Emporium;https://cdnbigbuy.com/images/3032167509215_S71024882_P00.jpg;https://cdnbigbuy.com/images/3032167509215_R10.jpg;https://cdnbigbuy.com/images/3032167509215_S71024882_P20.jpg;https://cdnbigbuy.com/images/3032167509215_R20.jpg;new;2.46;46.0;15.0;27.0
3032167509215;sk-SK;Kolobežka Smoby;Udržujte sa vo forme a objavte posledné novinky zo sveta športu s tými najväčšími zárukami! Nakúpte <b>Kolobežka Smoby</b> za najlepšiu cenu a užívajte si zdravý život!<br><br><ul><li>Typ: Kolobežka</li><li>Vlastnosti: Nastaviteľný</li><li>Odporúčaný vek: + 3 rokov</li><li>Kolesá: 3</li></ul>;Udržujte sa vo forme a objavte posledné novinky zo sveta športu s tými najväčšími zárukami! Nakúpte <b>Kolobežka Smoby</b> za najlepšiu cenu a užívajte si zdravý život!<br><br><ul><li>Typ: Kolobežka</li><li>Vlastnosti: Nastaviteľný</li><li>Odporúčaný vek: + 3 rokov</li><li>Kolesá: 3</li></ul>;Gardening & DIY;Pop Pulse Emporium;https://cdnbigbuy.com/images/3032167509215_S71024882_P00.jpg;https://cdnbigbuy.com/images/3032167509215_R10.jpg;https://cdnbigbuy.com/images/3032167509215_S71024882_P20.jpg;https://cdnbigbuy.com/images/3032167509215_R20.jpg;new;2.46;46.0;15.0;27.0
3032167509215;pl-PL;Hulajnoga Smoby;Utrzymaj kondycję i odkryj wszystkie nowości związane z uprawianiem sportu z najkorzystniejszymi warunkami! Kupuj <b>Hulajnoga Smoby</b> o najkorzystniejszej cenie i ciesz się zdrowym życiem!<br><br><ul><li>Rodzaj: Hulajnoga</li><li>Właściwości: Ajustable</li><li>Zalecany Wiek: + 3 lat</li><li>Koła: 3</li></ul>;Utrzymaj kondycję i odkryj wszystkie nowości związane z uprawianiem sportu z najkorzystniejszymi warunkami! Kupuj <b>Hulajnoga Smoby</b> o najkorzystniejszej cenie i ciesz się zdrowym życiem!<br><br><ul><li>Rodzaj: Hulajnoga</li><li>Właściwości: Ajustable</li><li>Zalecany Wiek: + 3 lat</li><li>Koła: 3</li></ul>;Gardening & DIY;Pop Pulse Emporium;https://cdnbigbuy.com/images/3032167509215_S71024882_P00.jpg;https://cdnbigbuy.com/images/3032167509215_R10.jpg;https://cdnbigbuy.com/images/3032167509215_S71024882_P20.jpg;https://cdnbigbuy.com/images/3032167509215_R20.jpg;new;2.46;46.0;15.0;27.0
3032167509215;cs-CZ;Koloběžka Smoby;Zůstaňte ve formě a objevujte poslední novinky ze sportovního světa s největšími zárukami! Nakupte <b>Koloběžka Smoby</b> za nejlepší cenu a užívejte si života plného zdraví!<br><br><ul><li>Typ: Koloběžka</li><li>Vlastnosti: Nastavitelný</li><li>Doporučený věk: + 3 roků</li><li>Kolečka: 3</li></ul>;Zůstaňte ve formě a objevujte poslední novinky ze sportovního světa s největšími zárukami! Nakupte <b>Koloběžka Smoby</b> za nejlepší cenu a užívejte si života plného zdraví!<br><br><ul><li>Typ: Koloběžka</li><li>Vlastnosti: Nastavitelný</li><li>Doporučený věk: + 3 roků</li><li>Kolečka: 3</li></ul>;Gardening & DIY;Pop Pulse Emporium;https://cdnbigbuy.com/images/3032167509215_S71024882_P00.jpg;https://cdnbigbuy.com/images/3032167509215_R10.jpg;https://cdnbigbuy.com/images/3032167509215_S71024882_P20.jpg;https://cdnbigbuy.com/images/3032167509215_R20.jpg;new;2.46;46.0;15.0;27.0
8711252272603;de-AT;"Sport-Kamera Grundig 2""";"Bleiben Sie in Form und entdecken Sie die neuesten Innovationen der Branche, um mit den besten Voraussetzungen Sport zu betreiben! Kaufen Sie <b>Sport-Kamera Grundig 2""</b> zum besten Preis und genießen Sie ein gesundes Leben!<br><br><ul><li>Steckbares Produkt: Ja</li><li>Art: <ul><li>LCD-Screen</li><li>Sport-Kamera</li></ul></li><li>Merkmale: <ul><li>Wasserfest</li><li>Clip</li></ul></li><li>Enthalten: <ul><li>Zubehör</li><li>Halterung</li><li>Etui</li></ul></li><li>Anschlüsse: USB-C</li><li>Bildschirm: 2""</li><li>Auflösung: 5K</li></ul>";"Bleiben Sie in Form und entdecken Sie die neuesten Innovationen der Branche, um mit den besten Voraussetzungen Sport zu betreiben! Kaufen Sie <b>Sport-Kamera Grundig 2""</b> zum besten Preis und genießen Sie ein gesundes Leben!<br><br><ul><li>Steckbares Produkt: Ja</li><li>Art: <ul><li>LCD-Screen</li><li>Sport-Kamera</li></ul></li><li>Merkmale: <ul><li>Wasserfest</li><li>Clip</li></ul></li><li>Enthalten: <ul><li>Zubehör</li><li>Halterung</li><li>Etui</li></ul></li><li>Anschlüsse: USB-C</li><li>Bi";Gardening & DIY;Pop Pulse Emporium;https://cdnbigbuy.com/images/8711252272603_S7929155_P00.jpg;https://cdnbigbuy.com/images/8711252272603_S7929155_P10.jpg;https://cdnbigbuy.com/images/8711252272603_S7929155_P20.jpg;;new;0.33;18.0;13.2;12.6
8711252272603;de-DE;"Sport-Kamera Grundig 2""";"Bleiben Sie in Form und entdecken Sie die neuesten Innovationen der Branche, um mit den besten Voraussetzungen Sport zu betreiben! Kaufen Sie <b>Sport-Kamera Grundig 2""</b> zum besten Preis und genießen Sie ein gesundes Leben!<br><br><ul><li>Steckbares Produkt: Ja</li><li>Art: <ul><li>LCD-Screen</li><li>Sport-Kamera</li></ul></li><li>Merkmale: <ul><li>Wasserfest</li><li>Clip</li></ul></li><li>Enthalten: <ul><li>Zubehör</li><li>Halterung</li><li>Etui</li></ul></li><li>Anschlüsse: USB-C</li><li>Bildschirm: 2""</li><li>Auflösung: 5K</li></ul>";"Bleiben Sie in Form und entdecken Sie die neuesten Innovationen der Branche, um mit den besten Voraussetzungen Sport zu betreiben! Kaufen Sie <b>Sport-Kamera Grundig 2""</b> zum besten Preis und genießen Sie ein gesundes Leben!<br><br><ul><li>Steckbares Produkt: Ja</li><li>Art: <ul><li>LCD-Screen</li><li>Sport-Kamera</li></ul></li><li>Merkmale: <ul><li>Wasserfest</li><li>Clip</li></ul></li><li>Enthalten: <ul><li>Zubehör</li><li>Halterung</li><li>Etui</li></ul></li><li>Anschlüsse: USB-C</li><li>Bi";Gardening & DIY;Pop Pulse Emporium;https://cdnbigbuy.com/images/8711252272603_S7929155_P00.jpg;https://cdnbigbuy.com/images/8711252272603_S7929155_P10.jpg;https://cdnbigbuy.com/images/8711252272603_S7929155_P20.jpg;;new;0.33;18.0;13.2;12.6
8711252272603;sk-SK;"Športové kamery Grundig 2""";"Udržujte sa vo forme a objavte posledné novinky zo sveta športu s tými najväčšími zárukami! Nakúpte <b>Športové kamery Grundig 2""</b> za najlepšiu cenu a užívajte si zdravý život!<br><br><ul><li>Zásuvný produkt: áno</li><li>Typ: <ul><li>LCD obrazovka</li><li>Športové kamery</li></ul></li><li>Vlastnosti: <ul><li>Nepriepustný</li><li>Klips</li></ul></li><li>Obsahuje: <ul><li>Doplnky</li><li>Držiak</li><li>Bývanie</li></ul></li><li>Pripojenie: USB-C</li><li>Plátno: 2""</li><li>Rozhodnutie: 5K</li></ul>";"Udržujte sa vo forme a objavte posledné novinky zo sveta športu s tými najväčšími zárukami! Nakúpte <b>Športové kamery Grundig 2""</b> za najlepšiu cenu a užívajte si zdravý život!<br><br><ul><li>Zásuvný produkt: áno</li><li>Typ: <ul><li>LCD obrazovka</li><li>Športové kamery</li></ul></li><li>Vlastnosti: <ul><li>Nepriepustný</li><li>Klips</li></ul></li><li>Obsahuje: <ul><li>Doplnky</li><li>Držiak</li><li>Bývanie</li></ul></li><li>Pripojenie: USB-C</li><li>Plátno: 2""</li><li>Rozhodnutie: 5K</li></";Gardening & DIY;Pop Pulse Emporium;https://cdnbigbuy.com/images/8711252272603_S7929155_P00.jpg;https://cdnbigbuy.com/images/8711252272603_S7929155_P10.jpg;https://cdnbigbuy.com/images/8711252272603_S7929155_P20.jpg;;new;0.33;18.0;13.2;12.6
8711252272603;pl-PL;"Sportowy Aparat Fotograficzny Grundig 2""";"Utrzymaj kondycję i odkryj wszystkie nowości związane z uprawianiem sportu z najkorzystniejszymi warunkami! Kupuj <b>Sportowy Aparat Fotograficzny Grundig 2""</b> o najkorzystniejszej cenie i ciesz się zdrowym życiem!<br><br><ul><li>Produkt wtykany: Tak</li><li>Rodzaj: <ul><li>Ekran LCD</li><li>Sportowy Aparat Fotograficzny</li></ul></li><li>Właściwości: <ul><li>nieprzemakalny</li><li>Clip</li></ul></li><li>Zawiera: <ul><li>Akcesoria</li><li>Uchwyt</li><li>Pokrowiec</li></ul></li><li>Łącza: USB-C</li><li>Ekran: 2""</li><li>Rozdzielczość: 5K</li></ul>";"Utrzymaj kondycję i odkryj wszystkie nowości związane z uprawianiem sportu z najkorzystniejszymi warunkami! Kupuj <b>Sportowy Aparat Fotograficzny Grundig 2""</b> o najkorzystniejszej cenie i ciesz się zdrowym życiem!<br><br><ul><li>Produkt wtykany: Tak</li><li>Rodzaj: <ul><li>Ekran LCD</li><li>Sportowy Aparat Fotograficzny</li></ul></li><li>Właściwości: <ul><li>nieprzemakalny</li><li>Clip</li></ul></li><li>Zawiera: <ul><li>Akcesoria</li><li>Uchwyt</li><li>Pokrowiec</li></ul></li><li>Łącza: USB-C";Gardening & DIY;Pop Pulse Emporium;https://cdnbigbuy.com/images/8711252272603_S7929155_P00.jpg;https://cdnbigbuy.com/images/8711252272603_S7929155_P10.jpg;https://cdnbigbuy.com/images/8711252272603_S7929155_P20.jpg;;new;0.33;18.0;13.2;12.6
8711252272603;cs-CZ;"Sportovní kamery Grundig 2""";"Zůstaňte ve formě a objevujte poslední novinky ze sportovního světa s největšími zárukami! Nakupte <b>Sportovní kamery Grundig 2""</b> za nejlepší cenu a užívejte si života plného zdraví!<br><br><ul><li>Zásuvný produkt: Ano</li><li>Typ: <ul><li>LCD obrazovka</li><li>Sportovní kamery</li></ul></li><li>Vlastnosti: <ul><li>Nepropustný</li><li>Klip</li></ul></li><li>Obsahuje: <ul><li>Příslušenství</li><li>Držák</li><li>Pouzdro</li></ul></li><li>Připojení: USB-C</li><li>Plátno: 2""</li><li>Rozlišení: 5K</li></ul>";"Zůstaňte ve formě a objevujte poslední novinky ze sportovního světa s největšími zárukami! Nakupte <b>Sportovní kamery Grundig 2""</b> za nejlepší cenu a užívejte si života plného zdraví!<br><br><ul><li>Zásuvný produkt: Ano</li><li>Typ: <ul><li>LCD obrazovka</li><li>Sportovní kamery</li></ul></li><li>Vlastnosti: <ul><li>Nepropustný</li><li>Klip</li></ul></li><li>Obsahuje: <ul><li>Příslušenství</li><li>Držák</li><li>Pouzdro</li></ul></li><li>Připojení: USB-C</li><li>Plátno: 2""</li><li>Rozlišení: 5";Gardening & DIY;Pop Pulse Emporium;https://cdnbigbuy.com/images/8711252272603_S7929155_P00.jpg;https://cdnbigbuy.com/images/8711252272603_S7929155_P10.jpg;https://cdnbigbuy.com/images/8711252272603_S7929155_P20.jpg;;new;0.33;18.0;13.2;12.6
4000885709889;de-AT;Falttor Schildkröt 120 x 80 x 80 cm Rot (2 Stück);Bleiben Sie in Form und entdecken Sie die neuesten Innovationen der Branche, um mit den besten Voraussetzungen Sport zu betreiben! Kaufen Sie <b>Falttor Schildkröt 120 x 80 x 80 cm Rot (2 Stück)</b> zum besten Preis und genießen Sie ein gesundes Leben!<br><br><ul><li>Art: <ul><li>Zweiteiliges Fußballtor-Set</li><li>Fussballtor</li></ul></li><li>Merkmale: Biegsam</li><li>Maße ca.: 120 x 80 x 80 cm</li><li>Farbe: Rot</li><li>Material: <ul><li>Polyester</li><li>Fiberglas</li></ul></li><li>Geschlecht: <ul><li>Unisex-Erwachsene</li><li>Unisex-Kinder</li></ul></li><li>Enthalten: Transporthülle</li><li>Empfohlenes Alter: Kinder</li><li>Stückzahl: 2 Stück</li></ul>;Bleiben Sie in Form und entdecken Sie die neuesten Innovationen der Branche, um mit den besten Voraussetzungen Sport zu betreiben! Kaufen Sie <b>Falttor Schildkröt 120 x 80 x 80 cm Rot (2 Stück)</b> zum besten Preis und genießen Sie ein gesundes Leben!<br><br><ul><li>Art: <ul><li>Zweiteiliges Fußballtor-Set</li><li>Fussballtor</li></ul></li><li>Merkmale: Biegsam</li><li>Maße ca.: 120 x 80 x 80 cm</li><li>Farbe: Rot</li><li>Material: <ul><li>Polyester</li><li>Fiberglas</li></ul></li><li>Geschlech;Gardening & DIY;Pop Pulse Emporium;https://cdnbigbuy.com/images/4000885709889_S71023080_P00.jpg;https://cdnbigbuy.com/images/4000885709889_S71023080_P30.jpg;https://cdnbigbuy.com/images/4000885709889_S71023080_P10.jpg;https://cdnbigbuy.com/images/4000885709889_S71023080_P20.jpg;new;1.48;23.0;18.0;11.0
4000885709889;de-DE;Falttor Schildkröt 120 x 80 x 80 cm Rot (2 Stück);Bleiben Sie in Form und entdecken Sie die neuesten Innovationen der Branche, um mit den besten Voraussetzungen Sport zu betreiben! Kaufen Sie <b>Falttor Schildkröt 120 x 80 x 80 cm Rot (2 Stück)</b> zum besten Preis und genießen Sie ein gesundes Leben!<br><br><ul><li>Art: <ul><li>Zweiteiliges Fußballtor-Set</li><li>Fussballtor</li></ul></li><li>Merkmale: Biegsam</li><li>Maße ca.: 120 x 80 x 80 cm</li><li>Farbe: Rot</li><li>Material: <ul><li>Polyester</li><li>Fiberglas</li></ul></li><li>Geschlecht: <ul><li>Unisex-Erwachsene</li><li>Unisex-Kinder</li></ul></li><li>Enthalten: Transporthülle</li><li>Empfohlenes Alter: Kinder</li><li>Stückzahl: 2 Stück</li></ul>;Bleiben Sie in Form und entdecken Sie die neuesten Innovationen der Branche, um mit den besten Voraussetzungen Sport zu betreiben! Kaufen Sie <b>Falttor Schildkröt 120 x 80 x 80 cm Rot (2 Stück)</b> zum besten Preis und genießen Sie ein gesundes Leben!<br><br><ul><li>Art: <ul><li>Zweiteiliges Fußballtor-Set</li><li>Fussballtor</li></ul></li><li>Merkmale: Biegsam</li><li>Maße ca.: 120 x 80 x 80 cm</li><li>Farbe: Rot</li><li>Material: <ul><li>Polyester</li><li>Fiberglas</li></ul></li><li>Geschlech;Gardening & DIY;Pop Pulse Emporium;https://cdnbigbuy.com/images/4000885709889_S71023080_P00.jpg;https://cdnbigbuy.com/images/4000885709889_S71023080_P30.jpg;https://cdnbigbuy.com/images/4000885709889_S71023080_P10.jpg;https://cdnbigbuy.com/images/4000885709889_S71023080_P20.jpg;new;1.48;23.0;18.0;11.0
4000885709889;sk-SK;Skladacia bránka Schildkröt 120 x 80 x 80 cm Červená (2 kusov);Udržujte sa vo forme a objavte posledné novinky zo sveta športu s tými najväčšími zárukami! Nakúpte <b>Skladacia bránka Schildkröt 120 x 80 x 80 cm Červená (2 kusov)</b> za najlepšiu cenu a užívajte si zdravý život!<br><br><ul><li>Typ: <ul><li>Sada 2 futbalových bránok</li><li>Futbalová bránka</li></ul></li><li>Vlastnosti: Skladateľný</li><li>Približné rozmery: 120 x 80 x 80 cm</li><li>Farba: Červená</li><li>Materiál: <ul><li>Polyester</li><li>Laminát</li></ul></li><li>Zloženie: Polyester</li><li>Pohlavie: <ul><li>Unisex dospelí</li><li>Unisex Detský</li></ul></li><li>Obsahuje: Prepravná taška</li><li>Odporúčaný vek: Chlapci</li><li>Kusov: 2 kusov</li></ul>;Udržujte sa vo forme a objavte posledné novinky zo sveta športu s tými najväčšími zárukami! Nakúpte <b>Skladacia bránka Schildkröt 120 x 80 x 80 cm Červená (2 kusov)</b> za najlepšiu cenu a užívajte si zdravý život!<br><br><ul><li>Typ: <ul><li>Sada 2 futbalových bránok</li><li>Futbalová bránka</li></ul></li><li>Vlastnosti: Skladateľný</li><li>Približné rozmery: 120 x 80 x 80 cm</li><li>Farba: Červená</li><li>Materiál: <ul><li>Polyester</li><li>Laminát</li></ul></li><li>Zloženie: Polyester</li><l;Gardening & DIY;Pop Pulse Emporium;https://cdnbigbuy.com/images/4000885709889_S71023080_P00.jpg;https://cdnbigbuy.com/images/4000885709889_S71023080_P30.jpg;https://cdnbigbuy.com/images/4000885709889_S71023080_P10.jpg;https://cdnbigbuy.com/images/4000885709889_S71023080_P20.jpg;new;1.48;23.0;18.0;11.0
4000885709889;pl-PL;Składana Bramka Schildkröt 120 x 80 x 80 cm Czerwony (2 Sztuk);Utrzymaj kondycję i odkryj wszystkie nowości związane z uprawianiem sportu z najkorzystniejszymi warunkami! Kupuj <b>Składana Bramka Schildkröt 120 x 80 x 80 cm Czerwony (2 Sztuk)</b> o najkorzystniejszej cenie i ciesz się zdrowym życiem!<br><br><ul><li>Rodzaj: <ul><li>Zestaw 2 bramek do piłki nożnej</li><li>Bramka do Piłki Nożnej</li></ul></li><li>Właściwości: Składany</li><li>Wymiary ok.: 120 x 80 x 80 cm</li><li>Kolor: Czerwony</li><li>Materiał: <ul><li>Poliester</li><li>Włókno szklane</li></ul></li><li>Płeć: <ul><li>Unisex dorośli</li><li>Unisex dziecięcy</li></ul></li><li>Zawiera: Pokrowiec transportowy</li><li>Zalecany Wiek: Dzieci</li><li>Sztuk: 2 Sztuk</li></ul>;Utrzymaj kondycję i odkryj wszystkie nowości związane z uprawianiem sportu z najkorzystniejszymi warunkami! Kupuj <b>Składana Bramka Schildkröt 120 x 80 x 80 cm Czerwony (2 Sztuk)</b> o najkorzystniejszej cenie i ciesz się zdrowym życiem!<br><br><ul><li>Rodzaj: <ul><li>Zestaw 2 bramek do piłki nożnej</li><li>Bramka do Piłki Nożnej</li></ul></li><li>Właściwości: Składany</li><li>Wymiary ok.: 120 x 80 x 80 cm</li><li>Kolor: Czerwony</li><li>Materiał: <ul><li>Poliester</li><li>Włókno szklane</li></;Gardening & DIY;Pop Pulse Emporium;https://cdnbigbuy.com/images/4000885709889_S71023080_P00.jpg;https://cdnbigbuy.com/images/4000885709889_S71023080_P30.jpg;https://cdnbigbuy.com/images/4000885709889_S71023080_P10.jpg;https://cdnbigbuy.com/images/4000885709889_S71023080_P20.jpg;new;1.48;23.0;18.0;11.0
4000885709889;cs-CZ;Skládací branka Schildkröt 120 x 80 x 80 cm Červený (2 kusů);Zůstaňte ve formě a objevujte poslední novinky ze sportovního světa s největšími zárukami! Nakupte <b>Skládací branka Schildkröt 120 x 80 x 80 cm Červený (2 kusů)</b> za nejlepší cenu a užívejte si života plného zdraví!<br><br><ul><li>Typ: <ul><li>Sada 2 branek na fotbal</li><li>Fotbalová brána</li></ul></li><li>Vlastnosti: Skládací</li><li>Přibližné rozměry: 120 x 80 x 80 cm</li><li>Barva: Červený</li><li>Materiál: <ul><li>Polyester</li><li>Laminát</li></ul></li><li>Složení: Polyester</li><li>Pohlaví: <ul><li>Unisex dospělí</li><li>Unisex děti</li></ul></li><li>Obsahuje: Povlak na transport</li><li>Doporučený věk: Chlapečci</li><li>Kusů: 2 kusů</li></ul>;Zůstaňte ve formě a objevujte poslední novinky ze sportovního světa s největšími zárukami! Nakupte <b>Skládací branka Schildkröt 120 x 80 x 80 cm Červený (2 kusů)</b> za nejlepší cenu a užívejte si života plného zdraví!<br><br><ul><li>Typ: <ul><li>Sada 2 branek na fotbal</li><li>Fotbalová brána</li></ul></li><li>Vlastnosti: Skládací</li><li>Přibližné rozměry: 120 x 80 x 80 cm</li><li>Barva: Červený</li><li>Materiál: <ul><li>Polyester</li><li>Laminát</li></ul></li><li>Složení: Polyester</li><li>P;Gardening & DIY;Pop Pulse Emporium;https://cdnbigbuy.com/images/4000885709889_S71023080_P00.jpg;https://cdnbigbuy.com/images/4000885709889_S71023080_P30.jpg;https://cdnbigbuy.com/images/4000885709889_S71023080_P10.jpg;https://cdnbigbuy.com/images/4000885709889_S71023080_P20.jpg;new;1.48;23.0;18.0;11.0
8711252172682;de-AT;Reparatursatz Kinzo 20 Stücke;Bleiben Sie in Form und entdecken Sie die neuesten Innovationen der Branche, um mit den besten Voraussetzungen Sport zu betreiben! Kaufen Sie <b>Reparatursatz Kinzo 20 Stücke</b> zum besten Preis und genießen Sie ein gesundes Leben!<br><br><ul><li>Geeignet für: Fahrrad</li><li>Anzahl der Stücke: 20 Stücke</li><li>Sport: Radfahren</li></ul>;Bleiben Sie in Form und entdecken Sie die neuesten Innovationen der Branche, um mit den besten Voraussetzungen Sport zu betreiben! Kaufen Sie <b>Reparatursatz Kinzo 20 Stücke</b> zum besten Preis und genießen Sie ein gesundes Leben!<br><br><ul><li>Geeignet für: Fahrrad</li><li>Anzahl der Stücke: 20 Stücke</li><li>Sport: Radfahren</li></ul>;Gardening & DIY;Pop Pulse Emporium;https://cdnbigbuy.com/images/8711252172682_S7929107_P00.jpg;https://cdnbigbuy.com/images/8711252172682_S7929107_P10.jpg;;;new;1.94;16.3;14.8;13.0
8711252172682;de-DE;Reparatursatz Kinzo 20 Stücke;Bleiben Sie in Form und entdecken Sie die neuesten Innovationen der Branche, um mit den besten Voraussetzungen Sport zu betreiben! Kaufen Sie <b>Reparatursatz Kinzo 20 Stücke</b> zum besten Preis und genießen Sie ein gesundes Leben!<br><br><ul><li>Geeignet für: Fahrrad</li><li>Anzahl der Stücke: 20 Stücke</li><li>Sport: Radfahren</li></ul>;Bleiben Sie in Form und entdecken Sie die neuesten Innovationen der Branche, um mit den besten Voraussetzungen Sport zu betreiben! Kaufen Sie <b>Reparatursatz Kinzo 20 Stücke</b> zum besten Preis und genießen Sie ein gesundes Leben!<br><br><ul><li>Geeignet für: Fahrrad</li><li>Anzahl der Stücke: 20 Stücke</li><li>Sport: Radfahren</li></ul>;Gardening & DIY;Pop Pulse Emporium;https://cdnbigbuy.com/images/8711252172682_S7929107_P00.jpg;https://cdnbigbuy.com/images/8711252172682_S7929107_P10.jpg;;;new;1.94;16.3;14.8;13.0
8711252172682;sk-SK;Opravárska sada Kinzo 20 Kusy;Udržujte sa vo forme a objavte posledné novinky zo sveta športu s tými najväčšími zárukami! Nakúpte <b>Opravárska sada Kinzo 20 Kusy</b> za najlepšiu cenu a užívajte si zdravý život!<br><br><ul><li>Vhodné pre: Bicykel</li><li>Počet kusov: 20 Kusy</li><li>Šport: Cyklistika</li></ul>;Udržujte sa vo forme a objavte posledné novinky zo sveta športu s tými najväčšími zárukami! Nakúpte <b>Opravárska sada Kinzo 20 Kusy</b> za najlepšiu cenu a užívajte si zdravý život!<br><br><ul><li>Vhodné pre: Bicykel</li><li>Počet kusov: 20 Kusy</li><li>Šport: Cyklistika</li></ul>;Gardening & DIY;Pop Pulse Emporium;https://cdnbigbuy.com/images/8711252172682_S7929107_P00.jpg;https://cdnbigbuy.com/images/8711252172682_S7929107_P10.jpg;;;new;1.94;16.3;14.8;13.0
8711252172682;pl-PL;Zestaw do naprawy Kinzo 20 Części;Utrzymaj kondycję i odkryj wszystkie nowości związane z uprawianiem sportu z najkorzystniejszymi warunkami! Kupuj <b>Zestaw do naprawy Kinzo 20 Części</b> o najkorzystniejszej cenie i ciesz się zdrowym życiem!<br><br><ul><li>Kompatybilny z: Rower</li><li>Liczba sztuk: 20 Części</li><li>Sport: Kolarstwo</li></ul>;Utrzymaj kondycję i odkryj wszystkie nowości związane z uprawianiem sportu z najkorzystniejszymi warunkami! Kupuj <b>Zestaw do naprawy Kinzo 20 Części</b> o najkorzystniejszej cenie i ciesz się zdrowym życiem!<br><br><ul><li>Kompatybilny z: Rower</li><li>Liczba sztuk: 20 Części</li><li>Sport: Kolarstwo</li></ul>;Gardening & DIY;Pop Pulse Emporium;https://cdnbigbuy.com/images/8711252172682_S7929107_P00.jpg;https://cdnbigbuy.com/images/8711252172682_S7929107_P10.jpg;;;new;1.94;16.3;14.8;13.0
8711252172682;cs-CZ;Opravářská sada Kinzo 20 Kusy;Zůstaňte ve formě a objevujte poslední novinky ze sportovního světa s největšími zárukami! Nakupte <b>Opravářská sada Kinzo 20 Kusy</b> za nejlepší cenu a užívejte si života plného zdraví!<br><br><ul><li>Vhodné pro: Jízdní kolo</li><li>Počet kusů: 20 Kusy</li><li>Sport: Cyklistika</li></ul>;Zůstaňte ve formě a objevujte poslední novinky ze sportovního světa s největšími zárukami! Nakupte <b>Opravářská sada Kinzo 20 Kusy</b> za nejlepší cenu a užívejte si života plného zdraví!<br><br><ul><li>Vhodné pro: Jízdní kolo</li><li>Počet kusů: 20 Kusy</li><li>Sport: Cyklistika</li></ul>;Gardening & DIY;Pop Pulse Emporium;https://cdnbigbuy.com/images/8711252172682_S7929107_P00.jpg;https://cdnbigbuy.com/images/8711252172682_S7929107_P10.jpg;;;new;1.94;16.3;14.8;13.0
8002908472110;de-AT;Taucherbrille mit Schnorchel Seac Set Bis Elba Wv.S/Bl;Bleiben Sie in Form und entdecken Sie die neuesten Innovationen der Branche, um mit den besten Voraussetzungen Sport zu betreiben! Kaufen Sie <b>Taucherbrille mit Schnorchel Seac Set Bis Elba Wv.S/Bl</b> zum besten Preis und genießen Sie ein gesundes Leben!<br><br><ul><li>Art: Taucherbrille</li><li>Geschlecht: Unisex</li><li>Empfohlenes Alter: Erwachsene</li><li>Größe: Einheitsgröße</li></ul>;Bleiben Sie in Form und entdecken Sie die neuesten Innovationen der Branche, um mit den besten Voraussetzungen Sport zu betreiben! Kaufen Sie <b>Taucherbrille mit Schnorchel Seac Set Bis Elba Wv.S/Bl</b> zum besten Preis und genießen Sie ein gesundes Leben!<br><br><ul><li>Art: Taucherbrille</li><li>Geschlecht: Unisex</li><li>Empfohlenes Alter: Erwachsene</li><li>Größe: Einheitsgröße</li></ul>;Gardening & DIY;Pop Pulse Emporium;https://cdnbigbuy.com/images/8002908472110_S64181798_P00.jpg;;;;new;0.5;17.6;20.7;19.0
8002908472110;de-DE;Taucherbrille mit Schnorchel Seac Set Bis Elba Wv.S/Bl;Bleiben Sie in Form und entdecken Sie die neuesten Innovationen der Branche, um mit den besten Voraussetzungen Sport zu betreiben! Kaufen Sie <b>Taucherbrille mit Schnorchel Seac Set Bis Elba Wv.S/Bl</b> zum besten Preis und genießen Sie ein gesundes Leben!<br><br><ul><li>Art: Taucherbrille</li><li>Geschlecht: Unisex</li><li>Empfohlenes Alter: Erwachsene</li><li>Größe: Einheitsgröße</li></ul>;Bleiben Sie in Form und entdecken Sie die neuesten Innovationen der Branche, um mit den besten Voraussetzungen Sport zu betreiben! Kaufen Sie <b>Taucherbrille mit Schnorchel Seac Set Bis Elba Wv.S/Bl</b> zum besten Preis und genießen Sie ein gesundes Leben!<br><br><ul><li>Art: Taucherbrille</li><li>Geschlecht: Unisex</li><li>Empfohlenes Alter: Erwachsene</li><li>Größe: Einheitsgröße</li></ul>;Gardening & DIY;Pop Pulse Emporium;https://cdnbigbuy.com/images/8002908472110_S64181798_P00.jpg;;;;new;0.5;17.6;20.7;19.0
8002908472110;sk-SK;Potápačské okuliare s trubicou Seac Set Bis Elba Wv.S/Bl;Udržujte sa vo forme a objavte posledné novinky zo sveta športu s tými najväčšími zárukami! Nakúpte <b>Potápačské okuliare s trubicou Seac Set Bis Elba Wv.S/Bl</b> za najlepšiu cenu a užívajte si zdravý život!<br><br><ul><li>Typ: Potápačské okuliare</li><li>Pohlavie: Unisex</li><li>Odporúčaný vek: Deti</li><li>Veľkosť: Jednotná veľkosť</li></ul>;Udržujte sa vo forme a objavte posledné novinky zo sveta športu s tými najväčšími zárukami! Nakúpte <b>Potápačské okuliare s trubicou Seac Set Bis Elba Wv.S/Bl</b> za najlepšiu cenu a užívajte si zdravý život!<br><br><ul><li>Typ: Potápačské okuliare</li><li>Pohlavie: Unisex</li><li>Odporúčaný vek: Deti</li><li>Veľkosť: Jednotná veľkosť</li></ul>;Gardening & DIY;Pop Pulse Emporium;https://cdnbigbuy.com/images/8002908472110_S64181798_P00.jpg;;;;new;0.5;17.6;20.7;19.0
8002908472110;pl-PL;Gogle do nurkowania z rurką Seac Set Bis Elba Wv.S/Bl;Utrzymaj kondycję i odkryj wszystkie nowości związane z uprawianiem sportu z najkorzystniejszymi warunkami! Kupuj <b>Gogle do nurkowania z rurką Seac Set Bis Elba Wv.S/Bl</b> o najkorzystniejszej cenie i ciesz się zdrowym życiem!<br><br><ul><li>Rodzaj: Okulary do Nurkowania</li><li>Płeć: Unisex</li><li>Zalecany Wiek: Dorosłych</li><li>Rozmiar: Jeden rozmiar</li></ul>;Utrzymaj kondycję i odkryj wszystkie nowości związane z uprawianiem sportu z najkorzystniejszymi warunkami! Kupuj <b>Gogle do nurkowania z rurką Seac Set Bis Elba Wv.S/Bl</b> o najkorzystniejszej cenie i ciesz się zdrowym życiem!<br><br><ul><li>Rodzaj: Okulary do Nurkowania</li><li>Płeć: Unisex</li><li>Zalecany Wiek: Dorosłych</li><li>Rozmiar: Jeden rozmiar</li></ul>;Gardening & DIY;Pop Pulse Emporium;https://cdnbigbuy.com/images/8002908472110_S64181798_P00.jpg;;;;new;0.5;17.6;20.7;19.0
8002908472110;cs-CZ;Šnorchlovací brýle a trubice Seac Set Bis Elba Wv.S/Bl;Zůstaňte ve formě a objevujte poslední novinky ze sportovního světa s největšími zárukami! Nakupte <b>Šnorchlovací brýle a trubice Seac Set Bis Elba Wv.S/Bl</b> za nejlepší cenu a užívejte si života plného zdraví!<br><br><ul><li>Typ: Potápěčské brýle</li><li>Pohlaví: Unisex</li><li>Doporučený věk: Dospělé</li><li>Velikost: Jednotná velikost</li></ul>;Zůstaňte ve formě a objevujte poslední novinky ze sportovního světa s největšími zárukami! Nakupte <b>Šnorchlovací brýle a trubice Seac Set Bis Elba Wv.S/Bl</b> za nejlepší cenu a užívejte si života plného zdraví!<br><br><ul><li>Typ: Potápěčské brýle</li><li>Pohlaví: Unisex</li><li>Doporučený věk: Dospělé</li><li>Velikost: Jednotná velikost</li></ul>;Gardening & DIY;Pop Pulse Emporium;https://cdnbigbuy.com/images/8002908472110_S64181798_P00.jpg;;;;new;0.5;17.6;20.7;19.0
5715571035805;de-AT;Ball für Handball Optimum Schwarz Gold (Größe 2);Bleiben Sie in Form und entdecken Sie die neuesten Innovationen der Branche, um mit den besten Voraussetzungen Sport zu betreiben! Kaufen Sie <b>Ball für Handball Optimum Schwarz Gold (Größe 2)</b> zum besten Preis und genießen Sie ein gesundes Leben!<br><br><ul><li>Sport: Handball</li><li>Farbe: <ul><li>Schwarz</li><li>Gold</li></ul></li><li>Ball-Größe: Größe 2</li></ul>;Bleiben Sie in Form und entdecken Sie die neuesten Innovationen der Branche, um mit den besten Voraussetzungen Sport zu betreiben! Kaufen Sie <b>Ball für Handball Optimum Schwarz Gold (Größe 2)</b> zum besten Preis und genießen Sie ein gesundes Leben!<br><br><ul><li>Sport: Handball</li><li>Farbe: <ul><li>Schwarz</li><li>Gold</li></ul></li><li>Ball-Größe: Größe 2</li></ul>;Gardening & DIY;Pop Pulse Emporium;https://cdnbigbuy.com/images/5715571035805_S71020939_P00.jpg;https://cdnbigbuy.com/images/5715571035805_S71020939_P10.jpg;;;new;0.33;17.0;17.0;17.0
5715571035805;de-DE;Ball für Handball Optimum Schwarz Gold (Größe 2);Bleiben Sie in Form und entdecken Sie die neuesten Innovationen der Branche, um mit den besten Voraussetzungen Sport zu betreiben! Kaufen Sie <b>Ball für Handball Optimum Schwarz Gold (Größe 2)</b> zum besten Preis und genießen Sie ein gesundes Leben!<br><br><ul><li>Sport: Handball</li><li>Farbe: <ul><li>Schwarz</li><li>Gold</li></ul></li><li>Ball-Größe: Größe 2</li></ul>;Bleiben Sie in Form und entdecken Sie die neuesten Innovationen der Branche, um mit den besten Voraussetzungen Sport zu betreiben! Kaufen Sie <b>Ball für Handball Optimum Schwarz Gold (Größe 2)</b> zum besten Preis und genießen Sie ein gesundes Leben!<br><br><ul><li>Sport: Handball</li><li>Farbe: <ul><li>Schwarz</li><li>Gold</li></ul></li><li>Ball-Größe: Größe 2</li></ul>;Gardening & DIY;Pop Pulse Emporium;https://cdnbigbuy.com/images/5715571035805_S71020939_P00.jpg;https://cdnbigbuy.com/images/5715571035805_S71020939_P10.jpg;;;new;0.33;17.0;17.0;17.0
5715571035805;sk-SK;Lopta na hádzanú Optimum Čierna Zlatá (Veľkosť 2);Udržujte sa vo forme a objavte posledné novinky zo sveta športu s tými najväčšími zárukami! Nakúpte <b>Lopta na hádzanú Optimum Čierna Zlatá (Veľkosť 2)</b> za najlepšiu cenu a užívajte si zdravý život!<br><br><ul><li>Šport: Hádzaná</li><li>Farba: <ul><li>Čierna</li><li>Zlatá</li></ul></li><li>Veľkosť lopty: Veľkosť 2</li></ul>;Udržujte sa vo forme a objavte posledné novinky zo sveta športu s tými najväčšími zárukami! Nakúpte <b>Lopta na hádzanú Optimum Čierna Zlatá (Veľkosť 2)</b> za najlepšiu cenu a užívajte si zdravý život!<br><br><ul><li>Šport: Hádzaná</li><li>Farba: <ul><li>Čierna</li><li>Zlatá</li></ul></li><li>Veľkosť lopty: Veľkosť 2</li></ul>;Gardening & DIY;Pop Pulse Emporium;https://cdnbigbuy.com/images/5715571035805_S71020939_P00.jpg;https://cdnbigbuy.com/images/5715571035805_S71020939_P10.jpg;;;new;0.33;17.0;17.0;17.0
5715571035805;pl-PL;Piłka do Piłki Ręcznej Optimum Czarny Złoty (Rozmiar 2);Utrzymaj kondycję i odkryj wszystkie nowości związane z uprawianiem sportu z najkorzystniejszymi warunkami! Kupuj <b>Piłka do Piłki Ręcznej Optimum Czarny Złoty (Rozmiar 2)</b> o najkorzystniejszej cenie i ciesz się zdrowym życiem!<br><br><ul><li>Sport: Piłka ręczna</li><li>Kolor: <ul><li>Czarny</li><li>Złoty</li></ul></li><li>Wielkość kuli: Rozmiar 2</li></ul>;Utrzymaj kondycję i odkryj wszystkie nowości związane z uprawianiem sportu z najkorzystniejszymi warunkami! Kupuj <b>Piłka do Piłki Ręcznej Optimum Czarny Złoty (Rozmiar 2)</b> o najkorzystniejszej cenie i ciesz się zdrowym życiem!<br><br><ul><li>Sport: Piłka ręczna</li><li>Kolor: <ul><li>Czarny</li><li>Złoty</li></ul></li><li>Wielkość kuli: Rozmiar 2</li></ul>;Gardening & DIY;Pop Pulse Emporium;https://cdnbigbuy.com/images/5715571035805_S71020939_P00.jpg;https://cdnbigbuy.com/images/5715571035805_S71020939_P10.jpg;;;new;0.33;17.0;17.0;17.0
5715571035805;cs-CZ;Míč na házenou Optimum Černý Zlatá (Velikost 2);Zůstaňte ve formě a objevujte poslední novinky ze sportovního světa s největšími zárukami! Nakupte <b>Míč na házenou Optimum Černý Zlatá (Velikost 2)</b> za nejlepší cenu a užívejte si života plného zdraví!<br><br><ul><li>Sport: Házená</li><li>Barva: <ul><li>Černý</li><li>Zlatá</li></ul></li><li>Velikost míče: Velikost 2</li></ul>;Zůstaňte ve formě a objevujte poslední novinky ze sportovního světa s největšími zárukami! Nakupte <b>Míč na házenou Optimum Černý Zlatá (Velikost 2)</b> za nejlepší cenu a užívejte si života plného zdraví!<br><br><ul><li>Sport: Házená</li><li>Barva: <ul><li>Černý</li><li>Zlatá</li></ul></li><li>Velikost míče: Velikost 2</li></ul>;Gardening & DIY;Pop Pulse Emporium;https://cdnbigbuy.com/images/5715571035805_S71020939_P00.jpg;https://cdnbigbuy.com/images/5715571035805_S71020939_P10.jpg;;;new;0.33;17.0;17.0;17.0
4899888813958;de-AT;Kinderfahrradhelm Bluey Blau 48-52 cm;Wenn Sie auf der Suche nach trendigen Neuheiten auf dem Markt sind, präsentieren wir Ihnen <b>Kinderfahrradhelm Bluey Blau 48-52 cm</b>!<br><br><ul><li>Art: Kinderfahrradhelm</li><li>Farbe: Blau</li><li>Größe: 48-52 cm</li><li>Material: <ul><li>Metall</li><li>Kunststoff</li></ul></li><li>Empfohlenes Alter: + 2 Jahre</li><li>Stückzahl: 2 Stück</li></ul>;Wenn Sie auf der Suche nach trendigen Neuheiten auf dem Markt sind, präsentieren wir Ihnen <b>Kinderfahrradhelm Bluey Blau 48-52 cm</b>!<br><br><ul><li>Art: Kinderfahrradhelm</li><li>Farbe: Blau</li><li>Größe: 48-52 cm</li><li>Material: <ul><li>Metall</li><li>Kunststoff</li></ul></li><li>Empfohlenes Alter: + 2 Jahre</li><li>Stückzahl: 2 Stück</li></ul>;Gardening & DIY;Pop Pulse Emporium;https://cdnbigbuy.com/images/s8906676_p0_icon0.jpg;https://cdnbigbuy.com/images/S8906676_P50.jpg;https://cdnbigbuy.com/images/S8906676_P10.jpg;https://cdnbigbuy.com/images/S8906676_P20.jpg;new;0.76;22.0;28.5;32.5
4899888813958;de-DE;Kinderfahrradhelm Bluey Blau 48-52 cm;Wenn Sie auf der Suche nach trendigen Neuheiten auf dem Markt sind, präsentieren wir Ihnen <b>Kinderfahrradhelm Bluey Blau 48-52 cm</b>!<br><br><ul><li>Art: Kinderfahrradhelm</li><li>Farbe: Blau</li><li>Größe: 48-52 cm</li><li>Material: <ul><li>Metall</li><li>Kunststoff</li></ul></li><li>Empfohlenes Alter: + 2 Jahre</li><li>Stückzahl: 2 Stück</li></ul>;Wenn Sie auf der Suche nach trendigen Neuheiten auf dem Markt sind, präsentieren wir Ihnen <b>Kinderfahrradhelm Bluey Blau 48-52 cm</b>!<br><br><ul><li>Art: Kinderfahrradhelm</li><li>Farbe: Blau</li><li>Größe: 48-52 cm</li><li>Material: <ul><li>Metall</li><li>Kunststoff</li></ul></li><li>Empfohlenes Alter: + 2 Jahre</li><li>Stückzahl: 2 Stück</li></ul>;Gardening & DIY;Pop Pulse Emporium;https://cdnbigbuy.com/images/s8906676_p0_icon0.jpg;https://cdnbigbuy.com/images/S8906676_P50.jpg;https://cdnbigbuy.com/images/S8906676_P10.jpg;https://cdnbigbuy.com/images/S8906676_P20.jpg;new;0.76;22.0;28.5;32.5
4899888813958;sk-SK;Detská cyklistická helma Bluey Modrá 48-52 cm;Ak hľadáte nové trendy na trhu, predstavujeme <b>Detská cyklistická helma Bluey Modrá 48-52 cm</b>!<br><br><ul><li>Typ: Detská cyklistická helma</li><li>Farba: Modrá</li><li>Veľkosť: 48-52 cm</li><li>Materiál: <ul><li>Kov</li><li>Plastické</li></ul></li><li>Odporúčaný vek: + 2 rokov</li><li>Kusov: 2 kusov</li></ul>;Ak hľadáte nové trendy na trhu, predstavujeme <b>Detská cyklistická helma Bluey Modrá 48-52 cm</b>!<br><br><ul><li>Typ: Detská cyklistická helma</li><li>Farba: Modrá</li><li>Veľkosť: 48-52 cm</li><li>Materiál: <ul><li>Kov</li><li>Plastické</li></ul></li><li>Odporúčaný vek: + 2 rokov</li><li>Kusov: 2 kusov</li></ul>;Gardening & DIY;Pop Pulse Emporium;https://cdnbigbuy.com/images/s8906676_p0_icon0.jpg;https://cdnbigbuy.com/images/S8906676_P50.jpg;https://cdnbigbuy.com/images/S8906676_P10.jpg;https://cdnbigbuy.com/images/S8906676_P20.jpg;new;0.76;22.0;28.5;32.5
4899888813958;pl-PL;Kask rowerowy dla dzieci Bluey Niebieski 48-52 cm;Jeśli szukasz trendów na rynku, prezentujemy <b>Kask rowerowy dla dzieci Bluey Niebieski 48-52 cm</b>!<br><br><ul><li>Rodzaj: Kask rowerowy dla dzieci</li><li>Kolor: Niebieski</li><li>Rozmiar: 48-52 cm</li><li>Materiał: <ul><li>Metal</li><li>Plastikowy</li></ul></li><li>Zalecany Wiek: + 2 lat</li><li>Sztuk: 2 Sztuk</li></ul>;Jeśli szukasz trendów na rynku, prezentujemy <b>Kask rowerowy dla dzieci Bluey Niebieski 48-52 cm</b>!<br><br><ul><li>Rodzaj: Kask rowerowy dla dzieci</li><li>Kolor: Niebieski</li><li>Rozmiar: 48-52 cm</li><li>Materiał: <ul><li>Metal</li><li>Plastikowy</li></ul></li><li>Zalecany Wiek: + 2 lat</li><li>Sztuk: 2 Sztuk</li></ul>;Gardening & DIY;Pop Pulse Emporium;https://cdnbigbuy.com/images/s8906676_p0_icon0.jpg;https://cdnbigbuy.com/images/S8906676_P50.jpg;https://cdnbigbuy.com/images/S8906676_P10.jpg;https://cdnbigbuy.com/images/S8906676_P20.jpg;new;0.76;22.0;28.5;32.5
4899888813958;cs-CZ;Cyklistická přilba pro děti Bluey Modrý 48-52 cm;Pokud hledáte nejnovější trendy na trhu, máme tu čest vám představit <b>Cyklistická přilba pro děti Bluey Modrý 48-52 cm</b>!<br><br><ul><li>Typ: Cyklistická přilba pro děti</li><li>Barva: Modrý</li><li>Velikost: 48-52 cm</li><li>Materiál: <ul><li>Kov</li><li>Plastické</li></ul></li><li>Doporučený věk: + 2 roků</li><li>Kusů: 2 kusů</li></ul>;Pokud hledáte nejnovější trendy na trhu, máme tu čest vám představit <b>Cyklistická přilba pro děti Bluey Modrý 48-52 cm</b>!<br><br><ul><li>Typ: Cyklistická přilba pro děti</li><li>Barva: Modrý</li><li>Velikost: 48-52 cm</li><li>Materiál: <ul><li>Kov</li><li>Plastické</li></ul></li><li>Doporučený věk: + 2 roků</li><li>Kusů: 2 kusů</li></ul>;Gardening & DIY;Pop Pulse Emporium;https://cdnbigbuy.com/images/s8906676_p0_icon0.jpg;https://cdnbigbuy.com/images/S8906676_P50.jpg;https://cdnbigbuy.com/images/S8906676_P10.jpg;https://cdnbigbuy.com/images/S8906676_P20.jpg;new;0.76;22.0;28.5;32.5
4899888792772;de-AT;Fussballtor F.C. Barcelona 120 x 80 x 80 cm (4 Stück);Bleiben Sie in Form und entdecken Sie die neuesten Innovationen der Branche, um mit den besten Voraussetzungen Sport zu betreiben! Kaufen Sie <b>Fussballtor F.C. Barcelona 120 x 80 x 80 cm (4 Stück)</b> zum besten Preis und genießen Sie ein gesundes Leben!<br><br><ul><li>Merkmale: <ul><li>Biegsam</li><li>Auto pop-up</li></ul></li><li>Art: Fussballtor</li><li>Enthalten: Zubehör</li><li>Material: Kunststoff</li><li>Empfohlenes Alter: + 3 jahre</li><li>Stückzahl: 4 Stück</li><li>Maße ca.: 120 x 80 x 80 cm</li></ul>;Bleiben Sie in Form und entdecken Sie die neuesten Innovationen der Branche, um mit den besten Voraussetzungen Sport zu betreiben! Kaufen Sie <b>Fussballtor F.C. Barcelona 120 x 80 x 80 cm (4 Stück)</b> zum besten Preis und genießen Sie ein gesundes Leben!<br><br><ul><li>Merkmale: <ul><li>Biegsam</li><li>Auto pop-up</li></ul></li><li>Art: Fussballtor</li><li>Enthalten: Zubehör</li><li>Material: Kunststoff</li><li>Empfohlenes Alter: + 3 jahre</li><li>Stückzahl: 4 Stück</li><li>Maße ca.: 120 x 80 ;Gardening & DIY;Pop Pulse Emporium;https://cdnbigbuy.com/images/4899888792772_s8906404_p0_icon0.jpg;https://cdnbigbuy.com/images/4899888792772_S8906404_P20.jpg;https://cdnbigbuy.com/images/4899888792772_S8906404_P30.jpg;https://cdnbigbuy.com/images/4899888792772_S8906404_P40.jpg;new;3.76;28.5;22.6;16.8
4899888792772;de-DE;Fussballtor F.C. Barcelona 120 x 80 x 80 cm (4 Stück);Bleiben Sie in Form und entdecken Sie die neuesten Innovationen der Branche, um mit den besten Voraussetzungen Sport zu betreiben! Kaufen Sie <b>Fussballtor F.C. Barcelona 120 x 80 x 80 cm (4 Stück)</b> zum besten Preis und genießen Sie ein gesundes Leben!<br><br><ul><li>Merkmale: <ul><li>Biegsam</li><li>Auto pop-up</li></ul></li><li>Art: Fussballtor</li><li>Enthalten: Zubehör</li><li>Material: Kunststoff</li><li>Empfohlenes Alter: + 3 jahre</li><li>Stückzahl: 4 Stück</li><li>Maße ca.: 120 x 80 x 80 cm</li></ul>;Bleiben Sie in Form und entdecken Sie die neuesten Innovationen der Branche, um mit den besten Voraussetzungen Sport zu betreiben! Kaufen Sie <b>Fussballtor F.C. Barcelona 120 x 80 x 80 cm (4 Stück)</b> zum besten Preis und genießen Sie ein gesundes Leben!<br><br><ul><li>Merkmale: <ul><li>Biegsam</li><li>Auto pop-up</li></ul></li><li>Art: Fussballtor</li><li>Enthalten: Zubehör</li><li>Material: Kunststoff</li><li>Empfohlenes Alter: + 3 jahre</li><li>Stückzahl: 4 Stück</li><li>Maße ca.: 120 x 80 ;Gardening & DIY;Pop Pulse Emporium;https://cdnbigbuy.com/images/4899888792772_s8906404_p0_icon0.jpg;https://cdnbigbuy.com/images/4899888792772_S8906404_P20.jpg;https://cdnbigbuy.com/images/4899888792772_S8906404_P30.jpg;https://cdnbigbuy.com/images/4899888792772_S8906404_P40.jpg;new;3.76;28.5;22.6;16.8
4899888792772;sk-SK;Futbalová bránka F.C. Barcelona 120 x 80 x 80 cm (4 kusov);Udržujte sa vo forme a objavte posledné novinky zo sveta športu s tými najväčšími zárukami! Nakúpte <b>Futbalová bránka F.C. Barcelona 120 x 80 x 80 cm (4 kusov)</b> za najlepšiu cenu a užívajte si zdravý život!<br><br><ul><li>Vlastnosti: <ul><li>Skladateľný</li><li>Auto pop-up</li></ul></li><li>Typ: Futbalová bránka</li><li>Obsahuje: Doplnky</li><li>Materiál: Plastické</li><li>Odporúčaný vek: + 3 rokov</li><li>Kusov: 4 kusov</li><li>Približné rozmery: 120 x 80 x 80 cm</li></ul>;Udržujte sa vo forme a objavte posledné novinky zo sveta športu s tými najväčšími zárukami! Nakúpte <b>Futbalová bránka F.C. Barcelona 120 x 80 x 80 cm (4 kusov)</b> za najlepšiu cenu a užívajte si zdravý život!<br><br><ul><li>Vlastnosti: <ul><li>Skladateľný</li><li>Auto pop-up</li></ul></li><li>Typ: Futbalová bránka</li><li>Obsahuje: Doplnky</li><li>Materiál: Plastické</li><li>Odporúčaný vek: + 3 rokov</li><li>Kusov: 4 kusov</li><li>Približné rozmery: 120 x 80 x 80 cm</li></ul>;Gardening & DIY;Pop Pulse Emporium;https://cdnbigbuy.com/images/4899888792772_s8906404_p0_icon0.jpg;https://cdnbigbuy.com/images/4899888792772_S8906404_P20.jpg;https://cdnbigbuy.com/images/4899888792772_S8906404_P30.jpg;https://cdnbigbuy.com/images/4899888792772_S8906404_P40.jpg;new;3.76;28.5;22.6;16.8
4899888792772;pl-PL;Bramka do Piłki Nożnej F.C. Barcelona 120 x 80 x 80 cm (4 Sztuk);Utrzymaj kondycję i odkryj wszystkie nowości związane z uprawianiem sportu z najkorzystniejszymi warunkami! Kupuj <b>Bramka do Piłki Nożnej F.C. Barcelona 120 x 80 x 80 cm (4 Sztuk)</b> o najkorzystniejszej cenie i ciesz się zdrowym życiem!<br><br><ul><li>Właściwości: <ul><li>Składany</li><li>Auto pop-up</li></ul></li><li>Rodzaj: Bramka do Piłki Nożnej</li><li>Zawiera: Akcesoria</li><li>Materiał: Plastikowy</li><li>Zalecany Wiek: + 3 lat</li><li>Sztuk: 4 Sztuk</li><li>Wymiary ok.: 120 x 80 x 80 cm</li></ul>;Utrzymaj kondycję i odkryj wszystkie nowości związane z uprawianiem sportu z najkorzystniejszymi warunkami! Kupuj <b>Bramka do Piłki Nożnej F.C. Barcelona 120 x 80 x 80 cm (4 Sztuk)</b> o najkorzystniejszej cenie i ciesz się zdrowym życiem!<br><br><ul><li>Właściwości: <ul><li>Składany</li><li>Auto pop-up</li></ul></li><li>Rodzaj: Bramka do Piłki Nożnej</li><li>Zawiera: Akcesoria</li><li>Materiał: Plastikowy</li><li>Zalecany Wiek: + 3 lat</li><li>Sztuk: 4 Sztuk</li><li>Wymiary ok.: 120 x 80 x 80 ;Gardening & DIY;Pop Pulse Emporium;https://cdnbigbuy.com/images/4899888792772_s8906404_p0_icon0.jpg;https://cdnbigbuy.com/images/4899888792772_S8906404_P20.jpg;https://cdnbigbuy.com/images/4899888792772_S8906404_P30.jpg;https://cdnbigbuy.com/images/4899888792772_S8906404_P40.jpg;new;3.76;28.5;22.6;16.8
4899888792772;cs-CZ;Fotbalová brána F.C. Barcelona 120 x 80 x 80 cm (4 kusů);Zůstaňte ve formě a objevujte poslední novinky ze sportovního světa s největšími zárukami! Nakupte <b>Fotbalová brána F.C. Barcelona 120 x 80 x 80 cm (4 kusů)</b> za nejlepší cenu a užívejte si života plného zdraví!<br><br><ul><li>Vlastnosti: <ul><li>Skládací</li><li>Auto pop-up</li></ul></li><li>Typ: Fotbalová brána</li><li>Obsahuje: Příslušenství</li><li>Materiál: Plastické</li><li>Doporučený věk: + 3 roků</li><li>Kusů: 4 kusů</li><li>Přibližné rozměry: 120 x 80 x 80 cm</li></ul>;Zůstaňte ve formě a objevujte poslední novinky ze sportovního světa s největšími zárukami! Nakupte <b>Fotbalová brána F.C. Barcelona 120 x 80 x 80 cm (4 kusů)</b> za nejlepší cenu a užívejte si života plného zdraví!<br><br><ul><li>Vlastnosti: <ul><li>Skládací</li><li>Auto pop-up</li></ul></li><li>Typ: Fotbalová brána</li><li>Obsahuje: Příslušenství</li><li>Materiál: Plastické</li><li>Doporučený věk: + 3 roků</li><li>Kusů: 4 kusů</li><li>Přibližné rozměry: 120 x 80 x 80 cm</li></ul>;Gardening & DIY;Pop Pulse Emporium;https://cdnbigbuy.com/images/4899888792772_s8906404_p0_icon0.jpg;https://cdnbigbuy.com/images/4899888792772_S8906404_P20.jpg;https://cdnbigbuy.com/images/4899888792772_S8906404_P30.jpg;https://cdnbigbuy.com/images/4899888792772_S8906404_P40.jpg;new;3.76;28.5;22.6;16.8
5060945231926;de-AT;LED-Kopf-Taschenlampe Nebo Curvbeam 600 Schwarz 600 lm;Bleiben Sie in Form und entdecken Sie die neuesten Innovationen der Branche, um mit den besten Voraussetzungen Sport zu betreiben! Kaufen Sie <b>LED-Kopf-Taschenlampe Nebo Curvbeam 600 Schwarz 600 lm</b> zum besten Preis und genießen Sie ein gesundes Leben!<br><br><ul><li>Art: <ul><li>LED-Kopf-Taschenlampe</li><li>Vorderlicht</li></ul></li><li>Material: <ul><li>Aluminium</li><li>ABS</li></ul></li><li>Merkmale: <ul><li>Water resistant</li><li>Ladeanzeige</li><li>Einstellbar</li></ul></li><li>IP-Klassifizierung: IPX4</li><li>Aufladbar: Ja</li><li>Maße ca.: 25 x 4,5 x 5 cm</li><li>Farbe: Schwarz</li><li>Batterietyp: Li-Ion</li><li>Geschlecht: Unisex-Erwachsene</li><li>Stromquelle: Wiederaufladbare Lithiumbatterie</li><li>Wiederaufladbare Lithiumbatterie: 250 mAh</li><li>Beleuchtungsmöglichkeiten: 7</li><li>Lichtstrom: 600 lm</li><li>Funktionen: Rotes Licht</li></ul>;Bleiben Sie in Form und entdecken Sie die neuesten Innovationen der Branche, um mit den besten Voraussetzungen Sport zu betreiben! Kaufen Sie <b>LED-Kopf-Taschenlampe Nebo Curvbeam 600 Schwarz 600 lm</b> zum besten Preis und genießen Sie ein gesundes Leben!<br><br><ul><li>Art: <ul><li>LED-Kopf-Taschenlampe</li><li>Vorderlicht</li></ul></li><li>Material: <ul><li>Aluminium</li><li>ABS</li></ul></li><li>Merkmale: <ul><li>Water resistant</li><li>Ladeanzeige</li><li>Einstellbar</li></ul></li><li>IP-K;Gardening & DIY;Pop Pulse Emporium;https://cdnbigbuy.com/images/5060945231926_S7927196_P00.jpg;;;;new;0.21;7.8;10.8;10.3
5060945231926;de-DE;LED-Kopf-Taschenlampe Nebo Curvbeam 600 Schwarz 600 lm;Bleiben Sie in Form und entdecken Sie die neuesten Innovationen der Branche, um mit den besten Voraussetzungen Sport zu betreiben! Kaufen Sie <b>LED-Kopf-Taschenlampe Nebo Curvbeam 600 Schwarz 600 lm</b> zum besten Preis und genießen Sie ein gesundes Leben!<br><br><ul><li>Art: <ul><li>LED-Kopf-Taschenlampe</li><li>Vorderlicht</li></ul></li><li>Material: <ul><li>Aluminium</li><li>ABS</li></ul></li><li>Merkmale: <ul><li>Water resistant</li><li>Ladeanzeige</li><li>Einstellbar</li></ul></li><li>IP-Klassifizierung: IPX4</li><li>Aufladbar: Ja</li><li>Maße ca.: 25 x 4,5 x 5 cm</li><li>Farbe: Schwarz</li><li>Batterietyp: Li-Ion</li><li>Geschlecht: Unisex-Erwachsene</li><li>Stromquelle: Wiederaufladbare Lithiumbatterie</li><li>Wiederaufladbare Lithiumbatterie: 250 mAh</li><li>Beleuchtungsmöglichkeiten: 7</li><li>Lichtstrom: 600 lm</li><li>Funktionen: Rotes Licht</li></ul>;Bleiben Sie in Form und entdecken Sie die neuesten Innovationen der Branche, um mit den besten Voraussetzungen Sport zu betreiben! Kaufen Sie <b>LED-Kopf-Taschenlampe Nebo Curvbeam 600 Schwarz 600 lm</b> zum besten Preis und genießen Sie ein gesundes Leben!<br><br><ul><li>Art: <ul><li>LED-Kopf-Taschenlampe</li><li>Vorderlicht</li></ul></li><li>Material: <ul><li>Aluminium</li><li>ABS</li></ul></li><li>Merkmale: <ul><li>Water resistant</li><li>Ladeanzeige</li><li>Einstellbar</li></ul></li><li>IP-K;Gardening & DIY;Pop Pulse Emporium;https://cdnbigbuy.com/images/5060945231926_S7927196_P00.jpg;;;;new;0.21;7.8;10.8;10.3
5060945231926;sk-SK;LED svietidlo na hlavu Nebo Curvbeam 600 Čierna 600 lm;Udržujte sa vo forme a objavte posledné novinky zo sveta športu s tými najväčšími zárukami! Nakúpte <b>LED svietidlo na hlavu Nebo Curvbeam 600 Čierna 600 lm</b> za najlepšiu cenu a užívajte si zdravý život!<br><br><ul><li>Typ: <ul><li>LED svietidlo na hlavu</li><li>Čelová lampa</li></ul></li><li>Materiál: <ul><li>Aluminium</li><li>ABS</li></ul></li><li>Vlastnosti: <ul><li>Vodeodolný</li><li>Indikátor nabíjania</li><li>Nastaviteľný</li></ul></li><li>IP klasifikácia: IPX4</li><li>Dobíjateľný: áno</li><li>Približné rozmery: 25 x 4,5 x 5 cm</li><li>Farba: Čierna</li><li>Typ batérie: Li-Ion</li><li>Pohlavie: Unisex dospelí</li><li>Napájací Zdroj: Dobíjacia lítiová batéria</li><li>Dobíjacia lítiová batéria: 250 mAh</li><li>Režimy svietenia: 7</li><li>Svetelný tok: 600 lm</li><li>Funkcie: Červené svetlo</li></ul>;Udržujte sa vo forme a objavte posledné novinky zo sveta športu s tými najväčšími zárukami! Nakúpte <b>LED svietidlo na hlavu Nebo Curvbeam 600 Čierna 600 lm</b> za najlepšiu cenu a užívajte si zdravý život!<br><br><ul><li>Typ: <ul><li>LED svietidlo na hlavu</li><li>Čelová lampa</li></ul></li><li>Materiál: <ul><li>Aluminium</li><li>ABS</li></ul></li><li>Vlastnosti: <ul><li>Vodeodolný</li><li>Indikátor nabíjania</li><li>Nastaviteľný</li></ul></li><li>IP klasifikácia: IPX4</li><li>Dobíjateľný: áno;Gardening & DIY;Pop Pulse Emporium;https://cdnbigbuy.com/images/5060945231926_S7927196_P00.jpg;;;;new;0.21;7.8;10.8;10.3
5060945231926;pl-PL;Latarka nagłowna LED Nebo Curvbeam 600 Czarny 600 lm;Utrzymaj kondycję i odkryj wszystkie nowości związane z uprawianiem sportu z najkorzystniejszymi warunkami! Kupuj <b>Latarka nagłowna LED Nebo Curvbeam 600 Czarny 600 lm</b> o najkorzystniejszej cenie i ciesz się zdrowym życiem!<br><br><ul><li>Rodzaj: <ul><li>Latarka nagłowna LED</li><li>Lampa przednia</li></ul></li><li>Materiał: <ul><li>Aluminium</li><li>ABS</li></ul></li><li>Właściwości: <ul><li>Wodoodporny</li><li>Wskaźnik ładowania</li><li>Ajustable</li></ul></li><li>Klasyfikacja IP: IPX4</li><li>Wielokrotnego ładowania: Tak</li><li>Wymiary ok.: 25 x 4,5 x 5 cm</li><li>Kolor: Czarny</li><li>Rodzaj baterii: Li-Ion</li><li>Płeć: Unisex dorośli</li><li>Zasilanie: Akumulator litowy</li><li>Akumulator litowy: 250 mAh</li><li>Tryby oświetlenia: 7</li><li>Strumień świetlny: 600 lm</li><li>Funkcje: Czerwone światełko</li></ul>;Utrzymaj kondycję i odkryj wszystkie nowości związane z uprawianiem sportu z najkorzystniejszymi warunkami! Kupuj <b>Latarka nagłowna LED Nebo Curvbeam 600 Czarny 600 lm</b> o najkorzystniejszej cenie i ciesz się zdrowym życiem!<br><br><ul><li>Rodzaj: <ul><li>Latarka nagłowna LED</li><li>Lampa przednia</li></ul></li><li>Materiał: <ul><li>Aluminium</li><li>ABS</li></ul></li><li>Właściwości: <ul><li>Wodoodporny</li><li>Wskaźnik ładowania</li><li>Ajustable</li></ul></li><li>Klasyfikacja IP: IPX4</l;Gardening & DIY;Pop Pulse Emporium;https://cdnbigbuy.com/images/5060945231926_S7927196_P00.jpg;;;;new;0.21;7.8;10.8;10.3
5060945231926;cs-CZ;LED Svítilna Nebo Curvbeam 600 Černý 600 lm;Zůstaňte ve formě a objevujte poslední novinky ze sportovního světa s největšími zárukami! Nakupte <b>LED Svítilna Nebo Curvbeam 600 Černý 600 lm</b> za nejlepší cenu a užívejte si života plného zdraví!<br><br><ul><li>Typ: <ul><li>LED Svítilna</li><li>Přední svwtlo</li></ul></li><li>Materiál: <ul><li>Hliník</li><li>ABS</li></ul></li><li>Vlastnosti: <ul><li>Voděodolný</li><li>Indikátor nabíjení</li><li>Nastavitelný</li></ul></li><li>Stupeň krytí: IPX4</li><li>Nabíjecí: Ano</li><li>Přibližné rozměry: 25 x 4,5 x 5 cm</li><li>Barva: Černý</li><li>Typ baterie: Li-Ion</li><li>Pohlaví: Unisex dospělí</li><li>Nápajecí Zdroj: Dobíjecí lithiová baterie</li><li>Dobíjecí lithiová baterie: 250 mAh</li><li>Režimy svícení: 7</li><li>Světelný tok: 600 lm</li><li>Funkce: Červené světlo</li></ul>;Zůstaňte ve formě a objevujte poslední novinky ze sportovního světa s největšími zárukami! Nakupte <b>LED Svítilna Nebo Curvbeam 600 Černý 600 lm</b> za nejlepší cenu a užívejte si života plného zdraví!<br><br><ul><li>Typ: <ul><li>LED Svítilna</li><li>Přední svwtlo</li></ul></li><li>Materiál: <ul><li>Hliník</li><li>ABS</li></ul></li><li>Vlastnosti: <ul><li>Voděodolný</li><li>Indikátor nabíjení</li><li>Nastavitelný</li></ul></li><li>Stupeň krytí: IPX4</li><li>Nabíjecí: Ano</li><li>Přibližné rozmě;Gardening & DIY;Pop Pulse Emporium;https://cdnbigbuy.com/images/5060945231926_S7927196_P00.jpg;;;;new;0.21;7.8;10.8;10.3
8436606906590;de-AT;Helm Youin YOUIN MA1016 Schwarz L;Wenn Sie auf der Suche nach trendigen Neuheiten auf dem Markt sind, präsentieren wir Ihnen <b>Helm Youin YOUIN MA1016 Schwarz L</b>!<br><br><ul><li>Art: Laptop-Stand</li><li>Farbe: Schwarz</li><li>Material: Kunststoff</li><li>Größe: L</li><li>Geschlecht: Unisex-Erwachsene</li><li>Empfohlenes Alter: Erwachsene</li><li>Sport: Radfahren</li></ul>;Wenn Sie auf der Suche nach trendigen Neuheiten auf dem Markt sind, präsentieren wir Ihnen <b>Helm Youin YOUIN MA1016 Schwarz L</b>!<br><br><ul><li>Art: Laptop-Stand</li><li>Farbe: Schwarz</li><li>Material: Kunststoff</li><li>Größe: L</li><li>Geschlecht: Unisex-Erwachsene</li><li>Empfohlenes Alter: Erwachsene</li><li>Sport: Radfahren</li></ul>;Gardening & DIY;Pop Pulse Emporium;https://cdnbigbuy.com/images/8436606906590_R00.jpg;https://cdnbigbuy.com/images/8436606906590_R20.jpg;https://cdnbigbuy.com/images/8436606906590_R30.jpg;https://cdnbigbuy.com/images/8436606906590_R40.jpg;new;1.17;31.7;30.6;17.8
8436606906590;de-DE;Helm Youin YOUIN MA1016 Schwarz L;Wenn Sie auf der Suche nach trendigen Neuheiten auf dem Markt sind, präsentieren wir Ihnen <b>Helm Youin YOUIN MA1016 Schwarz L</b>!<br><br><ul><li>Art: Laptop-Stand</li><li>Farbe: Schwarz</li><li>Material: Kunststoff</li><li>Größe: L</li><li>Geschlecht: Unisex-Erwachsene</li><li>Empfohlenes Alter: Erwachsene</li><li>Sport: Radfahren</li></ul>;Wenn Sie auf der Suche nach trendigen Neuheiten auf dem Markt sind, präsentieren wir Ihnen <b>Helm Youin YOUIN MA1016 Schwarz L</b>!<br><br><ul><li>Art: Laptop-Stand</li><li>Farbe: Schwarz</li><li>Material: Kunststoff</li><li>Größe: L</li><li>Geschlecht: Unisex-Erwachsene</li><li>Empfohlenes Alter: Erwachsene</li><li>Sport: Radfahren</li></ul>;Gardening & DIY;Pop Pulse Emporium;https://cdnbigbuy.com/images/8436606906590_R00.jpg;https://cdnbigbuy.com/images/8436606906590_R20.jpg;https://cdnbigbuy.com/images/8436606906590_R30.jpg;https://cdnbigbuy.com/images/8436606906590_R40.jpg;new;1.17;31.7;30.6;17.8
8436606906590;sk-SK;Prilba Youin YOUIN MA1016 Čierna L;Ak hľadáte nové trendy na trhu, predstavujeme <b>Prilba Youin YOUIN MA1016 Čierna L</b>!<br><br><ul><li>Typ: Podpera notebooku</li><li>Farba: Čierna</li><li>Materiál: Plastické</li><li>Veľkosť: L</li><li>Pohlavie: Unisex dospelí</li><li>Odporúčaný vek: Deti</li><li>Šport: Cyklistika</li></ul>;Ak hľadáte nové trendy na trhu, predstavujeme <b>Prilba Youin YOUIN MA1016 Čierna L</b>!<br><br><ul><li>Typ: Podpera notebooku</li><li>Farba: Čierna</li><li>Materiál: Plastické</li><li>Veľkosť: L</li><li>Pohlavie: Unisex dospelí</li><li>Odporúčaný vek: Deti</li><li>Šport: Cyklistika</li></ul>;Gardening & DIY;Pop Pulse Emporium;https://cdnbigbuy.com/images/8436606906590_R00.jpg;https://cdnbigbuy.com/images/8436606906590_R20.jpg;https://cdnbigbuy.com/images/8436606906590_R30.jpg;https://cdnbigbuy.com/images/8436606906590_R40.jpg;new;1.17;31.7;30.6;17.8
8436606906590;pl-PL;Kask Youin YOUIN MA1016 Czarny L;Jeśli szukasz trendów na rynku, prezentujemy <b>Kask Youin YOUIN MA1016 Czarny L</b>!<br><br><ul><li>Rodzaj: Uchwyt do Laptopa</li><li>Kolor: Czarny</li><li>Materiał: Plastikowy</li><li>Rozmiar: L</li><li>Płeć: Unisex dorośli</li><li>Zalecany Wiek: Dorosłych</li><li>Sport: Kolarstwo</li></ul>;Jeśli szukasz trendów na rynku, prezentujemy <b>Kask Youin YOUIN MA1016 Czarny L</b>!<br><br><ul><li>Rodzaj: Uchwyt do Laptopa</li><li>Kolor: Czarny</li><li>Materiał: Plastikowy</li><li>Rozmiar: L</li><li>Płeć: Unisex dorośli</li><li>Zalecany Wiek: Dorosłych</li><li>Sport: Kolarstwo</li></ul>;Gardening & DIY;Pop Pulse Emporium;https://cdnbigbuy.com/images/8436606906590_R00.jpg;https://cdnbigbuy.com/images/8436606906590_R20.jpg;https://cdnbigbuy.com/images/8436606906590_R30.jpg;https://cdnbigbuy.com/images/8436606906590_R40.jpg;new;1.17;31.7;30.6;17.8
8436606906590;cs-CZ;Přilba Youin YOUIN MA1016 Černý L;Pokud hledáte nejnovější trendy na trhu, máme tu čest vám představit <b>Přilba Youin YOUIN MA1016 Černý L</b>!<br><br><ul><li>Typ: Podpěra notebooku</li><li>Barva: Černý</li><li>Materiál: Plastické</li><li>Velikost: L</li><li>Pohlaví: Unisex dospělí</li><li>Doporučený věk: Dospělé</li><li>Sport: Cyklistika</li></ul>;Pokud hledáte nejnovější trendy na trhu, máme tu čest vám představit <b>Přilba Youin YOUIN MA1016 Černý L</b>!<br><br><ul><li>Typ: Podpěra notebooku</li><li>Barva: Černý</li><li>Materiál: Plastické</li><li>Velikost: L</li><li>Pohlaví: Unisex dospělí</li><li>Doporučený věk: Dospělé</li><li>Sport: Cyklistika</li></ul>;Gardening & DIY;Pop Pulse Emporium;https://cdnbigbuy.com/images/8436606906590_R00.jpg;https://cdnbigbuy.com/images/8436606906590_R20.jpg;https://cdnbigbuy.com/images/8436606906590_R30.jpg;https://cdnbigbuy.com/images/8436606906590_R40.jpg;new;1.17;31.7;30.6;17.8
8445402691845;de-AT;Paddelschläger Bullpadel Hack 04 Hybrid 2025;Wenn Sie auf der Suche nach trendigen Neuheiten auf dem Markt sind, präsentieren wir Ihnen <b>Paddelschläger Bullpadel Hack 04 Hybrid 2025</b>!<br><br><ul><li>Art: Paddelschläger</li><li>Dicke: 38 mm</li><li>Geschlecht: Unisex-Erwachsene</li><li>Empfohlenes Alter: Erwachsene</li><li>Ebenen: Fortgeschritten</li></ul>;Wenn Sie auf der Suche nach trendigen Neuheiten auf dem Markt sind, präsentieren wir Ihnen <b>Paddelschläger Bullpadel Hack 04 Hybrid 2025</b>!<br><br><ul><li>Art: Paddelschläger</li><li>Dicke: 38 mm</li><li>Geschlecht: Unisex-Erwachsene</li><li>Empfohlenes Alter: Erwachsene</li><li>Ebenen: Fortgeschritten</li></ul>;Gardening & DIY;Pop Pulse Emporium;https://cdnbigbuy.com/images/8445402691845_S9919395_P00.jpg;https://cdnbigbuy.com/images/8445402691845_R30.jpg;https://cdnbigbuy.com/images/8445402691845_R40.jpg;https://cdnbigbuy.com/images/8445402691845_R00.jpg;new;0.6;10.0;35.0;51.0
8445402691845;de-DE;Paddelschläger Bullpadel Hack 04 Hybrid 2025;Wenn Sie auf der Suche nach trendigen Neuheiten auf dem Markt sind, präsentieren wir Ihnen <b>Paddelschläger Bullpadel Hack 04 Hybrid 2025</b>!<br><br><ul><li>Art: Paddelschläger</li><li>Dicke: 38 mm</li><li>Geschlecht: Unisex-Erwachsene</li><li>Empfohlenes Alter: Erwachsene</li><li>Ebenen: Fortgeschritten</li></ul>;Wenn Sie auf der Suche nach trendigen Neuheiten auf dem Markt sind, präsentieren wir Ihnen <b>Paddelschläger Bullpadel Hack 04 Hybrid 2025</b>!<br><br><ul><li>Art: Paddelschläger</li><li>Dicke: 38 mm</li><li>Geschlecht: Unisex-Erwachsene</li><li>Empfohlenes Alter: Erwachsene</li><li>Ebenen: Fortgeschritten</li></ul>;Gardening & DIY;Pop Pulse Emporium;https://cdnbigbuy.com/images/8445402691845_S9919395_P00.jpg;https://cdnbigbuy.com/images/8445402691845_R30.jpg;https://cdnbigbuy.com/images/8445402691845_R40.jpg;https://cdnbigbuy.com/images/8445402691845_R00.jpg;new;0.6;10.0;35.0;51.0
8445402691845;sk-SK;Raketa na padel Bullpadel Hack 04 Hybrid 2025;Ak hľadáte nové trendy na trhu, predstavujeme <b>Raketa na padel Bullpadel Hack 04 Hybrid 2025</b>!<br><br><ul><li>Typ: Raketa na padel</li><li>Hrúbka: 38 mm</li><li>Pohlavie: Unisex dospelí</li><li>Odporúčaný vek: Deti</li><li>úrovne: Pokročilý</li></ul>;Ak hľadáte nové trendy na trhu, predstavujeme <b>Raketa na padel Bullpadel Hack 04 Hybrid 2025</b>!<br><br><ul><li>Typ: Raketa na padel</li><li>Hrúbka: 38 mm</li><li>Pohlavie: Unisex dospelí</li><li>Odporúčaný vek: Deti</li><li>úrovne: Pokročilý</li></ul>;Gardening & DIY;Pop Pulse Emporium;https://cdnbigbuy.com/images/8445402691845_S9919395_P00.jpg;https://cdnbigbuy.com/images/8445402691845_R30.jpg;https://cdnbigbuy.com/images/8445402691845_R40.jpg;https://cdnbigbuy.com/images/8445402691845_R00.jpg;new;0.6;10.0;35.0;51.0
8445402691845;pl-PL;Rakieta do Padla Bullpadel Hack 04 Hybrid 2025;Jeśli szukasz trendów na rynku, prezentujemy <b>Rakieta do Padla Bullpadel Hack 04 Hybrid 2025</b>!<br><br><ul><li>Rodzaj: Rakieta do Padla</li><li>Grubość: 38 mm</li><li>Płeć: Unisex dorośli</li><li>Zalecany Wiek: Dorosłych</li><li>Poziomy: Zaawansowany</li></ul>;Jeśli szukasz trendów na rynku, prezentujemy <b>Rakieta do Padla Bullpadel Hack 04 Hybrid 2025</b>!<br><br><ul><li>Rodzaj: Rakieta do Padla</li><li>Grubość: 38 mm</li><li>Płeć: Unisex dorośli</li><li>Zalecany Wiek: Dorosłych</li><li>Poziomy: Zaawansowany</li></ul>;Gardening & DIY;Pop Pulse Emporium;https://cdnbigbuy.com/images/8445402691845_S9919395_P00.jpg;https://cdnbigbuy.com/images/8445402691845_R30.jpg;https://cdnbigbuy.com/images/8445402691845_R40.jpg;https://cdnbigbuy.com/images/8445402691845_R00.jpg;new;0.6;10.0;35.0;51.0
8445402691845;cs-CZ;Raketa Padel Bullpadel Hack 04 Hybrid 2025;Pokud hledáte nejnovější trendy na trhu, máme tu čest vám představit <b>Raketa Padel Bullpadel Hack 04 Hybrid 2025</b>!<br><br><ul><li>Typ: Raketa Padel</li><li>Tloušťka: 38 mm</li><li>Pohlaví: Unisex dospělí</li><li>Doporučený věk: Dospělé</li><li>úrovně: Pokročilý</li></ul>;Pokud hledáte nejnovější trendy na trhu, máme tu čest vám představit <b>Raketa Padel Bullpadel Hack 04 Hybrid 2025</b>!<br><br><ul><li>Typ: Raketa Padel</li><li>Tloušťka: 38 mm</li><li>Pohlaví: Unisex dospělí</li><li>Doporučený věk: Dospělé</li><li>úrovně: Pokročilý</li></ul>;Gardening & DIY;Pop Pulse Emporium;https://cdnbigbuy.com/images/8445402691845_S9919395_P00.jpg;https://cdnbigbuy.com/images/8445402691845_R30.jpg;https://cdnbigbuy.com/images/8445402691845_R40.jpg;https://cdnbigbuy.com/images/8445402691845_R00.jpg;new;0.6;10.0;35.0;51.0
8033280490102;de-AT;Sportjackefür Herren Sparco;Bleiben Sie in Form und entdecken Sie die neuesten Innovationen der Branche, um mit den besten Voraussetzungen Sport zu betreiben! Kaufen Sie <b>Sportjackefür Herren Sparco</b> zum besten Preis und genießen Sie ein gesundes Leben!<br><br><ul><li>Art: Sportjacke</li><li>Merkmale: In der Maschine waschbar</li></ul>;Bleiben Sie in Form und entdecken Sie die neuesten Innovationen der Branche, um mit den besten Voraussetzungen Sport zu betreiben! Kaufen Sie <b>Sportjackefür Herren Sparco</b> zum besten Preis und genießen Sie ein gesundes Leben!<br><br><ul><li>Art: Sportjacke</li><li>Merkmale: In der Maschine waschbar</li></ul>;Gardening & DIY;Pop Pulse Emporium;https://cdnbigbuy.com/images/8033280490102_R00.jpg;;;;new;0.85;7.1;30.6;29.0
8033280490102;de-DE;Sportjackefür Herren Sparco;Bleiben Sie in Form und entdecken Sie die neuesten Innovationen der Branche, um mit den besten Voraussetzungen Sport zu betreiben! Kaufen Sie <b>Sportjackefür Herren Sparco</b> zum besten Preis und genießen Sie ein gesundes Leben!<br><br><ul><li>Art: Sportjacke</li><li>Merkmale: In der Maschine waschbar</li></ul>;Bleiben Sie in Form und entdecken Sie die neuesten Innovationen der Branche, um mit den besten Voraussetzungen Sport zu betreiben! Kaufen Sie <b>Sportjackefür Herren Sparco</b> zum besten Preis und genießen Sie ein gesundes Leben!<br><br><ul><li>Art: Sportjacke</li><li>Merkmale: In der Maschine waschbar</li></ul>;Gardening & DIY;Pop Pulse Emporium;https://cdnbigbuy.com/images/8033280490102_R00.jpg;;;;new;0.85;7.1;30.6;29.0
8033280490102;sk-SK;Pánska športová bunda Sparco;Udržujte sa vo forme a objavte posledné novinky zo sveta športu s tými najväčšími zárukami! Nakúpte <b>Pánska športová bunda Sparco</b> za najlepšiu cenu a užívajte si zdravý život!<br><br><ul><li>Typ: Športová bunda</li><li>Vlastnosti: Možno prať v práčke</li></ul>;Udržujte sa vo forme a objavte posledné novinky zo sveta športu s tými najväčšími zárukami! Nakúpte <b>Pánska športová bunda Sparco</b> za najlepšiu cenu a užívajte si zdravý život!<br><br><ul><li>Typ: Športová bunda</li><li>Vlastnosti: Možno prať v práčke</li></ul>;Gardening & DIY;Pop Pulse Emporium;https://cdnbigbuy.com/images/8033280490102_R00.jpg;;;;new;0.85;7.1;30.6;29.0
8033280490102;pl-PL;Męska kurtka sportowa Sparco;Utrzymaj kondycję i odkryj wszystkie nowości związane z uprawianiem sportu z najkorzystniejszymi warunkami! Kupuj <b>Męska kurtka sportowa Sparco</b> o najkorzystniejszej cenie i ciesz się zdrowym życiem!<br><br><ul><li>Rodzaj: Kurtka sportowa</li><li>Właściwości: Można prać w pralce</li></ul>;Utrzymaj kondycję i odkryj wszystkie nowości związane z uprawianiem sportu z najkorzystniejszymi warunkami! Kupuj <b>Męska kurtka sportowa Sparco</b> o najkorzystniejszej cenie i ciesz się zdrowym życiem!<br><br><ul><li>Rodzaj: Kurtka sportowa</li><li>Właściwości: Można prać w pralce</li></ul>;Gardening & DIY;Pop Pulse Emporium;https://cdnbigbuy.com/images/8033280490102_R00.jpg;;;;new;0.85;7.1;30.6;29.0
8033280490102;cs-CZ;Pánská sportovní bunda Sparco;Zůstaňte ve formě a objevujte poslední novinky ze sportovního světa s největšími zárukami! Nakupte <b>Pánská sportovní bunda Sparco</b> za nejlepší cenu a užívejte si života plného zdraví!<br><br><ul><li>Typ: Sportovní bunda</li><li>Vlastnosti: Pratelný v pračce</li></ul>;Zůstaňte ve formě a objevujte poslední novinky ze sportovního světa s největšími zárukami! Nakupte <b>Pánská sportovní bunda Sparco</b> za nejlepší cenu a užívejte si života plného zdraví!<br><br><ul><li>Typ: Sportovní bunda</li><li>Vlastnosti: Pratelný v pračce</li></ul>;Gardening & DIY;Pop Pulse Emporium;https://cdnbigbuy.com/images/8033280490102_R00.jpg;;;;new;0.85;7.1;30.6;29.0
8436603199926;de-AT;Paddelschläger Nox Nox AT10 Genius Attack 18K Alum Dunkelgrau Carbonfaser EVA;Bleiben Sie in Form und entdecken Sie die neuesten Innovationen der Branche, um mit den besten Voraussetzungen Sport zu betreiben! Kaufen Sie <b>Paddelschläger Nox Nox AT10 Genius Attack 18K Alum Dunkelgrau Carbonfaser EVA</b> zum besten Preis und genießen Sie ein gesundes Leben!<br><br><ul><li>Art: Paddelschläger</li><li>Farbe: <ul><li>Dunkelgrau</li><li>Schwarz</li></ul></li><li>Geschlecht: <ul><li>Unisex</li><li>Unisex-Erwachsene</li></ul></li><li>Empfohlenes Alter: Erwachsene</li><li>Größe: Einheitsgröße</li><li>Material: <ul><li>Carbonfaser</li><li>EVA</li></ul></li><li>Ebenen: Fortgeschritten</li><li>Dicke: 38 mm</li><li>Sport: Paddel</li><li>Enthalten: Paddelschläger</li><li>Balance: groß</li></ul>;Bleiben Sie in Form und entdecken Sie die neuesten Innovationen der Branche, um mit den besten Voraussetzungen Sport zu betreiben! Kaufen Sie <b>Paddelschläger Nox Nox AT10 Genius Attack 18K Alum Dunkelgrau Carbonfaser EVA</b> zum besten Preis und genießen Sie ein gesundes Leben!<br><br><ul><li>Art: Paddelschläger</li><li>Farbe: <ul><li>Dunkelgrau</li><li>Schwarz</li></ul></li><li>Geschlecht: <ul><li>Unisex</li><li>Unisex-Erwachsene</li></ul></li><li>Empfohlenes Alter: Erwachsene</li><li>Größe: ;Gardening & DIY;Pop Pulse Emporium;https://cdnbigbuy.com/images/8436603199926_S64194101_P00.jpg;https://cdnbigbuy.com/images/8436603199926_S64194101_P40.jpg;https://cdnbigbuy.com/images/8436603199926_S64194101_P50.jpg;https://cdnbigbuy.com/images/8436603199926_S64194101_P60.jpg;new;0.6;10.0;35.0;51.0
8436603199926;de-DE;Paddelschläger Nox Nox AT10 Genius Attack 18K Alum Dunkelgrau Carbonfaser EVA;Bleiben Sie in Form und entdecken Sie die neuesten Innovationen der Branche, um mit den besten Voraussetzungen Sport zu betreiben! Kaufen Sie <b>Paddelschläger Nox Nox AT10 Genius Attack 18K Alum Dunkelgrau Carbonfaser EVA</b> zum besten Preis und genießen Sie ein gesundes Leben!<br><br><ul><li>Art: Paddelschläger</li><li>Farbe: <ul><li>Dunkelgrau</li><li>Schwarz</li></ul></li><li>Geschlecht: <ul><li>Unisex</li><li>Unisex-Erwachsene</li></ul></li><li>Empfohlenes Alter: Erwachsene</li><li>Größe: Einheitsgröße</li><li>Material: <ul><li>Carbonfaser</li><li>EVA</li></ul></li><li>Ebenen: Fortgeschritten</li><li>Dicke: 38 mm</li><li>Sport: Paddel</li><li>Enthalten: Paddelschläger</li><li>Balance: groß</li></ul>;Bleiben Sie in Form und entdecken Sie die neuesten Innovationen der Branche, um mit den besten Voraussetzungen Sport zu betreiben! Kaufen Sie <b>Paddelschläger Nox Nox AT10 Genius Attack 18K Alum Dunkelgrau Carbonfaser EVA</b> zum besten Preis und genießen Sie ein gesundes Leben!<br><br><ul><li>Art: Paddelschläger</li><li>Farbe: <ul><li>Dunkelgrau</li><li>Schwarz</li></ul></li><li>Geschlecht: <ul><li>Unisex</li><li>Unisex-Erwachsene</li></ul></li><li>Empfohlenes Alter: Erwachsene</li><li>Größe: ;Gardening & DIY;Pop Pulse Emporium;https://cdnbigbuy.com/images/8436603199926_S64194101_P00.jpg;https://cdnbigbuy.com/images/8436603199926_S64194101_P40.jpg;https://cdnbigbuy.com/images/8436603199926_S64194101_P50.jpg;https://cdnbigbuy.com/images/8436603199926_S64194101_P60.jpg;new;0.6;10.0;35.0;51.0
8436603199926;sk-SK;Raketa na padel Nox Nox AT10 Genius Attack 18K Alum Tmavo-sivá Uhlíkové vlákno EVA;Udržujte sa vo forme a objavte posledné novinky zo sveta športu s tými najväčšími zárukami! Nakúpte <b>Raketa na padel Nox Nox AT10 Genius Attack 18K Alum Tmavo-sivá Uhlíkové vlákno EVA</b> za najlepšiu cenu a užívajte si zdravý život!<br><br><ul><li>Typ: Raketa na padel</li><li>Farba: <ul><li>Tmavo-sivá</li><li>Čierna</li></ul></li><li>Pohlavie: <ul><li>Unisex</li><li>Unisex dospelí</li></ul></li><li>Odporúčaný vek: Deti</li><li>Veľkosť: Jednotná veľkosť</li><li>Materiál: <ul><li>Uhlíkové vlákno</li><li>EVA</li></ul></li><li>úrovne: Pokročilý</li><li>Hrúbka: 38 mm</li><li>Šport: Loptičky na padel</li><li>Obsahuje: Raketa na padel</li><li>Rovnováha: Vysoký</li></ul>;Udržujte sa vo forme a objavte posledné novinky zo sveta športu s tými najväčšími zárukami! Nakúpte <b>Raketa na padel Nox Nox AT10 Genius Attack 18K Alum Tmavo-sivá Uhlíkové vlákno EVA</b> za najlepšiu cenu a užívajte si zdravý život!<br><br><ul><li>Typ: Raketa na padel</li><li>Farba: <ul><li>Tmavo-sivá</li><li>Čierna</li></ul></li><li>Pohlavie: <ul><li>Unisex</li><li>Unisex dospelí</li></ul></li><li>Odporúčaný vek: Deti</li><li>Veľkosť: Jednotná veľkosť</li><li>Materiál: <ul><li>Uhlíkové vlákn;Gardening & DIY;Pop Pulse Emporium;https://cdnbigbuy.com/images/8436603199926_S64194101_P00.jpg;https://cdnbigbuy.com/images/8436603199926_S64194101_P40.jpg;https://cdnbigbuy.com/images/8436603199926_S64194101_P50.jpg;https://cdnbigbuy.com/images/8436603199926_S64194101_P60.jpg;new;0.6;10.0;35.0;51.0
8436603199926;pl-PL;Rakieta do Padla Nox Nox AT10 Genius Attack 18K Alum Ciemny szary Włókno węglowe EVA;Utrzymaj kondycję i odkryj wszystkie nowości związane z uprawianiem sportu z najkorzystniejszymi warunkami! Kupuj <b>Rakieta do Padla Nox Nox AT10 Genius Attack 18K Alum Ciemny szary Włókno węglowe EVA</b> o najkorzystniejszej cenie i ciesz się zdrowym życiem!<br><br><ul><li>Rodzaj: Rakieta do Padla</li><li>Kolor: <ul><li>Ciemny szary</li><li>Czarny</li></ul></li><li>Płeć: <ul><li>Unisex</li><li>Unisex dorośli</li></ul></li><li>Zalecany Wiek: Dorosłych</li><li>Rozmiar: Jeden rozmiar</li><li>Materiał: <ul><li>Włókno węglowe</li><li>EVA</li></ul></li><li>Poziomy: Zaawansowany</li><li>Grubość: 38 mm</li><li>Sport: Piłki do Padla</li><li>Zawiera: Rakieta do Padla</li><li>Balans: Wysoki</li></ul>;Utrzymaj kondycję i odkryj wszystkie nowości związane z uprawianiem sportu z najkorzystniejszymi warunkami! Kupuj <b>Rakieta do Padla Nox Nox AT10 Genius Attack 18K Alum Ciemny szary Włókno węglowe EVA</b> o najkorzystniejszej cenie i ciesz się zdrowym życiem!<br><br><ul><li>Rodzaj: Rakieta do Padla</li><li>Kolor: <ul><li>Ciemny szary</li><li>Czarny</li></ul></li><li>Płeć: <ul><li>Unisex</li><li>Unisex dorośli</li></ul></li><li>Zalecany Wiek: Dorosłych</li><li>Rozmiar: Jeden rozmiar</li><li>Mate;Gardening & DIY;Pop Pulse Emporium;https://cdnbigbuy.com/images/8436603199926_S64194101_P00.jpg;https://cdnbigbuy.com/images/8436603199926_S64194101_P40.jpg;https://cdnbigbuy.com/images/8436603199926_S64194101_P50.jpg;https://cdnbigbuy.com/images/8436603199926_S64194101_P60.jpg;new;0.6;10.0;35.0;51.0
8436603199926;cs-CZ;Raketa Padel Nox Nox AT10 Genius Attack 18K Alum Tmavě šedá Karbonové vlákno EVA;Zůstaňte ve formě a objevujte poslední novinky ze sportovního světa s největšími zárukami! Nakupte <b>Raketa Padel Nox Nox AT10 Genius Attack 18K Alum Tmavě šedá Karbonové vlákno EVA</b> za nejlepší cenu a užívejte si života plného zdraví!<br><br><ul><li>Typ: Raketa Padel</li><li>Barva: <ul><li>Tmavě šedá</li><li>Černý</li></ul></li><li>Pohlaví: <ul><li>Unisex</li><li>Unisex dospělí</li></ul></li><li>Doporučený věk: Dospělé</li><li>Velikost: Jednotná velikost</li><li>Materiál: <ul><li>Karbonové vlákno</li><li>EVA</li></ul></li><li>úrovně: Pokročilý</li><li>Tloušťka: 38 mm</li><li>Sport: Padel</li><li>Obsahuje: Raketa Padel</li><li>Rovnováha: Vysoký</li></ul>;Zůstaňte ve formě a objevujte poslední novinky ze sportovního světa s největšími zárukami! Nakupte <b>Raketa Padel Nox Nox AT10 Genius Attack 18K Alum Tmavě šedá Karbonové vlákno EVA</b> za nejlepší cenu a užívejte si života plného zdraví!<br><br><ul><li>Typ: Raketa Padel</li><li>Barva: <ul><li>Tmavě šedá</li><li>Černý</li></ul></li><li>Pohlaví: <ul><li>Unisex</li><li>Unisex dospělí</li></ul></li><li>Doporučený věk: Dospělé</li><li>Velikost: Jednotná velikost</li><li>Materiál: <ul><li>Karbonové ;Gardening & DIY;Pop Pulse Emporium;https://cdnbigbuy.com/images/8436603199926_S64194101_P00.jpg;https://cdnbigbuy.com/images/8436603199926_S64194101_P40.jpg;https://cdnbigbuy.com/images/8436603199926_S64194101_P50.jpg;https://cdnbigbuy.com/images/8436603199926_S64194101_P60.jpg;new;0.6;10.0;35.0;51.0
8445402691906;de-AT;Paddelschläger Bullpadel Xplo 2025 (Di Nenno) Schwarz;Wenn Sie auf der Suche nach trendigen Neuheiten auf dem Markt sind, präsentieren wir Ihnen <b>Paddelschläger Bullpadel Xplo 2025 (Di Nenno) Schwarz</b>!<br><br><ul><li>Art: Paddelschläger</li><li>Gewicht: 365-375 gr</li><li>Dicke: 38 mm</li><li>Farbe: Schwarz</li><li>Geschlecht: Unisex-Erwachsene</li><li>Empfohlenes Alter: Erwachsene</li><li>Ebenen: Fortgeschritten</li></ul>;Wenn Sie auf der Suche nach trendigen Neuheiten auf dem Markt sind, präsentieren wir Ihnen <b>Paddelschläger Bullpadel Xplo 2025 (Di Nenno) Schwarz</b>!<br><br><ul><li>Art: Paddelschläger</li><li>Gewicht: 365-375 gr</li><li>Dicke: 38 mm</li><li>Farbe: Schwarz</li><li>Geschlecht: Unisex-Erwachsene</li><li>Empfohlenes Alter: Erwachsene</li><li>Ebenen: Fortgeschritten</li></ul>;Gardening & DIY;Pop Pulse Emporium;https://cdnbigbuy.com/images/8445402691906_S9919402_P00.jpg;https://cdnbigbuy.com/images/8445402691906_R70.jpg;https://cdnbigbuy.com/images/8445402691906_R30.jpg;https://cdnbigbuy.com/images/8445402691906_R80.jpg;new;0.6;10.0;35.0;51.0
8445402691906;de-DE;Paddelschläger Bullpadel Xplo 2025 (Di Nenno) Schwarz;Wenn Sie auf der Suche nach trendigen Neuheiten auf dem Markt sind, präsentieren wir Ihnen <b>Paddelschläger Bullpadel Xplo 2025 (Di Nenno) Schwarz</b>!<br><br><ul><li>Art: Paddelschläger</li><li>Gewicht: 365-375 gr</li><li>Dicke: 38 mm</li><li>Farbe: Schwarz</li><li>Geschlecht: Unisex-Erwachsene</li><li>Empfohlenes Alter: Erwachsene</li><li>Ebenen: Fortgeschritten</li></ul>;Wenn Sie auf der Suche nach trendigen Neuheiten auf dem Markt sind, präsentieren wir Ihnen <b>Paddelschläger Bullpadel Xplo 2025 (Di Nenno) Schwarz</b>!<br><br><ul><li>Art: Paddelschläger</li><li>Gewicht: 365-375 gr</li><li>Dicke: 38 mm</li><li>Farbe: Schwarz</li><li>Geschlecht: Unisex-Erwachsene</li><li>Empfohlenes Alter: Erwachsene</li><li>Ebenen: Fortgeschritten</li></ul>;Gardening & DIY;Pop Pulse Emporium;https://cdnbigbuy.com/images/8445402691906_S9919402_P00.jpg;https://cdnbigbuy.com/images/8445402691906_R70.jpg;https://cdnbigbuy.com/images/8445402691906_R30.jpg;https://cdnbigbuy.com/images/8445402691906_R80.jpg;new;0.6;10.0;35.0;51.0
8445402691906;sk-SK;Raketa na padel Bullpadel Xplo 2025 (Di Nenno) Čierna;Ak hľadáte nové trendy na trhu, predstavujeme <b>Raketa na padel Bullpadel Xplo 2025 (Di Nenno) Čierna</b>!<br><br><ul><li>Typ: Raketa na padel</li><li>Hmotnosť: 365-375 gr</li><li>Hrúbka: 38 mm</li><li>Farba: Čierna</li><li>Pohlavie: Unisex dospelí</li><li>Odporúčaný vek: Deti</li><li>úrovne: Pokročilý</li></ul>;Ak hľadáte nové trendy na trhu, predstavujeme <b>Raketa na padel Bullpadel Xplo 2025 (Di Nenno) Čierna</b>!<br><br><ul><li>Typ: Raketa na padel</li><li>Hmotnosť: 365-375 gr</li><li>Hrúbka: 38 mm</li><li>Farba: Čierna</li><li>Pohlavie: Unisex dospelí</li><li>Odporúčaný vek: Deti</li><li>úrovne: Pokročilý</li></ul>;Gardening & DIY;Pop Pulse Emporium;https://cdnbigbuy.com/images/8445402691906_S9919402_P00.jpg;https://cdnbigbuy.com/images/8445402691906_R70.jpg;https://cdnbigbuy.com/images/8445402691906_R30.jpg;https://cdnbigbuy.com/images/8445402691906_R80.jpg;new;0.6;10.0;35.0;51.0
8445402691906;pl-PL;Rakieta do Padla Bullpadel Xplo 2025 (Di Nenno) Czarny;Jeśli szukasz trendów na rynku, prezentujemy <b>Rakieta do Padla Bullpadel Xplo 2025 (Di Nenno) Czarny</b>!<br><br><ul><li>Rodzaj: Rakieta do Padla</li><li>Waga: 365-375 gr</li><li>Grubość: 38 mm</li><li>Kolor: Czarny</li><li>Płeć: Unisex dorośli</li><li>Zalecany Wiek: Dorosłych</li><li>Poziomy: Zaawansowany</li></ul>;Jeśli szukasz trendów na rynku, prezentujemy <b>Rakieta do Padla Bullpadel Xplo 2025 (Di Nenno) Czarny</b>!<br><br><ul><li>Rodzaj: Rakieta do Padla</li><li>Waga: 365-375 gr</li><li>Grubość: 38 mm</li><li>Kolor: Czarny</li><li>Płeć: Unisex dorośli</li><li>Zalecany Wiek: Dorosłych</li><li>Poziomy: Zaawansowany</li></ul>;Gardening & DIY;Pop Pulse Emporium;https://cdnbigbuy.com/images/8445402691906_S9919402_P00.jpg;https://cdnbigbuy.com/images/8445402691906_R70.jpg;https://cdnbigbuy.com/images/8445402691906_R30.jpg;https://cdnbigbuy.com/images/8445402691906_R80.jpg;new;0.6;10.0;35.0;51.0
8445402691906;cs-CZ;Raketa Padel Bullpadel Xplo 2025 (Di Nenno) Černý;Pokud hledáte nejnovější trendy na trhu, máme tu čest vám představit <b>Raketa Padel Bullpadel Xplo 2025 (Di Nenno) Černý</b>!<br><br><ul><li>Typ: Raketa Padel</li><li>Váha: 365-375 gr</li><li>Tloušťka: 38 mm</li><li>Barva: Černý</li><li>Pohlaví: Unisex dospělí</li><li>Doporučený věk: Dospělé</li><li>úrovně: Pokročilý</li></ul>;Pokud hledáte nejnovější trendy na trhu, máme tu čest vám představit <b>Raketa Padel Bullpadel Xplo 2025 (Di Nenno) Černý</b>!<br><br><ul><li>Typ: Raketa Padel</li><li>Váha: 365-375 gr</li><li>Tloušťka: 38 mm</li><li>Barva: Černý</li><li>Pohlaví: Unisex dospělí</li><li>Doporučený věk: Dospělé</li><li>úrovně: Pokročilý</li></ul>;Gardening & DIY;Pop Pulse Emporium;https://cdnbigbuy.com/images/8445402691906_S9919402_P00.jpg;https://cdnbigbuy.com/images/8445402691906_R70.jpg;https://cdnbigbuy.com/images/8445402691906_R30.jpg;https://cdnbigbuy.com/images/8445402691906_R80.jpg;new;0.6;10.0;35.0;51.0
3700628248545;de-AT;Schutzhülle für Fahrräder Optima 175 x 285 cm Grau;Bleiben Sie in Form und entdecken Sie die neuesten Innovationen der Branche, um mit den besten Voraussetzungen Sport zu betreiben! Kaufen Sie <b>Schutzhülle für Fahrräder Optima 175 x 285 cm Grau</b> zum besten Preis und genießen Sie ein gesundes Leben!<br><br><ul><li>Art: <ul><li>Hülle</li><li>Schutzhülle für Fahrräder</li></ul></li><li>Maße ca.: 175 x 285 cm</li><li>Material: Polyester</li><li>Merkmale: Wasserfest</li><li>Farbe: Grau</li><li>Gewicht: 1,35 Kg</li></ul>;Bleiben Sie in Form und entdecken Sie die neuesten Innovationen der Branche, um mit den besten Voraussetzungen Sport zu betreiben! Kaufen Sie <b>Schutzhülle für Fahrräder Optima 175 x 285 cm Grau</b> zum besten Preis und genießen Sie ein gesundes Leben!<br><br><ul><li>Art: <ul><li>Hülle</li><li>Schutzhülle für Fahrräder</li></ul></li><li>Maße ca.: 175 x 285 cm</li><li>Material: Polyester</li><li>Merkmale: Wasserfest</li><li>Farbe: Grau</li><li>Gewicht: 1,35 Kg</li></ul>;Gardening & DIY;Pop Pulse Emporium;https://cdnbigbuy.com/images/3700628248545_S7168714_P00.jpg;https://cdnbigbuy.com/images/3700628248545_R00.jpg;;;new;1.35;32.0;25.0;11.0
3700628248545;de-DE;Schutzhülle für Fahrräder Optima 175 x 285 cm Grau;Bleiben Sie in Form und entdecken Sie die neuesten Innovationen der Branche, um mit den besten Voraussetzungen Sport zu betreiben! Kaufen Sie <b>Schutzhülle für Fahrräder Optima 175 x 285 cm Grau</b> zum besten Preis und genießen Sie ein gesundes Leben!<br><br><ul><li>Art: <ul><li>Hülle</li><li>Schutzhülle für Fahrräder</li></ul></li><li>Maße ca.: 175 x 285 cm</li><li>Material: Polyester</li><li>Merkmale: Wasserfest</li><li>Farbe: Grau</li><li>Gewicht: 1,35 Kg</li></ul>;Bleiben Sie in Form und entdecken Sie die neuesten Innovationen der Branche, um mit den besten Voraussetzungen Sport zu betreiben! Kaufen Sie <b>Schutzhülle für Fahrräder Optima 175 x 285 cm Grau</b> zum besten Preis und genießen Sie ein gesundes Leben!<br><br><ul><li>Art: <ul><li>Hülle</li><li>Schutzhülle für Fahrräder</li></ul></li><li>Maße ca.: 175 x 285 cm</li><li>Material: Polyester</li><li>Merkmale: Wasserfest</li><li>Farbe: Grau</li><li>Gewicht: 1,35 Kg</li></ul>;Gardening & DIY;Pop Pulse Emporium;https://cdnbigbuy.com/images/3700628248545_S7168714_P00.jpg;https://cdnbigbuy.com/images/3700628248545_R00.jpg;;;new;1.35;32.0;25.0;11.0
3700628248545;sk-SK;Ochranný kryt na bicykel Optima 175 x 285 cm Sivá;Udržujte sa vo forme a objavte posledné novinky zo sveta športu s tými najväčšími zárukami! Nakúpte <b>Ochranný kryt na bicykel Optima 175 x 285 cm Sivá</b> za najlepšiu cenu a užívajte si zdravý život!<br><br><ul><li>Typ: <ul><li>Púzdro</li><li>Ochranný kryt na bicykel</li></ul></li><li>Približné rozmery: 175 x 285 cm</li><li>Materiál: Polyester</li><li>Vlastnosti: Nepriepustný</li><li>Farba: Sivá</li><li>Hmotnosť: 1,35 Kg</li></ul>;Udržujte sa vo forme a objavte posledné novinky zo sveta športu s tými najväčšími zárukami! Nakúpte <b>Ochranný kryt na bicykel Optima 175 x 285 cm Sivá</b> za najlepšiu cenu a užívajte si zdravý život!<br><br><ul><li>Typ: <ul><li>Púzdro</li><li>Ochranný kryt na bicykel</li></ul></li><li>Približné rozmery: 175 x 285 cm</li><li>Materiál: Polyester</li><li>Vlastnosti: Nepriepustný</li><li>Farba: Sivá</li><li>Hmotnosť: 1,35 Kg</li></ul>;Gardening & DIY;Pop Pulse Emporium;https://cdnbigbuy.com/images/3700628248545_S7168714_P00.jpg;https://cdnbigbuy.com/images/3700628248545_R00.jpg;;;new;1.35;32.0;25.0;11.0
3700628248545;pl-PL;Etui ochronne na rower Optima 175 x 285 cm Szary;Utrzymaj kondycję i odkryj wszystkie nowości związane z uprawianiem sportu z najkorzystniejszymi warunkami! Kupuj <b>Etui ochronne na rower Optima 175 x 285 cm Szary</b> o najkorzystniejszej cenie i ciesz się zdrowym życiem!<br><br><ul><li>Rodzaj: <ul><li>Torba</li><li>Etui ochronne na rower</li></ul></li><li>Wymiary ok.: 175 x 285 cm</li><li>Materiał: Poliester</li><li>Właściwości: nieprzemakalny</li><li>Kolor: Szary</li><li>Waga: 1,35 Kg</li></ul>;Utrzymaj kondycję i odkryj wszystkie nowości związane z uprawianiem sportu z najkorzystniejszymi warunkami! Kupuj <b>Etui ochronne na rower Optima 175 x 285 cm Szary</b> o najkorzystniejszej cenie i ciesz się zdrowym życiem!<br><br><ul><li>Rodzaj: <ul><li>Torba</li><li>Etui ochronne na rower</li></ul></li><li>Wymiary ok.: 175 x 285 cm</li><li>Materiał: Poliester</li><li>Właściwości: nieprzemakalny</li><li>Kolor: Szary</li><li>Waga: 1,35 Kg</li></ul>;Gardening & DIY;Pop Pulse Emporium;https://cdnbigbuy.com/images/3700628248545_S7168714_P00.jpg;https://cdnbigbuy.com/images/3700628248545_R00.jpg;;;new;1.35;32.0;25.0;11.0
3700628248545;cs-CZ;Ochranný povlak na jízdní kola Optima 175 x 285 cm Šedý;Zůstaňte ve formě a objevujte poslední novinky ze sportovního světa s největšími zárukami! Nakupte <b>Ochranný povlak na jízdní kola Optima 175 x 285 cm Šedý</b> za nejlepší cenu a užívejte si života plného zdraví!<br><br><ul><li>Typ: <ul><li>Pouzdro</li><li>Ochranný povlak na jízdní kola</li></ul></li><li>Přibližné rozměry: 175 x 285 cm</li><li>Materiál: Polyester</li><li>Vlastnosti: Nepropustný</li><li>Barva: Šedý</li><li>Váha: 1,35 Kg</li></ul>;Zůstaňte ve formě a objevujte poslední novinky ze sportovního světa s největšími zárukami! Nakupte <b>Ochranný povlak na jízdní kola Optima 175 x 285 cm Šedý</b> za nejlepší cenu a užívejte si života plného zdraví!<br><br><ul><li>Typ: <ul><li>Pouzdro</li><li>Ochranný povlak na jízdní kola</li></ul></li><li>Přibližné rozměry: 175 x 285 cm</li><li>Materiál: Polyester</li><li>Vlastnosti: Nepropustný</li><li>Barva: Šedý</li><li>Váha: 1,35 Kg</li></ul>;Gardening & DIY;Pop Pulse Emporium;https://cdnbigbuy.com/images/3700628248545_S7168714_P00.jpg;https://cdnbigbuy.com/images/3700628248545_R00.jpg;;;new;1.35;32.0;25.0;11.0
8445402691937;de-AT;Paddelschläger Bullpadel Pearl Weiß;Bleiben Sie in Form und entdecken Sie die neuesten Innovationen der Branche, um mit den besten Voraussetzungen Sport zu betreiben! Kaufen Sie <b>Paddelschläger Bullpadel Pearl Weiß</b> zum besten Preis und genießen Sie ein gesundes Leben!<br><br><ul><li>Art: Paddelschläger</li><li>Farbe: Weiß</li><li>Geschlecht: <ul><li>Unisex</li><li>Unisex-Erwachsene</li></ul></li><li>Empfohlenes Alter: Erwachsene</li><li>Größe: Einheitsgröße</li><li>Ebenen: Fortgeschritten</li><li>Sport: Paddel</li><li>Enthalten: Paddelschläger</li></ul>;Bleiben Sie in Form und entdecken Sie die neuesten Innovationen der Branche, um mit den besten Voraussetzungen Sport zu betreiben! Kaufen Sie <b>Paddelschläger Bullpadel Pearl Weiß</b> zum besten Preis und genießen Sie ein gesundes Leben!<br><br><ul><li>Art: Paddelschläger</li><li>Farbe: Weiß</li><li>Geschlecht: <ul><li>Unisex</li><li>Unisex-Erwachsene</li></ul></li><li>Empfohlenes Alter: Erwachsene</li><li>Größe: Einheitsgröße</li><li>Ebenen: Fortgeschritten</li><li>Sport: Paddel</li><li>Enthal;Gardening & DIY;Pop Pulse Emporium;https://cdnbigbuy.com/images/8445402691937_R00.jpg;https://cdnbigbuy.com/images/8445402691937_R30.jpg;https://cdnbigbuy.com/images/8445402691937_R40.jpg;https://cdnbigbuy.com/images/8445402691937_R10.jpg;new;0.6;10.0;35.0;51.0
8445402691937;de-DE;Paddelschläger Bullpadel Pearl Weiß;Bleiben Sie in Form und entdecken Sie die neuesten Innovationen der Branche, um mit den besten Voraussetzungen Sport zu betreiben! Kaufen Sie <b>Paddelschläger Bullpadel Pearl Weiß</b> zum besten Preis und genießen Sie ein gesundes Leben!<br><br><ul><li>Art: Paddelschläger</li><li>Farbe: Weiß</li><li>Geschlecht: <ul><li>Unisex</li><li>Unisex-Erwachsene</li></ul></li><li>Empfohlenes Alter: Erwachsene</li><li>Größe: Einheitsgröße</li><li>Ebenen: Fortgeschritten</li><li>Sport: Paddel</li><li>Enthalten: Paddelschläger</li></ul>;Bleiben Sie in Form und entdecken Sie die neuesten Innovationen der Branche, um mit den besten Voraussetzungen Sport zu betreiben! Kaufen Sie <b>Paddelschläger Bullpadel Pearl Weiß</b> zum besten Preis und genießen Sie ein gesundes Leben!<br><br><ul><li>Art: Paddelschläger</li><li>Farbe: Weiß</li><li>Geschlecht: <ul><li>Unisex</li><li>Unisex-Erwachsene</li></ul></li><li>Empfohlenes Alter: Erwachsene</li><li>Größe: Einheitsgröße</li><li>Ebenen: Fortgeschritten</li><li>Sport: Paddel</li><li>Enthal;Gardening & DIY;Pop Pulse Emporium;https://cdnbigbuy.com/images/8445402691937_R00.jpg;https://cdnbigbuy.com/images/8445402691937_R30.jpg;https://cdnbigbuy.com/images/8445402691937_R40.jpg;https://cdnbigbuy.com/images/8445402691937_R10.jpg;new;0.6;10.0;35.0;51.0
8445402691937;sk-SK;Raketa na padel Bullpadel Pearl Biela;Udržujte sa vo forme a objavte posledné novinky zo sveta športu s tými najväčšími zárukami! Nakúpte <b>Raketa na padel Bullpadel Pearl Biela</b> za najlepšiu cenu a užívajte si zdravý život!<br><br><ul><li>Typ: Raketa na padel</li><li>Farba: Biela</li><li>Pohlavie: <ul><li>Unisex</li><li>Unisex dospelí</li></ul></li><li>Odporúčaný vek: Deti</li><li>Veľkosť: Jednotná veľkosť</li><li>úrovne: Pokročilý</li><li>Šport: Loptičky na padel</li><li>Obsahuje: Raketa na padel</li></ul>;Udržujte sa vo forme a objavte posledné novinky zo sveta športu s tými najväčšími zárukami! Nakúpte <b>Raketa na padel Bullpadel Pearl Biela</b> za najlepšiu cenu a užívajte si zdravý život!<br><br><ul><li>Typ: Raketa na padel</li><li>Farba: Biela</li><li>Pohlavie: <ul><li>Unisex</li><li>Unisex dospelí</li></ul></li><li>Odporúčaný vek: Deti</li><li>Veľkosť: Jednotná veľkosť</li><li>úrovne: Pokročilý</li><li>Šport: Loptičky na padel</li><li>Obsahuje: Raketa na padel</li></ul>;Gardening & DIY;Pop Pulse Emporium;https://cdnbigbuy.com/images/8445402691937_R00.jpg;https://cdnbigbuy.com/images/8445402691937_R30.jpg;https://cdnbigbuy.com/images/8445402691937_R40.jpg;https://cdnbigbuy.com/images/8445402691937_R10.jpg;new;0.6;10.0;35.0;51.0
8445402691937;pl-PL;Rakieta do Padla Bullpadel Pearl Biały;Utrzymaj kondycję i odkryj wszystkie nowości związane z uprawianiem sportu z najkorzystniejszymi warunkami! Kupuj <b>Rakieta do Padla Bullpadel Pearl Biały</b> o najkorzystniejszej cenie i ciesz się zdrowym życiem!<br><br><ul><li>Rodzaj: Rakieta do Padla</li><li>Kolor: Biały</li><li>Płeć: <ul><li>Unisex</li><li>Unisex dorośli</li></ul></li><li>Zalecany Wiek: Dorosłych</li><li>Rozmiar: Jeden rozmiar</li><li>Poziomy: Zaawansowany</li><li>Sport: Piłki do Padla</li><li>Zawiera: Rakieta do Padla</li></ul>;Utrzymaj kondycję i odkryj wszystkie nowości związane z uprawianiem sportu z najkorzystniejszymi warunkami! Kupuj <b>Rakieta do Padla Bullpadel Pearl Biały</b> o najkorzystniejszej cenie i ciesz się zdrowym życiem!<br><br><ul><li>Rodzaj: Rakieta do Padla</li><li>Kolor: Biały</li><li>Płeć: <ul><li>Unisex</li><li>Unisex dorośli</li></ul></li><li>Zalecany Wiek: Dorosłych</li><li>Rozmiar: Jeden rozmiar</li><li>Poziomy: Zaawansowany</li><li>Sport: Piłki do Padla</li><li>Zawiera: Rakieta do Padla</li>;Gardening & DIY;Pop Pulse Emporium;https://cdnbigbuy.com/images/8445402691937_R00.jpg;https://cdnbigbuy.com/images/8445402691937_R30.jpg;https://cdnbigbuy.com/images/8445402691937_R40.jpg;https://cdnbigbuy.com/images/8445402691937_R10.jpg;new;0.6;10.0;35.0;51.0
8445402691937;cs-CZ;Raketa Padel Bullpadel Pearl Bílý;Zůstaňte ve formě a objevujte poslední novinky ze sportovního světa s největšími zárukami! Nakupte <b>Raketa Padel Bullpadel Pearl Bílý</b> za nejlepší cenu a užívejte si života plného zdraví!<br><br><ul><li>Typ: Raketa Padel</li><li>Barva: Bílý</li><li>Pohlaví: <ul><li>Unisex</li><li>Unisex dospělí</li></ul></li><li>Doporučený věk: Dospělé</li><li>Velikost: Jednotná velikost</li><li>úrovně: Pokročilý</li><li>Sport: Padel</li><li>Obsahuje: Raketa Padel</li></ul>;Zůstaňte ve formě a objevujte poslední novinky ze sportovního světa s největšími zárukami! Nakupte <b>Raketa Padel Bullpadel Pearl Bílý</b> za nejlepší cenu a užívejte si života plného zdraví!<br><br><ul><li>Typ: Raketa Padel</li><li>Barva: Bílý</li><li>Pohlaví: <ul><li>Unisex</li><li>Unisex dospělí</li></ul></li><li>Doporučený věk: Dospělé</li><li>Velikost: Jednotná velikost</li><li>úrovně: Pokročilý</li><li>Sport: Padel</li><li>Obsahuje: Raketa Padel</li></ul>;Gardening & DIY;Pop Pulse Emporium;https://cdnbigbuy.com/images/8445402691937_R00.jpg;https://cdnbigbuy.com/images/8445402691937_R30.jpg;https://cdnbigbuy.com/images/8445402691937_R40.jpg;https://cdnbigbuy.com/images/8445402691937_R10.jpg;new;0.6;10.0;35.0;51.0
8445402692040;de-AT;Paddelschläger Bullpadel Flow Light 25;Wenn Sie auf der Suche nach trendigen Neuheiten auf dem Markt sind, präsentieren wir Ihnen <b>Paddelschläger Bullpadel Flow Light 25</b>!<br><br><ul><li>Art: Paddelschläger</li><li>Form: kreisförmig</li><li>Dicke: 38 mm</li><li>Balance: niedrig</li><li>Geschlecht: Unisex-Erwachsene</li></ul>;Wenn Sie auf der Suche nach trendigen Neuheiten auf dem Markt sind, präsentieren wir Ihnen <b>Paddelschläger Bullpadel Flow Light 25</b>!<br><br><ul><li>Art: Paddelschläger</li><li>Form: kreisförmig</li><li>Dicke: 38 mm</li><li>Balance: niedrig</li><li>Geschlecht: Unisex-Erwachsene</li></ul>;Gardening & DIY;Pop Pulse Emporium;https://cdnbigbuy.com/images/8445402692040_S9919394_P00.jpg;https://cdnbigbuy.com/images/8445402692040_R20.jpg;https://cdnbigbuy.com/images/8445402692040_R30.jpg;https://cdnbigbuy.com/images/8445402692040_R00.jpg;new;0.6;10.0;35.0;51.0
8445402692040;de-DE;Paddelschläger Bullpadel Flow Light 25;Wenn Sie auf der Suche nach trendigen Neuheiten auf dem Markt sind, präsentieren wir Ihnen <b>Paddelschläger Bullpadel Flow Light 25</b>!<br><br><ul><li>Art: Paddelschläger</li><li>Form: kreisförmig</li><li>Dicke: 38 mm</li><li>Balance: niedrig</li><li>Geschlecht: Unisex-Erwachsene</li></ul>;Wenn Sie auf der Suche nach trendigen Neuheiten auf dem Markt sind, präsentieren wir Ihnen <b>Paddelschläger Bullpadel Flow Light 25</b>!<br><br><ul><li>Art: Paddelschläger</li><li>Form: kreisförmig</li><li>Dicke: 38 mm</li><li>Balance: niedrig</li><li>Geschlecht: Unisex-Erwachsene</li></ul>;Gardening & DIY;Pop Pulse Emporium;https://cdnbigbuy.com/images/8445402692040_S9919394_P00.jpg;https://cdnbigbuy.com/images/8445402692040_R20.jpg;https://cdnbigbuy.com/images/8445402692040_R30.jpg;https://cdnbigbuy.com/images/8445402692040_R00.jpg;new;0.6;10.0;35.0;51.0
8445402692040;sk-SK;Raketa na padel Bullpadel Flow Light 25;Ak hľadáte nové trendy na trhu, predstavujeme <b>Raketa na padel Bullpadel Flow Light 25</b>!<br><br><ul><li>Typ: Raketa na padel</li><li>Tvar: Okrúhla</li><li>Hrúbka: 38 mm</li><li>Rovnováha: Nízky</li><li>Pohlavie: Unisex dospelí</li></ul>;Ak hľadáte nové trendy na trhu, predstavujeme <b>Raketa na padel Bullpadel Flow Light 25</b>!<br><br><ul><li>Typ: Raketa na padel</li><li>Tvar: Okrúhla</li><li>Hrúbka: 38 mm</li><li>Rovnováha: Nízky</li><li>Pohlavie: Unisex dospelí</li></ul>;Gardening & DIY;Pop Pulse Emporium;https://cdnbigbuy.com/images/8445402692040_S9919394_P00.jpg;https://cdnbigbuy.com/images/8445402692040_R20.jpg;https://cdnbigbuy.com/images/8445402692040_R30.jpg;https://cdnbigbuy.com/images/8445402692040_R00.jpg;new;0.6;10.0;35.0;51.0
8445402692040;pl-PL;Rakieta do Padla Bullpadel Flow Light 25;Jeśli szukasz trendów na rynku, prezentujemy <b>Rakieta do Padla Bullpadel Flow Light 25</b>!<br><br><ul><li>Rodzaj: Rakieta do Padla</li><li>Kształt: Okrągła</li><li>Grubość: 38 mm</li><li>Balans: Niski</li><li>Płeć: Unisex dorośli</li></ul>;Jeśli szukasz trendów na rynku, prezentujemy <b>Rakieta do Padla Bullpadel Flow Light 25</b>!<br><br><ul><li>Rodzaj: Rakieta do Padla</li><li>Kształt: Okrągła</li><li>Grubość: 38 mm</li><li>Balans: Niski</li><li>Płeć: Unisex dorośli</li></ul>;Gardening & DIY;Pop Pulse Emporium;https://cdnbigbuy.com/images/8445402692040_S9919394_P00.jpg;https://cdnbigbuy.com/images/8445402692040_R20.jpg;https://cdnbigbuy.com/images/8445402692040_R30.jpg;https://cdnbigbuy.com/images/8445402692040_R00.jpg;new;0.6;10.0;35.0;51.0
8445402692040;cs-CZ;Raketa Padel Bullpadel Flow Light 25;Pokud hledáte nejnovější trendy na trhu, máme tu čest vám představit <b>Raketa Padel Bullpadel Flow Light 25</b>!<br><br><ul><li>Typ: Raketa Padel</li><li>Tvar: Kulatá</li><li>Tloušťka: 38 mm</li><li>Rovnováha: Nízký</li><li>Pohlaví: Unisex dospělí</li></ul>;Pokud hledáte nejnovější trendy na trhu, máme tu čest vám představit <b>Raketa Padel Bullpadel Flow Light 25</b>!<br><br><ul><li>Typ: Raketa Padel</li><li>Tvar: Kulatá</li><li>Tloušťka: 38 mm</li><li>Rovnováha: Nízký</li><li>Pohlaví: Unisex dospělí</li></ul>;Gardening & DIY;Pop Pulse Emporium;https://cdnbigbuy.com/images/8445402692040_S9919394_P00.jpg;https://cdnbigbuy.com/images/8445402692040_R20.jpg;https://cdnbigbuy.com/images/8445402692040_R30.jpg;https://cdnbigbuy.com/images/8445402692040_R00.jpg;new;0.6;10.0;35.0;51.0
8412688608140;de-AT;Sporttasche Real Madrid C.F. 50 x 25 x 25 cm;Wenn Sie auf der Suche nach trendigen Neuheiten auf dem Markt sind, präsentieren wir Ihnen <b>Sporttasche Real Madrid C.F. 50 x 25 x 25 cm</b>!<br><br><ul><li>Art: Sporttasche</li><li>Merkmale: <ul><li>Verstellbarer Gurt</li><li>Entfernbare Auskleidung</li><li>Verstärkt</li><li>Mit oberem Griff</li></ul></li><li>Design: Sportlich</li><li>Material: Polyester</li><li>Verschluss Armband: Reißverschluss</li><li>Enthalten: <ul><li>2 Griffe und Vordertasche mit Reißverschluss</li><li>Seitentasche</li></ul></li><li>Maße ca.: 50 x 25 x 25 cm</li></ul>;Wenn Sie auf der Suche nach trendigen Neuheiten auf dem Markt sind, präsentieren wir Ihnen <b>Sporttasche Real Madrid C.F. 50 x 25 x 25 cm</b>!<br><br><ul><li>Art: Sporttasche</li><li>Merkmale: <ul><li>Verstellbarer Gurt</li><li>Entfernbare Auskleidung</li><li>Verstärkt</li><li>Mit oberem Griff</li></ul></li><li>Design: Sportlich</li><li>Material: Polyester</li><li>Verschluss Armband: Reißverschluss</li><li>Enthalten: <ul><li>2 Griffe und Vordertasche mit Reißverschluss</li><li>Seitentasche</li>;Gardening & DIY;Pop Pulse Emporium;https://cdnbigbuy.com/images/8412688608140_S4313233_P00.jpg;https://cdnbigbuy.com/images/8412688608140_S4313233_P10.jpg;https://cdnbigbuy.com/images/8412688608140_S4313233_P20.jpg;;new;0.81;25.0;50.0;25.0
8412688608140;de-DE;Sporttasche Real Madrid C.F. 50 x 25 x 25 cm;Wenn Sie auf der Suche nach trendigen Neuheiten auf dem Markt sind, präsentieren wir Ihnen <b>Sporttasche Real Madrid C.F. 50 x 25 x 25 cm</b>!<br><br><ul><li>Art: Sporttasche</li><li>Merkmale: <ul><li>Verstellbarer Gurt</li><li>Entfernbare Auskleidung</li><li>Verstärkt</li><li>Mit oberem Griff</li></ul></li><li>Design: Sportlich</li><li>Material: Polyester</li><li>Verschluss Armband: Reißverschluss</li><li>Enthalten: <ul><li>2 Griffe und Vordertasche mit Reißverschluss</li><li>Seitentasche</li></ul></li><li>Maße ca.: 50 x 25 x 25 cm</li></ul>;Wenn Sie auf der Suche nach trendigen Neuheiten auf dem Markt sind, präsentieren wir Ihnen <b>Sporttasche Real Madrid C.F. 50 x 25 x 25 cm</b>!<br><br><ul><li>Art: Sporttasche</li><li>Merkmale: <ul><li>Verstellbarer Gurt</li><li>Entfernbare Auskleidung</li><li>Verstärkt</li><li>Mit oberem Griff</li></ul></li><li>Design: Sportlich</li><li>Material: Polyester</li><li>Verschluss Armband: Reißverschluss</li><li>Enthalten: <ul><li>2 Griffe und Vordertasche mit Reißverschluss</li><li>Seitentasche</li>;Gardening & DIY;Pop Pulse Emporium;https://cdnbigbuy.com/images/8412688608140_S4313233_P00.jpg;https://cdnbigbuy.com/images/8412688608140_S4313233_P10.jpg;https://cdnbigbuy.com/images/8412688608140_S4313233_P20.jpg;;new;0.81;25.0;50.0;25.0
8412688608140;sk-SK;Športová taška Real Madrid C.F. 50 x 25 x 25 cm;Ak hľadáte nové trendy na trhu, predstavujeme <b>Športová taška Real Madrid C.F. 50 x 25 x 25 cm</b>!<br><br><ul><li>Typ: Športová taška</li><li>Vlastnosti: <ul><li>Nastaviteľná páska</li><li>Vyťahovateľná podšívka</li><li>Spevnený</li><li>Horné ucho</li></ul></li><li>Design: Športový</li><li>Zloženie: Polyester</li><li>Typ zapínania: Zips</li><li>Obsahuje: <ul><li>Predné vrecko so zipsom</li><li>Bočné vrecko.</li></ul></li><li>Približné rozmery: 50 x 25 x 25 cm</li></ul>;Ak hľadáte nové trendy na trhu, predstavujeme <b>Športová taška Real Madrid C.F. 50 x 25 x 25 cm</b>!<br><br><ul><li>Typ: Športová taška</li><li>Vlastnosti: <ul><li>Nastaviteľná páska</li><li>Vyťahovateľná podšívka</li><li>Spevnený</li><li>Horné ucho</li></ul></li><li>Design: Športový</li><li>Zloženie: Polyester</li><li>Typ zapínania: Zips</li><li>Obsahuje: <ul><li>Predné vrecko so zipsom</li><li>Bočné vrecko.</li></ul></li><li>Približné rozmery: 50 x 25 x 25 cm</li></ul>;Gardening & DIY;Pop Pulse Emporium;https://cdnbigbuy.com/images/8412688608140_S4313233_P00.jpg;https://cdnbigbuy.com/images/8412688608140_S4313233_P10.jpg;https://cdnbigbuy.com/images/8412688608140_S4313233_P20.jpg;;new;0.81;25.0;50.0;25.0
8412688608140;pl-PL;torba sportowa Real Madrid C.F. 50 x 25 x 25 cm;Jeśli szukasz trendów na rynku, prezentujemy <b>torba sportowa Real Madrid C.F. 50 x 25 x 25 cm</b>!<br><br><ul><li>Rodzaj: torba sportowa</li><li>Właściwości: <ul><li>Regulowana taśma</li><li>Odpinana podszewka</li><li>Wzmocniona</li><li>Uchwyt u góry</li></ul></li><li>Design: Sportowe</li><li>Materiał: Poliester</li><li>Rodzaj zapięcia: Zamek błyskawiczny</li><li>Zawiera: <ul><li>Przednia kieszeń zamykana na suwak</li><li>Boczna kieszeń</li></ul></li><li>Wymiary ok.: 50 x 25 x 25 cm</li></ul>;Jeśli szukasz trendów na rynku, prezentujemy <b>torba sportowa Real Madrid C.F. 50 x 25 x 25 cm</b>!<br><br><ul><li>Rodzaj: torba sportowa</li><li>Właściwości: <ul><li>Regulowana taśma</li><li>Odpinana podszewka</li><li>Wzmocniona</li><li>Uchwyt u góry</li></ul></li><li>Design: Sportowe</li><li>Materiał: Poliester</li><li>Rodzaj zapięcia: Zamek błyskawiczny</li><li>Zawiera: <ul><li>Przednia kieszeń zamykana na suwak</li><li>Boczna kieszeń</li></ul></li><li>Wymiary ok.: 50 x 25 x 25 cm</li></ul>;Gardening & DIY;Pop Pulse Emporium;https://cdnbigbuy.com/images/8412688608140_S4313233_P00.jpg;https://cdnbigbuy.com/images/8412688608140_S4313233_P10.jpg;https://cdnbigbuy.com/images/8412688608140_S4313233_P20.jpg;;new;0.81;25.0;50.0;25.0
8412688608140;cs-CZ;Sportovní taška Real Madrid C.F. 50 x 25 x 25 cm;Pokud hledáte nejnovější trendy na trhu, máme tu čest vám představit <b>Sportovní taška Real Madrid C.F. 50 x 25 x 25 cm</b>!<br><br><ul><li>Typ: Sportovní taška</li><li>Vlastnosti: <ul><li>Nastavitelná páska</li><li>Odstranitelná podšívka</li><li>Posílená</li><li>Horní ucho</li></ul></li><li>Design: Sportovní</li><li>Složení: Polyester</li><li>Typ zapínání: zip</li><li>Obsahuje: <ul><li>Přední kapsa se zipem</li><li>Boční kapsa</li></ul></li><li>Přibližné rozměry: 50 x 25 x 25 cm</li></ul>;Pokud hledáte nejnovější trendy na trhu, máme tu čest vám představit <b>Sportovní taška Real Madrid C.F. 50 x 25 x 25 cm</b>!<br><br><ul><li>Typ: Sportovní taška</li><li>Vlastnosti: <ul><li>Nastavitelná páska</li><li>Odstranitelná podšívka</li><li>Posílená</li><li>Horní ucho</li></ul></li><li>Design: Sportovní</li><li>Složení: Polyester</li><li>Typ zapínání: zip</li><li>Obsahuje: <ul><li>Přední kapsa se zipem</li><li>Boční kapsa</li></ul></li><li>Přibližné rozměry: 50 x 25 x 25 cm</li></ul>;Gardening & DIY;Pop Pulse Emporium;https://cdnbigbuy.com/images/8412688608140_S4313233_P00.jpg;https://cdnbigbuy.com/images/8412688608140_S4313233_P10.jpg;https://cdnbigbuy.com/images/8412688608140_S4313233_P20.jpg;;new;0.81;25.0;50.0;25.0
4899888817499;de-AT;Strandfußball-Ball Aktive (12 Stück);Wenn Sie auf der Suche nach trendigen Neuheiten auf dem Markt sind, präsentieren wir Ihnen <b>Strandfußball-Ball Aktive (12 Stück)</b>!<br><br><ul><li>Material: <ul><li>Polyurethan</li><li>Kautschuk</li></ul></li><li>Stückzahl: 12 Stück</li><li>Maße ca.: 21 x 21 x 21 cm</li><li>Format: 5</li><li>Größe: 5</li><li>Sport: Fussball</li><li>Geschlecht: Unisex-Erwachsene</li><li>Ball-Größe: Größe 5</li></ul>;Wenn Sie auf der Suche nach trendigen Neuheiten auf dem Markt sind, präsentieren wir Ihnen <b>Strandfußball-Ball Aktive (12 Stück)</b>!<br><br><ul><li>Material: <ul><li>Polyurethan</li><li>Kautschuk</li></ul></li><li>Stückzahl: 12 Stück</li><li>Maße ca.: 21 x 21 x 21 cm</li><li>Format: 5</li><li>Größe: 5</li><li>Sport: Fussball</li><li>Geschlecht: Unisex-Erwachsene</li><li>Ball-Größe: Größe 5</li></ul>;Gardening & DIY;Pop Pulse Emporium;https://cdnbigbuy.com/images/s8907036_p0_icon0.jpg;https://cdnbigbuy.com/images/S8907036_P30.jpg;https://cdnbigbuy.com/images/S8907036_P40.jpg;https://cdnbigbuy.com/images/S8907036_P00.jpg;new;5.1;41.0;53.5;21.0
4899888817499;de-DE;Strandfußball-Ball Aktive (12 Stück);Wenn Sie auf der Suche nach trendigen Neuheiten auf dem Markt sind, präsentieren wir Ihnen <b>Strandfußball-Ball Aktive (12 Stück)</b>!<br><br><ul><li>Material: <ul><li>Polyurethan</li><li>Kautschuk</li></ul></li><li>Stückzahl: 12 Stück</li><li>Maße ca.: 21 x 21 x 21 cm</li><li>Format: 5</li><li>Größe: 5</li><li>Sport: Fussball</li><li>Geschlecht: Unisex-Erwachsene</li><li>Ball-Größe: Größe 5</li></ul>;Wenn Sie auf der Suche nach trendigen Neuheiten auf dem Markt sind, präsentieren wir Ihnen <b>Strandfußball-Ball Aktive (12 Stück)</b>!<br><br><ul><li>Material: <ul><li>Polyurethan</li><li>Kautschuk</li></ul></li><li>Stückzahl: 12 Stück</li><li>Maße ca.: 21 x 21 x 21 cm</li><li>Format: 5</li><li>Größe: 5</li><li>Sport: Fussball</li><li>Geschlecht: Unisex-Erwachsene</li><li>Ball-Größe: Größe 5</li></ul>;Gardening & DIY;Pop Pulse Emporium;https://cdnbigbuy.com/images/s8907036_p0_icon0.jpg;https://cdnbigbuy.com/images/S8907036_P30.jpg;https://cdnbigbuy.com/images/S8907036_P40.jpg;https://cdnbigbuy.com/images/S8907036_P00.jpg;new;5.1;41.0;53.5;21.0
4899888817499;sk-SK;Lopta na plážový futbal Aktive (12 kusov);Ak hľadáte nové trendy na trhu, predstavujeme <b>Lopta na plážový futbal Aktive (12 kusov)</b>!<br><br><ul><li>Materiál: <ul><li>Polyurethane</li><li>Prírodná guma</li></ul></li><li>Kusov: 12 kusov</li><li>Približné rozmery: 21 x 21 x 21 cm</li><li>Veľkosť: 5</li><li>Šport: Football</li><li>Pohlavie: Unisex dospelí</li><li>Veľkosť lopty: Veľkosť 5</li></ul>;Ak hľadáte nové trendy na trhu, predstavujeme <b>Lopta na plážový futbal Aktive (12 kusov)</b>!<br><br><ul><li>Materiál: <ul><li>Polyurethane</li><li>Prírodná guma</li></ul></li><li>Kusov: 12 kusov</li><li>Približné rozmery: 21 x 21 x 21 cm</li><li>Veľkosť: 5</li><li>Šport: Football</li><li>Pohlavie: Unisex dospelí</li><li>Veľkosť lopty: Veľkosť 5</li></ul>;Gardening & DIY;Pop Pulse Emporium;https://cdnbigbuy.com/images/s8907036_p0_icon0.jpg;https://cdnbigbuy.com/images/S8907036_P30.jpg;https://cdnbigbuy.com/images/S8907036_P40.jpg;https://cdnbigbuy.com/images/S8907036_P00.jpg;new;5.1;41.0;53.5;21.0
4899888817499;pl-PL;Plażowa piłka do gry w nogę Aktive (12 Sztuk);Jeśli szukasz trendów na rynku, prezentujemy <b>Plażowa piłka do gry w nogę Aktive (12 Sztuk)</b>!<br><br><ul><li>Materiał: <ul><li>Poliuretan</li><li>Guma naturalna</li></ul></li><li>Sztuk: 12 Sztuk</li><li>Wymiary ok.: 21 x 21 x 21 cm</li><li>Rozmiar: 5</li><li>Sport: Football</li><li>Płeć: Unisex dorośli</li><li>Wielkość kuli: Rozmiar 5</li></ul>;Jeśli szukasz trendów na rynku, prezentujemy <b>Plażowa piłka do gry w nogę Aktive (12 Sztuk)</b>!<br><br><ul><li>Materiał: <ul><li>Poliuretan</li><li>Guma naturalna</li></ul></li><li>Sztuk: 12 Sztuk</li><li>Wymiary ok.: 21 x 21 x 21 cm</li><li>Rozmiar: 5</li><li>Sport: Football</li><li>Płeć: Unisex dorośli</li><li>Wielkość kuli: Rozmiar 5</li></ul>;Gardening & DIY;Pop Pulse Emporium;https://cdnbigbuy.com/images/s8907036_p0_icon0.jpg;https://cdnbigbuy.com/images/S8907036_P30.jpg;https://cdnbigbuy.com/images/S8907036_P40.jpg;https://cdnbigbuy.com/images/S8907036_P00.jpg;new;5.1;41.0;53.5;21.0
4899888817499;cs-CZ;Plážový fotbal Aktive (12 kusů);Pokud hledáte nejnovější trendy na trhu, máme tu čest vám představit <b>Plážový fotbal Aktive (12 kusů)</b>!<br><br><ul><li>Materiál: <ul><li>Polyuretan</li><li>Přírodní guma</li></ul></li><li>Kusů: 12 kusů</li><li>Přibližné rozměry: 21 x 21 x 21 cm</li><li>velikost: 5</li><li>Velikost: 5</li><li>Sport: Football</li><li>Pohlaví: Unisex dospělí</li><li>Velikost míče: Velikost 5</li></ul>;Pokud hledáte nejnovější trendy na trhu, máme tu čest vám představit <b>Plážový fotbal Aktive (12 kusů)</b>!<br><br><ul><li>Materiál: <ul><li>Polyuretan</li><li>Přírodní guma</li></ul></li><li>Kusů: 12 kusů</li><li>Přibližné rozměry: 21 x 21 x 21 cm</li><li>velikost: 5</li><li>Velikost: 5</li><li>Sport: Football</li><li>Pohlaví: Unisex dospělí</li><li>Velikost míče: Velikost 5</li></ul>;Gardening & DIY;Pop Pulse Emporium;https://cdnbigbuy.com/images/s8907036_p0_icon0.jpg;https://cdnbigbuy.com/images/S8907036_P30.jpg;https://cdnbigbuy.com/images/S8907036_P40.jpg;https://cdnbigbuy.com/images/S8907036_P00.jpg;new;5.1;41.0;53.5;21.0
8033280490164;de-AT;Sportjackefür Herren Sparco;Bleiben Sie in Form und entdecken Sie die neuesten Innovationen der Branche, um mit den besten Voraussetzungen Sport zu betreiben! Kaufen Sie <b>Sportjackefür Herren Sparco</b> zum besten Preis und genießen Sie ein gesundes Leben!<br><br><ul><li>Art: Sportjacke</li><li>Merkmale: In der Maschine waschbar</li></ul>;Bleiben Sie in Form und entdecken Sie die neuesten Innovationen der Branche, um mit den besten Voraussetzungen Sport zu betreiben! Kaufen Sie <b>Sportjackefür Herren Sparco</b> zum besten Preis und genießen Sie ein gesundes Leben!<br><br><ul><li>Art: Sportjacke</li><li>Merkmale: In der Maschine waschbar</li></ul>;Gardening & DIY;Pop Pulse Emporium;https://cdnbigbuy.com/images/8033280490164_R00.jpg;;;;new;0.96;7.1;30.6;29.0
8033280490164;de-DE;Sportjackefür Herren Sparco;Bleiben Sie in Form und entdecken Sie die neuesten Innovationen der Branche, um mit den besten Voraussetzungen Sport zu betreiben! Kaufen Sie <b>Sportjackefür Herren Sparco</b> zum besten Preis und genießen Sie ein gesundes Leben!<br><br><ul><li>Art: Sportjacke</li><li>Merkmale: In der Maschine waschbar</li></ul>;Bleiben Sie in Form und entdecken Sie die neuesten Innovationen der Branche, um mit den besten Voraussetzungen Sport zu betreiben! Kaufen Sie <b>Sportjackefür Herren Sparco</b> zum besten Preis und genießen Sie ein gesundes Leben!<br><br><ul><li>Art: Sportjacke</li><li>Merkmale: In der Maschine waschbar</li></ul>;Gardening & DIY;Pop Pulse Emporium;https://cdnbigbuy.com/images/8033280490164_R00.jpg;;;;new;0.96;7.1;30.6;29.0
8033280490164;sk-SK;Pánska športová bunda Sparco;Udržujte sa vo forme a objavte posledné novinky zo sveta športu s tými najväčšími zárukami! Nakúpte <b>Pánska športová bunda Sparco</b> za najlepšiu cenu a užívajte si zdravý život!<br><br><ul><li>Typ: Športová bunda</li><li>Vlastnosti: Možno prať v práčke</li></ul>;Udržujte sa vo forme a objavte posledné novinky zo sveta športu s tými najväčšími zárukami! Nakúpte <b>Pánska športová bunda Sparco</b> za najlepšiu cenu a užívajte si zdravý život!<br><br><ul><li>Typ: Športová bunda</li><li>Vlastnosti: Možno prať v práčke</li></ul>;Gardening & DIY;Pop Pulse Emporium;https://cdnbigbuy.com/images/8033280490164_R00.jpg;;;;new;0.96;7.1;30.6;29.0
8033280490164;pl-PL;Męska kurtka sportowa Sparco;Utrzymaj kondycję i odkryj wszystkie nowości związane z uprawianiem sportu z najkorzystniejszymi warunkami! Kupuj <b>Męska kurtka sportowa Sparco</b> o najkorzystniejszej cenie i ciesz się zdrowym życiem!<br><br><ul><li>Rodzaj: Kurtka sportowa</li><li>Właściwości: Można prać w pralce</li></ul>;Utrzymaj kondycję i odkryj wszystkie nowości związane z uprawianiem sportu z najkorzystniejszymi warunkami! Kupuj <b>Męska kurtka sportowa Sparco</b> o najkorzystniejszej cenie i ciesz się zdrowym życiem!<br><br><ul><li>Rodzaj: Kurtka sportowa</li><li>Właściwości: Można prać w pralce</li></ul>;Gardening & DIY;Pop Pulse Emporium;https://cdnbigbuy.com/images/8033280490164_R00.jpg;;;;new;0.96;7.1;30.6;29.0
8033280490164;cs-CZ;Pánská sportovní bunda Sparco;Zůstaňte ve formě a objevujte poslední novinky ze sportovního světa s největšími zárukami! Nakupte <b>Pánská sportovní bunda Sparco</b> za nejlepší cenu a užívejte si života plného zdraví!<br><br><ul><li>Typ: Sportovní bunda</li><li>Vlastnosti: Pratelný v pračce</li></ul>;Zůstaňte ve formě a objevujte poslední novinky ze sportovního světa s největšími zárukami! Nakupte <b>Pánská sportovní bunda Sparco</b> za nejlepší cenu a užívejte si života plného zdraví!<br><br><ul><li>Typ: Sportovní bunda</li><li>Vlastnosti: Pratelný v pračce</li></ul>;Gardening & DIY;Pop Pulse Emporium;https://cdnbigbuy.com/images/8033280490164_R00.jpg;;;;new;0.96;7.1;30.6;29.0
8413887243026;de-AT;Spule Herculy lift 150;Bleiben Sie in Form und entdecken Sie die neuesten Innovationen der Branche, um mit den besten Voraussetzungen Sport zu betreiben! Kaufen Sie <b>Spule Herculy lift 150</b> zum besten Preis und genießen Sie ein gesundes Leben!<br><br><ul><li>Art: Spule</li><li>Farbe: Rot</li><li>Material: Graphit</li><li>Merkmale: Mit Bremsen</li></ul>;Bleiben Sie in Form und entdecken Sie die neuesten Innovationen der Branche, um mit den besten Voraussetzungen Sport zu betreiben! Kaufen Sie <b>Spule Herculy lift 150</b> zum besten Preis und genießen Sie ein gesundes Leben!<br><br><ul><li>Art: Spule</li><li>Farbe: Rot</li><li>Material: Graphit</li><li>Merkmale: Mit Bremsen</li></ul>;Gardening & DIY;Pop Pulse Emporium;https://cdnbigbuy.com/images/8413887243026_S7928678_P00.jpg;;;;new;0.4;17.3;14.7;11.9
8413887243026;de-DE;Spule Herculy lift 150;Bleiben Sie in Form und entdecken Sie die neuesten Innovationen der Branche, um mit den besten Voraussetzungen Sport zu betreiben! Kaufen Sie <b>Spule Herculy lift 150</b> zum besten Preis und genießen Sie ein gesundes Leben!<br><br><ul><li>Art: Spule</li><li>Farbe: Rot</li><li>Material: Graphit</li><li>Merkmale: Mit Bremsen</li></ul>;Bleiben Sie in Form und entdecken Sie die neuesten Innovationen der Branche, um mit den besten Voraussetzungen Sport zu betreiben! Kaufen Sie <b>Spule Herculy lift 150</b> zum besten Preis und genießen Sie ein gesundes Leben!<br><br><ul><li>Art: Spule</li><li>Farbe: Rot</li><li>Material: Graphit</li><li>Merkmale: Mit Bremsen</li></ul>;Gardening & DIY;Pop Pulse Emporium;https://cdnbigbuy.com/images/8413887243026_S7928678_P00.jpg;;;;new;0.4;17.3;14.7;11.9
8413887243026;sk-SK;Navijak Herculy lift 150;Udržujte sa vo forme a objavte posledné novinky zo sveta športu s tými najväčšími zárukami! Nakúpte <b>Navijak Herculy lift 150</b> za najlepšiu cenu a užívajte si zdravý život!<br><br><ul><li>Typ: Navijak</li><li>Farba: Červená</li><li>Materiál: Grafitová</li><li>Vlastnosti: S brzdami</li></ul>;Udržujte sa vo forme a objavte posledné novinky zo sveta športu s tými najväčšími zárukami! Nakúpte <b>Navijak Herculy lift 150</b> za najlepšiu cenu a užívajte si zdravý život!<br><br><ul><li>Typ: Navijak</li><li>Farba: Červená</li><li>Materiál: Grafitová</li><li>Vlastnosti: S brzdami</li></ul>;Gardening & DIY;Pop Pulse Emporium;https://cdnbigbuy.com/images/8413887243026_S7928678_P00.jpg;;;;new;0.4;17.3;14.7;11.9
8413887243026;pl-PL;Kołowrotek Herculy lift 150;Utrzymaj kondycję i odkryj wszystkie nowości związane z uprawianiem sportu z najkorzystniejszymi warunkami! Kupuj <b>Kołowrotek Herculy lift 150</b> o najkorzystniejszej cenie i ciesz się zdrowym życiem!<br><br><ul><li>Rodzaj: Kołowrotek</li><li>Kolor: Czerwony</li><li>Materiał: Grafit</li><li>Właściwości: Z hamulcami</li></ul>;Utrzymaj kondycję i odkryj wszystkie nowości związane z uprawianiem sportu z najkorzystniejszymi warunkami! Kupuj <b>Kołowrotek Herculy lift 150</b> o najkorzystniejszej cenie i ciesz się zdrowym życiem!<br><br><ul><li>Rodzaj: Kołowrotek</li><li>Kolor: Czerwony</li><li>Materiał: Grafit</li><li>Właściwości: Z hamulcami</li></ul>;Gardening & DIY;Pop Pulse Emporium;https://cdnbigbuy.com/images/8413887243026_S7928678_P00.jpg;;;;new;0.4;17.3;14.7;11.9
8413887243026;cs-CZ;Naviják Herculy lift 150;Zůstaňte ve formě a objevujte poslední novinky ze sportovního světa s největšími zárukami! Nakupte <b>Naviják Herculy lift 150</b> za nejlepší cenu a užívejte si života plného zdraví!<br><br><ul><li>Typ: Naviják</li><li>Barva: Červený</li><li>Materiál: Grafitová</li><li>Vlastnosti: S brzdami</li></ul>;Zůstaňte ve formě a objevujte poslední novinky ze sportovního světa s největšími zárukami! Nakupte <b>Naviják Herculy lift 150</b> za nejlepší cenu a užívejte si života plného zdraví!<br><br><ul><li>Typ: Naviják</li><li>Barva: Červený</li><li>Materiál: Grafitová</li><li>Vlastnosti: S brzdami</li></ul>;Gardening & DIY;Pop Pulse Emporium;https://cdnbigbuy.com/images/8413887243026_S7928678_P00.jpg;;;;new;0.4;17.3;14.7;11.9
0753759305857;de-AT;Fahrradcomputer GARMIN 010-02703-10;"Bleiben Sie in Form und entdecken Sie die neuesten Innovationen der Branche, um mit den besten Voraussetzungen Sport zu betreiben! Kaufen Sie <b>Fahrradcomputer GARMIN 010-02703-10</b> zum besten Preis und genießen Sie ein gesundes Leben!<br><br><ul><li>Steckertyp: EU-Stecker</li><li>Steckbares Produkt: Ja</li><li>Art: Fahrradcomputer</li><li>Merkmale: <ul><li>Beschleunigungsmesser</li><li>GPS</li><li>Touchscreen</li><li>Mehrsprachig</li></ul></li><li>Konnektivität: <ul><li>GPS</li><li>Glonass</li><li>Bluetooth</li><li>Wi-Fi</li><li>ANT+</li></ul></li><li>Ungefähres Gewicht: 104 g</li><li>Touchscreen: Ja</li><li>Breite: 5,6 cm</li><li>Farbe: <ul><li>Weiß</li><li>Schwarz</li></ul></li><li>Funktionen: <ul><li>Anzeige für niedrigen Akkustand</li><li>Beschleunigungsmesser</li></ul></li><li>RAM Speicher: 16 GB RAM</li><li>Enthalten: Batterie</li><li>Bildschirm: 3""</li><li>Auflösung: 240 x 400 px</li><li>Batteriebetrieben: 1 Litio Ion, incluidas</li><li>IP-Klassifizierung: IPX7</li><li>Ungefähre Reichweite: 16 Stunden</li></ul>";Bleiben Sie in Form und entdecken Sie die neuesten Innovationen der Branche, um mit den besten Voraussetzungen Sport zu betreiben! Kaufen Sie <b>Fahrradcomputer GARMIN 010-02703-10</b> zum besten Preis und genießen Sie ein gesundes Leben!<br><br><ul><li>Steckertyp: EU-Stecker</li><li>Steckbares Produkt: Ja</li><li>Art: Fahrradcomputer</li><li>Merkmale: <ul><li>Beschleunigungsmesser</li><li>GPS</li><li>Touchscreen</li><li>Mehrsprachig</li></ul></li><li>Konnektivität: <ul><li>GPS</li><li>Glonass</;Gardening & DIY;Pop Pulse Emporium;https://cdnbigbuy.com/images/0753759305857_S91110862_P00.jpg;https://cdnbigbuy.com/images/0753759305857_R50.jpg;https://cdnbigbuy.com/images/0753759305857_R10.jpg;https://cdnbigbuy.com/images/0753759305857_I00.jpg;new;0.18;12.5;11.6;10.5
0753759305857;de-DE;Fahrradcomputer GARMIN 010-02703-10;"Bleiben Sie in Form und entdecken Sie die neuesten Innovationen der Branche, um mit den besten Voraussetzungen Sport zu betreiben! Kaufen Sie <b>Fahrradcomputer GARMIN 010-02703-10</b> zum besten Preis und genießen Sie ein gesundes Leben!<br><br><ul><li>Steckertyp: EU-Stecker</li><li>Steckbares Produkt: Ja</li><li>Art: Fahrradcomputer</li><li>Merkmale: <ul><li>Beschleunigungsmesser</li><li>GPS</li><li>Touchscreen</li><li>Mehrsprachig</li></ul></li><li>Konnektivität: <ul><li>GPS</li><li>Glonass</li><li>Bluetooth</li><li>Wi-Fi</li><li>ANT+</li></ul></li><li>Ungefähres Gewicht: 104 g</li><li>Touchscreen: Ja</li><li>Breite: 5,6 cm</li><li>Farbe: <ul><li>Weiß</li><li>Schwarz</li></ul></li><li>Funktionen: <ul><li>Anzeige für niedrigen Akkustand</li><li>Beschleunigungsmesser</li></ul></li><li>RAM Speicher: 16 GB RAM</li><li>Enthalten: Batterie</li><li>Bildschirm: 3""</li><li>Auflösung: 240 x 400 px</li><li>Batteriebetrieben: 1 Litio Ion, incluidas</li><li>IP-Klassifizierung: IPX7</li><li>Ungefähre Reichweite: 16 Stunden</li></ul>";Bleiben Sie in Form und entdecken Sie die neuesten Innovationen der Branche, um mit den besten Voraussetzungen Sport zu betreiben! Kaufen Sie <b>Fahrradcomputer GARMIN 010-02703-10</b> zum besten Preis und genießen Sie ein gesundes Leben!<br><br><ul><li>Steckertyp: EU-Stecker</li><li>Steckbares Produkt: Ja</li><li>Art: Fahrradcomputer</li><li>Merkmale: <ul><li>Beschleunigungsmesser</li><li>GPS</li><li>Touchscreen</li><li>Mehrsprachig</li></ul></li><li>Konnektivität: <ul><li>GPS</li><li>Glonass</;Gardening & DIY;Pop Pulse Emporium;https://cdnbigbuy.com/images/0753759305857_S91110862_P00.jpg;https://cdnbigbuy.com/images/0753759305857_R50.jpg;https://cdnbigbuy.com/images/0753759305857_R10.jpg;https://cdnbigbuy.com/images/0753759305857_I00.jpg;new;0.18;12.5;11.6;10.5
0753759305857;sk-SK;Cyklopočítač GARMIN 010-02703-10;"Udržujte sa vo forme a objavte posledné novinky zo sveta športu s tými najväčšími zárukami! Nakúpte <b>Cyklopočítač GARMIN 010-02703-10</b> za najlepšiu cenu a užívajte si zdravý život!<br><br><ul><li>Druh zástrčky: EU zástrčky</li><li>Zásuvný produkt: áno</li><li>Typ: Cyklopočítač</li><li>Vlastnosti: <ul><li>Akcelerometer</li><li>GPS</li><li>Dotyková obrazovka</li><li>Viacjazyčný</li></ul></li><li>Pripojenie: <ul><li>GPS</li><li>Glonass</li><li>Bluetooth</li><li>Wi-Fi</li><li>ANT+</li></ul></li><li>Približná hmotnosť: 104 g</li><li>Dotyková obrazovka: áno</li><li>Šírka: 5,6 cm</li><li>Farba: <ul><li>Biela</li><li>Čierna</li></ul></li><li>Funkcie: <ul><li>Indikátor vybitia batérie</li><li>Akcelerometer</li></ul></li><li>Pamäť RAM: 16 GB RAM</li><li>Obsahuje: Batérie</li><li>Plátno: 3""</li><li>Rozhodnutie: 240 x 400 px</li><li>Funguje na batérie: 1 Litio Ion, incluidas</li><li>IP klasifikácia: IPX7</li><li>Približná výdrž: 16 hodín</li></ul>";Udržujte sa vo forme a objavte posledné novinky zo sveta športu s tými najväčšími zárukami! Nakúpte <b>Cyklopočítač GARMIN 010-02703-10</b> za najlepšiu cenu a užívajte si zdravý život!<br><br><ul><li>Druh zástrčky: EU zástrčky</li><li>Zásuvný produkt: áno</li><li>Typ: Cyklopočítač</li><li>Vlastnosti: <ul><li>Akcelerometer</li><li>GPS</li><li>Dotyková obrazovka</li><li>Viacjazyčný</li></ul></li><li>Pripojenie: <ul><li>GPS</li><li>Glonass</li><li>Bluetooth</li><li>Wi-Fi</li><li>ANT+</li></ul></li;Gardening & DIY;Pop Pulse Emporium;https://cdnbigbuy.com/images/0753759305857_S91110862_P00.jpg;https://cdnbigbuy.com/images/0753759305857_R50.jpg;https://cdnbigbuy.com/images/0753759305857_R10.jpg;https://cdnbigbuy.com/images/0753759305857_I00.jpg;new;0.18;12.5;11.6;10.5
0753759305857;pl-PL;Licznik rowerowy GARMIN 010-02703-10;"Utrzymaj kondycję i odkryj wszystkie nowości związane z uprawianiem sportu z najkorzystniejszymi warunkami! Kupuj <b>Licznik rowerowy GARMIN 010-02703-10</b> o najkorzystniejszej cenie i ciesz się zdrowym życiem!<br><br><ul><li>Rodzaj wtyczki: Gnizadko EU</li><li>Produkt wtykany: Tak</li><li>Rodzaj: Licznik rowerowy</li><li>Właściwości: <ul><li>Akcelerometr</li><li>GPS</li><li>Ekran dotyowy</li><li>Wielojęzykowy</li></ul></li><li>Łączność: <ul><li>GPS</li><li>Glonass</li><li>Bluetooth</li><li>Wi-Fi</li><li>ANT+</li></ul></li><li>Waga ok.: 104 g</li><li>Ekran dotyowy: Tak</li><li>Szerokość produktu: 5,6 cm</li><li>Kolor: <ul><li>Biały</li><li>Czarny</li></ul></li><li>Funkcje: <ul><li>Wskaźnik niskiego poziomu baterii</li><li>Akcelerometr</li></ul></li><li>Pamięć RAM: 16 GB RAM</li><li>Zawiera: Bateria</li><li>Ekran: 3""</li><li>Rozdzielczość: 240 x 400 px</li><li>Zasilana bateriami: 1 Litio Ion, incluidas</li><li>Klasyfikacja IP: IPX7</li><li>Czas działania ok.: 16 godzin</li></ul>";Utrzymaj kondycję i odkryj wszystkie nowości związane z uprawianiem sportu z najkorzystniejszymi warunkami! Kupuj <b>Licznik rowerowy GARMIN 010-02703-10</b> o najkorzystniejszej cenie i ciesz się zdrowym życiem!<br><br><ul><li>Rodzaj wtyczki: Gnizadko EU</li><li>Produkt wtykany: Tak</li><li>Rodzaj: Licznik rowerowy</li><li>Właściwości: <ul><li>Akcelerometr</li><li>GPS</li><li>Ekran dotyowy</li><li>Wielojęzykowy</li></ul></li><li>Łączność: <ul><li>GPS</li><li>Glonass</li><li>Bluetooth</li><li>Wi;Gardening & DIY;Pop Pulse Emporium;https://cdnbigbuy.com/images/0753759305857_S91110862_P00.jpg;https://cdnbigbuy.com/images/0753759305857_R50.jpg;https://cdnbigbuy.com/images/0753759305857_R10.jpg;https://cdnbigbuy.com/images/0753759305857_I00.jpg;new;0.18;12.5;11.6;10.5
0753759305857;cs-CZ;Cyclocomputer GARMIN 010-02703-10;"Zůstaňte ve formě a objevujte poslední novinky ze sportovního světa s největšími zárukami! Nakupte <b>Cyclocomputer GARMIN 010-02703-10</b> za nejlepší cenu a užívejte si života plného zdraví!<br><br><ul><li>Typ zástrčky: Zástrčka EU</li><li>Zásuvný produkt: Ano</li><li>Typ: Cyclocomputer</li><li>Vlastnosti: <ul><li>Urychlovač</li><li>GPS</li><li>Dotyková obrazovka</li><li>Vícejazyčný</li></ul></li><li>Připojení: <ul><li>GPS</li><li>Glonass</li><li>Bluetooth</li><li>Wi-Fi</li><li>ANT+</li></ul></li><li>Přibližná hmotnost: 104 g</li><li>Dotyková obrazovka: Ano</li><li>Šířka: 5,6 cm</li><li>Barva: <ul><li>Bílý</li><li>Černý</li></ul></li><li>Funkce: <ul><li>Indikátor vybití baterie</li><li>Urychlovač</li></ul></li><li>Paměť RAM: 16 GB RAM</li><li>Obsahuje: Baterie</li><li>Plátno: 3""</li><li>Rozlišení: 240 x 400 px</li><li>Funguje na baterie: 1 Litio Ion, incluidas</li><li>Stupeň krytí: IPX7</li><li>Přibližná výdrž: 16 hodin</li></ul>";Zůstaňte ve formě a objevujte poslední novinky ze sportovního světa s největšími zárukami! Nakupte <b>Cyclocomputer GARMIN 010-02703-10</b> za nejlepší cenu a užívejte si života plného zdraví!<br><br><ul><li>Typ zástrčky: Zástrčka EU</li><li>Zásuvný produkt: Ano</li><li>Typ: Cyclocomputer</li><li>Vlastnosti: <ul><li>Urychlovač</li><li>GPS</li><li>Dotyková obrazovka</li><li>Vícejazyčný</li></ul></li><li>Připojení: <ul><li>GPS</li><li>Glonass</li><li>Bluetooth</li><li>Wi-Fi</li><li>ANT+</li></ul><;Gardening & DIY;Pop Pulse Emporium;https://cdnbigbuy.com/images/0753759305857_S91110862_P00.jpg;https://cdnbigbuy.com/images/0753759305857_R50.jpg;https://cdnbigbuy.com/images/0753759305857_R10.jpg;https://cdnbigbuy.com/images/0753759305857_I00.jpg;new;0.18;12.5;11.6;10.5
8435778900511;de-AT;Schlägertasche Nox Ml10 Team Schwarz;Bleiben Sie in Form und entdecken Sie die neuesten Innovationen der Branche, um mit den besten Voraussetzungen Sport zu betreiben! Kaufen Sie <b>Schlägertasche Nox Ml10 Team Schwarz</b> zum besten Preis und genießen Sie ein gesundes Leben!<br><br><ul><li>Art: Schlägertasche</li><li>Geschlecht: Unisex</li><li>Empfohlenes Alter: Erwachsene</li><li>Größe: Einheitsgröße</li><li>Farbe: Schwarz</li><li>Sport: Paddel</li></ul>;Bleiben Sie in Form und entdecken Sie die neuesten Innovationen der Branche, um mit den besten Voraussetzungen Sport zu betreiben! Kaufen Sie <b>Schlägertasche Nox Ml10 Team Schwarz</b> zum besten Preis und genießen Sie ein gesundes Leben!<br><br><ul><li>Art: Schlägertasche</li><li>Geschlecht: Unisex</li><li>Empfohlenes Alter: Erwachsene</li><li>Größe: Einheitsgröße</li><li>Farbe: Schwarz</li><li>Sport: Paddel</li></ul>;Gardening & DIY;Pop Pulse Emporium;https://cdnbigbuy.com/images/8435778900511_S64194130_P00.jpg;https://cdnbigbuy.com/images/8435778900511_S64194130_P40.jpg;https://cdnbigbuy.com/images/8435778900511_S64194130_P50.jpg;https://cdnbigbuy.com/images/8435778900511_S64194130_P20.jpg;new;0.48;30.1;48.0;32.4
8435778900511;de-DE;Schlägertasche Nox Ml10 Team Schwarz;Bleiben Sie in Form und entdecken Sie die neuesten Innovationen der Branche, um mit den besten Voraussetzungen Sport zu betreiben! Kaufen Sie <b>Schlägertasche Nox Ml10 Team Schwarz</b> zum besten Preis und genießen Sie ein gesundes Leben!<br><br><ul><li>Art: Schlägertasche</li><li>Geschlecht: Unisex</li><li>Empfohlenes Alter: Erwachsene</li><li>Größe: Einheitsgröße</li><li>Farbe: Schwarz</li><li>Sport: Paddel</li></ul>;Bleiben Sie in Form und entdecken Sie die neuesten Innovationen der Branche, um mit den besten Voraussetzungen Sport zu betreiben! Kaufen Sie <b>Schlägertasche Nox Ml10 Team Schwarz</b> zum besten Preis und genießen Sie ein gesundes Leben!<br><br><ul><li>Art: Schlägertasche</li><li>Geschlecht: Unisex</li><li>Empfohlenes Alter: Erwachsene</li><li>Größe: Einheitsgröße</li><li>Farbe: Schwarz</li><li>Sport: Paddel</li></ul>;Gardening & DIY;Pop Pulse Emporium;https://cdnbigbuy.com/images/8435778900511_S64194130_P00.jpg;https://cdnbigbuy.com/images/8435778900511_S64194130_P40.jpg;https://cdnbigbuy.com/images/8435778900511_S64194130_P50.jpg;https://cdnbigbuy.com/images/8435778900511_S64194130_P20.jpg;new;0.48;30.1;48.0;32.4
8435778900511;sk-SK;Taška na rakety Nox Ml10 Team Čierna;Udržujte sa vo forme a objavte posledné novinky zo sveta športu s tými najväčšími zárukami! Nakúpte <b>Taška na rakety Nox Ml10 Team Čierna</b> za najlepšiu cenu a užívajte si zdravý život!<br><br><ul><li>Typ: Taška na rakety</li><li>Pohlavie: Unisex</li><li>Odporúčaný vek: Deti</li><li>Veľkosť: Jednotná veľkosť</li><li>Farba: Čierna</li><li>Šport: Loptičky na padel</li></ul>;Udržujte sa vo forme a objavte posledné novinky zo sveta športu s tými najväčšími zárukami! Nakúpte <b>Taška na rakety Nox Ml10 Team Čierna</b> za najlepšiu cenu a užívajte si zdravý život!<br><br><ul><li>Typ: Taška na rakety</li><li>Pohlavie: Unisex</li><li>Odporúčaný vek: Deti</li><li>Veľkosť: Jednotná veľkosť</li><li>Farba: Čierna</li><li>Šport: Loptičky na padel</li></ul>;Gardening & DIY;Pop Pulse Emporium;https://cdnbigbuy.com/images/8435778900511_S64194130_P00.jpg;https://cdnbigbuy.com/images/8435778900511_S64194130_P40.jpg;https://cdnbigbuy.com/images/8435778900511_S64194130_P50.jpg;https://cdnbigbuy.com/images/8435778900511_S64194130_P20.jpg;new;0.48;30.1;48.0;32.4
8435778900511;pl-PL;Torba na rakiety Nox Ml10 Team Czarny;Utrzymaj kondycję i odkryj wszystkie nowości związane z uprawianiem sportu z najkorzystniejszymi warunkami! Kupuj <b>Torba na rakiety Nox Ml10 Team Czarny</b> o najkorzystniejszej cenie i ciesz się zdrowym życiem!<br><br><ul><li>Rodzaj: Torba na rakiety</li><li>Płeć: Unisex</li><li>Zalecany Wiek: Dorosłych</li><li>Rozmiar: Jeden rozmiar</li><li>Kolor: Czarny</li><li>Sport: Piłki do Padla</li></ul>;Utrzymaj kondycję i odkryj wszystkie nowości związane z uprawianiem sportu z najkorzystniejszymi warunkami! Kupuj <b>Torba na rakiety Nox Ml10 Team Czarny</b> o najkorzystniejszej cenie i ciesz się zdrowym życiem!<br><br><ul><li>Rodzaj: Torba na rakiety</li><li>Płeć: Unisex</li><li>Zalecany Wiek: Dorosłych</li><li>Rozmiar: Jeden rozmiar</li><li>Kolor: Czarny</li><li>Sport: Piłki do Padla</li></ul>;Gardening & DIY;Pop Pulse Emporium;https://cdnbigbuy.com/images/8435778900511_S64194130_P00.jpg;https://cdnbigbuy.com/images/8435778900511_S64194130_P40.jpg;https://cdnbigbuy.com/images/8435778900511_S64194130_P50.jpg;https://cdnbigbuy.com/images/8435778900511_S64194130_P20.jpg;new;0.48;30.1;48.0;32.4
8435778900511;cs-CZ;Taška na rakety Nox Ml10 Team Černý;Zůstaňte ve formě a objevujte poslední novinky ze sportovního světa s největšími zárukami! Nakupte <b>Taška na rakety Nox Ml10 Team Černý</b> za nejlepší cenu a užívejte si života plného zdraví!<br><br><ul><li>Typ: Taška na rakety</li><li>Pohlaví: Unisex</li><li>Doporučený věk: Dospělé</li><li>Velikost: Jednotná velikost</li><li>Barva: Černý</li><li>Sport: Padel</li></ul>;Zůstaňte ve formě a objevujte poslední novinky ze sportovního světa s největšími zárukami! Nakupte <b>Taška na rakety Nox Ml10 Team Černý</b> za nejlepší cenu a užívejte si života plného zdraví!<br><br><ul><li>Typ: Taška na rakety</li><li>Pohlaví: Unisex</li><li>Doporučený věk: Dospělé</li><li>Velikost: Jednotná velikost</li><li>Barva: Černý</li><li>Sport: Padel</li></ul>;Gardening & DIY;Pop Pulse Emporium;https://cdnbigbuy.com/images/8435778900511_S64194130_P00.jpg;https://cdnbigbuy.com/images/8435778900511_S64194130_P40.jpg;https://cdnbigbuy.com/images/8435778900511_S64194130_P50.jpg;https://cdnbigbuy.com/images/8435778900511_S64194130_P20.jpg;new;0.48;30.1;48.0;32.4
8445402691913;de-AT;Paddelschläger Bullpadel Neuron 2025;Wenn Sie auf der Suche nach trendigen Neuheiten auf dem Markt sind, präsentieren wir Ihnen <b>Paddelschläger Bullpadel Neuron 2025</b>!<br><br><ul><li>Art: Paddelschläger</li><li>Dicke: 38 mm</li></ul>;Wenn Sie auf der Suche nach trendigen Neuheiten auf dem Markt sind, präsentieren wir Ihnen <b>Paddelschläger Bullpadel Neuron 2025</b>!<br><br><ul><li>Art: Paddelschläger</li><li>Dicke: 38 mm</li></ul>;Gardening & DIY;Pop Pulse Emporium;https://cdnbigbuy.com/images/8445402691913_S9919398_P00.jpg;https://cdnbigbuy.com/images/8445402691913_R30.jpg;https://cdnbigbuy.com/images/8445402691913_R40.jpg;https://cdnbigbuy.com/images/8445402691913_R00.jpg;new;0.6;10.0;35.0;51.0
8445402691913;de-DE;Paddelschläger Bullpadel Neuron 2025;Wenn Sie auf der Suche nach trendigen Neuheiten auf dem Markt sind, präsentieren wir Ihnen <b>Paddelschläger Bullpadel Neuron 2025</b>!<br><br><ul><li>Art: Paddelschläger</li><li>Dicke: 38 mm</li></ul>;Wenn Sie auf der Suche nach trendigen Neuheiten auf dem Markt sind, präsentieren wir Ihnen <b>Paddelschläger Bullpadel Neuron 2025</b>!<br><br><ul><li>Art: Paddelschläger</li><li>Dicke: 38 mm</li></ul>;Gardening & DIY;Pop Pulse Emporium;https://cdnbigbuy.com/images/8445402691913_S9919398_P00.jpg;https://cdnbigbuy.com/images/8445402691913_R30.jpg;https://cdnbigbuy.com/images/8445402691913_R40.jpg;https://cdnbigbuy.com/images/8445402691913_R00.jpg;new;0.6;10.0;35.0;51.0
8445402691913;sk-SK;Raketa na padel Bullpadel Neuron 2025;Ak hľadáte nové trendy na trhu, predstavujeme <b>Raketa na padel Bullpadel Neuron 2025</b>!<br><br><ul><li>Typ: Raketa na padel</li><li>Hrúbka: 38 mm</li></ul>;Ak hľadáte nové trendy na trhu, predstavujeme <b>Raketa na padel Bullpadel Neuron 2025</b>!<br><br><ul><li>Typ: Raketa na padel</li><li>Hrúbka: 38 mm</li></ul>;Gardening & DIY;Pop Pulse Emporium;https://cdnbigbuy.com/images/8445402691913_S9919398_P00.jpg;https://cdnbigbuy.com/images/8445402691913_R30.jpg;https://cdnbigbuy.com/images/8445402691913_R40.jpg;https://cdnbigbuy.com/images/8445402691913_R00.jpg;new;0.6;10.0;35.0;51.0
8445402691913;pl-PL;Rakieta do Padla Bullpadel Neuron 2025;Jeśli szukasz trendów na rynku, prezentujemy <b>Rakieta do Padla Bullpadel Neuron 2025</b>!<br><br><ul><li>Rodzaj: Rakieta do Padla</li><li>Grubość: 38 mm</li></ul>;Jeśli szukasz trendów na rynku, prezentujemy <b>Rakieta do Padla Bullpadel Neuron 2025</b>!<br><br><ul><li>Rodzaj: Rakieta do Padla</li><li>Grubość: 38 mm</li></ul>;Gardening & DIY;Pop Pulse Emporium;https://cdnbigbuy.com/images/8445402691913_S9919398_P00.jpg;https://cdnbigbuy.com/images/8445402691913_R30.jpg;https://cdnbigbuy.com/images/8445402691913_R40.jpg;https://cdnbigbuy.com/images/8445402691913_R00.jpg;new;0.6;10.0;35.0;51.0
8445402691913;cs-CZ;Raketa Padel Bullpadel Neuron 2025;Pokud hledáte nejnovější trendy na trhu, máme tu čest vám představit <b>Raketa Padel Bullpadel Neuron 2025</b>!<br><br><ul><li>Typ: Raketa Padel</li><li>Tloušťka: 38 mm</li></ul>;Pokud hledáte nejnovější trendy na trhu, máme tu čest vám představit <b>Raketa Padel Bullpadel Neuron 2025</b>!<br><br><ul><li>Typ: Raketa Padel</li><li>Tloušťka: 38 mm</li></ul>;Gardening & DIY;Pop Pulse Emporium;https://cdnbigbuy.com/images/8445402691913_S9919398_P00.jpg;https://cdnbigbuy.com/images/8445402691913_R30.jpg;https://cdnbigbuy.com/images/8445402691913_R40.jpg;https://cdnbigbuy.com/images/8445402691913_R00.jpg;new;0.6;10.0;35.0;51.0
3700092608944;de-AT;Elektroroller EZWAY Schwarz 450 W 25 km/h;"Wenn Sie auf der Suche nach trendigen Neuheiten auf dem Markt sind, präsentieren wir Ihnen <b>Elektroroller EZWAY Schwarz 450 W 25 km/h</b>!<br><br><ul><li>Art: Elektroroller</li><li>Steckbares Produkt: Ja</li><li>Farbe: Schwarz</li><li>Leistung: 450 W</li><li>Geschwindigkeit: 25 km/h</li></ul><br><br>Wichtige informationen: Wenn die Marke den Roller nicht zugelassen hat, muss der Besitzer den TÜV bestehen, um eine ""EBE"" oder einen individuellen Führerschein zu erhalten..";"Wenn Sie auf der Suche nach trendigen Neuheiten auf dem Markt sind, präsentieren wir Ihnen <b>Elektroroller EZWAY Schwarz 450 W 25 km/h</b>!<br><br><ul><li>Art: Elektroroller</li><li>Steckbares Produkt: Ja</li><li>Farbe: Schwarz</li><li>Leistung: 450 W</li><li>Geschwindigkeit: 25 km/h</li></ul><br><br>Wichtige informationen: Wenn die Marke den Roller nicht zugelassen hat, muss der Besitzer den TÜV bestehen, um eine ""EBE"" oder einen individuellen Führerschein zu erhalten..";Gardening & DIY;Pop Pulse Emporium;https://cdnbigbuy.com/images/S71022519_1756370923-remove-background0.jpg;https://cdnbigbuy.com/images/3700092608944_S71022519_P40.jpg;https://cdnbigbuy.com/images/3700092608944_S71022519_P00.jpg;https://cdnbigbuy.com/images/3700092608944_S71022519_P50.jpg;new;15.0;85.5;44.7;36.0
3700092608944;de-DE;Elektroroller EZWAY Schwarz 450 W 25 km/h;"Wenn Sie auf der Suche nach trendigen Neuheiten auf dem Markt sind, präsentieren wir Ihnen <b>Elektroroller EZWAY Schwarz 450 W 25 km/h</b>!<br><br><ul><li>Art: Elektroroller</li><li>Steckbares Produkt: Ja</li><li>Farbe: Schwarz</li><li>Leistung: 450 W</li><li>Geschwindigkeit: 25 km/h</li></ul><br><br>Wichtige informationen: Wenn die Marke den Roller nicht zugelassen hat, muss der Besitzer den TÜV bestehen, um eine ""EBE"" oder einen individuellen Führerschein zu erhalten..";"Wenn Sie auf der Suche nach trendigen Neuheiten auf dem Markt sind, präsentieren wir Ihnen <b>Elektroroller EZWAY Schwarz 450 W 25 km/h</b>!<br><br><ul><li>Art: Elektroroller</li><li>Steckbares Produkt: Ja</li><li>Farbe: Schwarz</li><li>Leistung: 450 W</li><li>Geschwindigkeit: 25 km/h</li></ul><br><br>Wichtige informationen: Wenn die Marke den Roller nicht zugelassen hat, muss der Besitzer den TÜV bestehen, um eine ""EBE"" oder einen individuellen Führerschein zu erhalten..";Gardening & DIY;Pop Pulse Emporium;https://cdnbigbuy.com/images/S71022519_1756370923-remove-background0.jpg;https://cdnbigbuy.com/images/3700092608944_S71022519_P40.jpg;https://cdnbigbuy.com/images/3700092608944_S71022519_P00.jpg;https://cdnbigbuy.com/images/3700092608944_S71022519_P50.jpg;new;15.0;85.5;44.7;36.0
3700092608944;sk-SK;Elektrická kolobežka EZWAY Čierna 450 W 25 km/h;Ak hľadáte nové trendy na trhu, predstavujeme <b>Elektrická kolobežka EZWAY Čierna 450 W 25 km/h</b>!<br><br><ul><li>Typ: Elektrická kolobežka</li><li>Zásuvný produkt: áno</li><li>Farba: Čierna</li><li>Príkon: 450 W</li><li>Rýchlosť: 25 km/h</li></ul><br><br>Dôležité informácie: Ak značka nezaregistrovala kolobežku, majiteľ bude musieť prejsť ITV (STK) alebo TÜV, aby získal „EBE“ alebo povolenie na individuálny pohyb..;Ak hľadáte nové trendy na trhu, predstavujeme <b>Elektrická kolobežka EZWAY Čierna 450 W 25 km/h</b>!<br><br><ul><li>Typ: Elektrická kolobežka</li><li>Zásuvný produkt: áno</li><li>Farba: Čierna</li><li>Príkon: 450 W</li><li>Rýchlosť: 25 km/h</li></ul><br><br>Dôležité informácie: Ak značka nezaregistrovala kolobežku, majiteľ bude musieť prejsť ITV (STK) alebo TÜV, aby získal „EBE“ alebo povolenie na individuálny pohyb..;Gardening & DIY;Pop Pulse Emporium;https://cdnbigbuy.com/images/S71022519_1756370923-remove-background0.jpg;https://cdnbigbuy.com/images/3700092608944_S71022519_P40.jpg;https://cdnbigbuy.com/images/3700092608944_S71022519_P00.jpg;https://cdnbigbuy.com/images/3700092608944_S71022519_P50.jpg;new;15.0;85.5;44.7;36.0
3700092608944;pl-PL;Skuter elektryczny EZWAY Czarny 450 W 25 km/h;"Jeśli szukasz trendów na rynku, prezentujemy <b>Skuter elektryczny EZWAY Czarny 450 W 25 km/h</b>!<br><br><ul><li>Rodzaj: Skuter elektryczny</li><li>Produkt wtykany: Tak</li><li>Kolor: Czarny</li><li>Moc: 450 W</li><li>Prędkość: 25 km/h</li></ul><br><br>Ważne informacje: Jeśli marka nie zarejestrowała hulajnogi, właściciel będzie musiał przejść kontrolę pojazdową lub TÜV, aby uzyskać ""EBE"" lub indywidualne zezwolenie na ruch.";"Jeśli szukasz trendów na rynku, prezentujemy <b>Skuter elektryczny EZWAY Czarny 450 W 25 km/h</b>!<br><br><ul><li>Rodzaj: Skuter elektryczny</li><li>Produkt wtykany: Tak</li><li>Kolor: Czarny</li><li>Moc: 450 W</li><li>Prędkość: 25 km/h</li></ul><br><br>Ważne informacje: Jeśli marka nie zarejestrowała hulajnogi, właściciel będzie musiał przejść kontrolę pojazdową lub TÜV, aby uzyskać ""EBE"" lub indywidualne zezwolenie na ruch.";Gardening & DIY;Pop Pulse Emporium;https://cdnbigbuy.com/images/S71022519_1756370923-remove-background0.jpg;https://cdnbigbuy.com/images/3700092608944_S71022519_P40.jpg;https://cdnbigbuy.com/images/3700092608944_S71022519_P00.jpg;https://cdnbigbuy.com/images/3700092608944_S71022519_P50.jpg;new;15.0;85.5;44.7;36.0
3700092608944;cs-CZ;Hoverboard EZWAY Černý 450 W 25 km/h;Pokud hledáte nejnovější trendy na trhu, máme tu čest vám představit <b>Hoverboard EZWAY Černý 450 W 25 km/h</b>!<br><br><ul><li>Typ: Hoverboard</li><li>Zásuvný produkt: Ano</li><li>Barva: Černý</li><li>Příkon: 450 W</li><li>Rychlost: 25 km/h</li></ul><br><br>Důležité informace: Pokud značka nezaregistrovala skútr, majitel bude muset projít ITV nebo TÜV, aby získal „EBE“ nebo individuální povolení k provozu..;Pokud hledáte nejnovější trendy na trhu, máme tu čest vám představit <b>Hoverboard EZWAY Černý 450 W 25 km/h</b>!<br><br><ul><li>Typ: Hoverboard</li><li>Zásuvný produkt: Ano</li><li>Barva: Černý</li><li>Příkon: 450 W</li><li>Rychlost: 25 km/h</li></ul><br><br>Důležité informace: Pokud značka nezaregistrovala skútr, majitel bude muset projít ITV nebo TÜV, aby získal „EBE“ nebo individuální povolení k provozu..;Gardening & DIY;Pop Pulse Emporium;https://cdnbigbuy.com/images/S71022519_1756370923-remove-background0.jpg;https://cdnbigbuy.com/images/3700092608944_S71022519_P40.jpg;https://cdnbigbuy.com/images/3700092608944_S71022519_P00.jpg;https://cdnbigbuy.com/images/3700092608944_S71022519_P50.jpg;new;15.0;85.5;44.7;36.0
5400974040234;de-AT;Fahrradhelm für Erwachsene Lazer BLC24478923-W Weiß M;Bleiben Sie in Form und entdecken Sie die neuesten Innovationen der Branche, um mit den besten Voraussetzungen Sport zu betreiben! Kaufen Sie <b>Fahrradhelm für Erwachsene Lazer BLC24478923-W Weiß M</b> zum besten Preis und genießen Sie ein gesundes Leben!<br><br><ul><li>Art: Helm</li><li>Farbe: Weiß</li><li>Geschlecht: Unisex</li><li>Empfohlenes Alter: Erwachsene</li><li>Größe: M</li></ul>;Bleiben Sie in Form und entdecken Sie die neuesten Innovationen der Branche, um mit den besten Voraussetzungen Sport zu betreiben! Kaufen Sie <b>Fahrradhelm für Erwachsene Lazer BLC24478923-W Weiß M</b> zum besten Preis und genießen Sie ein gesundes Leben!<br><br><ul><li>Art: Helm</li><li>Farbe: Weiß</li><li>Geschlecht: Unisex</li><li>Empfohlenes Alter: Erwachsene</li><li>Größe: M</li></ul>;Gardening & DIY;Pop Pulse Emporium;https://cdnbigbuy.com/images/5400974040234_S64194206_P00.jpg;https://cdnbigbuy.com/images/5400974040234_S64194206_P20.jpg;https://cdnbigbuy.com/images/5400974040234_S64194206_P30.jpg;https://cdnbigbuy.com/images/5400974040234_S64194206_P40.jpg;new;0.64;26.8;25.0;21.2
5400974040234;de-DE;Fahrradhelm für Erwachsene Lazer BLC24478923-W Weiß M;Bleiben Sie in Form und entdecken Sie die neuesten Innovationen der Branche, um mit den besten Voraussetzungen Sport zu betreiben! Kaufen Sie <b>Fahrradhelm für Erwachsene Lazer BLC24478923-W Weiß M</b> zum besten Preis und genießen Sie ein gesundes Leben!<br><br><ul><li>Art: Helm</li><li>Farbe: Weiß</li><li>Geschlecht: Unisex</li><li>Empfohlenes Alter: Erwachsene</li><li>Größe: M</li></ul>;Bleiben Sie in Form und entdecken Sie die neuesten Innovationen der Branche, um mit den besten Voraussetzungen Sport zu betreiben! Kaufen Sie <b>Fahrradhelm für Erwachsene Lazer BLC24478923-W Weiß M</b> zum besten Preis und genießen Sie ein gesundes Leben!<br><br><ul><li>Art: Helm</li><li>Farbe: Weiß</li><li>Geschlecht: Unisex</li><li>Empfohlenes Alter: Erwachsene</li><li>Größe: M</li></ul>;Gardening & DIY;Pop Pulse Emporium;https://cdnbigbuy.com/images/5400974040234_S64194206_P00.jpg;https://cdnbigbuy.com/images/5400974040234_S64194206_P20.jpg;https://cdnbigbuy.com/images/5400974040234_S64194206_P30.jpg;https://cdnbigbuy.com/images/5400974040234_S64194206_P40.jpg;new;0.64;26.8;25.0;21.2
5400974040234;sk-SK;Cyklistická helma pre dospelých Lazer BLC24478923-W Biela M;Udržujte sa vo forme a objavte posledné novinky zo sveta športu s tými najväčšími zárukami! Nakúpte <b>Cyklistická helma pre dospelých Lazer BLC24478923-W Biela M</b> za najlepšiu cenu a užívajte si zdravý život!<br><br><ul><li>Typ: Prilba</li><li>Farba: Biela</li><li>Pohlavie: Unisex</li><li>Odporúčaný vek: Deti</li><li>Veľkosť: M</li></ul>;Udržujte sa vo forme a objavte posledné novinky zo sveta športu s tými najväčšími zárukami! Nakúpte <b>Cyklistická helma pre dospelých Lazer BLC24478923-W Biela M</b> za najlepšiu cenu a užívajte si zdravý život!<br><br><ul><li>Typ: Prilba</li><li>Farba: Biela</li><li>Pohlavie: Unisex</li><li>Odporúčaný vek: Deti</li><li>Veľkosť: M</li></ul>;Gardening & DIY;Pop Pulse Emporium;https://cdnbigbuy.com/images/5400974040234_S64194206_P00.jpg;https://cdnbigbuy.com/images/5400974040234_S64194206_P20.jpg;https://cdnbigbuy.com/images/5400974040234_S64194206_P30.jpg;https://cdnbigbuy.com/images/5400974040234_S64194206_P40.jpg;new;0.64;26.8;25.0;21.2
5400974040234;pl-PL;Kask rowerowy dla dorosłych Lazer BLC24478923-W Biały M;Utrzymaj kondycję i odkryj wszystkie nowości związane z uprawianiem sportu z najkorzystniejszymi warunkami! Kupuj <b>Kask rowerowy dla dorosłych Lazer BLC24478923-W Biały M</b> o najkorzystniejszej cenie i ciesz się zdrowym życiem!<br><br><ul><li>Rodzaj: Kask</li><li>Kolor: Biały</li><li>Płeć: Unisex</li><li>Zalecany Wiek: Dorosłych</li><li>Rozmiar: M</li></ul>;Utrzymaj kondycję i odkryj wszystkie nowości związane z uprawianiem sportu z najkorzystniejszymi warunkami! Kupuj <b>Kask rowerowy dla dorosłych Lazer BLC24478923-W Biały M</b> o najkorzystniejszej cenie i ciesz się zdrowym życiem!<br><br><ul><li>Rodzaj: Kask</li><li>Kolor: Biały</li><li>Płeć: Unisex</li><li>Zalecany Wiek: Dorosłych</li><li>Rozmiar: M</li></ul>;Gardening & DIY;Pop Pulse Emporium;https://cdnbigbuy.com/images/5400974040234_S64194206_P00.jpg;https://cdnbigbuy.com/images/5400974040234_S64194206_P20.jpg;https://cdnbigbuy.com/images/5400974040234_S64194206_P30.jpg;https://cdnbigbuy.com/images/5400974040234_S64194206_P40.jpg;new;0.64;26.8;25.0;21.2
5400974040234;cs-CZ;Cyklistická přilba pro dospělé Lazer BLC24478923-W Bílý M;Zůstaňte ve formě a objevujte poslední novinky ze sportovního světa s největšími zárukami! Nakupte <b>Cyklistická přilba pro dospělé Lazer BLC24478923-W Bílý M</b> za nejlepší cenu a užívejte si života plného zdraví!<br><br><ul><li>Typ: Přilba</li><li>Barva: Bílý</li><li>Pohlaví: Unisex</li><li>Doporučený věk: Dospělé</li><li>Velikost: M</li></ul>;Zůstaňte ve formě a objevujte poslední novinky ze sportovního světa s největšími zárukami! Nakupte <b>Cyklistická přilba pro dospělé Lazer BLC24478923-W Bílý M</b> za nejlepší cenu a užívejte si života plného zdraví!<br><br><ul><li>Typ: Přilba</li><li>Barva: Bílý</li><li>Pohlaví: Unisex</li><li>Doporučený věk: Dospělé</li><li>Velikost: M</li></ul>;Gardening & DIY;Pop Pulse Emporium;https://cdnbigbuy.com/images/5400974040234_S64194206_P00.jpg;https://cdnbigbuy.com/images/5400974040234_S64194206_P20.jpg;https://cdnbigbuy.com/images/5400974040234_S64194206_P30.jpg;https://cdnbigbuy.com/images/5400974040234_S64194206_P40.jpg;new;0.64;26.8;25.0;21.2
8445484567939;de-AT;Sweatshirt mit Kapuze für Mädchen Real Madrid C.F. Blau;Bleiben Sie in Form und entdecken Sie die neuesten Innovationen der Branche, um mit den besten Voraussetzungen Sport zu betreiben! Kaufen Sie <b>Sweatshirt mit Kapuze für Mädchen Real Madrid C.F. Blau</b> zum besten Preis und genießen Sie ein gesundes Leben!<br><br><ul><li>Art: Kinder-Sweatshirt</li><li>Farbe: Blau</li><li>Merkmale: In der Maschine waschbar</li></ul>;Bleiben Sie in Form und entdecken Sie die neuesten Innovationen der Branche, um mit den besten Voraussetzungen Sport zu betreiben! Kaufen Sie <b>Sweatshirt mit Kapuze für Mädchen Real Madrid C.F. Blau</b> zum besten Preis und genießen Sie ein gesundes Leben!<br><br><ul><li>Art: Kinder-Sweatshirt</li><li>Farbe: Blau</li><li>Merkmale: In der Maschine waschbar</li></ul>;Gardening & DIY;Pop Pulse Emporium;https://cdnbigbuy.com/images/8445484567939_S0744451_P00.jpg;https://cdnbigbuy.com/images/8445484567939_S2460296_P20.jpg;https://cdnbigbuy.com/images/8445484567939_S2460296_P00.jpg;https://cdnbigbuy.com/images/8445484567939_S0744451_P30.jpg;new;0.3;2.0;40.5;50.5
8445484567939;de-DE;Sweatshirt mit Kapuze für Mädchen Real Madrid C.F. Blau;Bleiben Sie in Form und entdecken Sie die neuesten Innovationen der Branche, um mit den besten Voraussetzungen Sport zu betreiben! Kaufen Sie <b>Sweatshirt mit Kapuze für Mädchen Real Madrid C.F. Blau</b> zum besten Preis und genießen Sie ein gesundes Leben!<br><br><ul><li>Art: Kinder-Sweatshirt</li><li>Farbe: Blau</li><li>Merkmale: In der Maschine waschbar</li></ul>;Bleiben Sie in Form und entdecken Sie die neuesten Innovationen der Branche, um mit den besten Voraussetzungen Sport zu betreiben! Kaufen Sie <b>Sweatshirt mit Kapuze für Mädchen Real Madrid C.F. Blau</b> zum besten Preis und genießen Sie ein gesundes Leben!<br><br><ul><li>Art: Kinder-Sweatshirt</li><li>Farbe: Blau</li><li>Merkmale: In der Maschine waschbar</li></ul>;Gardening & DIY;Pop Pulse Emporium;https://cdnbigbuy.com/images/8445484567939_S0744451_P00.jpg;https://cdnbigbuy.com/images/8445484567939_S2460296_P20.jpg;https://cdnbigbuy.com/images/8445484567939_S2460296_P00.jpg;https://cdnbigbuy.com/images/8445484567939_S0744451_P30.jpg;new;0.3;2.0;40.5;50.5
8445484567939;sk-SK;Dievčenská mikina s kapucňou Real Madrid C.F. Modrá;Udržujte sa vo forme a objavte posledné novinky zo sveta športu s tými najväčšími zárukami! Nakúpte <b>Dievčenská mikina s kapucňou Real Madrid C.F. Modrá</b> za najlepšiu cenu a užívajte si zdravý život!<br><br><ul><li>Typ: Detská mikina</li><li>Farba: Modrá</li><li>Vlastnosti: Možno prať v práčke</li></ul>;Udržujte sa vo forme a objavte posledné novinky zo sveta športu s tými najväčšími zárukami! Nakúpte <b>Dievčenská mikina s kapucňou Real Madrid C.F. Modrá</b> za najlepšiu cenu a užívajte si zdravý život!<br><br><ul><li>Typ: Detská mikina</li><li>Farba: Modrá</li><li>Vlastnosti: Možno prať v práčke</li></ul>;Gardening & DIY;Pop Pulse Emporium;https://cdnbigbuy.com/images/8445484567939_S0744451_P00.jpg;https://cdnbigbuy.com/images/8445484567939_S2460296_P20.jpg;https://cdnbigbuy.com/images/8445484567939_S2460296_P00.jpg;https://cdnbigbuy.com/images/8445484567939_S0744451_P30.jpg;new;0.3;2.0;40.5;50.5
8445484567939;pl-PL;Bluza z Kapturem dla Dziewczynki Real Madrid C.F. Niebieski;Utrzymaj kondycję i odkryj wszystkie nowości związane z uprawianiem sportu z najkorzystniejszymi warunkami! Kupuj <b>Bluza z Kapturem dla Dziewczynki Real Madrid C.F. Niebieski</b> o najkorzystniejszej cenie i ciesz się zdrowym życiem!<br><br><ul><li>Rodzaj: Bluza dziecięca</li><li>Kolor: Niebieski</li><li>Właściwości: Można prać w pralce</li></ul>;Utrzymaj kondycję i odkryj wszystkie nowości związane z uprawianiem sportu z najkorzystniejszymi warunkami! Kupuj <b>Bluza z Kapturem dla Dziewczynki Real Madrid C.F. Niebieski</b> o najkorzystniejszej cenie i ciesz się zdrowym życiem!<br><br><ul><li>Rodzaj: Bluza dziecięca</li><li>Kolor: Niebieski</li><li>Właściwości: Można prać w pralce</li></ul>;Gardening & DIY;Pop Pulse Emporium;https://cdnbigbuy.com/images/8445484567939_S0744451_P00.jpg;https://cdnbigbuy.com/images/8445484567939_S2460296_P20.jpg;https://cdnbigbuy.com/images/8445484567939_S2460296_P00.jpg;https://cdnbigbuy.com/images/8445484567939_S0744451_P30.jpg;new;0.3;2.0;40.5;50.5
8445484567939;cs-CZ;Dívčí mikina s kapucí Real Madrid C.F. Modrý;Zůstaňte ve formě a objevujte poslední novinky ze sportovního světa s největšími zárukami! Nakupte <b>Dívčí mikina s kapucí Real Madrid C.F. Modrý</b> za nejlepší cenu a užívejte si života plného zdraví!<br><br><ul><li>Typ: Dětská mikina</li><li>Barva: Modrý</li><li>Vlastnosti: Pratelný v pračce</li></ul>;Zůstaňte ve formě a objevujte poslední novinky ze sportovního světa s největšími zárukami! Nakupte <b>Dívčí mikina s kapucí Real Madrid C.F. Modrý</b> za nejlepší cenu a užívejte si života plného zdraví!<br><br><ul><li>Typ: Dětská mikina</li><li>Barva: Modrý</li><li>Vlastnosti: Pratelný v pračce</li></ul>;Gardening & DIY;Pop Pulse Emporium;https://cdnbigbuy.com/images/8445484567939_S0744451_P00.jpg;https://cdnbigbuy.com/images/8445484567939_S2460296_P20.jpg;https://cdnbigbuy.com/images/8445484567939_S2460296_P00.jpg;https://cdnbigbuy.com/images/8445484567939_S0744451_P30.jpg;new;0.3;2.0;40.5;50.5
0887791761750;de-AT;Yogablock Nike N1009017202;Bleiben Sie in Form und entdecken Sie die neuesten Innovationen der Branche, um mit den besten Voraussetzungen Sport zu betreiben! Kaufen Sie <b>Yogablock Nike N1009017202</b> zum besten Preis und genießen Sie ein gesundes Leben!<br><br><ul><li>Farbe: Braun</li><li>Geschlecht: Unisex</li><li>Empfohlenes Alter: Erwachsene</li><li>Größe: Einheitsgröße</li></ul>;Bleiben Sie in Form und entdecken Sie die neuesten Innovationen der Branche, um mit den besten Voraussetzungen Sport zu betreiben! Kaufen Sie <b>Yogablock Nike N1009017202</b> zum besten Preis und genießen Sie ein gesundes Leben!<br><br><ul><li>Farbe: Braun</li><li>Geschlecht: Unisex</li><li>Empfohlenes Alter: Erwachsene</li><li>Größe: Einheitsgröße</li></ul>;Gardening & DIY;Pop Pulse Emporium;https://cdnbigbuy.com/images/0887791761750_S64189687_P00.jpg;https://cdnbigbuy.com/images/0887791761750_S64189687_P20.jpg;;;new;0.13;8.2;15.0;16.0
0887791761750;de-DE;Yogablock Nike N1009017202;Bleiben Sie in Form und entdecken Sie die neuesten Innovationen der Branche, um mit den besten Voraussetzungen Sport zu betreiben! Kaufen Sie <b>Yogablock Nike N1009017202</b> zum besten Preis und genießen Sie ein gesundes Leben!<br><br><ul><li>Farbe: Braun</li><li>Geschlecht: Unisex</li><li>Empfohlenes Alter: Erwachsene</li><li>Größe: Einheitsgröße</li></ul>;Bleiben Sie in Form und entdecken Sie die neuesten Innovationen der Branche, um mit den besten Voraussetzungen Sport zu betreiben! Kaufen Sie <b>Yogablock Nike N1009017202</b> zum besten Preis und genießen Sie ein gesundes Leben!<br><br><ul><li>Farbe: Braun</li><li>Geschlecht: Unisex</li><li>Empfohlenes Alter: Erwachsene</li><li>Größe: Einheitsgröße</li></ul>;Gardening & DIY;Pop Pulse Emporium;https://cdnbigbuy.com/images/0887791761750_S64189687_P00.jpg;https://cdnbigbuy.com/images/0887791761750_S64189687_P20.jpg;;;new;0.13;8.2;15.0;16.0
0887791761750;sk-SK;Joga blok Nike N1009017202;Udržujte sa vo forme a objavte posledné novinky zo sveta športu s tými najväčšími zárukami! Nakúpte <b>Joga blok Nike N1009017202</b> za najlepšiu cenu a užívajte si zdravý život!<br><br><ul><li>Farba: Gaštanová</li><li>Pohlavie: Unisex</li><li>Odporúčaný vek: Deti</li><li>Veľkosť: Jednotná veľkosť</li></ul>;Udržujte sa vo forme a objavte posledné novinky zo sveta športu s tými najväčšími zárukami! Nakúpte <b>Joga blok Nike N1009017202</b> za najlepšiu cenu a užívajte si zdravý život!<br><br><ul><li>Farba: Gaštanová</li><li>Pohlavie: Unisex</li><li>Odporúčaný vek: Deti</li><li>Veľkosť: Jednotná veľkosť</li></ul>;Gardening & DIY;Pop Pulse Emporium;https://cdnbigbuy.com/images/0887791761750_S64189687_P00.jpg;https://cdnbigbuy.com/images/0887791761750_S64189687_P20.jpg;;;new;0.13;8.2;15.0;16.0
0887791761750;pl-PL;Bloczek do Jogi Nike N1009017202;Utrzymaj kondycję i odkryj wszystkie nowości związane z uprawianiem sportu z najkorzystniejszymi warunkami! Kupuj <b>Bloczek do Jogi Nike N1009017202</b> o najkorzystniejszej cenie i ciesz się zdrowym życiem!<br><br><ul><li>Kolor: Brązowy</li><li>Płeć: Unisex</li><li>Zalecany Wiek: Dorosłych</li><li>Rozmiar: Jeden rozmiar</li></ul>;Utrzymaj kondycję i odkryj wszystkie nowości związane z uprawianiem sportu z najkorzystniejszymi warunkami! Kupuj <b>Bloczek do Jogi Nike N1009017202</b> o najkorzystniejszej cenie i ciesz się zdrowym życiem!<br><br><ul><li>Kolor: Brązowy</li><li>Płeć: Unisex</li><li>Zalecany Wiek: Dorosłych</li><li>Rozmiar: Jeden rozmiar</li></ul>;Gardening & DIY;Pop Pulse Emporium;https://cdnbigbuy.com/images/0887791761750_S64189687_P00.jpg;https://cdnbigbuy.com/images/0887791761750_S64189687_P20.jpg;;;new;0.13;8.2;15.0;16.0
0887791761750;cs-CZ;Jógový blok Nike N1009017202;Zůstaňte ve formě a objevujte poslední novinky ze sportovního světa s největšími zárukami! Nakupte <b>Jógový blok Nike N1009017202</b> za nejlepší cenu a užívejte si života plného zdraví!<br><br><ul><li>Barva: Kaštanová</li><li>Pohlaví: Unisex</li><li>Doporučený věk: Dospělé</li><li>Velikost: Jednotná velikost</li></ul>;Zůstaňte ve formě a objevujte poslední novinky ze sportovního světa s největšími zárukami! Nakupte <b>Jógový blok Nike N1009017202</b> za nejlepší cenu a užívejte si života plného zdraví!<br><br><ul><li>Barva: Kaštanová</li><li>Pohlaví: Unisex</li><li>Doporučený věk: Dospělé</li><li>Velikost: Jednotná velikost</li></ul>;Gardening & DIY;Pop Pulse Emporium;https://cdnbigbuy.com/images/0887791761750_S64189687_P00.jpg;https://cdnbigbuy.com/images/0887791761750_S64189687_P20.jpg;;;new;0.13;8.2;15.0;16.0
5400974003697;de-AT;Fahrradhelm für Erwachsene Lazer BLC22278900MB Dunkelblau 52-56 cm;Bleiben Sie in Form und entdecken Sie die neuesten Innovationen der Branche, um mit den besten Voraussetzungen Sport zu betreiben! Kaufen Sie <b>Fahrradhelm für Erwachsene Lazer BLC22278900MB Dunkelblau 52-56 cm</b> zum besten Preis und genießen Sie ein gesundes Leben!<br><br><ul><li>Art: Helm</li><li>Farbe: Dunkelblau</li><li>Geschlecht: Unisex</li><li>Empfohlenes Alter: Erwachsene</li><li>Größe: 52-56 cm</li></ul>;Bleiben Sie in Form und entdecken Sie die neuesten Innovationen der Branche, um mit den besten Voraussetzungen Sport zu betreiben! Kaufen Sie <b>Fahrradhelm für Erwachsene Lazer BLC22278900MB Dunkelblau 52-56 cm</b> zum besten Preis und genießen Sie ein gesundes Leben!<br><br><ul><li>Art: Helm</li><li>Farbe: Dunkelblau</li><li>Geschlecht: Unisex</li><li>Empfohlenes Alter: Erwachsene</li><li>Größe: 52-56 cm</li></ul>;Gardening & DIY;Pop Pulse Emporium;https://cdnbigbuy.com/images/5400974003697_S64192615_P00.jpg;https://cdnbigbuy.com/images/5400974003697_S64192615_P50.jpg;https://cdnbigbuy.com/images/5400974003697_S64192615_P60.jpg;https://cdnbigbuy.com/images/5400974003697_S64192615_P20.jpg;new;0.64;26.8;25.0;21.2
5400974003697;de-DE;Fahrradhelm für Erwachsene Lazer BLC22278900MB Dunkelblau 52-56 cm;Bleiben Sie in Form und entdecken Sie die neuesten Innovationen der Branche, um mit den besten Voraussetzungen Sport zu betreiben! Kaufen Sie <b>Fahrradhelm für Erwachsene Lazer BLC22278900MB Dunkelblau 52-56 cm</b> zum besten Preis und genießen Sie ein gesundes Leben!<br><br><ul><li>Art: Helm</li><li>Farbe: Dunkelblau</li><li>Geschlecht: Unisex</li><li>Empfohlenes Alter: Erwachsene</li><li>Größe: 52-56 cm</li></ul>;Bleiben Sie in Form und entdecken Sie die neuesten Innovationen der Branche, um mit den besten Voraussetzungen Sport zu betreiben! Kaufen Sie <b>Fahrradhelm für Erwachsene Lazer BLC22278900MB Dunkelblau 52-56 cm</b> zum besten Preis und genießen Sie ein gesundes Leben!<br><br><ul><li>Art: Helm</li><li>Farbe: Dunkelblau</li><li>Geschlecht: Unisex</li><li>Empfohlenes Alter: Erwachsene</li><li>Größe: 52-56 cm</li></ul>;Gardening & DIY;Pop Pulse Emporium;https://cdnbigbuy.com/images/5400974003697_S64192615_P00.jpg;https://cdnbigbuy.com/images/5400974003697_S64192615_P50.jpg;https://cdnbigbuy.com/images/5400974003697_S64192615_P60.jpg;https://cdnbigbuy.com/images/5400974003697_S64192615_P20.jpg;new;0.64;26.8;25.0;21.2
5400974003697;sk-SK;Cyklistická helma pre dospelých Lazer BLC22278900MB Tmavo modrá 52-56 cm;Udržujte sa vo forme a objavte posledné novinky zo sveta športu s tými najväčšími zárukami! Nakúpte <b>Cyklistická helma pre dospelých Lazer BLC22278900MB Tmavo modrá 52-56 cm</b> za najlepšiu cenu a užívajte si zdravý život!<br><br><ul><li>Typ: Prilba</li><li>Farba: Tmavo modrá</li><li>Pohlavie: Unisex</li><li>Odporúčaný vek: Deti</li><li>Veľkosť: 52-56 cm</li></ul>;Udržujte sa vo forme a objavte posledné novinky zo sveta športu s tými najväčšími zárukami! Nakúpte <b>Cyklistická helma pre dospelých Lazer BLC22278900MB Tmavo modrá 52-56 cm</b> za najlepšiu cenu a užívajte si zdravý život!<br><br><ul><li>Typ: Prilba</li><li>Farba: Tmavo modrá</li><li>Pohlavie: Unisex</li><li>Odporúčaný vek: Deti</li><li>Veľkosť: 52-56 cm</li></ul>;Gardening & DIY;Pop Pulse Emporium;https://cdnbigbuy.com/images/5400974003697_S64192615_P00.jpg;https://cdnbigbuy.com/images/5400974003697_S64192615_P50.jpg;https://cdnbigbuy.com/images/5400974003697_S64192615_P60.jpg;https://cdnbigbuy.com/images/5400974003697_S64192615_P20.jpg;new;0.64;26.8;25.0;21.2
5400974003697;pl-PL;Kask rowerowy dla dorosłych Lazer BLC22278900MB Ciemnoniebieski 52-56 cm;Utrzymaj kondycję i odkryj wszystkie nowości związane z uprawianiem sportu z najkorzystniejszymi warunkami! Kupuj <b>Kask rowerowy dla dorosłych Lazer BLC22278900MB Ciemnoniebieski 52-56 cm</b> o najkorzystniejszej cenie i ciesz się zdrowym życiem!<br><br><ul><li>Rodzaj: Kask</li><li>Kolor: Ciemnoniebieski</li><li>Płeć: Unisex</li><li>Zalecany Wiek: Dorosłych</li><li>Rozmiar: 52-56 cm</li></ul>;Utrzymaj kondycję i odkryj wszystkie nowości związane z uprawianiem sportu z najkorzystniejszymi warunkami! Kupuj <b>Kask rowerowy dla dorosłych Lazer BLC22278900MB Ciemnoniebieski 52-56 cm</b> o najkorzystniejszej cenie i ciesz się zdrowym życiem!<br><br><ul><li>Rodzaj: Kask</li><li>Kolor: Ciemnoniebieski</li><li>Płeć: Unisex</li><li>Zalecany Wiek: Dorosłych</li><li>Rozmiar: 52-56 cm</li></ul>;Gardening & DIY;Pop Pulse Emporium;https://cdnbigbuy.com/images/5400974003697_S64192615_P00.jpg;https://cdnbigbuy.com/images/5400974003697_S64192615_P50.jpg;https://cdnbigbuy.com/images/5400974003697_S64192615_P60.jpg;https://cdnbigbuy.com/images/5400974003697_S64192615_P20.jpg;new;0.64;26.8;25.0;21.2
5400974003697;cs-CZ;Cyklistická přilba pro dospělé Lazer BLC22278900MB Tmavě modrá 52-56 cm;Zůstaňte ve formě a objevujte poslední novinky ze sportovního světa s největšími zárukami! Nakupte <b>Cyklistická přilba pro dospělé Lazer BLC22278900MB Tmavě modrá 52-56 cm</b> za nejlepší cenu a užívejte si života plného zdraví!<br><br><ul><li>Typ: Přilba</li><li>Barva: Tmavě modrá</li><li>Pohlaví: Unisex</li><li>Doporučený věk: Dospělé</li><li>Velikost: 52-56 cm</li></ul>;Zůstaňte ve formě a objevujte poslední novinky ze sportovního světa s největšími zárukami! Nakupte <b>Cyklistická přilba pro dospělé Lazer BLC22278900MB Tmavě modrá 52-56 cm</b> za nejlepší cenu a užívejte si života plného zdraví!<br><br><ul><li>Typ: Přilba</li><li>Barva: Tmavě modrá</li><li>Pohlaví: Unisex</li><li>Doporučený věk: Dospělé</li><li>Velikost: 52-56 cm</li></ul>;Gardening & DIY;Pop Pulse Emporium;https://cdnbigbuy.com/images/5400974003697_S64192615_P00.jpg;https://cdnbigbuy.com/images/5400974003697_S64192615_P50.jpg;https://cdnbigbuy.com/images/5400974003697_S64192615_P60.jpg;https://cdnbigbuy.com/images/5400974003697_S64192615_P20.jpg;new;0.64;26.8;25.0;21.2
3032167509222;de-AT;Roller Smoby;Wenn Sie auf der Suche nach trendigen Neuheiten auf dem Markt sind, präsentieren wir Ihnen <b>Roller Smoby</b>!<br><br><ul><li>Art: Roller</li><li>Empfohlenes Alter: <ul><li>+ 3 jahre</li><li>Kinder</li></ul></li></ul>;Wenn Sie auf der Suche nach trendigen Neuheiten auf dem Markt sind, präsentieren wir Ihnen <b>Roller Smoby</b>!<br><br><ul><li>Art: Roller</li><li>Empfohlenes Alter: <ul><li>+ 3 jahre</li><li>Kinder</li></ul></li></ul>;Gardening & DIY;Pop Pulse Emporium;https://cdnbigbuy.com/images/3032167509222_S71024657_P00.jpg;https://cdnbigbuy.com/images/3032167509222_S71024657_P10.jpg;https://cdnbigbuy.com/images/3032167509222_R10.jpg;https://cdnbigbuy.com/images/3032167509222_S71024657_P20.jpg;new;2.54;46.0;16.0;14.0
3032167509222;de-DE;Roller Smoby;Wenn Sie auf der Suche nach trendigen Neuheiten auf dem Markt sind, präsentieren wir Ihnen <b>Roller Smoby</b>!<br><br><ul><li>Art: Roller</li><li>Empfohlenes Alter: <ul><li>+ 3 jahre</li><li>Kinder</li></ul></li></ul>;Wenn Sie auf der Suche nach trendigen Neuheiten auf dem Markt sind, präsentieren wir Ihnen <b>Roller Smoby</b>!<br><br><ul><li>Art: Roller</li><li>Empfohlenes Alter: <ul><li>+ 3 jahre</li><li>Kinder</li></ul></li></ul>;Gardening & DIY;Pop Pulse Emporium;https://cdnbigbuy.com/images/3032167509222_S71024657_P00.jpg;https://cdnbigbuy.com/images/3032167509222_S71024657_P10.jpg;https://cdnbigbuy.com/images/3032167509222_R10.jpg;https://cdnbigbuy.com/images/3032167509222_S71024657_P20.jpg;new;2.54;46.0;16.0;14.0
3032167509222;sk-SK;Kolobežka Smoby;Ak hľadáte nové trendy na trhu, predstavujeme <b>Kolobežka Smoby</b>!<br><br><ul><li>Typ: Kolobežka</li><li>Odporúčaný vek: <ul><li>+ 3 rokov</li><li>Chlapci</li></ul></li></ul>;Ak hľadáte nové trendy na trhu, predstavujeme <b>Kolobežka Smoby</b>!<br><br><ul><li>Typ: Kolobežka</li><li>Odporúčaný vek: <ul><li>+ 3 rokov</li><li>Chlapci</li></ul></li></ul>;Gardening & DIY;Pop Pulse Emporium;https://cdnbigbuy.com/images/3032167509222_S71024657_P00.jpg;https://cdnbigbuy.com/images/3032167509222_S71024657_P10.jpg;https://cdnbigbuy.com/images/3032167509222_R10.jpg;https://cdnbigbuy.com/images/3032167509222_S71024657_P20.jpg;new;2.54;46.0;16.0;14.0
3032167509222;pl-PL;Hulajnoga Smoby;Jeśli szukasz trendów na rynku, prezentujemy <b>Hulajnoga Smoby</b>!<br><br><ul><li>Rodzaj: Hulajnoga</li><li>Zalecany Wiek: <ul><li>+ 3 lat</li><li>Dzieci</li></ul></li></ul>;Jeśli szukasz trendów na rynku, prezentujemy <b>Hulajnoga Smoby</b>!<br><br><ul><li>Rodzaj: Hulajnoga</li><li>Zalecany Wiek: <ul><li>+ 3 lat</li><li>Dzieci</li></ul></li></ul>;Gardening & DIY;Pop Pulse Emporium;https://cdnbigbuy.com/images/3032167509222_S71024657_P00.jpg;https://cdnbigbuy.com/images/3032167509222_S71024657_P10.jpg;https://cdnbigbuy.com/images/3032167509222_R10.jpg;https://cdnbigbuy.com/images/3032167509222_S71024657_P20.jpg;new;2.54;46.0;16.0;14.0
3032167509222;cs-CZ;Koloběžka Smoby;Pokud hledáte nejnovější trendy na trhu, máme tu čest vám představit <b>Koloběžka Smoby</b>!<br><br><ul><li>Typ: Koloběžka</li><li>Doporučený věk: <ul><li>+ 3 roků</li><li>Chlapečci</li></ul></li></ul>;Pokud hledáte nejnovější trendy na trhu, máme tu čest vám představit <b>Koloběžka Smoby</b>!<br><br><ul><li>Typ: Koloběžka</li><li>Doporučený věk: <ul><li>+ 3 roků</li><li>Chlapečci</li></ul></li></ul>;Gardening & DIY;Pop Pulse Emporium;https://cdnbigbuy.com/images/3032167509222_S71024657_P00.jpg;https://cdnbigbuy.com/images/3032167509222_S71024657_P10.jpg;https://cdnbigbuy.com/images/3032167509222_R10.jpg;https://cdnbigbuy.com/images/3032167509222_S71024657_P20.jpg;new;2.54;46.0;16.0;14.0
8033280490225;de-AT;Sportjackefür Herren Sparco;Bleiben Sie in Form und entdecken Sie die neuesten Innovationen der Branche, um mit den besten Voraussetzungen Sport zu betreiben! Kaufen Sie <b>Sportjackefür Herren Sparco</b> zum besten Preis und genießen Sie ein gesundes Leben!<br><br><ul><li>Art: Sportjacke</li><li>Merkmale: In der Maschine waschbar</li></ul>;Bleiben Sie in Form und entdecken Sie die neuesten Innovationen der Branche, um mit den besten Voraussetzungen Sport zu betreiben! Kaufen Sie <b>Sportjackefür Herren Sparco</b> zum besten Preis und genießen Sie ein gesundes Leben!<br><br><ul><li>Art: Sportjacke</li><li>Merkmale: In der Maschine waschbar</li></ul>;Gardening & DIY;Pop Pulse Emporium;https://cdnbigbuy.com/images/8033280490225_R00.jpg;;;;new;0.94;7.1;30.6;29.0
8033280490225;de-DE;Sportjackefür Herren Sparco;Bleiben Sie in Form und entdecken Sie die neuesten Innovationen der Branche, um mit den besten Voraussetzungen Sport zu betreiben! Kaufen Sie <b>Sportjackefür Herren Sparco</b> zum besten Preis und genießen Sie ein gesundes Leben!<br><br><ul><li>Art: Sportjacke</li><li>Merkmale: In der Maschine waschbar</li></ul>;Bleiben Sie in Form und entdecken Sie die neuesten Innovationen der Branche, um mit den besten Voraussetzungen Sport zu betreiben! Kaufen Sie <b>Sportjackefür Herren Sparco</b> zum besten Preis und genießen Sie ein gesundes Leben!<br><br><ul><li>Art: Sportjacke</li><li>Merkmale: In der Maschine waschbar</li></ul>;Gardening & DIY;Pop Pulse Emporium;https://cdnbigbuy.com/images/8033280490225_R00.jpg;;;;new;0.94;7.1;30.6;29.0
8033280490225;sk-SK;Pánska športová bunda Sparco;Udržujte sa vo forme a objavte posledné novinky zo sveta športu s tými najväčšími zárukami! Nakúpte <b>Pánska športová bunda Sparco</b> za najlepšiu cenu a užívajte si zdravý život!<br><br><ul><li>Typ: Športová bunda</li><li>Vlastnosti: Možno prať v práčke</li></ul>;Udržujte sa vo forme a objavte posledné novinky zo sveta športu s tými najväčšími zárukami! Nakúpte <b>Pánska športová bunda Sparco</b> za najlepšiu cenu a užívajte si zdravý život!<br><br><ul><li>Typ: Športová bunda</li><li>Vlastnosti: Možno prať v práčke</li></ul>;Gardening & DIY;Pop Pulse Emporium;https://cdnbigbuy.com/images/8033280490225_R00.jpg;;;;new;0.94;7.1;30.6;29.0
8033280490225;pl-PL;Męska kurtka sportowa Sparco;Utrzymaj kondycję i odkryj wszystkie nowości związane z uprawianiem sportu z najkorzystniejszymi warunkami! Kupuj <b>Męska kurtka sportowa Sparco</b> o najkorzystniejszej cenie i ciesz się zdrowym życiem!<br><br><ul><li>Rodzaj: Kurtka sportowa</li><li>Właściwości: Można prać w pralce</li></ul>;Utrzymaj kondycję i odkryj wszystkie nowości związane z uprawianiem sportu z najkorzystniejszymi warunkami! Kupuj <b>Męska kurtka sportowa Sparco</b> o najkorzystniejszej cenie i ciesz się zdrowym życiem!<br><br><ul><li>Rodzaj: Kurtka sportowa</li><li>Właściwości: Można prać w pralce</li></ul>;Gardening & DIY;Pop Pulse Emporium;https://cdnbigbuy.com/images/8033280490225_R00.jpg;;;;new;0.94;7.1;30.6;29.0
8033280490225;cs-CZ;Pánská sportovní bunda Sparco;Zůstaňte ve formě a objevujte poslední novinky ze sportovního světa s největšími zárukami! Nakupte <b>Pánská sportovní bunda Sparco</b> za nejlepší cenu a užívejte si života plného zdraví!<br><br><ul><li>Typ: Sportovní bunda</li><li>Vlastnosti: Pratelný v pračce</li></ul>;Zůstaňte ve formě a objevujte poslední novinky ze sportovního světa s největšími zárukami! Nakupte <b>Pánská sportovní bunda Sparco</b> za nejlepší cenu a užívejte si života plného zdraví!<br><br><ul><li>Typ: Sportovní bunda</li><li>Vlastnosti: Pratelný v pračce</li></ul>;Gardening & DIY;Pop Pulse Emporium;https://cdnbigbuy.com/images/8033280490225_R00.jpg;;;;new;0.94;7.1;30.6;29.0
4004625550571;de-AT;Gaskocher Rothenberger PREMIUM RS 220;Bleiben Sie in Form und entdecken Sie die neuesten Innovationen der Branche, um mit den besten Voraussetzungen Sport zu betreiben! Kaufen Sie <b>Gaskocher Rothenberger PREMIUM RS 220</b> zum besten Preis und genießen Sie ein gesundes Leben!<br><br><ul><li>Art: Gaskocher</li><li>Farbe: Grau</li><li>Material: <ul><li>Stahl</li><li>Edelstahl</li></ul></li><li>Merkmale: Piezo-Zündung</li><li>Leistung: 2200 W</li></ul>;Bleiben Sie in Form und entdecken Sie die neuesten Innovationen der Branche, um mit den besten Voraussetzungen Sport zu betreiben! Kaufen Sie <b>Gaskocher Rothenberger PREMIUM RS 220</b> zum besten Preis und genießen Sie ein gesundes Leben!<br><br><ul><li>Art: Gaskocher</li><li>Farbe: Grau</li><li>Material: <ul><li>Stahl</li><li>Edelstahl</li></ul></li><li>Merkmale: Piezo-Zündung</li><li>Leistung: 2200 W</li></ul>;Gardening & DIY;Pop Pulse Emporium;https://cdnbigbuy.com/images/S71002310_1756207300-remove-background0.jpg;https://cdnbigbuy.com/images/4004625550571_S71002310_P10.jpg;https://cdnbigbuy.com/images/4004625550571_S71002310_P20.jpg;https://cdnbigbuy.com/images/4004625550571_S71002310_P00.jpg;new;2.59;33.0;36.0;14.0
4004625550571;de-DE;Gaskocher Rothenberger PREMIUM RS 220;Bleiben Sie in Form und entdecken Sie die neuesten Innovationen der Branche, um mit den besten Voraussetzungen Sport zu betreiben! Kaufen Sie <b>Gaskocher Rothenberger PREMIUM RS 220</b> zum besten Preis und genießen Sie ein gesundes Leben!<br><br><ul><li>Art: Gaskocher</li><li>Farbe: Grau</li><li>Material: <ul><li>Stahl</li><li>Edelstahl</li></ul></li><li>Merkmale: Piezo-Zündung</li><li>Leistung: 2200 W</li></ul>;Bleiben Sie in Form und entdecken Sie die neuesten Innovationen der Branche, um mit den besten Voraussetzungen Sport zu betreiben! Kaufen Sie <b>Gaskocher Rothenberger PREMIUM RS 220</b> zum besten Preis und genießen Sie ein gesundes Leben!<br><br><ul><li>Art: Gaskocher</li><li>Farbe: Grau</li><li>Material: <ul><li>Stahl</li><li>Edelstahl</li></ul></li><li>Merkmale: Piezo-Zündung</li><li>Leistung: 2200 W</li></ul>;Gardening & DIY;Pop Pulse Emporium;https://cdnbigbuy.com/images/S71002310_1756207300-remove-background0.jpg;https://cdnbigbuy.com/images/4004625550571_S71002310_P10.jpg;https://cdnbigbuy.com/images/4004625550571_S71002310_P20.jpg;https://cdnbigbuy.com/images/4004625550571_S71002310_P00.jpg;new;2.59;33.0;36.0;14.0
4004625550571;sk-SK;plynový varič Rothenberger PREMIUM RS 220;Udržujte sa vo forme a objavte posledné novinky zo sveta športu s tými najväčšími zárukami! Nakúpte <b>plynový varič Rothenberger PREMIUM RS 220</b> za najlepšiu cenu a užívajte si zdravý život!<br><br><ul><li>Typ: plynový varič</li><li>Farba: Sivá</li><li>Materiál: <ul><li>Oceľ</li><li>Nerezová oceľ</li></ul></li><li>Vlastnosti: Piezoelektrické zapaľovanie</li><li>Príkon: 2200 W</li></ul>;Udržujte sa vo forme a objavte posledné novinky zo sveta športu s tými najväčšími zárukami! Nakúpte <b>plynový varič Rothenberger PREMIUM RS 220</b> za najlepšiu cenu a užívajte si zdravý život!<br><br><ul><li>Typ: plynový varič</li><li>Farba: Sivá</li><li>Materiál: <ul><li>Oceľ</li><li>Nerezová oceľ</li></ul></li><li>Vlastnosti: Piezoelektrické zapaľovanie</li><li>Príkon: 2200 W</li></ul>;Gardening & DIY;Pop Pulse Emporium;https://cdnbigbuy.com/images/S71002310_1756207300-remove-background0.jpg;https://cdnbigbuy.com/images/4004625550571_S71002310_P10.jpg;https://cdnbigbuy.com/images/4004625550571_S71002310_P20.jpg;https://cdnbigbuy.com/images/4004625550571_S71002310_P00.jpg;new;2.59;33.0;36.0;14.0
4004625550571;pl-PL;gazowa kuchenka turystyczna Rothenberger PREMIUM RS 220;Utrzymaj kondycję i odkryj wszystkie nowości związane z uprawianiem sportu z najkorzystniejszymi warunkami! Kupuj <b>gazowa kuchenka turystyczna Rothenberger PREMIUM RS 220</b> o najkorzystniejszej cenie i ciesz się zdrowym życiem!<br><br><ul><li>Rodzaj: gazowa kuchenka turystyczna</li><li>Kolor: Szary</li><li>Materiał: <ul><li>Stal</li><li>Stal nierdzewna</li></ul></li><li>Właściwości: Zapłon piezoelektryczny</li><li>Moc: 2200 W</li></ul>;Utrzymaj kondycję i odkryj wszystkie nowości związane z uprawianiem sportu z najkorzystniejszymi warunkami! Kupuj <b>gazowa kuchenka turystyczna Rothenberger PREMIUM RS 220</b> o najkorzystniejszej cenie i ciesz się zdrowym życiem!<br><br><ul><li>Rodzaj: gazowa kuchenka turystyczna</li><li>Kolor: Szary</li><li>Materiał: <ul><li>Stal</li><li>Stal nierdzewna</li></ul></li><li>Właściwości: Zapłon piezoelektryczny</li><li>Moc: 2200 W</li></ul>;Gardening & DIY;Pop Pulse Emporium;https://cdnbigbuy.com/images/S71002310_1756207300-remove-background0.jpg;https://cdnbigbuy.com/images/4004625550571_S71002310_P10.jpg;https://cdnbigbuy.com/images/4004625550571_S71002310_P20.jpg;https://cdnbigbuy.com/images/4004625550571_S71002310_P00.jpg;new;2.59;33.0;36.0;14.0
4004625550571;cs-CZ;plynový vařič Rothenberger PREMIUM RS 220;Zůstaňte ve formě a objevujte poslední novinky ze sportovního světa s největšími zárukami! Nakupte <b>plynový vařič Rothenberger PREMIUM RS 220</b> za nejlepší cenu a užívejte si života plného zdraví!<br><br><ul><li>Typ: plynový vařič</li><li>Barva: Šedý</li><li>Materiál: <ul><li>Ocel</li><li>Nerezová ocel</li></ul></li><li>Vlastnosti: Piezoelektrické zapalování</li><li>Příkon: 2200 W</li></ul>;Zůstaňte ve formě a objevujte poslední novinky ze sportovního světa s největšími zárukami! Nakupte <b>plynový vařič Rothenberger PREMIUM RS 220</b> za nejlepší cenu a užívejte si života plného zdraví!<br><br><ul><li>Typ: plynový vařič</li><li>Barva: Šedý</li><li>Materiál: <ul><li>Ocel</li><li>Nerezová ocel</li></ul></li><li>Vlastnosti: Piezoelektrické zapalování</li><li>Příkon: 2200 W</li></ul>;Gardening & DIY;Pop Pulse Emporium;https://cdnbigbuy.com/images/S71002310_1756207300-remove-background0.jpg;https://cdnbigbuy.com/images/4004625550571_S71002310_P10.jpg;https://cdnbigbuy.com/images/4004625550571_S71002310_P20.jpg;https://cdnbigbuy.com/images/4004625550571_S71002310_P00.jpg;new;2.59;33.0;36.0;14.0
8445954142437;de-AT;Fussball Joma Sport Top 5 Pentaforce Bunt 58 cm;Bleiben Sie in Form und entdecken Sie die neuesten Innovationen der Branche, um mit den besten Voraussetzungen Sport zu betreiben! Kaufen Sie <b>Fussball Joma Sport Top 5 Pentaforce Bunt 58 cm</b> zum besten Preis und genießen Sie ein gesundes Leben!<br><br><ul><li>Art: Fussball</li><li>Farbe: Bunt</li><li>Geschlecht: Unisex</li><li>Empfohlenes Alter: Erwachsene</li><li>Größe: 58 cm</li></ul>;Bleiben Sie in Form und entdecken Sie die neuesten Innovationen der Branche, um mit den besten Voraussetzungen Sport zu betreiben! Kaufen Sie <b>Fussball Joma Sport Top 5 Pentaforce Bunt 58 cm</b> zum besten Preis und genießen Sie ein gesundes Leben!<br><br><ul><li>Art: Fussball</li><li>Farbe: Bunt</li><li>Geschlecht: Unisex</li><li>Empfohlenes Alter: Erwachsene</li><li>Größe: 58 cm</li></ul>;Gardening & DIY;Pop Pulse Emporium;https://cdnbigbuy.com/images/8445954142437_S64193608_P00.jpg;https://cdnbigbuy.com/images/193544_tallas-pelotas0.jpg;https://cdnbigbuy.com/images/8445954142437_S64193608_P10.jpg;https://cdnbigbuy.com/images/8445954142437_S64193608_P20.jpg;new;0.59;19.8;22.9;20.4
8445954142437;de-DE;Fussball Joma Sport Top 5 Pentaforce Bunt 58 cm;Bleiben Sie in Form und entdecken Sie die neuesten Innovationen der Branche, um mit den besten Voraussetzungen Sport zu betreiben! Kaufen Sie <b>Fussball Joma Sport Top 5 Pentaforce Bunt 58 cm</b> zum besten Preis und genießen Sie ein gesundes Leben!<br><br><ul><li>Art: Fussball</li><li>Farbe: Bunt</li><li>Geschlecht: Unisex</li><li>Empfohlenes Alter: Erwachsene</li><li>Größe: 58 cm</li></ul>;Bleiben Sie in Form und entdecken Sie die neuesten Innovationen der Branche, um mit den besten Voraussetzungen Sport zu betreiben! Kaufen Sie <b>Fussball Joma Sport Top 5 Pentaforce Bunt 58 cm</b> zum besten Preis und genießen Sie ein gesundes Leben!<br><br><ul><li>Art: Fussball</li><li>Farbe: Bunt</li><li>Geschlecht: Unisex</li><li>Empfohlenes Alter: Erwachsene</li><li>Größe: 58 cm</li></ul>;Gardening & DIY;Pop Pulse Emporium;https://cdnbigbuy.com/images/8445954142437_S64193608_P00.jpg;https://cdnbigbuy.com/images/193544_tallas-pelotas0.jpg;https://cdnbigbuy.com/images/8445954142437_S64193608_P10.jpg;https://cdnbigbuy.com/images/8445954142437_S64193608_P20.jpg;new;0.59;19.8;22.9;20.4
8445954142437;sk-SK;Futbalová lopta Joma Sport Top 5 Pentaforce Viacfarebná 58 cm;Udržujte sa vo forme a objavte posledné novinky zo sveta športu s tými najväčšími zárukami! Nakúpte <b>Futbalová lopta Joma Sport Top 5 Pentaforce Viacfarebná 58 cm</b> za najlepšiu cenu a užívajte si zdravý život!<br><br><ul><li>Typ: Futbalová lopta</li><li>Farba: Viacfarebná</li><li>Pohlavie: Unisex</li><li>Odporúčaný vek: Deti</li><li>Veľkosť: 58 cm</li></ul>;Udržujte sa vo forme a objavte posledné novinky zo sveta športu s tými najväčšími zárukami! Nakúpte <b>Futbalová lopta Joma Sport Top 5 Pentaforce Viacfarebná 58 cm</b> za najlepšiu cenu a užívajte si zdravý život!<br><br><ul><li>Typ: Futbalová lopta</li><li>Farba: Viacfarebná</li><li>Pohlavie: Unisex</li><li>Odporúčaný vek: Deti</li><li>Veľkosť: 58 cm</li></ul>;Gardening & DIY;Pop Pulse Emporium;https://cdnbigbuy.com/images/8445954142437_S64193608_P00.jpg;https://cdnbigbuy.com/images/193544_tallas-pelotas0.jpg;https://cdnbigbuy.com/images/8445954142437_S64193608_P10.jpg;https://cdnbigbuy.com/images/8445954142437_S64193608_P20.jpg;new;0.59;19.8;22.9;20.4
8445954142437;pl-PL;Piłka Nożna Joma Sport Top 5 Pentaforce Wielokolorowy 58 cm;Utrzymaj kondycję i odkryj wszystkie nowości związane z uprawianiem sportu z najkorzystniejszymi warunkami! Kupuj <b>Piłka Nożna Joma Sport Top 5 Pentaforce Wielokolorowy 58 cm</b> o najkorzystniejszej cenie i ciesz się zdrowym życiem!<br><br><ul><li>Rodzaj: Piłka Nożna</li><li>Kolor: Wielokolorowy</li><li>Płeć: Unisex</li><li>Zalecany Wiek: Dorosłych</li><li>Rozmiar: 58 cm</li></ul>;Utrzymaj kondycję i odkryj wszystkie nowości związane z uprawianiem sportu z najkorzystniejszymi warunkami! Kupuj <b>Piłka Nożna Joma Sport Top 5 Pentaforce Wielokolorowy 58 cm</b> o najkorzystniejszej cenie i ciesz się zdrowym życiem!<br><br><ul><li>Rodzaj: Piłka Nożna</li><li>Kolor: Wielokolorowy</li><li>Płeć: Unisex</li><li>Zalecany Wiek: Dorosłych</li><li>Rozmiar: 58 cm</li></ul>;Gardening & DIY;Pop Pulse Emporium;https://cdnbigbuy.com/images/8445954142437_S64193608_P00.jpg;https://cdnbigbuy.com/images/193544_tallas-pelotas0.jpg;https://cdnbigbuy.com/images/8445954142437_S64193608_P10.jpg;https://cdnbigbuy.com/images/8445954142437_S64193608_P20.jpg;new;0.59;19.8;22.9;20.4
8445954142437;cs-CZ;Fotbalový míč Joma Sport Top 5 Pentaforce Vícebarevný 58 cm;Zůstaňte ve formě a objevujte poslední novinky ze sportovního světa s největšími zárukami! Nakupte <b>Fotbalový míč Joma Sport Top 5 Pentaforce Vícebarevný 58 cm</b> za nejlepší cenu a užívejte si života plného zdraví!<br><br><ul><li>Typ: Fotbalový míč</li><li>Barva: Vícebarevný</li><li>Pohlaví: Unisex</li><li>Doporučený věk: Dospělé</li><li>Velikost: 58 cm</li></ul>;Zůstaňte ve formě a objevujte poslední novinky ze sportovního světa s největšími zárukami! Nakupte <b>Fotbalový míč Joma Sport Top 5 Pentaforce Vícebarevný 58 cm</b> za nejlepší cenu a užívejte si života plného zdraví!<br><br><ul><li>Typ: Fotbalový míč</li><li>Barva: Vícebarevný</li><li>Pohlaví: Unisex</li><li>Doporučený věk: Dospělé</li><li>Velikost: 58 cm</li></ul>;Gardening & DIY;Pop Pulse Emporium;https://cdnbigbuy.com/images/8445954142437_S64193608_P00.jpg;https://cdnbigbuy.com/images/193544_tallas-pelotas0.jpg;https://cdnbigbuy.com/images/8445954142437_S64193608_P10.jpg;https://cdnbigbuy.com/images/8445954142437_S64193608_P20.jpg;new;0.59;19.8;22.9;20.4
4899888812067;de-AT;Angelstuhl Gift Decor Grau 79 x 47 x 79 cm (8 Stück);Bleiben Sie in Form und entdecken Sie die neuesten Innovationen der Branche, um mit den besten Voraussetzungen Sport zu betreiben! Kaufen Sie <b>Angelstuhl Gift Decor Grau 79 x 47 x 79 cm (8 Stück)</b> zum besten Preis und genießen Sie ein gesundes Leben!<br><br><ul><li>Art: Stuhl</li><li>Farbe: Grau</li><li>Material: Polyester</li><li>Maße ca.: 79 x 47 x 79 cm</li><li>Stückzahl: 8 Stück</li></ul>;Bleiben Sie in Form und entdecken Sie die neuesten Innovationen der Branche, um mit den besten Voraussetzungen Sport zu betreiben! Kaufen Sie <b>Angelstuhl Gift Decor Grau 79 x 47 x 79 cm (8 Stück)</b> zum besten Preis und genießen Sie ein gesundes Leben!<br><br><ul><li>Art: Stuhl</li><li>Farbe: Grau</li><li>Material: Polyester</li><li>Maße ca.: 79 x 47 x 79 cm</li><li>Stückzahl: 8 Stück</li></ul>;Gardening & DIY;Pop Pulse Emporium;https://cdnbigbuy.com/images/s3633903_81177_1758635218-cropped_icon0.jpg;https://cdnbigbuy.com/images/S3633903_81177_1758635218-cropped0.jpg;https://cdnbigbuy.com/images/S3633903_81177_1758635246-cropped0.jpg;;new;14.2;27.0;41.0;83.0
4899888812067;de-DE;Angelstuhl Gift Decor Grau 79 x 47 x 79 cm (8 Stück);Bleiben Sie in Form und entdecken Sie die neuesten Innovationen der Branche, um mit den besten Voraussetzungen Sport zu betreiben! Kaufen Sie <b>Angelstuhl Gift Decor Grau 79 x 47 x 79 cm (8 Stück)</b> zum besten Preis und genießen Sie ein gesundes Leben!<br><br><ul><li>Art: Stuhl</li><li>Farbe: Grau</li><li>Material: Polyester</li><li>Maße ca.: 79 x 47 x 79 cm</li><li>Stückzahl: 8 Stück</li></ul>;Bleiben Sie in Form und entdecken Sie die neuesten Innovationen der Branche, um mit den besten Voraussetzungen Sport zu betreiben! Kaufen Sie <b>Angelstuhl Gift Decor Grau 79 x 47 x 79 cm (8 Stück)</b> zum besten Preis und genießen Sie ein gesundes Leben!<br><br><ul><li>Art: Stuhl</li><li>Farbe: Grau</li><li>Material: Polyester</li><li>Maße ca.: 79 x 47 x 79 cm</li><li>Stückzahl: 8 Stück</li></ul>;Gardening & DIY;Pop Pulse Emporium;https://cdnbigbuy.com/images/s3633903_81177_1758635218-cropped_icon0.jpg;https://cdnbigbuy.com/images/S3633903_81177_1758635218-cropped0.jpg;https://cdnbigbuy.com/images/S3633903_81177_1758635246-cropped0.jpg;;new;14.2;27.0;41.0;83.0
4899888812067;sk-SK;Rybárska Stolička Gift Decor Sivá 79 x 47 x 79 cm (8 kusov);Udržujte sa vo forme a objavte posledné novinky zo sveta športu s tými najväčšími zárukami! Nakúpte <b>Rybárska Stolička Gift Decor Sivá 79 x 47 x 79 cm (8 kusov)</b> za najlepšiu cenu a užívajte si zdravý život!<br><br><ul><li>Typ: Stol</li><li>Farba: Sivá</li><li>Materiál: Polyester</li><li>Približné rozmery: 79 x 47 x 79 cm</li><li>Kusov: 8 kusov</li></ul>;Udržujte sa vo forme a objavte posledné novinky zo sveta športu s tými najväčšími zárukami! Nakúpte <b>Rybárska Stolička Gift Decor Sivá 79 x 47 x 79 cm (8 kusov)</b> za najlepšiu cenu a užívajte si zdravý život!<br><br><ul><li>Typ: Stol</li><li>Farba: Sivá</li><li>Materiál: Polyester</li><li>Približné rozmery: 79 x 47 x 79 cm</li><li>Kusov: 8 kusov</li></ul>;Gardening & DIY;Pop Pulse Emporium;https://cdnbigbuy.com/images/s3633903_81177_1758635218-cropped_icon0.jpg;https://cdnbigbuy.com/images/S3633903_81177_1758635218-cropped0.jpg;https://cdnbigbuy.com/images/S3633903_81177_1758635246-cropped0.jpg;;new;14.2;27.0;41.0;83.0
4899888812067;pl-PL;Krzesło Wędkarskie Gift Decor Szary 79 x 47 x 79 cm (8 Sztuk);Utrzymaj kondycję i odkryj wszystkie nowości związane z uprawianiem sportu z najkorzystniejszymi warunkami! Kupuj <b>Krzesło Wędkarskie Gift Decor Szary 79 x 47 x 79 cm (8 Sztuk)</b> o najkorzystniejszej cenie i ciesz się zdrowym życiem!<br><br><ul><li>Rodzaj: Krzesło</li><li>Kolor: Szary</li><li>Materiał: Poliester</li><li>Wymiary ok.: 79 x 47 x 79 cm</li><li>Sztuk: 8 Sztuk</li></ul>;Utrzymaj kondycję i odkryj wszystkie nowości związane z uprawianiem sportu z najkorzystniejszymi warunkami! Kupuj <b>Krzesło Wędkarskie Gift Decor Szary 79 x 47 x 79 cm (8 Sztuk)</b> o najkorzystniejszej cenie i ciesz się zdrowym życiem!<br><br><ul><li>Rodzaj: Krzesło</li><li>Kolor: Szary</li><li>Materiał: Poliester</li><li>Wymiary ok.: 79 x 47 x 79 cm</li><li>Sztuk: 8 Sztuk</li></ul>;Gardening & DIY;Pop Pulse Emporium;https://cdnbigbuy.com/images/s3633903_81177_1758635218-cropped_icon0.jpg;https://cdnbigbuy.com/images/S3633903_81177_1758635218-cropped0.jpg;https://cdnbigbuy.com/images/S3633903_81177_1758635246-cropped0.jpg;;new;14.2;27.0;41.0;83.0
4899888812067;cs-CZ;Rybářská Židle Gift Decor Šedý 79 x 47 x 79 cm (8 kusů);Zůstaňte ve formě a objevujte poslední novinky ze sportovního světa s největšími zárukami! Nakupte <b>Rybářská Židle Gift Decor Šedý 79 x 47 x 79 cm (8 kusů)</b> za nejlepší cenu a užívejte si života plného zdraví!<br><br><ul><li>Typ: Židle</li><li>Barva: Šedý</li><li>Materiál: Polyester</li><li>Přibližné rozměry: 79 x 47 x 79 cm</li><li>Kusů: 8 kusů</li></ul>;Zůstaňte ve formě a objevujte poslední novinky ze sportovního světa s největšími zárukami! Nakupte <b>Rybářská Židle Gift Decor Šedý 79 x 47 x 79 cm (8 kusů)</b> za nejlepší cenu a užívejte si života plného zdraví!<br><br><ul><li>Typ: Židle</li><li>Barva: Šedý</li><li>Materiál: Polyester</li><li>Přibližné rozměry: 79 x 47 x 79 cm</li><li>Kusů: 8 kusů</li></ul>;Gardening & DIY;Pop Pulse Emporium;https://cdnbigbuy.com/images/s3633903_81177_1758635218-cropped_icon0.jpg;https://cdnbigbuy.com/images/S3633903_81177_1758635218-cropped0.jpg;https://cdnbigbuy.com/images/S3633903_81177_1758635246-cropped0.jpg;;new;14.2;27.0;41.0;83.0
4016224150519;de-AT;Vorderlicht Sigma 15051;Bleiben Sie in Form und entdecken Sie die neuesten Innovationen der Branche, um mit den besten Voraussetzungen Sport zu betreiben! Kaufen Sie <b>Vorderlicht Sigma 15051</b> zum besten Preis und genießen Sie ein gesundes Leben!<br><br><ul><li>Farbe: Rot</li><li>Material: Kunststoff</li><li>Merkmale: Water resistant</li><li>Stromquelle: Batterie</li><li>Inklusive Batterien: Ja</li><li>Batteriebetrieben: AA x 1, im lieferumfang enthalten</li></ul>;Bleiben Sie in Form und entdecken Sie die neuesten Innovationen der Branche, um mit den besten Voraussetzungen Sport zu betreiben! Kaufen Sie <b>Vorderlicht Sigma 15051</b> zum besten Preis und genießen Sie ein gesundes Leben!<br><br><ul><li>Farbe: Rot</li><li>Material: Kunststoff</li><li>Merkmale: Water resistant</li><li>Stromquelle: Batterie</li><li>Inklusive Batterien: Ja</li><li>Batteriebetrieben: AA x 1, im lieferumfang enthalten</li></ul>;Gardening & DIY;Pop Pulse Emporium;https://cdnbigbuy.com/images/4016224150519_M0316031_P00.jpg;https://cdnbigbuy.com/images/4016224150519_R00.jpg;https://cdnbigbuy.com/images/4016224150519_R10.jpg;https://cdnbigbuy.com/images/4016224150519_R20.jpg;new;0.02;12.0;12.0;3.0
4016224150519;de-DE;Vorderlicht Sigma 15051;Bleiben Sie in Form und entdecken Sie die neuesten Innovationen der Branche, um mit den besten Voraussetzungen Sport zu betreiben! Kaufen Sie <b>Vorderlicht Sigma 15051</b> zum besten Preis und genießen Sie ein gesundes Leben!<br><br><ul><li>Farbe: Rot</li><li>Material: Kunststoff</li><li>Merkmale: Water resistant</li><li>Stromquelle: Batterie</li><li>Inklusive Batterien: Ja</li><li>Batteriebetrieben: AA x 1, im lieferumfang enthalten</li></ul>;Bleiben Sie in Form und entdecken Sie die neuesten Innovationen der Branche, um mit den besten Voraussetzungen Sport zu betreiben! Kaufen Sie <b>Vorderlicht Sigma 15051</b> zum besten Preis und genießen Sie ein gesundes Leben!<br><br><ul><li>Farbe: Rot</li><li>Material: Kunststoff</li><li>Merkmale: Water resistant</li><li>Stromquelle: Batterie</li><li>Inklusive Batterien: Ja</li><li>Batteriebetrieben: AA x 1, im lieferumfang enthalten</li></ul>;Gardening & DIY;Pop Pulse Emporium;https://cdnbigbuy.com/images/4016224150519_M0316031_P00.jpg;https://cdnbigbuy.com/images/4016224150519_R00.jpg;https://cdnbigbuy.com/images/4016224150519_R10.jpg;https://cdnbigbuy.com/images/4016224150519_R20.jpg;new;0.02;12.0;12.0;3.0
4016224150519;sk-SK;Predné svetlo Sigma 15051;Udržujte sa vo forme a objavte posledné novinky zo sveta športu s tými najväčšími zárukami! Nakúpte <b>Predné svetlo Sigma 15051</b> za najlepšiu cenu a užívajte si zdravý život!<br><br><ul><li>Farba: Červená</li><li>Materiál: Plastické</li><li>Vlastnosti: Vodeodolný</li><li>Napájací Zdroj: Batérie</li><li>Vrátane batérií: áno</li><li>Funguje na batérie: AA x 1, priložené</li></ul>;Udržujte sa vo forme a objavte posledné novinky zo sveta športu s tými najväčšími zárukami! Nakúpte <b>Predné svetlo Sigma 15051</b> za najlepšiu cenu a užívajte si zdravý život!<br><br><ul><li>Farba: Červená</li><li>Materiál: Plastické</li><li>Vlastnosti: Vodeodolný</li><li>Napájací Zdroj: Batérie</li><li>Vrátane batérií: áno</li><li>Funguje na batérie: AA x 1, priložené</li></ul>;Gardening & DIY;Pop Pulse Emporium;https://cdnbigbuy.com/images/4016224150519_M0316031_P00.jpg;https://cdnbigbuy.com/images/4016224150519_R00.jpg;https://cdnbigbuy.com/images/4016224150519_R10.jpg;https://cdnbigbuy.com/images/4016224150519_R20.jpg;new;0.02;12.0;12.0;3.0
4016224150519;pl-PL;Przednie światło Sigma 15051;Utrzymaj kondycję i odkryj wszystkie nowości związane z uprawianiem sportu z najkorzystniejszymi warunkami! Kupuj <b>Przednie światło Sigma 15051</b> o najkorzystniejszej cenie i ciesz się zdrowym życiem!<br><br><ul><li>Kolor: Czerwony</li><li>Materiał: Plastikowy</li><li>Właściwości: Wodoodporny</li><li>Zasilanie: Bateria</li><li>Baterie w zestawie: Tak</li><li>Zasilana bateriami: AA x 1, załączone</li></ul>;Utrzymaj kondycję i odkryj wszystkie nowości związane z uprawianiem sportu z najkorzystniejszymi warunkami! Kupuj <b>Przednie światło Sigma 15051</b> o najkorzystniejszej cenie i ciesz się zdrowym życiem!<br><br><ul><li>Kolor: Czerwony</li><li>Materiał: Plastikowy</li><li>Właściwości: Wodoodporny</li><li>Zasilanie: Bateria</li><li>Baterie w zestawie: Tak</li><li>Zasilana bateriami: AA x 1, załączone</li></ul>;Gardening & DIY;Pop Pulse Emporium;https://cdnbigbuy.com/images/4016224150519_M0316031_P00.jpg;https://cdnbigbuy.com/images/4016224150519_R00.jpg;https://cdnbigbuy.com/images/4016224150519_R10.jpg;https://cdnbigbuy.com/images/4016224150519_R20.jpg;new;0.02;12.0;12.0;3.0
4016224150519;cs-CZ;Přední světlo Sigma 15051;Zůstaňte ve formě a objevujte poslední novinky ze sportovního světa s největšími zárukami! Nakupte <b>Přední světlo Sigma 15051</b> za nejlepší cenu a užívejte si života plného zdraví!<br><br><ul><li>Barva: Červený</li><li>Materiál: Plastické</li><li>Vlastnosti: Voděodolný</li><li>Nápajecí Zdroj: Baterie</li><li>Baterie v ceně: Ano</li><li>Funguje na baterie: AA x 1, přiloženy</li></ul>;Zůstaňte ve formě a objevujte poslední novinky ze sportovního světa s největšími zárukami! Nakupte <b>Přední světlo Sigma 15051</b> za nejlepší cenu a užívejte si života plného zdraví!<br><br><ul><li>Barva: Červený</li><li>Materiál: Plastické</li><li>Vlastnosti: Voděodolný</li><li>Nápajecí Zdroj: Baterie</li><li>Baterie v ceně: Ano</li><li>Funguje na baterie: AA x 1, přiloženy</li></ul>;Gardening & DIY;Pop Pulse Emporium;https://cdnbigbuy.com/images/4016224150519_M0316031_P00.jpg;https://cdnbigbuy.com/images/4016224150519_R00.jpg;https://cdnbigbuy.com/images/4016224150519_R10.jpg;https://cdnbigbuy.com/images/4016224150519_R20.jpg;new;0.02;12.0;12.0;3.0
8435778900504;de-AT;Schlägertasche Nox Ml10 Team Grau;Bleiben Sie in Form und entdecken Sie die neuesten Innovationen der Branche, um mit den besten Voraussetzungen Sport zu betreiben! Kaufen Sie <b>Schlägertasche Nox Ml10 Team Grau</b> zum besten Preis und genießen Sie ein gesundes Leben!<br><br><ul><li>Art: Schlägertasche</li><li>Geschlecht: Unisex</li><li>Empfohlenes Alter: Erwachsene</li><li>Größe: Einheitsgröße</li><li>Farbe: Grau</li><li>Sport: Paddel</li></ul>;Bleiben Sie in Form und entdecken Sie die neuesten Innovationen der Branche, um mit den besten Voraussetzungen Sport zu betreiben! Kaufen Sie <b>Schlägertasche Nox Ml10 Team Grau</b> zum besten Preis und genießen Sie ein gesundes Leben!<br><br><ul><li>Art: Schlägertasche</li><li>Geschlecht: Unisex</li><li>Empfohlenes Alter: Erwachsene</li><li>Größe: Einheitsgröße</li><li>Farbe: Grau</li><li>Sport: Paddel</li></ul>;Gardening & DIY;Pop Pulse Emporium;https://cdnbigbuy.com/images/8435778900504_S64194131_P00.jpg;https://cdnbigbuy.com/images/8435778900504_S64194131_P20.jpg;https://cdnbigbuy.com/images/8435778900504_S64194131_P30.jpg;https://cdnbigbuy.com/images/8435778900504_S64194131_P40.jpg;new;0.48;30.1;48.0;32.4
8435778900504;de-DE;Schlägertasche Nox Ml10 Team Grau;Bleiben Sie in Form und entdecken Sie die neuesten Innovationen der Branche, um mit den besten Voraussetzungen Sport zu betreiben! Kaufen Sie <b>Schlägertasche Nox Ml10 Team Grau</b> zum besten Preis und genießen Sie ein gesundes Leben!<br><br><ul><li>Art: Schlägertasche</li><li>Geschlecht: Unisex</li><li>Empfohlenes Alter: Erwachsene</li><li>Größe: Einheitsgröße</li><li>Farbe: Grau</li><li>Sport: Paddel</li></ul>;Bleiben Sie in Form und entdecken Sie die neuesten Innovationen der Branche, um mit den besten Voraussetzungen Sport zu betreiben! Kaufen Sie <b>Schlägertasche Nox Ml10 Team Grau</b> zum besten Preis und genießen Sie ein gesundes Leben!<br><br><ul><li>Art: Schlägertasche</li><li>Geschlecht: Unisex</li><li>Empfohlenes Alter: Erwachsene</li><li>Größe: Einheitsgröße</li><li>Farbe: Grau</li><li>Sport: Paddel</li></ul>;Gardening & DIY;Pop Pulse Emporium;https://cdnbigbuy.com/images/8435778900504_S64194131_P00.jpg;https://cdnbigbuy.com/images/8435778900504_S64194131_P20.jpg;https://cdnbigbuy.com/images/8435778900504_S64194131_P30.jpg;https://cdnbigbuy.com/images/8435778900504_S64194131_P40.jpg;new;0.48;30.1;48.0;32.4
8435778900504;sk-SK;Taška na rakety Nox Ml10 Team Sivá;Udržujte sa vo forme a objavte posledné novinky zo sveta športu s tými najväčšími zárukami! Nakúpte <b>Taška na rakety Nox Ml10 Team Sivá</b> za najlepšiu cenu a užívajte si zdravý život!<br><br><ul><li>Typ: Taška na rakety</li><li>Pohlavie: Unisex</li><li>Odporúčaný vek: Deti</li><li>Veľkosť: Jednotná veľkosť</li><li>Farba: Sivá</li><li>Šport: Loptičky na padel</li></ul>;Udržujte sa vo forme a objavte posledné novinky zo sveta športu s tými najväčšími zárukami! Nakúpte <b>Taška na rakety Nox Ml10 Team Sivá</b> za najlepšiu cenu a užívajte si zdravý život!<br><br><ul><li>Typ: Taška na rakety</li><li>Pohlavie: Unisex</li><li>Odporúčaný vek: Deti</li><li>Veľkosť: Jednotná veľkosť</li><li>Farba: Sivá</li><li>Šport: Loptičky na padel</li></ul>;Gardening & DIY;Pop Pulse Emporium;https://cdnbigbuy.com/images/8435778900504_S64194131_P00.jpg;https://cdnbigbuy.com/images/8435778900504_S64194131_P20.jpg;https://cdnbigbuy.com/images/8435778900504_S64194131_P30.jpg;https://cdnbigbuy.com/images/8435778900504_S64194131_P40.jpg;new;0.48;30.1;48.0;32.4
8435778900504;pl-PL;Torba na rakiety Nox Ml10 Team Szary;Utrzymaj kondycję i odkryj wszystkie nowości związane z uprawianiem sportu z najkorzystniejszymi warunkami! Kupuj <b>Torba na rakiety Nox Ml10 Team Szary</b> o najkorzystniejszej cenie i ciesz się zdrowym życiem!<br><br><ul><li>Rodzaj: Torba na rakiety</li><li>Płeć: Unisex</li><li>Zalecany Wiek: Dorosłych</li><li>Rozmiar: Jeden rozmiar</li><li>Kolor: Szary</li><li>Sport: Piłki do Padla</li></ul>;Utrzymaj kondycję i odkryj wszystkie nowości związane z uprawianiem sportu z najkorzystniejszymi warunkami! Kupuj <b>Torba na rakiety Nox Ml10 Team Szary</b> o najkorzystniejszej cenie i ciesz się zdrowym życiem!<br><br><ul><li>Rodzaj: Torba na rakiety</li><li>Płeć: Unisex</li><li>Zalecany Wiek: Dorosłych</li><li>Rozmiar: Jeden rozmiar</li><li>Kolor: Szary</li><li>Sport: Piłki do Padla</li></ul>;Gardening & DIY;Pop Pulse Emporium;https://cdnbigbuy.com/images/8435778900504_S64194131_P00.jpg;https://cdnbigbuy.com/images/8435778900504_S64194131_P20.jpg;https://cdnbigbuy.com/images/8435778900504_S64194131_P30.jpg;https://cdnbigbuy.com/images/8435778900504_S64194131_P40.jpg;new;0.48;30.1;48.0;32.4
8435778900504;cs-CZ;Taška na rakety Nox Ml10 Team Šedý;Zůstaňte ve formě a objevujte poslední novinky ze sportovního světa s největšími zárukami! Nakupte <b>Taška na rakety Nox Ml10 Team Šedý</b> za nejlepší cenu a užívejte si života plného zdraví!<br><br><ul><li>Typ: Taška na rakety</li><li>Pohlaví: Unisex</li><li>Doporučený věk: Dospělé</li><li>Velikost: Jednotná velikost</li><li>Barva: Šedý</li><li>Sport: Padel</li></ul>;Zůstaňte ve formě a objevujte poslední novinky ze sportovního světa s největšími zárukami! Nakupte <b>Taška na rakety Nox Ml10 Team Šedý</b> za nejlepší cenu a užívejte si života plného zdraví!<br><br><ul><li>Typ: Taška na rakety</li><li>Pohlaví: Unisex</li><li>Doporučený věk: Dospělé</li><li>Velikost: Jednotná velikost</li><li>Barva: Šedý</li><li>Sport: Padel</li></ul>;Gardening & DIY;Pop Pulse Emporium;https://cdnbigbuy.com/images/8435778900504_S64194131_P00.jpg;https://cdnbigbuy.com/images/8435778900504_S64194131_P20.jpg;https://cdnbigbuy.com/images/8435778900504_S64194131_P30.jpg;https://cdnbigbuy.com/images/8435778900504_S64194131_P40.jpg;new;0.48;30.1;48.0;32.4
8412842543058;de-AT;Fussballtor Aktive;Wenn Sie auf der Suche nach trendigen Neuheiten auf dem Markt sind, präsentieren wir Ihnen <b>Fussballtor Aktive</b>!<br><br><ul><li>Material: PVC</li></ul>;Wenn Sie auf der Suche nach trendigen Neuheiten auf dem Markt sind, präsentieren wir Ihnen <b>Fussballtor Aktive</b>!<br><br><ul><li>Material: PVC</li></ul>;Gardening & DIY;Pop Pulse Emporium;https://cdnbigbuy.com/images/8412842543058_S8907041_P00.jpg;https://cdnbigbuy.com/images/8412842543058_R30.jpg;https://cdnbigbuy.com/images/8412842543058_S8907041_P50.jpg;https://cdnbigbuy.com/images/8412842543058_S8907041_P10.jpg;new;15.6;19.5;66.8;39.0
8412842543058;de-DE;Fussballtor Aktive;Wenn Sie auf der Suche nach trendigen Neuheiten auf dem Markt sind, präsentieren wir Ihnen <b>Fussballtor Aktive</b>!<br><br><ul><li>Material: PVC</li></ul>;Wenn Sie auf der Suche nach trendigen Neuheiten auf dem Markt sind, präsentieren wir Ihnen <b>Fussballtor Aktive</b>!<br><br><ul><li>Material: PVC</li></ul>;Gardening & DIY;Pop Pulse Emporium;https://cdnbigbuy.com/images/8412842543058_S8907041_P00.jpg;https://cdnbigbuy.com/images/8412842543058_R30.jpg;https://cdnbigbuy.com/images/8412842543058_S8907041_P50.jpg;https://cdnbigbuy.com/images/8412842543058_S8907041_P10.jpg;new;15.6;19.5;66.8;39.0
8412842543058;sk-SK;Futbalová bránka Aktive;Ak hľadáte nové trendy na trhu, predstavujeme <b>Futbalová bránka Aktive</b>!<br><br><ul><li>Materiál: PVC</li></ul>;Ak hľadáte nové trendy na trhu, predstavujeme <b>Futbalová bránka Aktive</b>!<br><br><ul><li>Materiál: PVC</li></ul>;Gardening & DIY;Pop Pulse Emporium;https://cdnbigbuy.com/images/8412842543058_S8907041_P00.jpg;https://cdnbigbuy.com/images/8412842543058_R30.jpg;https://cdnbigbuy.com/images/8412842543058_S8907041_P50.jpg;https://cdnbigbuy.com/images/8412842543058_S8907041_P10.jpg;new;15.6;19.5;66.8;39.0
8412842543058;pl-PL;Bramka do Piłki Nożnej Aktive;Jeśli szukasz trendów na rynku, prezentujemy <b>Bramka do Piłki Nożnej Aktive</b>!<br><br><ul><li>Materiał: PVC</li></ul>;Jeśli szukasz trendów na rynku, prezentujemy <b>Bramka do Piłki Nożnej Aktive</b>!<br><br><ul><li>Materiał: PVC</li></ul>;Gardening & DIY;Pop Pulse Emporium;https://cdnbigbuy.com/images/8412842543058_S8907041_P00.jpg;https://cdnbigbuy.com/images/8412842543058_R30.jpg;https://cdnbigbuy.com/images/8412842543058_S8907041_P50.jpg;https://cdnbigbuy.com/images/8412842543058_S8907041_P10.jpg;new;15.6;19.5;66.8;39.0
8412842543058;cs-CZ;Fotbalová brána Aktive;Pokud hledáte nejnovější trendy na trhu, máme tu čest vám představit <b>Fotbalová brána Aktive</b>!<br><br><ul><li>Materiál: PVC</li></ul>;Pokud hledáte nejnovější trendy na trhu, máme tu čest vám představit <b>Fotbalová brána Aktive</b>!<br><br><ul><li>Materiál: PVC</li></ul>;Gardening & DIY;Pop Pulse Emporium;https://cdnbigbuy.com/images/8412842543058_S8907041_P00.jpg;https://cdnbigbuy.com/images/8412842543058_R30.jpg;https://cdnbigbuy.com/images/8412842543058_S8907041_P50.jpg;https://cdnbigbuy.com/images/8412842543058_S8907041_P10.jpg;new;15.6;19.5;66.8;39.0
4899888814030;de-AT;Kinderfahrradhelm The Paw Patrol 48-52 cm;Wenn Sie auf der Suche nach trendigen Neuheiten auf dem Markt sind, präsentieren wir Ihnen <b>Kinderfahrradhelm The Paw Patrol 48-52 cm</b>!<br><br><ul><li>Art: Kinderfahrradhelm</li><li>Größe: 48-52 cm</li><li>Farbe: Bunt</li><li>Material: <ul><li>Metall</li><li>Kunststoff</li></ul></li><li>Empfohlenes Alter: + 2 Jahre</li><li>Stückzahl: 2 Stück</li></ul>;Wenn Sie auf der Suche nach trendigen Neuheiten auf dem Markt sind, präsentieren wir Ihnen <b>Kinderfahrradhelm The Paw Patrol 48-52 cm</b>!<br><br><ul><li>Art: Kinderfahrradhelm</li><li>Größe: 48-52 cm</li><li>Farbe: Bunt</li><li>Material: <ul><li>Metall</li><li>Kunststoff</li></ul></li><li>Empfohlenes Alter: + 2 Jahre</li><li>Stückzahl: 2 Stück</li></ul>;Gardening & DIY;Pop Pulse Emporium;https://cdnbigbuy.com/images/s8906692_p0_icon0.jpg;https://cdnbigbuy.com/images/S8906692_P20.jpg;https://cdnbigbuy.com/images/S8906692_P30.jpg;https://cdnbigbuy.com/images/S8906692_P40.jpg;new;0.76;19.9;27.3;21.4
4899888814030;de-DE;Kinderfahrradhelm The Paw Patrol 48-52 cm;Wenn Sie auf der Suche nach trendigen Neuheiten auf dem Markt sind, präsentieren wir Ihnen <b>Kinderfahrradhelm The Paw Patrol 48-52 cm</b>!<br><br><ul><li>Art: Kinderfahrradhelm</li><li>Größe: 48-52 cm</li><li>Farbe: Bunt</li><li>Material: <ul><li>Metall</li><li>Kunststoff</li></ul></li><li>Empfohlenes Alter: + 2 Jahre</li><li>Stückzahl: 2 Stück</li></ul>;Wenn Sie auf der Suche nach trendigen Neuheiten auf dem Markt sind, präsentieren wir Ihnen <b>Kinderfahrradhelm The Paw Patrol 48-52 cm</b>!<br><br><ul><li>Art: Kinderfahrradhelm</li><li>Größe: 48-52 cm</li><li>Farbe: Bunt</li><li>Material: <ul><li>Metall</li><li>Kunststoff</li></ul></li><li>Empfohlenes Alter: + 2 Jahre</li><li>Stückzahl: 2 Stück</li></ul>;Gardening & DIY;Pop Pulse Emporium;https://cdnbigbuy.com/images/s8906692_p0_icon0.jpg;https://cdnbigbuy.com/images/S8906692_P20.jpg;https://cdnbigbuy.com/images/S8906692_P30.jpg;https://cdnbigbuy.com/images/S8906692_P40.jpg;new;0.76;19.9;27.3;21.4
4899888814030;sk-SK;Detská cyklistická helma The Paw Patrol 48-52 cm;Ak hľadáte nové trendy na trhu, predstavujeme <b>Detská cyklistická helma The Paw Patrol 48-52 cm</b>!<br><br><ul><li>Typ: Detská cyklistická helma</li><li>Veľkosť: 48-52 cm</li><li>Farba: Viacfarebná</li><li>Materiál: <ul><li>Kov</li><li>Plastické</li></ul></li><li>Odporúčaný vek: + 2 rokov</li><li>Kusov: 2 kusov</li></ul>;Ak hľadáte nové trendy na trhu, predstavujeme <b>Detská cyklistická helma The Paw Patrol 48-52 cm</b>!<br><br><ul><li>Typ: Detská cyklistická helma</li><li>Veľkosť: 48-52 cm</li><li>Farba: Viacfarebná</li><li>Materiál: <ul><li>Kov</li><li>Plastické</li></ul></li><li>Odporúčaný vek: + 2 rokov</li><li>Kusov: 2 kusov</li></ul>;Gardening & DIY;Pop Pulse Emporium;https://cdnbigbuy.com/images/s8906692_p0_icon0.jpg;https://cdnbigbuy.com/images/S8906692_P20.jpg;https://cdnbigbuy.com/images/S8906692_P30.jpg;https://cdnbigbuy.com/images/S8906692_P40.jpg;new;0.76;19.9;27.3;21.4
4899888814030;pl-PL;Kask rowerowy dla dzieci The Paw Patrol 48-52 cm;Jeśli szukasz trendów na rynku, prezentujemy <b>Kask rowerowy dla dzieci The Paw Patrol 48-52 cm</b>!<br><br><ul><li>Rodzaj: Kask rowerowy dla dzieci</li><li>Rozmiar: 48-52 cm</li><li>Kolor: Wielokolorowy</li><li>Materiał: <ul><li>Metal</li><li>Plastikowy</li></ul></li><li>Zalecany Wiek: + 2 lat</li><li>Sztuk: 2 Sztuk</li></ul>;Jeśli szukasz trendów na rynku, prezentujemy <b>Kask rowerowy dla dzieci The Paw Patrol 48-52 cm</b>!<br><br><ul><li>Rodzaj: Kask rowerowy dla dzieci</li><li>Rozmiar: 48-52 cm</li><li>Kolor: Wielokolorowy</li><li>Materiał: <ul><li>Metal</li><li>Plastikowy</li></ul></li><li>Zalecany Wiek: + 2 lat</li><li>Sztuk: 2 Sztuk</li></ul>;Gardening & DIY;Pop Pulse Emporium;https://cdnbigbuy.com/images/s8906692_p0_icon0.jpg;https://cdnbigbuy.com/images/S8906692_P20.jpg;https://cdnbigbuy.com/images/S8906692_P30.jpg;https://cdnbigbuy.com/images/S8906692_P40.jpg;new;0.76;19.9;27.3;21.4
4899888814030;cs-CZ;Cyklistická přilba pro děti The Paw Patrol 48-52 cm;Pokud hledáte nejnovější trendy na trhu, máme tu čest vám představit <b>Cyklistická přilba pro děti The Paw Patrol 48-52 cm</b>!<br><br><ul><li>Typ: Cyklistická přilba pro děti</li><li>Velikost: 48-52 cm</li><li>Barva: Vícebarevný</li><li>Materiál: <ul><li>Kov</li><li>Plastické</li></ul></li><li>Doporučený věk: + 2 roků</li><li>Kusů: 2 kusů</li></ul>;Pokud hledáte nejnovější trendy na trhu, máme tu čest vám představit <b>Cyklistická přilba pro děti The Paw Patrol 48-52 cm</b>!<br><br><ul><li>Typ: Cyklistická přilba pro děti</li><li>Velikost: 48-52 cm</li><li>Barva: Vícebarevný</li><li>Materiál: <ul><li>Kov</li><li>Plastické</li></ul></li><li>Doporučený věk: + 2 roků</li><li>Kusů: 2 kusů</li></ul>;Gardening & DIY;Pop Pulse Emporium;https://cdnbigbuy.com/images/s8906692_p0_icon0.jpg;https://cdnbigbuy.com/images/S8906692_P20.jpg;https://cdnbigbuy.com/images/S8906692_P30.jpg;https://cdnbigbuy.com/images/S8906692_P40.jpg;new;0.76;19.9;27.3;21.4
8412842543027;de-AT;Paddelschläger Aktive;Wenn Sie auf der Suche nach trendigen Neuheiten auf dem Markt sind, präsentieren wir Ihnen <b>Paddelschläger Aktive</b>!<br><br><ul><li>Art: Paddelschläger</li></ul>;Wenn Sie auf der Suche nach trendigen Neuheiten auf dem Markt sind, präsentieren wir Ihnen <b>Paddelschläger Aktive</b>!<br><br><ul><li>Art: Paddelschläger</li></ul>;Gardening & DIY;Pop Pulse Emporium;https://cdnbigbuy.com/images/8412842543027_S8907053_P00.jpg;https://cdnbigbuy.com/images/8412842543027_R50.jpg;https://cdnbigbuy.com/images/8412842543027_R10.jpg;https://cdnbigbuy.com/images/8412842543027_S8907053_P30.jpg;new;0.6;10.0;35.0;51.0
8412842543027;de-DE;Paddelschläger Aktive;Wenn Sie auf der Suche nach trendigen Neuheiten auf dem Markt sind, präsentieren wir Ihnen <b>Paddelschläger Aktive</b>!<br><br><ul><li>Art: Paddelschläger</li></ul>;Wenn Sie auf der Suche nach trendigen Neuheiten auf dem Markt sind, präsentieren wir Ihnen <b>Paddelschläger Aktive</b>!<br><br><ul><li>Art: Paddelschläger</li></ul>;Gardening & DIY;Pop Pulse Emporium;https://cdnbigbuy.com/images/8412842543027_S8907053_P00.jpg;https://cdnbigbuy.com/images/8412842543027_R50.jpg;https://cdnbigbuy.com/images/8412842543027_R10.jpg;https://cdnbigbuy.com/images/8412842543027_S8907053_P30.jpg;new;0.6;10.0;35.0;51.0
8412842543027;sk-SK;Raketa na padel Aktive;Ak hľadáte nové trendy na trhu, predstavujeme <b>Raketa na padel Aktive</b>!<br><br><ul><li>Typ: Raketa na padel</li></ul>;Ak hľadáte nové trendy na trhu, predstavujeme <b>Raketa na padel Aktive</b>!<br><br><ul><li>Typ: Raketa na padel</li></ul>;Gardening & DIY;Pop Pulse Emporium;https://cdnbigbuy.com/images/8412842543027_S8907053_P00.jpg;https://cdnbigbuy.com/images/8412842543027_R50.jpg;https://cdnbigbuy.com/images/8412842543027_R10.jpg;https://cdnbigbuy.com/images/8412842543027_S8907053_P30.jpg;new;0.6;10.0;35.0;51.0
8412842543027;pl-PL;Rakieta do Padla Aktive;Jeśli szukasz trendów na rynku, prezentujemy <b>Rakieta do Padla Aktive</b>!<br><br><ul><li>Rodzaj: Rakieta do Padla</li></ul>;Jeśli szukasz trendów na rynku, prezentujemy <b>Rakieta do Padla Aktive</b>!<br><br><ul><li>Rodzaj: Rakieta do Padla</li></ul>;Gardening & DIY;Pop Pulse Emporium;https://cdnbigbuy.com/images/8412842543027_S8907053_P00.jpg;https://cdnbigbuy.com/images/8412842543027_R50.jpg;https://cdnbigbuy.com/images/8412842543027_R10.jpg;https://cdnbigbuy.com/images/8412842543027_S8907053_P30.jpg;new;0.6;10.0;35.0;51.0
8412842543027;cs-CZ;Raketa Padel Aktive;Pokud hledáte nejnovější trendy na trhu, máme tu čest vám představit <b>Raketa Padel Aktive</b>!<br><br><ul><li>Typ: Raketa Padel</li></ul>;Pokud hledáte nejnovější trendy na trhu, máme tu čest vám představit <b>Raketa Padel Aktive</b>!<br><br><ul><li>Typ: Raketa Padel</li></ul>;Gardening & DIY;Pop Pulse Emporium;https://cdnbigbuy.com/images/8412842543027_S8907053_P00.jpg;https://cdnbigbuy.com/images/8412842543027_R50.jpg;https://cdnbigbuy.com/images/8412842543027_R10.jpg;https://cdnbigbuy.com/images/8412842543027_S8907053_P30.jpg;new;0.6;10.0;35.0;51.0
8435758312778;de-AT;Paddelschläger Drop Shot Explorer Pro Attack Gelb;Bleiben Sie in Form und entdecken Sie die neuesten Innovationen der Branche, um mit den besten Voraussetzungen Sport zu betreiben! Kaufen Sie <b>Paddelschläger Drop Shot Explorer Pro Attack Gelb</b> zum besten Preis und genießen Sie ein gesundes Leben!<br><br><ul><li>Art: Paddelschläger</li><li>Farbe: <ul><li>Gelb</li><li>Schwarz</li></ul></li><li>Geschlecht: <ul><li>Unisex</li><li>Unisex-Erwachsene</li></ul></li><li>Empfohlenes Alter: Erwachsene</li><li>Größe: Einheitsgröße</li><li>Ebenen: Fortgeschritten</li><li>Dicke: 38 mm</li><li>Sport: Paddel</li><li>Enthalten: Paddelschläger</li><li>Balance: Mittel</li></ul>;Bleiben Sie in Form und entdecken Sie die neuesten Innovationen der Branche, um mit den besten Voraussetzungen Sport zu betreiben! Kaufen Sie <b>Paddelschläger Drop Shot Explorer Pro Attack Gelb</b> zum besten Preis und genießen Sie ein gesundes Leben!<br><br><ul><li>Art: Paddelschläger</li><li>Farbe: <ul><li>Gelb</li><li>Schwarz</li></ul></li><li>Geschlecht: <ul><li>Unisex</li><li>Unisex-Erwachsene</li></ul></li><li>Empfohlenes Alter: Erwachsene</li><li>Größe: Einheitsgröße</li><li>Ebenen: Fort;Gardening & DIY;Pop Pulse Emporium;https://cdnbigbuy.com/images/8435758312778_S64194183_P00.jpg;https://cdnbigbuy.com/images/8435758312778_S64194183_P50.jpg;https://cdnbigbuy.com/images/8435758312778_S64194183_P60.jpg;https://cdnbigbuy.com/images/8435758312778_S64194183_P20.jpg;new;0.6;10.0;35.0;51.0
8435758312778;de-DE;Paddelschläger Drop Shot Explorer Pro Attack Gelb;Bleiben Sie in Form und entdecken Sie die neuesten Innovationen der Branche, um mit den besten Voraussetzungen Sport zu betreiben! Kaufen Sie <b>Paddelschläger Drop Shot Explorer Pro Attack Gelb</b> zum besten Preis und genießen Sie ein gesundes Leben!<br><br><ul><li>Art: Paddelschläger</li><li>Farbe: <ul><li>Gelb</li><li>Schwarz</li></ul></li><li>Geschlecht: <ul><li>Unisex</li><li>Unisex-Erwachsene</li></ul></li><li>Empfohlenes Alter: Erwachsene</li><li>Größe: Einheitsgröße</li><li>Ebenen: Fortgeschritten</li><li>Dicke: 38 mm</li><li>Sport: Paddel</li><li>Enthalten: Paddelschläger</li><li>Balance: Mittel</li></ul>;Bleiben Sie in Form und entdecken Sie die neuesten Innovationen der Branche, um mit den besten Voraussetzungen Sport zu betreiben! Kaufen Sie <b>Paddelschläger Drop Shot Explorer Pro Attack Gelb</b> zum besten Preis und genießen Sie ein gesundes Leben!<br><br><ul><li>Art: Paddelschläger</li><li>Farbe: <ul><li>Gelb</li><li>Schwarz</li></ul></li><li>Geschlecht: <ul><li>Unisex</li><li>Unisex-Erwachsene</li></ul></li><li>Empfohlenes Alter: Erwachsene</li><li>Größe: Einheitsgröße</li><li>Ebenen: Fort;Gardening & DIY;Pop Pulse Emporium;https://cdnbigbuy.com/images/8435758312778_S64194183_P00.jpg;https://cdnbigbuy.com/images/8435758312778_S64194183_P50.jpg;https://cdnbigbuy.com/images/8435758312778_S64194183_P60.jpg;https://cdnbigbuy.com/images/8435758312778_S64194183_P20.jpg;new;0.6;10.0;35.0;51.0
8435758312778;sk-SK;Raketa na padel Drop Shot Explorer Pro Attack Žltá;Udržujte sa vo forme a objavte posledné novinky zo sveta športu s tými najväčšími zárukami! Nakúpte <b>Raketa na padel Drop Shot Explorer Pro Attack Žltá</b> za najlepšiu cenu a užívajte si zdravý život!<br><br><ul><li>Typ: Raketa na padel</li><li>Farba: <ul><li>Žltá</li><li>Čierna</li></ul></li><li>Pohlavie: <ul><li>Unisex</li><li>Unisex dospelí</li></ul></li><li>Odporúčaný vek: Deti</li><li>Veľkosť: Jednotná veľkosť</li><li>úrovne: Pokročilý</li><li>Hrúbka: 38 mm</li><li>Šport: Loptičky na padel</li><li>Obsahuje: Raketa na padel</li><li>Rovnováha: Stredné</li></ul>;Udržujte sa vo forme a objavte posledné novinky zo sveta športu s tými najväčšími zárukami! Nakúpte <b>Raketa na padel Drop Shot Explorer Pro Attack Žltá</b> za najlepšiu cenu a užívajte si zdravý život!<br><br><ul><li>Typ: Raketa na padel</li><li>Farba: <ul><li>Žltá</li><li>Čierna</li></ul></li><li>Pohlavie: <ul><li>Unisex</li><li>Unisex dospelí</li></ul></li><li>Odporúčaný vek: Deti</li><li>Veľkosť: Jednotná veľkosť</li><li>úrovne: Pokročilý</li><li>Hrúbka: 38 mm</li><li>Šport: Loptičky na pad;Gardening & DIY;Pop Pulse Emporium;https://cdnbigbuy.com/images/8435758312778_S64194183_P00.jpg;https://cdnbigbuy.com/images/8435758312778_S64194183_P50.jpg;https://cdnbigbuy.com/images/8435758312778_S64194183_P60.jpg;https://cdnbigbuy.com/images/8435758312778_S64194183_P20.jpg;new;0.6;10.0;35.0;51.0
8435758312778;pl-PL;Rakieta do Padla Drop Shot Explorer Pro Attack Żółty;Utrzymaj kondycję i odkryj wszystkie nowości związane z uprawianiem sportu z najkorzystniejszymi warunkami! Kupuj <b>Rakieta do Padla Drop Shot Explorer Pro Attack Żółty</b> o najkorzystniejszej cenie i ciesz się zdrowym życiem!<br><br><ul><li>Rodzaj: Rakieta do Padla</li><li>Kolor: <ul><li>Żółty</li><li>Czarny</li></ul></li><li>Płeć: <ul><li>Unisex</li><li>Unisex dorośli</li></ul></li><li>Zalecany Wiek: Dorosłych</li><li>Rozmiar: Jeden rozmiar</li><li>Poziomy: Zaawansowany</li><li>Grubość: 38 mm</li><li>Sport: Piłki do Padla</li><li>Zawiera: Rakieta do Padla</li><li>Balans: średni</li></ul>;Utrzymaj kondycję i odkryj wszystkie nowości związane z uprawianiem sportu z najkorzystniejszymi warunkami! Kupuj <b>Rakieta do Padla Drop Shot Explorer Pro Attack Żółty</b> o najkorzystniejszej cenie i ciesz się zdrowym życiem!<br><br><ul><li>Rodzaj: Rakieta do Padla</li><li>Kolor: <ul><li>Żółty</li><li>Czarny</li></ul></li><li>Płeć: <ul><li>Unisex</li><li>Unisex dorośli</li></ul></li><li>Zalecany Wiek: Dorosłych</li><li>Rozmiar: Jeden rozmiar</li><li>Poziomy: Zaawansowany</li><li>Grubość: 38 m;Gardening & DIY;Pop Pulse Emporium;https://cdnbigbuy.com/images/8435758312778_S64194183_P00.jpg;https://cdnbigbuy.com/images/8435758312778_S64194183_P50.jpg;https://cdnbigbuy.com/images/8435758312778_S64194183_P60.jpg;https://cdnbigbuy.com/images/8435758312778_S64194183_P20.jpg;new;0.6;10.0;35.0;51.0
8435758312778;cs-CZ;Raketa Padel Drop Shot Explorer Pro Attack Žlutý;Zůstaňte ve formě a objevujte poslední novinky ze sportovního světa s největšími zárukami! Nakupte <b>Raketa Padel Drop Shot Explorer Pro Attack Žlutý</b> za nejlepší cenu a užívejte si života plného zdraví!<br><br><ul><li>Typ: Raketa Padel</li><li>Barva: <ul><li>Žlutý</li><li>Černý</li></ul></li><li>Pohlaví: <ul><li>Unisex</li><li>Unisex dospělí</li></ul></li><li>Doporučený věk: Dospělé</li><li>Velikost: Jednotná velikost</li><li>úrovně: Pokročilý</li><li>Tloušťka: 38 mm</li><li>Sport: Padel</li><li>Obsahuje: Raketa Padel</li><li>Rovnováha: Střední</li></ul>;Zůstaňte ve formě a objevujte poslední novinky ze sportovního světa s největšími zárukami! Nakupte <b>Raketa Padel Drop Shot Explorer Pro Attack Žlutý</b> za nejlepší cenu a užívejte si života plného zdraví!<br><br><ul><li>Typ: Raketa Padel</li><li>Barva: <ul><li>Žlutý</li><li>Černý</li></ul></li><li>Pohlaví: <ul><li>Unisex</li><li>Unisex dospělí</li></ul></li><li>Doporučený věk: Dospělé</li><li>Velikost: Jednotná velikost</li><li>úrovně: Pokročilý</li><li>Tloušťka: 38 mm</li><li>Sport: Padel</l;Gardening & DIY;Pop Pulse Emporium;https://cdnbigbuy.com/images/8435758312778_S64194183_P00.jpg;https://cdnbigbuy.com/images/8435758312778_S64194183_P50.jpg;https://cdnbigbuy.com/images/8435758312778_S64194183_P60.jpg;https://cdnbigbuy.com/images/8435758312778_S64194183_P20.jpg;new;0.6;10.0;35.0;51.0
8806095893532;de-AT;Smarter Ring Samsung Galaxy Ring Silberfarben;Bleiben Sie in Form und entdecken Sie die neuesten Innovationen der Branche, um mit den besten Voraussetzungen Sport zu betreiben! Kaufen Sie <b>Smarter Ring Samsung Galaxy Ring Silberfarben</b> zum besten Preis und genießen Sie ein gesundes Leben!<br><br><ul><li>Art: Videokamera</li><li>Farbe: <ul><li>Silberfarben</li><li>Gold</li></ul></li><li>Steckbares Produkt: Ja</li><li>Steckertyp: EU-Stecker</li><li>Merkmale: <ul><li>Beschleunigungsmesser</li><li>Water resistant</li><li>Alarm</li><li>Optischer Sensor</li><li>Zurückgelegte Wegstrecke</li></ul></li><li>Anschlüsse: USB-C</li><li>Funktionen: <ul><li>Schrittzähler</li><li>Kalorienaufnahme</li><li>Schlafmonitor</li><li>Suche nach Gerät</li><li>Herzfrequenz-Monitor</li></ul></li><li>Konnektivität: <ul><li>Bluetooth</li><li>Bluetooth Low Energy</li></ul></li><li>Betriebssystem: Android</li><li>Stromquelle: Batterie</li><li>IP-Klassifizierung: IP68</li><li>Geschlecht: Unisex</li><li>Kabelloses Ladegerät: Ja</li><li>Nicht erhalten: WLAN</li><li>Enthalten: Ladegerät</li><li>Water resistant: 10 atm</li></ul>;Bleiben Sie in Form und entdecken Sie die neuesten Innovationen der Branche, um mit den besten Voraussetzungen Sport zu betreiben! Kaufen Sie <b>Smarter Ring Samsung Galaxy Ring Silberfarben</b> zum besten Preis und genießen Sie ein gesundes Leben!<br><br><ul><li>Art: Videokamera</li><li>Farbe: <ul><li>Silberfarben</li><li>Gold</li></ul></li><li>Steckbares Produkt: Ja</li><li>Steckertyp: EU-Stecker</li><li>Merkmale: <ul><li>Beschleunigungsmesser</li><li>Water resistant</li><li>Alarm</li><li>Opti;Gardening & DIY;Pop Pulse Emporium;https://cdnbigbuy.com/images/8806095893532_M0806204_P00.jpg;https://cdnbigbuy.com/images/8806095893532_M0806204_P40.jpg;https://cdnbigbuy.com/images/8806095893532_M0806204_P10.jpg;https://cdnbigbuy.com/images/8806095893532_M0806204_P20.jpg;new;3.15;32.0;11.0;12.0
8806095893532;de-DE;Smarter Ring Samsung Galaxy Ring Silberfarben;Bleiben Sie in Form und entdecken Sie die neuesten Innovationen der Branche, um mit den besten Voraussetzungen Sport zu betreiben! Kaufen Sie <b>Smarter Ring Samsung Galaxy Ring Silberfarben</b> zum besten Preis und genießen Sie ein gesundes Leben!<br><br><ul><li>Art: Videokamera</li><li>Farbe: <ul><li>Silberfarben</li><li>Gold</li></ul></li><li>Steckbares Produkt: Ja</li><li>Steckertyp: EU-Stecker</li><li>Merkmale: <ul><li>Beschleunigungsmesser</li><li>Water resistant</li><li>Alarm</li><li>Optischer Sensor</li><li>Zurückgelegte Wegstrecke</li></ul></li><li>Anschlüsse: USB-C</li><li>Funktionen: <ul><li>Schrittzähler</li><li>Kalorienaufnahme</li><li>Schlafmonitor</li><li>Suche nach Gerät</li><li>Herzfrequenz-Monitor</li></ul></li><li>Konnektivität: <ul><li>Bluetooth</li><li>Bluetooth Low Energy</li></ul></li><li>Betriebssystem: Android</li><li>Stromquelle: Batterie</li><li>IP-Klassifizierung: IP68</li><li>Geschlecht: Unisex</li><li>Kabelloses Ladegerät: Ja</li><li>Nicht erhalten: WLAN</li><li>Enthalten: Ladegerät</li><li>Water resistant: 10 atm</li></ul>;Bleiben Sie in Form und entdecken Sie die neuesten Innovationen der Branche, um mit den besten Voraussetzungen Sport zu betreiben! Kaufen Sie <b>Smarter Ring Samsung Galaxy Ring Silberfarben</b> zum besten Preis und genießen Sie ein gesundes Leben!<br><br><ul><li>Art: Videokamera</li><li>Farbe: <ul><li>Silberfarben</li><li>Gold</li></ul></li><li>Steckbares Produkt: Ja</li><li>Steckertyp: EU-Stecker</li><li>Merkmale: <ul><li>Beschleunigungsmesser</li><li>Water resistant</li><li>Alarm</li><li>Opti;Gardening & DIY;Pop Pulse Emporium;https://cdnbigbuy.com/images/8806095893532_M0806204_P00.jpg;https://cdnbigbuy.com/images/8806095893532_M0806204_P40.jpg;https://cdnbigbuy.com/images/8806095893532_M0806204_P10.jpg;https://cdnbigbuy.com/images/8806095893532_M0806204_P20.jpg;new;3.15;32.0;11.0;12.0
8806095893532;sk-SK;Inteligentný prsteň Samsung Galaxy Ring Striebristý;Udržujte sa vo forme a objavte posledné novinky zo sveta športu s tými najväčšími zárukami! Nakúpte <b>Inteligentný prsteň Samsung Galaxy Ring Striebristý</b> za najlepšiu cenu a užívajte si zdravý život!<br><br><ul><li>Typ: Videokamera</li><li>Farba: <ul><li>Striebristý</li><li>Zlatá</li></ul></li><li>Zásuvný produkt: áno</li><li>Druh zástrčky: EU zástrčky</li><li>Vlastnosti: <ul><li>Akcelerometer</li><li>Vodeodolný</li><li>Alarm</li><li>Optický senzor</li><li>Prejdená vzdialenosť</li></ul></li><li>Pripojenie: <ul><li>USB-C</li><li>Bluetooth</li><li>Bluetooth Low Energy</li></ul></li><li>Funkcie: <ul><li>Počítadlom krokov</li><li>Konzumovanie kalórii</li><li>Monitorovanie spánku</li><li>Vyhľadávanie zariadenia</li><li>Monitor srdcovej frekvencie</li></ul></li><li>Operačný systém: Android</li><li>Napájací Zdroj: Batérie</li><li>IP klasifikácia: IP68</li><li>Pohlavie: Unisex</li><li>Bezdrôtová nabíjačka: áno</li><li>Nezahŕňa: WiFi</li><li>Obsahuje: Nabíjačka</li><li>Vodeodolný: 10 atm</li></ul>;Udržujte sa vo forme a objavte posledné novinky zo sveta športu s tými najväčšími zárukami! Nakúpte <b>Inteligentný prsteň Samsung Galaxy Ring Striebristý</b> za najlepšiu cenu a užívajte si zdravý život!<br><br><ul><li>Typ: Videokamera</li><li>Farba: <ul><li>Striebristý</li><li>Zlatá</li></ul></li><li>Zásuvný produkt: áno</li><li>Druh zástrčky: EU zástrčky</li><li>Vlastnosti: <ul><li>Akcelerometer</li><li>Vodeodolný</li><li>Alarm</li><li>Optický senzor</li><li>Prejdená vzdialenosť</li></ul></li;Gardening & DIY;Pop Pulse Emporium;https://cdnbigbuy.com/images/8806095893532_M0806204_P00.jpg;https://cdnbigbuy.com/images/8806095893532_M0806204_P40.jpg;https://cdnbigbuy.com/images/8806095893532_M0806204_P10.jpg;https://cdnbigbuy.com/images/8806095893532_M0806204_P20.jpg;new;3.15;32.0;11.0;12.0
8806095893532;pl-PL;Inteligentny pierścień Samsung Galaxy Ring Srebrzysty;Utrzymaj kondycję i odkryj wszystkie nowości związane z uprawianiem sportu z najkorzystniejszymi warunkami! Kupuj <b>Inteligentny pierścień Samsung Galaxy Ring Srebrzysty</b> o najkorzystniejszej cenie i ciesz się zdrowym życiem!<br><br><ul><li>Rodzaj: Kamera Wideo</li><li>Kolor: <ul><li>Srebrzysty</li><li>Złoty</li></ul></li><li>Produkt wtykany: Tak</li><li>Rodzaj wtyczki: Gnizadko EU</li><li>Właściwości: <ul><li>Akcelerometr</li><li>Wodoodporny</li><li>Alarm</li><li>Czujnik optyczny</li><li>Przebyty dystans</li></ul></li><li>Łącza: USB-C</li><li>Funkcje: <ul><li>Krokomierzem</li><li>Spożyte Kalorie</li><li>Monitor snu</li><li>Poszukiwanie urządzenia</li><li>Monitor pracy serca</li></ul></li><li>Łączność: <ul><li>Bluetooth</li><li>Bluetooth Low Energy</li></ul></li><li>System operacyjny: Android</li><li>Zasilanie: Bateria</li><li>Klasyfikacja IP: IP68</li><li>Płeć: Unisex</li><li>Bezprzewodowa Ładowarka: Tak</li><li>Nie zawiera: WiFi</li><li>Zawiera: Ładowarka</li><li>Wodoodporny: 10 atm</li></ul>;Utrzymaj kondycję i odkryj wszystkie nowości związane z uprawianiem sportu z najkorzystniejszymi warunkami! Kupuj <b>Inteligentny pierścień Samsung Galaxy Ring Srebrzysty</b> o najkorzystniejszej cenie i ciesz się zdrowym życiem!<br><br><ul><li>Rodzaj: Kamera Wideo</li><li>Kolor: <ul><li>Srebrzysty</li><li>Złoty</li></ul></li><li>Produkt wtykany: Tak</li><li>Rodzaj wtyczki: Gnizadko EU</li><li>Właściwości: <ul><li>Akcelerometr</li><li>Wodoodporny</li><li>Alarm</li><li>Czujnik optyczny</li><li>Pr;Gardening & DIY;Pop Pulse Emporium;https://cdnbigbuy.com/images/8806095893532_M0806204_P00.jpg;https://cdnbigbuy.com/images/8806095893532_M0806204_P40.jpg;https://cdnbigbuy.com/images/8806095893532_M0806204_P10.jpg;https://cdnbigbuy.com/images/8806095893532_M0806204_P20.jpg;new;3.15;32.0;11.0;12.0
8806095893532;cs-CZ;Chytrý prsten Samsung Galaxy Ring Stříbřitý;Zůstaňte ve formě a objevujte poslední novinky ze sportovního světa s největšími zárukami! Nakupte <b>Chytrý prsten Samsung Galaxy Ring Stříbřitý</b> za nejlepší cenu a užívejte si života plného zdraví!<br><br><ul><li>Typ: Videokamera</li><li>Barva: <ul><li>Stříbřitý</li><li>Zlatá</li></ul></li><li>Zásuvný produkt: Ano</li><li>Typ zástrčky: Zástrčka EU</li><li>Vlastnosti: <ul><li>Urychlovač</li><li>Voděodolný</li><li>Alarm</li><li>Optický senzor</li><li>Uražená vzdálenost</li></ul></li><li>Připojení: <ul><li>USB-C</li><li>Bluetooth</li><li>Bluetooth Low Energy</li></ul></li><li>Funkce: <ul><li>Krokoměrem</li><li>Kalorický příjem</li><li>Monitor spánku</li><li>Búsqueda de Dispositivo</li><li>Monitor Holter</li></ul></li><li>Operační systém: Android</li><li>Nápajecí Zdroj: Baterie</li><li>Stupeň krytí: IP68</li><li>Pohlaví: Unisex</li><li>Bezdrátová nabíječka: Ano</li><li>Není zahrnut: WiFi</li><li>Obsahuje: Nabíječka</li><li>Voděodolný: 10 atm</li></ul>;Zůstaňte ve formě a objevujte poslední novinky ze sportovního světa s největšími zárukami! Nakupte <b>Chytrý prsten Samsung Galaxy Ring Stříbřitý</b> za nejlepší cenu a užívejte si života plného zdraví!<br><br><ul><li>Typ: Videokamera</li><li>Barva: <ul><li>Stříbřitý</li><li>Zlatá</li></ul></li><li>Zásuvný produkt: Ano</li><li>Typ zástrčky: Zástrčka EU</li><li>Vlastnosti: <ul><li>Urychlovač</li><li>Voděodolný</li><li>Alarm</li><li>Optický senzor</li><li>Uražená vzdálenost</li></ul></li><li>Připo;Gardening & DIY;Pop Pulse Emporium;https://cdnbigbuy.com/images/8806095893532_M0806204_P00.jpg;https://cdnbigbuy.com/images/8806095893532_M0806204_P40.jpg;https://cdnbigbuy.com/images/8806095893532_M0806204_P10.jpg;https://cdnbigbuy.com/images/8806095893532_M0806204_P20.jpg;new;3.15;32.0;11.0;12.0
8412842543034;de-AT;Fussballtor Aktive 180 X 12 X 60 CM Schwarz Rot;Wenn Sie auf der Suche nach trendigen Neuheiten auf dem Markt sind, präsentieren wir Ihnen <b>Fussballtor Aktive 180 X 12 X 60 CM Schwarz Rot</b>!<br><br><ul><li>Material: <ul><li>PVC</li><li>Polyäthylen</li><li>Foam</li></ul></li><li>Maße ca.: 180 X 12 X 60 CM</li><li>Farbe: <ul><li>Schwarz</li><li>Rot</li></ul></li><li>Sport: Fussball</li></ul>;Wenn Sie auf der Suche nach trendigen Neuheiten auf dem Markt sind, präsentieren wir Ihnen <b>Fussballtor Aktive 180 X 12 X 60 CM Schwarz Rot</b>!<br><br><ul><li>Material: <ul><li>PVC</li><li>Polyäthylen</li><li>Foam</li></ul></li><li>Maße ca.: 180 X 12 X 60 CM</li><li>Farbe: <ul><li>Schwarz</li><li>Rot</li></ul></li><li>Sport: Fussball</li></ul>;Gardening & DIY;Pop Pulse Emporium;https://cdnbigbuy.com/images/8412842543034_R00.jpg;https://cdnbigbuy.com/images/8412842543034_R50.jpg;https://cdnbigbuy.com/images/8412842543034_R10.jpg;https://cdnbigbuy.com/images/8412842543034_R60.jpg;new;9.14;16.0;80.0;39.0
8412842543034;de-DE;Fussballtor Aktive 180 X 12 X 60 CM Schwarz Rot;Wenn Sie auf der Suche nach trendigen Neuheiten auf dem Markt sind, präsentieren wir Ihnen <b>Fussballtor Aktive 180 X 12 X 60 CM Schwarz Rot</b>!<br><br><ul><li>Material: <ul><li>PVC</li><li>Polyäthylen</li><li>Foam</li></ul></li><li>Maße ca.: 180 X 12 X 60 CM</li><li>Farbe: <ul><li>Schwarz</li><li>Rot</li></ul></li><li>Sport: Fussball</li></ul>;Wenn Sie auf der Suche nach trendigen Neuheiten auf dem Markt sind, präsentieren wir Ihnen <b>Fussballtor Aktive 180 X 12 X 60 CM Schwarz Rot</b>!<br><br><ul><li>Material: <ul><li>PVC</li><li>Polyäthylen</li><li>Foam</li></ul></li><li>Maße ca.: 180 X 12 X 60 CM</li><li>Farbe: <ul><li>Schwarz</li><li>Rot</li></ul></li><li>Sport: Fussball</li></ul>;Gardening & DIY;Pop Pulse Emporium;https://cdnbigbuy.com/images/8412842543034_R00.jpg;https://cdnbigbuy.com/images/8412842543034_R50.jpg;https://cdnbigbuy.com/images/8412842543034_R10.jpg;https://cdnbigbuy.com/images/8412842543034_R60.jpg;new;9.14;16.0;80.0;39.0
8412842543034;sk-SK;Futbalová bránka Aktive 180 X 12 X 60 CM Čierna Červená;Ak hľadáte nové trendy na trhu, predstavujeme <b>Futbalová bránka Aktive 180 X 12 X 60 CM Čierna Červená</b>!<br><br><ul><li>Materiál: <ul><li>PVC</li><li>Polyetylén</li><li>Foam</li></ul></li><li>Približné rozmery: 180 X 12 X 60 CM</li><li>Farba: <ul><li>Čierna</li><li>Červená</li></ul></li><li>Šport: Football</li></ul>;Ak hľadáte nové trendy na trhu, predstavujeme <b>Futbalová bránka Aktive 180 X 12 X 60 CM Čierna Červená</b>!<br><br><ul><li>Materiál: <ul><li>PVC</li><li>Polyetylén</li><li>Foam</li></ul></li><li>Približné rozmery: 180 X 12 X 60 CM</li><li>Farba: <ul><li>Čierna</li><li>Červená</li></ul></li><li>Šport: Football</li></ul>;Gardening & DIY;Pop Pulse Emporium;https://cdnbigbuy.com/images/8412842543034_R00.jpg;https://cdnbigbuy.com/images/8412842543034_R50.jpg;https://cdnbigbuy.com/images/8412842543034_R10.jpg;https://cdnbigbuy.com/images/8412842543034_R60.jpg;new;9.14;16.0;80.0;39.0
8412842543034;pl-PL;Bramka do Piłki Nożnej Aktive 180 X 12 X 60 CM Czarny Czerwony;Jeśli szukasz trendów na rynku, prezentujemy <b>Bramka do Piłki Nożnej Aktive 180 X 12 X 60 CM Czarny Czerwony</b>!<br><br><ul><li>Materiał: <ul><li>PVC</li><li>Polietylen</li><li>Foam</li></ul></li><li>Wymiary ok.: 180 X 12 X 60 CM</li><li>Kolor: <ul><li>Czarny</li><li>Czerwony</li></ul></li><li>Sport: Football</li></ul>;Jeśli szukasz trendów na rynku, prezentujemy <b>Bramka do Piłki Nożnej Aktive 180 X 12 X 60 CM Czarny Czerwony</b>!<br><br><ul><li>Materiał: <ul><li>PVC</li><li>Polietylen</li><li>Foam</li></ul></li><li>Wymiary ok.: 180 X 12 X 60 CM</li><li>Kolor: <ul><li>Czarny</li><li>Czerwony</li></ul></li><li>Sport: Football</li></ul>;Gardening & DIY;Pop Pulse Emporium;https://cdnbigbuy.com/images/8412842543034_R00.jpg;https://cdnbigbuy.com/images/8412842543034_R50.jpg;https://cdnbigbuy.com/images/8412842543034_R10.jpg;https://cdnbigbuy.com/images/8412842543034_R60.jpg;new;9.14;16.0;80.0;39.0
8412842543034;cs-CZ;Fotbalová brána Aktive 180 X 12 X 60 CM Černý Červený;Pokud hledáte nejnovější trendy na trhu, máme tu čest vám představit <b>Fotbalová brána Aktive 180 X 12 X 60 CM Černý Červený</b>!<br><br><ul><li>Materiál: <ul><li>PVC</li><li>Polyetylen</li><li>Foam</li></ul></li><li>Přibližné rozměry: 180 X 12 X 60 CM</li><li>Barva: <ul><li>Černý</li><li>Červený</li></ul></li><li>Sport: Football</li></ul>;Pokud hledáte nejnovější trendy na trhu, máme tu čest vám představit <b>Fotbalová brána Aktive 180 X 12 X 60 CM Černý Červený</b>!<br><br><ul><li>Materiál: <ul><li>PVC</li><li>Polyetylen</li><li>Foam</li></ul></li><li>Přibližné rozměry: 180 X 12 X 60 CM</li><li>Barva: <ul><li>Černý</li><li>Červený</li></ul></li><li>Sport: Football</li></ul>;Gardening & DIY;Pop Pulse Emporium;https://cdnbigbuy.com/images/8412842543034_R00.jpg;https://cdnbigbuy.com/images/8412842543034_R50.jpg;https://cdnbigbuy.com/images/8412842543034_R10.jpg;https://cdnbigbuy.com/images/8412842543034_R60.jpg;new;9.14;16.0;80.0;39.0
8436603199940;de-AT;Paddelschläger Nox AT10 Genius 12K Grau Carbonfaser;Bleiben Sie in Form und entdecken Sie die neuesten Innovationen der Branche, um mit den besten Voraussetzungen Sport zu betreiben! Kaufen Sie <b>Paddelschläger Nox AT10 Genius 12K Grau Carbonfaser</b> zum besten Preis und genießen Sie ein gesundes Leben!<br><br><ul><li>Art: Paddelschläger</li><li>Farbe: Grau</li><li>Geschlecht: Unisex</li><li>Empfohlenes Alter: Erwachsene</li><li>Größe: Einheitsgröße</li><li>Material: Carbonfaser</li><li>Ebenen: Fortgeschritten</li><li>Dicke: 38 mm</li><li>Sport: Paddel</li><li>Balance: Mittel</li></ul>;Bleiben Sie in Form und entdecken Sie die neuesten Innovationen der Branche, um mit den besten Voraussetzungen Sport zu betreiben! Kaufen Sie <b>Paddelschläger Nox AT10 Genius 12K Grau Carbonfaser</b> zum besten Preis und genießen Sie ein gesundes Leben!<br><br><ul><li>Art: Paddelschläger</li><li>Farbe: Grau</li><li>Geschlecht: Unisex</li><li>Empfohlenes Alter: Erwachsene</li><li>Größe: Einheitsgröße</li><li>Material: Carbonfaser</li><li>Ebenen: Fortgeschritten</li><li>Dicke: 38 mm</li><li>Sport;Gardening & DIY;Pop Pulse Emporium;https://cdnbigbuy.com/images/8436603199940_S64194100_P00.jpg;https://cdnbigbuy.com/images/8436603199940_S64194100_P50.jpg;https://cdnbigbuy.com/images/8436603199940_S64194100_P60.jpg;https://cdnbigbuy.com/images/8436603199940_S64194100_P20.jpg;new;0.6;10.0;35.0;51.0
8436603199940;de-DE;Paddelschläger Nox AT10 Genius 12K Grau Carbonfaser;Bleiben Sie in Form und entdecken Sie die neuesten Innovationen der Branche, um mit den besten Voraussetzungen Sport zu betreiben! Kaufen Sie <b>Paddelschläger Nox AT10 Genius 12K Grau Carbonfaser</b> zum besten Preis und genießen Sie ein gesundes Leben!<br><br><ul><li>Art: Paddelschläger</li><li>Farbe: Grau</li><li>Geschlecht: Unisex</li><li>Empfohlenes Alter: Erwachsene</li><li>Größe: Einheitsgröße</li><li>Material: Carbonfaser</li><li>Ebenen: Fortgeschritten</li><li>Dicke: 38 mm</li><li>Sport: Paddel</li><li>Balance: Mittel</li></ul>;Bleiben Sie in Form und entdecken Sie die neuesten Innovationen der Branche, um mit den besten Voraussetzungen Sport zu betreiben! Kaufen Sie <b>Paddelschläger Nox AT10 Genius 12K Grau Carbonfaser</b> zum besten Preis und genießen Sie ein gesundes Leben!<br><br><ul><li>Art: Paddelschläger</li><li>Farbe: Grau</li><li>Geschlecht: Unisex</li><li>Empfohlenes Alter: Erwachsene</li><li>Größe: Einheitsgröße</li><li>Material: Carbonfaser</li><li>Ebenen: Fortgeschritten</li><li>Dicke: 38 mm</li><li>Sport;Gardening & DIY;Pop Pulse Emporium;https://cdnbigbuy.com/images/8436603199940_S64194100_P00.jpg;https://cdnbigbuy.com/images/8436603199940_S64194100_P50.jpg;https://cdnbigbuy.com/images/8436603199940_S64194100_P60.jpg;https://cdnbigbuy.com/images/8436603199940_S64194100_P20.jpg;new;0.6;10.0;35.0;51.0
8436603199940;sk-SK;Raketa na padel Nox AT10 Genius 12K Sivá Uhlíkové vlákno;Udržujte sa vo forme a objavte posledné novinky zo sveta športu s tými najväčšími zárukami! Nakúpte <b>Raketa na padel Nox AT10 Genius 12K Sivá Uhlíkové vlákno</b> za najlepšiu cenu a užívajte si zdravý život!<br><br><ul><li>Typ: Raketa na padel</li><li>Farba: Sivá</li><li>Pohlavie: Unisex</li><li>Odporúčaný vek: Deti</li><li>Veľkosť: Jednotná veľkosť</li><li>Materiál: Uhlíkové vlákno</li><li>úrovne: Pokročilý</li><li>Hrúbka: 38 mm</li><li>Šport: Loptičky na padel</li><li>Rovnováha: Stredné</li></ul>;Udržujte sa vo forme a objavte posledné novinky zo sveta športu s tými najväčšími zárukami! Nakúpte <b>Raketa na padel Nox AT10 Genius 12K Sivá Uhlíkové vlákno</b> za najlepšiu cenu a užívajte si zdravý život!<br><br><ul><li>Typ: Raketa na padel</li><li>Farba: Sivá</li><li>Pohlavie: Unisex</li><li>Odporúčaný vek: Deti</li><li>Veľkosť: Jednotná veľkosť</li><li>Materiál: Uhlíkové vlákno</li><li>úrovne: Pokročilý</li><li>Hrúbka: 38 mm</li><li>Šport: Loptičky na padel</li><li>Rovnováha: Stredné</li>;Gardening & DIY;Pop Pulse Emporium;https://cdnbigbuy.com/images/8436603199940_S64194100_P00.jpg;https://cdnbigbuy.com/images/8436603199940_S64194100_P50.jpg;https://cdnbigbuy.com/images/8436603199940_S64194100_P60.jpg;https://cdnbigbuy.com/images/8436603199940_S64194100_P20.jpg;new;0.6;10.0;35.0;51.0
8436603199940;pl-PL;Rakieta do Padla Nox AT10 Genius 12K Szary Włókno węglowe;Utrzymaj kondycję i odkryj wszystkie nowości związane z uprawianiem sportu z najkorzystniejszymi warunkami! Kupuj <b>Rakieta do Padla Nox AT10 Genius 12K Szary Włókno węglowe</b> o najkorzystniejszej cenie i ciesz się zdrowym życiem!<br><br><ul><li>Rodzaj: Rakieta do Padla</li><li>Kolor: Szary</li><li>Płeć: Unisex</li><li>Zalecany Wiek: Dorosłych</li><li>Rozmiar: Jeden rozmiar</li><li>Materiał: Włókno węglowe</li><li>Poziomy: Zaawansowany</li><li>Grubość: 38 mm</li><li>Sport: Piłki do Padla</li><li>Balans: średni</li></ul>;Utrzymaj kondycję i odkryj wszystkie nowości związane z uprawianiem sportu z najkorzystniejszymi warunkami! Kupuj <b>Rakieta do Padla Nox AT10 Genius 12K Szary Włókno węglowe</b> o najkorzystniejszej cenie i ciesz się zdrowym życiem!<br><br><ul><li>Rodzaj: Rakieta do Padla</li><li>Kolor: Szary</li><li>Płeć: Unisex</li><li>Zalecany Wiek: Dorosłych</li><li>Rozmiar: Jeden rozmiar</li><li>Materiał: Włókno węglowe</li><li>Poziomy: Zaawansowany</li><li>Grubość: 38 mm</li><li>Sport: Piłki do Padla</li>;Gardening & DIY;Pop Pulse Emporium;https://cdnbigbuy.com/images/8436603199940_S64194100_P00.jpg;https://cdnbigbuy.com/images/8436603199940_S64194100_P50.jpg;https://cdnbigbuy.com/images/8436603199940_S64194100_P60.jpg;https://cdnbigbuy.com/images/8436603199940_S64194100_P20.jpg;new;0.6;10.0;35.0;51.0
8436603199940;cs-CZ;Raketa Padel Nox AT10 Genius 12K Šedý Karbonové vlákno;Zůstaňte ve formě a objevujte poslední novinky ze sportovního světa s největšími zárukami! Nakupte <b>Raketa Padel Nox AT10 Genius 12K Šedý Karbonové vlákno</b> za nejlepší cenu a užívejte si života plného zdraví!<br><br><ul><li>Typ: Raketa Padel</li><li>Barva: Šedý</li><li>Pohlaví: Unisex</li><li>Doporučený věk: Dospělé</li><li>Velikost: Jednotná velikost</li><li>Materiál: Karbonové vlákno</li><li>úrovně: Pokročilý</li><li>Tloušťka: 38 mm</li><li>Sport: Padel</li><li>Rovnováha: Střední</li></ul>;Zůstaňte ve formě a objevujte poslední novinky ze sportovního světa s největšími zárukami! Nakupte <b>Raketa Padel Nox AT10 Genius 12K Šedý Karbonové vlákno</b> za nejlepší cenu a užívejte si života plného zdraví!<br><br><ul><li>Typ: Raketa Padel</li><li>Barva: Šedý</li><li>Pohlaví: Unisex</li><li>Doporučený věk: Dospělé</li><li>Velikost: Jednotná velikost</li><li>Materiál: Karbonové vlákno</li><li>úrovně: Pokročilý</li><li>Tloušťka: 38 mm</li><li>Sport: Padel</li><li>Rovnováha: Střední</li></ul;Gardening & DIY;Pop Pulse Emporium;https://cdnbigbuy.com/images/8436603199940_S64194100_P00.jpg;https://cdnbigbuy.com/images/8436603199940_S64194100_P50.jpg;https://cdnbigbuy.com/images/8436603199940_S64194100_P60.jpg;https://cdnbigbuy.com/images/8436603199940_S64194100_P20.jpg;new;0.6;10.0;35.0;51.0
3523930110863;de-AT;Multifunktionales Wärmekissen Livoo DOS218C Beige 100 W;Wenn Sie auf der Suche nach trendigen Neuheiten auf dem Markt sind, präsentieren wir Ihnen <b>Multifunktionales Wärmekissen Livoo DOS218C Beige 100 W</b>!<br><br><ul><li>Farbe: Beige</li><li>Leistung: 100 W</li><li>Geschlecht: Unisex</li></ul>;Wenn Sie auf der Suche nach trendigen Neuheiten auf dem Markt sind, präsentieren wir Ihnen <b>Multifunktionales Wärmekissen Livoo DOS218C Beige 100 W</b>!<br><br><ul><li>Farbe: Beige</li><li>Leistung: 100 W</li><li>Geschlecht: Unisex</li></ul>;Gardening & DIY;Pop Pulse Emporium;https://cdnbigbuy.com/images/3523930110863_S71022980_P00.jpg;https://cdnbigbuy.com/images/3523930110863_S71022980_P50.jpg;https://cdnbigbuy.com/images/3523930110863_S71022980_P10.jpg;https://cdnbigbuy.com/images/3523930110863_S71022980_P20.jpg;new;0.93;31.0;30.0;12.0
3523930110863;de-DE;Multifunktionales Wärmekissen Livoo DOS218C Beige 100 W;Wenn Sie auf der Suche nach trendigen Neuheiten auf dem Markt sind, präsentieren wir Ihnen <b>Multifunktionales Wärmekissen Livoo DOS218C Beige 100 W</b>!<br><br><ul><li>Farbe: Beige</li><li>Leistung: 100 W</li><li>Geschlecht: Unisex</li></ul>;Wenn Sie auf der Suche nach trendigen Neuheiten auf dem Markt sind, präsentieren wir Ihnen <b>Multifunktionales Wärmekissen Livoo DOS218C Beige 100 W</b>!<br><br><ul><li>Farbe: Beige</li><li>Leistung: 100 W</li><li>Geschlecht: Unisex</li></ul>;Gardening & DIY;Pop Pulse Emporium;https://cdnbigbuy.com/images/3523930110863_S71022980_P00.jpg;https://cdnbigbuy.com/images/3523930110863_S71022980_P50.jpg;https://cdnbigbuy.com/images/3523930110863_S71022980_P10.jpg;https://cdnbigbuy.com/images/3523930110863_S71022980_P20.jpg;new;0.93;31.0;30.0;12.0
3523930110863;sk-SK;Multifunkčná elektrická podložka Livoo DOS218C Béžová 100 W;Ak hľadáte nové trendy na trhu, predstavujeme <b>Multifunkčná elektrická podložka Livoo DOS218C Béžová 100 W</b>!<br><br><ul><li>Farba: Béžová</li><li>Príkon: 100 W</li><li>Pohlavie: Unisex</li></ul>;Ak hľadáte nové trendy na trhu, predstavujeme <b>Multifunkčná elektrická podložka Livoo DOS218C Béžová 100 W</b>!<br><br><ul><li>Farba: Béžová</li><li>Príkon: 100 W</li><li>Pohlavie: Unisex</li></ul>;Gardening & DIY;Pop Pulse Emporium;https://cdnbigbuy.com/images/3523930110863_S71022980_P00.jpg;https://cdnbigbuy.com/images/3523930110863_S71022980_P50.jpg;https://cdnbigbuy.com/images/3523930110863_S71022980_P10.jpg;https://cdnbigbuy.com/images/3523930110863_S71022980_P20.jpg;new;0.93;31.0;30.0;12.0
3523930110863;pl-PL;Wielofunkcyjna poduszeczka elektryczna Livoo DOS218C Beżowy 100 W;Jeśli szukasz trendów na rynku, prezentujemy <b>Wielofunkcyjna poduszeczka elektryczna Livoo DOS218C Beżowy 100 W</b>!<br><br><ul><li>Kolor: Beżowy</li><li>Moc: 100 W</li><li>Płeć: Unisex</li></ul>;Jeśli szukasz trendów na rynku, prezentujemy <b>Wielofunkcyjna poduszeczka elektryczna Livoo DOS218C Beżowy 100 W</b>!<br><br><ul><li>Kolor: Beżowy</li><li>Moc: 100 W</li><li>Płeć: Unisex</li></ul>;Gardening & DIY;Pop Pulse Emporium;https://cdnbigbuy.com/images/3523930110863_S71022980_P00.jpg;https://cdnbigbuy.com/images/3523930110863_S71022980_P50.jpg;https://cdnbigbuy.com/images/3523930110863_S71022980_P10.jpg;https://cdnbigbuy.com/images/3523930110863_S71022980_P20.jpg;new;0.93;31.0;30.0;12.0
3523930110863;cs-CZ;Elektrická multifunkční poduška Livoo DOS218C Béžový 100 W;Pokud hledáte nejnovější trendy na trhu, máme tu čest vám představit <b>Elektrická multifunkční poduška Livoo DOS218C Béžový 100 W</b>!<br><br><ul><li>Barva: Béžový</li><li>Příkon: 100 W</li><li>Pohlaví: Unisex</li></ul>;Pokud hledáte nejnovější trendy na trhu, máme tu čest vám představit <b>Elektrická multifunkční poduška Livoo DOS218C Béžový 100 W</b>!<br><br><ul><li>Barva: Béžový</li><li>Příkon: 100 W</li><li>Pohlaví: Unisex</li></ul>;Gardening & DIY;Pop Pulse Emporium;https://cdnbigbuy.com/images/3523930110863_S71022980_P00.jpg;https://cdnbigbuy.com/images/3523930110863_S71022980_P50.jpg;https://cdnbigbuy.com/images/3523930110863_S71022980_P10.jpg;https://cdnbigbuy.com/images/3523930110863_S71022980_P20.jpg;new;0.93;31.0;30.0;12.0
8436603195720;de-AT;Schlägertasche Nox Pro Series Camel Beige;Bleiben Sie in Form und entdecken Sie die neuesten Innovationen der Branche, um mit den besten Voraussetzungen Sport zu betreiben! Kaufen Sie <b>Schlägertasche Nox Pro Series Camel Beige</b> zum besten Preis und genießen Sie ein gesundes Leben!<br><br><ul><li>Art: Schlägertasche</li><li>Geschlecht: <ul><li>Unisex</li><li>Unisex-Erwachsene</li></ul></li><li>Empfohlenes Alter: Erwachsene</li><li>Größe: <ul><li>Einheitsgröße</li><li>L</li></ul></li><li>Farbe: Beige</li><li>Kapazität: 38 L</li><li>Sport: Paddel</li></ul>;Bleiben Sie in Form und entdecken Sie die neuesten Innovationen der Branche, um mit den besten Voraussetzungen Sport zu betreiben! Kaufen Sie <b>Schlägertasche Nox Pro Series Camel Beige</b> zum besten Preis und genießen Sie ein gesundes Leben!<br><br><ul><li>Art: Schlägertasche</li><li>Geschlecht: <ul><li>Unisex</li><li>Unisex-Erwachsene</li></ul></li><li>Empfohlenes Alter: Erwachsene</li><li>Größe: <ul><li>Einheitsgröße</li><li>L</li></ul></li><li>Farbe: Beige</li><li>Kapazität: 38 L</li><li>S;Gardening & DIY;Pop Pulse Emporium;https://cdnbigbuy.com/images/8436603195720_S64194046_P00.jpg;https://cdnbigbuy.com/images/8436603195720_S64194046_P70.jpg;https://cdnbigbuy.com/images/8436603195720_S64194046_P30.jpg;https://cdnbigbuy.com/images/8436603195720_S64194046_P40.jpg;new;0.48;30.1;48.0;32.4
8436603195720;de-DE;Schlägertasche Nox Pro Series Camel Beige;Bleiben Sie in Form und entdecken Sie die neuesten Innovationen der Branche, um mit den besten Voraussetzungen Sport zu betreiben! Kaufen Sie <b>Schlägertasche Nox Pro Series Camel Beige</b> zum besten Preis und genießen Sie ein gesundes Leben!<br><br><ul><li>Art: Schlägertasche</li><li>Geschlecht: <ul><li>Unisex</li><li>Unisex-Erwachsene</li></ul></li><li>Empfohlenes Alter: Erwachsene</li><li>Größe: <ul><li>Einheitsgröße</li><li>L</li></ul></li><li>Farbe: Beige</li><li>Kapazität: 38 L</li><li>Sport: Paddel</li></ul>;Bleiben Sie in Form und entdecken Sie die neuesten Innovationen der Branche, um mit den besten Voraussetzungen Sport zu betreiben! Kaufen Sie <b>Schlägertasche Nox Pro Series Camel Beige</b> zum besten Preis und genießen Sie ein gesundes Leben!<br><br><ul><li>Art: Schlägertasche</li><li>Geschlecht: <ul><li>Unisex</li><li>Unisex-Erwachsene</li></ul></li><li>Empfohlenes Alter: Erwachsene</li><li>Größe: <ul><li>Einheitsgröße</li><li>L</li></ul></li><li>Farbe: Beige</li><li>Kapazität: 38 L</li><li>S;Gardening & DIY;Pop Pulse Emporium;https://cdnbigbuy.com/images/8436603195720_S64194046_P00.jpg;https://cdnbigbuy.com/images/8436603195720_S64194046_P70.jpg;https://cdnbigbuy.com/images/8436603195720_S64194046_P30.jpg;https://cdnbigbuy.com/images/8436603195720_S64194046_P40.jpg;new;0.48;30.1;48.0;32.4
8436603195720;sk-SK;Taška na rakety Nox Pro Series Camel Béžová;Udržujte sa vo forme a objavte posledné novinky zo sveta športu s tými najväčšími zárukami! Nakúpte <b>Taška na rakety Nox Pro Series Camel Béžová</b> za najlepšiu cenu a užívajte si zdravý život!<br><br><ul><li>Typ: Taška na rakety</li><li>Pohlavie: <ul><li>Unisex</li><li>Unisex dospelí</li></ul></li><li>Odporúčaný vek: Deti</li><li>Veľkosť: <ul><li>Jednotná veľkosť</li><li>L</li></ul></li><li>Farba: Béžová</li><li>Kapacita: 38 L</li><li>Šport: Loptičky na padel</li></ul>;Udržujte sa vo forme a objavte posledné novinky zo sveta športu s tými najväčšími zárukami! Nakúpte <b>Taška na rakety Nox Pro Series Camel Béžová</b> za najlepšiu cenu a užívajte si zdravý život!<br><br><ul><li>Typ: Taška na rakety</li><li>Pohlavie: <ul><li>Unisex</li><li>Unisex dospelí</li></ul></li><li>Odporúčaný vek: Deti</li><li>Veľkosť: <ul><li>Jednotná veľkosť</li><li>L</li></ul></li><li>Farba: Béžová</li><li>Kapacita: 38 L</li><li>Šport: Loptičky na padel</li></ul>;Gardening & DIY;Pop Pulse Emporium;https://cdnbigbuy.com/images/8436603195720_S64194046_P00.jpg;https://cdnbigbuy.com/images/8436603195720_S64194046_P70.jpg;https://cdnbigbuy.com/images/8436603195720_S64194046_P30.jpg;https://cdnbigbuy.com/images/8436603195720_S64194046_P40.jpg;new;0.48;30.1;48.0;32.4
8436603195720;pl-PL;Torba na rakiety Nox Pro Series Camel Beżowy;Utrzymaj kondycję i odkryj wszystkie nowości związane z uprawianiem sportu z najkorzystniejszymi warunkami! Kupuj <b>Torba na rakiety Nox Pro Series Camel Beżowy</b> o najkorzystniejszej cenie i ciesz się zdrowym życiem!<br><br><ul><li>Rodzaj: Torba na rakiety</li><li>Płeć: <ul><li>Unisex</li><li>Unisex dorośli</li></ul></li><li>Zalecany Wiek: Dorosłych</li><li>Rozmiar: <ul><li>Jeden rozmiar</li><li>L</li></ul></li><li>Kolor: Beżowy</li><li>Wydajność: 38 L</li><li>Sport: Piłki do Padla</li></ul>;Utrzymaj kondycję i odkryj wszystkie nowości związane z uprawianiem sportu z najkorzystniejszymi warunkami! Kupuj <b>Torba na rakiety Nox Pro Series Camel Beżowy</b> o najkorzystniejszej cenie i ciesz się zdrowym życiem!<br><br><ul><li>Rodzaj: Torba na rakiety</li><li>Płeć: <ul><li>Unisex</li><li>Unisex dorośli</li></ul></li><li>Zalecany Wiek: Dorosłych</li><li>Rozmiar: <ul><li>Jeden rozmiar</li><li>L</li></ul></li><li>Kolor: Beżowy</li><li>Wydajność: 38 L</li><li>Sport: Piłki do Padla</li></ul>;Gardening & DIY;Pop Pulse Emporium;https://cdnbigbuy.com/images/8436603195720_S64194046_P00.jpg;https://cdnbigbuy.com/images/8436603195720_S64194046_P70.jpg;https://cdnbigbuy.com/images/8436603195720_S64194046_P30.jpg;https://cdnbigbuy.com/images/8436603195720_S64194046_P40.jpg;new;0.48;30.1;48.0;32.4
8436603195720;cs-CZ;Taška na rakety Nox Pro Series Camel Béžový;Zůstaňte ve formě a objevujte poslední novinky ze sportovního světa s největšími zárukami! Nakupte <b>Taška na rakety Nox Pro Series Camel Béžový</b> za nejlepší cenu a užívejte si života plného zdraví!<br><br><ul><li>Typ: Taška na rakety</li><li>Pohlaví: <ul><li>Unisex</li><li>Unisex dospělí</li></ul></li><li>Doporučený věk: Dospělé</li><li>Velikost: <ul><li>Jednotná velikost</li><li>L</li></ul></li><li>Barva: Béžový</li><li>Kapacita: 38 L</li><li>Sport: Padel</li></ul>;Zůstaňte ve formě a objevujte poslední novinky ze sportovního světa s největšími zárukami! Nakupte <b>Taška na rakety Nox Pro Series Camel Béžový</b> za nejlepší cenu a užívejte si života plného zdraví!<br><br><ul><li>Typ: Taška na rakety</li><li>Pohlaví: <ul><li>Unisex</li><li>Unisex dospělí</li></ul></li><li>Doporučený věk: Dospělé</li><li>Velikost: <ul><li>Jednotná velikost</li><li>L</li></ul></li><li>Barva: Béžový</li><li>Kapacita: 38 L</li><li>Sport: Padel</li></ul>;Gardening & DIY;Pop Pulse Emporium;https://cdnbigbuy.com/images/8436603195720_S64194046_P00.jpg;https://cdnbigbuy.com/images/8436603195720_S64194046_P70.jpg;https://cdnbigbuy.com/images/8436603195720_S64194046_P30.jpg;https://cdnbigbuy.com/images/8436603195720_S64194046_P40.jpg;new;0.48;30.1;48.0;32.4
8413887517318;de-AT;Angelrute Kali Kunnan kali moana 300/4;Bleiben Sie in Form und entdecken Sie die neuesten Innovationen der Branche, um mit den besten Voraussetzungen Sport zu betreiben! Kaufen Sie <b>Angelrute Kali Kunnan kali moana 300/4</b> zum besten Preis und genießen Sie ein gesundes Leben!<br><br><ul><li>Art: Angelrute</li><li>Farbe: Orange</li><li>Durchmesser: Ø 20 mm</li><li>Maße ca.: 300 cm</li></ul>;Bleiben Sie in Form und entdecken Sie die neuesten Innovationen der Branche, um mit den besten Voraussetzungen Sport zu betreiben! Kaufen Sie <b>Angelrute Kali Kunnan kali moana 300/4</b> zum besten Preis und genießen Sie ein gesundes Leben!<br><br><ul><li>Art: Angelrute</li><li>Farbe: Orange</li><li>Durchmesser: Ø 20 mm</li><li>Maße ca.: 300 cm</li></ul>;Gardening & DIY;Pop Pulse Emporium;https://cdnbigbuy.com/images/8413887517318_S7928675_P00.jpg;;;;new;0.3;16.3;14.9;58.9
8413887517318;de-DE;Angelrute Kali Kunnan kali moana 300/4;Bleiben Sie in Form und entdecken Sie die neuesten Innovationen der Branche, um mit den besten Voraussetzungen Sport zu betreiben! Kaufen Sie <b>Angelrute Kali Kunnan kali moana 300/4</b> zum besten Preis und genießen Sie ein gesundes Leben!<br><br><ul><li>Art: Angelrute</li><li>Farbe: Orange</li><li>Durchmesser: Ø 20 mm</li><li>Maße ca.: 300 cm</li></ul>;Bleiben Sie in Form und entdecken Sie die neuesten Innovationen der Branche, um mit den besten Voraussetzungen Sport zu betreiben! Kaufen Sie <b>Angelrute Kali Kunnan kali moana 300/4</b> zum besten Preis und genießen Sie ein gesundes Leben!<br><br><ul><li>Art: Angelrute</li><li>Farbe: Orange</li><li>Durchmesser: Ø 20 mm</li><li>Maße ca.: 300 cm</li></ul>;Gardening & DIY;Pop Pulse Emporium;https://cdnbigbuy.com/images/8413887517318_S7928675_P00.jpg;;;;new;0.3;16.3;14.9;58.9
8413887517318;sk-SK;Rybárska tyč Kali Kunnan kali moana 300/4;Udržujte sa vo forme a objavte posledné novinky zo sveta športu s tými najväčšími zárukami! Nakúpte <b>Rybárska tyč Kali Kunnan kali moana 300/4</b> za najlepšiu cenu a užívajte si zdravý život!<br><br><ul><li>Typ: Rybárska tyč</li><li>Farba: Oranžová</li><li>Približný priemer: Ø 20 mm</li><li>Približné rozmery: 300 cm</li></ul>;Udržujte sa vo forme a objavte posledné novinky zo sveta športu s tými najväčšími zárukami! Nakúpte <b>Rybárska tyč Kali Kunnan kali moana 300/4</b> za najlepšiu cenu a užívajte si zdravý život!<br><br><ul><li>Typ: Rybárska tyč</li><li>Farba: Oranžová</li><li>Približný priemer: Ø 20 mm</li><li>Približné rozmery: 300 cm</li></ul>;Gardening & DIY;Pop Pulse Emporium;https://cdnbigbuy.com/images/8413887517318_S7928675_P00.jpg;;;;new;0.3;16.3;14.9;58.9
8413887517318;pl-PL;Wędka Kali Kunnan kali moana 300/4;Utrzymaj kondycję i odkryj wszystkie nowości związane z uprawianiem sportu z najkorzystniejszymi warunkami! Kupuj <b>Wędka Kali Kunnan kali moana 300/4</b> o najkorzystniejszej cenie i ciesz się zdrowym życiem!<br><br><ul><li>Rodzaj: Wędka</li><li>Kolor: Pomarańczowy</li><li>Średnica: Ø 20 mm</li><li>Wymiary ok.: 300 cm</li></ul>;Utrzymaj kondycję i odkryj wszystkie nowości związane z uprawianiem sportu z najkorzystniejszymi warunkami! Kupuj <b>Wędka Kali Kunnan kali moana 300/4</b> o najkorzystniejszej cenie i ciesz się zdrowym życiem!<br><br><ul><li>Rodzaj: Wędka</li><li>Kolor: Pomarańczowy</li><li>Średnica: Ø 20 mm</li><li>Wymiary ok.: 300 cm</li></ul>;Gardening & DIY;Pop Pulse Emporium;https://cdnbigbuy.com/images/8413887517318_S7928675_P00.jpg;;;;new;0.3;16.3;14.9;58.9
8413887517318;cs-CZ;Rybářský prut Kali Kunnan kali moana 300/4;Zůstaňte ve formě a objevujte poslední novinky ze sportovního světa s největšími zárukami! Nakupte <b>Rybářský prut Kali Kunnan kali moana 300/4</b> za nejlepší cenu a užívejte si života plného zdraví!<br><br><ul><li>Typ: Rybářský prut</li><li>Barva: Oranžový</li><li>Přibližný průměr: Ø 20 mm</li><li>Přibližné rozměry: 300 cm</li></ul>;Zůstaňte ve formě a objevujte poslední novinky ze sportovního světa s největšími zárukami! Nakupte <b>Rybářský prut Kali Kunnan kali moana 300/4</b> za nejlepší cenu a užívejte si života plného zdraví!<br><br><ul><li>Typ: Rybářský prut</li><li>Barva: Oranžový</li><li>Přibližný průměr: Ø 20 mm</li><li>Přibližné rozměry: 300 cm</li></ul>;Gardening & DIY;Pop Pulse Emporium;https://cdnbigbuy.com/images/8413887517318_S7928675_P00.jpg;;;;new;0.3;16.3;14.9;58.9
4899888817352;de-AT;Matte Aktive 180 X 12 X 50 CM 4 Stück;Wenn Sie auf der Suche nach trendigen Neuheiten auf dem Markt sind, präsentieren wir Ihnen <b>Matte Aktive 180 X 12 X 50 CM 4 Stück</b>!<br><br><ul><li>Art: Matte</li><li>Maße ca.: 180 X 12 X 50 CM</li><li>Stückzahl: 4 Stück</li></ul>;Wenn Sie auf der Suche nach trendigen Neuheiten auf dem Markt sind, präsentieren wir Ihnen <b>Matte Aktive 180 X 12 X 50 CM 4 Stück</b>!<br><br><ul><li>Art: Matte</li><li>Maße ca.: 180 X 12 X 50 CM</li><li>Stückzahl: 4 Stück</li></ul>;Gardening & DIY;Pop Pulse Emporium;https://cdnbigbuy.com/images/s8907007_p0_icon0.jpg;https://cdnbigbuy.com/images/S8907007_P20.jpg;https://cdnbigbuy.com/images/S8907007_P30.jpg;https://cdnbigbuy.com/images/S8907007_P40.jpg;new;0.97;32.0;32.0;51.5
4899888817352;de-DE;Matte Aktive 180 X 12 X 50 CM 4 Stück;Wenn Sie auf der Suche nach trendigen Neuheiten auf dem Markt sind, präsentieren wir Ihnen <b>Matte Aktive 180 X 12 X 50 CM 4 Stück</b>!<br><br><ul><li>Art: Matte</li><li>Maße ca.: 180 X 12 X 50 CM</li><li>Stückzahl: 4 Stück</li></ul>;Wenn Sie auf der Suche nach trendigen Neuheiten auf dem Markt sind, präsentieren wir Ihnen <b>Matte Aktive 180 X 12 X 50 CM 4 Stück</b>!<br><br><ul><li>Art: Matte</li><li>Maße ca.: 180 X 12 X 50 CM</li><li>Stückzahl: 4 Stück</li></ul>;Gardening & DIY;Pop Pulse Emporium;https://cdnbigbuy.com/images/s8907007_p0_icon0.jpg;https://cdnbigbuy.com/images/S8907007_P20.jpg;https://cdnbigbuy.com/images/S8907007_P30.jpg;https://cdnbigbuy.com/images/S8907007_P40.jpg;new;0.97;32.0;32.0;51.5
4899888817352;sk-SK;podložka Aktive 180 X 12 X 50 CM 4 kusov;Ak hľadáte nové trendy na trhu, predstavujeme <b>podložka Aktive 180 X 12 X 50 CM 4 kusov</b>!<br><br><ul><li>Typ: podložka</li><li>Približné rozmery: 180 X 12 X 50 CM</li><li>Kusov: 4 kusov</li></ul>;Ak hľadáte nové trendy na trhu, predstavujeme <b>podložka Aktive 180 X 12 X 50 CM 4 kusov</b>!<br><br><ul><li>Typ: podložka</li><li>Približné rozmery: 180 X 12 X 50 CM</li><li>Kusov: 4 kusov</li></ul>;Gardening & DIY;Pop Pulse Emporium;https://cdnbigbuy.com/images/s8907007_p0_icon0.jpg;https://cdnbigbuy.com/images/S8907007_P20.jpg;https://cdnbigbuy.com/images/S8907007_P30.jpg;https://cdnbigbuy.com/images/S8907007_P40.jpg;new;0.97;32.0;32.0;51.5
4899888817352;pl-PL;Mata Aktive 180 X 12 X 50 CM 4 Sztuk;Jeśli szukasz trendów na rynku, prezentujemy <b>Mata Aktive 180 X 12 X 50 CM 4 Sztuk</b>!<br><br><ul><li>Rodzaj: Mata</li><li>Wymiary ok.: 180 X 12 X 50 CM</li><li>Sztuk: 4 Sztuk</li></ul>;Jeśli szukasz trendów na rynku, prezentujemy <b>Mata Aktive 180 X 12 X 50 CM 4 Sztuk</b>!<br><br><ul><li>Rodzaj: Mata</li><li>Wymiary ok.: 180 X 12 X 50 CM</li><li>Sztuk: 4 Sztuk</li></ul>;Gardening & DIY;Pop Pulse Emporium;https://cdnbigbuy.com/images/s8907007_p0_icon0.jpg;https://cdnbigbuy.com/images/S8907007_P20.jpg;https://cdnbigbuy.com/images/S8907007_P30.jpg;https://cdnbigbuy.com/images/S8907007_P40.jpg;new;0.97;32.0;32.0;51.5
4899888817352;cs-CZ;Podložka Aktive 180 X 12 X 50 CM 4 kusů;Pokud hledáte nejnovější trendy na trhu, máme tu čest vám představit <b>Podložka Aktive 180 X 12 X 50 CM 4 kusů</b>!<br><br><ul><li>Typ: Podložka</li><li>Přibližné rozměry: 180 X 12 X 50 CM</li><li>Kusů: 4 kusů</li></ul>;Pokud hledáte nejnovější trendy na trhu, máme tu čest vám představit <b>Podložka Aktive 180 X 12 X 50 CM 4 kusů</b>!<br><br><ul><li>Typ: Podložka</li><li>Přibližné rozměry: 180 X 12 X 50 CM</li><li>Kusů: 4 kusů</li></ul>;Gardening & DIY;Pop Pulse Emporium;https://cdnbigbuy.com/images/s8907007_p0_icon0.jpg;https://cdnbigbuy.com/images/S8907007_P20.jpg;https://cdnbigbuy.com/images/S8907007_P30.jpg;https://cdnbigbuy.com/images/S8907007_P40.jpg;new;0.97;32.0;32.0;51.5
8436612940854;de-AT;Schlägertasche Starvie Paletero Tour Green grün;Bleiben Sie in Form und entdecken Sie die neuesten Innovationen der Branche, um mit den besten Voraussetzungen Sport zu betreiben! Kaufen Sie <b>Schlägertasche Starvie Paletero Tour Green grün</b> zum besten Preis und genießen Sie ein gesundes Leben!<br><br><ul><li>Art: Schlägertasche</li><li>Geschlecht: Unisex</li><li>Empfohlenes Alter: Erwachsene</li><li>Größe: Einheitsgröße</li><li>Farbe: grün</li><li>Verschluss Armband: Schließe</li><li>Sport: Paddel</li></ul>;Bleiben Sie in Form und entdecken Sie die neuesten Innovationen der Branche, um mit den besten Voraussetzungen Sport zu betreiben! Kaufen Sie <b>Schlägertasche Starvie Paletero Tour Green grün</b> zum besten Preis und genießen Sie ein gesundes Leben!<br><br><ul><li>Art: Schlägertasche</li><li>Geschlecht: Unisex</li><li>Empfohlenes Alter: Erwachsene</li><li>Größe: Einheitsgröße</li><li>Farbe: grün</li><li>Verschluss Armband: Schließe</li><li>Sport: Paddel</li></ul>;Gardening & DIY;Pop Pulse Emporium;https://cdnbigbuy.com/images/8436612940854_S64194120_P00.jpg;https://cdnbigbuy.com/images/8436612940854_S64194120_P30.jpg;https://cdnbigbuy.com/images/8436612940854_S64194120_P20.jpg;;new;0.48;30.1;48.0;32.4
8436612940854;de-DE;Schlägertasche Starvie Paletero Tour Green grün;Bleiben Sie in Form und entdecken Sie die neuesten Innovationen der Branche, um mit den besten Voraussetzungen Sport zu betreiben! Kaufen Sie <b>Schlägertasche Starvie Paletero Tour Green grün</b> zum besten Preis und genießen Sie ein gesundes Leben!<br><br><ul><li>Art: Schlägertasche</li><li>Geschlecht: Unisex</li><li>Empfohlenes Alter: Erwachsene</li><li>Größe: Einheitsgröße</li><li>Farbe: grün</li><li>Verschluss Armband: Schließe</li><li>Sport: Paddel</li></ul>;Bleiben Sie in Form und entdecken Sie die neuesten Innovationen der Branche, um mit den besten Voraussetzungen Sport zu betreiben! Kaufen Sie <b>Schlägertasche Starvie Paletero Tour Green grün</b> zum besten Preis und genießen Sie ein gesundes Leben!<br><br><ul><li>Art: Schlägertasche</li><li>Geschlecht: Unisex</li><li>Empfohlenes Alter: Erwachsene</li><li>Größe: Einheitsgröße</li><li>Farbe: grün</li><li>Verschluss Armband: Schließe</li><li>Sport: Paddel</li></ul>;Gardening & DIY;Pop Pulse Emporium;https://cdnbigbuy.com/images/8436612940854_S64194120_P00.jpg;https://cdnbigbuy.com/images/8436612940854_S64194120_P30.jpg;https://cdnbigbuy.com/images/8436612940854_S64194120_P20.jpg;;new;0.48;30.1;48.0;32.4
8436612940854;sk-SK;Taška na rakety Starvie Paletero Tour Green zelená;Udržujte sa vo forme a objavte posledné novinky zo sveta športu s tými najväčšími zárukami! Nakúpte <b>Taška na rakety Starvie Paletero Tour Green zelená</b> za najlepšiu cenu a užívajte si zdravý život!<br><br><ul><li>Typ: Taška na rakety</li><li>Pohlavie: Unisex</li><li>Odporúčaný vek: Deti</li><li>Veľkosť: Jednotná veľkosť</li><li>Farba: zelená</li><li>Typ zapínania: Pracka</li><li>Šport: Loptičky na padel</li></ul>;Udržujte sa vo forme a objavte posledné novinky zo sveta športu s tými najväčšími zárukami! Nakúpte <b>Taška na rakety Starvie Paletero Tour Green zelená</b> za najlepšiu cenu a užívajte si zdravý život!<br><br><ul><li>Typ: Taška na rakety</li><li>Pohlavie: Unisex</li><li>Odporúčaný vek: Deti</li><li>Veľkosť: Jednotná veľkosť</li><li>Farba: zelená</li><li>Typ zapínania: Pracka</li><li>Šport: Loptičky na padel</li></ul>;Gardening & DIY;Pop Pulse Emporium;https://cdnbigbuy.com/images/8436612940854_S64194120_P00.jpg;https://cdnbigbuy.com/images/8436612940854_S64194120_P30.jpg;https://cdnbigbuy.com/images/8436612940854_S64194120_P20.jpg;;new;0.48;30.1;48.0;32.4
8436612940854;pl-PL;Torba na rakiety Starvie Paletero Tour Green Kolor Zielony;Utrzymaj kondycję i odkryj wszystkie nowości związane z uprawianiem sportu z najkorzystniejszymi warunkami! Kupuj <b>Torba na rakiety Starvie Paletero Tour Green Kolor Zielony</b> o najkorzystniejszej cenie i ciesz się zdrowym życiem!<br><br><ul><li>Rodzaj: Torba na rakiety</li><li>Płeć: Unisex</li><li>Zalecany Wiek: Dorosłych</li><li>Rozmiar: Jeden rozmiar</li><li>Kolor: Kolor Zielony</li><li>Rodzaj zapięcia: Klamra</li><li>Sport: Piłki do Padla</li></ul>;Utrzymaj kondycję i odkryj wszystkie nowości związane z uprawianiem sportu z najkorzystniejszymi warunkami! Kupuj <b>Torba na rakiety Starvie Paletero Tour Green Kolor Zielony</b> o najkorzystniejszej cenie i ciesz się zdrowym życiem!<br><br><ul><li>Rodzaj: Torba na rakiety</li><li>Płeć: Unisex</li><li>Zalecany Wiek: Dorosłych</li><li>Rozmiar: Jeden rozmiar</li><li>Kolor: Kolor Zielony</li><li>Rodzaj zapięcia: Klamra</li><li>Sport: Piłki do Padla</li></ul>;Gardening & DIY;Pop Pulse Emporium;https://cdnbigbuy.com/images/8436612940854_S64194120_P00.jpg;https://cdnbigbuy.com/images/8436612940854_S64194120_P30.jpg;https://cdnbigbuy.com/images/8436612940854_S64194120_P20.jpg;;new;0.48;30.1;48.0;32.4
8436612940854;cs-CZ;Taška na rakety Starvie Paletero Tour Green Zelená;Zůstaňte ve formě a objevujte poslední novinky ze sportovního světa s největšími zárukami! Nakupte <b>Taška na rakety Starvie Paletero Tour Green Zelená</b> za nejlepší cenu a užívejte si života plného zdraví!<br><br><ul><li>Typ: Taška na rakety</li><li>Pohlaví: Unisex</li><li>Doporučený věk: Dospělé</li><li>Velikost: Jednotná velikost</li><li>Barva: Zelená</li><li>Typ zapínání: Přezka</li><li>Sport: Padel</li></ul>;Zůstaňte ve formě a objevujte poslední novinky ze sportovního světa s největšími zárukami! Nakupte <b>Taška na rakety Starvie Paletero Tour Green Zelená</b> za nejlepší cenu a užívejte si života plného zdraví!<br><br><ul><li>Typ: Taška na rakety</li><li>Pohlaví: Unisex</li><li>Doporučený věk: Dospělé</li><li>Velikost: Jednotná velikost</li><li>Barva: Zelená</li><li>Typ zapínání: Přezka</li><li>Sport: Padel</li></ul>;Gardening & DIY;Pop Pulse Emporium;https://cdnbigbuy.com/images/8436612940854_S64194120_P00.jpg;https://cdnbigbuy.com/images/8436612940854_S64194120_P30.jpg;https://cdnbigbuy.com/images/8436612940854_S64194120_P20.jpg;;new;0.48;30.1;48.0;32.4
8413887790582;de-AT;Angelrute Kali Kunnan kali blade 240;Bleiben Sie in Form und entdecken Sie die neuesten Innovationen der Branche, um mit den besten Voraussetzungen Sport zu betreiben! Kaufen Sie <b>Angelrute Kali Kunnan kali blade 240</b> zum besten Preis und genießen Sie ein gesundes Leben!<br><br><ul><li>Art: Angelrute</li><li>Farbe: Blau</li><li>Durchmesser: Ø 19 mm</li><li>Maße ca.: 240 cm</li></ul>;Bleiben Sie in Form und entdecken Sie die neuesten Innovationen der Branche, um mit den besten Voraussetzungen Sport zu betreiben! Kaufen Sie <b>Angelrute Kali Kunnan kali blade 240</b> zum besten Preis und genießen Sie ein gesundes Leben!<br><br><ul><li>Art: Angelrute</li><li>Farbe: Blau</li><li>Durchmesser: Ø 19 mm</li><li>Maße ca.: 240 cm</li></ul>;Gardening & DIY;Pop Pulse Emporium;https://cdnbigbuy.com/images/8413887790582_S7928674_P00.jpg;;;;new;0.2;16.3;14.9;58.9
8413887790582;de-DE;Angelrute Kali Kunnan kali blade 240;Bleiben Sie in Form und entdecken Sie die neuesten Innovationen der Branche, um mit den besten Voraussetzungen Sport zu betreiben! Kaufen Sie <b>Angelrute Kali Kunnan kali blade 240</b> zum besten Preis und genießen Sie ein gesundes Leben!<br><br><ul><li>Art: Angelrute</li><li>Farbe: Blau</li><li>Durchmesser: Ø 19 mm</li><li>Maße ca.: 240 cm</li></ul>;Bleiben Sie in Form und entdecken Sie die neuesten Innovationen der Branche, um mit den besten Voraussetzungen Sport zu betreiben! Kaufen Sie <b>Angelrute Kali Kunnan kali blade 240</b> zum besten Preis und genießen Sie ein gesundes Leben!<br><br><ul><li>Art: Angelrute</li><li>Farbe: Blau</li><li>Durchmesser: Ø 19 mm</li><li>Maße ca.: 240 cm</li></ul>;Gardening & DIY;Pop Pulse Emporium;https://cdnbigbuy.com/images/8413887790582_S7928674_P00.jpg;;;;new;0.2;16.3;14.9;58.9
8413887790582;sk-SK;Rybárska tyč Kali Kunnan kali blade 240;Udržujte sa vo forme a objavte posledné novinky zo sveta športu s tými najväčšími zárukami! Nakúpte <b>Rybárska tyč Kali Kunnan kali blade 240</b> za najlepšiu cenu a užívajte si zdravý život!<br><br><ul><li>Typ: Rybárska tyč</li><li>Farba: Modrá</li><li>Približný priemer: Ø 19 mm</li><li>Približné rozmery: 240 cm</li></ul>;Udržujte sa vo forme a objavte posledné novinky zo sveta športu s tými najväčšími zárukami! Nakúpte <b>Rybárska tyč Kali Kunnan kali blade 240</b> za najlepšiu cenu a užívajte si zdravý život!<br><br><ul><li>Typ: Rybárska tyč</li><li>Farba: Modrá</li><li>Približný priemer: Ø 19 mm</li><li>Približné rozmery: 240 cm</li></ul>;Gardening & DIY;Pop Pulse Emporium;https://cdnbigbuy.com/images/8413887790582_S7928674_P00.jpg;;;;new;0.2;16.3;14.9;58.9
8413887790582;pl-PL;Wędka Kali Kunnan kali blade 240;Utrzymaj kondycję i odkryj wszystkie nowości związane z uprawianiem sportu z najkorzystniejszymi warunkami! Kupuj <b>Wędka Kali Kunnan kali blade 240</b> o najkorzystniejszej cenie i ciesz się zdrowym życiem!<br><br><ul><li>Rodzaj: Wędka</li><li>Kolor: Niebieski</li><li>Średnica: Ø 19 mm</li><li>Wymiary ok.: 240 cm</li></ul>;Utrzymaj kondycję i odkryj wszystkie nowości związane z uprawianiem sportu z najkorzystniejszymi warunkami! Kupuj <b>Wędka Kali Kunnan kali blade 240</b> o najkorzystniejszej cenie i ciesz się zdrowym życiem!<br><br><ul><li>Rodzaj: Wędka</li><li>Kolor: Niebieski</li><li>Średnica: Ø 19 mm</li><li>Wymiary ok.: 240 cm</li></ul>;Gardening & DIY;Pop Pulse Emporium;https://cdnbigbuy.com/images/8413887790582_S7928674_P00.jpg;;;;new;0.2;16.3;14.9;58.9
8413887790582;cs-CZ;Rybářský prut Kali Kunnan kali blade 240;Zůstaňte ve formě a objevujte poslední novinky ze sportovního světa s největšími zárukami! Nakupte <b>Rybářský prut Kali Kunnan kali blade 240</b> za nejlepší cenu a užívejte si života plného zdraví!<br><br><ul><li>Typ: Rybářský prut</li><li>Barva: Modrý</li><li>Přibližný průměr: Ø 19 mm</li><li>Přibližné rozměry: 240 cm</li></ul>;Zůstaňte ve formě a objevujte poslední novinky ze sportovního světa s největšími zárukami! Nakupte <b>Rybářský prut Kali Kunnan kali blade 240</b> za nejlepší cenu a užívejte si života plného zdraví!<br><br><ul><li>Typ: Rybářský prut</li><li>Barva: Modrý</li><li>Přibližný průměr: Ø 19 mm</li><li>Přibližné rozměry: 240 cm</li></ul>;Gardening & DIY;Pop Pulse Emporium;https://cdnbigbuy.com/images/8413887790582_S7928674_P00.jpg;;;;new;0.2;16.3;14.9;58.9
8413887280472;de-AT;Spule Herculy lift 140;Bleiben Sie in Form und entdecken Sie die neuesten Innovationen der Branche, um mit den besten Voraussetzungen Sport zu betreiben! Kaufen Sie <b>Spule Herculy lift 140</b> zum besten Preis und genießen Sie ein gesundes Leben!<br><br><ul><li>Art: Spule</li><li>Farbe: Blau</li><li>Material: Graphit</li><li>Merkmale: Mit Bremsen</li></ul>;Bleiben Sie in Form und entdecken Sie die neuesten Innovationen der Branche, um mit den besten Voraussetzungen Sport zu betreiben! Kaufen Sie <b>Spule Herculy lift 140</b> zum besten Preis und genießen Sie ein gesundes Leben!<br><br><ul><li>Art: Spule</li><li>Farbe: Blau</li><li>Material: Graphit</li><li>Merkmale: Mit Bremsen</li></ul>;Gardening & DIY;Pop Pulse Emporium;https://cdnbigbuy.com/images/8413887280472_S7928677_P00.jpg;;;;new;0.32;17.3;14.7;11.9
8413887280472;de-DE;Spule Herculy lift 140;Bleiben Sie in Form und entdecken Sie die neuesten Innovationen der Branche, um mit den besten Voraussetzungen Sport zu betreiben! Kaufen Sie <b>Spule Herculy lift 140</b> zum besten Preis und genießen Sie ein gesundes Leben!<br><br><ul><li>Art: Spule</li><li>Farbe: Blau</li><li>Material: Graphit</li><li>Merkmale: Mit Bremsen</li></ul>;Bleiben Sie in Form und entdecken Sie die neuesten Innovationen der Branche, um mit den besten Voraussetzungen Sport zu betreiben! Kaufen Sie <b>Spule Herculy lift 140</b> zum besten Preis und genießen Sie ein gesundes Leben!<br><br><ul><li>Art: Spule</li><li>Farbe: Blau</li><li>Material: Graphit</li><li>Merkmale: Mit Bremsen</li></ul>;Gardening & DIY;Pop Pulse Emporium;https://cdnbigbuy.com/images/8413887280472_S7928677_P00.jpg;;;;new;0.32;17.3;14.7;11.9
8413887280472;sk-SK;Navijak Herculy lift 140;Udržujte sa vo forme a objavte posledné novinky zo sveta športu s tými najväčšími zárukami! Nakúpte <b>Navijak Herculy lift 140</b> za najlepšiu cenu a užívajte si zdravý život!<br><br><ul><li>Typ: Navijak</li><li>Farba: Modrá</li><li>Materiál: Grafitová</li><li>Vlastnosti: S brzdami</li></ul>;Udržujte sa vo forme a objavte posledné novinky zo sveta športu s tými najväčšími zárukami! Nakúpte <b>Navijak Herculy lift 140</b> za najlepšiu cenu a užívajte si zdravý život!<br><br><ul><li>Typ: Navijak</li><li>Farba: Modrá</li><li>Materiál: Grafitová</li><li>Vlastnosti: S brzdami</li></ul>;Gardening & DIY;Pop Pulse Emporium;https://cdnbigbuy.com/images/8413887280472_S7928677_P00.jpg;;;;new;0.32;17.3;14.7;11.9
8413887280472;pl-PL;Kołowrotek Herculy lift 140;Utrzymaj kondycję i odkryj wszystkie nowości związane z uprawianiem sportu z najkorzystniejszymi warunkami! Kupuj <b>Kołowrotek Herculy lift 140</b> o najkorzystniejszej cenie i ciesz się zdrowym życiem!<br><br><ul><li>Rodzaj: Kołowrotek</li><li>Kolor: Niebieski</li><li>Materiał: Grafit</li><li>Właściwości: Z hamulcami</li></ul>;Utrzymaj kondycję i odkryj wszystkie nowości związane z uprawianiem sportu z najkorzystniejszymi warunkami! Kupuj <b>Kołowrotek Herculy lift 140</b> o najkorzystniejszej cenie i ciesz się zdrowym życiem!<br><br><ul><li>Rodzaj: Kołowrotek</li><li>Kolor: Niebieski</li><li>Materiał: Grafit</li><li>Właściwości: Z hamulcami</li></ul>;Gardening & DIY;Pop Pulse Emporium;https://cdnbigbuy.com/images/8413887280472_S7928677_P00.jpg;;;;new;0.32;17.3;14.7;11.9
8413887280472;cs-CZ;Naviják Herculy lift 140;Zůstaňte ve formě a objevujte poslední novinky ze sportovního světa s největšími zárukami! Nakupte <b>Naviják Herculy lift 140</b> za nejlepší cenu a užívejte si života plného zdraví!<br><br><ul><li>Typ: Naviják</li><li>Barva: Modrý</li><li>Materiál: Grafitová</li><li>Vlastnosti: S brzdami</li></ul>;Zůstaňte ve formě a objevujte poslední novinky ze sportovního světa s největšími zárukami! Nakupte <b>Naviják Herculy lift 140</b> za nejlepší cenu a užívejte si života plného zdraví!<br><br><ul><li>Typ: Naviják</li><li>Barva: Modrý</li><li>Materiál: Grafitová</li><li>Vlastnosti: S brzdami</li></ul>;Gardening & DIY;Pop Pulse Emporium;https://cdnbigbuy.com/images/8413887280472_S7928677_P00.jpg;;;;new;0.32;17.3;14.7;11.9
4899888814078;de-AT;Kinderfahrradhelm Peppa Pig Rot 48-52 cm;Wenn Sie auf der Suche nach trendigen Neuheiten auf dem Markt sind, präsentieren wir Ihnen <b>Kinderfahrradhelm Peppa Pig Rot 48-52 cm</b>!<br><br><ul><li>Art: Kinderfahrradhelm</li><li>Größe: 48-52 cm</li><li>Farbe: Rot</li><li>Material: <ul><li>Metall</li><li>Kunststoff</li></ul></li><li>Empfohlenes Alter: + 2 Jahre</li><li>Stückzahl: 2 Stück</li></ul>;Wenn Sie auf der Suche nach trendigen Neuheiten auf dem Markt sind, präsentieren wir Ihnen <b>Kinderfahrradhelm Peppa Pig Rot 48-52 cm</b>!<br><br><ul><li>Art: Kinderfahrradhelm</li><li>Größe: 48-52 cm</li><li>Farbe: Rot</li><li>Material: <ul><li>Metall</li><li>Kunststoff</li></ul></li><li>Empfohlenes Alter: + 2 Jahre</li><li>Stückzahl: 2 Stück</li></ul>;Gardening & DIY;Pop Pulse Emporium;https://cdnbigbuy.com/images/s8906700_p0_icon0.jpg;https://cdnbigbuy.com/images/S8906700_P40.jpg;https://cdnbigbuy.com/images/S8906700_P00.jpg;https://cdnbigbuy.com/images/S8906700_P50.jpg;new;0.76;22.0;28.5;33.5
4899888814078;de-DE;Kinderfahrradhelm Peppa Pig Rot 48-52 cm;Wenn Sie auf der Suche nach trendigen Neuheiten auf dem Markt sind, präsentieren wir Ihnen <b>Kinderfahrradhelm Peppa Pig Rot 48-52 cm</b>!<br><br><ul><li>Art: Kinderfahrradhelm</li><li>Größe: 48-52 cm</li><li>Farbe: Rot</li><li>Material: <ul><li>Metall</li><li>Kunststoff</li></ul></li><li>Empfohlenes Alter: + 2 Jahre</li><li>Stückzahl: 2 Stück</li></ul>;Wenn Sie auf der Suche nach trendigen Neuheiten auf dem Markt sind, präsentieren wir Ihnen <b>Kinderfahrradhelm Peppa Pig Rot 48-52 cm</b>!<br><br><ul><li>Art: Kinderfahrradhelm</li><li>Größe: 48-52 cm</li><li>Farbe: Rot</li><li>Material: <ul><li>Metall</li><li>Kunststoff</li></ul></li><li>Empfohlenes Alter: + 2 Jahre</li><li>Stückzahl: 2 Stück</li></ul>;Gardening & DIY;Pop Pulse Emporium;https://cdnbigbuy.com/images/s8906700_p0_icon0.jpg;https://cdnbigbuy.com/images/S8906700_P40.jpg;https://cdnbigbuy.com/images/S8906700_P00.jpg;https://cdnbigbuy.com/images/S8906700_P50.jpg;new;0.76;22.0;28.5;33.5
4899888814078;sk-SK;Detská cyklistická helma Peppa Pig Červená 48-52 cm;Ak hľadáte nové trendy na trhu, predstavujeme <b>Detská cyklistická helma Peppa Pig Červená 48-52 cm</b>!<br><br><ul><li>Typ: Detská cyklistická helma</li><li>Veľkosť: 48-52 cm</li><li>Farba: Červená</li><li>Materiál: <ul><li>Kov</li><li>Plastické</li></ul></li><li>Odporúčaný vek: + 2 rokov</li><li>Kusov: 2 kusov</li></ul>;Ak hľadáte nové trendy na trhu, predstavujeme <b>Detská cyklistická helma Peppa Pig Červená 48-52 cm</b>!<br><br><ul><li>Typ: Detská cyklistická helma</li><li>Veľkosť: 48-52 cm</li><li>Farba: Červená</li><li>Materiál: <ul><li>Kov</li><li>Plastické</li></ul></li><li>Odporúčaný vek: + 2 rokov</li><li>Kusov: 2 kusov</li></ul>;Gardening & DIY;Pop Pulse Emporium;https://cdnbigbuy.com/images/s8906700_p0_icon0.jpg;https://cdnbigbuy.com/images/S8906700_P40.jpg;https://cdnbigbuy.com/images/S8906700_P00.jpg;https://cdnbigbuy.com/images/S8906700_P50.jpg;new;0.76;22.0;28.5;33.5
4899888814078;pl-PL;Kask rowerowy dla dzieci Peppa Pig Czerwony 48-52 cm;Jeśli szukasz trendów na rynku, prezentujemy <b>Kask rowerowy dla dzieci Peppa Pig Czerwony 48-52 cm</b>!<br><br><ul><li>Rodzaj: Kask rowerowy dla dzieci</li><li>Rozmiar: 48-52 cm</li><li>Kolor: Czerwony</li><li>Materiał: <ul><li>Metal</li><li>Plastikowy</li></ul></li><li>Zalecany Wiek: + 2 lat</li><li>Sztuk: 2 Sztuk</li></ul>;Jeśli szukasz trendów na rynku, prezentujemy <b>Kask rowerowy dla dzieci Peppa Pig Czerwony 48-52 cm</b>!<br><br><ul><li>Rodzaj: Kask rowerowy dla dzieci</li><li>Rozmiar: 48-52 cm</li><li>Kolor: Czerwony</li><li>Materiał: <ul><li>Metal</li><li>Plastikowy</li></ul></li><li>Zalecany Wiek: + 2 lat</li><li>Sztuk: 2 Sztuk</li></ul>;Gardening & DIY;Pop Pulse Emporium;https://cdnbigbuy.com/images/s8906700_p0_icon0.jpg;https://cdnbigbuy.com/images/S8906700_P40.jpg;https://cdnbigbuy.com/images/S8906700_P00.jpg;https://cdnbigbuy.com/images/S8906700_P50.jpg;new;0.76;22.0;28.5;33.5
4899888814078;cs-CZ;Cyklistická přilba pro děti Peppa Pig Červený 48-52 cm;Pokud hledáte nejnovější trendy na trhu, máme tu čest vám představit <b>Cyklistická přilba pro děti Peppa Pig Červený 48-52 cm</b>!<br><br><ul><li>Typ: Cyklistická přilba pro děti</li><li>Velikost: 48-52 cm</li><li>Barva: Červený</li><li>Materiál: <ul><li>Kov</li><li>Plastické</li></ul></li><li>Doporučený věk: + 2 roků</li><li>Kusů: 2 kusů</li></ul>;Pokud hledáte nejnovější trendy na trhu, máme tu čest vám představit <b>Cyklistická přilba pro děti Peppa Pig Červený 48-52 cm</b>!<br><br><ul><li>Typ: Cyklistická přilba pro děti</li><li>Velikost: 48-52 cm</li><li>Barva: Červený</li><li>Materiál: <ul><li>Kov</li><li>Plastické</li></ul></li><li>Doporučený věk: + 2 roků</li><li>Kusů: 2 kusů</li></ul>;Gardening & DIY;Pop Pulse Emporium;https://cdnbigbuy.com/images/s8906700_p0_icon0.jpg;https://cdnbigbuy.com/images/S8906700_P40.jpg;https://cdnbigbuy.com/images/S8906700_P00.jpg;https://cdnbigbuy.com/images/S8906700_P50.jpg;new;0.76;22.0;28.5;33.5
8412842631625;de-AT;Tisch Aktive;Wenn Sie auf der Suche nach trendigen Neuheiten auf dem Markt sind, präsentieren wir Ihnen <b>Tisch Aktive</b>!<br><br><ul><li>Material: <ul><li>Stahl</li><li>Holz MDF</li></ul></li><li>Maße ca.: 120 x 70 x 60 cm</li></ul>;Wenn Sie auf der Suche nach trendigen Neuheiten auf dem Markt sind, präsentieren wir Ihnen <b>Tisch Aktive</b>!<br><br><ul><li>Material: <ul><li>Stahl</li><li>Holz MDF</li></ul></li><li>Maße ca.: 120 x 70 x 60 cm</li></ul>;Gardening & DIY;Pop Pulse Emporium;https://cdnbigbuy.com/images/8412842631625_R00.jpg;https://cdnbigbuy.com/images/8412842631625_R50.jpg;https://cdnbigbuy.com/images/8412842631625_R10.jpg;https://cdnbigbuy.com/images/8412842631625_R60.jpg;new;7.13;8.0;62.0;63.0
8412842631625;de-DE;Tisch Aktive;Wenn Sie auf der Suche nach trendigen Neuheiten auf dem Markt sind, präsentieren wir Ihnen <b>Tisch Aktive</b>!<br><br><ul><li>Material: <ul><li>Stahl</li><li>Holz MDF</li></ul></li><li>Maße ca.: 120 x 70 x 60 cm</li></ul>;Wenn Sie auf der Suche nach trendigen Neuheiten auf dem Markt sind, präsentieren wir Ihnen <b>Tisch Aktive</b>!<br><br><ul><li>Material: <ul><li>Stahl</li><li>Holz MDF</li></ul></li><li>Maße ca.: 120 x 70 x 60 cm</li></ul>;Gardening & DIY;Pop Pulse Emporium;https://cdnbigbuy.com/images/8412842631625_R00.jpg;https://cdnbigbuy.com/images/8412842631625_R50.jpg;https://cdnbigbuy.com/images/8412842631625_R10.jpg;https://cdnbigbuy.com/images/8412842631625_R60.jpg;new;7.13;8.0;62.0;63.0
8412842631625;sk-SK;Stôl Aktive;Ak hľadáte nové trendy na trhu, predstavujeme <b>Stôl Aktive</b>!<br><br><ul><li>Materiál: <ul><li>Oceľ</li><li>Drevo MDF</li></ul></li><li>Približné rozmery: 120 x 70 x 60 cm</li></ul>;Ak hľadáte nové trendy na trhu, predstavujeme <b>Stôl Aktive</b>!<br><br><ul><li>Materiál: <ul><li>Oceľ</li><li>Drevo MDF</li></ul></li><li>Približné rozmery: 120 x 70 x 60 cm</li></ul>;Gardening & DIY;Pop Pulse Emporium;https://cdnbigbuy.com/images/8412842631625_R00.jpg;https://cdnbigbuy.com/images/8412842631625_R50.jpg;https://cdnbigbuy.com/images/8412842631625_R10.jpg;https://cdnbigbuy.com/images/8412842631625_R60.jpg;new;7.13;8.0;62.0;63.0
8412842631625;pl-PL;Stolik Aktive;Jeśli szukasz trendów na rynku, prezentujemy <b>Stolik Aktive</b>!<br><br><ul><li>Materiał: <ul><li>Stal</li><li>Drewno MDF</li></ul></li><li>Wymiary ok.: 120 x 70 x 60 cm</li></ul>;Jeśli szukasz trendów na rynku, prezentujemy <b>Stolik Aktive</b>!<br><br><ul><li>Materiał: <ul><li>Stal</li><li>Drewno MDF</li></ul></li><li>Wymiary ok.: 120 x 70 x 60 cm</li></ul>;Gardening & DIY;Pop Pulse Emporium;https://cdnbigbuy.com/images/8412842631625_R00.jpg;https://cdnbigbuy.com/images/8412842631625_R50.jpg;https://cdnbigbuy.com/images/8412842631625_R10.jpg;https://cdnbigbuy.com/images/8412842631625_R60.jpg;new;7.13;8.0;62.0;63.0
8412842631625;cs-CZ;Stůl Aktive;Pokud hledáte nejnovější trendy na trhu, máme tu čest vám představit <b>Stůl Aktive</b>!<br><br><ul><li>Materiál: <ul><li>Ocel</li><li>Dřevo MDF</li></ul></li><li>Přibližné rozměry: 120 x 70 x 60 cm</li></ul>;Pokud hledáte nejnovější trendy na trhu, máme tu čest vám představit <b>Stůl Aktive</b>!<br><br><ul><li>Materiál: <ul><li>Ocel</li><li>Dřevo MDF</li></ul></li><li>Přibližné rozměry: 120 x 70 x 60 cm</li></ul>;Gardening & DIY;Pop Pulse Emporium;https://cdnbigbuy.com/images/8412842631625_R00.jpg;https://cdnbigbuy.com/images/8412842631625_R50.jpg;https://cdnbigbuy.com/images/8412842631625_R10.jpg;https://cdnbigbuy.com/images/8412842631625_R60.jpg;new;7.13;8.0;62.0;63.0
8002908468199;de-AT;Schwimmbrille Seac Ritmo Einheitsgröße Weiß Schwarz;Bleiben Sie in Form und entdecken Sie die neuesten Innovationen der Branche, um mit den besten Voraussetzungen Sport zu betreiben! Kaufen Sie <b>Schwimmbrille Seac Ritmo Einheitsgröße Weiß Schwarz</b> zum besten Preis und genießen Sie ein gesundes Leben!<br><br><ul><li>Art: Taucherbrille</li><li>Geschlecht: Unisex</li><li>Empfohlenes Alter: Erwachsene</li><li>Größe: Einheitsgröße</li><li>Farbe: <ul><li>Weiß</li><li>Schwarz</li></ul></li><li>Sport: Schwimmen</li></ul>;Bleiben Sie in Form und entdecken Sie die neuesten Innovationen der Branche, um mit den besten Voraussetzungen Sport zu betreiben! Kaufen Sie <b>Schwimmbrille Seac Ritmo Einheitsgröße Weiß Schwarz</b> zum besten Preis und genießen Sie ein gesundes Leben!<br><br><ul><li>Art: Taucherbrille</li><li>Geschlecht: Unisex</li><li>Empfohlenes Alter: Erwachsene</li><li>Größe: Einheitsgröße</li><li>Farbe: <ul><li>Weiß</li><li>Schwarz</li></ul></li><li>Sport: Schwimmen</li></ul>;Gardening & DIY;Pop Pulse Emporium;https://cdnbigbuy.com/images/8002908468199_S64192465_P00.jpg;;;;new;0.13;7.2;12.4;19.7
8002908468199;de-DE;Schwimmbrille Seac Ritmo Einheitsgröße Weiß Schwarz;Bleiben Sie in Form und entdecken Sie die neuesten Innovationen der Branche, um mit den besten Voraussetzungen Sport zu betreiben! Kaufen Sie <b>Schwimmbrille Seac Ritmo Einheitsgröße Weiß Schwarz</b> zum besten Preis und genießen Sie ein gesundes Leben!<br><br><ul><li>Art: Taucherbrille</li><li>Geschlecht: Unisex</li><li>Empfohlenes Alter: Erwachsene</li><li>Größe: Einheitsgröße</li><li>Farbe: <ul><li>Weiß</li><li>Schwarz</li></ul></li><li>Sport: Schwimmen</li></ul>;Bleiben Sie in Form und entdecken Sie die neuesten Innovationen der Branche, um mit den besten Voraussetzungen Sport zu betreiben! Kaufen Sie <b>Schwimmbrille Seac Ritmo Einheitsgröße Weiß Schwarz</b> zum besten Preis und genießen Sie ein gesundes Leben!<br><br><ul><li>Art: Taucherbrille</li><li>Geschlecht: Unisex</li><li>Empfohlenes Alter: Erwachsene</li><li>Größe: Einheitsgröße</li><li>Farbe: <ul><li>Weiß</li><li>Schwarz</li></ul></li><li>Sport: Schwimmen</li></ul>;Gardening & DIY;Pop Pulse Emporium;https://cdnbigbuy.com/images/8002908468199_S64192465_P00.jpg;;;;new;0.13;7.2;12.4;19.7
8002908468199;sk-SK;Plavecké okuliare Seac Ritmo Jednotná veľkosť Biela Čierna;Udržujte sa vo forme a objavte posledné novinky zo sveta športu s tými najväčšími zárukami! Nakúpte <b>Plavecké okuliare Seac Ritmo Jednotná veľkosť Biela Čierna</b> za najlepšiu cenu a užívajte si zdravý život!<br><br><ul><li>Typ: Potápačské okuliare</li><li>Pohlavie: Unisex</li><li>Odporúčaný vek: Deti</li><li>Veľkosť: Jednotná veľkosť</li><li>Farba: <ul><li>Biela</li><li>Čierna</li></ul></li><li>Šport: Plávanie</li></ul>;Udržujte sa vo forme a objavte posledné novinky zo sveta športu s tými najväčšími zárukami! Nakúpte <b>Plavecké okuliare Seac Ritmo Jednotná veľkosť Biela Čierna</b> za najlepšiu cenu a užívajte si zdravý život!<br><br><ul><li>Typ: Potápačské okuliare</li><li>Pohlavie: Unisex</li><li>Odporúčaný vek: Deti</li><li>Veľkosť: Jednotná veľkosť</li><li>Farba: <ul><li>Biela</li><li>Čierna</li></ul></li><li>Šport: Plávanie</li></ul>;Gardening & DIY;Pop Pulse Emporium;https://cdnbigbuy.com/images/8002908468199_S64192465_P00.jpg;;;;new;0.13;7.2;12.4;19.7
8002908468199;pl-PL;Okulary do Pływania Seac Ritmo Jeden rozmiar Biały Czarny;Utrzymaj kondycję i odkryj wszystkie nowości związane z uprawianiem sportu z najkorzystniejszymi warunkami! Kupuj <b>Okulary do Pływania Seac Ritmo Jeden rozmiar Biały Czarny</b> o najkorzystniejszej cenie i ciesz się zdrowym życiem!<br><br><ul><li>Rodzaj: Okulary do Nurkowania</li><li>Płeć: Unisex</li><li>Zalecany Wiek: Dorosłych</li><li>Rozmiar: Jeden rozmiar</li><li>Kolor: <ul><li>Biały</li><li>Czarny</li></ul></li><li>Sport: Pływanie</li></ul>;Utrzymaj kondycję i odkryj wszystkie nowości związane z uprawianiem sportu z najkorzystniejszymi warunkami! Kupuj <b>Okulary do Pływania Seac Ritmo Jeden rozmiar Biały Czarny</b> o najkorzystniejszej cenie i ciesz się zdrowym życiem!<br><br><ul><li>Rodzaj: Okulary do Nurkowania</li><li>Płeć: Unisex</li><li>Zalecany Wiek: Dorosłych</li><li>Rozmiar: Jeden rozmiar</li><li>Kolor: <ul><li>Biały</li><li>Czarny</li></ul></li><li>Sport: Pływanie</li></ul>;Gardening & DIY;Pop Pulse Emporium;https://cdnbigbuy.com/images/8002908468199_S64192465_P00.jpg;;;;new;0.13;7.2;12.4;19.7
8002908468199;cs-CZ;Plavecké brýle Seac Ritmo Jednotná velikost Bílý Černý;Zůstaňte ve formě a objevujte poslední novinky ze sportovního světa s největšími zárukami! Nakupte <b>Plavecké brýle Seac Ritmo Jednotná velikost Bílý Černý</b> za nejlepší cenu a užívejte si života plného zdraví!<br><br><ul><li>Typ: Potápěčské brýle</li><li>Pohlaví: Unisex</li><li>Doporučený věk: Dospělé</li><li>Velikost: Jednotná velikost</li><li>Barva: <ul><li>Bílý</li><li>Černý</li></ul></li><li>Sport: Plavání</li></ul>;Zůstaňte ve formě a objevujte poslední novinky ze sportovního světa s největšími zárukami! Nakupte <b>Plavecké brýle Seac Ritmo Jednotná velikost Bílý Černý</b> za nejlepší cenu a užívejte si života plného zdraví!<br><br><ul><li>Typ: Potápěčské brýle</li><li>Pohlaví: Unisex</li><li>Doporučený věk: Dospělé</li><li>Velikost: Jednotná velikost</li><li>Barva: <ul><li>Bílý</li><li>Černý</li></ul></li><li>Sport: Plavání</li></ul>;Gardening & DIY;Pop Pulse Emporium;https://cdnbigbuy.com/images/8002908468199_S64192465_P00.jpg;;;;new;0.13;7.2;12.4;19.7
8413887266339;de-AT;Spule Herculy lift 120;Bleiben Sie in Form und entdecken Sie die neuesten Innovationen der Branche, um mit den besten Voraussetzungen Sport zu betreiben! Kaufen Sie <b>Spule Herculy lift 120</b> zum besten Preis und genießen Sie ein gesundes Leben!<br><br><ul><li>Art: Spule</li><li>Farbe: Blau</li><li>Material: Graphit</li><li>Merkmale: Mit Bremsen</li></ul>;Bleiben Sie in Form und entdecken Sie die neuesten Innovationen der Branche, um mit den besten Voraussetzungen Sport zu betreiben! Kaufen Sie <b>Spule Herculy lift 120</b> zum besten Preis und genießen Sie ein gesundes Leben!<br><br><ul><li>Art: Spule</li><li>Farbe: Blau</li><li>Material: Graphit</li><li>Merkmale: Mit Bremsen</li></ul>;Gardening & DIY;Pop Pulse Emporium;https://cdnbigbuy.com/images/8413887266339_S7928676_P00.jpg;;;;new;0.26;17.3;14.7;11.9
8413887266339;de-DE;Spule Herculy lift 120;Bleiben Sie in Form und entdecken Sie die neuesten Innovationen der Branche, um mit den besten Voraussetzungen Sport zu betreiben! Kaufen Sie <b>Spule Herculy lift 120</b> zum besten Preis und genießen Sie ein gesundes Leben!<br><br><ul><li>Art: Spule</li><li>Farbe: Blau</li><li>Material: Graphit</li><li>Merkmale: Mit Bremsen</li></ul>;Bleiben Sie in Form und entdecken Sie die neuesten Innovationen der Branche, um mit den besten Voraussetzungen Sport zu betreiben! Kaufen Sie <b>Spule Herculy lift 120</b> zum besten Preis und genießen Sie ein gesundes Leben!<br><br><ul><li>Art: Spule</li><li>Farbe: Blau</li><li>Material: Graphit</li><li>Merkmale: Mit Bremsen</li></ul>;Gardening & DIY;Pop Pulse Emporium;https://cdnbigbuy.com/images/8413887266339_S7928676_P00.jpg;;;;new;0.26;17.3;14.7;11.9
8413887266339;sk-SK;Navijak Herculy lift 120;Udržujte sa vo forme a objavte posledné novinky zo sveta športu s tými najväčšími zárukami! Nakúpte <b>Navijak Herculy lift 120</b> za najlepšiu cenu a užívajte si zdravý život!<br><br><ul><li>Typ: Navijak</li><li>Farba: Modrá</li><li>Materiál: Grafitová</li><li>Vlastnosti: S brzdami</li></ul>;Udržujte sa vo forme a objavte posledné novinky zo sveta športu s tými najväčšími zárukami! Nakúpte <b>Navijak Herculy lift 120</b> za najlepšiu cenu a užívajte si zdravý život!<br><br><ul><li>Typ: Navijak</li><li>Farba: Modrá</li><li>Materiál: Grafitová</li><li>Vlastnosti: S brzdami</li></ul>;Gardening & DIY;Pop Pulse Emporium;https://cdnbigbuy.com/images/8413887266339_S7928676_P00.jpg;;;;new;0.26;17.3;14.7;11.9
8413887266339;pl-PL;Kołowrotek Herculy lift 120;Utrzymaj kondycję i odkryj wszystkie nowości związane z uprawianiem sportu z najkorzystniejszymi warunkami! Kupuj <b>Kołowrotek Herculy lift 120</b> o najkorzystniejszej cenie i ciesz się zdrowym życiem!<br><br><ul><li>Rodzaj: Kołowrotek</li><li>Kolor: Niebieski</li><li>Materiał: Grafit</li><li>Właściwości: Z hamulcami</li></ul>;Utrzymaj kondycję i odkryj wszystkie nowości związane z uprawianiem sportu z najkorzystniejszymi warunkami! Kupuj <b>Kołowrotek Herculy lift 120</b> o najkorzystniejszej cenie i ciesz się zdrowym życiem!<br><br><ul><li>Rodzaj: Kołowrotek</li><li>Kolor: Niebieski</li><li>Materiał: Grafit</li><li>Właściwości: Z hamulcami</li></ul>;Gardening & DIY;Pop Pulse Emporium;https://cdnbigbuy.com/images/8413887266339_S7928676_P00.jpg;;;;new;0.26;17.3;14.7;11.9
8413887266339;cs-CZ;Naviják Herculy lift 120;Zůstaňte ve formě a objevujte poslední novinky ze sportovního světa s největšími zárukami! Nakupte <b>Naviják Herculy lift 120</b> za nejlepší cenu a užívejte si života plného zdraví!<br><br><ul><li>Typ: Naviják</li><li>Barva: Modrý</li><li>Materiál: Grafitová</li><li>Vlastnosti: S brzdami</li></ul>;Zůstaňte ve formě a objevujte poslední novinky ze sportovního světa s největšími zárukami! Nakupte <b>Naviják Herculy lift 120</b> za nejlepší cenu a užívejte si života plného zdraví!<br><br><ul><li>Typ: Naviják</li><li>Barva: Modrý</li><li>Materiál: Grafitová</li><li>Vlastnosti: S brzdami</li></ul>;Gardening & DIY;Pop Pulse Emporium;https://cdnbigbuy.com/images/8413887266339_S7928676_P00.jpg;;;;new;0.26;17.3;14.7;11.9
0887791196781;de-AT;Widerstandsfähiges Gummiband Nike Fitness Schwarz Stark;Wenn Sie auf der Suche nach trendigen Neuheiten auf dem Markt sind, präsentieren wir Ihnen <b>Widerstandsfähiges Gummiband Nike Fitness Schwarz Stark</b>!<br><br><ul><li>Art: Bands</li><li>Sport: Fitness</li><li>Widerstände: Stark</li><li>Farbe: Schwarz</li><li>Geschlecht: Unisex</li><li>Empfohlenes Alter: Erwachsene</li><li>Größe: Einheitsgröße</li></ul>;Wenn Sie auf der Suche nach trendigen Neuheiten auf dem Markt sind, präsentieren wir Ihnen <b>Widerstandsfähiges Gummiband Nike Fitness Schwarz Stark</b>!<br><br><ul><li>Art: Bands</li><li>Sport: Fitness</li><li>Widerstände: Stark</li><li>Farbe: Schwarz</li><li>Geschlecht: Unisex</li><li>Empfohlenes Alter: Erwachsene</li><li>Größe: Einheitsgröße</li></ul>;Gardening & DIY;Pop Pulse Emporium;https://cdnbigbuy.com/images/0887791196781_S64149701_P00.jpg;;;;new;0.43;67.1;10.4;14.8
0887791196781;de-DE;Widerstandsfähiges Gummiband Nike Fitness Schwarz Stark;Wenn Sie auf der Suche nach trendigen Neuheiten auf dem Markt sind, präsentieren wir Ihnen <b>Widerstandsfähiges Gummiband Nike Fitness Schwarz Stark</b>!<br><br><ul><li>Art: Bands</li><li>Sport: Fitness</li><li>Widerstände: Stark</li><li>Farbe: Schwarz</li><li>Geschlecht: Unisex</li><li>Empfohlenes Alter: Erwachsene</li><li>Größe: Einheitsgröße</li></ul>;Wenn Sie auf der Suche nach trendigen Neuheiten auf dem Markt sind, präsentieren wir Ihnen <b>Widerstandsfähiges Gummiband Nike Fitness Schwarz Stark</b>!<br><br><ul><li>Art: Bands</li><li>Sport: Fitness</li><li>Widerstände: Stark</li><li>Farbe: Schwarz</li><li>Geschlecht: Unisex</li><li>Empfohlenes Alter: Erwachsene</li><li>Größe: Einheitsgröße</li></ul>;Gardening & DIY;Pop Pulse Emporium;https://cdnbigbuy.com/images/0887791196781_S64149701_P00.jpg;;;;new;0.43;67.1;10.4;14.8
0887791196781;sk-SK;Elastické odolné pásy Nike Fitness Čierna Silný;Ak hľadáte nové trendy na trhu, predstavujeme <b>Elastické odolné pásy Nike Fitness Čierna Silný</b>!<br><br><ul><li>Typ: Pásy</li><li>Šport: Fitness</li><li>Odpory: Silný</li><li>Farba: Čierna</li><li>Pohlavie: Unisex</li><li>Odporúčaný vek: Deti</li><li>Veľkosť: Jednotná veľkosť</li></ul>;Ak hľadáte nové trendy na trhu, predstavujeme <b>Elastické odolné pásy Nike Fitness Čierna Silný</b>!<br><br><ul><li>Typ: Pásy</li><li>Šport: Fitness</li><li>Odpory: Silný</li><li>Farba: Čierna</li><li>Pohlavie: Unisex</li><li>Odporúčaný vek: Deti</li><li>Veľkosť: Jednotná veľkosť</li></ul>;Gardening & DIY;Pop Pulse Emporium;https://cdnbigbuy.com/images/0887791196781_S64149701_P00.jpg;;;;new;0.43;67.1;10.4;14.8
0887791196781;pl-PL;Elastyczne gumy oporowe Nike Fitness Czarny Mocne;Jeśli szukasz trendów na rynku, prezentujemy <b>Elastyczne gumy oporowe Nike Fitness Czarny Mocne</b>!<br><br><ul><li>Rodzaj: Taśmy</li><li>Sport: Fitness</li><li>Oporniki: Mocne</li><li>Kolor: Czarny</li><li>Płeć: Unisex</li><li>Zalecany Wiek: Dorosłych</li><li>Rozmiar: Jeden rozmiar</li></ul>;Jeśli szukasz trendów na rynku, prezentujemy <b>Elastyczne gumy oporowe Nike Fitness Czarny Mocne</b>!<br><br><ul><li>Rodzaj: Taśmy</li><li>Sport: Fitness</li><li>Oporniki: Mocne</li><li>Kolor: Czarny</li><li>Płeć: Unisex</li><li>Zalecany Wiek: Dorosłych</li><li>Rozmiar: Jeden rozmiar</li></ul>;Gardening & DIY;Pop Pulse Emporium;https://cdnbigbuy.com/images/0887791196781_S64149701_P00.jpg;;;;new;0.43;67.1;10.4;14.8
0887791196781;cs-CZ;Elastické odporové pásky Nike Fitness Černý Silný;Pokud hledáte nejnovější trendy na trhu, máme tu čest vám představit <b>Elastické odporové pásky Nike Fitness Černý Silný</b>!<br><br><ul><li>Typ: Pásy</li><li>Sport: Fitness</li><li>Rezistory: Silný</li><li>Barva: Černý</li><li>Pohlaví: Unisex</li><li>Doporučený věk: Dospělé</li><li>Velikost: Jednotná velikost</li></ul>;Pokud hledáte nejnovější trendy na trhu, máme tu čest vám představit <b>Elastické odporové pásky Nike Fitness Černý Silný</b>!<br><br><ul><li>Typ: Pásy</li><li>Sport: Fitness</li><li>Rezistory: Silný</li><li>Barva: Černý</li><li>Pohlaví: Unisex</li><li>Doporučený věk: Dospělé</li><li>Velikost: Jednotná velikost</li></ul>;Gardening & DIY;Pop Pulse Emporium;https://cdnbigbuy.com/images/0887791196781_S64149701_P00.jpg;;;;new;0.43;67.1;10.4;14.8
4899888740322;de-AT;BodyBoard Tisch Aktive 48 x 94 x 5,5 cm;Bleiben Sie in Form und entdecken Sie die neuesten Innovationen der Branche, um mit den besten Voraussetzungen Sport zu betreiben! Kaufen Sie <b>BodyBoard Tisch Aktive 48 x 94 x 5,5 cm</b> zum besten Preis und genießen Sie ein gesundes Leben!<br><br><ul><li>Art: BodyBoard Tisch</li><li>Material: <ul><li>Polyäthylen</li><li>polystyrol</li><li>Polyfoam</li></ul></li><li>Empfohlenes Alter: + 3 jahre</li><li>Stückzahl: 6 Stück</li><li>Maße ca.: 48 x 94 x 5,5 cm</li></ul><br><br>Wichtige informationen: Verschiedene Designs. Versand nach Zufallsprinzip und vom Bestand abhängig.;Bleiben Sie in Form und entdecken Sie die neuesten Innovationen der Branche, um mit den besten Voraussetzungen Sport zu betreiben! Kaufen Sie <b>BodyBoard Tisch Aktive 48 x 94 x 5,5 cm</b> zum besten Preis und genießen Sie ein gesundes Leben!<br><br><ul><li>Art: BodyBoard Tisch</li><li>Material: <ul><li>Polyäthylen</li><li>polystyrol</li><li>Polyfoam</li></ul></li><li>Empfohlenes Alter: + 3 jahre</li><li>Stückzahl: 6 Stück</li><li>Maße ca.: 48 x 94 x 5,5 cm</li></ul><br><br>Wichtige informatione;Gardening & DIY;Pop Pulse Emporium;https://cdnbigbuy.com/images/4899888740322_s8902392_p0_icon0.jpg;https://cdnbigbuy.com/images/4899888740322_S8902392_P00.jpg;https://cdnbigbuy.com/images/4899888740322_S8902392_P10.jpg;https://cdnbigbuy.com/images/4899888740322_S8902392_P20.jpg;new;4.8;50.0;96.0;35.0
4899888740322;de-DE;BodyBoard Tisch Aktive 48 x 94 x 5,5 cm;Bleiben Sie in Form und entdecken Sie die neuesten Innovationen der Branche, um mit den besten Voraussetzungen Sport zu betreiben! Kaufen Sie <b>BodyBoard Tisch Aktive 48 x 94 x 5,5 cm</b> zum besten Preis und genießen Sie ein gesundes Leben!<br><br><ul><li>Art: BodyBoard Tisch</li><li>Material: <ul><li>Polyäthylen</li><li>polystyrol</li><li>Polyfoam</li></ul></li><li>Empfohlenes Alter: + 3 jahre</li><li>Stückzahl: 6 Stück</li><li>Maße ca.: 48 x 94 x 5,5 cm</li></ul><br><br>Wichtige informationen: Verschiedene Designs. Versand nach Zufallsprinzip und vom Bestand abhängig.;Bleiben Sie in Form und entdecken Sie die neuesten Innovationen der Branche, um mit den besten Voraussetzungen Sport zu betreiben! Kaufen Sie <b>BodyBoard Tisch Aktive 48 x 94 x 5,5 cm</b> zum besten Preis und genießen Sie ein gesundes Leben!<br><br><ul><li>Art: BodyBoard Tisch</li><li>Material: <ul><li>Polyäthylen</li><li>polystyrol</li><li>Polyfoam</li></ul></li><li>Empfohlenes Alter: + 3 jahre</li><li>Stückzahl: 6 Stück</li><li>Maße ca.: 48 x 94 x 5,5 cm</li></ul><br><br>Wichtige informatione;Gardening & DIY;Pop Pulse Emporium;https://cdnbigbuy.com/images/4899888740322_s8902392_p0_icon0.jpg;https://cdnbigbuy.com/images/4899888740322_S8902392_P00.jpg;https://cdnbigbuy.com/images/4899888740322_S8902392_P10.jpg;https://cdnbigbuy.com/images/4899888740322_S8902392_P20.jpg;new;4.8;50.0;96.0;35.0
4899888740322;sk-SK;Doska na BodyBoard Aktive 48 x 94 x 5,5 cm;Udržujte sa vo forme a objavte posledné novinky zo sveta športu s tými najväčšími zárukami! Nakúpte <b>Doska na BodyBoard Aktive 48 x 94 x 5,5 cm</b> za najlepšiu cenu a užívajte si zdravý život!<br><br><ul><li>Typ: Doska na BodyBoard</li><li>Materiál: <ul><li>Polyetylén</li><li>polystyrén</li><li>Polyfoam</li></ul></li><li>Odporúčaný vek: + 3 rokov</li><li>Kusov: 6 kusov</li><li>Približné rozmery: 48 x 94 x 5,5 cm</li></ul><br><br>Dôležité informácie: Z viac designov vyberáme náhodne podľa skladovej dostupnosti.;Udržujte sa vo forme a objavte posledné novinky zo sveta športu s tými najväčšími zárukami! Nakúpte <b>Doska na BodyBoard Aktive 48 x 94 x 5,5 cm</b> za najlepšiu cenu a užívajte si zdravý život!<br><br><ul><li>Typ: Doska na BodyBoard</li><li>Materiál: <ul><li>Polyetylén</li><li>polystyrén</li><li>Polyfoam</li></ul></li><li>Odporúčaný vek: + 3 rokov</li><li>Kusov: 6 kusov</li><li>Približné rozmery: 48 x 94 x 5,5 cm</li></ul><br><br>Dôležité informácie: Z viac designov vyberáme náhodne podľa skla;Gardening & DIY;Pop Pulse Emporium;https://cdnbigbuy.com/images/4899888740322_s8902392_p0_icon0.jpg;https://cdnbigbuy.com/images/4899888740322_S8902392_P00.jpg;https://cdnbigbuy.com/images/4899888740322_S8902392_P10.jpg;https://cdnbigbuy.com/images/4899888740322_S8902392_P20.jpg;new;4.8;50.0;96.0;35.0
4899888740322;pl-PL;Deska do pływania Aktive 48 x 94 x 5,5 cm;Utrzymaj kondycję i odkryj wszystkie nowości związane z uprawianiem sportu z najkorzystniejszymi warunkami! Kupuj <b>Deska do pływania Aktive 48 x 94 x 5,5 cm</b> o najkorzystniejszej cenie i ciesz się zdrowym życiem!<br><br><ul><li>Rodzaj: Deska do pływania</li><li>Materiał: <ul><li>Polietylen</li><li>polistyrenu</li><li>Polyfoam</li></ul></li><li>Zalecany Wiek: + 3 lat</li><li>Sztuk: 6 Sztuk</li><li>Wymiary ok.: 48 x 94 x 5,5 cm</li></ul><br><br>Ważne informacje: Różne wzory wysyłane losowo zgodnie ze stanem magazynu.;Utrzymaj kondycję i odkryj wszystkie nowości związane z uprawianiem sportu z najkorzystniejszymi warunkami! Kupuj <b>Deska do pływania Aktive 48 x 94 x 5,5 cm</b> o najkorzystniejszej cenie i ciesz się zdrowym życiem!<br><br><ul><li>Rodzaj: Deska do pływania</li><li>Materiał: <ul><li>Polietylen</li><li>polistyrenu</li><li>Polyfoam</li></ul></li><li>Zalecany Wiek: + 3 lat</li><li>Sztuk: 6 Sztuk</li><li>Wymiary ok.: 48 x 94 x 5,5 cm</li></ul><br><br>Ważne informacje: Różne wzory wysyłane losowo zg;Gardening & DIY;Pop Pulse Emporium;https://cdnbigbuy.com/images/4899888740322_s8902392_p0_icon0.jpg;https://cdnbigbuy.com/images/4899888740322_S8902392_P00.jpg;https://cdnbigbuy.com/images/4899888740322_S8902392_P10.jpg;https://cdnbigbuy.com/images/4899888740322_S8902392_P20.jpg;new;4.8;50.0;96.0;35.0
4899888740322;cs-CZ;BodyBoard Aktive 48 x 94 x 5,5 cm;Zůstaňte ve formě a objevujte poslední novinky ze sportovního světa s největšími zárukami! Nakupte <b>BodyBoard Aktive 48 x 94 x 5,5 cm</b> za nejlepší cenu a užívejte si života plného zdraví!<br><br><ul><li>Typ: BodyBoard</li><li>Materiál: <ul><li>Polyetylen</li><li>polystyren</li><li>Polyfoam</li></ul></li><li>Doporučený věk: + 3 roků</li><li>Kusů: 6 kusů</li><li>Přibližné rozměry: 48 x 94 x 5,5 cm</li></ul><br><br>Důležité informace: Z více designů vybíráme náhodně podle skladové dostupnosti.;Zůstaňte ve formě a objevujte poslední novinky ze sportovního světa s největšími zárukami! Nakupte <b>BodyBoard Aktive 48 x 94 x 5,5 cm</b> za nejlepší cenu a užívejte si života plného zdraví!<br><br><ul><li>Typ: BodyBoard</li><li>Materiál: <ul><li>Polyetylen</li><li>polystyren</li><li>Polyfoam</li></ul></li><li>Doporučený věk: + 3 roků</li><li>Kusů: 6 kusů</li><li>Přibližné rozměry: 48 x 94 x 5,5 cm</li></ul><br><br>Důležité informace: Z více designů vybíráme náhodně podle skladové dostupnosti.;Gardening & DIY;Pop Pulse Emporium;https://cdnbigbuy.com/images/4899888740322_s8902392_p0_icon0.jpg;https://cdnbigbuy.com/images/4899888740322_S8902392_P00.jpg;https://cdnbigbuy.com/images/4899888740322_S8902392_P10.jpg;https://cdnbigbuy.com/images/4899888740322_S8902392_P20.jpg;new;4.8;50.0;96.0;35.0
8435778900498;de-AT;Schlägertasche Nox Ml10 Team Blau Schwarz;Bleiben Sie in Form und entdecken Sie die neuesten Innovationen der Branche, um mit den besten Voraussetzungen Sport zu betreiben! Kaufen Sie <b>Schlägertasche Nox Ml10 Team Blau Schwarz</b> zum besten Preis und genießen Sie ein gesundes Leben!<br><br><ul><li>Art: Schlägertasche</li><li>Geschlecht: Unisex</li><li>Empfohlenes Alter: Erwachsene</li><li>Größe: Einheitsgröße</li><li>Farbe: <ul><li>Blau</li><li>Schwarz</li></ul></li><li>Sport: Paddel</li></ul>;Bleiben Sie in Form und entdecken Sie die neuesten Innovationen der Branche, um mit den besten Voraussetzungen Sport zu betreiben! Kaufen Sie <b>Schlägertasche Nox Ml10 Team Blau Schwarz</b> zum besten Preis und genießen Sie ein gesundes Leben!<br><br><ul><li>Art: Schlägertasche</li><li>Geschlecht: Unisex</li><li>Empfohlenes Alter: Erwachsene</li><li>Größe: Einheitsgröße</li><li>Farbe: <ul><li>Blau</li><li>Schwarz</li></ul></li><li>Sport: Paddel</li></ul>;Gardening & DIY;Pop Pulse Emporium;https://cdnbigbuy.com/images/8435778900498_S64194129_P00.jpg;https://cdnbigbuy.com/images/8435778900498_S64194129_P50.jpg;https://cdnbigbuy.com/images/8435778900498_S64194129_P20.jpg;https://cdnbigbuy.com/images/8435778900498_S64194129_P30.jpg;new;0.48;30.1;48.0;32.4
8435778900498;de-DE;Schlägertasche Nox Ml10 Team Blau Schwarz;Bleiben Sie in Form und entdecken Sie die neuesten Innovationen der Branche, um mit den besten Voraussetzungen Sport zu betreiben! Kaufen Sie <b>Schlägertasche Nox Ml10 Team Blau Schwarz</b> zum besten Preis und genießen Sie ein gesundes Leben!<br><br><ul><li>Art: Schlägertasche</li><li>Geschlecht: Unisex</li><li>Empfohlenes Alter: Erwachsene</li><li>Größe: Einheitsgröße</li><li>Farbe: <ul><li>Blau</li><li>Schwarz</li></ul></li><li>Sport: Paddel</li></ul>;Bleiben Sie in Form und entdecken Sie die neuesten Innovationen der Branche, um mit den besten Voraussetzungen Sport zu betreiben! Kaufen Sie <b>Schlägertasche Nox Ml10 Team Blau Schwarz</b> zum besten Preis und genießen Sie ein gesundes Leben!<br><br><ul><li>Art: Schlägertasche</li><li>Geschlecht: Unisex</li><li>Empfohlenes Alter: Erwachsene</li><li>Größe: Einheitsgröße</li><li>Farbe: <ul><li>Blau</li><li>Schwarz</li></ul></li><li>Sport: Paddel</li></ul>;Gardening & DIY;Pop Pulse Emporium;https://cdnbigbuy.com/images/8435778900498_S64194129_P00.jpg;https://cdnbigbuy.com/images/8435778900498_S64194129_P50.jpg;https://cdnbigbuy.com/images/8435778900498_S64194129_P20.jpg;https://cdnbigbuy.com/images/8435778900498_S64194129_P30.jpg;new;0.48;30.1;48.0;32.4
8435778900498;sk-SK;Taška na rakety Nox Ml10 Team Modrá Čierna;Udržujte sa vo forme a objavte posledné novinky zo sveta športu s tými najväčšími zárukami! Nakúpte <b>Taška na rakety Nox Ml10 Team Modrá Čierna</b> za najlepšiu cenu a užívajte si zdravý život!<br><br><ul><li>Typ: Taška na rakety</li><li>Pohlavie: Unisex</li><li>Odporúčaný vek: Deti</li><li>Veľkosť: Jednotná veľkosť</li><li>Farba: <ul><li>Modrá</li><li>Čierna</li></ul></li><li>Šport: Loptičky na padel</li></ul>;Udržujte sa vo forme a objavte posledné novinky zo sveta športu s tými najväčšími zárukami! Nakúpte <b>Taška na rakety Nox Ml10 Team Modrá Čierna</b> za najlepšiu cenu a užívajte si zdravý život!<br><br><ul><li>Typ: Taška na rakety</li><li>Pohlavie: Unisex</li><li>Odporúčaný vek: Deti</li><li>Veľkosť: Jednotná veľkosť</li><li>Farba: <ul><li>Modrá</li><li>Čierna</li></ul></li><li>Šport: Loptičky na padel</li></ul>;Gardening & DIY;Pop Pulse Emporium;https://cdnbigbuy.com/images/8435778900498_S64194129_P00.jpg;https://cdnbigbuy.com/images/8435778900498_S64194129_P50.jpg;https://cdnbigbuy.com/images/8435778900498_S64194129_P20.jpg;https://cdnbigbuy.com/images/8435778900498_S64194129_P30.jpg;new;0.48;30.1;48.0;32.4
8435778900498;pl-PL;Torba na rakiety Nox Ml10 Team Niebieski Czarny;Utrzymaj kondycję i odkryj wszystkie nowości związane z uprawianiem sportu z najkorzystniejszymi warunkami! Kupuj <b>Torba na rakiety Nox Ml10 Team Niebieski Czarny</b> o najkorzystniejszej cenie i ciesz się zdrowym życiem!<br><br><ul><li>Rodzaj: Torba na rakiety</li><li>Płeć: Unisex</li><li>Zalecany Wiek: Dorosłych</li><li>Rozmiar: Jeden rozmiar</li><li>Kolor: <ul><li>Niebieski</li><li>Czarny</li></ul></li><li>Sport: Piłki do Padla</li></ul>;Utrzymaj kondycję i odkryj wszystkie nowości związane z uprawianiem sportu z najkorzystniejszymi warunkami! Kupuj <b>Torba na rakiety Nox Ml10 Team Niebieski Czarny</b> o najkorzystniejszej cenie i ciesz się zdrowym życiem!<br><br><ul><li>Rodzaj: Torba na rakiety</li><li>Płeć: Unisex</li><li>Zalecany Wiek: Dorosłych</li><li>Rozmiar: Jeden rozmiar</li><li>Kolor: <ul><li>Niebieski</li><li>Czarny</li></ul></li><li>Sport: Piłki do Padla</li></ul>;Gardening & DIY;Pop Pulse Emporium;https://cdnbigbuy.com/images/8435778900498_S64194129_P00.jpg;https://cdnbigbuy.com/images/8435778900498_S64194129_P50.jpg;https://cdnbigbuy.com/images/8435778900498_S64194129_P20.jpg;https://cdnbigbuy.com/images/8435778900498_S64194129_P30.jpg;new;0.48;30.1;48.0;32.4
8435778900498;cs-CZ;Taška na rakety Nox Ml10 Team Modrý Černý;Zůstaňte ve formě a objevujte poslední novinky ze sportovního světa s největšími zárukami! Nakupte <b>Taška na rakety Nox Ml10 Team Modrý Černý</b> za nejlepší cenu a užívejte si života plného zdraví!<br><br><ul><li>Typ: Taška na rakety</li><li>Pohlaví: Unisex</li><li>Doporučený věk: Dospělé</li><li>Velikost: Jednotná velikost</li><li>Barva: <ul><li>Modrý</li><li>Černý</li></ul></li><li>Sport: Padel</li></ul>;Zůstaňte ve formě a objevujte poslední novinky ze sportovního světa s největšími zárukami! Nakupte <b>Taška na rakety Nox Ml10 Team Modrý Černý</b> za nejlepší cenu a užívejte si života plného zdraví!<br><br><ul><li>Typ: Taška na rakety</li><li>Pohlaví: Unisex</li><li>Doporučený věk: Dospělé</li><li>Velikost: Jednotná velikost</li><li>Barva: <ul><li>Modrý</li><li>Černý</li></ul></li><li>Sport: Padel</li></ul>;Gardening & DIY;Pop Pulse Emporium;https://cdnbigbuy.com/images/8435778900498_S64194129_P00.jpg;https://cdnbigbuy.com/images/8435778900498_S64194129_P50.jpg;https://cdnbigbuy.com/images/8435778900498_S64194129_P20.jpg;https://cdnbigbuy.com/images/8435778900498_S64194129_P30.jpg;new;0.48;30.1;48.0;32.4
8445402691982;de-AT;Paddelschläger Bullpadel Pearl Cloud 2025;Wenn Sie auf der Suche nach trendigen Neuheiten auf dem Markt sind, präsentieren wir Ihnen <b>Paddelschläger Bullpadel Pearl Cloud 2025</b>!<br><br><ul><li>Art: Paddelschläger</li><li>Form: Diamant</li><li>Dicke: 38 mm</li><li>Geschlecht: Unisex-Erwachsene</li></ul>;Wenn Sie auf der Suche nach trendigen Neuheiten auf dem Markt sind, präsentieren wir Ihnen <b>Paddelschläger Bullpadel Pearl Cloud 2025</b>!<br><br><ul><li>Art: Paddelschläger</li><li>Form: Diamant</li><li>Dicke: 38 mm</li><li>Geschlecht: Unisex-Erwachsene</li></ul>;Gardening & DIY;Pop Pulse Emporium;https://cdnbigbuy.com/images/8445402691982_S9919399_P00.jpg;https://cdnbigbuy.com/images/8445402691982_R50.jpg;https://cdnbigbuy.com/images/8445402691982_R10.jpg;https://cdnbigbuy.com/images/8445402691982_R60.jpg;new;0.6;10.0;35.0;51.0
8445402691982;de-DE;Paddelschläger Bullpadel Pearl Cloud 2025;Wenn Sie auf der Suche nach trendigen Neuheiten auf dem Markt sind, präsentieren wir Ihnen <b>Paddelschläger Bullpadel Pearl Cloud 2025</b>!<br><br><ul><li>Art: Paddelschläger</li><li>Form: Diamant</li><li>Dicke: 38 mm</li><li>Geschlecht: Unisex-Erwachsene</li></ul>;Wenn Sie auf der Suche nach trendigen Neuheiten auf dem Markt sind, präsentieren wir Ihnen <b>Paddelschläger Bullpadel Pearl Cloud 2025</b>!<br><br><ul><li>Art: Paddelschläger</li><li>Form: Diamant</li><li>Dicke: 38 mm</li><li>Geschlecht: Unisex-Erwachsene</li></ul>;Gardening & DIY;Pop Pulse Emporium;https://cdnbigbuy.com/images/8445402691982_S9919399_P00.jpg;https://cdnbigbuy.com/images/8445402691982_R50.jpg;https://cdnbigbuy.com/images/8445402691982_R10.jpg;https://cdnbigbuy.com/images/8445402691982_R60.jpg;new;0.6;10.0;35.0;51.0
8445402691982;sk-SK;Raketa na padel Bullpadel Pearl Cloud 2025;Ak hľadáte nové trendy na trhu, predstavujeme <b>Raketa na padel Bullpadel Pearl Cloud 2025</b>!<br><br><ul><li>Typ: Raketa na padel</li><li>Tvar: Diamant</li><li>Hrúbka: 38 mm</li><li>Pohlavie: Unisex dospelí</li></ul>;Ak hľadáte nové trendy na trhu, predstavujeme <b>Raketa na padel Bullpadel Pearl Cloud 2025</b>!<br><br><ul><li>Typ: Raketa na padel</li><li>Tvar: Diamant</li><li>Hrúbka: 38 mm</li><li>Pohlavie: Unisex dospelí</li></ul>;Gardening & DIY;Pop Pulse Emporium;https://cdnbigbuy.com/images/8445402691982_S9919399_P00.jpg;https://cdnbigbuy.com/images/8445402691982_R50.jpg;https://cdnbigbuy.com/images/8445402691982_R10.jpg;https://cdnbigbuy.com/images/8445402691982_R60.jpg;new;0.6;10.0;35.0;51.0
8445402691982;pl-PL;Rakieta do Padla Bullpadel Pearl Cloud 2025;Jeśli szukasz trendów na rynku, prezentujemy <b>Rakieta do Padla Bullpadel Pearl Cloud 2025</b>!<br><br><ul><li>Rodzaj: Rakieta do Padla</li><li>Kształt: Diament</li><li>Grubość: 38 mm</li><li>Płeć: Unisex dorośli</li></ul>;Jeśli szukasz trendów na rynku, prezentujemy <b>Rakieta do Padla Bullpadel Pearl Cloud 2025</b>!<br><br><ul><li>Rodzaj: Rakieta do Padla</li><li>Kształt: Diament</li><li>Grubość: 38 mm</li><li>Płeć: Unisex dorośli</li></ul>;Gardening & DIY;Pop Pulse Emporium;https://cdnbigbuy.com/images/8445402691982_S9919399_P00.jpg;https://cdnbigbuy.com/images/8445402691982_R50.jpg;https://cdnbigbuy.com/images/8445402691982_R10.jpg;https://cdnbigbuy.com/images/8445402691982_R60.jpg;new;0.6;10.0;35.0;51.0
8445402691982;cs-CZ;Raketa Padel Bullpadel Pearl Cloud 2025;Pokud hledáte nejnovější trendy na trhu, máme tu čest vám představit <b>Raketa Padel Bullpadel Pearl Cloud 2025</b>!<br><br><ul><li>Typ: Raketa Padel</li><li>Tvar: Diamant</li><li>Tloušťka: 38 mm</li><li>Pohlaví: Unisex dospělí</li></ul>;Pokud hledáte nejnovější trendy na trhu, máme tu čest vám představit <b>Raketa Padel Bullpadel Pearl Cloud 2025</b>!<br><br><ul><li>Typ: Raketa Padel</li><li>Tvar: Diamant</li><li>Tloušťka: 38 mm</li><li>Pohlaví: Unisex dospělí</li></ul>;Gardening & DIY;Pop Pulse Emporium;https://cdnbigbuy.com/images/8445402691982_S9919399_P00.jpg;https://cdnbigbuy.com/images/8445402691982_R50.jpg;https://cdnbigbuy.com/images/8445402691982_R10.jpg;https://cdnbigbuy.com/images/8445402691982_R60.jpg;new;0.6;10.0;35.0;51.0
8445402691890;de-AT;Paddelschläger Bullpadel Vertex 04 2025 (Juan Tello);Wenn Sie auf der Suche nach trendigen Neuheiten auf dem Markt sind, präsentieren wir Ihnen <b>Paddelschläger Bullpadel Vertex 04 2025 (Juan Tello)</b>!<br><br><ul><li>Art: Paddelschläger</li><li>Form: Diamant</li><li>Dicke: 38 mm</li></ul>;Wenn Sie auf der Suche nach trendigen Neuheiten auf dem Markt sind, präsentieren wir Ihnen <b>Paddelschläger Bullpadel Vertex 04 2025 (Juan Tello)</b>!<br><br><ul><li>Art: Paddelschläger</li><li>Form: Diamant</li><li>Dicke: 38 mm</li></ul>;Gardening & DIY;Pop Pulse Emporium;https://cdnbigbuy.com/images/8445402691890_S9919400_P00.jpg;https://cdnbigbuy.com/images/8445402691890_R50.jpg;https://cdnbigbuy.com/images/8445402691890_R10.jpg;https://cdnbigbuy.com/images/8445402691890_R60.jpg;new;0.6;10.0;35.0;51.0
8445402691890;de-DE;Paddelschläger Bullpadel Vertex 04 2025 (Juan Tello);Wenn Sie auf der Suche nach trendigen Neuheiten auf dem Markt sind, präsentieren wir Ihnen <b>Paddelschläger Bullpadel Vertex 04 2025 (Juan Tello)</b>!<br><br><ul><li>Art: Paddelschläger</li><li>Form: Diamant</li><li>Dicke: 38 mm</li></ul>;Wenn Sie auf der Suche nach trendigen Neuheiten auf dem Markt sind, präsentieren wir Ihnen <b>Paddelschläger Bullpadel Vertex 04 2025 (Juan Tello)</b>!<br><br><ul><li>Art: Paddelschläger</li><li>Form: Diamant</li><li>Dicke: 38 mm</li></ul>;Gardening & DIY;Pop Pulse Emporium;https://cdnbigbuy.com/images/8445402691890_S9919400_P00.jpg;https://cdnbigbuy.com/images/8445402691890_R50.jpg;https://cdnbigbuy.com/images/8445402691890_R10.jpg;https://cdnbigbuy.com/images/8445402691890_R60.jpg;new;0.6;10.0;35.0;51.0
8445402691890;sk-SK;Raketa na padel Bullpadel Vertex 04 2025 (Juan Tello);Ak hľadáte nové trendy na trhu, predstavujeme <b>Raketa na padel Bullpadel Vertex 04 2025 (Juan Tello)</b>!<br><br><ul><li>Typ: Raketa na padel</li><li>Tvar: Diamant</li><li>Hrúbka: 38 mm</li></ul>;Ak hľadáte nové trendy na trhu, predstavujeme <b>Raketa na padel Bullpadel Vertex 04 2025 (Juan Tello)</b>!<br><br><ul><li>Typ: Raketa na padel</li><li>Tvar: Diamant</li><li>Hrúbka: 38 mm</li></ul>;Gardening & DIY;Pop Pulse Emporium;https://cdnbigbuy.com/images/8445402691890_S9919400_P00.jpg;https://cdnbigbuy.com/images/8445402691890_R50.jpg;https://cdnbigbuy.com/images/8445402691890_R10.jpg;https://cdnbigbuy.com/images/8445402691890_R60.jpg;new;0.6;10.0;35.0;51.0
8445402691890;pl-PL;Rakieta do Padla Bullpadel Vertex 04 2025 (Juan Tello);Jeśli szukasz trendów na rynku, prezentujemy <b>Rakieta do Padla Bullpadel Vertex 04 2025 (Juan Tello)</b>!<br><br><ul><li>Rodzaj: Rakieta do Padla</li><li>Kształt: Diament</li><li>Grubość: 38 mm</li></ul>;Jeśli szukasz trendów na rynku, prezentujemy <b>Rakieta do Padla Bullpadel Vertex 04 2025 (Juan Tello)</b>!<br><br><ul><li>Rodzaj: Rakieta do Padla</li><li>Kształt: Diament</li><li>Grubość: 38 mm</li></ul>;Gardening & DIY;Pop Pulse Emporium;https://cdnbigbuy.com/images/8445402691890_S9919400_P00.jpg;https://cdnbigbuy.com/images/8445402691890_R50.jpg;https://cdnbigbuy.com/images/8445402691890_R10.jpg;https://cdnbigbuy.com/images/8445402691890_R60.jpg;new;0.6;10.0;35.0;51.0
8445402691890;cs-CZ;Raketa Padel Bullpadel Vertex 04 2025 (Juan Tello);Pokud hledáte nejnovější trendy na trhu, máme tu čest vám představit <b>Raketa Padel Bullpadel Vertex 04 2025 (Juan Tello)</b>!<br><br><ul><li>Typ: Raketa Padel</li><li>Tvar: Diamant</li><li>Tloušťka: 38 mm</li></ul>;Pokud hledáte nejnovější trendy na trhu, máme tu čest vám představit <b>Raketa Padel Bullpadel Vertex 04 2025 (Juan Tello)</b>!<br><br><ul><li>Typ: Raketa Padel</li><li>Tvar: Diamant</li><li>Tloušťka: 38 mm</li></ul>;Gardening & DIY;Pop Pulse Emporium;https://cdnbigbuy.com/images/8445402691890_S9919400_P00.jpg;https://cdnbigbuy.com/images/8445402691890_R50.jpg;https://cdnbigbuy.com/images/8445402691890_R10.jpg;https://cdnbigbuy.com/images/8445402691890_R60.jpg;new;0.6;10.0;35.0;51.0
5715571507029;de-AT;Zielscheibe Vader Bunt;Bleiben Sie in Form und entdecken Sie die neuesten Innovationen der Branche, um mit den besten Voraussetzungen Sport zu betreiben! Kaufen Sie <b>Zielscheibe Vader Bunt</b> zum besten Preis und genießen Sie ein gesundes Leben!<br><br><ul><li>Art: Zielscheibe</li><li>Enthalten: Dartpfeile x 6</li><li>Material: Naturfaser</li><li>Farbe: Bunt</li></ul>;Bleiben Sie in Form und entdecken Sie die neuesten Innovationen der Branche, um mit den besten Voraussetzungen Sport zu betreiben! Kaufen Sie <b>Zielscheibe Vader Bunt</b> zum besten Preis und genießen Sie ein gesundes Leben!<br><br><ul><li>Art: Zielscheibe</li><li>Enthalten: Dartpfeile x 6</li><li>Material: Naturfaser</li><li>Farbe: Bunt</li></ul>;Gardening & DIY;Pop Pulse Emporium;https://cdnbigbuy.com/images/5715571507029_S71022191_P00.jpg;https://cdnbigbuy.com/images/5715571507029_S71022191_P10.jpg;;;new;3.01;47.0;47.0;4.0
5715571507029;de-DE;Zielscheibe Vader Bunt;Bleiben Sie in Form und entdecken Sie die neuesten Innovationen der Branche, um mit den besten Voraussetzungen Sport zu betreiben! Kaufen Sie <b>Zielscheibe Vader Bunt</b> zum besten Preis und genießen Sie ein gesundes Leben!<br><br><ul><li>Art: Zielscheibe</li><li>Enthalten: Dartpfeile x 6</li><li>Material: Naturfaser</li><li>Farbe: Bunt</li></ul>;Bleiben Sie in Form und entdecken Sie die neuesten Innovationen der Branche, um mit den besten Voraussetzungen Sport zu betreiben! Kaufen Sie <b>Zielscheibe Vader Bunt</b> zum besten Preis und genießen Sie ein gesundes Leben!<br><br><ul><li>Art: Zielscheibe</li><li>Enthalten: Dartpfeile x 6</li><li>Material: Naturfaser</li><li>Farbe: Bunt</li></ul>;Gardening & DIY;Pop Pulse Emporium;https://cdnbigbuy.com/images/5715571507029_S71022191_P00.jpg;https://cdnbigbuy.com/images/5715571507029_S71022191_P10.jpg;;;new;3.01;47.0;47.0;4.0
5715571507029;sk-SK;terč Vader Viacfarebná;Udržujte sa vo forme a objavte posledné novinky zo sveta športu s tými najväčšími zárukami! Nakúpte <b>terč Vader Viacfarebná</b> za najlepšiu cenu a užívajte si zdravý život!<br><br><ul><li>Typ: terč</li><li>Obsahuje: Šípky x 6</li><li>Materiál: Prírodné vlákno</li><li>Farba: Viacfarebná</li></ul>;Udržujte sa vo forme a objavte posledné novinky zo sveta športu s tými najväčšími zárukami! Nakúpte <b>terč Vader Viacfarebná</b> za najlepšiu cenu a užívajte si zdravý život!<br><br><ul><li>Typ: terč</li><li>Obsahuje: Šípky x 6</li><li>Materiál: Prírodné vlákno</li><li>Farba: Viacfarebná</li></ul>;Gardening & DIY;Pop Pulse Emporium;https://cdnbigbuy.com/images/5715571507029_S71022191_P00.jpg;https://cdnbigbuy.com/images/5715571507029_S71022191_P10.jpg;;;new;3.01;47.0;47.0;4.0
5715571507029;pl-PL;tarcza Vader Wielokolorowy;Utrzymaj kondycję i odkryj wszystkie nowości związane z uprawianiem sportu z najkorzystniejszymi warunkami! Kupuj <b>tarcza Vader Wielokolorowy</b> o najkorzystniejszej cenie i ciesz się zdrowym życiem!<br><br><ul><li>Rodzaj: tarcza</li><li>Zawiera: Lotki x 6</li><li>Materiał: Naturalne Włókno</li><li>Kolor: Wielokolorowy</li></ul>;Utrzymaj kondycję i odkryj wszystkie nowości związane z uprawianiem sportu z najkorzystniejszymi warunkami! Kupuj <b>tarcza Vader Wielokolorowy</b> o najkorzystniejszej cenie i ciesz się zdrowym życiem!<br><br><ul><li>Rodzaj: tarcza</li><li>Zawiera: Lotki x 6</li><li>Materiał: Naturalne Włókno</li><li>Kolor: Wielokolorowy</li></ul>;Gardening & DIY;Pop Pulse Emporium;https://cdnbigbuy.com/images/5715571507029_S71022191_P00.jpg;https://cdnbigbuy.com/images/5715571507029_S71022191_P10.jpg;;;new;3.01;47.0;47.0;4.0
5715571507029;cs-CZ;terč Vader Vícebarevný;Zůstaňte ve formě a objevujte poslední novinky ze sportovního světa s největšími zárukami! Nakupte <b>terč Vader Vícebarevný</b> za nejlepší cenu a užívejte si života plného zdraví!<br><br><ul><li>Typ: terč</li><li>Obsahuje: Šipky x 6</li><li>Materiál: Přírodní vlákno</li><li>Barva: Vícebarevný</li></ul>;Zůstaňte ve formě a objevujte poslední novinky ze sportovního světa s největšími zárukami! Nakupte <b>terč Vader Vícebarevný</b> za nejlepší cenu a užívejte si života plného zdraví!<br><br><ul><li>Typ: terč</li><li>Obsahuje: Šipky x 6</li><li>Materiál: Přírodní vlákno</li><li>Barva: Vícebarevný</li></ul>;Gardening & DIY;Pop Pulse Emporium;https://cdnbigbuy.com/images/5715571507029_S71022191_P00.jpg;https://cdnbigbuy.com/images/5715571507029_S71022191_P10.jpg;;;new;3.01;47.0;47.0;4.0
4899888814160;de-AT;Kinderfahrradhelm Stitch 48-52 cm;Wenn Sie auf der Suche nach trendigen Neuheiten auf dem Markt sind, präsentieren wir Ihnen <b>Kinderfahrradhelm Stitch 48-52 cm</b>!<br><br><ul><li>Art: Kinderfahrradhelm</li><li>Größe: 48-52 cm</li><li>Farbe: Bunt</li><li>Material: <ul><li>Metall</li><li>Kunststoff</li></ul></li><li>Empfohlenes Alter: + 2 Jahre</li><li>Stückzahl: 2 Stück</li></ul>;Wenn Sie auf der Suche nach trendigen Neuheiten auf dem Markt sind, präsentieren wir Ihnen <b>Kinderfahrradhelm Stitch 48-52 cm</b>!<br><br><ul><li>Art: Kinderfahrradhelm</li><li>Größe: 48-52 cm</li><li>Farbe: Bunt</li><li>Material: <ul><li>Metall</li><li>Kunststoff</li></ul></li><li>Empfohlenes Alter: + 2 Jahre</li><li>Stückzahl: 2 Stück</li></ul>;Gardening & DIY;Pop Pulse Emporium;https://cdnbigbuy.com/images/s8906718_p0_icon0.jpg;https://cdnbigbuy.com/images/S8906718_P50.jpg;https://cdnbigbuy.com/images/S8906718_P10.jpg;https://cdnbigbuy.com/images/S8906718_P20.jpg;new;0.75;22.0;28.5;33.5
4899888814160;de-DE;Kinderfahrradhelm Stitch 48-52 cm;Wenn Sie auf der Suche nach trendigen Neuheiten auf dem Markt sind, präsentieren wir Ihnen <b>Kinderfahrradhelm Stitch 48-52 cm</b>!<br><br><ul><li>Art: Kinderfahrradhelm</li><li>Größe: 48-52 cm</li><li>Farbe: Bunt</li><li>Material: <ul><li>Metall</li><li>Kunststoff</li></ul></li><li>Empfohlenes Alter: + 2 Jahre</li><li>Stückzahl: 2 Stück</li></ul>;Wenn Sie auf der Suche nach trendigen Neuheiten auf dem Markt sind, präsentieren wir Ihnen <b>Kinderfahrradhelm Stitch 48-52 cm</b>!<br><br><ul><li>Art: Kinderfahrradhelm</li><li>Größe: 48-52 cm</li><li>Farbe: Bunt</li><li>Material: <ul><li>Metall</li><li>Kunststoff</li></ul></li><li>Empfohlenes Alter: + 2 Jahre</li><li>Stückzahl: 2 Stück</li></ul>;Gardening & DIY;Pop Pulse Emporium;https://cdnbigbuy.com/images/s8906718_p0_icon0.jpg;https://cdnbigbuy.com/images/S8906718_P50.jpg;https://cdnbigbuy.com/images/S8906718_P10.jpg;https://cdnbigbuy.com/images/S8906718_P20.jpg;new;0.75;22.0;28.5;33.5
4899888814160;sk-SK;Detská cyklistická helma Stitch 48-52 cm;Ak hľadáte nové trendy na trhu, predstavujeme <b>Detská cyklistická helma Stitch 48-52 cm</b>!<br><br><ul><li>Typ: Detská cyklistická helma</li><li>Veľkosť: 48-52 cm</li><li>Farba: Viacfarebná</li><li>Materiál: <ul><li>Kov</li><li>Plastické</li></ul></li><li>Odporúčaný vek: + 2 rokov</li><li>Kusov: 2 kusov</li></ul>;Ak hľadáte nové trendy na trhu, predstavujeme <b>Detská cyklistická helma Stitch 48-52 cm</b>!<br><br><ul><li>Typ: Detská cyklistická helma</li><li>Veľkosť: 48-52 cm</li><li>Farba: Viacfarebná</li><li>Materiál: <ul><li>Kov</li><li>Plastické</li></ul></li><li>Odporúčaný vek: + 2 rokov</li><li>Kusov: 2 kusov</li></ul>;Gardening & DIY;Pop Pulse Emporium;https://cdnbigbuy.com/images/s8906718_p0_icon0.jpg;https://cdnbigbuy.com/images/S8906718_P50.jpg;https://cdnbigbuy.com/images/S8906718_P10.jpg;https://cdnbigbuy.com/images/S8906718_P20.jpg;new;0.75;22.0;28.5;33.5
4899888814160;pl-PL;Kask rowerowy dla dzieci Stitch 48-52 cm;Jeśli szukasz trendów na rynku, prezentujemy <b>Kask rowerowy dla dzieci Stitch 48-52 cm</b>!<br><br><ul><li>Rodzaj: Kask rowerowy dla dzieci</li><li>Rozmiar: 48-52 cm</li><li>Kolor: Wielokolorowy</li><li>Materiał: <ul><li>Metal</li><li>Plastikowy</li></ul></li><li>Zalecany Wiek: + 2 lat</li><li>Sztuk: 2 Sztuk</li></ul>;Jeśli szukasz trendów na rynku, prezentujemy <b>Kask rowerowy dla dzieci Stitch 48-52 cm</b>!<br><br><ul><li>Rodzaj: Kask rowerowy dla dzieci</li><li>Rozmiar: 48-52 cm</li><li>Kolor: Wielokolorowy</li><li>Materiał: <ul><li>Metal</li><li>Plastikowy</li></ul></li><li>Zalecany Wiek: + 2 lat</li><li>Sztuk: 2 Sztuk</li></ul>;Gardening & DIY;Pop Pulse Emporium;https://cdnbigbuy.com/images/s8906718_p0_icon0.jpg;https://cdnbigbuy.com/images/S8906718_P50.jpg;https://cdnbigbuy.com/images/S8906718_P10.jpg;https://cdnbigbuy.com/images/S8906718_P20.jpg;new;0.75;22.0;28.5;33.5
4899888814160;cs-CZ;Cyklistická přilba pro děti Stitch 48-52 cm;Pokud hledáte nejnovější trendy na trhu, máme tu čest vám představit <b>Cyklistická přilba pro děti Stitch 48-52 cm</b>!<br><br><ul><li>Typ: Cyklistická přilba pro děti</li><li>Velikost: 48-52 cm</li><li>Barva: Vícebarevný</li><li>Materiál: <ul><li>Kov</li><li>Plastické</li></ul></li><li>Doporučený věk: + 2 roků</li><li>Kusů: 2 kusů</li></ul>;Pokud hledáte nejnovější trendy na trhu, máme tu čest vám představit <b>Cyklistická přilba pro děti Stitch 48-52 cm</b>!<br><br><ul><li>Typ: Cyklistická přilba pro děti</li><li>Velikost: 48-52 cm</li><li>Barva: Vícebarevný</li><li>Materiál: <ul><li>Kov</li><li>Plastické</li></ul></li><li>Doporučený věk: + 2 roků</li><li>Kusů: 2 kusů</li></ul>;Gardening & DIY;Pop Pulse Emporium;https://cdnbigbuy.com/images/s8906718_p0_icon0.jpg;https://cdnbigbuy.com/images/S8906718_P50.jpg;https://cdnbigbuy.com/images/S8906718_P10.jpg;https://cdnbigbuy.com/images/S8906718_P20.jpg;new;0.75;22.0;28.5;33.5
4015752494164;de-AT;Badminton-Schläger;Wenn Sie auf der Suche nach trendigen Neuheiten auf dem Markt sind, präsentieren wir Ihnen <b>Badminton-Schläger</b>!<br><br><ul><li>Material: Aluminium</li><li>Ungefähres Gewicht: 300 gr</li></ul>;Wenn Sie auf der Suche nach trendigen Neuheiten auf dem Markt sind, präsentieren wir Ihnen <b>Badminton-Schläger</b>!<br><br><ul><li>Material: Aluminium</li><li>Ungefähres Gewicht: 300 gr</li></ul>;Gardening & DIY;Pop Pulse Emporium;https://cdnbigbuy.com/images/4015752494164_S71022856_P00.jpg;https://cdnbigbuy.com/images/4015752494164_R40.jpg;https://cdnbigbuy.com/images/4015752494164_R00.jpg;https://cdnbigbuy.com/images/4015752494164_S71022856_P20.jpg;new;1.24;69.0;22.0;11.0
4015752494164;de-DE;Badminton-Schläger;Wenn Sie auf der Suche nach trendigen Neuheiten auf dem Markt sind, präsentieren wir Ihnen <b>Badminton-Schläger</b>!<br><br><ul><li>Material: Aluminium</li><li>Ungefähres Gewicht: 300 gr</li></ul>;Wenn Sie auf der Suche nach trendigen Neuheiten auf dem Markt sind, präsentieren wir Ihnen <b>Badminton-Schläger</b>!<br><br><ul><li>Material: Aluminium</li><li>Ungefähres Gewicht: 300 gr</li></ul>;Gardening & DIY;Pop Pulse Emporium;https://cdnbigbuy.com/images/4015752494164_S71022856_P00.jpg;https://cdnbigbuy.com/images/4015752494164_R40.jpg;https://cdnbigbuy.com/images/4015752494164_R00.jpg;https://cdnbigbuy.com/images/4015752494164_S71022856_P20.jpg;new;1.24;69.0;22.0;11.0
4015752494164;sk-SK;Badmintonová raketa;Ak hľadáte nové trendy na trhu, predstavujeme <b>Badmintonová raketa</b>!<br><br><ul><li>Materiál: Aluminium</li><li>Približná hmotnosť: 300 gr</li></ul>;Ak hľadáte nové trendy na trhu, predstavujeme <b>Badmintonová raketa</b>!<br><br><ul><li>Materiál: Aluminium</li><li>Približná hmotnosť: 300 gr</li></ul>;Gardening & DIY;Pop Pulse Emporium;https://cdnbigbuy.com/images/4015752494164_S71022856_P00.jpg;https://cdnbigbuy.com/images/4015752494164_R40.jpg;https://cdnbigbuy.com/images/4015752494164_R00.jpg;https://cdnbigbuy.com/images/4015752494164_S71022856_P20.jpg;new;1.24;69.0;22.0;11.0
4015752494164;pl-PL;Rakieta do Badmintona;Jeśli szukasz trendów na rynku, prezentujemy <b>Rakieta do Badmintona</b>!<br><br><ul><li>Materiał: Aluminium</li><li>Waga ok.: 300 gr</li></ul>;Jeśli szukasz trendów na rynku, prezentujemy <b>Rakieta do Badmintona</b>!<br><br><ul><li>Materiał: Aluminium</li><li>Waga ok.: 300 gr</li></ul>;Gardening & DIY;Pop Pulse Emporium;https://cdnbigbuy.com/images/4015752494164_S71022856_P00.jpg;https://cdnbigbuy.com/images/4015752494164_R40.jpg;https://cdnbigbuy.com/images/4015752494164_R00.jpg;https://cdnbigbuy.com/images/4015752494164_S71022856_P20.jpg;new;1.24;69.0;22.0;11.0
4015752494164;cs-CZ;Badmintonová raketa;Pokud hledáte nejnovější trendy na trhu, máme tu čest vám představit <b>Badmintonová raketa</b>!<br><br><ul><li>Materiál: Hliník</li><li>Přibližná hmotnost: 300 gr</li></ul>;Pokud hledáte nejnovější trendy na trhu, máme tu čest vám představit <b>Badmintonová raketa</b>!<br><br><ul><li>Materiál: Hliník</li><li>Přibližná hmotnost: 300 gr</li></ul>;Gardening & DIY;Pop Pulse Emporium;https://cdnbigbuy.com/images/4015752494164_S71022856_P00.jpg;https://cdnbigbuy.com/images/4015752494164_R40.jpg;https://cdnbigbuy.com/images/4015752494164_R00.jpg;https://cdnbigbuy.com/images/4015752494164_S71022856_P20.jpg;new;1.24;69.0;22.0;11.0
3700092608937;de-AT;Elektroroller EZWAY Schwarz 450 W 25 km/h;"Wenn Sie auf der Suche nach trendigen Neuheiten auf dem Markt sind, präsentieren wir Ihnen <b>Elektroroller EZWAY Schwarz 450 W 25 km/h</b>!<br><br><ul><li>Art: Elektroroller</li><li>Steckbares Produkt: Ja</li><li>Steckertyp: EU-Stecker</li><li>Farbe: Schwarz</li><li>Leistung: 450 W</li><li>Geschwindigkeit: 25 km/h</li><li>Ungefähre Reichweite: 20 km</li></ul><br><br>Wichtige informationen: Wenn die Marke den Roller nicht zugelassen hat, muss der Besitzer den TÜV bestehen, um eine ""EBE"" oder einen individuellen Führerschein zu erhalten..";"Wenn Sie auf der Suche nach trendigen Neuheiten auf dem Markt sind, präsentieren wir Ihnen <b>Elektroroller EZWAY Schwarz 450 W 25 km/h</b>!<br><br><ul><li>Art: Elektroroller</li><li>Steckbares Produkt: Ja</li><li>Steckertyp: EU-Stecker</li><li>Farbe: Schwarz</li><li>Leistung: 450 W</li><li>Geschwindigkeit: 25 km/h</li><li>Ungefähre Reichweite: 20 km</li></ul><br><br>Wichtige informationen: Wenn die Marke den Roller nicht zugelassen hat, muss der Besitzer den TÜV bestehen, um eine ""EBE"" oder ein";Gardening & DIY;Pop Pulse Emporium;https://cdnbigbuy.com/images/S71022518_1756370909-remove-background0.jpg;https://cdnbigbuy.com/images/3700092608937_S71022518_P30.jpg;https://cdnbigbuy.com/images/3700092608937_S71022518_P00.jpg;https://cdnbigbuy.com/images/3700092608937_S71022518_P40.jpg;new;15.0;85.5;44.7;36.0
3700092608937;de-DE;Elektroroller EZWAY Schwarz 450 W 25 km/h;"Wenn Sie auf der Suche nach trendigen Neuheiten auf dem Markt sind, präsentieren wir Ihnen <b>Elektroroller EZWAY Schwarz 450 W 25 km/h</b>!<br><br><ul><li>Art: Elektroroller</li><li>Steckbares Produkt: Ja</li><li>Steckertyp: EU-Stecker</li><li>Farbe: Schwarz</li><li>Leistung: 450 W</li><li>Geschwindigkeit: 25 km/h</li><li>Ungefähre Reichweite: 20 km</li></ul><br><br>Wichtige informationen: Wenn die Marke den Roller nicht zugelassen hat, muss der Besitzer den TÜV bestehen, um eine ""EBE"" oder einen individuellen Führerschein zu erhalten..";"Wenn Sie auf der Suche nach trendigen Neuheiten auf dem Markt sind, präsentieren wir Ihnen <b>Elektroroller EZWAY Schwarz 450 W 25 km/h</b>!<br><br><ul><li>Art: Elektroroller</li><li>Steckbares Produkt: Ja</li><li>Steckertyp: EU-Stecker</li><li>Farbe: Schwarz</li><li>Leistung: 450 W</li><li>Geschwindigkeit: 25 km/h</li><li>Ungefähre Reichweite: 20 km</li></ul><br><br>Wichtige informationen: Wenn die Marke den Roller nicht zugelassen hat, muss der Besitzer den TÜV bestehen, um eine ""EBE"" oder ein";Gardening & DIY;Pop Pulse Emporium;https://cdnbigbuy.com/images/S71022518_1756370909-remove-background0.jpg;https://cdnbigbuy.com/images/3700092608937_S71022518_P30.jpg;https://cdnbigbuy.com/images/3700092608937_S71022518_P00.jpg;https://cdnbigbuy.com/images/3700092608937_S71022518_P40.jpg;new;15.0;85.5;44.7;36.0
3700092608937;sk-SK;Elektrická kolobežka EZWAY Čierna 450 W 25 km/h;Ak hľadáte nové trendy na trhu, predstavujeme <b>Elektrická kolobežka EZWAY Čierna 450 W 25 km/h</b>!<br><br><ul><li>Typ: Elektrická kolobežka</li><li>Zásuvný produkt: áno</li><li>Druh zástrčky: EU zástrčky</li><li>Farba: Čierna</li><li>Príkon: 450 W</li><li>Rýchlosť: 25 km/h</li><li>Približná výdrž: 20 km</li></ul><br><br>Dôležité informácie: Ak značka nezaregistrovala kolobežku, majiteľ bude musieť prejsť ITV (STK) alebo TÜV, aby získal „EBE“ alebo povolenie na individuálny pohyb..;Ak hľadáte nové trendy na trhu, predstavujeme <b>Elektrická kolobežka EZWAY Čierna 450 W 25 km/h</b>!<br><br><ul><li>Typ: Elektrická kolobežka</li><li>Zásuvný produkt: áno</li><li>Druh zástrčky: EU zástrčky</li><li>Farba: Čierna</li><li>Príkon: 450 W</li><li>Rýchlosť: 25 km/h</li><li>Približná výdrž: 20 km</li></ul><br><br>Dôležité informácie: Ak značka nezaregistrovala kolobežku, majiteľ bude musieť prejsť ITV (STK) alebo TÜV, aby získal „EBE“ alebo povolenie na individuálny pohyb..;Gardening & DIY;Pop Pulse Emporium;https://cdnbigbuy.com/images/S71022518_1756370909-remove-background0.jpg;https://cdnbigbuy.com/images/3700092608937_S71022518_P30.jpg;https://cdnbigbuy.com/images/3700092608937_S71022518_P00.jpg;https://cdnbigbuy.com/images/3700092608937_S71022518_P40.jpg;new;15.0;85.5;44.7;36.0
3700092608937;pl-PL;Skuter elektryczny EZWAY Czarny 450 W 25 km/h;"Jeśli szukasz trendów na rynku, prezentujemy <b>Skuter elektryczny EZWAY Czarny 450 W 25 km/h</b>!<br><br><ul><li>Rodzaj: Skuter elektryczny</li><li>Produkt wtykany: Tak</li><li>Rodzaj wtyczki: Gnizadko EU</li><li>Kolor: Czarny</li><li>Moc: 450 W</li><li>Prędkość: 25 km/h</li><li>Czas działania ok.: 20 km</li></ul><br><br>Ważne informacje: Jeśli marka nie zarejestrowała hulajnogi, właściciel będzie musiał przejść kontrolę pojazdową lub TÜV, aby uzyskać ""EBE"" lub indywidualne zezwolenie na ruch.";"Jeśli szukasz trendów na rynku, prezentujemy <b>Skuter elektryczny EZWAY Czarny 450 W 25 km/h</b>!<br><br><ul><li>Rodzaj: Skuter elektryczny</li><li>Produkt wtykany: Tak</li><li>Rodzaj wtyczki: Gnizadko EU</li><li>Kolor: Czarny</li><li>Moc: 450 W</li><li>Prędkość: 25 km/h</li><li>Czas działania ok.: 20 km</li></ul><br><br>Ważne informacje: Jeśli marka nie zarejestrowała hulajnogi, właściciel będzie musiał przejść kontrolę pojazdową lub TÜV, aby uzyskać ""EBE"" lub indywidualne zezwolenie na ruch.";Gardening & DIY;Pop Pulse Emporium;https://cdnbigbuy.com/images/S71022518_1756370909-remove-background0.jpg;https://cdnbigbuy.com/images/3700092608937_S71022518_P30.jpg;https://cdnbigbuy.com/images/3700092608937_S71022518_P00.jpg;https://cdnbigbuy.com/images/3700092608937_S71022518_P40.jpg;new;15.0;85.5;44.7;36.0
3700092608937;cs-CZ;Hoverboard EZWAY Černý 450 W 25 km/h;Pokud hledáte nejnovější trendy na trhu, máme tu čest vám představit <b>Hoverboard EZWAY Černý 450 W 25 km/h</b>!<br><br><ul><li>Typ: Hoverboard</li><li>Zásuvný produkt: Ano</li><li>Typ zástrčky: Zástrčka EU</li><li>Barva: Černý</li><li>Příkon: 450 W</li><li>Rychlost: 25 km/h</li><li>Přibližná výdrž: 20 km</li></ul><br><br>Důležité informace: Pokud značka nezaregistrovala skútr, majitel bude muset projít ITV nebo TÜV, aby získal „EBE“ nebo individuální povolení k provozu..;Pokud hledáte nejnovější trendy na trhu, máme tu čest vám představit <b>Hoverboard EZWAY Černý 450 W 25 km/h</b>!<br><br><ul><li>Typ: Hoverboard</li><li>Zásuvný produkt: Ano</li><li>Typ zástrčky: Zástrčka EU</li><li>Barva: Černý</li><li>Příkon: 450 W</li><li>Rychlost: 25 km/h</li><li>Přibližná výdrž: 20 km</li></ul><br><br>Důležité informace: Pokud značka nezaregistrovala skútr, majitel bude muset projít ITV nebo TÜV, aby získal „EBE“ nebo individuální povolení k provozu..;Gardening & DIY;Pop Pulse Emporium;https://cdnbigbuy.com/images/S71022518_1756370909-remove-background0.jpg;https://cdnbigbuy.com/images/3700092608937_S71022518_P30.jpg;https://cdnbigbuy.com/images/3700092608937_S71022518_P00.jpg;https://cdnbigbuy.com/images/3700092608937_S71022518_P40.jpg;new;15.0;85.5;44.7;36.0
5715443912098;de-AT;Volleyball Bunt Größe 5;Bleiben Sie in Form und entdecken Sie die neuesten Innovationen der Branche, um mit den besten Voraussetzungen Sport zu betreiben! Kaufen Sie <b>Volleyball Bunt Größe 5</b> zum besten Preis und genießen Sie ein gesundes Leben!<br><br><ul><li>Art: Volleyball</li><li>Farbe: Bunt</li><li>Material: PVC</li><li>Ball-Größe: Größe 5</li></ul>;Bleiben Sie in Form und entdecken Sie die neuesten Innovationen der Branche, um mit den besten Voraussetzungen Sport zu betreiben! Kaufen Sie <b>Volleyball Bunt Größe 5</b> zum besten Preis und genießen Sie ein gesundes Leben!<br><br><ul><li>Art: Volleyball</li><li>Farbe: Bunt</li><li>Material: PVC</li><li>Ball-Größe: Größe 5</li></ul>;Gardening & DIY;Pop Pulse Emporium;https://cdnbigbuy.com/images/5715443912098_S71022576_P00.jpg;https://cdnbigbuy.com/images/5715443912098_S71022576_P10.jpg;https://cdnbigbuy.com/images/5715443912098_S71022576_P20.jpg;;new;0.29;26.0;14.0;14.0
5715443912098;de-DE;Volleyball Bunt Größe 5;Bleiben Sie in Form und entdecken Sie die neuesten Innovationen der Branche, um mit den besten Voraussetzungen Sport zu betreiben! Kaufen Sie <b>Volleyball Bunt Größe 5</b> zum besten Preis und genießen Sie ein gesundes Leben!<br><br><ul><li>Art: Volleyball</li><li>Farbe: Bunt</li><li>Material: PVC</li><li>Ball-Größe: Größe 5</li></ul>;Bleiben Sie in Form und entdecken Sie die neuesten Innovationen der Branche, um mit den besten Voraussetzungen Sport zu betreiben! Kaufen Sie <b>Volleyball Bunt Größe 5</b> zum besten Preis und genießen Sie ein gesundes Leben!<br><br><ul><li>Art: Volleyball</li><li>Farbe: Bunt</li><li>Material: PVC</li><li>Ball-Größe: Größe 5</li></ul>;Gardening & DIY;Pop Pulse Emporium;https://cdnbigbuy.com/images/5715443912098_S71022576_P00.jpg;https://cdnbigbuy.com/images/5715443912098_S71022576_P10.jpg;https://cdnbigbuy.com/images/5715443912098_S71022576_P20.jpg;;new;0.29;26.0;14.0;14.0
5715443912098;sk-SK;Volejbalová lopta Viacfarebná Veľkosť 5;Udržujte sa vo forme a objavte posledné novinky zo sveta športu s tými najväčšími zárukami! Nakúpte <b>Volejbalová lopta Viacfarebná Veľkosť 5</b> za najlepšiu cenu a užívajte si zdravý život!<br><br><ul><li>Typ: Volejbalová lopta</li><li>Farba: Viacfarebná</li><li>Materiál: PVC</li><li>Veľkosť lopty: Veľkosť 5</li></ul>;Udržujte sa vo forme a objavte posledné novinky zo sveta športu s tými najväčšími zárukami! Nakúpte <b>Volejbalová lopta Viacfarebná Veľkosť 5</b> za najlepšiu cenu a užívajte si zdravý život!<br><br><ul><li>Typ: Volejbalová lopta</li><li>Farba: Viacfarebná</li><li>Materiál: PVC</li><li>Veľkosť lopty: Veľkosť 5</li></ul>;Gardening & DIY;Pop Pulse Emporium;https://cdnbigbuy.com/images/5715443912098_S71022576_P00.jpg;https://cdnbigbuy.com/images/5715443912098_S71022576_P10.jpg;https://cdnbigbuy.com/images/5715443912098_S71022576_P20.jpg;;new;0.29;26.0;14.0;14.0
5715443912098;pl-PL;Piłka do Siatkówki Wielokolorowy Rozmiar 5;Utrzymaj kondycję i odkryj wszystkie nowości związane z uprawianiem sportu z najkorzystniejszymi warunkami! Kupuj <b>Piłka do Siatkówki Wielokolorowy Rozmiar 5</b> o najkorzystniejszej cenie i ciesz się zdrowym życiem!<br><br><ul><li>Rodzaj: Piłka do Siatkówki</li><li>Kolor: Wielokolorowy</li><li>Materiał: PVC</li><li>Wielkość kuli: Rozmiar 5</li></ul>;Utrzymaj kondycję i odkryj wszystkie nowości związane z uprawianiem sportu z najkorzystniejszymi warunkami! Kupuj <b>Piłka do Siatkówki Wielokolorowy Rozmiar 5</b> o najkorzystniejszej cenie i ciesz się zdrowym życiem!<br><br><ul><li>Rodzaj: Piłka do Siatkówki</li><li>Kolor: Wielokolorowy</li><li>Materiał: PVC</li><li>Wielkość kuli: Rozmiar 5</li></ul>;Gardening & DIY;Pop Pulse Emporium;https://cdnbigbuy.com/images/5715443912098_S71022576_P00.jpg;https://cdnbigbuy.com/images/5715443912098_S71022576_P10.jpg;https://cdnbigbuy.com/images/5715443912098_S71022576_P20.jpg;;new;0.29;26.0;14.0;14.0
5715443912098;cs-CZ;Volejbalový míč Vícebarevný Velikost 5;Zůstaňte ve formě a objevujte poslední novinky ze sportovního světa s největšími zárukami! Nakupte <b>Volejbalový míč Vícebarevný Velikost 5</b> za nejlepší cenu a užívejte si života plného zdraví!<br><br><ul><li>Typ: Volejbalový míč</li><li>Barva: Vícebarevný</li><li>Materiál: PVC</li><li>Velikost míče: Velikost 5</li></ul>;Zůstaňte ve formě a objevujte poslední novinky ze sportovního světa s největšími zárukami! Nakupte <b>Volejbalový míč Vícebarevný Velikost 5</b> za nejlepší cenu a užívejte si života plného zdraví!<br><br><ul><li>Typ: Volejbalový míč</li><li>Barva: Vícebarevný</li><li>Materiál: PVC</li><li>Velikost míče: Velikost 5</li></ul>;Gardening & DIY;Pop Pulse Emporium;https://cdnbigbuy.com/images/5715443912098_S71022576_P00.jpg;https://cdnbigbuy.com/images/5715443912098_S71022576_P10.jpg;https://cdnbigbuy.com/images/5715443912098_S71022576_P20.jpg;;new;0.29;26.0;14.0;14.0
4899888817468;de-AT;Taucherbrille AquaSport (6 Stück);Wenn Sie auf der Suche nach trendigen Neuheiten auf dem Markt sind, präsentieren wir Ihnen <b>Taucherbrille AquaSport (6 Stück)</b>!<br><br><ul><li>Art: Taucherbrille</li><li>Material: <ul><li>Silikon</li><li>Kunststoff</li><li>Gehärtetes Glas</li></ul></li><li>Empfohlenes Alter: + 7 Jahre</li><li>Stückzahl: 6 Stück</li><li>Maße ca.: 16 x 10 x 8 cm</li></ul>;Wenn Sie auf der Suche nach trendigen Neuheiten auf dem Markt sind, präsentieren wir Ihnen <b>Taucherbrille AquaSport (6 Stück)</b>!<br><br><ul><li>Art: Taucherbrille</li><li>Material: <ul><li>Silikon</li><li>Kunststoff</li><li>Gehärtetes Glas</li></ul></li><li>Empfohlenes Alter: + 7 Jahre</li><li>Stückzahl: 6 Stück</li><li>Maße ca.: 16 x 10 x 8 cm</li></ul>;Gardening & DIY;Pop Pulse Emporium;https://cdnbigbuy.com/images/s8907030_p0_icon0.jpg;https://cdnbigbuy.com/images/S8907030_P50.jpg;https://cdnbigbuy.com/images/S8907030_P10.jpg;https://cdnbigbuy.com/images/S8907030_P20.jpg;new;1.46;21.0;29.0;22.5
4899888817468;de-DE;Taucherbrille AquaSport (6 Stück);Wenn Sie auf der Suche nach trendigen Neuheiten auf dem Markt sind, präsentieren wir Ihnen <b>Taucherbrille AquaSport (6 Stück)</b>!<br><br><ul><li>Art: Taucherbrille</li><li>Material: <ul><li>Silikon</li><li>Kunststoff</li><li>Gehärtetes Glas</li></ul></li><li>Empfohlenes Alter: + 7 Jahre</li><li>Stückzahl: 6 Stück</li><li>Maße ca.: 16 x 10 x 8 cm</li></ul>;Wenn Sie auf der Suche nach trendigen Neuheiten auf dem Markt sind, präsentieren wir Ihnen <b>Taucherbrille AquaSport (6 Stück)</b>!<br><br><ul><li>Art: Taucherbrille</li><li>Material: <ul><li>Silikon</li><li>Kunststoff</li><li>Gehärtetes Glas</li></ul></li><li>Empfohlenes Alter: + 7 Jahre</li><li>Stückzahl: 6 Stück</li><li>Maße ca.: 16 x 10 x 8 cm</li></ul>;Gardening & DIY;Pop Pulse Emporium;https://cdnbigbuy.com/images/s8907030_p0_icon0.jpg;https://cdnbigbuy.com/images/S8907030_P50.jpg;https://cdnbigbuy.com/images/S8907030_P10.jpg;https://cdnbigbuy.com/images/S8907030_P20.jpg;new;1.46;21.0;29.0;22.5
4899888817468;sk-SK;Potápačské okuliare AquaSport (6 kusov);Ak hľadáte nové trendy na trhu, predstavujeme <b>Potápačské okuliare AquaSport (6 kusov)</b>!<br><br><ul><li>Typ: Potápačské okuliare</li><li>Materiál: <ul><li>Silikónové</li><li>Plastické</li><li>Tempered glass</li></ul></li><li>Odporúčaný vek: + 7 rokov</li><li>Kusov: 6 kusov</li><li>Približné rozmery: 16 x 10 x 8 cm</li></ul>;Ak hľadáte nové trendy na trhu, predstavujeme <b>Potápačské okuliare AquaSport (6 kusov)</b>!<br><br><ul><li>Typ: Potápačské okuliare</li><li>Materiál: <ul><li>Silikónové</li><li>Plastické</li><li>Tempered glass</li></ul></li><li>Odporúčaný vek: + 7 rokov</li><li>Kusov: 6 kusov</li><li>Približné rozmery: 16 x 10 x 8 cm</li></ul>;Gardening & DIY;Pop Pulse Emporium;https://cdnbigbuy.com/images/s8907030_p0_icon0.jpg;https://cdnbigbuy.com/images/S8907030_P50.jpg;https://cdnbigbuy.com/images/S8907030_P10.jpg;https://cdnbigbuy.com/images/S8907030_P20.jpg;new;1.46;21.0;29.0;22.5
4899888817468;pl-PL;Okulary do Nurkowania AquaSport (6 Sztuk);Jeśli szukasz trendów na rynku, prezentujemy <b>Okulary do Nurkowania AquaSport (6 Sztuk)</b>!<br><br><ul><li>Rodzaj: Okulary do Nurkowania</li><li>Materiał: <ul><li>Silikon</li><li>Plastikowy</li><li>Tempered glass</li></ul></li><li>Zalecany Wiek: + 7 lat</li><li>Sztuk: 6 Sztuk</li><li>Wymiary ok.: 16 x 10 x 8 cm</li></ul>;Jeśli szukasz trendów na rynku, prezentujemy <b>Okulary do Nurkowania AquaSport (6 Sztuk)</b>!<br><br><ul><li>Rodzaj: Okulary do Nurkowania</li><li>Materiał: <ul><li>Silikon</li><li>Plastikowy</li><li>Tempered glass</li></ul></li><li>Zalecany Wiek: + 7 lat</li><li>Sztuk: 6 Sztuk</li><li>Wymiary ok.: 16 x 10 x 8 cm</li></ul>;Gardening & DIY;Pop Pulse Emporium;https://cdnbigbuy.com/images/s8907030_p0_icon0.jpg;https://cdnbigbuy.com/images/S8907030_P50.jpg;https://cdnbigbuy.com/images/S8907030_P10.jpg;https://cdnbigbuy.com/images/S8907030_P20.jpg;new;1.46;21.0;29.0;22.5
4899888817468;cs-CZ;Potápěčské brýle AquaSport (6 kusů);Pokud hledáte nejnovější trendy na trhu, máme tu čest vám představit <b>Potápěčské brýle AquaSport (6 kusů)</b>!<br><br><ul><li>Typ: Potápěčské brýle</li><li>Materiál: <ul><li>Silikonové</li><li>Plastické</li><li>Tempered glass</li></ul></li><li>Doporučený věk: + 7 roků</li><li>Kusů: 6 kusů</li><li>Přibližné rozměry: 16 x 10 x 8 cm</li></ul>;Pokud hledáte nejnovější trendy na trhu, máme tu čest vám představit <b>Potápěčské brýle AquaSport (6 kusů)</b>!<br><br><ul><li>Typ: Potápěčské brýle</li><li>Materiál: <ul><li>Silikonové</li><li>Plastické</li><li>Tempered glass</li></ul></li><li>Doporučený věk: + 7 roků</li><li>Kusů: 6 kusů</li><li>Přibližné rozměry: 16 x 10 x 8 cm</li></ul>;Gardening & DIY;Pop Pulse Emporium;https://cdnbigbuy.com/images/s8907030_p0_icon0.jpg;https://cdnbigbuy.com/images/S8907030_P50.jpg;https://cdnbigbuy.com/images/S8907030_P10.jpg;https://cdnbigbuy.com/images/S8907030_P20.jpg;new;1.46;21.0;29.0;22.5
8001011282999;de-AT;Inlineskates Mondo Frozen : THE QUEEN OF SNOWS Bunt;Bleiben Sie in Form und entdecken Sie die neuesten Innovationen der Branche, um mit den besten Voraussetzungen Sport zu betreiben! Kaufen Sie <b>Inlineskates Mondo Frozen : THE QUEEN OF SNOWS Bunt</b> zum besten Preis und genießen Sie ein gesundes Leben!<br><br><ul><li>Art: Inlineskates</li><li>Merkmale: Einstellbar</li><li>Farbe: Bunt</li><li>Material: Kunststoff</li><li>Empfohlenes Alter: <ul><li>+ 4 Jahre</li><li>Kinder</li></ul></li></ul>;Bleiben Sie in Form und entdecken Sie die neuesten Innovationen der Branche, um mit den besten Voraussetzungen Sport zu betreiben! Kaufen Sie <b>Inlineskates Mondo Frozen : THE QUEEN OF SNOWS Bunt</b> zum besten Preis und genießen Sie ein gesundes Leben!<br><br><ul><li>Art: Inlineskates</li><li>Merkmale: Einstellbar</li><li>Farbe: Bunt</li><li>Material: Kunststoff</li><li>Empfohlenes Alter: <ul><li>+ 4 Jahre</li><li>Kinder</li></ul></li></ul>;Gardening & DIY;Pop Pulse Emporium;https://cdnbigbuy.com/images/8001011282999_S71022378_P00.jpg;https://cdnbigbuy.com/images/8001011282999_S71022378_P20.jpg;https://cdnbigbuy.com/images/8001011282999_I00.jpg;https://cdnbigbuy.com/images/8001011282999_S71022378_P10.jpg;new;1.9;35.0;11.0;39.0
8001011282999;de-DE;Inlineskates Mondo Frozen : THE QUEEN OF SNOWS Bunt;Bleiben Sie in Form und entdecken Sie die neuesten Innovationen der Branche, um mit den besten Voraussetzungen Sport zu betreiben! Kaufen Sie <b>Inlineskates Mondo Frozen : THE QUEEN OF SNOWS Bunt</b> zum besten Preis und genießen Sie ein gesundes Leben!<br><br><ul><li>Art: Inlineskates</li><li>Merkmale: Einstellbar</li><li>Farbe: Bunt</li><li>Material: Kunststoff</li><li>Empfohlenes Alter: <ul><li>+ 4 Jahre</li><li>Kinder</li></ul></li></ul>;Bleiben Sie in Form und entdecken Sie die neuesten Innovationen der Branche, um mit den besten Voraussetzungen Sport zu betreiben! Kaufen Sie <b>Inlineskates Mondo Frozen : THE QUEEN OF SNOWS Bunt</b> zum besten Preis und genießen Sie ein gesundes Leben!<br><br><ul><li>Art: Inlineskates</li><li>Merkmale: Einstellbar</li><li>Farbe: Bunt</li><li>Material: Kunststoff</li><li>Empfohlenes Alter: <ul><li>+ 4 Jahre</li><li>Kinder</li></ul></li></ul>;Gardening & DIY;Pop Pulse Emporium;https://cdnbigbuy.com/images/8001011282999_S71022378_P00.jpg;https://cdnbigbuy.com/images/8001011282999_S71022378_P20.jpg;https://cdnbigbuy.com/images/8001011282999_I00.jpg;https://cdnbigbuy.com/images/8001011282999_S71022378_P10.jpg;new;1.9;35.0;11.0;39.0
8001011282999;sk-SK;Kolieskové korčule Mondo Frozen : THE QUEEN OF SNOWS Viacfarebná;Udržujte sa vo forme a objavte posledné novinky zo sveta športu s tými najväčšími zárukami! Nakúpte <b>Kolieskové korčule Mondo Frozen : THE QUEEN OF SNOWS Viacfarebná</b> za najlepšiu cenu a užívajte si zdravý život!<br><br><ul><li>Typ: Kolieskové korčule</li><li>Vlastnosti: Nastaviteľný</li><li>Farba: Viacfarebná</li><li>Materiál: Plastické</li><li>Odporúčaný vek: <ul><li>+ 4 rokov</li><li>Chlapci</li></ul></li></ul>;Udržujte sa vo forme a objavte posledné novinky zo sveta športu s tými najväčšími zárukami! Nakúpte <b>Kolieskové korčule Mondo Frozen : THE QUEEN OF SNOWS Viacfarebná</b> za najlepšiu cenu a užívajte si zdravý život!<br><br><ul><li>Typ: Kolieskové korčule</li><li>Vlastnosti: Nastaviteľný</li><li>Farba: Viacfarebná</li><li>Materiál: Plastické</li><li>Odporúčaný vek: <ul><li>+ 4 rokov</li><li>Chlapci</li></ul></li></ul>;Gardening & DIY;Pop Pulse Emporium;https://cdnbigbuy.com/images/8001011282999_S71022378_P00.jpg;https://cdnbigbuy.com/images/8001011282999_S71022378_P20.jpg;https://cdnbigbuy.com/images/8001011282999_I00.jpg;https://cdnbigbuy.com/images/8001011282999_S71022378_P10.jpg;new;1.9;35.0;11.0;39.0
8001011282999;pl-PL;Łyżworolki Mondo Frozen : THE QUEEN OF SNOWS Wielokolorowy;Utrzymaj kondycję i odkryj wszystkie nowości związane z uprawianiem sportu z najkorzystniejszymi warunkami! Kupuj <b>Łyżworolki Mondo Frozen : THE QUEEN OF SNOWS Wielokolorowy</b> o najkorzystniejszej cenie i ciesz się zdrowym życiem!<br><br><ul><li>Rodzaj: Łyżworolki</li><li>Właściwości: Ajustable</li><li>Kolor: Wielokolorowy</li><li>Materiał: Plastikowy</li><li>Zalecany Wiek: <ul><li>+ 4 lat</li><li>Dzieci</li></ul></li></ul>;Utrzymaj kondycję i odkryj wszystkie nowości związane z uprawianiem sportu z najkorzystniejszymi warunkami! Kupuj <b>Łyżworolki Mondo Frozen : THE QUEEN OF SNOWS Wielokolorowy</b> o najkorzystniejszej cenie i ciesz się zdrowym życiem!<br><br><ul><li>Rodzaj: Łyżworolki</li><li>Właściwości: Ajustable</li><li>Kolor: Wielokolorowy</li><li>Materiał: Plastikowy</li><li>Zalecany Wiek: <ul><li>+ 4 lat</li><li>Dzieci</li></ul></li></ul>;Gardening & DIY;Pop Pulse Emporium;https://cdnbigbuy.com/images/8001011282999_S71022378_P00.jpg;https://cdnbigbuy.com/images/8001011282999_S71022378_P20.jpg;https://cdnbigbuy.com/images/8001011282999_I00.jpg;https://cdnbigbuy.com/images/8001011282999_S71022378_P10.jpg;new;1.9;35.0;11.0;39.0
8001011282999;cs-CZ;Inline brusle Mondo Frozen : THE QUEEN OF SNOWS Vícebarevný;Zůstaňte ve formě a objevujte poslední novinky ze sportovního světa s největšími zárukami! Nakupte <b>Inline brusle Mondo Frozen : THE QUEEN OF SNOWS Vícebarevný</b> za nejlepší cenu a užívejte si života plného zdraví!<br><br><ul><li>Typ: Inline brusle</li><li>Vlastnosti: Nastavitelný</li><li>Barva: Vícebarevný</li><li>Materiál: Plastické</li><li>Doporučený věk: <ul><li>+ 4 roků</li><li>Chlapečci</li></ul></li></ul>;Zůstaňte ve formě a objevujte poslední novinky ze sportovního světa s největšími zárukami! Nakupte <b>Inline brusle Mondo Frozen : THE QUEEN OF SNOWS Vícebarevný</b> za nejlepší cenu a užívejte si života plného zdraví!<br><br><ul><li>Typ: Inline brusle</li><li>Vlastnosti: Nastavitelný</li><li>Barva: Vícebarevný</li><li>Materiál: Plastické</li><li>Doporučený věk: <ul><li>+ 4 roků</li><li>Chlapečci</li></ul></li></ul>;Gardening & DIY;Pop Pulse Emporium;https://cdnbigbuy.com/images/8001011282999_S71022378_P00.jpg;https://cdnbigbuy.com/images/8001011282999_S71022378_P20.jpg;https://cdnbigbuy.com/images/8001011282999_I00.jpg;https://cdnbigbuy.com/images/8001011282999_S71022378_P10.jpg;new;1.9;35.0;11.0;39.0
4000885582215;de-AT;Ping-Pong-Schläger Schildkröt Schwarz;Bleiben Sie in Form und entdecken Sie die neuesten Innovationen der Branche, um mit den besten Voraussetzungen Sport zu betreiben! Kaufen Sie <b>Ping-Pong-Schläger Schildkröt Schwarz</b> zum besten Preis und genießen Sie ein gesundes Leben!<br><br><ul><li>Art: Tennisschläger</li><li>Farbe: Schwarz</li><li>Geeignet für: Außenbereich</li><li>Empfohlenes Alter: Erwachsene</li><li>Enthalten: Transporthülle</li></ul>;Bleiben Sie in Form und entdecken Sie die neuesten Innovationen der Branche, um mit den besten Voraussetzungen Sport zu betreiben! Kaufen Sie <b>Ping-Pong-Schläger Schildkröt Schwarz</b> zum besten Preis und genießen Sie ein gesundes Leben!<br><br><ul><li>Art: Tennisschläger</li><li>Farbe: Schwarz</li><li>Geeignet für: Außenbereich</li><li>Empfohlenes Alter: Erwachsene</li><li>Enthalten: Transporthülle</li></ul>;Gardening & DIY;Pop Pulse Emporium;https://cdnbigbuy.com/images/4000885582215_S71022734_P00.jpg;https://cdnbigbuy.com/images/4000885582215_S71022734_P10.jpg;https://cdnbigbuy.com/images/4000885582215_R30.jpg;https://cdnbigbuy.com/images/4000885582215_I20.jpg;new;0.33;33.0;22.0;5.0
4000885582215;de-DE;Ping-Pong-Schläger Schildkröt Schwarz;Bleiben Sie in Form und entdecken Sie die neuesten Innovationen der Branche, um mit den besten Voraussetzungen Sport zu betreiben! Kaufen Sie <b>Ping-Pong-Schläger Schildkröt Schwarz</b> zum besten Preis und genießen Sie ein gesundes Leben!<br><br><ul><li>Art: Tennisschläger</li><li>Farbe: Schwarz</li><li>Geeignet für: Außenbereich</li><li>Empfohlenes Alter: Erwachsene</li><li>Enthalten: Transporthülle</li></ul>;Bleiben Sie in Form und entdecken Sie die neuesten Innovationen der Branche, um mit den besten Voraussetzungen Sport zu betreiben! Kaufen Sie <b>Ping-Pong-Schläger Schildkröt Schwarz</b> zum besten Preis und genießen Sie ein gesundes Leben!<br><br><ul><li>Art: Tennisschläger</li><li>Farbe: Schwarz</li><li>Geeignet für: Außenbereich</li><li>Empfohlenes Alter: Erwachsene</li><li>Enthalten: Transporthülle</li></ul>;Gardening & DIY;Pop Pulse Emporium;https://cdnbigbuy.com/images/4000885582215_S71022734_P00.jpg;https://cdnbigbuy.com/images/4000885582215_S71022734_P10.jpg;https://cdnbigbuy.com/images/4000885582215_R30.jpg;https://cdnbigbuy.com/images/4000885582215_I20.jpg;new;0.33;33.0;22.0;5.0
4000885582215;sk-SK;Pingpongová raketa Schildkröt Čierna;Udržujte sa vo forme a objavte posledné novinky zo sveta športu s tými najväčšími zárukami! Nakúpte <b>Pingpongová raketa Schildkröt Čierna</b> za najlepšiu cenu a užívajte si zdravý život!<br><br><ul><li>Typ: Raketa</li><li>Farba: Čierna</li><li>Vhodné pre: Exteriér</li><li>Odporúčaný vek: Deti</li><li>Obsahuje: Prepravná taška</li></ul>;Udržujte sa vo forme a objavte posledné novinky zo sveta športu s tými najväčšími zárukami! Nakúpte <b>Pingpongová raketa Schildkröt Čierna</b> za najlepšiu cenu a užívajte si zdravý život!<br><br><ul><li>Typ: Raketa</li><li>Farba: Čierna</li><li>Vhodné pre: Exteriér</li><li>Odporúčaný vek: Deti</li><li>Obsahuje: Prepravná taška</li></ul>;Gardening & DIY;Pop Pulse Emporium;https://cdnbigbuy.com/images/4000885582215_S71022734_P00.jpg;https://cdnbigbuy.com/images/4000885582215_S71022734_P10.jpg;https://cdnbigbuy.com/images/4000885582215_R30.jpg;https://cdnbigbuy.com/images/4000885582215_I20.jpg;new;0.33;33.0;22.0;5.0
4000885582215;pl-PL;Rakietka do Ping Ponga Schildkröt Czarny;Utrzymaj kondycję i odkryj wszystkie nowości związane z uprawianiem sportu z najkorzystniejszymi warunkami! Kupuj <b>Rakietka do Ping Ponga Schildkröt Czarny</b> o najkorzystniejszej cenie i ciesz się zdrowym życiem!<br><br><ul><li>Rodzaj: Rakieta</li><li>Kolor: Czarny</li><li>Kompatybilny z: Zewnętrzny</li><li>Zalecany Wiek: Dorosłych</li><li>Zawiera: Pokrowiec transportowy</li></ul>;Utrzymaj kondycję i odkryj wszystkie nowości związane z uprawianiem sportu z najkorzystniejszymi warunkami! Kupuj <b>Rakietka do Ping Ponga Schildkröt Czarny</b> o najkorzystniejszej cenie i ciesz się zdrowym życiem!<br><br><ul><li>Rodzaj: Rakieta</li><li>Kolor: Czarny</li><li>Kompatybilny z: Zewnętrzny</li><li>Zalecany Wiek: Dorosłych</li><li>Zawiera: Pokrowiec transportowy</li></ul>;Gardening & DIY;Pop Pulse Emporium;https://cdnbigbuy.com/images/4000885582215_S71022734_P00.jpg;https://cdnbigbuy.com/images/4000885582215_S71022734_P10.jpg;https://cdnbigbuy.com/images/4000885582215_R30.jpg;https://cdnbigbuy.com/images/4000885582215_I20.jpg;new;0.33;33.0;22.0;5.0
4000885582215;cs-CZ;Pingpongová raketa Schildkröt Černý;Zůstaňte ve formě a objevujte poslední novinky ze sportovního světa s největšími zárukami! Nakupte <b>Pingpongová raketa Schildkröt Černý</b> za nejlepší cenu a užívejte si života plného zdraví!<br><br><ul><li>Typ: Raketa</li><li>Barva: Černý</li><li>Vhodné pro: Exteriér</li><li>Doporučený věk: Dospělé</li><li>Obsahuje: Povlak na transport</li></ul>;Zůstaňte ve formě a objevujte poslední novinky ze sportovního světa s největšími zárukami! Nakupte <b>Pingpongová raketa Schildkröt Černý</b> za nejlepší cenu a užívejte si života plného zdraví!<br><br><ul><li>Typ: Raketa</li><li>Barva: Černý</li><li>Vhodné pro: Exteriér</li><li>Doporučený věk: Dospělé</li><li>Obsahuje: Povlak na transport</li></ul>;Gardening & DIY;Pop Pulse Emporium;https://cdnbigbuy.com/images/4000885582215_S71022734_P00.jpg;https://cdnbigbuy.com/images/4000885582215_S71022734_P10.jpg;https://cdnbigbuy.com/images/4000885582215_R30.jpg;https://cdnbigbuy.com/images/4000885582215_I20.jpg;new;0.33;33.0;22.0;5.0
4899888817543;de-AT;Volleyball Aktive;Wenn Sie auf der Suche nach trendigen Neuheiten auf dem Markt sind, präsentieren wir Ihnen <b>Volleyball Aktive</b>!<br><br><ul><li>Art: Volleyball</li><li>Maße ca.: 22 x 22 x 22 cm</li><li>Stückzahl: 6 Stück</li><li>Farbe: <ul><li>Gelb</li><li>Blau</li><li>Weiß</li></ul></li><li>Material: Synthetisch</li><li>Geschlecht: Unisex</li><li>Ball-Größe: Größe 5</li><li>Sport: Volleyball</li></ul>;Wenn Sie auf der Suche nach trendigen Neuheiten auf dem Markt sind, präsentieren wir Ihnen <b>Volleyball Aktive</b>!<br><br><ul><li>Art: Volleyball</li><li>Maße ca.: 22 x 22 x 22 cm</li><li>Stückzahl: 6 Stück</li><li>Farbe: <ul><li>Gelb</li><li>Blau</li><li>Weiß</li></ul></li><li>Material: Synthetisch</li><li>Geschlecht: Unisex</li><li>Ball-Größe: Größe 5</li><li>Sport: Volleyball</li></ul>;Gardening & DIY;Pop Pulse Emporium;https://cdnbigbuy.com/images/s8907052_p0_icon0.jpg;https://cdnbigbuy.com/images/S8907052_P20.jpg;https://cdnbigbuy.com/images/S8907052_P30.jpg;https://cdnbigbuy.com/images/S8907052_P40.jpg;new;1.73;21.0;39.0;19.5
4899888817543;de-DE;Volleyball Aktive;Wenn Sie auf der Suche nach trendigen Neuheiten auf dem Markt sind, präsentieren wir Ihnen <b>Volleyball Aktive</b>!<br><br><ul><li>Art: Volleyball</li><li>Maße ca.: 22 x 22 x 22 cm</li><li>Stückzahl: 6 Stück</li><li>Farbe: <ul><li>Gelb</li><li>Blau</li><li>Weiß</li></ul></li><li>Material: Synthetisch</li><li>Geschlecht: Unisex</li><li>Ball-Größe: Größe 5</li><li>Sport: Volleyball</li></ul>;Wenn Sie auf der Suche nach trendigen Neuheiten auf dem Markt sind, präsentieren wir Ihnen <b>Volleyball Aktive</b>!<br><br><ul><li>Art: Volleyball</li><li>Maße ca.: 22 x 22 x 22 cm</li><li>Stückzahl: 6 Stück</li><li>Farbe: <ul><li>Gelb</li><li>Blau</li><li>Weiß</li></ul></li><li>Material: Synthetisch</li><li>Geschlecht: Unisex</li><li>Ball-Größe: Größe 5</li><li>Sport: Volleyball</li></ul>;Gardening & DIY;Pop Pulse Emporium;https://cdnbigbuy.com/images/s8907052_p0_icon0.jpg;https://cdnbigbuy.com/images/S8907052_P20.jpg;https://cdnbigbuy.com/images/S8907052_P30.jpg;https://cdnbigbuy.com/images/S8907052_P40.jpg;new;1.73;21.0;39.0;19.5
4899888817543;sk-SK;Volejbalová lopta Aktive;Ak hľadáte nové trendy na trhu, predstavujeme <b>Volejbalová lopta Aktive</b>!<br><br><ul><li>Typ: Volejbalová lopta</li><li>Približné rozmery: 22 x 22 x 22 cm</li><li>Kusov: 6 kusov</li><li>Farba: <ul><li>Žltá</li><li>Modrá</li><li>Biela</li></ul></li><li>Materiál: Syntetický/á</li><li>Pohlavie: Unisex</li><li>Veľkosť lopty: Veľkosť 5</li><li>Šport: Volejbal</li></ul>;Ak hľadáte nové trendy na trhu, predstavujeme <b>Volejbalová lopta Aktive</b>!<br><br><ul><li>Typ: Volejbalová lopta</li><li>Približné rozmery: 22 x 22 x 22 cm</li><li>Kusov: 6 kusov</li><li>Farba: <ul><li>Žltá</li><li>Modrá</li><li>Biela</li></ul></li><li>Materiál: Syntetický/á</li><li>Pohlavie: Unisex</li><li>Veľkosť lopty: Veľkosť 5</li><li>Šport: Volejbal</li></ul>;Gardening & DIY;Pop Pulse Emporium;https://cdnbigbuy.com/images/s8907052_p0_icon0.jpg;https://cdnbigbuy.com/images/S8907052_P20.jpg;https://cdnbigbuy.com/images/S8907052_P30.jpg;https://cdnbigbuy.com/images/S8907052_P40.jpg;new;1.73;21.0;39.0;19.5
4899888817543;pl-PL;Piłka do Siatkówki Aktive;Jeśli szukasz trendów na rynku, prezentujemy <b>Piłka do Siatkówki Aktive</b>!<br><br><ul><li>Rodzaj: Piłka do Siatkówki</li><li>Wymiary ok.: 22 x 22 x 22 cm</li><li>Sztuk: 6 Sztuk</li><li>Kolor: <ul><li>Żółty</li><li>Niebieski</li><li>Biały</li></ul></li><li>Materiał: Syntetyczny</li><li>Płeć: Unisex</li><li>Wielkość kuli: Rozmiar 5</li><li>Sport: Siatkówka</li></ul>;Jeśli szukasz trendów na rynku, prezentujemy <b>Piłka do Siatkówki Aktive</b>!<br><br><ul><li>Rodzaj: Piłka do Siatkówki</li><li>Wymiary ok.: 22 x 22 x 22 cm</li><li>Sztuk: 6 Sztuk</li><li>Kolor: <ul><li>Żółty</li><li>Niebieski</li><li>Biały</li></ul></li><li>Materiał: Syntetyczny</li><li>Płeć: Unisex</li><li>Wielkość kuli: Rozmiar 5</li><li>Sport: Siatkówka</li></ul>;Gardening & DIY;Pop Pulse Emporium;https://cdnbigbuy.com/images/s8907052_p0_icon0.jpg;https://cdnbigbuy.com/images/S8907052_P20.jpg;https://cdnbigbuy.com/images/S8907052_P30.jpg;https://cdnbigbuy.com/images/S8907052_P40.jpg;new;1.73;21.0;39.0;19.5
4899888817543;cs-CZ;Volejbalový míč Aktive;Pokud hledáte nejnovější trendy na trhu, máme tu čest vám představit <b>Volejbalový míč Aktive</b>!<br><br><ul><li>Typ: Volejbalový míč</li><li>Přibližné rozměry: 22 x 22 x 22 cm</li><li>Kusů: 6 kusů</li><li>Barva: <ul><li>Žlutý</li><li>Modrý</li><li>Bílý</li></ul></li><li>Materiál: Syntetický</li><li>Pohlaví: Unisex</li><li>Velikost míče: Velikost 5</li><li>Sport: Volejbal</li></ul>;Pokud hledáte nejnovější trendy na trhu, máme tu čest vám představit <b>Volejbalový míč Aktive</b>!<br><br><ul><li>Typ: Volejbalový míč</li><li>Přibližné rozměry: 22 x 22 x 22 cm</li><li>Kusů: 6 kusů</li><li>Barva: <ul><li>Žlutý</li><li>Modrý</li><li>Bílý</li></ul></li><li>Materiál: Syntetický</li><li>Pohlaví: Unisex</li><li>Velikost míče: Velikost 5</li><li>Sport: Volejbal</li></ul>;Gardening & DIY;Pop Pulse Emporium;https://cdnbigbuy.com/images/s8907052_p0_icon0.jpg;https://cdnbigbuy.com/images/S8907052_P20.jpg;https://cdnbigbuy.com/images/S8907052_P30.jpg;https://cdnbigbuy.com/images/S8907052_P40.jpg;new;1.73;21.0;39.0;19.5
4053423257274;de-AT;Elektropumpe BOSCH;Wenn Sie auf der Suche nach trendigen Neuheiten auf dem Markt sind, präsentieren wir Ihnen <b>Elektropumpe BOSCH</b>!;Wenn Sie auf der Suche nach trendigen Neuheiten auf dem Markt sind, präsentieren wir Ihnen <b>Elektropumpe BOSCH</b>!;Gardening & DIY;Pop Pulse Emporium;https://cdnbigbuy.com/images/4053423257274_S71020337_P00.jpg;;;;new;1.02;14.0;32.0;8.0
4053423257274;de-DE;Elektropumpe BOSCH;Wenn Sie auf der Suche nach trendigen Neuheiten auf dem Markt sind, präsentieren wir Ihnen <b>Elektropumpe BOSCH</b>!;Wenn Sie auf der Suche nach trendigen Neuheiten auf dem Markt sind, präsentieren wir Ihnen <b>Elektropumpe BOSCH</b>!;Gardening & DIY;Pop Pulse Emporium;https://cdnbigbuy.com/images/4053423257274_S71020337_P00.jpg;;;;new;1.02;14.0;32.0;8.0
4053423257274;sk-SK;Elektrická pumpička BOSCH;Ak hľadáte nové trendy na trhu, predstavujeme <b>Elektrická pumpička BOSCH</b>!;Ak hľadáte nové trendy na trhu, predstavujeme <b>Elektrická pumpička BOSCH</b>!;Gardening & DIY;Pop Pulse Emporium;https://cdnbigbuy.com/images/4053423257274_S71020337_P00.jpg;;;;new;1.02;14.0;32.0;8.0
4053423257274;pl-PL;Pompka Elektryczna BOSCH;Jeśli szukasz trendów na rynku, prezentujemy <b>Pompka Elektryczna BOSCH</b>!;Jeśli szukasz trendów na rynku, prezentujemy <b>Pompka Elektryczna BOSCH</b>!;Gardening & DIY;Pop Pulse Emporium;https://cdnbigbuy.com/images/4053423257274_S71020337_P00.jpg;;;;new;1.02;14.0;32.0;8.0
4053423257274;cs-CZ;Elektrická pumpička BOSCH;Pokud hledáte nejnovější trendy na trhu, máme tu čest vám představit <b>Elektrická pumpička BOSCH</b>!;Pokud hledáte nejnovější trendy na trhu, máme tu čest vám představit <b>Elektrická pumpička BOSCH</b>!;Gardening & DIY;Pop Pulse Emporium;https://cdnbigbuy.com/images/4053423257274_S71020337_P00.jpg;;;;new;1.02;14.0;32.0;8.0
8436603198134;de-AT;Schlägertasche Nox Nox At10 Team grün Grau;Bleiben Sie in Form und entdecken Sie die neuesten Innovationen der Branche, um mit den besten Voraussetzungen Sport zu betreiben! Kaufen Sie <b>Schlägertasche Nox Nox At10 Team grün Grau</b> zum besten Preis und genießen Sie ein gesundes Leben!<br><br><ul><li>Art: Schlägertasche</li><li>Geschlecht: Unisex</li><li>Empfohlenes Alter: Erwachsene</li><li>Größe: Einheitsgröße</li><li>Farbe: <ul><li>grün</li><li>Grau</li></ul></li><li>Sport: Paddel</li></ul>;Bleiben Sie in Form und entdecken Sie die neuesten Innovationen der Branche, um mit den besten Voraussetzungen Sport zu betreiben! Kaufen Sie <b>Schlägertasche Nox Nox At10 Team grün Grau</b> zum besten Preis und genießen Sie ein gesundes Leben!<br><br><ul><li>Art: Schlägertasche</li><li>Geschlecht: Unisex</li><li>Empfohlenes Alter: Erwachsene</li><li>Größe: Einheitsgröße</li><li>Farbe: <ul><li>grün</li><li>Grau</li></ul></li><li>Sport: Paddel</li></ul>;Gardening & DIY;Pop Pulse Emporium;https://cdnbigbuy.com/images/8436603198134_S64194180_P00.jpg;https://cdnbigbuy.com/images/8436603198134_S64194180_P30.jpg;https://cdnbigbuy.com/images/8436603198134_S64194180_P40.jpg;https://cdnbigbuy.com/images/8436603198134_S64194180_P60.jpg;new;0.48;30.1;48.0;32.4
8436603198134;de-DE;Schlägertasche Nox Nox At10 Team grün Grau;Bleiben Sie in Form und entdecken Sie die neuesten Innovationen der Branche, um mit den besten Voraussetzungen Sport zu betreiben! Kaufen Sie <b>Schlägertasche Nox Nox At10 Team grün Grau</b> zum besten Preis und genießen Sie ein gesundes Leben!<br><br><ul><li>Art: Schlägertasche</li><li>Geschlecht: Unisex</li><li>Empfohlenes Alter: Erwachsene</li><li>Größe: Einheitsgröße</li><li>Farbe: <ul><li>grün</li><li>Grau</li></ul></li><li>Sport: Paddel</li></ul>;Bleiben Sie in Form und entdecken Sie die neuesten Innovationen der Branche, um mit den besten Voraussetzungen Sport zu betreiben! Kaufen Sie <b>Schlägertasche Nox Nox At10 Team grün Grau</b> zum besten Preis und genießen Sie ein gesundes Leben!<br><br><ul><li>Art: Schlägertasche</li><li>Geschlecht: Unisex</li><li>Empfohlenes Alter: Erwachsene</li><li>Größe: Einheitsgröße</li><li>Farbe: <ul><li>grün</li><li>Grau</li></ul></li><li>Sport: Paddel</li></ul>;Gardening & DIY;Pop Pulse Emporium;https://cdnbigbuy.com/images/8436603198134_S64194180_P00.jpg;https://cdnbigbuy.com/images/8436603198134_S64194180_P30.jpg;https://cdnbigbuy.com/images/8436603198134_S64194180_P40.jpg;https://cdnbigbuy.com/images/8436603198134_S64194180_P60.jpg;new;0.48;30.1;48.0;32.4
8436603198134;sk-SK;Taška na rakety Nox Nox At10 Team zelená Sivá;Udržujte sa vo forme a objavte posledné novinky zo sveta športu s tými najväčšími zárukami! Nakúpte <b>Taška na rakety Nox Nox At10 Team zelená Sivá</b> za najlepšiu cenu a užívajte si zdravý život!<br><br><ul><li>Typ: Taška na rakety</li><li>Pohlavie: Unisex</li><li>Odporúčaný vek: Deti</li><li>Veľkosť: Jednotná veľkosť</li><li>Farba: <ul><li>zelená</li><li>Sivá</li></ul></li><li>Šport: Loptičky na padel</li></ul>;Udržujte sa vo forme a objavte posledné novinky zo sveta športu s tými najväčšími zárukami! Nakúpte <b>Taška na rakety Nox Nox At10 Team zelená Sivá</b> za najlepšiu cenu a užívajte si zdravý život!<br><br><ul><li>Typ: Taška na rakety</li><li>Pohlavie: Unisex</li><li>Odporúčaný vek: Deti</li><li>Veľkosť: Jednotná veľkosť</li><li>Farba: <ul><li>zelená</li><li>Sivá</li></ul></li><li>Šport: Loptičky na padel</li></ul>;Gardening & DIY;Pop Pulse Emporium;https://cdnbigbuy.com/images/8436603198134_S64194180_P00.jpg;https://cdnbigbuy.com/images/8436603198134_S64194180_P30.jpg;https://cdnbigbuy.com/images/8436603198134_S64194180_P40.jpg;https://cdnbigbuy.com/images/8436603198134_S64194180_P60.jpg;new;0.48;30.1;48.0;32.4
8436603198134;pl-PL;Torba na rakiety Nox Nox At10 Team Kolor Zielony Szary;Utrzymaj kondycję i odkryj wszystkie nowości związane z uprawianiem sportu z najkorzystniejszymi warunkami! Kupuj <b>Torba na rakiety Nox Nox At10 Team Kolor Zielony Szary</b> o najkorzystniejszej cenie i ciesz się zdrowym życiem!<br><br><ul><li>Rodzaj: Torba na rakiety</li><li>Płeć: Unisex</li><li>Zalecany Wiek: Dorosłych</li><li>Rozmiar: Jeden rozmiar</li><li>Kolor: <ul><li>Kolor Zielony</li><li>Szary</li></ul></li><li>Sport: Piłki do Padla</li></ul>;Utrzymaj kondycję i odkryj wszystkie nowości związane z uprawianiem sportu z najkorzystniejszymi warunkami! Kupuj <b>Torba na rakiety Nox Nox At10 Team Kolor Zielony Szary</b> o najkorzystniejszej cenie i ciesz się zdrowym życiem!<br><br><ul><li>Rodzaj: Torba na rakiety</li><li>Płeć: Unisex</li><li>Zalecany Wiek: Dorosłych</li><li>Rozmiar: Jeden rozmiar</li><li>Kolor: <ul><li>Kolor Zielony</li><li>Szary</li></ul></li><li>Sport: Piłki do Padla</li></ul>;Gardening & DIY;Pop Pulse Emporium;https://cdnbigbuy.com/images/8436603198134_S64194180_P00.jpg;https://cdnbigbuy.com/images/8436603198134_S64194180_P30.jpg;https://cdnbigbuy.com/images/8436603198134_S64194180_P40.jpg;https://cdnbigbuy.com/images/8436603198134_S64194180_P60.jpg;new;0.48;30.1;48.0;32.4
8436603198134;cs-CZ;Taška na rakety Nox Nox At10 Team Zelená Šedý;Zůstaňte ve formě a objevujte poslední novinky ze sportovního světa s největšími zárukami! Nakupte <b>Taška na rakety Nox Nox At10 Team Zelená Šedý</b> za nejlepší cenu a užívejte si života plného zdraví!<br><br><ul><li>Typ: Taška na rakety</li><li>Pohlaví: Unisex</li><li>Doporučený věk: Dospělé</li><li>Velikost: Jednotná velikost</li><li>Barva: <ul><li>Zelená</li><li>Šedý</li></ul></li><li>Sport: Padel</li></ul>;Zůstaňte ve formě a objevujte poslední novinky ze sportovního světa s největšími zárukami! Nakupte <b>Taška na rakety Nox Nox At10 Team Zelená Šedý</b> za nejlepší cenu a užívejte si života plného zdraví!<br><br><ul><li>Typ: Taška na rakety</li><li>Pohlaví: Unisex</li><li>Doporučený věk: Dospělé</li><li>Velikost: Jednotná velikost</li><li>Barva: <ul><li>Zelená</li><li>Šedý</li></ul></li><li>Sport: Padel</li></ul>;Gardening & DIY;Pop Pulse Emporium;https://cdnbigbuy.com/images/8436603198134_S64194180_P00.jpg;https://cdnbigbuy.com/images/8436603198134_S64194180_P30.jpg;https://cdnbigbuy.com/images/8436603198134_S64194180_P40.jpg;https://cdnbigbuy.com/images/8436603198134_S64194180_P60.jpg;new;0.48;30.1;48.0;32.4
8445484567915;de-AT;Sweatshirt mit Kapuze für Mädchen Real Madrid C.F. Blau;Bleiben Sie in Form und entdecken Sie die neuesten Innovationen der Branche, um mit den besten Voraussetzungen Sport zu betreiben! Kaufen Sie <b>Sweatshirt mit Kapuze für Mädchen Real Madrid C.F. Blau</b> zum besten Preis und genießen Sie ein gesundes Leben!<br><br><ul><li>Art: Kinder-Sweatshirt</li><li>Farbe: Blau</li><li>Größe: 6 Jahre</li><li>Merkmale: In der Maschine waschbar</li></ul>;Bleiben Sie in Form und entdecken Sie die neuesten Innovationen der Branche, um mit den besten Voraussetzungen Sport zu betreiben! Kaufen Sie <b>Sweatshirt mit Kapuze für Mädchen Real Madrid C.F. Blau</b> zum besten Preis und genießen Sie ein gesundes Leben!<br><br><ul><li>Art: Kinder-Sweatshirt</li><li>Farbe: Blau</li><li>Größe: 6 Jahre</li><li>Merkmale: In der Maschine waschbar</li></ul>;Gardening & DIY;Pop Pulse Emporium;https://cdnbigbuy.com/images/8445484567915_S0744448_P00.jpg;https://cdnbigbuy.com/images/8445484567915_S0744448_P50.jpg;https://cdnbigbuy.com/images/8445484567915_S0744448_P10.jpg;https://cdnbigbuy.com/images/8445484567915_S2460294_P00.jpg;new;0.3;2.0;40.5;50.5
8445484567915;de-DE;Sweatshirt mit Kapuze für Mädchen Real Madrid C.F. Blau;Bleiben Sie in Form und entdecken Sie die neuesten Innovationen der Branche, um mit den besten Voraussetzungen Sport zu betreiben! Kaufen Sie <b>Sweatshirt mit Kapuze für Mädchen Real Madrid C.F. Blau</b> zum besten Preis und genießen Sie ein gesundes Leben!<br><br><ul><li>Art: Kinder-Sweatshirt</li><li>Farbe: Blau</li><li>Größe: 6 Jahre</li><li>Merkmale: In der Maschine waschbar</li></ul>;Bleiben Sie in Form und entdecken Sie die neuesten Innovationen der Branche, um mit den besten Voraussetzungen Sport zu betreiben! Kaufen Sie <b>Sweatshirt mit Kapuze für Mädchen Real Madrid C.F. Blau</b> zum besten Preis und genießen Sie ein gesundes Leben!<br><br><ul><li>Art: Kinder-Sweatshirt</li><li>Farbe: Blau</li><li>Größe: 6 Jahre</li><li>Merkmale: In der Maschine waschbar</li></ul>;Gardening & DIY;Pop Pulse Emporium;https://cdnbigbuy.com/images/8445484567915_S0744448_P00.jpg;https://cdnbigbuy.com/images/8445484567915_S0744448_P50.jpg;https://cdnbigbuy.com/images/8445484567915_S0744448_P10.jpg;https://cdnbigbuy.com/images/8445484567915_S2460294_P00.jpg;new;0.3;2.0;40.5;50.5
8445484567915;sk-SK;Dievčenská mikina s kapucňou Real Madrid C.F. Modrá;Udržujte sa vo forme a objavte posledné novinky zo sveta športu s tými najväčšími zárukami! Nakúpte <b>Dievčenská mikina s kapucňou Real Madrid C.F. Modrá</b> za najlepšiu cenu a užívajte si zdravý život!<br><br><ul><li>Typ: Detská mikina</li><li>Farba: Modrá</li><li>Veľkosť: 6 rokov</li><li>Vlastnosti: Možno prať v práčke</li></ul>;Udržujte sa vo forme a objavte posledné novinky zo sveta športu s tými najväčšími zárukami! Nakúpte <b>Dievčenská mikina s kapucňou Real Madrid C.F. Modrá</b> za najlepšiu cenu a užívajte si zdravý život!<br><br><ul><li>Typ: Detská mikina</li><li>Farba: Modrá</li><li>Veľkosť: 6 rokov</li><li>Vlastnosti: Možno prať v práčke</li></ul>;Gardening & DIY;Pop Pulse Emporium;https://cdnbigbuy.com/images/8445484567915_S0744448_P00.jpg;https://cdnbigbuy.com/images/8445484567915_S0744448_P50.jpg;https://cdnbigbuy.com/images/8445484567915_S0744448_P10.jpg;https://cdnbigbuy.com/images/8445484567915_S2460294_P00.jpg;new;0.3;2.0;40.5;50.5
8445484567915;pl-PL;Bluza z Kapturem dla Dziewczynki Real Madrid C.F. Niebieski;Utrzymaj kondycję i odkryj wszystkie nowości związane z uprawianiem sportu z najkorzystniejszymi warunkami! Kupuj <b>Bluza z Kapturem dla Dziewczynki Real Madrid C.F. Niebieski</b> o najkorzystniejszej cenie i ciesz się zdrowym życiem!<br><br><ul><li>Rodzaj: Bluza dziecięca</li><li>Kolor: Niebieski</li><li>Rozmiar: 6 lat</li><li>Właściwości: Można prać w pralce</li></ul>;Utrzymaj kondycję i odkryj wszystkie nowości związane z uprawianiem sportu z najkorzystniejszymi warunkami! Kupuj <b>Bluza z Kapturem dla Dziewczynki Real Madrid C.F. Niebieski</b> o najkorzystniejszej cenie i ciesz się zdrowym życiem!<br><br><ul><li>Rodzaj: Bluza dziecięca</li><li>Kolor: Niebieski</li><li>Rozmiar: 6 lat</li><li>Właściwości: Można prać w pralce</li></ul>;Gardening & DIY;Pop Pulse Emporium;https://cdnbigbuy.com/images/8445484567915_S0744448_P00.jpg;https://cdnbigbuy.com/images/8445484567915_S0744448_P50.jpg;https://cdnbigbuy.com/images/8445484567915_S0744448_P10.jpg;https://cdnbigbuy.com/images/8445484567915_S2460294_P00.jpg;new;0.3;2.0;40.5;50.5
8445484567915;cs-CZ;Dívčí mikina s kapucí Real Madrid C.F. Modrý;Zůstaňte ve formě a objevujte poslední novinky ze sportovního světa s největšími zárukami! Nakupte <b>Dívčí mikina s kapucí Real Madrid C.F. Modrý</b> za nejlepší cenu a užívejte si života plného zdraví!<br><br><ul><li>Typ: Dětská mikina</li><li>Barva: Modrý</li><li>Velikost: 6 roků</li><li>Vlastnosti: Pratelný v pračce</li></ul>;Zůstaňte ve formě a objevujte poslední novinky ze sportovního světa s největšími zárukami! Nakupte <b>Dívčí mikina s kapucí Real Madrid C.F. Modrý</b> za nejlepší cenu a užívejte si života plného zdraví!<br><br><ul><li>Typ: Dětská mikina</li><li>Barva: Modrý</li><li>Velikost: 6 roků</li><li>Vlastnosti: Pratelný v pračce</li></ul>;Gardening & DIY;Pop Pulse Emporium;https://cdnbigbuy.com/images/8445484567915_S0744448_P00.jpg;https://cdnbigbuy.com/images/8445484567915_S0744448_P50.jpg;https://cdnbigbuy.com/images/8445484567915_S0744448_P10.jpg;https://cdnbigbuy.com/images/8445484567915_S2460294_P00.jpg;new;0.3;2.0;40.5;50.5
8445402691883;de-AT;Paddelschläger Bullpadel Vertex 04 Hybrid 2025 Titan;Wenn Sie auf der Suche nach trendigen Neuheiten auf dem Markt sind, präsentieren wir Ihnen <b>Paddelschläger Bullpadel Vertex 04 Hybrid 2025 Titan</b>!<br><br><ul><li>Art: Paddelschläger</li><li>Dicke: 38 mm</li><li>Material: Titan</li><li>Empfohlenes Alter: Erwachsene</li><li>Ebenen: Fortgeschritten</li></ul>;Wenn Sie auf der Suche nach trendigen Neuheiten auf dem Markt sind, präsentieren wir Ihnen <b>Paddelschläger Bullpadel Vertex 04 Hybrid 2025 Titan</b>!<br><br><ul><li>Art: Paddelschläger</li><li>Dicke: 38 mm</li><li>Material: Titan</li><li>Empfohlenes Alter: Erwachsene</li><li>Ebenen: Fortgeschritten</li></ul>;Gardening & DIY;Pop Pulse Emporium;https://cdnbigbuy.com/images/8445402691883_S9919401_P00.jpg;https://cdnbigbuy.com/images/8445402691883_R50.jpg;https://cdnbigbuy.com/images/8445402691883_R10.jpg;https://cdnbigbuy.com/images/8445402691883_R60.jpg;new;0.6;10.0;35.0;51.0
8445402691883;de-DE;Paddelschläger Bullpadel Vertex 04 Hybrid 2025 Titan;Wenn Sie auf der Suche nach trendigen Neuheiten auf dem Markt sind, präsentieren wir Ihnen <b>Paddelschläger Bullpadel Vertex 04 Hybrid 2025 Titan</b>!<br><br><ul><li>Art: Paddelschläger</li><li>Dicke: 38 mm</li><li>Material: Titan</li><li>Empfohlenes Alter: Erwachsene</li><li>Ebenen: Fortgeschritten</li></ul>;Wenn Sie auf der Suche nach trendigen Neuheiten auf dem Markt sind, präsentieren wir Ihnen <b>Paddelschläger Bullpadel Vertex 04 Hybrid 2025 Titan</b>!<br><br><ul><li>Art: Paddelschläger</li><li>Dicke: 38 mm</li><li>Material: Titan</li><li>Empfohlenes Alter: Erwachsene</li><li>Ebenen: Fortgeschritten</li></ul>;Gardening & DIY;Pop Pulse Emporium;https://cdnbigbuy.com/images/8445402691883_S9919401_P00.jpg;https://cdnbigbuy.com/images/8445402691883_R50.jpg;https://cdnbigbuy.com/images/8445402691883_R10.jpg;https://cdnbigbuy.com/images/8445402691883_R60.jpg;new;0.6;10.0;35.0;51.0
8445402691883;sk-SK;Raketa na padel Bullpadel Vertex 04 Hybrid 2025 Titan;Ak hľadáte nové trendy na trhu, predstavujeme <b>Raketa na padel Bullpadel Vertex 04 Hybrid 2025 Titan</b>!<br><br><ul><li>Typ: Raketa na padel</li><li>Hrúbka: 38 mm</li><li>Materiál: Titan</li><li>Odporúčaný vek: Deti</li><li>úrovne: Pokročilý</li></ul>;Ak hľadáte nové trendy na trhu, predstavujeme <b>Raketa na padel Bullpadel Vertex 04 Hybrid 2025 Titan</b>!<br><br><ul><li>Typ: Raketa na padel</li><li>Hrúbka: 38 mm</li><li>Materiál: Titan</li><li>Odporúčaný vek: Deti</li><li>úrovne: Pokročilý</li></ul>;Gardening & DIY;Pop Pulse Emporium;https://cdnbigbuy.com/images/8445402691883_S9919401_P00.jpg;https://cdnbigbuy.com/images/8445402691883_R50.jpg;https://cdnbigbuy.com/images/8445402691883_R10.jpg;https://cdnbigbuy.com/images/8445402691883_R60.jpg;new;0.6;10.0;35.0;51.0
8445402691883;pl-PL;Rakieta do Padla Bullpadel Vertex 04 Hybrid 2025 Tytan;Jeśli szukasz trendów na rynku, prezentujemy <b>Rakieta do Padla Bullpadel Vertex 04 Hybrid 2025 Tytan</b>!<br><br><ul><li>Rodzaj: Rakieta do Padla</li><li>Grubość: 38 mm</li><li>Materiał: Tytan</li><li>Zalecany Wiek: Dorosłych</li><li>Poziomy: Zaawansowany</li></ul>;Jeśli szukasz trendów na rynku, prezentujemy <b>Rakieta do Padla Bullpadel Vertex 04 Hybrid 2025 Tytan</b>!<br><br><ul><li>Rodzaj: Rakieta do Padla</li><li>Grubość: 38 mm</li><li>Materiał: Tytan</li><li>Zalecany Wiek: Dorosłych</li><li>Poziomy: Zaawansowany</li></ul>;Gardening & DIY;Pop Pulse Emporium;https://cdnbigbuy.com/images/8445402691883_S9919401_P00.jpg;https://cdnbigbuy.com/images/8445402691883_R50.jpg;https://cdnbigbuy.com/images/8445402691883_R10.jpg;https://cdnbigbuy.com/images/8445402691883_R60.jpg;new;0.6;10.0;35.0;51.0
8445402691883;cs-CZ;Raketa Padel Bullpadel Vertex 04 Hybrid 2025 Titan;Pokud hledáte nejnovější trendy na trhu, máme tu čest vám představit <b>Raketa Padel Bullpadel Vertex 04 Hybrid 2025 Titan</b>!<br><br><ul><li>Typ: Raketa Padel</li><li>Tloušťka: 38 mm</li><li>Materiál: Titan</li><li>Doporučený věk: Dospělé</li><li>úrovně: Pokročilý</li></ul>;Pokud hledáte nejnovější trendy na trhu, máme tu čest vám představit <b>Raketa Padel Bullpadel Vertex 04 Hybrid 2025 Titan</b>!<br><br><ul><li>Typ: Raketa Padel</li><li>Tloušťka: 38 mm</li><li>Materiál: Titan</li><li>Doporučený věk: Dospělé</li><li>úrovně: Pokročilý</li></ul>;Gardening & DIY;Pop Pulse Emporium;https://cdnbigbuy.com/images/8445402691883_S9919401_P00.jpg;https://cdnbigbuy.com/images/8445402691883_R50.jpg;https://cdnbigbuy.com/images/8445402691883_R10.jpg;https://cdnbigbuy.com/images/8445402691883_R60.jpg;new;0.6;10.0;35.0;51.0
8445402691975;de-AT;Paddelschläger Bullpadel Neuron Cloud 2025;Wenn Sie auf der Suche nach trendigen Neuheiten auf dem Markt sind, präsentieren wir Ihnen <b>Paddelschläger Bullpadel Neuron Cloud 2025</b>!<br><br><ul><li>Art: Paddelschläger</li><li>Dicke: 38 mm</li><li>Empfohlenes Alter: Erwachsene</li></ul>;Wenn Sie auf der Suche nach trendigen Neuheiten auf dem Markt sind, präsentieren wir Ihnen <b>Paddelschläger Bullpadel Neuron Cloud 2025</b>!<br><br><ul><li>Art: Paddelschläger</li><li>Dicke: 38 mm</li><li>Empfohlenes Alter: Erwachsene</li></ul>;Gardening & DIY;Pop Pulse Emporium;https://cdnbigbuy.com/images/8445402691975_S9919397_P00.jpg;https://cdnbigbuy.com/images/8445402691975_R30.jpg;https://cdnbigbuy.com/images/8445402691975_R40.jpg;https://cdnbigbuy.com/images/8445402691975_R00.jpg;new;0.6;10.0;35.0;51.0
8445402691975;de-DE;Paddelschläger Bullpadel Neuron Cloud 2025;Wenn Sie auf der Suche nach trendigen Neuheiten auf dem Markt sind, präsentieren wir Ihnen <b>Paddelschläger Bullpadel Neuron Cloud 2025</b>!<br><br><ul><li>Art: Paddelschläger</li><li>Dicke: 38 mm</li><li>Empfohlenes Alter: Erwachsene</li></ul>;Wenn Sie auf der Suche nach trendigen Neuheiten auf dem Markt sind, präsentieren wir Ihnen <b>Paddelschläger Bullpadel Neuron Cloud 2025</b>!<br><br><ul><li>Art: Paddelschläger</li><li>Dicke: 38 mm</li><li>Empfohlenes Alter: Erwachsene</li></ul>;Gardening & DIY;Pop Pulse Emporium;https://cdnbigbuy.com/images/8445402691975_S9919397_P00.jpg;https://cdnbigbuy.com/images/8445402691975_R30.jpg;https://cdnbigbuy.com/images/8445402691975_R40.jpg;https://cdnbigbuy.com/images/8445402691975_R00.jpg;new;0.6;10.0;35.0;51.0
8445402691975;sk-SK;Raketa na padel Bullpadel Neuron Cloud 2025;Ak hľadáte nové trendy na trhu, predstavujeme <b>Raketa na padel Bullpadel Neuron Cloud 2025</b>!<br><br><ul><li>Typ: Raketa na padel</li><li>Hrúbka: 38 mm</li><li>Odporúčaný vek: Deti</li></ul>;Ak hľadáte nové trendy na trhu, predstavujeme <b>Raketa na padel Bullpadel Neuron Cloud 2025</b>!<br><br><ul><li>Typ: Raketa na padel</li><li>Hrúbka: 38 mm</li><li>Odporúčaný vek: Deti</li></ul>;Gardening & DIY;Pop Pulse Emporium;https://cdnbigbuy.com/images/8445402691975_S9919397_P00.jpg;https://cdnbigbuy.com/images/8445402691975_R30.jpg;https://cdnbigbuy.com/images/8445402691975_R40.jpg;https://cdnbigbuy.com/images/8445402691975_R00.jpg;new;0.6;10.0;35.0;51.0
8445402691975;pl-PL;Rakieta do Padla Bullpadel Neuron Cloud 2025;Jeśli szukasz trendów na rynku, prezentujemy <b>Rakieta do Padla Bullpadel Neuron Cloud 2025</b>!<br><br><ul><li>Rodzaj: Rakieta do Padla</li><li>Grubość: 38 mm</li><li>Zalecany Wiek: Dorosłych</li></ul>;Jeśli szukasz trendów na rynku, prezentujemy <b>Rakieta do Padla Bullpadel Neuron Cloud 2025</b>!<br><br><ul><li>Rodzaj: Rakieta do Padla</li><li>Grubość: 38 mm</li><li>Zalecany Wiek: Dorosłych</li></ul>;Gardening & DIY;Pop Pulse Emporium;https://cdnbigbuy.com/images/8445402691975_S9919397_P00.jpg;https://cdnbigbuy.com/images/8445402691975_R30.jpg;https://cdnbigbuy.com/images/8445402691975_R40.jpg;https://cdnbigbuy.com/images/8445402691975_R00.jpg;new;0.6;10.0;35.0;51.0
8445402691975;cs-CZ;Raketa Padel Bullpadel Neuron Cloud 2025;Pokud hledáte nejnovější trendy na trhu, máme tu čest vám představit <b>Raketa Padel Bullpadel Neuron Cloud 2025</b>!<br><br><ul><li>Typ: Raketa Padel</li><li>Tloušťka: 38 mm</li><li>Doporučený věk: Dospělé</li></ul>;Pokud hledáte nejnovější trendy na trhu, máme tu čest vám představit <b>Raketa Padel Bullpadel Neuron Cloud 2025</b>!<br><br><ul><li>Typ: Raketa Padel</li><li>Tloušťka: 38 mm</li><li>Doporučený věk: Dospělé</li></ul>;Gardening & DIY;Pop Pulse Emporium;https://cdnbigbuy.com/images/8445402691975_S9919397_P00.jpg;https://cdnbigbuy.com/images/8445402691975_R30.jpg;https://cdnbigbuy.com/images/8445402691975_R40.jpg;https://cdnbigbuy.com/images/8445402691975_R00.jpg;new;0.6;10.0;35.0;51.0
8033280490140;de-AT;Sportjackefür Herren Sparco;Bleiben Sie in Form und entdecken Sie die neuesten Innovationen der Branche, um mit den besten Voraussetzungen Sport zu betreiben! Kaufen Sie <b>Sportjackefür Herren Sparco</b> zum besten Preis und genießen Sie ein gesundes Leben!<br><br><ul><li>Art: Sportjacke</li><li>Merkmale: In der Maschine waschbar</li></ul>;Bleiben Sie in Form und entdecken Sie die neuesten Innovationen der Branche, um mit den besten Voraussetzungen Sport zu betreiben! Kaufen Sie <b>Sportjackefür Herren Sparco</b> zum besten Preis und genießen Sie ein gesundes Leben!<br><br><ul><li>Art: Sportjacke</li><li>Merkmale: In der Maschine waschbar</li></ul>;Gardening & DIY;Pop Pulse Emporium;https://cdnbigbuy.com/images/8033280490140_R00.jpg;;;;new;0.9;7.1;30.6;29.0
8033280490140;de-DE;Sportjackefür Herren Sparco;Bleiben Sie in Form und entdecken Sie die neuesten Innovationen der Branche, um mit den besten Voraussetzungen Sport zu betreiben! Kaufen Sie <b>Sportjackefür Herren Sparco</b> zum besten Preis und genießen Sie ein gesundes Leben!<br><br><ul><li>Art: Sportjacke</li><li>Merkmale: In der Maschine waschbar</li></ul>;Bleiben Sie in Form und entdecken Sie die neuesten Innovationen der Branche, um mit den besten Voraussetzungen Sport zu betreiben! Kaufen Sie <b>Sportjackefür Herren Sparco</b> zum besten Preis und genießen Sie ein gesundes Leben!<br><br><ul><li>Art: Sportjacke</li><li>Merkmale: In der Maschine waschbar</li></ul>;Gardening & DIY;Pop Pulse Emporium;https://cdnbigbuy.com/images/8033280490140_R00.jpg;;;;new;0.9;7.1;30.6;29.0
8033280490140;sk-SK;Pánska športová bunda Sparco;Udržujte sa vo forme a objavte posledné novinky zo sveta športu s tými najväčšími zárukami! Nakúpte <b>Pánska športová bunda Sparco</b> za najlepšiu cenu a užívajte si zdravý život!<br><br><ul><li>Typ: Športová bunda</li><li>Vlastnosti: Možno prať v práčke</li></ul>;Udržujte sa vo forme a objavte posledné novinky zo sveta športu s tými najväčšími zárukami! Nakúpte <b>Pánska športová bunda Sparco</b> za najlepšiu cenu a užívajte si zdravý život!<br><br><ul><li>Typ: Športová bunda</li><li>Vlastnosti: Možno prať v práčke</li></ul>;Gardening & DIY;Pop Pulse Emporium;https://cdnbigbuy.com/images/8033280490140_R00.jpg;;;;new;0.9;7.1;30.6;29.0
8033280490140;pl-PL;Męska kurtka sportowa Sparco;Utrzymaj kondycję i odkryj wszystkie nowości związane z uprawianiem sportu z najkorzystniejszymi warunkami! Kupuj <b>Męska kurtka sportowa Sparco</b> o najkorzystniejszej cenie i ciesz się zdrowym życiem!<br><br><ul><li>Rodzaj: Kurtka sportowa</li><li>Właściwości: Można prać w pralce</li></ul>;Utrzymaj kondycję i odkryj wszystkie nowości związane z uprawianiem sportu z najkorzystniejszymi warunkami! Kupuj <b>Męska kurtka sportowa Sparco</b> o najkorzystniejszej cenie i ciesz się zdrowym życiem!<br><br><ul><li>Rodzaj: Kurtka sportowa</li><li>Właściwości: Można prać w pralce</li></ul>;Gardening & DIY;Pop Pulse Emporium;https://cdnbigbuy.com/images/8033280490140_R00.jpg;;;;new;0.9;7.1;30.6;29.0
8033280490140;cs-CZ;Pánská sportovní bunda Sparco;Zůstaňte ve formě a objevujte poslední novinky ze sportovního světa s největšími zárukami! Nakupte <b>Pánská sportovní bunda Sparco</b> za nejlepší cenu a užívejte si života plného zdraví!<br><br><ul><li>Typ: Sportovní bunda</li><li>Vlastnosti: Pratelný v pračce</li></ul>;Zůstaňte ve formě a objevujte poslední novinky ze sportovního světa s největšími zárukami! Nakupte <b>Pánská sportovní bunda Sparco</b> za nejlepší cenu a užívejte si života plného zdraví!<br><br><ul><li>Typ: Sportovní bunda</li><li>Vlastnosti: Pratelný v pračce</li></ul>;Gardening & DIY;Pop Pulse Emporium;https://cdnbigbuy.com/images/8033280490140_R00.jpg;;;;new;0.9;7.1;30.6;29.0
0887791196767;de-AT;Widerstandsfähiges Gummiband Nike Fitness Schwarz Leichtgewicht;Bleiben Sie in Form und entdecken Sie die neuesten Innovationen der Branche, um mit den besten Voraussetzungen Sport zu betreiben! Kaufen Sie <b>Widerstandsfähiges Gummiband Nike Fitness Schwarz Leichtgewicht</b> zum besten Preis und genießen Sie ein gesundes Leben!<br><br><ul><li>Art: Bands</li><li>Sport: Fitness</li><li>Widerstände: Leichtgewicht</li><li>Farbe: Schwarz</li><li>Geschlecht: Unisex</li><li>Empfohlenes Alter: Erwachsene</li><li>Größe: Einheitsgröße</li><li>Material: Kunststoff</li></ul>;Bleiben Sie in Form und entdecken Sie die neuesten Innovationen der Branche, um mit den besten Voraussetzungen Sport zu betreiben! Kaufen Sie <b>Widerstandsfähiges Gummiband Nike Fitness Schwarz Leichtgewicht</b> zum besten Preis und genießen Sie ein gesundes Leben!<br><br><ul><li>Art: Bands</li><li>Sport: Fitness</li><li>Widerstände: Leichtgewicht</li><li>Farbe: Schwarz</li><li>Geschlecht: Unisex</li><li>Empfohlenes Alter: Erwachsene</li><li>Größe: Einheitsgröße</li><li>Material: Kunststoff</li;Gardening & DIY;Pop Pulse Emporium;https://cdnbigbuy.com/images/0887791196767_S64149700_P00.jpg;;;;new;0.43;67.1;10.4;14.8
0887791196767;de-DE;Widerstandsfähiges Gummiband Nike Fitness Schwarz Leichtgewicht;Bleiben Sie in Form und entdecken Sie die neuesten Innovationen der Branche, um mit den besten Voraussetzungen Sport zu betreiben! Kaufen Sie <b>Widerstandsfähiges Gummiband Nike Fitness Schwarz Leichtgewicht</b> zum besten Preis und genießen Sie ein gesundes Leben!<br><br><ul><li>Art: Bands</li><li>Sport: Fitness</li><li>Widerstände: Leichtgewicht</li><li>Farbe: Schwarz</li><li>Geschlecht: Unisex</li><li>Empfohlenes Alter: Erwachsene</li><li>Größe: Einheitsgröße</li><li>Material: Kunststoff</li></ul>;Bleiben Sie in Form und entdecken Sie die neuesten Innovationen der Branche, um mit den besten Voraussetzungen Sport zu betreiben! Kaufen Sie <b>Widerstandsfähiges Gummiband Nike Fitness Schwarz Leichtgewicht</b> zum besten Preis und genießen Sie ein gesundes Leben!<br><br><ul><li>Art: Bands</li><li>Sport: Fitness</li><li>Widerstände: Leichtgewicht</li><li>Farbe: Schwarz</li><li>Geschlecht: Unisex</li><li>Empfohlenes Alter: Erwachsene</li><li>Größe: Einheitsgröße</li><li>Material: Kunststoff</li;Gardening & DIY;Pop Pulse Emporium;https://cdnbigbuy.com/images/0887791196767_S64149700_P00.jpg;;;;new;0.43;67.1;10.4;14.8
0887791196767;sk-SK;Elastické odolné pásy Nike Fitness Čierna Ľahký;Udržujte sa vo forme a objavte posledné novinky zo sveta športu s tými najväčšími zárukami! Nakúpte <b>Elastické odolné pásy Nike Fitness Čierna Ľahký</b> za najlepšiu cenu a užívajte si zdravý život!<br><br><ul><li>Typ: Pásy</li><li>Šport: Fitness</li><li>Odpory: Ľahký</li><li>Farba: Čierna</li><li>Pohlavie: Unisex</li><li>Odporúčaný vek: Deti</li><li>Veľkosť: Jednotná veľkosť</li><li>Materiál: Plastické</li></ul>;Udržujte sa vo forme a objavte posledné novinky zo sveta športu s tými najväčšími zárukami! Nakúpte <b>Elastické odolné pásy Nike Fitness Čierna Ľahký</b> za najlepšiu cenu a užívajte si zdravý život!<br><br><ul><li>Typ: Pásy</li><li>Šport: Fitness</li><li>Odpory: Ľahký</li><li>Farba: Čierna</li><li>Pohlavie: Unisex</li><li>Odporúčaný vek: Deti</li><li>Veľkosť: Jednotná veľkosť</li><li>Materiál: Plastické</li></ul>;Gardening & DIY;Pop Pulse Emporium;https://cdnbigbuy.com/images/0887791196767_S64149700_P00.jpg;;;;new;0.43;67.1;10.4;14.8
0887791196767;pl-PL;Elastyczne gumy oporowe Nike Fitness Czarny Lekki;Utrzymaj kondycję i odkryj wszystkie nowości związane z uprawianiem sportu z najkorzystniejszymi warunkami! Kupuj <b>Elastyczne gumy oporowe Nike Fitness Czarny Lekki</b> o najkorzystniejszej cenie i ciesz się zdrowym życiem!<br><br><ul><li>Rodzaj: Taśmy</li><li>Sport: Fitness</li><li>Oporniki: Lekki</li><li>Kolor: Czarny</li><li>Płeć: Unisex</li><li>Zalecany Wiek: Dorosłych</li><li>Rozmiar: Jeden rozmiar</li><li>Materiał: Plastikowy</li></ul>;Utrzymaj kondycję i odkryj wszystkie nowości związane z uprawianiem sportu z najkorzystniejszymi warunkami! Kupuj <b>Elastyczne gumy oporowe Nike Fitness Czarny Lekki</b> o najkorzystniejszej cenie i ciesz się zdrowym życiem!<br><br><ul><li>Rodzaj: Taśmy</li><li>Sport: Fitness</li><li>Oporniki: Lekki</li><li>Kolor: Czarny</li><li>Płeć: Unisex</li><li>Zalecany Wiek: Dorosłych</li><li>Rozmiar: Jeden rozmiar</li><li>Materiał: Plastikowy</li></ul>;Gardening & DIY;Pop Pulse Emporium;https://cdnbigbuy.com/images/0887791196767_S64149700_P00.jpg;;;;new;0.43;67.1;10.4;14.8
0887791196767;cs-CZ;Elastické odporové pásky Nike Fitness Černý Lehká;Zůstaňte ve formě a objevujte poslední novinky ze sportovního světa s největšími zárukami! Nakupte <b>Elastické odporové pásky Nike Fitness Černý Lehká</b> za nejlepší cenu a užívejte si života plného zdraví!<br><br><ul><li>Typ: Pásy</li><li>Sport: Fitness</li><li>Rezistory: Lehká</li><li>Barva: Černý</li><li>Pohlaví: Unisex</li><li>Doporučený věk: Dospělé</li><li>Velikost: Jednotná velikost</li><li>Materiál: Plastické</li></ul>;Zůstaňte ve formě a objevujte poslední novinky ze sportovního světa s největšími zárukami! Nakupte <b>Elastické odporové pásky Nike Fitness Černý Lehká</b> za nejlepší cenu a užívejte si života plného zdraví!<br><br><ul><li>Typ: Pásy</li><li>Sport: Fitness</li><li>Rezistory: Lehká</li><li>Barva: Černý</li><li>Pohlaví: Unisex</li><li>Doporučený věk: Dospělé</li><li>Velikost: Jednotná velikost</li><li>Materiál: Plastické</li></ul>;Gardening & DIY;Pop Pulse Emporium;https://cdnbigbuy.com/images/0887791196767_S64149700_P00.jpg;;;;new;0.43;67.1;10.4;14.8
4899888815440;de-AT;Wasserflasche Bewinner 800 ml 8 x 28,3 cm (12 Stück);Wenn Sie auf der Suche nach trendigen Neuheiten auf dem Markt sind, präsentieren wir Ihnen <b>Wasserflasche Bewinner 800 ml 8 x 28,3 cm (12 Stück)</b>!<br><br><ul><li>Art: Wasserflasche</li><li>Stückzahl: 12 Stück</li><li>Kapazität: 800 ml</li><li>Maße ca.: 8 x 28,3 cm</li></ul><br><br>Wichtige informationen: Verschiedene Designs. Versand nach Zufallsprinzip und vom Bestand abhängig.;Wenn Sie auf der Suche nach trendigen Neuheiten auf dem Markt sind, präsentieren wir Ihnen <b>Wasserflasche Bewinner 800 ml 8 x 28,3 cm (12 Stück)</b>!<br><br><ul><li>Art: Wasserflasche</li><li>Stückzahl: 12 Stück</li><li>Kapazität: 800 ml</li><li>Maße ca.: 8 x 28,3 cm</li></ul><br><br>Wichtige informationen: Verschiedene Designs. Versand nach Zufallsprinzip und vom Bestand abhängig.;Gardening & DIY;Pop Pulse Emporium;https://cdnbigbuy.com/images/s2240436_p2_icon1.jpg;https://cdnbigbuy.com/images/S2240436_P21.jpg;https://cdnbigbuy.com/images/S2240436_P01.jpg;https://cdnbigbuy.com/images/S2240436_P11.jpg;new;2.71;34.7;26.3;27.8
4899888815440;de-DE;Wasserflasche Bewinner 800 ml 8 x 28,3 cm (12 Stück);Wenn Sie auf der Suche nach trendigen Neuheiten auf dem Markt sind, präsentieren wir Ihnen <b>Wasserflasche Bewinner 800 ml 8 x 28,3 cm (12 Stück)</b>!<br><br><ul><li>Art: Wasserflasche</li><li>Stückzahl: 12 Stück</li><li>Kapazität: 800 ml</li><li>Maße ca.: 8 x 28,3 cm</li></ul><br><br>Wichtige informationen: Verschiedene Designs. Versand nach Zufallsprinzip und vom Bestand abhängig.;Wenn Sie auf der Suche nach trendigen Neuheiten auf dem Markt sind, präsentieren wir Ihnen <b>Wasserflasche Bewinner 800 ml 8 x 28,3 cm (12 Stück)</b>!<br><br><ul><li>Art: Wasserflasche</li><li>Stückzahl: 12 Stück</li><li>Kapazität: 800 ml</li><li>Maße ca.: 8 x 28,3 cm</li></ul><br><br>Wichtige informationen: Verschiedene Designs. Versand nach Zufallsprinzip und vom Bestand abhängig.;Gardening & DIY;Pop Pulse Emporium;https://cdnbigbuy.com/images/s2240436_p2_icon1.jpg;https://cdnbigbuy.com/images/S2240436_P21.jpg;https://cdnbigbuy.com/images/S2240436_P01.jpg;https://cdnbigbuy.com/images/S2240436_P11.jpg;new;2.71;34.7;26.3;27.8
4899888815440;sk-SK;fľaša na vodu Bewinner 800 ml 8 x 28,3 cm (12 kusov);Ak hľadáte nové trendy na trhu, predstavujeme <b>fľaša na vodu Bewinner 800 ml 8 x 28,3 cm (12 kusov)</b>!<br><br><ul><li>Typ: fľaša na vodu</li><li>Kusov: 12 kusov</li><li>Kapacita: 800 ml</li><li>Približné rozmery: 8 x 28,3 cm</li></ul><br><br>Dôležité informácie: Z viac designov vyberáme náhodne podľa skladovej dostupnosti.;Ak hľadáte nové trendy na trhu, predstavujeme <b>fľaša na vodu Bewinner 800 ml 8 x 28,3 cm (12 kusov)</b>!<br><br><ul><li>Typ: fľaša na vodu</li><li>Kusov: 12 kusov</li><li>Kapacita: 800 ml</li><li>Približné rozmery: 8 x 28,3 cm</li></ul><br><br>Dôležité informácie: Z viac designov vyberáme náhodne podľa skladovej dostupnosti.;Gardening & DIY;Pop Pulse Emporium;https://cdnbigbuy.com/images/s2240436_p2_icon1.jpg;https://cdnbigbuy.com/images/S2240436_P21.jpg;https://cdnbigbuy.com/images/S2240436_P01.jpg;https://cdnbigbuy.com/images/S2240436_P11.jpg;new;2.71;34.7;26.3;27.8
4899888815440;pl-PL;Butelka wody Bewinner 800 ml 8 x 28,3 cm (12 Sztuk);Jeśli szukasz trendów na rynku, prezentujemy <b>Butelka wody Bewinner 800 ml 8 x 28,3 cm (12 Sztuk)</b>!<br><br><ul><li>Rodzaj: Butelka wody</li><li>Sztuk: 12 Sztuk</li><li>Wydajność: 800 ml</li><li>Wymiary ok.: 8 x 28,3 cm</li></ul><br><br>Ważne informacje: Różne wzory wysyłane losowo zgodnie ze stanem magazynu.;Jeśli szukasz trendów na rynku, prezentujemy <b>Butelka wody Bewinner 800 ml 8 x 28,3 cm (12 Sztuk)</b>!<br><br><ul><li>Rodzaj: Butelka wody</li><li>Sztuk: 12 Sztuk</li><li>Wydajność: 800 ml</li><li>Wymiary ok.: 8 x 28,3 cm</li></ul><br><br>Ważne informacje: Różne wzory wysyłane losowo zgodnie ze stanem magazynu.;Gardening & DIY;Pop Pulse Emporium;https://cdnbigbuy.com/images/s2240436_p2_icon1.jpg;https://cdnbigbuy.com/images/S2240436_P21.jpg;https://cdnbigbuy.com/images/S2240436_P01.jpg;https://cdnbigbuy.com/images/S2240436_P11.jpg;new;2.71;34.7;26.3;27.8
4899888815440;cs-CZ;Láhev na vodu Bewinner 800 ml 8 x 28,3 cm (12 kusů);Pokud hledáte nejnovější trendy na trhu, máme tu čest vám představit <b>Láhev na vodu Bewinner 800 ml 8 x 28,3 cm (12 kusů)</b>!<br><br><ul><li>Typ: Láhev na vodu</li><li>Kusů: 12 kusů</li><li>Kapacita: 800 ml</li><li>Přibližné rozměry: 8 x 28,3 cm</li></ul><br><br>Důležité informace: Z více designů vybíráme náhodně podle skladové dostupnosti.;Pokud hledáte nejnovější trendy na trhu, máme tu čest vám představit <b>Láhev na vodu Bewinner 800 ml 8 x 28,3 cm (12 kusů)</b>!<br><br><ul><li>Typ: Láhev na vodu</li><li>Kusů: 12 kusů</li><li>Kapacita: 800 ml</li><li>Přibližné rozměry: 8 x 28,3 cm</li></ul><br><br>Důležité informace: Z více designů vybíráme náhodně podle skladové dostupnosti.;Gardening & DIY;Pop Pulse Emporium;https://cdnbigbuy.com/images/s2240436_p2_icon1.jpg;https://cdnbigbuy.com/images/S2240436_P21.jpg;https://cdnbigbuy.com/images/S2240436_P01.jpg;https://cdnbigbuy.com/images/S2240436_P11.jpg;new;2.71;34.7;26.3;27.8
5715571507036;de-AT;Zielscheibe Vader Pro Bunt;Bleiben Sie in Form und entdecken Sie die neuesten Innovationen der Branche, um mit den besten Voraussetzungen Sport zu betreiben! Kaufen Sie <b>Zielscheibe Vader Pro Bunt</b> zum besten Preis und genießen Sie ein gesundes Leben!<br><br><ul><li>Art: Zielscheibe</li><li>Farbe: Bunt</li><li>Enthalten: Dartpfeile x 6</li><li>Material: Sisal</li></ul>;Bleiben Sie in Form und entdecken Sie die neuesten Innovationen der Branche, um mit den besten Voraussetzungen Sport zu betreiben! Kaufen Sie <b>Zielscheibe Vader Pro Bunt</b> zum besten Preis und genießen Sie ein gesundes Leben!<br><br><ul><li>Art: Zielscheibe</li><li>Farbe: Bunt</li><li>Enthalten: Dartpfeile x 6</li><li>Material: Sisal</li></ul>;Gardening & DIY;Pop Pulse Emporium;https://cdnbigbuy.com/images/5715571507036_S71022192_P00.jpg;https://cdnbigbuy.com/images/5715571507036_S71022192_P10.jpg;https://cdnbigbuy.com/images/5715571507036_S71022192_P20.jpg;;new;4.57;47.0;47.0;5.0
5715571507036;de-DE;Zielscheibe Vader Pro Bunt;Bleiben Sie in Form und entdecken Sie die neuesten Innovationen der Branche, um mit den besten Voraussetzungen Sport zu betreiben! Kaufen Sie <b>Zielscheibe Vader Pro Bunt</b> zum besten Preis und genießen Sie ein gesundes Leben!<br><br><ul><li>Art: Zielscheibe</li><li>Farbe: Bunt</li><li>Enthalten: Dartpfeile x 6</li><li>Material: Sisal</li></ul>;Bleiben Sie in Form und entdecken Sie die neuesten Innovationen der Branche, um mit den besten Voraussetzungen Sport zu betreiben! Kaufen Sie <b>Zielscheibe Vader Pro Bunt</b> zum besten Preis und genießen Sie ein gesundes Leben!<br><br><ul><li>Art: Zielscheibe</li><li>Farbe: Bunt</li><li>Enthalten: Dartpfeile x 6</li><li>Material: Sisal</li></ul>;Gardening & DIY;Pop Pulse Emporium;https://cdnbigbuy.com/images/5715571507036_S71022192_P00.jpg;https://cdnbigbuy.com/images/5715571507036_S71022192_P10.jpg;https://cdnbigbuy.com/images/5715571507036_S71022192_P20.jpg;;new;4.57;47.0;47.0;5.0
5715571507036;sk-SK;terč Vader Pro Viacfarebná;Udržujte sa vo forme a objavte posledné novinky zo sveta športu s tými najväčšími zárukami! Nakúpte <b>terč Vader Pro Viacfarebná</b> za najlepšiu cenu a užívajte si zdravý život!<br><br><ul><li>Typ: terč</li><li>Farba: Viacfarebná</li><li>Obsahuje: Šípky x 6</li><li>Materiál: Sisal</li></ul>;Udržujte sa vo forme a objavte posledné novinky zo sveta športu s tými najväčšími zárukami! Nakúpte <b>terč Vader Pro Viacfarebná</b> za najlepšiu cenu a užívajte si zdravý život!<br><br><ul><li>Typ: terč</li><li>Farba: Viacfarebná</li><li>Obsahuje: Šípky x 6</li><li>Materiál: Sisal</li></ul>;Gardening & DIY;Pop Pulse Emporium;https://cdnbigbuy.com/images/5715571507036_S71022192_P00.jpg;https://cdnbigbuy.com/images/5715571507036_S71022192_P10.jpg;https://cdnbigbuy.com/images/5715571507036_S71022192_P20.jpg;;new;4.57;47.0;47.0;5.0
5715571507036;pl-PL;tarcza Vader Pro Wielokolorowy;Utrzymaj kondycję i odkryj wszystkie nowości związane z uprawianiem sportu z najkorzystniejszymi warunkami! Kupuj <b>tarcza Vader Pro Wielokolorowy</b> o najkorzystniejszej cenie i ciesz się zdrowym życiem!<br><br><ul><li>Rodzaj: tarcza</li><li>Kolor: Wielokolorowy</li><li>Zawiera: Lotki x 6</li><li>Materiał: Włókno Sizalowe</li></ul>;Utrzymaj kondycję i odkryj wszystkie nowości związane z uprawianiem sportu z najkorzystniejszymi warunkami! Kupuj <b>tarcza Vader Pro Wielokolorowy</b> o najkorzystniejszej cenie i ciesz się zdrowym życiem!<br><br><ul><li>Rodzaj: tarcza</li><li>Kolor: Wielokolorowy</li><li>Zawiera: Lotki x 6</li><li>Materiał: Włókno Sizalowe</li></ul>;Gardening & DIY;Pop Pulse Emporium;https://cdnbigbuy.com/images/5715571507036_S71022192_P00.jpg;https://cdnbigbuy.com/images/5715571507036_S71022192_P10.jpg;https://cdnbigbuy.com/images/5715571507036_S71022192_P20.jpg;;new;4.57;47.0;47.0;5.0
5715571507036;cs-CZ;terč Vader Pro Vícebarevný;Zůstaňte ve formě a objevujte poslední novinky ze sportovního světa s největšími zárukami! Nakupte <b>terč Vader Pro Vícebarevný</b> za nejlepší cenu a užívejte si života plného zdraví!<br><br><ul><li>Typ: terč</li><li>Barva: Vícebarevný</li><li>Obsahuje: Šipky x 6</li><li>Materiál: sisal</li></ul>;Zůstaňte ve formě a objevujte poslední novinky ze sportovního světa s největšími zárukami! Nakupte <b>terč Vader Pro Vícebarevný</b> za nejlepší cenu a užívejte si života plného zdraví!<br><br><ul><li>Typ: terč</li><li>Barva: Vícebarevný</li><li>Obsahuje: Šipky x 6</li><li>Materiál: sisal</li></ul>;Gardening & DIY;Pop Pulse Emporium;https://cdnbigbuy.com/images/5715571507036_S71022192_P00.jpg;https://cdnbigbuy.com/images/5715571507036_S71022192_P10.jpg;https://cdnbigbuy.com/images/5715571507036_S71022192_P20.jpg;;new;4.57;47.0;47.0;5.0
8413887342347;de-AT;Angelrute Kali Kunnan kali blade 180;Bleiben Sie in Form und entdecken Sie die neuesten Innovationen der Branche, um mit den besten Voraussetzungen Sport zu betreiben! Kaufen Sie <b>Angelrute Kali Kunnan kali blade 180</b> zum besten Preis und genießen Sie ein gesundes Leben!<br><br><ul><li>Art: Angelrute</li><li>Farbe: Blau</li><li>Durchmesser: Ø 14 mm</li><li>Maße ca.: 180 cm</li></ul>;Bleiben Sie in Form und entdecken Sie die neuesten Innovationen der Branche, um mit den besten Voraussetzungen Sport zu betreiben! Kaufen Sie <b>Angelrute Kali Kunnan kali blade 180</b> zum besten Preis und genießen Sie ein gesundes Leben!<br><br><ul><li>Art: Angelrute</li><li>Farbe: Blau</li><li>Durchmesser: Ø 14 mm</li><li>Maße ca.: 180 cm</li></ul>;Gardening & DIY;Pop Pulse Emporium;https://cdnbigbuy.com/images/8413887342347_S7928673_P00.jpg;;;;new;0.13;16.3;14.9;58.9
8413887342347;de-DE;Angelrute Kali Kunnan kali blade 180;Bleiben Sie in Form und entdecken Sie die neuesten Innovationen der Branche, um mit den besten Voraussetzungen Sport zu betreiben! Kaufen Sie <b>Angelrute Kali Kunnan kali blade 180</b> zum besten Preis und genießen Sie ein gesundes Leben!<br><br><ul><li>Art: Angelrute</li><li>Farbe: Blau</li><li>Durchmesser: Ø 14 mm</li><li>Maße ca.: 180 cm</li></ul>;Bleiben Sie in Form und entdecken Sie die neuesten Innovationen der Branche, um mit den besten Voraussetzungen Sport zu betreiben! Kaufen Sie <b>Angelrute Kali Kunnan kali blade 180</b> zum besten Preis und genießen Sie ein gesundes Leben!<br><br><ul><li>Art: Angelrute</li><li>Farbe: Blau</li><li>Durchmesser: Ø 14 mm</li><li>Maße ca.: 180 cm</li></ul>;Gardening & DIY;Pop Pulse Emporium;https://cdnbigbuy.com/images/8413887342347_S7928673_P00.jpg;;;;new;0.13;16.3;14.9;58.9
8413887342347;sk-SK;Rybárska tyč Kali Kunnan kali blade 180;Udržujte sa vo forme a objavte posledné novinky zo sveta športu s tými najväčšími zárukami! Nakúpte <b>Rybárska tyč Kali Kunnan kali blade 180</b> za najlepšiu cenu a užívajte si zdravý život!<br><br><ul><li>Typ: Rybárska tyč</li><li>Farba: Modrá</li><li>Približný priemer: Ø 14 mm</li><li>Približné rozmery: 180 cm</li></ul>;Udržujte sa vo forme a objavte posledné novinky zo sveta športu s tými najväčšími zárukami! Nakúpte <b>Rybárska tyč Kali Kunnan kali blade 180</b> za najlepšiu cenu a užívajte si zdravý život!<br><br><ul><li>Typ: Rybárska tyč</li><li>Farba: Modrá</li><li>Približný priemer: Ø 14 mm</li><li>Približné rozmery: 180 cm</li></ul>;Gardening & DIY;Pop Pulse Emporium;https://cdnbigbuy.com/images/8413887342347_S7928673_P00.jpg;;;;new;0.13;16.3;14.9;58.9
8413887342347;pl-PL;Wędka Kali Kunnan kali blade 180;Utrzymaj kondycję i odkryj wszystkie nowości związane z uprawianiem sportu z najkorzystniejszymi warunkami! Kupuj <b>Wędka Kali Kunnan kali blade 180</b> o najkorzystniejszej cenie i ciesz się zdrowym życiem!<br><br><ul><li>Rodzaj: Wędka</li><li>Kolor: Niebieski</li><li>Średnica: Ø 14 mm</li><li>Wymiary ok.: 180 cm</li></ul>;Utrzymaj kondycję i odkryj wszystkie nowości związane z uprawianiem sportu z najkorzystniejszymi warunkami! Kupuj <b>Wędka Kali Kunnan kali blade 180</b> o najkorzystniejszej cenie i ciesz się zdrowym życiem!<br><br><ul><li>Rodzaj: Wędka</li><li>Kolor: Niebieski</li><li>Średnica: Ø 14 mm</li><li>Wymiary ok.: 180 cm</li></ul>;Gardening & DIY;Pop Pulse Emporium;https://cdnbigbuy.com/images/8413887342347_S7928673_P00.jpg;;;;new;0.13;16.3;14.9;58.9
8413887342347;cs-CZ;Rybářský prut Kali Kunnan kali blade 180;Zůstaňte ve formě a objevujte poslední novinky ze sportovního světa s největšími zárukami! Nakupte <b>Rybářský prut Kali Kunnan kali blade 180</b> za nejlepší cenu a užívejte si života plného zdraví!<br><br><ul><li>Typ: Rybářský prut</li><li>Barva: Modrý</li><li>Přibližný průměr: Ø 14 mm</li><li>Přibližné rozměry: 180 cm</li></ul>;Zůstaňte ve formě a objevujte poslední novinky ze sportovního světa s největšími zárukami! Nakupte <b>Rybářský prut Kali Kunnan kali blade 180</b> za nejlepší cenu a užívejte si života plného zdraví!<br><br><ul><li>Typ: Rybářský prut</li><li>Barva: Modrý</li><li>Přibližný průměr: Ø 14 mm</li><li>Přibližné rozměry: 180 cm</li></ul>;Gardening & DIY;Pop Pulse Emporium;https://cdnbigbuy.com/images/8413887342347_S7928673_P00.jpg;;;;new;0.13;16.3;14.9;58.9
8412842631618;de-AT;Tisch Aktive Grau;Wenn Sie auf der Suche nach trendigen Neuheiten auf dem Markt sind, präsentieren wir Ihnen <b>Tisch Aktive Grau</b>!<br><br><ul><li>Material: <ul><li>Stahl</li><li>Holz MDF</li></ul></li><li>Empfohlenes Alter: + 14 Jahre</li><li>Maße ca.: 120 x 70 x 60 cm</li><li>Farbe: Grau</li></ul>;Wenn Sie auf der Suche nach trendigen Neuheiten auf dem Markt sind, präsentieren wir Ihnen <b>Tisch Aktive Grau</b>!<br><br><ul><li>Material: <ul><li>Stahl</li><li>Holz MDF</li></ul></li><li>Empfohlenes Alter: + 14 Jahre</li><li>Maße ca.: 120 x 70 x 60 cm</li><li>Farbe: Grau</li></ul>;Gardening & DIY;Pop Pulse Emporium;https://cdnbigbuy.com/images/8412842631618_R00.jpg;https://cdnbigbuy.com/images/8412842631618_R50.jpg;https://cdnbigbuy.com/images/8412842631618_R10.jpg;https://cdnbigbuy.com/images/8412842631618_R60.jpg;new;7.13;8.0;62.0;63.0
8412842631618;de-DE;Tisch Aktive Grau;Wenn Sie auf der Suche nach trendigen Neuheiten auf dem Markt sind, präsentieren wir Ihnen <b>Tisch Aktive Grau</b>!<br><br><ul><li>Material: <ul><li>Stahl</li><li>Holz MDF</li></ul></li><li>Empfohlenes Alter: + 14 Jahre</li><li>Maße ca.: 120 x 70 x 60 cm</li><li>Farbe: Grau</li></ul>;Wenn Sie auf der Suche nach trendigen Neuheiten auf dem Markt sind, präsentieren wir Ihnen <b>Tisch Aktive Grau</b>!<br><br><ul><li>Material: <ul><li>Stahl</li><li>Holz MDF</li></ul></li><li>Empfohlenes Alter: + 14 Jahre</li><li>Maße ca.: 120 x 70 x 60 cm</li><li>Farbe: Grau</li></ul>;Gardening & DIY;Pop Pulse Emporium;https://cdnbigbuy.com/images/8412842631618_R00.jpg;https://cdnbigbuy.com/images/8412842631618_R50.jpg;https://cdnbigbuy.com/images/8412842631618_R10.jpg;https://cdnbigbuy.com/images/8412842631618_R60.jpg;new;7.13;8.0;62.0;63.0
8412842631618;sk-SK;Stôl Aktive Sivá;Ak hľadáte nové trendy na trhu, predstavujeme <b>Stôl Aktive Sivá</b>!<br><br><ul><li>Materiál: <ul><li>Oceľ</li><li>Drevo MDF</li></ul></li><li>Odporúčaný vek: + 14 rokov</li><li>Približné rozmery: 120 x 70 x 60 cm</li><li>Farba: Sivá</li></ul>;Ak hľadáte nové trendy na trhu, predstavujeme <b>Stôl Aktive Sivá</b>!<br><br><ul><li>Materiál: <ul><li>Oceľ</li><li>Drevo MDF</li></ul></li><li>Odporúčaný vek: + 14 rokov</li><li>Približné rozmery: 120 x 70 x 60 cm</li><li>Farba: Sivá</li></ul>;Gardening & DIY;Pop Pulse Emporium;https://cdnbigbuy.com/images/8412842631618_R00.jpg;https://cdnbigbuy.com/images/8412842631618_R50.jpg;https://cdnbigbuy.com/images/8412842631618_R10.jpg;https://cdnbigbuy.com/images/8412842631618_R60.jpg;new;7.13;8.0;62.0;63.0
8412842631618;pl-PL;Stolik Aktive Szary;Jeśli szukasz trendów na rynku, prezentujemy <b>Stolik Aktive Szary</b>!<br><br><ul><li>Materiał: <ul><li>Stal</li><li>Drewno MDF</li></ul></li><li>Zalecany Wiek: + 14 lat</li><li>Wymiary ok.: 120 x 70 x 60 cm</li><li>Kolor: Szary</li></ul>;Jeśli szukasz trendów na rynku, prezentujemy <b>Stolik Aktive Szary</b>!<br><br><ul><li>Materiał: <ul><li>Stal</li><li>Drewno MDF</li></ul></li><li>Zalecany Wiek: + 14 lat</li><li>Wymiary ok.: 120 x 70 x 60 cm</li><li>Kolor: Szary</li></ul>;Gardening & DIY;Pop Pulse Emporium;https://cdnbigbuy.com/images/8412842631618_R00.jpg;https://cdnbigbuy.com/images/8412842631618_R50.jpg;https://cdnbigbuy.com/images/8412842631618_R10.jpg;https://cdnbigbuy.com/images/8412842631618_R60.jpg;new;7.13;8.0;62.0;63.0
8412842631618;cs-CZ;Stůl Aktive Šedý;Pokud hledáte nejnovější trendy na trhu, máme tu čest vám představit <b>Stůl Aktive Šedý</b>!<br><br><ul><li>Materiál: <ul><li>Ocel</li><li>Dřevo MDF</li></ul></li><li>Doporučený věk: + 14 roků</li><li>Přibližné rozměry: 120 x 70 x 60 cm</li><li>Barva: Šedý</li></ul>;Pokud hledáte nejnovější trendy na trhu, máme tu čest vám představit <b>Stůl Aktive Šedý</b>!<br><br><ul><li>Materiál: <ul><li>Ocel</li><li>Dřevo MDF</li></ul></li><li>Doporučený věk: + 14 roků</li><li>Přibližné rozměry: 120 x 70 x 60 cm</li><li>Barva: Šedý</li></ul>;Gardening & DIY;Pop Pulse Emporium;https://cdnbigbuy.com/images/8412842631618_R00.jpg;https://cdnbigbuy.com/images/8412842631618_R50.jpg;https://cdnbigbuy.com/images/8412842631618_R10.jpg;https://cdnbigbuy.com/images/8412842631618_R60.jpg;new;7.13;8.0;62.0;63.0
8412842543041;de-AT;Fussballtor Aktive;Wenn Sie auf der Suche nach trendigen Neuheiten auf dem Markt sind, präsentieren wir Ihnen <b>Fussballtor Aktive</b>!<br><br><ul><li>Material: PVC</li></ul>;Wenn Sie auf der Suche nach trendigen Neuheiten auf dem Markt sind, präsentieren wir Ihnen <b>Fussballtor Aktive</b>!<br><br><ul><li>Material: PVC</li></ul>;Gardening & DIY;Pop Pulse Emporium;https://cdnbigbuy.com/images/8412842543041_S8907040_P00.jpg;https://cdnbigbuy.com/images/8412842543041_R50.jpg;https://cdnbigbuy.com/images/8412842543041_R10.jpg;https://cdnbigbuy.com/images/8412842543041_S8907040_P30.jpg;new;12.24;16.0;95.0;39.0
8412842543041;de-DE;Fussballtor Aktive;Wenn Sie auf der Suche nach trendigen Neuheiten auf dem Markt sind, präsentieren wir Ihnen <b>Fussballtor Aktive</b>!<br><br><ul><li>Material: PVC</li></ul>;Wenn Sie auf der Suche nach trendigen Neuheiten auf dem Markt sind, präsentieren wir Ihnen <b>Fussballtor Aktive</b>!<br><br><ul><li>Material: PVC</li></ul>;Gardening & DIY;Pop Pulse Emporium;https://cdnbigbuy.com/images/8412842543041_S8907040_P00.jpg;https://cdnbigbuy.com/images/8412842543041_R50.jpg;https://cdnbigbuy.com/images/8412842543041_R10.jpg;https://cdnbigbuy.com/images/8412842543041_S8907040_P30.jpg;new;12.24;16.0;95.0;39.0
8412842543041;sk-SK;Futbalová bránka Aktive;Ak hľadáte nové trendy na trhu, predstavujeme <b>Futbalová bránka Aktive</b>!<br><br><ul><li>Materiál: PVC</li></ul>;Ak hľadáte nové trendy na trhu, predstavujeme <b>Futbalová bránka Aktive</b>!<br><br><ul><li>Materiál: PVC</li></ul>;Gardening & DIY;Pop Pulse Emporium;https://cdnbigbuy.com/images/8412842543041_S8907040_P00.jpg;https://cdnbigbuy.com/images/8412842543041_R50.jpg;https://cdnbigbuy.com/images/8412842543041_R10.jpg;https://cdnbigbuy.com/images/8412842543041_S8907040_P30.jpg;new;12.24;16.0;95.0;39.0
8412842543041;pl-PL;Bramka do Piłki Nożnej Aktive;Jeśli szukasz trendów na rynku, prezentujemy <b>Bramka do Piłki Nożnej Aktive</b>!<br><br><ul><li>Materiał: PVC</li></ul>;Jeśli szukasz trendów na rynku, prezentujemy <b>Bramka do Piłki Nożnej Aktive</b>!<br><br><ul><li>Materiał: PVC</li></ul>;Gardening & DIY;Pop Pulse Emporium;https://cdnbigbuy.com/images/8412842543041_S8907040_P00.jpg;https://cdnbigbuy.com/images/8412842543041_R50.jpg;https://cdnbigbuy.com/images/8412842543041_R10.jpg;https://cdnbigbuy.com/images/8412842543041_S8907040_P30.jpg;new;12.24;16.0;95.0;39.0
8412842543041;cs-CZ;Fotbalová brána Aktive;Pokud hledáte nejnovější trendy na trhu, máme tu čest vám představit <b>Fotbalová brána Aktive</b>!<br><br><ul><li>Materiál: PVC</li></ul>;Pokud hledáte nejnovější trendy na trhu, máme tu čest vám představit <b>Fotbalová brána Aktive</b>!<br><br><ul><li>Materiál: PVC</li></ul>;Gardening & DIY;Pop Pulse Emporium;https://cdnbigbuy.com/images/8412842543041_S8907040_P00.jpg;https://cdnbigbuy.com/images/8412842543041_R50.jpg;https://cdnbigbuy.com/images/8412842543041_R10.jpg;https://cdnbigbuy.com/images/8412842543041_S8907040_P30.jpg;new;12.24;16.0;95.0;39.0
3700092678510;de-AT;Elektroroller Urbanglide;"Wenn Sie auf der Suche nach trendigen Neuheiten auf dem Markt sind, präsentieren wir Ihnen <b>Elektroroller Urbanglide</b>!<br><br><ul><li>Art: Elektroroller</li><li>Steckbares Produkt: Ja</li></ul><br><br>Wichtige informationen: Wenn die Marke den Roller nicht zugelassen hat, muss der Besitzer den TÜV bestehen, um eine ""EBE"" oder einen individuellen Führerschein zu erhalten..";"Wenn Sie auf der Suche nach trendigen Neuheiten auf dem Markt sind, präsentieren wir Ihnen <b>Elektroroller Urbanglide</b>!<br><br><ul><li>Art: Elektroroller</li><li>Steckbares Produkt: Ja</li></ul><br><br>Wichtige informationen: Wenn die Marke den Roller nicht zugelassen hat, muss der Besitzer den TÜV bestehen, um eine ""EBE"" oder einen individuellen Führerschein zu erhalten..";Gardening & DIY;Pop Pulse Emporium;https://cdnbigbuy.com/images/3700092678510_S71021184_P00.jpg;https://cdnbigbuy.com/images/3700092678510_S71021184_P40.jpg;https://cdnbigbuy.com/images/3700092678510_R80.jpg;https://cdnbigbuy.com/images/3700092678510_R40.jpg;new;17.8;85.5;44.7;36.0
3700092678510;de-DE;Elektroroller Urbanglide;"Wenn Sie auf der Suche nach trendigen Neuheiten auf dem Markt sind, präsentieren wir Ihnen <b>Elektroroller Urbanglide</b>!<br><br><ul><li>Art: Elektroroller</li><li>Steckbares Produkt: Ja</li></ul><br><br>Wichtige informationen: Wenn die Marke den Roller nicht zugelassen hat, muss der Besitzer den TÜV bestehen, um eine ""EBE"" oder einen individuellen Führerschein zu erhalten..";"Wenn Sie auf der Suche nach trendigen Neuheiten auf dem Markt sind, präsentieren wir Ihnen <b>Elektroroller Urbanglide</b>!<br><br><ul><li>Art: Elektroroller</li><li>Steckbares Produkt: Ja</li></ul><br><br>Wichtige informationen: Wenn die Marke den Roller nicht zugelassen hat, muss der Besitzer den TÜV bestehen, um eine ""EBE"" oder einen individuellen Führerschein zu erhalten..";Gardening & DIY;Pop Pulse Emporium;https://cdnbigbuy.com/images/3700092678510_S71021184_P00.jpg;https://cdnbigbuy.com/images/3700092678510_S71021184_P40.jpg;https://cdnbigbuy.com/images/3700092678510_R80.jpg;https://cdnbigbuy.com/images/3700092678510_R40.jpg;new;17.8;85.5;44.7;36.0
3700092678510;sk-SK;Elektrická kolobežka Urbanglide;Ak hľadáte nové trendy na trhu, predstavujeme <b>Elektrická kolobežka Urbanglide</b>!<br><br><ul><li>Typ: Elektrická kolobežka</li><li>Zásuvný produkt: áno</li></ul><br><br>Dôležité informácie: Ak značka nezaregistrovala kolobežku, majiteľ bude musieť prejsť ITV (STK) alebo TÜV, aby získal „EBE“ alebo povolenie na individuálny pohyb..;Ak hľadáte nové trendy na trhu, predstavujeme <b>Elektrická kolobežka Urbanglide</b>!<br><br><ul><li>Typ: Elektrická kolobežka</li><li>Zásuvný produkt: áno</li></ul><br><br>Dôležité informácie: Ak značka nezaregistrovala kolobežku, majiteľ bude musieť prejsť ITV (STK) alebo TÜV, aby získal „EBE“ alebo povolenie na individuálny pohyb..;Gardening & DIY;Pop Pulse Emporium;https://cdnbigbuy.com/images/3700092678510_S71021184_P00.jpg;https://cdnbigbuy.com/images/3700092678510_S71021184_P40.jpg;https://cdnbigbuy.com/images/3700092678510_R80.jpg;https://cdnbigbuy.com/images/3700092678510_R40.jpg;new;17.8;85.5;44.7;36.0
3700092678510;pl-PL;Skuter elektryczny Urbanglide;"Jeśli szukasz trendów na rynku, prezentujemy <b>Skuter elektryczny Urbanglide</b>!<br><br><ul><li>Rodzaj: Skuter elektryczny</li><li>Produkt wtykany: Tak</li></ul><br><br>Ważne informacje: Jeśli marka nie zarejestrowała hulajnogi, właściciel będzie musiał przejść kontrolę pojazdową lub TÜV, aby uzyskać ""EBE"" lub indywidualne zezwolenie na ruch.";"Jeśli szukasz trendów na rynku, prezentujemy <b>Skuter elektryczny Urbanglide</b>!<br><br><ul><li>Rodzaj: Skuter elektryczny</li><li>Produkt wtykany: Tak</li></ul><br><br>Ważne informacje: Jeśli marka nie zarejestrowała hulajnogi, właściciel będzie musiał przejść kontrolę pojazdową lub TÜV, aby uzyskać ""EBE"" lub indywidualne zezwolenie na ruch.";Gardening & DIY;Pop Pulse Emporium;https://cdnbigbuy.com/images/3700092678510_S71021184_P00.jpg;https://cdnbigbuy.com/images/3700092678510_S71021184_P40.jpg;https://cdnbigbuy.com/images/3700092678510_R80.jpg;https://cdnbigbuy.com/images/3700092678510_R40.jpg;new;17.8;85.5;44.7;36.0
3700092678510;cs-CZ;Hoverboard Urbanglide;Pokud hledáte nejnovější trendy na trhu, máme tu čest vám představit <b>Hoverboard Urbanglide</b>!<br><br><ul><li>Typ: Hoverboard</li><li>Zásuvný produkt: Ano</li></ul><br><br>Důležité informace: Pokud značka nezaregistrovala skútr, majitel bude muset projít ITV nebo TÜV, aby získal „EBE“ nebo individuální povolení k provozu..;Pokud hledáte nejnovější trendy na trhu, máme tu čest vám představit <b>Hoverboard Urbanglide</b>!<br><br><ul><li>Typ: Hoverboard</li><li>Zásuvný produkt: Ano</li></ul><br><br>Důležité informace: Pokud značka nezaregistrovala skútr, majitel bude muset projít ITV nebo TÜV, aby získal „EBE“ nebo individuální povolení k provozu..;Gardening & DIY;Pop Pulse Emporium;https://cdnbigbuy.com/images/3700092678510_S71021184_P00.jpg;https://cdnbigbuy.com/images/3700092678510_S71021184_P40.jpg;https://cdnbigbuy.com/images/3700092678510_R80.jpg;https://cdnbigbuy.com/images/3700092678510_R40.jpg;new;17.8;85.5;44.7;36.0
8445484567922;de-AT;Sweatshirt mit Kapuze für Mädchen Real Madrid C.F. Blau;Bleiben Sie in Form und entdecken Sie die neuesten Innovationen der Branche, um mit den besten Voraussetzungen Sport zu betreiben! Kaufen Sie <b>Sweatshirt mit Kapuze für Mädchen Real Madrid C.F. Blau</b> zum besten Preis und genießen Sie ein gesundes Leben!<br><br><ul><li>Art: Kinder-Sweatshirt</li><li>Farbe: Blau</li><li>Größe: 8 Jahre</li><li>Merkmale: In der Maschine waschbar</li></ul>;Bleiben Sie in Form und entdecken Sie die neuesten Innovationen der Branche, um mit den besten Voraussetzungen Sport zu betreiben! Kaufen Sie <b>Sweatshirt mit Kapuze für Mädchen Real Madrid C.F. Blau</b> zum besten Preis und genießen Sie ein gesundes Leben!<br><br><ul><li>Art: Kinder-Sweatshirt</li><li>Farbe: Blau</li><li>Größe: 8 Jahre</li><li>Merkmale: In der Maschine waschbar</li></ul>;Gardening & DIY;Pop Pulse Emporium;https://cdnbigbuy.com/images/8445484567922_S0744443_P00.jpg;https://cdnbigbuy.com/images/8445484567922_S2460295_P00.jpg;https://cdnbigbuy.com/images/8445484567922_S0744443_P50.jpg;https://cdnbigbuy.com/images/8445484567922_S0744443_P20.jpg;new;0.3;2.0;40.5;50.5
8445484567922;de-DE;Sweatshirt mit Kapuze für Mädchen Real Madrid C.F. Blau;Bleiben Sie in Form und entdecken Sie die neuesten Innovationen der Branche, um mit den besten Voraussetzungen Sport zu betreiben! Kaufen Sie <b>Sweatshirt mit Kapuze für Mädchen Real Madrid C.F. Blau</b> zum besten Preis und genießen Sie ein gesundes Leben!<br><br><ul><li>Art: Kinder-Sweatshirt</li><li>Farbe: Blau</li><li>Größe: 8 Jahre</li><li>Merkmale: In der Maschine waschbar</li></ul>;Bleiben Sie in Form und entdecken Sie die neuesten Innovationen der Branche, um mit den besten Voraussetzungen Sport zu betreiben! Kaufen Sie <b>Sweatshirt mit Kapuze für Mädchen Real Madrid C.F. Blau</b> zum besten Preis und genießen Sie ein gesundes Leben!<br><br><ul><li>Art: Kinder-Sweatshirt</li><li>Farbe: Blau</li><li>Größe: 8 Jahre</li><li>Merkmale: In der Maschine waschbar</li></ul>;Gardening & DIY;Pop Pulse Emporium;https://cdnbigbuy.com/images/8445484567922_S0744443_P00.jpg;https://cdnbigbuy.com/images/8445484567922_S2460295_P00.jpg;https://cdnbigbuy.com/images/8445484567922_S0744443_P50.jpg;https://cdnbigbuy.com/images/8445484567922_S0744443_P20.jpg;new;0.3;2.0;40.5;50.5
8445484567922;sk-SK;Dievčenská mikina s kapucňou Real Madrid C.F. Modrá;Udržujte sa vo forme a objavte posledné novinky zo sveta športu s tými najväčšími zárukami! Nakúpte <b>Dievčenská mikina s kapucňou Real Madrid C.F. Modrá</b> za najlepšiu cenu a užívajte si zdravý život!<br><br><ul><li>Typ: Detská mikina</li><li>Farba: Modrá</li><li>Veľkosť: 8 rokov</li><li>Vlastnosti: Možno prať v práčke</li></ul>;Udržujte sa vo forme a objavte posledné novinky zo sveta športu s tými najväčšími zárukami! Nakúpte <b>Dievčenská mikina s kapucňou Real Madrid C.F. Modrá</b> za najlepšiu cenu a užívajte si zdravý život!<br><br><ul><li>Typ: Detská mikina</li><li>Farba: Modrá</li><li>Veľkosť: 8 rokov</li><li>Vlastnosti: Možno prať v práčke</li></ul>;Gardening & DIY;Pop Pulse Emporium;https://cdnbigbuy.com/images/8445484567922_S0744443_P00.jpg;https://cdnbigbuy.com/images/8445484567922_S2460295_P00.jpg;https://cdnbigbuy.com/images/8445484567922_S0744443_P50.jpg;https://cdnbigbuy.com/images/8445484567922_S0744443_P20.jpg;new;0.3;2.0;40.5;50.5
8445484567922;pl-PL;Bluza z Kapturem dla Dziewczynki Real Madrid C.F. Niebieski;Utrzymaj kondycję i odkryj wszystkie nowości związane z uprawianiem sportu z najkorzystniejszymi warunkami! Kupuj <b>Bluza z Kapturem dla Dziewczynki Real Madrid C.F. Niebieski</b> o najkorzystniejszej cenie i ciesz się zdrowym życiem!<br><br><ul><li>Rodzaj: Bluza dziecięca</li><li>Kolor: Niebieski</li><li>Rozmiar: 8 lat</li><li>Właściwości: Można prać w pralce</li></ul>;Utrzymaj kondycję i odkryj wszystkie nowości związane z uprawianiem sportu z najkorzystniejszymi warunkami! Kupuj <b>Bluza z Kapturem dla Dziewczynki Real Madrid C.F. Niebieski</b> o najkorzystniejszej cenie i ciesz się zdrowym życiem!<br><br><ul><li>Rodzaj: Bluza dziecięca</li><li>Kolor: Niebieski</li><li>Rozmiar: 8 lat</li><li>Właściwości: Można prać w pralce</li></ul>;Gardening & DIY;Pop Pulse Emporium;https://cdnbigbuy.com/images/8445484567922_S0744443_P00.jpg;https://cdnbigbuy.com/images/8445484567922_S2460295_P00.jpg;https://cdnbigbuy.com/images/8445484567922_S0744443_P50.jpg;https://cdnbigbuy.com/images/8445484567922_S0744443_P20.jpg;new;0.3;2.0;40.5;50.5
8445484567922;cs-CZ;Dívčí mikina s kapucí Real Madrid C.F. Modrý;Zůstaňte ve formě a objevujte poslední novinky ze sportovního světa s největšími zárukami! Nakupte <b>Dívčí mikina s kapucí Real Madrid C.F. Modrý</b> za nejlepší cenu a užívejte si života plného zdraví!<br><br><ul><li>Typ: Dětská mikina</li><li>Barva: Modrý</li><li>Velikost: 8 roků</li><li>Vlastnosti: Pratelný v pračce</li></ul>;Zůstaňte ve formě a objevujte poslední novinky ze sportovního světa s největšími zárukami! Nakupte <b>Dívčí mikina s kapucí Real Madrid C.F. Modrý</b> za nejlepší cenu a užívejte si života plného zdraví!<br><br><ul><li>Typ: Dětská mikina</li><li>Barva: Modrý</li><li>Velikost: 8 roků</li><li>Vlastnosti: Pratelný v pračce</li></ul>;Gardening & DIY;Pop Pulse Emporium;https://cdnbigbuy.com/images/8445484567922_S0744443_P00.jpg;https://cdnbigbuy.com/images/8445484567922_S2460295_P00.jpg;https://cdnbigbuy.com/images/8445484567922_S0744443_P50.jpg;https://cdnbigbuy.com/images/8445484567922_S0744443_P20.jpg;new;0.3;2.0;40.5;50.5
8436548248635;de-AT;Paddelschläger Adidas X-Treme LTD Schwarz;Wenn Sie auf der Suche nach trendigen Neuheiten auf dem Markt sind, präsentieren wir Ihnen <b>Paddelschläger Adidas X-Treme LTD Schwarz</b>!<br><br><ul><li>Art: Paddelschläger</li><li>Ebenen: Fortgeschritten</li><li>Farbe: Schwarz</li></ul>;Wenn Sie auf der Suche nach trendigen Neuheiten auf dem Markt sind, präsentieren wir Ihnen <b>Paddelschläger Adidas X-Treme LTD Schwarz</b>!<br><br><ul><li>Art: Paddelschläger</li><li>Ebenen: Fortgeschritten</li><li>Farbe: Schwarz</li></ul>;Gardening & DIY;Pop Pulse Emporium;https://cdnbigbuy.com/images/8436548248635_S9919193_P00.jpg;https://cdnbigbuy.com/images/8436548248635_R00.jpg;https://cdnbigbuy.com/images/8436548248635_R50.jpg;https://cdnbigbuy.com/images/8436548248635_R10.jpg;new;0.6;10.0;35.0;51.0
8436548248635;de-DE;Paddelschläger Adidas X-Treme LTD Schwarz;Wenn Sie auf der Suche nach trendigen Neuheiten auf dem Markt sind, präsentieren wir Ihnen <b>Paddelschläger Adidas X-Treme LTD Schwarz</b>!<br><br><ul><li>Art: Paddelschläger</li><li>Ebenen: Fortgeschritten</li><li>Farbe: Schwarz</li></ul>;Wenn Sie auf der Suche nach trendigen Neuheiten auf dem Markt sind, präsentieren wir Ihnen <b>Paddelschläger Adidas X-Treme LTD Schwarz</b>!<br><br><ul><li>Art: Paddelschläger</li><li>Ebenen: Fortgeschritten</li><li>Farbe: Schwarz</li></ul>;Gardening & DIY;Pop Pulse Emporium;https://cdnbigbuy.com/images/8436548248635_S9919193_P00.jpg;https://cdnbigbuy.com/images/8436548248635_R00.jpg;https://cdnbigbuy.com/images/8436548248635_R50.jpg;https://cdnbigbuy.com/images/8436548248635_R10.jpg;new;0.6;10.0;35.0;51.0
8436548248635;sk-SK;Raketa na padel Adidas X-Treme LTD Čierna;Ak hľadáte nové trendy na trhu, predstavujeme <b>Raketa na padel Adidas X-Treme LTD Čierna</b>!<br><br><ul><li>Typ: Raketa na padel</li><li>úrovne: Pokročilý</li><li>Farba: Čierna</li></ul>;Ak hľadáte nové trendy na trhu, predstavujeme <b>Raketa na padel Adidas X-Treme LTD Čierna</b>!<br><br><ul><li>Typ: Raketa na padel</li><li>úrovne: Pokročilý</li><li>Farba: Čierna</li></ul>;Gardening & DIY;Pop Pulse Emporium;https://cdnbigbuy.com/images/8436548248635_S9919193_P00.jpg;https://cdnbigbuy.com/images/8436548248635_R00.jpg;https://cdnbigbuy.com/images/8436548248635_R50.jpg;https://cdnbigbuy.com/images/8436548248635_R10.jpg;new;0.6;10.0;35.0;51.0
8436548248635;pl-PL;Rakieta do Padla Adidas X-Treme LTD Czarny;Jeśli szukasz trendów na rynku, prezentujemy <b>Rakieta do Padla Adidas X-Treme LTD Czarny</b>!<br><br><ul><li>Rodzaj: Rakieta do Padla</li><li>Poziomy: Zaawansowany</li><li>Kolor: Czarny</li></ul>;Jeśli szukasz trendów na rynku, prezentujemy <b>Rakieta do Padla Adidas X-Treme LTD Czarny</b>!<br><br><ul><li>Rodzaj: Rakieta do Padla</li><li>Poziomy: Zaawansowany</li><li>Kolor: Czarny</li></ul>;Gardening & DIY;Pop Pulse Emporium;https://cdnbigbuy.com/images/8436548248635_S9919193_P00.jpg;https://cdnbigbuy.com/images/8436548248635_R00.jpg;https://cdnbigbuy.com/images/8436548248635_R50.jpg;https://cdnbigbuy.com/images/8436548248635_R10.jpg;new;0.6;10.0;35.0;51.0
8436548248635;cs-CZ;Raketa Padel Adidas X-Treme LTD Černý;Pokud hledáte nejnovější trendy na trhu, máme tu čest vám představit <b>Raketa Padel Adidas X-Treme LTD Černý</b>!<br><br><ul><li>Typ: Raketa Padel</li><li>úrovně: Pokročilý</li><li>Barva: Černý</li></ul>;Pokud hledáte nejnovější trendy na trhu, máme tu čest vám představit <b>Raketa Padel Adidas X-Treme LTD Černý</b>!<br><br><ul><li>Typ: Raketa Padel</li><li>úrovně: Pokročilý</li><li>Barva: Černý</li></ul>;Gardening & DIY;Pop Pulse Emporium;https://cdnbigbuy.com/images/8436548248635_S9919193_P00.jpg;https://cdnbigbuy.com/images/8436548248635_R00.jpg;https://cdnbigbuy.com/images/8436548248635_R50.jpg;https://cdnbigbuy.com/images/8436548248635_R10.jpg;new;0.6;10.0;35.0;51.0
