sku,ean,title,description,brand,category,price,quantity,condition,weight,length,width,height,image_url,image_url_2,image_url_3,image_url_4,shipping_cost,delivery_time,warranty,origin_country,material,color,size
S0384000,0091661529733,Orologio Donna Guess GW0472L1 (Ø 35 mm),"Se ti piace seguire le ultime tendenze per quanto riguarda moda e accessori, compra <b>Orologio Donna Guess GW0472L1 (Ø 35 mm)</b> al miglior prezzo.<br><br><ul><li>Genere: Donna</li><li>Anelli extra: No</li><li>Tipo di orologio: Orologio da polso</li><li>Materiale del cinturino: Acciaio inossidabile</li><li>Materiale della cassa dell'orologio: Acciaio inossidabile</li><li>Tipo di movimento: Quarzo</li><li>Cristallo: Minerale</li><li>Impermeabilità: No</li><li>Include: Include confezione della marca</li><li>Tipo di chiusura: Farfalla</li><li>Colore del quadrante: Grigio</li><li>Colore della custodia dell'orologio: Grigio</li><li>Colore del cinturino: Grigio</li><li>Diametro della cassa dell'orologio: Ø 35 mm</li></ul>",Pop Pulse Emporium,Bricolage,134.67,25,Nuovo,0.4,32.0,19.0,10.0,https://cdnbigbuy.com/images/0091661529733_S0384000_P00.jpg,https://cdnbigbuy.com/images/80359_mandatory-watch0.jpg,https://cdnbigbuy.com/images/0091661529733_S0384000_P10.jpg,https://cdnbigbuy.com/images/0091661529733_S0384000_P20.jpg,0,3-6 giorni,24 mesi,EU,,,
S5629918,0649528939357,"Hard Disk Esterno Crucial CT2000X9SSD9 2,5"" 2 TB SSD","Se sei un appassionato d'<b>informatica ed elettronica</b>, ti piace stare al passo con la più recente tecnologia senza lasciarti sfuggire nessun dettaglio, acquista <b>Hard Disk Esterno Crucial CT2000X9SSD9 2,5"" 2 TB SSD</b> al miglior prezzo.<br><br><ul><li>Colore: Nero</li><li>Connessioni: <ul><li>USB 3.2</li><li>USB-C</li></ul></li><li>Hard Disk: 2 TB</li><li>Tipo: Hard Disk Esterno</li></ul>",Pop Pulse Emporium,Bricolage,197.39,50,Nuovo,0.2,10.0,2.0,14.0,https://cdnbigbuy.com/images/0649528939357_S5629918_P00.jpg,https://cdnbigbuy.com/images/0649528939357_I00.jpg,https://cdnbigbuy.com/images/0649528939357_R00.jpg,https://cdnbigbuy.com/images/0649528939357_R20.jpg,0,3-6 giorni,24 mesi,EU,,,
S71013841,3032167414038,Triciclo Smoby Beige,"I bambini meritano il meglio, per questo ti presentiamo <b>Triciclo Smoby Beige</b>, ideale per coloro che cercano prodotti di qualità per i più piccoli! Scopri <b>Smoby</b> ai migliori prezzi!<br><br><p>Il <b>Triciclo Baby Balade Beige</b> del marchio <b>Smoby</b> è un veicolo per bambini progettato per stimolare la motricità e l’equilibrio nei più piccoli e nei bambini in età scolare, ideale per una fascia d’età che va dai <b>3 ai 10 anni</b>. Questo triciclo unisce un design funzionale a una palette di colori <b>beige e metallizzato</b>, offrendo uno stile neutro e moderno che si adatta a gusti e ambienti diversi. Pensato per i bambini, è realizzato con materiali sicuri e resistenti che garantiscono durata e comfort durante l’uso. Inoltre, la sua struttura favorisce lo sviluppo dell’equilibrio e della coordinazione, aspetti fondamentali nelle prime fasi della crescita. Il design ergonomico e sicuro permette ai più piccoli di sperimentare la mobilità in modo controllato e divertente, risultando adatto sia per esterni che per spazi ampi. Il marchio Smoby, noto per la sua specializzazione in giocattoli di qualità, offre con questo triciclo un prodotto affidabile che rispetta le aspettative di sicurezza e funzionalità per i bambini in età di gioco attivo. Inoltre, l’inclusione della lingua francese nell’etichetta o nel manuale lo rende accessibile anche agli utenti francofoni, ampliandone la diffusione sul mercato. In sintesi, il Baby Balade Beige è una proposta equilibrata che risponde alle esigenze ludiche e fisiche dei bambini, contribuendo positivamente al loro sviluppo psicomotorio.</p><br><br><ul><li>Lingua: Francese</li><li>Colore: Beige</li><li>Materiale: Plastica</li><li>Caratteristiche: <ul><li>Manici</li><li>Sedile regolabile</li></ul></li><li>Richiede montaggio: Sì</li><li>Età consigliata: <ul><li>+ 10 Anni</li><li>Bambini</li></ul></li><li>Genere: Unisex</li><li>Lunghezza: 52 cm</li></ul>",Pop Pulse Emporium,Bricolage,156.67,4,Nuovo,6.02,25.0,60.0,43.0,https://cdnbigbuy.com/images/3032167414038_S71013841_P00.jpg,https://cdnbigbuy.com/images/3032167414038_S2457079_P60.jpg,https://cdnbigbuy.com/images/3032167414038_R20.jpg,https://cdnbigbuy.com/images/3032167414038_S2457079_P70.jpg,0,3-6 giorni,24 mesi,EU,,,
S7197188,3478580371105,Dispositivo per la raccolta delle foglie per piscine Zodiac Cyclonic Leaf Catcher,Il divertimento estivo è assicurato con queste proposte che piaceranno sia ai più piccoli che ai grandi! Compra <b>Dispositivo per la raccolta delle foglie per piscine Zodiac Cyclonic Leaf Catcher</b> e goditi il tuo tempo libero!<br><br><ul><li>Tipo: <ul><li>Pulitori automatici</li><li>Filtro per aspirapolvere</li></ul></li><li>Dimensioni appross.: 23 x 19 x 28 cm</li><li>Paese/regione di produzione: Spagna</li><li>Colore: Azzurro</li><li>Materiale: Plastica</li></ul>,Pop Pulse Emporium,Bricolage,169.98,1,Nuovo,1.42,20.2,24.0,29.2,https://cdnbigbuy.com/images/3478580371105_S7197188_P00.jpg,,,,0,3-6 giorni,24 mesi,EU,,,
S71013522,3760107378323,Lampada ad energia solare Galix G4590B Argentato 1000 Lm,"Se sei alla ricerca di novità alla moda sul mercato, ti presentiamo <b>Lampada ad energia solare Galix G4590B Argentato 1000 Lm</b>!<br><br><ul><li>Tipo: Lampada ad energia solare</li><li>Materiale: Acciaio inossidabile</li><li>Forma: Cilindro</li><li>Batteria inclusa: Sì</li><li>Colore: Argentato</li><li>Intervallo di circa: 8-10 h</li><li>Flusso luminoso: 1000 Lm</li><li>Fonte di Alimentazione: Solare</li><li>Include: Pannello solare</li></ul>",Pop Pulse Emporium,Bricolage,111.63,2,Nuovo,0.64,14.65,12.19,20.61,https://cdnbigbuy.com/images/3760107378323_S71013522_P20.jpg,https://cdnbigbuy.com/images/3760107378323_S71013522_P30.jpg,https://cdnbigbuy.com/images/3760107378323_S71013522_P00.jpg,https://cdnbigbuy.com/images/3760107378323_S71013522_P10.jpg,0,3-6 giorni,24 mesi,EU,,,
S0381515,8050560954956,Orologio Donna Furla WW00004010L1 (Ø 36 mm),"Se ti piace seguire le ultime tendenze per quanto riguarda moda e accessori, compra <b>Orologio Donna Furla WW00004010L1 (Ø 36 mm)</b> al miglior prezzo.<br><br><ul><li>Genere: Donna</li><li>Anelli extra: No</li><li>Tipo di orologio: Orologio da polso</li><li>Materiale del cinturino: Acciaio inossidabile</li><li>Materiale della cassa dell'orologio: Acciaio inossidabile</li><li>Tipo di movimento: Quarzo</li><li>Cristallo: Minerale</li><li>Impermeabilità: 5 atm</li><li>Include: Include confezione della marca</li><li>Tipo di chiusura: Pressione</li><li>Colore del quadrante: Grigio</li><li>Colore della custodia dell'orologio: Grigio</li><li>Colore del cinturino: Grigio</li><li>Diametro della cassa dell'orologio: Ø 36 mm</li></ul>",Pop Pulse Emporium,Bricolage,132.73,5,Nuovo,0.4,32.0,19.0,10.0,https://cdnbigbuy.com/images/8050560954956_S0381515_P00.jpg,https://cdnbigbuy.com/images/77874_mandatory-watch0.jpg,,,0,3-6 giorni,24 mesi,EU,,,
S3020971,8424001894611,Lampadario DKD Home Decor 25W Cristallo Marrone Alluminio 220 V (52 x 10 x 30 cm),"<p>Se vuoi dare un tocco d'originalità alla tua casa, con <b>Lampadario DKD Home Decor 25W Cristallo Marrone Alluminio 220 V (52 x 10 x 30 cm)</b> potrai farlo.</p><br><ul><li>Colore: <ul><li>Marrone</li><li>Multicolore</li></ul></li><li>Materiale: <ul><li>Alluminio</li><li>Cristallo</li></ul></li><li>Potenza: <ul><li>220 V</li><li>25 W</li></ul></li><li>Tappo: <ul><li>E14</li><li>E27</li></ul></li><li>Lampadine: 4</li><li>Stile: Loft</li><li>Dimensioni appross.: 52 x 10 x 30 cm</li><li>Fattore di forma: Rettangolare</li></ul>",Pop Pulse Emporium,Bricolage,100.96,49,Nuovo,5.3,58.0,16.0,34.0,https://cdnbigbuy.com/images/8424001894611_S3020971_P42.jpg,https://cdnbigbuy.com/images/8424001894611_S3020971_P22.jpg,https://cdnbigbuy.com/images/8424001894611_S3020971_P12.jpg,https://cdnbigbuy.com/images/8424001894611_S3020971_P02.jpg,0,3-6 giorni,24 mesi,EU,,,
S3043712,8424002064372,Lampada da tavolo DKD Home Decor 40 x 23 x 79 cm Dorato Metallo Bianco Marmo 40 W 240 V,"<p>Se vuoi dare un tocco d'originalità alla tua casa, con <b>Lampada da tavolo DKD Home Decor 40 x 23 x 79 cm Dorato Metallo Bianco Marmo 40 W 240 V</b> potrai farlo.</p><br><br><ul><li>Prodotto plug-in: Sì</li><li>Tipo di presa: Spina EU</li><li>Tipo: <ul><li>Lampada da tavolo</li><li>Glamour</li></ul></li><li>Composizione: Lino</li><li>Voltaggio: 240 V</li><li>Tappo: E27</li><li>Lunghezza: <ul><li>25 cm</li><li>23 cm</li></ul></li><li>Alto: 79 cm</li><li>Potenza: 40 W</li><li>Larghezza: 40 cm</li><li>Materiale: <ul><li>Lino</li><li>Metallo</li><li>Marmo</li></ul></li><li>Colore: <ul><li>Bianco</li><li>Dorato</li></ul></li><li>Non Include: Lampadina</li><li>Dimensioni appross.: 40 x 23 x 79 cm</li><li>Paese/regione di produzione: Spagna</li><li>Fonte di Alimentazione: Cavo elettrico</li><li>Display: Metallo</li></ul>",Pop Pulse Emporium,Bricolage,127.4,9,Nuovo,5.2,64.0,28.0,42.0,https://cdnbigbuy.com/images/8424002064372_S3043712_P21.jpg,https://cdnbigbuy.com/images/8424002064372_S3043712_P01.jpg,https://cdnbigbuy.com/images/8424002064372_S3043712_P11.jpg,https://cdnbigbuy.com/images/8424002064372_S3043712_P31.jpg,0,3-6 giorni,24 mesi,EU,,,
S3709404,8033280325145,Stivali Racing Sparco K-Pole Azzurro 37,"Se stai pensando di rinnovare il tuo armadio, compra <b>Stivali Racing Sparco K-Pole Azzurro 37</b> e altri <b>prodotti Sparco</b>! La migliore qualità al miglior prezzo è già a portata di mano!<br><br><ul><li>Genere: Unisex</li><li>Età consigliata: Adulti</li><li>Sport: Racing</li><li>Uso consigliato: kart</li><li>Tipo: Stivali Racing</li><li>Colore: <ul><li>Bianco</li><li>Azzurro</li></ul></li><li>Materiale: <ul><li>Gomma</li><li>Pelle</li></ul></li><li>Caratteristiche: Traspirante</li><li>Taglia: 37</li></ul>",Pop Pulse Emporium,Bricolage,112.97,1,Nuovo,3.0,12.0,25.0,35.0,https://cdnbigbuy.com/images/8033280325145_S3709404_P01.jpg,https://cdnbigbuy.com/images/9405_mandatory-motor1.jpg,https://cdnbigbuy.com/images/8033280325145_S3709404_P11.jpg,,0,3-6 giorni,24 mesi,EU,,,
S7275120,8430622722103,Orologio Uomo Festina F16820/A Argentato,"Se ti piace seguire le ultime tendenze per quanto riguarda moda e accessori, compra <b>Orologio Uomo Festina F16820/A Argentato</b> al miglior prezzo.<br><br><ul><li>Genere: Uomo</li><li>Anelli extra: No</li><li>Tipo di orologio: Orologio da polso</li><li>Anno: 2018</li><li>Materiale del cinturino: Acciaio inossidabile</li><li>Tipo di chiusura: Fibbia</li><li>Colore: Argentato</li><li>Colore del quadrante: Azzurro</li><li>Tipo di movimento: Quarzo</li></ul>",Pop Pulse Emporium,Bricolage,196.59,50,Nuovo,0.3,14.15,12.43,10.11,https://cdnbigbuy.com/images/8430622722103_S7275120_P01.jpg,https://cdnbigbuy.com/images/74177_mandatory-watch1.jpg,,,0,3-6 giorni,24 mesi,EU,,,
S71000798,5702017592480,Set di Costruzioni Lego 77050 Nook's Shop & Rosie's House Multicolore,"I bambini meritano il meglio, per questo ti presentiamo <b>Set di Costruzioni Lego 77050 Nook's Shop & Rosie's House Multicolore</b>, ideale per coloro che cercano prodotti di qualità per i più piccoli! Scopri <b>Lego</b> e altre marche e brevetti ai migliori prezzi!<br><br><ul><li>Età consigliata: + 7 Anni</li><li>Include: Istruzioni di montaggio</li><li>Tipo: Set di Costruzioni</li><li>Colore: Multicolore</li><li>Materiale: Plastica</li><li>Lingua: Inglese</li></ul>",Pop Pulse Emporium,Bricolage,108.41,25,Nuovo,0.88,27.0,7.4,38.2,https://cdnbigbuy.com/images/5702017592480_S71000798_P00.jpg,https://cdnbigbuy.com/images/5702017592480_S71000798_P20.jpg,https://cdnbigbuy.com/images/5702017592480_S71000798_P50.jpg,https://cdnbigbuy.com/images/5702017592480_S71000798_P10.jpg,0,3-6 giorni,24 mesi,EU,,,
S2032105,0194432299306,Scarpe Casual da Donna Converse All Star Move Bianco,"Se stai pensando di rinnovare il tuo armadio, compra <b>Scarpe Casual da Donna Converse All Star Move Bianco</b> e altri <b>prodotti Converse</b>! La migliore qualità al miglior prezzo è già a portata di mano!<br><br><ul><li>Colore: Bianco</li><li>Genere: Donna</li><li>Età consigliata: Adulti</li><li>Tipo: <ul><li>Scarpe</li><li>Scarpe Sportive</li></ul></li><li>Materiale: Tela</li><li>Taglia: 40</li></ul>",Pop Pulse Emporium,Bricolage,102.17,8,Nuovo,1.0,17.78,10.16,27.94,https://cdnbigbuy.com/images/0194432299306_S2032105_P00.jpg,https://cdnbigbuy.com/images/0194432299306_S2032105_P10.jpg,,,0,3-6 giorni,24 mesi,EU,,,
S37114682,8056690102984,Maglia OMP FIRST Bianco S,"Se stai pensando di rinnovare il tuo armadio, compra <b>Maglia OMP FIRST Bianco S</b> e altri <b>prodotti OMP</b>! La migliore qualità al miglior prezzo è già a portata di mano!<br><br><ul><li>Caratteristiche: <ul><li>Approvato dalla FIA</li><li>Ignifugo</li></ul></li><li>Colore: Bianco</li><li>Taglia: S</li></ul>",Pop Pulse Emporium,Bricolage,108.7,2,Nuovo,1.0,25.0,20.0,25.0,https://cdnbigbuy.com/images/8056690102984_S37114682_P00.jpg,,,,0,3-6 giorni,24 mesi,EU,,,
S0310183,0091661452406,Orologio Donna Guess W0289L3 (Ø 39 mm),"Se ti piace seguire le ultime tendenze per quanto riguarda moda e accessori, compra <b>Orologio Donna Guess W0289L3 (Ø 39 mm)</b> al miglior prezzo.<br><br><ul><li>Colore del cinturino: Azzurro</li><li>Tipo di chiusura: Fibbia</li><li>Impermeabilità: 5 atm</li><li>Cristallo: Minerale</li><li>Colore del quadrante: Azzurro</li><li>Include: Include confezione della marca</li><li>Tipo di movimento: Quarzo</li><li>Colore della custodia dell'orologio: Dorato</li><li>Materiale della cassa dell'orologio: <ul><li>Acciaio</li><li>Acciaio inossidabile</li></ul></li><li>Diametro della cassa dell'orologio: Ø 39 mm</li></ul>",Pop Pulse Emporium,Bricolage,144.38,10,Nuovo,0.4,32.0,19.0,10.0,https://cdnbigbuy.com/images/0091661452406_0_P02.jpg,https://cdnbigbuy.com/images/0091661452406_mandatory-watch2.jpg,,,0,3-6 giorni,24 mesi,EU,,,
S7265916,0886895430647,Montatura per Occhiali Donna Calvin Klein CK19529,"Se stai pensando di rinnovare il tuo armadio, compra <b>Montatura per Occhiali Donna Calvin Klein CK19529</b> e altri <b>prodotti Calvin Klein</b>! La migliore qualità al miglior prezzo è già a portata di mano!<br><br><ul><li>Caratteristiche: Lenti non graduate</li><li>Genere: Donna</li><li>Tipo: Montatura per Occhiali</li></ul>",Pop Pulse Emporium,Bricolage,187.66,1,Nuovo,0.3,10.06,9.97,9.97,https://cdnbigbuy.com/images/0886895430647_R01.jpg,,,,0,3-6 giorni,24 mesi,EU,,,
M0506435,0010343864511,Cartuccia ad Inchiostro Originale Epson GF Stylus Pro 7880/9880 Nero,"Se sei un appassionato d'<b>informatica ed elettronica</b>, ti piace stare al passo con la più recente tecnologia senza lasciarti sfuggire nessun dettaglio, acquista <b>Cartuccia ad Inchiostro Originale Epson GF Stylus Pro 7880/9880 Nero</b> al miglior prezzo.<br><br><ul><li>Colore: Nero</li><li>Tecnologia: Inkjet</li><li>Capacità: 220 ml</li><li>Tipo: <ul><li>Originale</li><li>Cartuccia ad Inchiostro Originale</li></ul></li><li>Paese/regione di produzione: Cina</li><li>Certificato: CE</li><li>Compatibile: Epson</li><li>Temperatura approssimativa: -20º / 40º</li><li>Caratteristiche: Originale</li></ul>",Pop Pulse Emporium,Bricolage,165.28,10,Nuovo,0.4,19.0,11.0,3.0,https://cdnbigbuy.com/images/0010343864511_R00.jpg,,,,0,3-6 giorni,24 mesi,EU,,,
S3721333,8033280392352,Felpa senza Cappuccio Uomo Sparco MARTINI RACING Nero Taglia XL,"Se stai pensando di rinnovare il tuo armadio, compra <b>Felpa senza Cappuccio Uomo Sparco MARTINI RACING Nero Taglia XL</b> e altri <b>prodotti Sparco</b>! La migliore qualità al miglior prezzo è già a portata di mano!<br><br><ul><li>Colore: Nero</li><li>Taglia: XL</li><li>Tipo: Felpe</li><li>Caratteristiche: Taglia XL</li><li>Composizione: 100 % cotone</li><li>Genere: Unisex adulti</li></ul>",Pop Pulse Emporium,Bricolage,135.14,2,Nuovo,1.3,50.0,50.0,10.0,https://cdnbigbuy.com/images/8033280392352_S3721333_P02.jpg,https://cdnbigbuy.com/images/21043_mandatory-motor2.jpg,,,0,3-6 giorni,24 mesi,EU,,,
S7138020,8719514289130,"Lampadina LED Philips Starter Kit E27 9,5 W Bianco F (3 Unità)","Se ti piace curare ogni singolo dettaglio della casa ed essere sempre alla moda in tema di prodotti che ti renderanno la vità più facile, compra <b>Lampadina LED Philips Starter Kit E27 9,5 W Bianco F (3 Unità)</b> al miglior prezzo.<br><br><ul><li>Include: <ul><li>Cavo RJ45</li><li>Adattatore AC</li></ul></li><li>Tipo: <ul><li>Lampadina</li><li>Lampadina LED</li></ul></li><li>Caratteristiche: <ul><li>Telecomando</li><li>Regolabile</li></ul></li><li>Tappo: E27</li><li>Potenza: 9,5 W</li><li>Unità: 3 Unità</li><li>Colore: Bianco</li><li>Classificazione energetica: F</li><li>Voltaggio: <ul><li>220 V</li><li>220-240 V</li></ul></li><li>Tecnologia: LED</li><li>Tipo di corrente: CA</li><li>Classificazione IP: IP20</li><li>Compatibile: Amazon Alexa</li><li>Durata: 25000 h</li><li>Alto: 140 cm</li><li>Fonte di Alimentazione: Corrente alternata</li></ul>",Pop Pulse Emporium,Bricolage,147.06,5,Nuovo,0.92,17.6,22.2,14.0,https://cdnbigbuy.com/images/8719514289130_S7138020_P02.jpg,https://cdnbigbuy.com/images/8719514289130_S7138020_P0_icon2.jpg,https://cdnbigbuy.com/images/8719514289130_S7138020_P52.jpg,https://cdnbigbuy.com/images/8719514289130_S7138020_P12.jpg,0,3-6 giorni,24 mesi,EU,,,
S3059538,8424002176693,Lampadario Home ESPRIT Legno di mango 38 x 38 x 32 cm,"<p>Se vuoi dare un tocco d'originalità alla tua casa, con <b>Lampadario Home ESPRIT Legno di mango 38 x 38 x 32 cm</b> potrai farlo.</p><br><br><ul><li>Tipo: Lampadario</li><li>Materiale: Legno di mango</li><li>Non Include: Lampadina</li><li>Dimensioni appross.: 38 x 38 x 32 cm</li></ul>",Pop Pulse Emporium,Bricolage,131.41,10,Nuovo,4.9,33.19,30.31,28.62,https://cdnbigbuy.com/images/8424002176693_S3059538_P00.jpg,,,,0,3-6 giorni,24 mesi,EU,,,
M0515776,5031713031468,Toner OKI 43381706 Magenta Nero/Grigio,Torna in ufficio senza dimenticarti di nulla! Compra <b>Toner OKI 43381706 Magenta Nero/Grigio</b> e sarai l'invidia dei tuoi colleghi!<br><br><ul><li>Colore: <ul><li>Magenta</li><li>Nero/Grigio</li></ul></li><li>Dimensione: A4</li><li>Tecnologia: Laser</li><li>Caratteristiche: Originale</li></ul>,Pop Pulse Emporium,Bricolage,133.82,2,Nuovo,1.34,36.5,14.5,23.0,https://cdnbigbuy.com/images/5031713031468_M0515776_P00.jpg,,,,0,3-6 giorni,24 mesi,EU,,,
S7249276,8430622791109,Orologio Uomo Lotus 18855/1,"Se ti piace seguire le ultime tendenze per quanto riguarda moda e accessori, compra <b>Orologio Uomo Lotus 18855/1</b> al miglior prezzo.<br><br><ul><li>Genere: Uomo</li><li>Anelli extra: No</li><li>Tipo di orologio: Orologio da polso</li></ul>",Pop Pulse Emporium,Bricolage,185.16,50,Nuovo,0.4,32.0,19.0,10.0,https://cdnbigbuy.com/images/8430622791109_S7249276_P01.jpg,https://cdnbigbuy.com/images/8430622791109_S7249276_P11.jpg,https://cdnbigbuy.com/images/8430622791109_S7249276_P21.jpg,https://cdnbigbuy.com/images/8430622791109_S7249276_P31.jpg,0,3-6 giorni,24 mesi,EU,,,
S3623985,4899888643128,Ombrelli Poliestere 100 x 100 x 62 cm (16 Unità),"Se stai pensando di rinnovare il tuo armadio, compra <b>Ombrelli Poliestere 100 x 100 x 62 cm (16 Unità)</b> e altri <b>prodotti </b>! La migliore qualità al miglior prezzo è già a portata di mano!<br><br><ul><li>Materiale: Poliestere</li><li>Informazioni importanti: Disegni assortiti inviati in modo aleatorio a seconda della disponibilità in magazzino</li><li>Unità: 16 Unità</li><li>Dimensioni appross.: 100 x 100 x 62 cm</li><li>Tipo: Ombrelli</li><li>Colore: <ul><li>Azzurro</li><li>Rosso</li><li>Marrone</li><li>Marrone scuro</li></ul></li></ul><br><br>Informazioni importanti: Disegni assortiti inviati in modo aleatorio a seconda della disponibilità in magazzino.",Pop Pulse Emporium,Bricolage,112.57,25,Nuovo,7.75,25.0,25.0,46.5,https://cdnbigbuy.com/images/S3623985_S3623985_P4_icon1.jpg,https://cdnbigbuy.com/images/S3623985_P01.jpg,https://cdnbigbuy.com/images/S3623985_P31.jpg,https://cdnbigbuy.com/images/S3623985_S3623985_P41.jpg,0,3-6 giorni,24 mesi,EU,,,
S71015138,4066529136633,Spray a Pressione da Giardino Kärcher,"Se sei alla ricerca di novità alla moda sul mercato, ti presentiamo <b>Spray a Pressione da Giardino Kärcher</b>!",Pop Pulse Emporium,Bricolage,116.86,2,Nuovo,0.78,26.0,8.0,29.0,https://cdnbigbuy.com/images/4066529136633_S71015138_P00.jpg,https://cdnbigbuy.com/images/4066529136633_S71015138_P10.jpg,https://cdnbigbuy.com/images/4066529136633_S71015138_P20.jpg,https://cdnbigbuy.com/images/4066529136633_S71015138_P30.jpg,0,3-6 giorni,24 mesi,EU,,,
S0300230,8666667770032,Orologio Uomo Bobroff BF1001M15M (Ø 44 mm),"Se ti piace seguire le ultime tendenze per quanto riguarda moda e accessori, compra <b>Orologio Uomo Bobroff BF1001M15M (Ø 44 mm)</b> al miglior prezzo.<br><br><ul><li>Colore del cinturino: Nero</li><li>Colore della custodia dell'orologio: Nero</li><li>Colore del quadrante: Nero</li><li>Materiale del cinturino: Acciaio</li><li>Tipo di chiusura: Libro</li><li>Impermeabilità: 10 atm</li><li>Cristallo: Zaffiro</li><li>Include: Include confezione della marca</li><li>Tipo di movimento: Quarzo</li><li>Materiale della cassa dell'orologio: <ul><li>Acciaio</li><li>Acciaio inossidabile</li></ul></li><li>Diametro della cassa dell'orologio: Ø 44 mm</li><li>Colore: Nero</li></ul>",Pop Pulse Emporium,Bricolage,162.24,25,Nuovo,0.4,32.0,19.0,10.0,https://cdnbigbuy.com/images/8666667770032_S0300230_P02.jpg,https://cdnbigbuy.com/images/8666667770032_S0300230_P12.jpg,https://cdnbigbuy.com/images/35_mandatory-watch2.jpg,,0,3-6 giorni,24 mesi,EU,,,
S71009527,5410527152369,Vaso Garden ID,"Se ti piace curare ogni singolo dettaglio della casa ed essere sempre alla moda in tema di prodotti che ti renderanno la vità più facile, compra <b>Vaso Garden ID</b> al miglior prezzo.<br><br><ul><li>Tipo: <ul><li>Set di Vasi</li><li>Vaso</li></ul></li></ul>",Pop Pulse Emporium,Bricolage,112.15,2,Nuovo,4.26,56.0,35.0,35.0,https://cdnbigbuy.com/images/5410527152369_S71009527_P00.jpg,https://cdnbigbuy.com/images/5410527152369_S71009527_P40.jpg,https://cdnbigbuy.com/images/5410527152369_S71009527_P10.jpg,https://cdnbigbuy.com/images/5410527152369_S71009527_P20.jpg,0,3-6 giorni,24 mesi,EU,,,
S7200568,7612635132297,Orologio Donna Calvin Klein MINIMAL (Ø 35 mm),"Se ti piace seguire le ultime tendenze per quanto riguarda moda e accessori, compra <b>Orologio Donna Calvin Klein MINIMAL (Ø 35 mm)</b> al miglior prezzo.<br><br><ul><li>Genere: Donna</li><li>Anelli extra: No</li><li>Tipo di orologio: Orologio da polso</li><li>Include: Include confezione della marca</li><li>Impermeabilità: 3 atm</li><li>Cristallo: Minerale</li><li>Tipo di movimento: Quarzo</li><li>Diametro della cassa dell'orologio: Ø 35 mm</li><li>Materiale del cinturino: Acciaio inossidabile</li><li>Materiale della scatola: Acciaio inossidabile</li><li>Colore del cinturino: Azzurro</li><li>Peso circa: 120 gr</li></ul>",Pop Pulse Emporium,Bricolage,199.82,1,Nuovo,0.33,14.16,11.56,10.0,https://cdnbigbuy.com/images/7612635132297_S7200568_P01.jpg,https://cdnbigbuy.com/images/569_mandatory-watch1.jpg,,,0,3-6 giorni,24 mesi,EU,,,
S3040034,8424002005115,Lampada da Terra DKD Home Decor Dorato Metallo Poliestere Bianco 50 W Legno MDF (41 x 41 x 156 cm),"<p>Se vuoi dare un tocco d'originalità alla tua casa, con <b>Lampada da Terra DKD Home Decor Dorato Metallo Poliestere Bianco 50 W Legno MDF (41 x 41 x 156 cm)</b> potrai farlo.</p><br><br><ul><li>Tipo: Scaffale</li><li>Colore: <ul><li>Bianco</li><li>Dorato</li></ul></li><li>Materiale: <ul><li>Poliestere</li><li>Metallo</li><li>Legno MDF</li></ul></li><li>Tappo: E27</li><li>Voltaggio: 220 V</li><li>Fonte di Alimentazione: Cavo elettrico</li><li>Lampadine: 1</li><li>Non Include: <ul><li>Batteria</li><li>Lampadina</li></ul></li><li>Potenza: 50 W</li><li>Design: Moderno</li><li>Finitura: Marmo</li><li>Alto: 156 cm</li><li>Dimensioni appross.: 41 x 41 x 156 cm</li></ul>",Pop Pulse Emporium,Bricolage,106.73,2,Nuovo,5.1,44.0,45.5,44.0,https://cdnbigbuy.com/images/8424002005115_S3040034_P71.jpg,https://cdnbigbuy.com/images/8424002005115_S3040034_P51.jpg,https://cdnbigbuy.com/images/8424002005115_S3040034_P61.jpg,https://cdnbigbuy.com/images/8424002005115_S3040034_P11.jpg,0,3-6 giorni,24 mesi,EU,,,
M0509670,0882780528512,Cartuccia ad Inchiostro Originale HP C9410A,"Se sei un appassionato d'<b>informatica ed elettronica</b>, ti piace stare al passo con la più recente tecnologia senza lasciarti sfuggire nessun dettaglio, acquista <b>Cartuccia ad Inchiostro Originale HP C9410A</b> al miglior prezzo.<br><br><ul><li>Colore: Grigio</li><li>Tecnologia: Inkjet</li><li>Prodotto plug-in: Sì</li><li>Tipo di presa: Spina EU</li><li>Tipo: <ul><li>Cartuccia ad Inchiostro Originale</li><li>Originale</li></ul></li><li>Precisione (umidità relativa): 20 % - 80 %</li></ul>",Pop Pulse Emporium,Bricolage,149.93,2,Nuovo,0.11,14.5,13.0,3.0,https://cdnbigbuy.com/images/0882780528512_M0509670_P00.jpg,https://cdnbigbuy.com/images/0882780528512_M0509670_P10.jpg,,,0,3-6 giorni,24 mesi,EU,,,
M0516036,5031713066705,Nastro a trasferimento termico OKI C532/MC573/MC563/ES5432/5473,"Se sei un appassionato d'<b>informatica ed elettronica</b>, ti piace stare al passo con la più recente tecnologia senza lasciarti sfuggire nessun dettaglio, acquista <b>Nastro a trasferimento termico OKI C532/MC573/MC563/ES5432/5473</b> al miglior prezzo.<br><br><ul><li>Tipo: Tutto in uno</li><li>Colore: Nero</li><li>Dimensione: A4</li><li>Materiale: Plastica</li><li>Connettività: Bluetooth</li><li>Tecnologia: A getto d'inchiostro</li><li>Potenza: 50 W</li></ul>",Pop Pulse Emporium,Bricolage,147.4,10,Nuovo,1.82,38.0,38.0,17.0,https://cdnbigbuy.com/images/5031713066705_M0516036_P00.jpg,https://cdnbigbuy.com/images/5031713066705_I10.jpg,,,0,3-6 giorni,24 mesi,EU,,,
S05109212,9120066430793,Tequila Padre Azul Bianco 700 ml,"Se ti piace curare ogni singolo dettaglio della casa ed essere sempre alla moda in tema di prodotti che ti renderanno la vità più facile, compra <b>Tequila Padre Azul Bianco 700 ml</b> al miglior prezzo.<br><br><ul><li>Tipo: <ul><li>Bianco</li><li>Bevanda</li></ul></li><li>Gradazione alcolica: 40 %</li></ul>",Pop Pulse Emporium,Bricolage,119.99,10,Nuovo,0.7,10.0,10.0,26.5,https://cdnbigbuy.com/images/9120066430793_R01.jpg,,,,0,3-6 giorni,24 mesi,EU,,,
S9145388,8716309127691,"Supporto da Tavolo per Schermo GEMBIRD MA-DA3-03 17"" 27""","Se sei un appassionato d'<b>informatica ed elettronica</b>, ti piace stare al passo con la più recente tecnologia senza lasciarti sfuggire nessun dettaglio, acquista <b>Supporto da Tavolo per Schermo GEMBIRD MA-DA3-03 17"" 27""</b> al miglior prezzo.<br><br><ul><li>Colore: Nero</li><li>Display: <ul><li>17""</li><li>27""</li></ul></li><li>Include: Manuale dell'utente</li><li>Compatibile: <ul><li>VESA 10 x 10 cm</li><li>VESA 7,5 x 7,5 cm</li></ul></li></ul>",Pop Pulse Emporium,Bricolage,118.48,1,Nuovo,10.61,63.0,14.5,32.5,https://cdnbigbuy.com/images/8716309127691_S9145388_P00.jpg,https://cdnbigbuy.com/images/8716309127691_S9145388_P10.jpg,https://cdnbigbuy.com/images/8716309127691_S9145388_P120.jpg,https://cdnbigbuy.com/images/8716309127691_S9145388_P80.jpg,0,3-6 giorni,24 mesi,EU,,,
S3020825,8424001847181,Lampada da tavolo DKD Home Decor Nero Metallo Marrone Bianco Rovere 220 V 50 W 35 x 35 x 54 cm,"<p>Se vuoi dare un tocco d'originalità alla tua casa, con <b>Lampada da tavolo DKD Home Decor Nero Metallo Marrone Bianco Rovere 220 V 50 W 35 x 35 x 54 cm</b> potrai farlo.</p><br><br><ul><li>Colore: <ul><li>Bianco</li><li>Marrone</li><li>Nero</li></ul></li><li>Materiale: <ul><li>Metallo</li><li>Rovere</li></ul></li><li>Larghezza: 35 cm</li><li>Lunghezza: 35 cm</li><li>Tappo: E27</li><li>Voltaggio: 220 V</li><li>Non Include: Lampadina</li><li>Potenza: 50 W</li><li>Dimensioni appross.: 35 x 35 x 54 cm</li><li>Alto: 54 cm</li><li>Tipo: <ul><li>Lampada</li><li>Lampada da tavolo</li></ul></li><li>Prodotto plug-in: Sì</li><li>Tipo di presa: Spina EU</li></ul>",Pop Pulse Emporium,Bricolage,110.27,5,Nuovo,2.8,56.0,33.0,36.0,https://cdnbigbuy.com/images/8424001847181_S3020825_P42.jpg,https://cdnbigbuy.com/images/8424001847181_S3020825_P02.jpg,,,0,3-6 giorni,24 mesi,EU,,,
S2032088,0194432299146,Scarpe Sportive da Donna Converse Chuck Taylor All Star Move Nero,Mettiti in forma e scopri le ultime novità del settore per fare sport con le migliori garanzie! Compra <b>Scarpe Sportive da Donna Converse Chuck Taylor All Star Move Nero</b> al miglior prezzo e goditi una vita salutare!<br><br><ul><li>Tipo: Scarpe Sportive</li><li>Colore: Nero</li><li>Materiale: Tela</li><li>Genere: Donna</li></ul>,Pop Pulse Emporium,Bricolage,102.17,1,Nuovo,1.0,20.0,35.0,11.0,https://cdnbigbuy.com/images/0194432299146_S2032088_P00.jpg,https://cdnbigbuy.com/images/0194432299146_S2032088_P10.jpg,,,0,3-6 giorni,24 mesi,EU,,,
S7922760,8436579953096,Set di valigie Numada Upfly Nero (3 Pezzi),"Ti piace essere alla moda e sei un amante degli accessori? Ti presentiamo <b>Set di valigie Numada Upfly Nero (3 Pezzi)</b> e una vasta gamma di borse e portafogli per essere sempre all'avanguardia!<br><br><ul><li>Caratteristiche: <ul><li>Con ruote</li><li>Quattro ruote girevoli a 360°</li></ul></li><li>Ruote: Ruote x 4</li><li>Tipo: Set di valigie</li><li>Colore: Nero</li><li>Materiale: ABS</li><li>Numero di pezzi: 3 Pezzi</li><li>Tipo di chiusura: Lucchetto a combinazione</li><li>Include: <ul><li>Bagaglio a Mano 34,5 L 13 Kg (53 x 33,5 x 22 cm)</li><li>Valigia Media 60 L 18 Kg (63 x 39,5 x 26,8 cm)</li><li>Necessaire da Viaggio 11 L 5 Kg (31 x 31 x 17 cm)</li></ul></li></ul>",Pop Pulse Emporium,Bricolage,112.3,50,Nuovo,6.6,26.8,63.0,39.5,https://cdnbigbuy.com/images/8436579953096_S7922760_P00.jpg,https://cdnbigbuy.com/images/8436579953096_S7922760_P40.jpg,https://cdnbigbuy.com/images/8436579953096_S7922760_P50.jpg,https://cdnbigbuy.com/images/8436579953096_S7922760_P60.jpg,0,3-6 giorni,24 mesi,EU,,,
S71013051,8711465920131,Copertura per piscina Ubbink Azzurro,"Se sei alla ricerca di novità alla moda sul mercato, ti presentiamo <b>Copertura per piscina Ubbink Azzurro</b>!<br><br><ul><li>Tipo: Copertore</li><li>Colore: Azzurro</li></ul>",Pop Pulse Emporium,Bricolage,111.89,2,Nuovo,1.82,52.0,39.0,13.0,https://cdnbigbuy.com/images/8711465920131_S71013051_P00.jpg,,,,0,3-6 giorni,24 mesi,EU,,,
S9133047,5904921481731,Vivavoce Bluetooth Freedconn R3,Attrezza il tuo veicolo con le ultime novità del settore! Compra <b>Vivavoce Bluetooth Freedconn R3</b> e fai in modo che non ti manchi nulla!<br><br><ul><li>Colore: Nero</li><li>Caratteristiche: Radio FM</li><li>Include: Fotocamera</li><li>Capacità della batteria: 2 Ah</li></ul>,Pop Pulse Emporium,Bricolage,193.51,2,Nuovo,0.41,6.5,11.4,15.0,https://cdnbigbuy.com/images/5904921481731_S9133047_P00.jpg,https://cdnbigbuy.com/images/5904921481731_S9133047_P10.jpg,https://cdnbigbuy.com/images/5904921481731_S9133047_P20.jpg,https://cdnbigbuy.com/images/5904921481731_S9133047_P30.jpg,0,3-6 giorni,24 mesi,EU,,,
S0407359,8413893010995,Aspiratore da Cucina S&P CK50 120W,"Se stai pensando di rinnovare la tua cucina, acquista <b>Aspiratore da Cucina S&P CK50 120W</b> e altri <b> prodotti S&P</b>! La migliore qualità al miglior prezzo è ora a portata di mano!<br><br><ul><li>Tipo di Installazione: Montaggio a parete</li><li>Voltaggio: 230 V</li><li>Prodotto plug-in: Sì</li><li>Tipo di presa: Spina EU</li><li>Potenza: 120 W</li><li>Tipo: Aspiratore da Cucina</li><li>Colore: Bianco</li><li>Larghezza: 315</li><li>Velocità: 1050 rpm</li><li>Materiale: Plastica</li><li>Peso: 3 Kg</li><li>Fonte di Alimentazione: Cavo elettrico</li><li>Frequenza: 50 Hz</li><li>Tensione di ingresso AC: 230 V</li></ul>",Pop Pulse Emporium,Bricolage,169.67,10,Nuovo,3.5,35.6,32.2,14.6,https://cdnbigbuy.com/images/8413893010995_0_P03.jpg,,,,0,3-6 giorni,24 mesi,EU,,,
S91114477,5902414205307,mangime VETEXPERT Renal Elimination Coniglio 8 kg,"Se sei alla ricerca di novità alla moda sul mercato, ti presentiamo <b>mangime VETEXPERT Renal Elimination Coniglio 8 kg</b>!<br><br><ul><li>Tipo: mangime</li><li>Forma: Solido</li><li>Gusto: Coniglio</li><li>Animale Domestico: Cane</li><li>Uso consigliato: <ul><li>Animale domestico con allergia o intolleranza alimentare</li><li>Animale domestico con insufficienza renale</li></ul></li><li>Ingredienti: <ul><li>Grasso</li><li>Proteina</li><li>Fibra</li><li>Cenere</li></ul></li><li>Capacità: 8 kg</li></ul><br><br>Informazioni importanti: Senza Glutine. <br><br> Informazioni importanti: Senza zucchero. <br><br> Informazioni importanti: Senza soia.",Pop Pulse Emporium,Bricolage,127.38,19,Nuovo,8.2,48.0,14.0,36.0,https://cdnbigbuy.com/images/5902414205307_S91114477_P00.jpg,https://cdnbigbuy.com/images/5902414205307_S91114477_P10.jpg,https://cdnbigbuy.com/images/5902414205307_S91114477_P20.jpg,https://cdnbigbuy.com/images/5902414205307_S91114477_P30.jpg,0,3-6 giorni,24 mesi,EU,,,
S0321878,0091661458255,Orologio Uomo Guess W0674G3 (Ø 46 mm),"Se ti piace seguire le ultime tendenze per quanto riguarda moda e accessori, compra <b>Orologio Uomo Guess W0674G3 (Ø 46 mm)</b> al miglior prezzo.<br><br><ul><li>Materiale del cinturino: Caucciù</li><li>Colore del cinturino: Nero</li><li>Colore del quadrante: Bianco</li><li>Tipo di chiusura: Fibbia</li><li>Impermeabilità: 10 atm</li><li>Cristallo: Minerale</li><li>Include: Include confezione della marca</li><li>Tipo di movimento: Quarzo</li><li>Colore della custodia dell'orologio: Argentato</li><li>Materiale della cassa dell'orologio: <ul><li>Acciaio</li><li>Acciaio inossidabile</li></ul></li><li>Diametro della cassa dell'orologio: Ø 46 mm</li></ul>",Pop Pulse Emporium,Bricolage,123.03,5,Nuovo,0.4,32.0,19.0,10.0,https://cdnbigbuy.com/images/0091661458255_0_P02.jpg,https://cdnbigbuy.com/images/0091661458255_mandatory-watch2.jpg,,,0,3-6 giorni,24 mesi,EU,,,
S72111946,8050506114536,Bracciale Uomo Talent Jewels TJA-3-05-02-1-215 Argentato,"Ti presentiamo <b>Bracciale Uomo Talent Jewels TJA-3-05-02-1-215 Argentato</b> e un'ampia gamma di anelli, bracciali, orecchini, ciondoli, ecc. a buon prezzo. Scopri gli esclusivi ed eleganti pezzi di gioielli e bigiotteria per tutti i gusti e stili.<br><br><ul><li>Tipo: Bracciale</li><li>Genere: Uomo</li><li>Colore: Argentato</li></ul>",Pop Pulse Emporium,Bricolage,127.65,25,Nuovo,0.3,10.0,10.0,10.0,https://cdnbigbuy.com/images/8050506114536_S72111946_P00.jpg,,,,0,3-6 giorni,24 mesi,EU,,,
S7275126,8430622730832,Orologio Uomo Festina F20425/1 Argentato,"Se ti piace seguire le ultime tendenze per quanto riguarda moda e accessori, compra <b>Orologio Uomo Festina F20425/1 Argentato</b> al miglior prezzo.<br><br><ul><li>Genere: Uomo</li><li>Anelli extra: No</li><li>Tipo di orologio: Orologio da polso</li><li>Paese/regione di produzione: Cina</li><li>Anno: 2019</li><li>Materiale del cinturino: Acciaio inossidabile</li><li>Materiale della scatola: Acciaio inossidabile</li><li>Colore: Argentato</li><li>Diametro: 43 mm</li><li>Tipo di movimento: Quarzo</li></ul>",Pop Pulse Emporium,Bricolage,141.46,50,Nuovo,0.4,32.0,19.0,10.0,https://cdnbigbuy.com/images/8430622730832_S7275126_P01.jpg,https://cdnbigbuy.com/images/74183_mandatory-watch1.jpg,https://cdnbigbuy.com/images/8430622730832_S7275126_P11.jpg,,0,3-6 giorni,24 mesi,EU,,,
S0384778,7613272526364,Orologio Uomo Hugo Boss 1530311 (Ø 42 mm),"Se ti piace seguire le ultime tendenze per quanto riguarda moda e accessori, compra <b>Orologio Uomo Hugo Boss 1530311 (Ø 42 mm)</b> al miglior prezzo.<br><br><ul><li>Anelli extra: No</li><li>Tipo di orologio: Orologio da polso</li><li>Materiale del cinturino: Acciaio inossidabile</li><li>Materiale della cassa dell'orologio: Acciaio inossidabile</li><li>Tipo di movimento: Quarzo</li><li>Cristallo: Minerale</li><li>Impermeabilità: 5 atm</li><li>Include: Include confezione della marca</li><li>Tipo di chiusura: Farfalla</li><li>Colore del quadrante: Grigio</li><li>Colore della custodia dell'orologio: Grigio</li><li>Colore del cinturino: Grigio</li><li>Diametro della cassa dell'orologio: Ø 42 mm</li></ul>",Pop Pulse Emporium,Bricolage,159.9,2,Nuovo,0.4,32.0,19.0,10.0,https://cdnbigbuy.com/images/7613272526364_S0384778_P00.jpg,https://cdnbigbuy.com/images/7613272526364_S0384778_P10.jpg,https://cdnbigbuy.com/images/7613272526364_S0384778_P20.jpg,https://cdnbigbuy.com/images/81137_mandatory-watch0.jpg,0,3-6 giorni,24 mesi,EU,,,
S3031605,8424001999743,Lampadario DKD Home Decor Marrone Dorato Ferro Legno di mango 50 W 43 x 43 x 31 cm,"<p>Se vuoi dare un tocco d'originalità alla tua casa, con <b>Lampadario DKD Home Decor Marrone Dorato Ferro Legno di mango 50 W 43 x 43 x 31 cm</b> potrai farlo.</p><br><br><ul><li>Design: Finitura invecchiata</li><li>Tipo: Lampadario</li><li>Colore: <ul><li>Marrone</li><li>Dorato</li></ul></li><li>Materiale: <ul><li>Ferro</li><li>Legno di mango</li></ul></li><li>Potenza: 50 W</li><li>Tappo: E27</li><li>Voltaggio: 220 V</li><li>Lampadine: 1</li><li>Non Include: Lampadina</li><li>Dimensioni appross.: 43 x 43 x 31 cm</li><li>Paese/regione di produzione: Spagna</li><li>Display: Metallo</li></ul>",Pop Pulse Emporium,Bricolage,100.74,10,Nuovo,7.0,46.0,34.0,46.0,https://cdnbigbuy.com/images/8424001999743_S3031605_P44.jpg,https://cdnbigbuy.com/images/8424001999743_S3031605_P34.jpg,https://cdnbigbuy.com/images/8424001999743_S3031605_P24.jpg,https://cdnbigbuy.com/images/8424001999743_S3031605_P14.jpg,0,3-6 giorni,24 mesi,EU,,,
S0384008,0091661532450,Orologio Uomo Guess GW0573G2 (Ø 43 mm),"Se ti piace seguire le ultime tendenze per quanto riguarda moda e accessori, compra <b>Orologio Uomo Guess GW0573G2 (Ø 43 mm)</b> al miglior prezzo.<br><br><ul><li>Genere: Uomo</li><li>Anelli extra: No</li><li>Tipo di orologio: Orologio da polso</li><li>Materiale del cinturino: Acciaio inossidabile</li><li>Materiale della cassa dell'orologio: Acciaio inossidabile</li><li>Tipo di movimento: Quarzo</li><li>Cristallo: Minerale</li><li>Impermeabilità: 5 atm</li><li>Include: Include confezione della marca</li><li>Tipo di chiusura: Farfalla</li><li>Colore del quadrante: Verde</li><li>Colore della custodia dell'orologio: Dorato</li><li>Colore del cinturino: Dorato</li><li>Diametro della cassa dell'orologio: Ø 43 mm</li></ul>",Pop Pulse Emporium,Bricolage,109.45,5,Nuovo,0.4,32.0,19.0,10.0,https://cdnbigbuy.com/images/0091661532450_S0384008_P00.jpg,https://cdnbigbuy.com/images/0091661532450_S0384008_P20.jpg,https://cdnbigbuy.com/images/0091661532450_S0384008_P30.jpg,https://cdnbigbuy.com/images/73137_mandatory-watch0.jpg,0,3-6 giorni,24 mesi,EU,,,
S3031404,8424001947003,Lampada da tavolo DKD Home Decor Argentato Nero Dorato 26 x 26 x 46 cm Resina 220 V 50 W (2 Unità),"<p>Se vuoi dare un tocco d'originalità alla tua casa, con <b>Lampada da tavolo DKD Home Decor Argentato Nero Dorato 26 x 26 x 46 cm Resina 220 V 50 W (2 Unità)</b> potrai farlo.</p><br><br><ul><li>Informazioni importanti: Disegni assortiti inviati in modo aleatorio a seconda della disponibilità in magazzino</li><li>Tipo di presa: Spina EU</li><li>Prodotto plug-in: Sì</li><li>Tipo: Lampada da tavolo</li><li>Colore: <ul><li>Nero</li><li>Dorato</li><li>Argentato</li></ul></li><li>Unità: 2 Unità</li><li>Composizione: Poliestere</li><li>Voltaggio: 220 V</li><li>Tappo: E27</li><li>Lunghezza: 26 cm</li><li>Design: Coloniale</li><li>Alto: 46 cm</li><li>Potenza: 50 W</li><li>Larghezza: 26 cm</li><li>Materiale: Resina</li><li>Non Include: Lampadina</li><li>Dimensioni appross.: 26 x 26 x 46 cm</li><li>Paese/regione di produzione: Spagna</li><li>Stile: Coloniale</li><li>Fonte di Alimentazione: Cavo elettrico</li></ul><br><br>Informazioni importanti: Disegni assortiti inviati in modo aleatorio a seconda della disponibilità in magazzino.",Pop Pulse Emporium,Bricolage,125.49,17,Nuovo,4.8,26.0,26.0,46.0,https://cdnbigbuy.com/images/8424001947003_S3031404_P34.jpg,https://cdnbigbuy.com/images/8424001947003_S3031404_P04.jpg,https://cdnbigbuy.com/images/8424001947003_S3031404_P14.jpg,https://cdnbigbuy.com/images/8424001947003_S3031404_P24.jpg,0,3-6 giorni,24 mesi,EU,,,
S3713447,4025258784560,Ammortizzatore sportivo Bilstein Audi A3 B4 Posteriore Bitubo,Attrezza il tuo veicolo con le ultime novità del settore! Compra <b>Ammortizzatore sportivo Bilstein Audi A3 B4 Posteriore Bitubo</b> e fai in modo che non ti manchi nulla!<br><br><ul><li>Veicolo compatibile: Seat Leon Estate 2.0 (2013-)</li><li>Tipo: <ul><li>Posteriore</li><li>Bitubo</li></ul></li></ul>,Pop Pulse Emporium,Bricolage,125.06,1,Nuovo,2.25,75.0,0.68,75.0,https://cdnbigbuy.com/images/4025258784560_S3713447_P01.jpg,,,,0,3-6 giorni,24 mesi,EU,,,
S37115940,5998167710717,Braccioli Armster Renault Zoe 2020 Ecopelle,"Attrezza il tuo veicolo con le ultime novità del settore! Compra <b>Braccioli Armster Renault Zoe 2020 Ecopelle</b> e fai in modo che non ti manchi nulla!<br><br><p>Il <b>bracciolo Armster 2 per Renault Zoe 2020</b> è un accessorio progettato per migliorare comfort e funzionalità del veicolo, installato direttamente sulla console centrale grazie a un <b>adattatore specifico per questo modello</b>. Questo <b>bracciolo centrale di colore nero</b> dispone di un <b>regolatore di altezza a 4 posizioni</b> che consente di adattarlo perfettamente alla postura del conducente, oltre a un <b>appoggiabraccio regolabile con imbottitura morbida</b> nella parte superiore, che garantisce un comfort superiore durante la guida. Il design pieghevole facilita l’uso tra i sedili senza ostacolare la mobilità, mentre integra un pratico <b>scomparto portaoggetti</b> per conservare oggetti personali come documenti, portafoglio o telefono cellulare. Inoltre, include un supporto integrato per penne e monete, ottimizzando l’organizzazione dell’abitacolo. La struttura del bracciolo combina un <b>corpo con finitura opaca</b> a un elemento di design in <b>nero lucido</b>, conferendo uno stile discreto e moderno che si integra con l’interno della Renault Zoe. Realizzato secondo standard OEM di alta qualità, questo modello è stato sottoposto a test dinamici a lungo termine per garantirne durata e resistenza, con una <b>capacità di carico fino a 80 kg</b>. L’installazione è semplice e veloce, permettendo all’utente di montarlo autonomamente con attrezzi di base, poiché il pacchetto include un completo <b>kit di montaggio e istruzioni dettagliate</b>. Inoltre, dispone di una custodia per cintura che offre una soluzione pratica per trasportare documenti o telefono in modo sicuro e comodo. Il bracciolo Armster 2 offre un’integrazione specifica per marca e modello, rispettando la posizione naturale del sedile, volante e cambio per massimizzare ergonomia e comfort durante la guida, rappresentando un mig",Pop Pulse Emporium,Bricolage,147.64,2,Nuovo,8.0,35.0,25.0,25.0,https://cdnbigbuy.com/images/5998167710717_S37115940_P00.jpg,https://cdnbigbuy.com/images/5998167710717_S37115940_P10.jpg,https://cdnbigbuy.com/images/5998167710717_S37115940_P20.jpg,https://cdnbigbuy.com/images/5998167710717_S37115940_P30.jpg,0,3-6 giorni,24 mesi,EU,,,
S72123145,4894327172610,Occhiali da sole Uomo Yohji Yamamoto YY7005 49004,"Se sei alla ricerca di novità alla moda sul mercato, ti presentiamo <b>Occhiali da sole Uomo Yohji Yamamoto YY7005 49004</b>!<br><br><ul><li>Tipo: Occhiali da sole Uomo</li><li>Protezione: Proteggono al 100% dei raggi UV (UV400)</li><li>Genere: Uomo</li></ul>",Pop Pulse Emporium,Bricolage,134.25,2,Nuovo,0.28,10.0,10.0,10.06,https://cdnbigbuy.com/images/4894327172610_S72123145_P00.jpg,https://cdnbigbuy.com/images/4894327172610_S72123145_P10.jpg,https://cdnbigbuy.com/images/4894327172610_S72123145_P20.jpg,https://cdnbigbuy.com/images/4894327172610_S72123145_P30.jpg,0,3-6 giorni,24 mesi,EU,,,
S7913524,8033280413927,Scarpe Sportive Sparco 0752748,"Se sei alla ricerca di novità alla moda sul mercato, ti presentiamo <b>Scarpe Sportive Sparco 0752748</b>!<br><br><ul><li>Tipo: Scarpe Sportive</li><li>Colore: <ul><li>Giallo</li><li>Nero</li></ul></li><li>Caratteristiche: S1P</li><li>Taglia: 48</li></ul>",Pop Pulse Emporium,Bricolage,104.61,2,Nuovo,1.47,12.5,19.0,34.0,https://cdnbigbuy.com/images/8033280413927_R0_WBG3.jpg,,,,0,3-6 giorni,24 mesi,EU,,,
S71020428,6941057429601,Copertura per piscina Intex Azzurro,"Se sei alla ricerca di novità alla moda sul mercato, ti presentiamo <b>Copertura per piscina Intex Azzurro</b>!<br><br><ul><li>Tipo: Copertore</li><li>Colore: Azzurro</li></ul>",Pop Pulse Emporium,Bricolage,125.64,1,Nuovo,12.56,37.0,41.0,27.0,https://cdnbigbuy.com/images/6941057429601_S71020428_P00.jpg,,,,0,3-6 giorni,24 mesi,EU,,,
S7163079,3700057134723,Mobili da giardino Peppa Pig Per bambini 4 Pezzi,"<p>Se vuoi dare un tocco d'originalità alla tua casa, con <b>Mobili da giardino Peppa Pig Per bambini 4 Pezzi</b> potrai farlo.</p><br><br><ul><li>Genere: Per bambini</li><li>Tipo: Mobili da giardino</li><li>Include: <ul><li>Sedie x 2 (53 x 38,5 x 37,5 cm)</li><li>Ombrellone (Ø 100 x 125 cm)</li><li>Tavolo (Ø 46 cm x 46 cm)</li></ul></li><li>Numero di pezzi: 4 Pezzi</li><li>Diametro: Ø 46 cm</li><li>Uso consigliato: Bambini</li></ul>",Pop Pulse Emporium,Bricolage,101.3,8,Nuovo,4.44,75.5,51.0,12.0,https://cdnbigbuy.com/images/3700057134723_S7163079_P00.jpg,,,,0,3-6 giorni,24 mesi,EU,,,
S0386857,0196163096254,Zaino Michael Kors Jaycee Rosa 30 x 24 x 9 cm,Ti piace essere alla moda e sei un amante degli accessori? Ti presentiamo <b>Zaino Michael Kors Jaycee Rosa 30 x 24 x 9 cm</b> e una vasta gamma di borse e portafogli per essere sempre all'avanguardia!<br><br><ul><li>Tipo: Zaino</li><li>Genere: Donna</li><li>Stile: Casual</li><li>Colore: Rosa</li><li>Materiale: Pelle</li><li>Dimensioni appross.: 30 x 24 x 9 cm</li><li>Tipo di chiusura: Cerniera</li></ul>,Pop Pulse Emporium,Bricolage,198.42,50,Nuovo,0.3,30.0,40.0,7.0,https://cdnbigbuy.com/images/0196163096254_S0386857_P00.jpg,https://cdnbigbuy.com/images/0196163096254_S0386857_P10.jpg,https://cdnbigbuy.com/images/0196163096254_S0386857_P20.jpg,,0,3-6 giorni,24 mesi,EU,,,
S9105573,3182550402163,mangime Royal Canin Maxi Puppy Cucciolo/Junior Pollo Riso Vegetale 15 kg,"Se sei alla ricerca di novità alla moda sul mercato, ti presentiamo <b>mangime Royal Canin Maxi Puppy Cucciolo/Junior Pollo Riso Vegetale 15 kg</b>!<br><br><ul><li>Capacità: 15 kg</li><li>Tipo: mangime</li><li>Dimensione: Maxi</li><li>Iodio: 4,5 MG/KG</li><li>Selenio: 0,08 MG/KG</li><li>Manganese: 59 MG/KG</li><li>Rame (mg): 14 MG/KG</li><li>Ingredienti: <ul><li>Vitamina E</li><li>Vitamina D3</li><li>Grasso</li><li>Proteina</li><li>Fibra</li><li>Cenere</li></ul></li><li>Uso consigliato: Animale domestico con esigenze specifiche di pelle e pelo</li><li>Gusto: <ul><li>Pollo</li><li>Riso</li><li>Vegetale</li></ul></li><li>Età consigliata: Cucciolo/Junior</li><li>Zinco: 140 MG/KG</li></ul>",Pop Pulse Emporium,Bricolage,107.74,10,Nuovo,15.2,15.0,56.0,36.0,https://cdnbigbuy.com/images/3182550402163_I01.jpg,https://cdnbigbuy.com/images/3182550402163_I11.jpg,,,0,3-6 giorni,24 mesi,EU,,,
S7276769,8430622618079,Orologio Uomo Lotus 18239/1 Nero (Ø 40 mm),"Se ti piace seguire le ultime tendenze per quanto riguarda moda e accessori, compra <b>Orologio Uomo Lotus 18239/1 Nero (Ø 40 mm)</b> al miglior prezzo.<br><br><ul><li>Genere: Uomo</li><li>Anelli extra: No</li><li>Tipo di orologio: Orologio da polso</li><li>Colore: Nero</li><li>Anno: 2018</li><li>Materiale del cinturino: Pelle</li><li>Materiale della scatola: Acciaio inossidabile</li><li>Tipo di chiusura: Fibbia</li><li>Tipo di movimento: Quarzo</li><li>Funziona a batterie: 1 LR44</li><li>Diametro della cassa dell'orologio: Ø 40 mm</li></ul>",Pop Pulse Emporium,Bricolage,120.4,50,Nuovo,0.3,14.15,12.43,10.11,https://cdnbigbuy.com/images/S7276769_1698230374-no-background1.jpg,https://cdnbigbuy.com/images/75826_mandatory-watch1.jpg,https://cdnbigbuy.com/images/8430622618079_S7276769_P01.jpg,,0,3-6 giorni,24 mesi,EU,,,
S7230052,4549526241703,"Orologio Unisex Casio G-Shock OAK BLACK Nero (Ø 45 mm) (Ø 44,5 mm)","Se ti piace seguire le ultime tendenze per quanto riguarda moda e accessori, compra <b>Orologio Unisex Casio G-Shock OAK BLACK Nero (Ø 45 mm) (Ø 44,5 mm)</b> al miglior prezzo.<br><br><ul><li>Colore: Nero</li><li>Diametro: 45 mm</li><li>Tipo di movimento: Quarzo</li><li>Anelli extra: No</li><li>Genere: <ul><li>Unisex</li><li>Uomo</li></ul></li><li>Tipo di orologio: Orologio da polso</li><li>Funzioni: Multifunzionale</li><li>Materiale del cinturino: <ul><li>Resina</li><li>Caucciù</li></ul></li><li>Include: Include custodia o copertura del marchio</li><li>Impermeabilità: 20 atm</li><li>Cristallo: Minerale</li><li>Diametro della cassa dell'orologio: <ul><li>Ø 45 mm</li><li>Ø 44,5 mm</li></ul></li><li>Paese/regione di produzione: Spagna</li><li>Materiale: Plastica</li><li>Anno: 2019</li><li>Tipo di chiusura: Fibbia</li><li>Dimensione: 45 mm</li></ul>",Pop Pulse Emporium,Bricolage,139.41,1,Nuovo,0.33,9.57,10.24,10.0,https://cdnbigbuy.com/images/4549526241703_S7230052_P02.jpg,https://cdnbigbuy.com/images/4549526241703_S7230052_P22.jpg,https://cdnbigbuy.com/images/29216_mandatory-watch2.jpg,,0,3-6 giorni,24 mesi,EU,,,
S3042512,8424002022327,Sedia a Dondolo DKD Home Decor Metallo Alluminio Bianco (63 x 89 x 92 cm),"Se ti piace curare ogni singolo dettaglio della casa ed essere sempre alla moda in tema di prodotti che ti renderanno la vità più facile, compra <b>Sedia a Dondolo DKD Home Decor Metallo Alluminio Bianco (63 x 89 x 92 cm)</b> al miglior prezzo.<br><br><ul><li>Tipo: <ul><li>Giardino</li><li>Finitura invecchiata</li></ul></li><li>Colore: Bianco</li><li>Materiale: <ul><li>Metallo</li><li>Alluminio</li></ul></li><li>Dimensioni appross.: 63 x 89 x 92 cm</li><li>Dimensione: Standard</li></ul>",Pop Pulse Emporium,Bricolage,120.81,46,Nuovo,15.2,92.0,68.5,14.5,https://cdnbigbuy.com/images/8424002022327_S3042512_P61.jpg,https://cdnbigbuy.com/images/8424002022327_S3042512_P11.jpg,https://cdnbigbuy.com/images/8424002022327_S3042512_P21.jpg,https://cdnbigbuy.com/images/8424002022327_S3042512_P31.jpg,0,3-6 giorni,24 mesi,EU,,,
S72112585,4894816149895,Bracciale Uomo Police PEAGB0039101 Argentato,"Ti presentiamo <b>Bracciale Uomo Police PEAGB0039101 Argentato</b> e un'ampia gamma di anelli, bracciali, orecchini, ciondoli, ecc. a buon prezzo. Scopri gli esclusivi ed eleganti pezzi di gioielli e bigiotteria per tutti i gusti e stili.<br><br><ul><li>Tipo: Bracciale</li><li>Genere: Uomo</li><li>Colore: Argentato</li></ul>",Pop Pulse Emporium,Bricolage,115.49,1,Nuovo,0.3,10.0,10.0,10.0,https://cdnbigbuy.com/images/4894816149895_S72112585_P00.jpg,https://cdnbigbuy.com/images/4894816149895_S72112585_P20.jpg,https://cdnbigbuy.com/images/4894816149895_S72112585_P30.jpg,https://cdnbigbuy.com/images/4894816149895_S72112585_P10.jpg,0,3-6 giorni,24 mesi,EU,,,
S37115757,5998167750072,Braccioli Armster C05007A Fiat 500 2016,Attrezza il tuo veicolo con le ultime novità del settore! Compra <b>Braccioli Armster C05007A Fiat 500 2016</b> e fai in modo che non ti manchi nulla!<br><br><ul><li>Veicolo compatibile: Fiat 500 2016</li><li>Include: <ul><li>Kit di montaggio</li><li>Manuale delle Istruzioni</li></ul></li></ul>,Pop Pulse Emporium,Bricolage,131.98,5,Nuovo,8.0,35.0,25.0,25.0,https://cdnbigbuy.com/images/5998167750072_S37115757_P00.jpg,https://cdnbigbuy.com/images/5998167750072_S37115757_P60.jpg,https://cdnbigbuy.com/images/5998167750072_S37115757_P10.jpg,https://cdnbigbuy.com/images/5998167750072_S37115757_P20.jpg,0,3-6 giorni,24 mesi,EU,,,
S7235620,0889214295859,Montatura per Occhiali Donna Max Mara MM5033 55034,"Se stai pensando di rinnovare il tuo armadio, compra <b>Montatura per Occhiali Donna Max Mara MM5033 55034</b> e altri <b>prodotti Max Mara</b>! La migliore qualità al miglior prezzo è già a portata di mano!<br><br><ul><li>Genere: Donna</li><li>Include: Include confezione della marca</li><li>Tipo: Montatura per Occhiali</li><li>Caratteristiche: Lenti non graduate</li></ul>",Pop Pulse Emporium,Bricolage,112.54,2,Nuovo,0.3,10.06,9.97,9.97,https://cdnbigbuy.com/images/0889214295859_S7235620_P00.jpg,https://cdnbigbuy.com/images/0889214295859_S7235620_P30.jpg,https://cdnbigbuy.com/images/0889214295859_S7235620_P10.jpg,https://cdnbigbuy.com/images/0889214295859_S7235620_P20.jpg,0,3-6 giorni,24 mesi,EU,,,
S72103860,0883901165357,Occhiali da sole Uomo Calvin Klein CKJ24301S,"Se ti piace sfoggiare le ultime novità in tema di <b>moda e accessori</b> e gli accessori sono fondamentali per la tua immagine, non lasciarti sfuggire <b>Occhiali da sole Uomo Calvin Klein CKJ24301S</b>! Vantati delle migliori marche di <b>occhiali da sole</b>.<br><br><ul><li>Genere: <ul><li>Unisex</li><li>Unisex adulti</li></ul></li></ul>",Pop Pulse Emporium,Bricolage,129.77,1,Nuovo,0.28,10.0,10.0,10.06,https://cdnbigbuy.com/images/0883901165357_S72103860_P00.jpg,,,,0,3-6 giorni,24 mesi,EU,,,
S91121146,7640277841062,Tappetino Exped,"Se sei alla ricerca di novità alla moda sul mercato, ti presentiamo <b>Tappetino Exped</b>!",Pop Pulse Emporium,Bricolage,115.87,2,Nuovo,1.3,20.6,30.6,20.7,https://cdnbigbuy.com/images/7640277841062_S91121146_P00.jpg,https://cdnbigbuy.com/images/7640277841062_S91121146_P10.jpg,https://cdnbigbuy.com/images/7640277841062_S91121146_P20.jpg,,0,3-6 giorni,24 mesi,EU,,,
S3014672,8424001827336,Lampada da tavolo DKD Home Decor 31 x 34 x 55 cm Nero Bianco Resina 220 V 50 W (2 Unità),"<p>Se vuoi dare un tocco d'originalità alla tua casa, con <b>Lampada da tavolo DKD Home Decor 31 x 34 x 55 cm Nero Bianco Resina 220 V 50 W (2 Unità)</b> potrai farlo.</p><br><br><ul><li>Colore: <ul><li>Bianco</li><li>Nero</li></ul></li><li>Materiale: Resina</li><li>Tappo: E27</li><li>Voltaggio: 220 V</li><li>Design: <ul><li>Coloniale</li><li>Scimmia</li><li>Finitura invecchiata</li></ul></li><li>Alto: 55 cm</li><li>Non Include: Lampadina</li><li>Potenza: 50 W</li><li>Larghezza: 31 cm</li><li>Lunghezza: 34 cm</li><li>Dimensioni appross.: 31 x 34 x 55 cm</li><li>Unità: 2 Unità</li><li>Informazioni importanti: Disegni assortiti inviati in modo aleatorio a seconda della disponibilità in magazzino</li><li>Tipo: Lampada da tavolo</li><li>Prodotto plug-in: Sì</li><li>Tipo di presa: Spina EU</li></ul><br><br>Informazioni importanti: Disegni assortiti inviati in modo aleatorio a seconda della disponibilità in magazzino.",Pop Pulse Emporium,Bricolage,117.29,25,Nuovo,4.0,34.0,31.0,55.0,https://cdnbigbuy.com/images/8424001827336_S3014672_P44.jpg,https://cdnbigbuy.com/images/8424001827336_S3014672_P04.jpg,https://cdnbigbuy.com/images/8424001827336_S3014672_P14.jpg,https://cdnbigbuy.com/images/8424001827336_S3014672_P24.jpg,0,3-6 giorni,24 mesi,EU,,,
S3058599,8424002159672,Lampada da tavolo Home ESPRIT Multicolore Resina 26 x 26 x 43 cm (2 Unità),"<p>Se vuoi dare un tocco d'originalità alla tua casa, con <b>Lampada da tavolo Home ESPRIT Multicolore Resina 26 x 26 x 43 cm (2 Unità)</b> potrai farlo.</p><br><br><ul><li>Prodotto plug-in: Sì</li><li>Tipo: Lampada da tavolo</li><li>Tipo di presa: Spina EU</li><li>Colore: Multicolore</li><li>Unità: 2 Unità</li><li>Composizione: Velluto</li><li>Tappo: E27</li><li>Lunghezza: 26 cm</li><li>Design: Moderno</li><li>Alto: 43 cm</li><li>Larghezza: 26 cm</li><li>Materiale: Resina</li><li>Non Include: Lampadina</li><li>Dimensioni appross.: 26 x 26 x 43 cm</li></ul>",Pop Pulse Emporium,Bricolage,131.99,50,Nuovo,1.0,26.0,26.0,43.0,https://cdnbigbuy.com/images/8424002159672_S3058599_P00.jpg,https://cdnbigbuy.com/images/8424002159672_S3058599_P50.jpg,https://cdnbigbuy.com/images/8424002159672_S3058599_P10.jpg,https://cdnbigbuy.com/images/8424002159672_S3058599_P20.jpg,0,3-6 giorni,24 mesi,EU,,,
S6100917,0040102790256,Batteria Andis DBLC-2 Ricambio Rasoio per capelli,"Se sei alla ricerca di novità alla moda sul mercato, ti presentiamo <b>Batteria Andis DBLC-2 Ricambio Rasoio per capelli</b>!<br><br><ul><li>Tipo: <ul><li>Animali Domestici</li><li>Ricambio</li><li>Rasoio per capelli</li></ul></li><li>Intervallo di circa: 3 h</li><li>Tempo approssimativo di ricarica: 2 h</li><li>Animale Domestico: Cane</li></ul>",Pop Pulse Emporium,Bricolage,151.24,9,Nuovo,0.35,10.16,2.54,17.78,https://cdnbigbuy.com/images/0040102790256_00_WBG1.jpg,https://cdnbigbuy.com/images/0040102790256_S6100917_P1_WBG1.jpg,https://cdnbigbuy.com/images/0040102790256_S6100917_P2_WBG1.jpg,,0,3-6 giorni,24 mesi,EU,,,
S3054525,8424002111069,"Set di vasi da fiori Home ESPRIT Beige Fibra di Vetro Magnesio 44,5 x 44,5 x 44 cm (3 Unità)","Se ti piace curare ogni singolo dettaglio della casa ed essere sempre alla moda in tema di prodotti che ti renderanno la vità più facile, compra <b>Set di vasi da fiori Home ESPRIT Beige Fibra di Vetro Magnesio 44,5 x 44,5 x 44 cm (3 Unità)</b> al miglior prezzo.<br><br><ul><li>Dimensioni appross.: <ul><li>38 x 38 x 36 cm</li><li>30,5 x 31,5 x 31,5 cm</li><li>44,5 x 44,5 x 44 cm</li></ul></li><li>Colore: Beige</li><li>Materiale: <ul><li>Fibra di Vetro</li><li>Magnesio</li></ul></li><li>Unità: 3 Unità</li></ul>",Pop Pulse Emporium,Bricolage,106.68,17,Nuovo,23.5,46.5,46.0,46.5,https://cdnbigbuy.com/images/8424002111069_S3054525_P40.jpg,https://cdnbigbuy.com/images/8424002111069_S3054525_P30.jpg,https://cdnbigbuy.com/images/8424002111069_S3054525_P00.jpg,https://cdnbigbuy.com/images/8424002111069_S3054525_P10.jpg,0,3-6 giorni,24 mesi,EU,,,
S72111818,8050506112211,Bracciale Uomo Talent Jewels TJA-1-03-02-2-215 Nero,"Ti presentiamo <b>Bracciale Uomo Talent Jewels TJA-1-03-02-2-215 Nero</b> e un'ampia gamma di anelli, bracciali, orecchini, ciondoli, ecc. a buon prezzo. Scopri gli esclusivi ed eleganti pezzi di gioielli e bigiotteria per tutti i gusti e stili.<br><br><ul><li>Tipo: Bracciale</li><li>Genere: Uomo</li><li>Colore: Nero</li></ul>",Pop Pulse Emporium,Bricolage,140.29,5,Nuovo,0.3,10.0,10.0,10.0,https://cdnbigbuy.com/images/8050506112211_S72111818_P00.jpg,,,,0,3-6 giorni,24 mesi,EU,,,
S0351198,0722631423897,Orologio Donna Glam Rock GR50100 (Ø 42 mm),"Se ti piace seguire le ultime tendenze per quanto riguarda moda e accessori, compra <b>Orologio Donna Glam Rock GR50100 (Ø 42 mm)</b> al miglior prezzo.<br><br><ul><li>Genere: Donna</li><li>Diametro della cassa dell'orologio: Ø 42 mm</li><li>Anelli extra: No</li><li>Tipo di orologio: Orologio da polso</li><li>Colore del cinturino: Bianco</li><li>Colore della custodia dell'orologio: Bianco</li><li>Colore del quadrante: Bianco</li><li>Tipo di chiusura: Pressione</li><li>Include: Include confezione della marca</li><li>Impermeabilità: 10 atm</li><li>Cristallo: Zaffiro</li></ul>",Pop Pulse Emporium,Bricolage,134.67,5,Nuovo,0.4,32.0,19.0,10.0,https://cdnbigbuy.com/images/0722631423897_S0351198_P02.jpg,https://cdnbigbuy.com/images/47572_mandatory-watch2.jpg,,,0,3-6 giorni,24 mesi,EU,,,
S05122520,3614274104370,Profumo Donna Lancôme La Vie Est Belle Rose Extraordinaire EDP EDP 100 ml,<p>Lasciati sorprendere da <strong>Profumo Donna Lancôme La Vie Est Belle Rose Extraordinaire EDP EDP 100 ml 100% originale</strong>! Questo esclusivo <strong>profumo unisex</strong> &egrave; ideale sia per uomo che per donna. Scopri i prodotti<strong> Lancôme 100% originali</strong>!</p><br><br><ul><li>Tipo: EDP (Eau de Parfum)</li><li>Genere: Donna</li><li>Caratteristiche: vaporizzatore</li><li>Informazioni importanti: La confezione del prodotto può variare nel design a seconda delle promozioni pubblicitarie del produttore o del periodo dell'anno. Le diverse confezioni sono disponibili fino ad esaurimento scorte.</li><li>Tipo di fragranza: EDP</li><li>Nome della fragranza: La Vie Est Belle Rose Extraordinaire</li><li>Ingredienti: <ul><li>Water (Aqua)</li><li>Alpha-isomethyl ionone</li><li>Benzyl salicylate</li><li>Butyl methoxydibenzoylmethane</li><li>Citronellol</li><li>Fragance (parfum)</li><li>Limonene</li><li>Linalool</li><li>Citral</li><li>Benzyl alcohol</li><li>Benzyl benzoate</li><li>Geraniol</li><li>Alcool</li><li>Tris(tetramethylhydroxypiperidinol) citrate</li></ul></li><li>Capacità: 100 ml</li></ul>,Pop Pulse Emporium,Bricolage,143.25,50,Nuovo,0.49,5.5,9.7,15.0,https://cdnbigbuy.com/images/3614274104370_R00.jpg,https://cdnbigbuy.com/images/3614274104370_R10.jpg,https://cdnbigbuy.com/images/3614274104370_R30.jpg,,0,3-6 giorni,24 mesi,EU,,,
S0389795,0196163826585,Borsa a Tracolla Michael Kors Mila Nero 25 x 14 x 6 cm,"Se sei alla ricerca di novità alla moda sul mercato, ti presentiamo <b>Borsa a Tracolla Michael Kors Mila Nero 25 x 14 x 6 cm</b>!<br><br><ul><li>Tipo: <ul><li>Borsa</li><li>Borsa a Tracolla</li></ul></li><li>Genere: Donna</li><li>Colore: Nero</li><li>Composizione: Pelle</li><li>Tipo di chiusura: Barretta per capelli</li><li>Include: Include custodia o copertura del marchio</li><li>Dimensioni appross.: 25 x 14 x 6 cm</li></ul>",Pop Pulse Emporium,Bricolage,198.42,5,Nuovo,0.3,10.0,10.0,10.0,https://cdnbigbuy.com/images/0196163826585_S0389795_P00.jpg,https://cdnbigbuy.com/images/0196163826585_S0389795_P10.jpg,https://cdnbigbuy.com/images/0196163826585_S0389795_P20.jpg,,0,3-6 giorni,24 mesi,EU,,,
S9107590,4713218460684,Hard Disk Esterno Adata HD710 Pro Giallo Nero 2 TB HDD,"Se sei un appassionato d'<b>informatica ed elettronica</b>, ti piace stare al passo con la più recente tecnologia senza lasciarti sfuggire nessun dettaglio, acquista <b>Hard Disk Esterno Adata HD710 Pro Giallo Nero 2 TB HDD</b> al miglior prezzo.<br><br><ul><li>Tipo: <ul><li>Hard Disk Esterno</li><li>HDD</li></ul></li><li>Colore: <ul><li>Giallo</li><li>Nero</li></ul></li><li>Dimensione: 2,5""</li><li>Materiale: Plastica</li><li>Caratteristiche: <ul><li>Resistente all'acqua</li><li>Resistente alla polvere</li><li>Antiurto</li><li>Indicatore LED di funzionamento</li></ul></li><li>Connessioni: <ul><li>Micro USB B</li><li>USB 3.2</li><li>USB</li></ul></li><li>Include: Cavo USB</li><li>Compatibile: <ul><li>Windows 7</li><li>Windows 8</li><li>Windows 10</li><li>Linux</li><li>Windows 8.1</li><li>Windows Vista</li><li>Windows XP</li><li>MAC OS X 10.10 YOSEMITE</li><li>MAC OS X 10.11 EL CAPITAN</li><li>MAC OS X 10.12 SIERRA</li><li>MAC OS X 10.6 SNOW LEOPARD</li><li>MAC OS X 10.7 LION</li><li>MAC OS X 10.8 MOUNTAIN LION</li><li>MAC OS X 10.9 MAVERICKS</li></ul></li><li>Anno: 2017</li><li>Non Include: WiFi</li><li>Hard Disk: 2 TB HDD</li></ul>",Pop Pulse Emporium,Bricolage,117.3,10,Nuovo,0.32,12.0,4.5,17.5,https://cdnbigbuy.com/images/4713218460684_S9107590_P01.jpg,https://cdnbigbuy.com/images/4713218460684_R01.jpg,https://cdnbigbuy.com/images/4713218460684_R31.jpg,https://cdnbigbuy.com/images/4713218460684_R21.jpg,0,3-6 giorni,24 mesi,EU,,,
S8905327,4899888761525,Ombrellone Aktive 200 x 210 x 200 cm (6 Unità),"<p>Se vuoi dare un tocco d'originalità alla tua casa, con <b>Ombrellone Aktive 200 x 210 x 200 cm (6 Unità)</b> potrai farlo.</p><br><br><ul><li>Tipo: Ombrellone</li><li>Materiale: <ul><li>Poliestere</li><li>Fibra di Vetro</li></ul></li><li>Unità: 6 Unità</li><li>Dimensioni appross.: 200 x 210 x 200 cm</li></ul>",Pop Pulse Emporium,Bricolage,159.46,50,Nuovo,9.18,20.5,23.0,114.5,https://cdnbigbuy.com/images/s8905327_p0_icon1.jpg,https://cdnbigbuy.com/images/S8905327_P51.jpg,https://cdnbigbuy.com/images/S8905327_P01.jpg,https://cdnbigbuy.com/images/S8905327_P11.jpg,0,3-6 giorni,24 mesi,EU,,,
S8418503,7322540868906,Carta assorbente per le mani Tork Matic Bianco 150 m,"<p>Asciugamani di carta Tork Matic (6 Unità) è un esclusivo prodotto di qualità per la cura del corpo. Se sei alla ricerca dei migliori prodotti di igiene personale, i prodotti Tork originali al 100% sono esattamente ciò di cui hai bisogno.</p><br><br><ul><li>Colore: Bianco</li><li>Lunghezza: 150 m</li><li>Unità: 6 Unità</li><li>Tipo: Asciugamani di carta</li></ul>",Pop Pulse Emporium,Bricolage,107.53,2,Nuovo,4.22,58.0,38.0,23.0,https://cdnbigbuy.com/images/7322540868906_R01.jpg,https://cdnbigbuy.com/images/7322540868906_I21.jpg,,,0,3-6 giorni,24 mesi,EU,,,
S7274911,8430622795619,Orologio Uomo Festina F20375_8 Verde,"Se ti piace seguire le ultime tendenze per quanto riguarda moda e accessori, compra <b>Orologio Uomo Festina F20375_8 Verde</b> al miglior prezzo.<br><br><ul><li>Genere: Uomo</li><li>Anelli extra: No</li><li>Tipo di orologio: Orologio da polso</li><li>Colore: Verde</li><li>Colore del cinturino: Verde</li><li>Diametro: 43 mm</li><li>Tipo di movimento: Quarzo</li></ul>",Pop Pulse Emporium,Bricolage,176.25,50,Nuovo,0.4,32.0,19.0,10.0,https://cdnbigbuy.com/images/8430622795619_S7274911_P00.jpg,https://cdnbigbuy.com/images/73968_mandatory-watch0.jpg,,,0,3-6 giorni,24 mesi,EU,,,
S7270882,8054719132714,Orecchini Donna Amen ECIBBZ25,"Ti presentiamo <b>Orecchini Donna Amen ECIBBZ25</b> e un'ampia gamma di anelli, bracciali, orecchini, ciondoli, ecc. a buon prezzo. Scopri gli esclusivi ed eleganti pezzi di gioielli e bigiotteria per tutti i gusti e stili.<br><br><ul><li>Genere: Donna</li><li>Tipo: Orecchini Donna</li></ul>",Pop Pulse Emporium,Bricolage,121.85,5,Nuovo,0.29,9.95,9.94,9.73,https://cdnbigbuy.com/images/8054719132714_R01.jpg,https://cdnbigbuy.com/images/8054719132714_R11.jpg,,,0,3-6 giorni,24 mesi,EU,,,
S91124334,4260603784950,"mangime Wolfsblut 12,5 Kg","Se sei alla ricerca di novità alla moda sul mercato, ti presentiamo <b>mangime Wolfsblut 12,5 Kg</b>!<br><br><ul><li>Tipo: mangime</li><li>Capacità: 12,5 Kg</li></ul>",Pop Pulse Emporium,Bricolage,143.4,10,Nuovo,12.6,37.0,10.0,59.0,https://cdnbigbuy.com/images/4260603784950_R00.jpg,https://cdnbigbuy.com/images/4260603784950_R10.jpg,https://cdnbigbuy.com/images/4260603784950_R20.jpg,https://cdnbigbuy.com/images/4260603784950_R30.jpg,0,3-6 giorni,24 mesi,EU,,,
S55065819,0710931130577,Punto d'Accesso Trendnet TEW-821DAP Bianco,"Se sei un appassionato d'<b>informatica ed elettronica</b>, ti piace stare al passo con la più recente tecnologia senza lasciarti sfuggire nessun dettaglio, acquista <b>Punto d'Accesso Trendnet TEW-821DAP Bianco</b> al miglior prezzo.<br><br><ul><li>Colore: Bianco</li><li>Tipo: Punto d'Accesso</li><li>Prodotto plug-in: Sì</li><li>Tipo di presa: Spina EU</li><li>Voltaggio: 12 V</li><li>Velocità: <ul><li>867 Mbps</li><li>1000 Mbit/s</li><li>10 Gbit/s</li></ul></li><li>Include: Cavo Ethernet LAN</li><li>Caratteristiche: <ul><li>Interruttore On /Off</li><li>Firmware aggiornabile</li><li>Indicatore LED di funzionamento</li></ul></li><li>Connessioni: <ul><li>RJ45</li><li>SATA</li></ul></li><li>Amperaggio: 1 A</li><li>Frequenza: <ul><li>5 GHz</li><li>2,4 GHz</li></ul></li><li>Fonte di Alimentazione: CC</li></ul>",Pop Pulse Emporium,Bricolage,115.07,2,Nuovo,1.01,31.0,24.0,9.0,https://cdnbigbuy.com/images/169834812.jpg,https://cdnbigbuy.com/images/169834832.jpg,https://cdnbigbuy.com/images/169834822.jpg,https://cdnbigbuy.com/images/169834852.jpg,0,3-6 giorni,24 mesi,EU,,,
S7235433,0889214324672,Occhiali da sole Donna Emilio Pucci EP0185 5756E,"Se ti piace sfoggiare le ultime novità in tema di <a href=""##TAXONOMY_12833##""><b>moda e accessori</b></a>e gli accessori sono fondamentali per la tua immagine, non lasciarti sfuggire <b>Occhiali da sole Donna Emilio Pucci EP0185 5756E</b>! Vantati delle migliori marche di <a href=""##TAXONOMY_12833##""><b>occhiali da sole</b></a>.<br><br><ul><li>Genere: Donna</li><li>Tipo: Occhiali da sole Donna</li></ul>",Pop Pulse Emporium,Bricolage,117.0,2,Nuovo,0.3,10.08,9.98,9.92,https://cdnbigbuy.com/images/0889214324672_S7235433_P00.jpg,https://cdnbigbuy.com/images/0889214324672_S7235433_P30.jpg,https://cdnbigbuy.com/images/0889214324672_S7235433_P10.jpg,https://cdnbigbuy.com/images/0889214324672_S7235433_P20.jpg,0,3-6 giorni,24 mesi,EU,,,
S7276655,8430622797668,Orologio Donna Lotus 18885/1,"Se ti piace seguire le ultime tendenze per quanto riguarda moda e accessori, compra <b>Orologio Donna Lotus 18885/1</b> al miglior prezzo.<br><br><ul><li>Genere: Donna</li><li>Anelli extra: No</li><li>Tipo di orologio: Orologio da polso</li><li>Materiale della scatola: Acciaio inossidabile</li><li>Colore: Argentato</li><li>Design: Donna</li><li>Diametro: 31 mm</li><li>Tipo di movimento: Quarzo</li></ul>",Pop Pulse Emporium,Bricolage,176.25,50,Nuovo,0.4,39.0,19.0,10.0,https://cdnbigbuy.com/images/8430622797668_R01.jpg,https://cdnbigbuy.com/images/75712_mandatory-watch1.jpg,,,0,3-6 giorni,24 mesi,EU,,,
S3721313,8033280392154,Camicia a Maniche Lunghe Uomo Sparco Martini Racing Taglia M Bianco,"Se stai pensando di rinnovare il tuo armadio, compra <b>Camicia a Maniche Lunghe Uomo Sparco Martini Racing Taglia M Bianco</b> e altri <b>prodotti Sparco</b>! La migliore qualità al miglior prezzo è già a portata di mano!<br><ul><li>Colore: Bianco</li><li>Taglia: Taglia M</li></ul>",Pop Pulse Emporium,Bricolage,126.82,5,Nuovo,0.7,10.0,10.0,5.0,https://cdnbigbuy.com/images/8033280392154_S3721313_P01.jpg,,,,0,3-6 giorni,24 mesi,EU,,,
S3056222,8424002132040,Lampadario Home ESPRIT Bianco Metallo 39 x 34 x 75 cm,"<p>Se vuoi dare un tocco d'originalità alla tua casa, con <b>Lampadario Home ESPRIT Bianco Metallo 39 x 34 x 75 cm</b> potrai farlo.</p><br><br><ul><li>Tipo: Lampadario</li><li>Colore: Bianco</li><li>Materiale: Metallo</li><li>Alto: 75 cm</li><li>Design: <ul><li>Shabby Chic</li><li>Decapaggio</li></ul></li><li>Tappo: E14</li><li>Voltaggio: 220 V</li><li>Non Include: Lampadina</li><li>Dimensioni appross.: 39 x 34 x 75 cm</li></ul>",Pop Pulse Emporium,Bricolage,195.77,10,Nuovo,5.0,33.19,30.31,28.62,https://cdnbigbuy.com/images/8424002132040_S3056222_P00.jpg,https://cdnbigbuy.com/images/8424002132040_S3056222_P20.jpg,https://cdnbigbuy.com/images/8424002132040_S3056222_P30.jpg,https://cdnbigbuy.com/images/8424002132040_S3056222_P40.jpg,0,3-6 giorni,24 mesi,EU,,,
S91122681,5400520305978,Zaino Sportivo Gregory 153048-9976 Verde 25 L,"Mettiti in forma e scopri le ultime novità del settore per fare sport con le migliori garanzie! Compra <b>Zaino Sportivo Gregory 153048-9976 Verde 25 L</b> al miglior prezzo e goditi una vita salutare!<br><br><ul><li>Tipo: Zaino Sportivo</li><li>Colore: Verde</li><li>Materiale: <ul><li>Poliestere</li><li>EVA</li><li>Acciaio legato</li></ul></li><li>Larghezza: 29 cm</li><li>Alto: 55 cm</li><li>Lunghezza: 20 cm</li><li>Composizione: Nylon</li><li>Peso circa: 1,06 kg</li><li>Uso consigliato: Escursionismo</li><li>Capacità: 25 L</li></ul>",Pop Pulse Emporium,Bricolage,133.51,2,Nuovo,1.14,30.0,10.0,57.0,https://cdnbigbuy.com/images/5400520305978_S91122681_P00.jpg,https://cdnbigbuy.com/images/5400520305978_S91122681_P10.jpg,https://cdnbigbuy.com/images/5400520305978_S91122681_P20.jpg,,0,3-6 giorni,24 mesi,EU,,,
S8906170,4899888779902,Ombrellone Aktive Azzurro 200 x 195 x 200 cm (6 Unità),"Se sei alla ricerca di novità alla moda sul mercato, ti presentiamo <b>Ombrellone Aktive Azzurro 200 x 195 x 200 cm (6 Unità)</b>!<br><br><ul><li>Tipo: Ombrellone</li><li>Colore: Azzurro</li><li>Materiale: <ul><li>Poliestere</li><li>Alluminio</li></ul></li><li>Unità: 6 Unità</li><li>Dimensioni appross.: 200 x 195 x 200 cm</li></ul><br><br>Informazioni importanti: Disegni assortiti inviati in modo aleatorio a seconda della disponibilità in magazzino.",Pop Pulse Emporium,Bricolage,124.19,50,Nuovo,8.87,14.0,23.0,113.5,https://cdnbigbuy.com/images/s8906170_p0_icon0.jpg,https://cdnbigbuy.com/images/S8906170_P50.jpg,https://cdnbigbuy.com/images/S8906170_41153_1747296412-cropped0.jpg,https://cdnbigbuy.com/images/S8906170_P00.jpg,0,3-6 giorni,24 mesi,EU,,,
S0328852,8033288733812,Orologio Donna Furla R4253102507 (Ø 31 mm),"Se ti piace seguire le ultime tendenze per quanto riguarda moda e accessori, compra <b>Orologio Donna Furla R4253102507 (Ø 31 mm)</b> al miglior prezzo.<br><br><ul><li>Materiale del cinturino: Acciaio</li><li>Tipo di chiusura: Fibbia</li><li>Impermeabilità: 5 atm</li><li>Cristallo: Minerale</li><li>Colore del quadrante: Argentato</li><li>Include: Include confezione della marca</li><li>Tipo di movimento: Quarzo</li><li>Colore della custodia dell'orologio: Argentato</li><li>Colore del cinturino: Argentato</li><li>Materiale della cassa dell'orologio: <ul><li>Acciaio</li><li>Acciaio inossidabile</li></ul></li><li>Diametro della cassa dell'orologio: Ø 31 mm</li></ul>",Pop Pulse Emporium,Bricolage,111.38,5,Nuovo,0.4,32.0,19.0,10.0,https://cdnbigbuy.com/images/8033288733812_0_P02.jpg,https://cdnbigbuy.com/images/25319_mandatory-watch2.jpg,,,0,3-6 giorni,24 mesi,EU,,,
S0389663,4051245263282,Orologio Uomo Thomas Sabo WA0268-281-209-42MM (Ø 42 mm),"Se sei alla ricerca di novità alla moda sul mercato, ti presentiamo <b>Orologio Uomo Thomas Sabo WA0268-281-209-42MM (Ø 42 mm)</b>!<br><br><ul><li>Genere: Uomo</li><li>Anelli extra: No</li><li>Tipo di orologio: Orologio da polso</li><li>Materiale del cinturino: Acciaio inossidabile</li><li>Materiale della cassa dell'orologio: Acciaio inossidabile</li><li>Tipo di movimento: Quarzo</li><li>Cristallo: Minerale</li><li>Impermeabilità: 5 atm</li><li>Include: Include custodia o copertura del marchio</li><li>Tipo di chiusura: Pressione</li><li>Colore del quadrante: Azzurro</li><li>Colore della custodia dell'orologio: Grigio</li><li>Colore del cinturino: Azzurro</li><li>Diametro della cassa dell'orologio: Ø 42 mm</li></ul>",Pop Pulse Emporium,Bricolage,128.85,10,Nuovo,0.4,32.0,19.0,10.0,https://cdnbigbuy.com/images/4051245263282_S0389663_P00.jpg,https://cdnbigbuy.com/images/86022_mandatory-watch0.jpg,,,0,3-6 giorni,24 mesi,EU,,,
S7235577,0889214050618,Montatura per Occhiali Donna Tods TO5211 52072,"Se stai pensando di rinnovare il tuo armadio, compra <b>Montatura per Occhiali Donna Tods TO5211 52072</b> e altri <b>prodotti Tods</b>! La migliore qualità al miglior prezzo è già a portata di mano!<br><br><ul><li>Genere: Donna</li><li>Caratteristiche: Lenti non graduate</li><li>Tipo: Montatura per Occhiali</li></ul>",Pop Pulse Emporium,Bricolage,110.34,2,Nuovo,0.3,10.0,20.0,5.0,https://cdnbigbuy.com/images/0889214050618_S7235577_P01.jpg,https://cdnbigbuy.com/images/0889214050618_S7235577_P31.jpg,https://cdnbigbuy.com/images/0889214050618_S7235577_P11.jpg,https://cdnbigbuy.com/images/0889214050618_S7235577_P21.jpg,0,3-6 giorni,24 mesi,EU,,,
S8901344,8412842611139,Altalena basculante Aktive 180 x 160 x 107 cm,"Se ti piace curare ogni singolo dettaglio della casa ed essere sempre alla moda in tema di prodotti che ti renderanno la vità più facile, compra <b>Altalena basculante Aktive 180 x 160 x 107 cm</b> al miglior prezzo.<br><br><ul><li>Materiale: <ul><li>Acciaio</li><li>Tessuto Oxford 600D</li></ul></li><li>Composizione: Poliestere</li><li>Dimensioni appross.: 180 x 160 x 107 cm</li></ul>",Pop Pulse Emporium,Bricolage,115.99,45,Nuovo,18.5,13.5,135.5,54.0,https://cdnbigbuy.com/images/8412842611139_S8901344_P02.jpg,https://cdnbigbuy.com/images/8412842611139_S8901344_P52.jpg,https://cdnbigbuy.com/images/8412842611139_S8901344_P12.jpg,https://cdnbigbuy.com/images/8412842611139_S8901344_P22.jpg,0,3-6 giorni,24 mesi,EU,,,
S7273972,0091661515910,Orologio Donna Guess GW0099L1 (Ø 30 mm),"Se ti piace seguire le ultime tendenze per quanto riguarda moda e accessori, compra <b>Orologio Donna Guess GW0099L1 (Ø 30 mm)</b> al miglior prezzo.<br><br><ul><li>Anelli extra: No</li><li>Tipo di orologio: Orologio da polso</li><li>Tipo: Orecchini</li><li>Materiale: Argento puro 925</li><li>Funzioni: <ul><li>Data</li><li>24 h</li></ul></li><li>Genere: Donna</li><li>Include: Include custodia o copertura del marchio</li><li>Impermeabilità: 5 atm</li><li>Cristallo: Minerale</li><li>Tipo di movimento: Quarzo</li><li>Diametro della cassa dell'orologio: Ø 30 mm</li></ul>",Pop Pulse Emporium,Bricolage,113.85,4,Nuovo,0.33,14.16,11.56,10.0,https://cdnbigbuy.com/images/S7273972_P00.jpg,https://cdnbigbuy.com/images/0091661515910_S7273972_P30.jpg,https://cdnbigbuy.com/images/S7273972_P20.jpg,https://cdnbigbuy.com/images/0091661515910_S7273972_P40.jpg,0,3-6 giorni,24 mesi,EU,,,
S0442953,4549526307034,Orologio Uomo Casio G-Shock GM-2100-1AER Nero (Ø 40 mm),"Se ti piace seguire le ultime tendenze per quanto riguarda moda e accessori, compra <b>Orologio Uomo Casio G-Shock GM-2100-1AER Nero (Ø 40 mm)</b> al miglior prezzo.<br><br><ul><li>Anelli extra: No</li><li>Tipo di orologio: Orologio da polso</li><li>Colore del cinturino: Nero</li><li>Colore: Argentato</li><li>Dimensione: 44 mm</li><li>Materiale: Quarzo</li><li>Genere: Uomo</li></ul>",Pop Pulse Emporium,Bricolage,187.35,2,Nuovo,1.0,1.18,4.44,4.93,https://cdnbigbuy.com/images/4549526307034_R0_WBG1.jpg,https://cdnbigbuy.com/images/4549526307034_R1_WBG1.jpg,https://cdnbigbuy.com/images/4549526307034_R2_WBG1.jpg,https://cdnbigbuy.com/images/4549526307034_R3_WBG1.jpg,0,3-6 giorni,24 mesi,EU,,,
S7901857,8413246040129,Rete antialga Nortene Cadrinet Bianco Multicolore 1 x 25 m,"Se ti piace curare ogni singolo dettaglio della casa ed essere sempre alla moda in tema di prodotti che ti renderanno la vità più facile, compra <b>Rete antialga Nortene Cadrinet Bianco Multicolore 1 x 25 m</b> al miglior prezzo.<br><br><ul><li>Colore: <ul><li>Bianco</li><li>Multicolore</li></ul></li><li>Materiale: polipropilene</li><li>Caratteristiche: Resistente ai raggi UV</li><li>Dimensioni appross.: 1 x 25 m</li></ul>",Pop Pulse Emporium,Bricolage,101.85,8,Nuovo,7.5,103.0,23.0,23.0,https://cdnbigbuy.com/images/8413246040129_R0_WBG3.jpg,https://cdnbigbuy.com/images/8413246040129_S7901857_P0_WBG3.jpg,,,0,3-6 giorni,24 mesi,EU,,,
S7913522,8033280413835,Scarpe Sportive Sparco 0752746,"Se sei alla ricerca di novità alla moda sul mercato, ti presentiamo <b>Scarpe Sportive Sparco 0752746</b>!<br><br><ul><li>Tipo: Scarpe Sportive</li><li>Colore: <ul><li>Giallo</li><li>Nero</li></ul></li><li>Caratteristiche: S1P</li><li>Taglia: 46</li></ul>",Pop Pulse Emporium,Bricolage,104.61,2,Nuovo,1.39,11.0,35.0,20.0,https://cdnbigbuy.com/images/8033280413835_R0_WBG3.jpg,,,,0,3-6 giorni,24 mesi,EU,,,
S0392841,0197853082052,Borsetta a mano Michael Kors Reed,"Se sei alla ricerca di novità alla moda sul mercato, ti presentiamo <b>Borsetta a mano Michael Kors Reed</b>!<br><br><ul><li>Tipo: Borsa Donna</li><li>Colore: Beige</li><li>Materiale: Tela</li><li>Tipo di chiusura: Cerniera</li><li>Include: Include custodia o copertura del marchio</li><li>Dimensioni appross.: 20 x 14 x 19 cm</li></ul>",Pop Pulse Emporium,Bricolage,146.32,5,Nuovo,0.3,10.0,10.0,10.0,https://cdnbigbuy.com/images/0197853082052_S0392841_P00.jpg,https://cdnbigbuy.com/images/0197853082052_S0392841_P10.jpg,https://cdnbigbuy.com/images/0197853082052_S0392841_P20.jpg,,0,3-6 giorni,24 mesi,EU,,,
S7204239,8033288729075,Orologio Donna Just Cavalli R7253127529,"Se ti piace seguire le ultime tendenze per quanto riguarda moda e accessori, compra <b>Orologio Donna Just Cavalli R7253127529</b> al miglior prezzo.<br><br><ul><li>Genere: Donna</li><li>Anelli extra: No</li><li>Tipo di orologio: Orologio da polso</li><li>Colore: Rosa</li><li>Materiale del cinturino: Acciaio inossidabile</li><li>Materiale della scatola: Acciaio inossidabile</li><li>Colore del cinturino: Multicolore</li><li>Tipo di movimento: Quarzo</li><li>Tipo di chiusura: Chiusura a scatto</li></ul>",Pop Pulse Emporium,Bricolage,143.18,5,Nuovo,0.4,39.0,19.0,10.0,https://cdnbigbuy.com/images/8033288729075_S7204239_P02.jpg,https://cdnbigbuy.com/images/4240_mandatory-watch2.jpg,,,0,3-6 giorni,24 mesi,EU,,,
S7191798,8719514404571,Lampada da tavolo Philips Bianco Metallo 220-240 V,"<p>Se vuoi dare un tocco d'originalità alla tua casa, con <b>Lampada da tavolo Philips Bianco Metallo 220-240 V</b> potrai farlo.</p><br><br><ul><li>Caratteristiche: <ul><li>RGB</li><li>Regolabile</li></ul></li><li>Temperatura di colore: 6500 K</li><li>Tipo: <ul><li>Lampada</li><li>Lampada da tavolo</li></ul></li><li>Prodotto plug-in: Sì</li><li>Tipo di presa: Spina EU</li><li>Colore: Bianco</li><li>Materiale: Metallo</li><li>Classificazione energetica: G</li><li>Tecnologia: LED</li><li>Batterie incluse: Sì</li><li>Include: Base di ricarica</li><li>Voltaggio: 220-240 V</li></ul>",Pop Pulse Emporium,Bricolage,158.16,25,Nuovo,1.88,22.0,38.4,20.8,https://cdnbigbuy.com/images/8719514404571_S7191798_P01.jpg,https://cdnbigbuy.com/images/8719514404571_S7191798_P41.jpg,https://cdnbigbuy.com/images/8719514404571_S7191798_P51.jpg,https://cdnbigbuy.com/images/8719514404571_S7191798_P11.jpg,0,3-6 giorni,24 mesi,EU,,,
S3031456,8424001957583,Lampadario DKD Home Decor Nero Dorato 220 V 50 W (60 x 11 x 26 cm),"<p>Se vuoi dare un tocco d'originalità alla tua casa, con <b>Lampadario DKD Home Decor Nero Dorato 220 V 50 W (60 x 11 x 26 cm)</b> potrai farlo.</p><br><br><ul><li>Tipo: Lampadario</li><li>Colore: <ul><li>Nero</li><li>Dorato</li></ul></li><li>Materiale: Metallo</li><li>Potenza: 50 W</li><li>Tappo: E27</li><li>Voltaggio: 220 V</li><li>Lunghezza del cavo: 100 cm</li><li>Lampadine: 4</li><li>Non Include: Lampadina</li><li>Dimensioni appross.: 60 x 11 x 26 cm</li><li>Paese/regione di produzione: Spagna</li><li>Fonte di Alimentazione: Cavo elettrico</li><li>Display: Metallo</li></ul>",Pop Pulse Emporium,Bricolage,132.92,8,Nuovo,3.5,61.1,29.0,20.0,https://cdnbigbuy.com/images/8424001957583_S3031456_P44.jpg,https://cdnbigbuy.com/images/8424001957583_S3031456_P14.jpg,https://cdnbigbuy.com/images/8424001957583_S3031456_P24.jpg,https://cdnbigbuy.com/images/8424001957583_S3031456_P34.jpg,0,3-6 giorni,24 mesi,EU,,,
S0329156,8033288775362,Orologio Donna Furla R4251102523 (Ø 31 mm),"Se ti piace seguire le ultime tendenze per quanto riguarda moda e accessori, compra <b>Orologio Donna Furla R4251102523 (Ø 31 mm)</b> al miglior prezzo.<br><br><ul><li>Materiale del cinturino: Pelle</li><li>Colore del cinturino: Marrone</li><li>Colore della custodia dell'orologio: Rosa</li><li>Colore del quadrante: Bianco</li><li>Tipo di chiusura: Fibbia</li><li>Impermeabilità: 5 atm</li><li>Cristallo: Minerale</li><li>Include: Include confezione della marca</li><li>Tipo di movimento: Quarzo</li><li>Materiale della cassa dell'orologio: <ul><li>Acciaio</li><li>Acciaio inossidabile</li></ul></li><li>Diametro della cassa dell'orologio: Ø 31 mm</li></ul>",Pop Pulse Emporium,Bricolage,103.62,1,Nuovo,0.4,32.0,19.0,10.0,https://cdnbigbuy.com/images/8033288775362_0_P02.jpg,https://cdnbigbuy.com/images/25623_mandatory-watch2.jpg,,,0,3-6 giorni,24 mesi,EU,,,
S7904467,8720573178624,Barbecue Nero Ø 47 x 78 cm,"Se ti piace curare ogni singolo dettaglio della casa ed essere sempre alla moda in tema di prodotti che ti renderanno la vità più facile, compra <b>Barbecue Nero Ø 47 x 78 cm</b> al miglior prezzo.<br><br><ul><li>Materiale: Acciaio</li><li>Tipo: Barbecue</li><li>Colore: Nero</li><li>Dimensioni appross.: Ø 47 x 78 cm</li></ul>",Pop Pulse Emporium,Bricolage,106.41,16,Nuovo,6.5,45.0,50.0,35.0,https://cdnbigbuy.com/images/8720573178624_R0_WBG2.jpg,https://cdnbigbuy.com/images/8720573178624_R3_WBG2.jpg,https://cdnbigbuy.com/images/8720573178624_R5_WBG2.jpg,https://cdnbigbuy.com/images/8720573178624_S7904467_P0_WBG2.jpg,0,3-6 giorni,24 mesi,EU,,,
S7286016,8057191164686,Orologio Donna Stroili 1687805 Argentato,"Ti presentiamo <b>Orologio Donna Stroili 1687805 Argentato</b> e un'ampia gamma di anelli, bracciali, orecchini, ciondoli, ecc. a buon prezzo. Scopri gli esclusivi ed eleganti pezzi di gioielli e bigiotteria per tutti i gusti e stili.<br><br><ul><li>Colore: Argentato</li><li>Genere: Donna</li><li>Anelli extra: No</li><li>Tipo di orologio: Orologio da polso</li></ul>",Pop Pulse Emporium,Bricolage,145.4,1,Nuovo,0.3,10.0,10.0,10.0,https://cdnbigbuy.com/images/8057191164686_S7286016_P00.jpg,https://cdnbigbuy.com/images/85073_mandatory-watch0.jpg,,,0,3-6 giorni,24 mesi,EU,,,
S55258282,7640186417044,Dockstation Dicota D31949 Nero,"Se sei un appassionato d'<b>informatica ed elettronica</b>, ti piace stare al passo con la più recente tecnologia senza lasciarti sfuggire nessun dettaglio, acquista <b>Dockstation Dicota D31949 Nero</b> al miglior prezzo.<br><br><ul><li>Tipo: <ul><li>Dockstation</li><li>Con cavo</li></ul></li><li>Connessioni: <ul><li>HDMI</li><li>USB-C</li><li>USB 2.0</li><li>RJ45</li><li>DisplayPort</li><li>Ethernet LAN</li><li>USB-C 3.2 Gen 2 (3.1 Gen 2)</li><li>DisplayPort x 1</li></ul></li><li>Prodotto plug-in: Sì</li><li>Tipo di presa: Spina EU</li><li>Colore: Nero</li><li>Potenza: 100 W</li><li>Fonte di Alimentazione: Con cavo</li><li>Peso circa: 240 g</li><li>Compatibile: <ul><li>Windows 10</li><li>macOS</li></ul></li><li>Include: Manuale dell'utente</li></ul>",Pop Pulse Emporium,Bricolage,199.58,1,Nuovo,0.8,33.0,15.0,6.0,https://cdnbigbuy.com/images/684527880.jpg,https://cdnbigbuy.com/images/684527950.jpg,https://cdnbigbuy.com/images/684527900.jpg,https://cdnbigbuy.com/images/684527930.jpg,0,3-6 giorni,24 mesi,EU,,,
S0458094,8715946702568,Stampante Multifunzione Epson WF-2950DWF,"Se sei un appassionato d'<b>informatica ed elettronica</b>, ti piace stare al passo con la più recente tecnologia senza lasciarti sfuggire nessun dettaglio, acquista <b>Stampante Multifunzione Epson WF-2950DWF</b> al miglior prezzo.<br><br><ul><li>Colore: Nero</li><li>Profondità: 300 mm</li><li>Larghezza: 375 mm</li><li>Ethernet: No</li><li>Tecnologia: A getto d'inchiostro</li><li>Massima risoluzione dell'immagine: 5760 x 1440 dpi</li><li>Connettività: Wi-Fi</li><li>Tipo: <ul><li>Stampante</li><li>Stampante Multifunzione</li></ul></li><li>Prodotto plug-in: Sì</li><li>Tipo di presa: Spina EU</li><li>Caratteristiche: <ul><li>Display incorporato</li><li>Porta USB</li></ul></li></ul>",Pop Pulse Emporium,Bricolage,142.04,25,Nuovo,4.21,50.16,40.01,34.68,https://cdnbigbuy.com/images/8715946702568_S0458094_P00.jpg,https://cdnbigbuy.com/images/8715946702568_I10.jpg,https://cdnbigbuy.com/images/8715946702568_I20.jpg,,0,3-6 giorni,24 mesi,EU,,,
S0392783,0196237922441,Borsetta a mano Michael Kors Lyra,"Se sei alla ricerca di novità alla moda sul mercato, ti presentiamo <b>Borsetta a mano Michael Kors Lyra</b>!<br><br><ul><li>Tipo: Borsa</li><li>Colore: Azzurro</li><li>Composizione: Pelle</li><li>Tipo di chiusura: Cerniera</li><li>Include: Include custodia o copertura del marchio</li><li>Dimensioni appross.: 21 x 13 x 5 cm</li></ul>",Pop Pulse Emporium,Bricolage,109.45,5,Nuovo,0.3,10.0,10.0,10.0,https://cdnbigbuy.com/images/0196237922441_S0392783_P00.jpg,https://cdnbigbuy.com/images/0196237922441_S0392783_P20.jpg,https://cdnbigbuy.com/images/0196237922441_S0392783_P10.jpg,,0,3-6 giorni,24 mesi,EU,,,
S37115151,8027280005619,Base del Sedile OMP HC/666 Acciaio 6 Pezzi Laterale,Attrezza il tuo veicolo con le ultime novità del settore! Compra <b>Base del Sedile OMP HC/666 Acciaio 6 Pezzi Laterale</b> e fai in modo che non ti manchi nulla!<br><br><ul><li>Uso consigliato: Macchina</li><li>Include: Kit di fissaggio</li><li>Tipo: <ul><li>Base del Sedile</li><li>Laterale</li></ul></li><li>Posizione: sinistra-destra</li><li>Colore: Argentato</li><li>Numero di pezzi: 6 Pezzi</li><li>Materiale: Acciaio</li><li>Veicolo compatibile: RENAULT R5</li></ul>,Pop Pulse Emporium,Bricolage,162.92,1,Nuovo,10.0,45.0,45.0,20.0,https://cdnbigbuy.com/images/8027280005619_S37115151_P00.jpg,https://cdnbigbuy.com/images/8027280005619_R00.jpg,,,0,3-6 giorni,24 mesi,EU,,,
S0392776,0197853277724,Borsa a Tracolla Michael Kors Carmela Azzurro 20 x 12 x 7 cm,Ti piace essere alla moda e sei un amante degli accessori? Ti presentiamo <b>Borsa a Tracolla Michael Kors Carmela Azzurro 20 x 12 x 7 cm</b> e una vasta gamma di borse e portafogli per essere sempre all'avanguardia!<br><br><ul><li>Tipo: Borsa</li><li>Colore: Azzurro</li><li>Composizione: Pelle</li><li>Tipo di chiusura: Magnetico</li><li>Include: Include custodia o copertura del marchio</li><li>Dimensioni appross.: 20 x 12 x 7 cm</li></ul>,Pop Pulse Emporium,Bricolage,128.85,10,Nuovo,0.3,10.0,10.0,10.0,https://cdnbigbuy.com/images/0197853277724_S0392776_P00.jpg,https://cdnbigbuy.com/images/0197853277724_S0392776_P10.jpg,https://cdnbigbuy.com/images/0197853277724_S0392776_P20.jpg,,0,3-6 giorni,24 mesi,EU,,,
S7264963,8056597114028,Occhiali da sole Uomo Emporio Armani EA 2087,"Se ti piace sfoggiare le ultime novità in tema di <a href=""##TAXONOMY_10109##""><b>moda e accessori</b></a>e gli accessori sono fondamentali per la tua immagine, non lasciarti sfuggire <b>Occhiali da sole Uomo Emporio Armani EA 2087</b>! Vantati delle migliori marche di <a href=""##TAXONOMY_10109##""><b>occhiali da sole</b></a>.<br><br><ul><li>Lenti: ø 56 mm</li><li>Tipo: Occhiali da sole Uomo</li><li>Genere: Uomo</li><li>Protezione: Proteggono al 100% dei raggi UV (UV400)</li></ul>",Pop Pulse Emporium,Bricolage,188.68,2,Nuovo,0.28,10.22,9.75,10.06,https://cdnbigbuy.com/images/8056597114028_R01.jpg,https://cdnbigbuy.com/images/8056597114028_R31.jpg,https://cdnbigbuy.com/images/8056597114028_R11.jpg,https://cdnbigbuy.com/images/8056597114028_R21.jpg,0,3-6 giorni,24 mesi,EU,,,
S7276731,8430622748776,Orologio Uomo Lotus 18737/4 Nero Argentato,"Se ti piace seguire le ultime tendenze per quanto riguarda moda e accessori, compra <b>Orologio Uomo Lotus 18737/4 Nero Argentato</b> al miglior prezzo.<br><br><ul><li>Genere: Uomo</li><li>Anelli extra: No</li><li>Tipo di orologio: Orologio da polso</li><li>Colore: <ul><li>Nero</li><li>Argentato</li></ul></li><li>Anno: 2019</li><li>Materiale del cinturino: Acciaio inossidabile</li><li>Materiale della scatola: Acciaio inossidabile</li><li>Tipo di chiusura: Fibbia</li><li>Design: Donna</li><li>Tipo di movimento: Quarzo</li></ul>",Pop Pulse Emporium,Bricolage,120.4,50,Nuovo,0.4,32.0,19.0,10.0,https://cdnbigbuy.com/images/8430622748776_S7276731_P01.jpg,https://cdnbigbuy.com/images/75788_mandatory-watch1.jpg,,,0,3-6 giorni,24 mesi,EU,,,
S72124061,0886895675055,Montatura per Occhiali Uomo Nike NIKE 7292,"Se sei alla ricerca di novità alla moda sul mercato, ti presentiamo <b>Montatura per Occhiali Uomo Nike NIKE 7292</b>!<br><br><ul><li>Caratteristiche: Lenti non graduate</li><li>Tipo: Montatura per Occhiali</li><li>Genere: Uomo</li></ul>",Pop Pulse Emporium,Bricolage,150.39,1,Nuovo,0.29,10.0,9.97,10.0,https://cdnbigbuy.com/images/0886895675055_S72124061_P00.jpg,https://cdnbigbuy.com/images/0886895675055_S72124061_P10.jpg,,,0,3-6 giorni,24 mesi,EU,,,
S7191055,4009847039484,Tavolo per Bambini Klein Multi Sand and Water Table John Deere,"I bambini meritano il meglio, per questo ti presentiamo <b>Tavolo per Bambini Klein Multi Sand and Water Table John Deere</b>, ideale per coloro che cercano prodotti di qualità per i più piccoli! Scopri <b>Klein</b> ai migliori prezzi!<br><br><ul><li>Colore: Multicolore</li><li>Materiale: Plastica</li><li>Caratteristiche: Facile da pulire</li><li>Lingua: Italiano</li><li>Non Include: Batteria</li><li>Larghezza: 46 cm</li><li>Età consigliata: <ul><li>+ 18 Mesi</li><li>Per bambini</li></ul></li></ul>",Pop Pulse Emporium,Bricolage,126.25,5,Nuovo,4.3,66.0,48.5,23.5,https://cdnbigbuy.com/images/4009847039484_S7191055_P01.jpg,,,,0,3-6 giorni,24 mesi,EU,,,
S7285998,8057191109335,Orologio Uomo Stroili 1683274,"Se ti piace seguire le ultime tendenze per quanto riguarda moda e accessori, compra <b>Orologio Uomo Stroili 1683274</b> al miglior prezzo.<br><br><ul><li>Genere: Uomo</li><li>Anelli extra: No</li><li>Tipo di orologio: Orologio da polso</li></ul>",Pop Pulse Emporium,Bricolage,145.4,2,Nuovo,0.4,32.0,19.0,10.0,https://cdnbigbuy.com/images/8057191109335_S7285998_P01.jpg,https://cdnbigbuy.com/images/85055_mandatory-watch1.jpg,,,0,3-6 giorni,24 mesi,EU,,,
S71001471,3666162002114,Lampada a LED Lumisky ROBY,"Se ti piace curare ogni singolo dettaglio della casa ed essere sempre alla moda in tema di prodotti che ti renderanno la vità più facile, compra <b>Lampada a LED Lumisky ROBY</b> al miglior prezzo.<br><br><ul><li>Prodotto plug-in: Sì</li><li>Tipo di presa: Spina EU</li><li>Colore: <ul><li>Bianco</li><li>Grigio</li></ul></li><li>Materiale: <ul><li>Metallo</li><li>Alluminio</li></ul></li><li>Tecnologia: LED</li><li>Design: Moderno</li></ul>",Pop Pulse Emporium,Bricolage,100.63,2,Nuovo,1.24,35.8,14.0,13.6,https://cdnbigbuy.com/images/3666162002114_S71001471_P00.jpg,https://cdnbigbuy.com/images/3666162002114_S71001471_P30.jpg,https://cdnbigbuy.com/images/3666162002114_S71001471_P40.jpg,https://cdnbigbuy.com/images/3666162002114_S71001471_P10.jpg,0,3-6 giorni,24 mesi,EU,,,
S0388832,0091661532603,Orologio Donna Guess GW0550L3 (Ø 36 mm),"Se sei alla ricerca di novità alla moda sul mercato, ti presentiamo <b>Orologio Donna Guess GW0550L3 (Ø 36 mm)</b>!<br><br><ul><li>Genere: Donna</li><li>Anelli extra: No</li><li>Tipo di orologio: Orologio da polso</li><li>Materiale del cinturino: Acciaio inossidabile</li><li>Materiale della cassa dell'orologio: Acciaio inossidabile</li><li>Tipo di movimento: Quarzo</li><li>Cristallo: Minerale</li><li>Include: Include custodia o copertura del marchio</li><li>Tipo di chiusura: Pressione</li><li>Colore del quadrante: Rosa</li><li>Colore della custodia dell'orologio: Rosa</li><li>Colore del cinturino: Rosa</li><li>Diametro della cassa dell'orologio: Ø 36 mm</li></ul>",Pop Pulse Emporium,Bricolage,136.62,25,Nuovo,0.4,32.0,19.0,10.0,https://cdnbigbuy.com/images/0091661532603_S0388832_P00.jpg,https://cdnbigbuy.com/images/85191_mandatory-watch0.jpg,,,0,3-6 giorni,24 mesi,EU,,,
S3709428,8033280325220,Stivali Racing Sparco K-POLE Azzurro/Bianco,"Se stai pensando di rinnovare il tuo armadio, compra <b>Stivali Racing Sparco K-POLE Albastru / Alb (Taglia 41)</b> e altri <b>prodotti Sparco</b>! La migliore qualità al miglior prezzo è già a portata di mano!<br><ul><li>Colore: <ul><li>Azzurro</li><li>Albastru / Alb</li></ul></li><li>Taglia: (Taglia 41)</li></ul>",Pop Pulse Emporium,Bricolage,112.97,2,Nuovo,3.0,12.0,25.0,35.0,https://cdnbigbuy.com/images/8033280325220_A00.jpg,,,,0,3-6 giorni,24 mesi,EU,,,
S72112296,8050506118411,Bracciale Uomo Talent Jewels TJA-5-14-02-2-215 Nero,"Ti presentiamo <b>Bracciale Uomo Talent Jewels TJA-5-14-02-2-215 Nero</b> e un'ampia gamma di anelli, bracciali, orecchini, ciondoli, ecc. a buon prezzo. Scopri gli esclusivi ed eleganti pezzi di gioielli e bigiotteria per tutti i gusti e stili.<br><br><ul><li>Tipo: Bracciale</li><li>Genere: Uomo</li><li>Colore: Nero</li></ul>",Pop Pulse Emporium,Bricolage,139.13,5,Nuovo,0.3,10.0,10.0,10.0,https://cdnbigbuy.com/images/8050506118411_S72112296_P00.jpg,,,,0,3-6 giorni,24 mesi,EU,,,
M0513329,0632983019122,Toner Originale Kyocera TK-895C Nero Ciano,Torna in ufficio senza dimenticarti di nulla! Compra <b>Toner Originale Kyocera TK-895C Nero Ciano</b> e sarai l'invidia dei tuoi colleghi!<br><br><ul><li>Tipo: Originale</li><li>Capacità: 6000 Pagine</li><li>Alto: 10 cm</li><li>Larghezza: 10 cm</li><li>Dimensioni appross.: 10 x 10 x 60 cm</li><li>Tecnologia: Laser</li><li>Lunghezza: 60 cm</li><li>Colore: <ul><li>Ciano</li><li>Nero</li></ul></li><li>Compatibile: Kyocera</li><li>Caratteristiche: <ul><li>A colori</li><li>Originale</li></ul></li><li>Peso circa: 300 gr</li></ul>,Pop Pulse Emporium,Bricolage,105.93,25,Nuovo,0.64,59.5,10.0,10.5,https://cdnbigbuy.com/images/0632983019122_R00.jpg,https://cdnbigbuy.com/images/0632983019122_R10.jpg,,,0,3-6 giorni,24 mesi,EU,,,
S72114823,4179413030075,Orecchini Donna Pandora 293545C01 Argento puro 925 Argentato,"Ti presentiamo <b>Orecchini Donna Pandora 293545C01 Argento puro 925 Argentato</b> e un'ampia gamma di anelli, bracciali, orecchini, ciondoli, ecc. a buon prezzo. Scopri gli esclusivi ed eleganti pezzi di gioielli e bigiotteria per tutti i gusti e stili.<br><br><ul><li>Genere: <ul><li>Donna</li><li>Uomo</li></ul></li><li>Tipo: <ul><li>Orecchini</li><li>Orecchini Donna</li><li>Bracciale</li></ul></li><li>Colore: Argentato</li><li>Materiale: Argento puro 925</li><li>Include: Include custodia o copertura del marchio</li><li>Cristallo: Minerale</li></ul>",Pop Pulse Emporium,Bricolage,196.5,2,Nuovo,0.29,9.9,9.94,9.77,https://cdnbigbuy.com/images/4179413030075_S72114823_P00.jpg,,,,0,3-6 giorni,24 mesi,EU,,,
S37117417,5998167750034,Braccioli Armster C05003A c3 Nero CITROEN C3 2017_ Stoffa,"Se sei alla ricerca di novità alla moda sul mercato, ti presentiamo <b>Braccioli Armster C05003A c3 Nero CITROEN C3 2017_ Stoffa</b>!<br><br><p>Il <b>bracciolo Armster C05003A</b> è un accessorio progettato specificamente per la <b>CITROEN C3 2017</b>, che migliora l’ergonomia e il comfort del conducente grazie al suo <b>regolatore continuo di altezza</b> e a un <b>poggiabraccio imbottito con materiale morbido</b> nella parte superiore, disponibile in tessuto o pelle vegana, per un contatto confortevole durante la guida. Questo bracciolo si installa facilmente sulla console centrale tramite un <b>adattatore specifico per il veicolo</b>, garantendo un fissaggio sicuro e perfetto che considera la posizione del sedile, del volante e del cambio per assicurare una postura naturale e rilassata. Il design permette di <b>piegare il bracciolo in posizione verticale</b> per maggiore funzionalità e facilità di accesso all’interno dell’abitacolo. Inoltre, dispone di un <b>vano interno da 1 litro</b> con apertura e chiusura morbide, dotato di un inserto in TPE per ridurre i rumori, ideale per riporre piccoli oggetti senza fastidi. Questo bracciolo include anche supporti per penna e monete, aumentando la praticità. La qualità OEM è garantita da <b>test dinamici a lungo termine</b> che ne assicurano la capacità di carico fino a 50 kg e la durata conforme agli elevati standard dell’industria automobilistica. Il kit comprende istruzioni chiare e tutto il necessario per un montaggio semplice, che può essere effettuato dall’utente con strumenti di base. La produzione è affidata a Rati, azienda con esperienza dal 1986 nello sviluppo e fornitura di accessori originali per auto, a garanzia di affidabilità e adattamento su misura. Questo bracciolo Armster rappresenta una soluzione pratica e durevole per migliorare comfort e funzionalità nell’uso quotidiano della CITROEN C3 2017.</p><br><br><ul><li>Materiale: Stoffa</li><li>Tipo: Braccioli</li><li>Modello: c3</li><li>Anno: 2017</li><li>Inc",Pop Pulse Emporium,Bricolage,131.98,22,Nuovo,8.0,35.0,25.0,25.0,https://cdnbigbuy.com/images/5998167750034_S37117417_P00.jpg,https://cdnbigbuy.com/images/5998167750034_S37117417_P30.jpg,https://cdnbigbuy.com/images/5998167750034_S37117417_P40.jpg,https://cdnbigbuy.com/images/5998167750034_S37117417_P50.jpg,0,3-6 giorni,24 mesi,EU,,,
S7284661,0889214364920,Montatura per Occhiali Uomo BMW BW5049-H 56002,"Se stai pensando di rinnovare il tuo armadio, compra <b>Montatura per Occhiali Uomo BMW BW5049-H 56002</b> e altri <b>prodotti BMW</b>! La migliore qualità al miglior prezzo è già a portata di mano!<br><br><ul><li>Genere: Uomo</li><li>Caratteristiche: Lenti non graduate</li><li>Tipo: Montatura per Occhiali</li></ul>",Pop Pulse Emporium,Bricolage,107.26,25,Nuovo,0.3,10.0,20.0,7.0,https://cdnbigbuy.com/images/0889214364920_S7284661_P00.jpg,https://cdnbigbuy.com/images/0889214364920_S7284661_P10.jpg,https://cdnbigbuy.com/images/0889214364920_S7284661_P20.jpg,,0,3-6 giorni,24 mesi,EU,,,
S0461765,4549526352287,Orologio Uomo Casio EFB-710D-1AVUEF Argentato,"Se ti piace seguire le ultime tendenze per quanto riguarda moda e accessori, compra <b>Orologio Uomo Casio EFB-710D-1AVUEF Argentato</b> al miglior prezzo.<br><br><ul><li>Materiale del cinturino: Acciaio inossidabile</li><li>Materiale della scatola: Acciaio inossidabile</li><li>Colore: Argentato</li><li>Tipo di batterie: LR44</li><li>Tipo di movimento: Quarzo</li><li>Diametro: 41 mm</li></ul>",Pop Pulse Emporium,Bricolage,160.96,5,Nuovo,0.3,14.15,12.43,10.11,https://cdnbigbuy.com/images/4549526352287_S7267636_P00.jpg,,,,0,3-6 giorni,24 mesi,EU,,,
S7187911,4078500065993,Cesoie da Potatura Gardena ComfortCut Li 9889-20,"Se ti piace curare ogni singolo dettaglio della casa ed essere sempre alla moda in tema di prodotti che ti renderanno la vità più facile, compra <b>Cesoie da Potatura Gardena ComfortCut Li 9889-20</b> al miglior prezzo.<br><br><ul><li>Include: <ul><li>Accessori</li><li>Forbicine per Sopracciglia</li><li>Manico Telescopico</li></ul></li><li>Caratteristiche: <ul><li>Maniglia ergonomica</li><li>Indicatore LED di funzionamento</li><li>Aderenza morbida</li></ul></li><li>Connessioni: USB-C</li><li>Colore: Turchese</li><li>Lingua: Inglese</li><li>Fonte di Alimentazione: Batteria</li><li>Tipo di manico: Ergonomico</li><li>Batteria ricaricabile al litio: 3.6 V</li><li>Funziona a batterie: 1 Litio Ion, incluidas</li><li>Tipo di batteria: Litio Ion</li><li>Capacità della batteria: 3 Ah</li></ul>",Pop Pulse Emporium,Bricolage,162.99,10,Nuovo,2.22,104.0,20.0,12.0,https://cdnbigbuy.com/images/4078500065993_S7187911_P00.jpg,https://cdnbigbuy.com/images/4078500065993_S7187911_P10.jpg,https://cdnbigbuy.com/images/4078500065993_S7187911_P20.jpg,https://cdnbigbuy.com/images/4078500065993_S7187911_P30.jpg,0,3-6 giorni,24 mesi,EU,,,
S7276161,7612901682075,Anello Donna Breil TJ3206 16,"Ti presentiamo <b>Anello Donna Breil TJ3206 16</b> e un'ampia gamma di anelli, bracciali, orecchini, ciondoli, ecc. a buon prezzo. Scopri gli esclusivi ed eleganti pezzi di gioielli e bigiotteria per tutti i gusti e stili.<br><br><ul><li>Taglia: 16</li><li>Tipo: Anello</li><li>Genere: Donna</li><li>Include: Include confezione della marca</li></ul>",Pop Pulse Emporium,Bricolage,109.82,1,Nuovo,0.3,9.97,9.97,9.97,https://cdnbigbuy.com/images/7612901682075_S7276161_P01.jpg,https://cdnbigbuy.com/images/7612901682075_S7276161_P11.jpg,https://cdnbigbuy.com/images/75218_mandatory-ring1.jpg,,0,3-6 giorni,24 mesi,EU,,,
S2229041,4899888693956,Lavagna Securit Woody Teca Da muro Naturale 80 x 60 cm,Torna in ufficio senza dimenticarti di nulla! Compra <b>Lavagna Securit Woody Teca Da muro Naturale 80 x 60 cm</b> e sarai l'invidia dei tuoi colleghi!<br><br><ul><li>Tipo: <ul><li>Settore Alberghiero</li><li>Lavagna</li></ul></li><li>Include: Pennarello per Lavagna</li><li>Materiale: Teca</li><li>Caratteristiche: Da muro</li><li>Colore: Naturale</li><li>Dimensioni appross.: 80 x 60 cm</li></ul>,Pop Pulse Emporium,Bricolage,136.07,2,Nuovo,14.7,80.0,60.0,1.0,https://cdnbigbuy.com/images/S2229041_8718226494900_S2229041_P1_icon1.jpg,https://cdnbigbuy.com/images/S2229041_8718226494900_S2229041_P11.jpg,,,0,3-6 giorni,24 mesi,EU,,,
S0577817,4973167836972,Olio Viso Kanebo Sensai Ultimate 150 ml Detergente,"<p><b>Olio Viso Kanebo Sensai Ultimate 150 ml Detergente</b> è un prodotto di qualità progettato per persone esigenti che si prendono cura della loro immagine e cercano i migliori cosmetici per dare valore alla loro bellezza. Se sei uno di loro, i prodotti <b>Kanebo 100 % originali</b> sono fatti per te.</p><br><br><ul><li>Tipo: <ul><li>Detergente</li><li>Olio Viso</li></ul></li><li>Genere: <ul><li>Donna</li><li>Unisex</li></ul></li><li>Texture: Olio</li><li>Uso consigliato: Tutti i tipi di pelle</li><li>Ingredienti: <ul><li>Prunus yedoensis leaf extract</li><li>Squalane</li><li>Tocopherol</li><li>Water (Aqua)</li><li>Acetyl glucosamine</li><li>Alpha-isomethyl ionone</li><li>Aminobutyric acid</li><li>Benzyl salicylate</li><li>Butilenglicol</li><li>Butylene glycol</li><li>Caprilic/capric triglyceride</li><li>Citronellol</li><li>Dipotassium glycyrrhizate</li><li>Fragance (parfum)</li><li>Glcyine soja oil</li><li>Hydrolyzed conchiolin protein</li><li>Hydrolyzed silk</li><li>Hydroxycitronellal</li><li>Limonene</li><li>Linalool</li><li>Niacinamide</li><li>Octyldodecyl myristate</li><li>Peg-20 glyceryl triisostearate</li><li>Phenoxyethanol</li><li>Glycerin</li><li>Benzyl benzoate</li><li>Acqua</li><li>Glicerina</li><li>Fenoxietanol</li><li>Cynara scolymus leaf extract</li><li>Vitamina B3</li><li>Caprylic/capric triglyceride</li><li>Parfum</li><li>Squalano</li></ul></li><li>Capacità: 150 ml</li></ul>",Pop Pulse Emporium,Bricolage,128.18,5,Nuovo,0.21,8.5,5.0,5.7,https://cdnbigbuy.com/images/4973167836972_S0577817_P02.jpg,,,,0,3-6 giorni,24 mesi,EU,,,
S7210455,4013496906622,Orologio Uomo Skagen ANCHER (Ø 40 mm),"Se ti piace seguire le ultime tendenze per quanto riguarda moda e accessori, compra <b>Orologio Uomo Skagen ANCHER (Ø 40 mm)</b> al miglior prezzo.<br><br><ul><li>Funzioni: Data</li><li>Genere: Uomo</li><li>Impermeabilità: 3 atm</li><li>Cristallo: Minerale</li><li>Include: Include confezione della marca</li><li>Tipo di movimento: Quarzo</li><li>Diametro della cassa dell'orologio: Ø 40 mm</li><li>Materiale del cinturino: PVC (cloruro di polivinile)</li></ul>",Pop Pulse Emporium,Bricolage,177.03,1,Nuovo,0.3,10.0,10.0,10.0,https://cdnbigbuy.com/images/4013496906622_S7210455_P0_WBG1.jpg,https://cdnbigbuy.com/images/10456_mandatory-watch1.jpg,,,0,3-6 giorni,24 mesi,EU,,,
S4310372,8412688557196,Trolley F.C. Barcelona Nero 24'' 40 x 63 x 26 cm,Ti piace essere alla moda e sei un amante degli accessori? Ti presentiamo <b>Trolley F.C. Barcelona Nero 24'' 40 x 63 x 26 cm</b> e una vasta gamma di borse e portafogli per essere sempre all'avanguardia!<br><br><ul><li>Tipo: Trolley</li><li>Materiale: <ul><li>Policarbonato</li><li>ABS</li></ul></li><li>Colore: Nero</li><li>Dimensione: 24''</li><li>Caratteristiche: <ul><li>Manico superiore</li><li>Cinturino elastico di chiusura</li><li>Quattro ruote girevoli a 360°</li><li>Separatore interno con cerniera</li></ul></li><li>Design: Sportivo</li><li>Composizione: Poliestere 600D</li><li>Tipo di chiusura: Chiusura di sicurezza</li><li>Interno: Rivestito</li><li>Altezza regolabile: 3 Posizioni</li><li>Dimensioni appross.: 40 x 63 x 26 cm</li></ul>,Pop Pulse Emporium,Bricolage,110.13,50,Nuovo,3.4,3.0,40.0,63.0,https://cdnbigbuy.com/images/8412688557196_S4310372_P30.jpg,https://cdnbigbuy.com/images/8412688557196_S4310372_P10.jpg,https://cdnbigbuy.com/images/8412688557196_S4310372_P20.jpg,https://cdnbigbuy.com/images/8412688557196_S4310372_P00.jpg,0,3-6 giorni,24 mesi,EU,,,
M0506430,0010343864467,Cartuccia ad Inchiostro Originale Epson Stylus Pro 7880/9880 Magenta Argentato,"Se sei un appassionato d'<b>informatica ed elettronica</b>, ti piace stare al passo con la più recente tecnologia senza lasciarti sfuggire nessun dettaglio, acquista <b>Cartuccia ad Inchiostro Originale Epson Stylus Pro 7880/9880 Magenta Argentato</b> al miglior prezzo.<br><br><ul><li>Tecnologia: Inkjet</li><li>Colore: <ul><li>Magenta</li><li>Argentato</li></ul></li><li>Tipo: Cartuccia ad Inchiostro Originale</li><li>Paese/regione di produzione: Cina</li><li>Connessioni: USB</li><li>Anno: 2018</li><li>Capacità: 220 ml</li><li>Numero di pezzi: 4 Pezzi</li><li>Compatibile: <ul><li>Epson</li><li>Universal</li></ul></li><li>Caratteristiche: Originale</li></ul>",Pop Pulse Emporium,Bricolage,165.28,5,Nuovo,0.4,19.0,11.0,3.0,https://cdnbigbuy.com/images/M0506430_1727869051-cut-out0.jpg,,,,0,3-6 giorni,24 mesi,EU,,,
S6101005,8432288030134,Snack per Cani Gloria Toro 70 Unità,"Se sei alla ricerca di novità alla moda sul mercato, ti presentiamo <b>Snack per Cani Gloria Toro 70 Unità</b>!<br><br><ul><li>Gusto: Toro</li><li>Unità: 70 Unità</li><li>Uso consigliato: Cane</li><li>Tipo: <ul><li>Snacks</li><li>Snack per Cani</li></ul></li><li>Animale Domestico: Cane</li><li>Ingredienti: Mucca</li></ul>",Pop Pulse Emporium,Bricolage,174.95,50,Nuovo,1.7,12.13,6.09,20.72,https://cdnbigbuy.com/images/8432288030134_S6101005_P0_WBG4.jpg,,,,0,3-6 giorni,24 mesi,EU,,,
S72117718,7628907242533,Bracciale Uomo Guess JUMB05035JWSTJBS Azzurro,"Ti presentiamo <b>Bracciale Uomo Guess JUMB05035JWSTJBS Azzurro</b> e un'ampia gamma di anelli, bracciali, orecchini, ciondoli, ecc. a buon prezzo. Scopri gli esclusivi ed eleganti pezzi di gioielli e bigiotteria per tutti i gusti e stili.<br><br><ul><li>Tipo: Bracciale</li><li>Genere: Uomo</li><li>Colore: Azzurro</li></ul>",Pop Pulse Emporium,Bricolage,122.15,2,Nuovo,0.27,9.74,9.44,9.42,https://cdnbigbuy.com/images/7628907242533_S72117718_P00.jpg,,,,0,3-6 giorni,24 mesi,EU,,,
S2457149,8436039869776,Triciclo Ociotrends Elite Platinum,"Se sei alla ricerca di novità alla moda sul mercato, ti presentiamo <b>Triciclo Ociotrends Elite Platinum</b>!<br><br><ul><li>Tipo: Triciclo</li><li>Colore: Verde</li><li>Caratteristiche: Sedile girevole 360º</li><li>Età consigliata: + 10 Mesi</li></ul>",Pop Pulse Emporium,Bricolage,125.96,48,Nuovo,6.74,43.5,40.5,43.42,https://cdnbigbuy.com/images/8436039869776_S2457149_P00.jpg,,,,0,3-6 giorni,24 mesi,EU,,,
S8402967,4960999904702,Toner Canon 731 Magenta,"Se sei un appassionato d'<b>informatica ed elettronica</b>, ti piace stare al passo con la più recente tecnologia senza lasciarti sfuggire nessun dettaglio, acquista <b>Toner Canon 731 Magenta</b> al miglior prezzo.<br><br><ul><li>Tipo: Toner</li><li>Colore: Magenta</li><li>Compatibile: <ul><li>I-Sensys Lbp7100cn</li><li>I-Sensys Lbp7110cw</li><li>I-Sensys Mf623cn</li><li>I-Sensys Mf628cw</li><li>I-Sensys Mf8230cn</li><li>I-Sensys Mf8280cw</li></ul></li></ul>",Pop Pulse Emporium,Bricolage,101.27,5,Nuovo,0.76,36.0,28.96,10.0,https://cdnbigbuy.com/images/214276632.jpg,,,,0,3-6 giorni,24 mesi,EU,,,
S72113290,8720598225242,Bracciale Donna 24KAE 22424Y Dorato,"Ti presentiamo <b>Bracciale Donna 24KAE 22424Y Dorato</b> e un'ampia gamma di anelli, bracciali, orecchini, ciondoli, ecc. a buon prezzo. Scopri gli esclusivi ed eleganti pezzi di gioielli e bigiotteria per tutti i gusti e stili.<br><br><ul><li>Colore: Dorato</li><li>Tipo: Bracciale</li><li>Genere: Donna</li></ul>",Pop Pulse Emporium,Bricolage,121.35,2,Nuovo,0.29,9.97,9.99,9.96,https://cdnbigbuy.com/images/8720598225242_R00.jpg,,,,0,3-6 giorni,24 mesi,EU,,,
S7275286,7622336004762,Collana Donna Guess JUMN03036JWSTBKT-U,"Ti presentiamo <b>Collana Donna Guess JUMN03036JWSTBKT-U</b> e un'ampia gamma di anelli, bracciali, orecchini, ciondoli, ecc. a buon prezzo. Scopri gli esclusivi ed eleganti pezzi di gioielli e bigiotteria per tutti i gusti e stili.<br><br><ul><li>Genere: Donna</li><li>Tipo: Collana Donna</li></ul>",Pop Pulse Emporium,Bricolage,102.96,2,Nuovo,0.3,9.98,9.98,9.92,https://cdnbigbuy.com/images/7622336004762_S7275286_P01.jpg,,,,0,3-6 giorni,24 mesi,EU,,,
S3721320,8033280392222,Camicia a Maniche Lunghe Uomo Sparco Martini Racing Taglia L Blu Marino,"Se stai pensando di rinnovare il tuo armadio, compra <b>Camicia a Maniche Lunghe Uomo Sparco Martini Racing Taglia L Blu Marino</b> e altri <b>prodotti Sparco</b>! La migliore qualità al miglior prezzo è già a portata di mano!<br><ul><li>Colore: Blu Marino</li><li>Taglia: Taglia L</li></ul>",Pop Pulse Emporium,Bricolage,126.82,1,Nuovo,0.7,10.0,10.0,5.0,https://cdnbigbuy.com/images/8033280392222_S3721320_P01.jpg,,,,0,3-6 giorni,24 mesi,EU,,,
S72104390,8430622829253,Orologio Uomo Festina F20695/1 Nero,"Se ti piace seguire le ultime tendenze per quanto riguarda moda e accessori, compra <b>Orologio Uomo Festina F20695/1 Nero</b> al miglior prezzo.<br><br><ul><li>Colore: Nero</li><li>Funzioni: Cronografo</li><li>Genere: Uomo</li><li>Materiale del cinturino: Pelle</li><li>Materiale della scatola: Acciaio inossidabile</li><li>Tipo di chiusura: Fibbia</li><li>Tipo di batterie: LR44</li><li>Tipo di garanzia: Del produttore</li><li>Tipo di movimento: Quarzo</li></ul>",Pop Pulse Emporium,Bricolage,185.16,50,Nuovo,0.3,14.15,12.43,10.11,https://cdnbigbuy.com/images/8430622829253_S72104390_P00.jpg,https://cdnbigbuy.com/images/103402_mandatory-watch0.jpg,,,0,3-6 giorni,24 mesi,EU,,,
S7279044,5700302692310,Perlina Pandora 787636CZ-05,"Ti presentiamo <b>Perlina Pandora 787636CZ-05</b> e un'ampia gamma di anelli, bracciali, orecchini, ciondoli, ecc. a buon prezzo. Scopri gli esclusivi ed eleganti pezzi di gioielli e bigiotteria per tutti i gusti e stili.<br><br><ul><li>Tipo: Perlina</li><li>Genere: Donna</li><li>Anno: 2018</li></ul>",Pop Pulse Emporium,Bricolage,159.18,2,Nuovo,0.29,10.14,9.88,10.12,https://cdnbigbuy.com/images/5700302692310_R02.jpg,https://cdnbigbuy.com/images/5700302692310_S7279044_P02.jpg,,,0,3-6 giorni,24 mesi,EU,,,
S72099113,7621826575065,Collana Uomo Guess JUBN01371JWRHT-U,"Ti presentiamo <b>Collana Uomo Guess JUBN01371JWRHT-U</b> e un'ampia gamma di anelli, bracciali, orecchini, ciondoli, ecc. a buon prezzo. Scopri gli esclusivi ed eleganti pezzi di gioielli e bigiotteria per tutti i gusti e stili.<br><br><ul><li>Genere: Uomo</li><li>Tipo: Collana Uomo</li></ul>",Pop Pulse Emporium,Bricolage,120.96,2,Nuovo,0.3,10.0,10.0,10.0,https://cdnbigbuy.com/images/7621826575065_S72099113_P10.jpg,https://cdnbigbuy.com/images/7621826575065_S72099113_P00.jpg,,,0,3-6 giorni,24 mesi,EU,,,
S7143935,3362932913535,Joystick Thrustmaster T.Flight Hotas X,"Se sei un appassionato d'<b>informatica ed elettronica</b>, ti piace stare al passo con la più recente tecnologia senza lasciarti sfuggire nessun dettaglio, acquista <b>Joystick Thrustmaster T.Flight Hotas X</b> al miglior prezzo.<br><br><ul><li>Caratteristiche: Plug & Play</li><li>Colore: Nero</li><li>Connessioni: USB</li><li>Piattaforma: PC</li></ul>",Pop Pulse Emporium,Bricolage,133.48,1,Nuovo,2.0,24.0,26.8,26.2,https://cdnbigbuy.com/images/3362932913535_S7143935_P02.jpg,,,,0,3-6 giorni,24 mesi,EU,,,
S72117599,8430622843198,Orologio Uomo Festina F20343/B,"Se sei alla ricerca di novità alla moda sul mercato, ti presentiamo <b>Orologio Uomo Festina F20343/B</b>!<br><br><ul><li>Genere: Uomo</li><li>Anelli extra: No</li><li>Tipo di orologio: Orologio da polso</li></ul>",Pop Pulse Emporium,Bricolage,196.59,50,Nuovo,0.3,14.15,12.43,10.11,https://cdnbigbuy.com/images/8430622843198_S72117599_P00.jpg,https://cdnbigbuy.com/images/116611_mandatory-watch0.jpg,,,0,3-6 giorni,24 mesi,EU,,,
S9902787,0886112397708,Toner Originale HP 83X Nero,Torna in ufficio senza dimenticarti di nulla! Compra <b>Toner Originale HP 83X Nero</b> e sarai l'invidia dei tuoi colleghi!<br><br><ul><li>Colore: Nero</li><li>Tecnologia: Láser</li><li>Tipo: Toner</li></ul>,Pop Pulse Emporium,Bricolage,140.14,10,Nuovo,0.81,28.7,95.25,31.75,https://cdnbigbuy.com/images/0886112397708_S9902787_P00.jpg,,,,0,3-6 giorni,24 mesi,EU,,,
S7276954,8430622775307,Orologio Uomo Lotus 18812/3 Grigio Argentato,"Se ti piace seguire le ultime tendenze per quanto riguarda moda e accessori, compra <b>Orologio Uomo Lotus 18812/3 Grigio Argentato</b> al miglior prezzo.<br><br><ul><li>Genere: Uomo</li><li>Anelli extra: No</li><li>Tipo di orologio: Orologio da polso</li><li>Colore: <ul><li>Grigio</li><li>Argentato</li></ul></li><li>Materiale del cinturino: Acciaio inossidabile</li><li>Materiale della scatola: Acciaio inossidabile</li></ul>",Pop Pulse Emporium,Bricolage,129.87,50,Nuovo,0.4,32.0,19.0,10.0,https://cdnbigbuy.com/images/8430622775307_R01.jpg,https://cdnbigbuy.com/images/8430622775307_R21.jpg,https://cdnbigbuy.com/images/76011_mandatory-watch1.jpg,https://cdnbigbuy.com/images/8430622775307_R11.jpg,0,3-6 giorni,24 mesi,EU,,,
S0388855,0091661537769,Orologio Donna Guess GW0624G1 (Ø 43 mm),"Se sei alla ricerca di novità alla moda sul mercato, ti presentiamo <b>Orologio Donna Guess GW0624G1 (Ø 43 mm)</b>!<br><br><ul><li>Genere: Donna</li><li>Anelli extra: No</li><li>Tipo di orologio: Orologio da polso</li><li>Materiale del cinturino: Acciaio inossidabile</li><li>Materiale della cassa dell'orologio: Acciaio inossidabile</li><li>Tipo di movimento: Quarzo</li><li>Cristallo: Minerale</li><li>Impermeabilità: 5 atm</li><li>Include: Include custodia o copertura del marchio</li><li>Tipo di chiusura: Farfalla</li><li>Colore del quadrante: Azzurro</li><li>Colore della custodia dell'orologio: Grigio</li><li>Colore del cinturino: Grigio</li><li>Diametro della cassa dell'orologio: Ø 43 mm</li></ul>",Pop Pulse Emporium,Bricolage,130.8,25,Nuovo,0.4,32.0,19.0,10.0,https://cdnbigbuy.com/images/0091661537769_S0388855_P00.jpg,https://cdnbigbuy.com/images/85214_mandatory-watch0.jpg,,,0,3-6 giorni,24 mesi,EU,,,
S2441975,4006333088414,Statua Smoby Godzilla 1:12 Radiocomando,"I bambini meritano il meglio, per questo ti presentiamo <b>Statua Smoby Godzilla 1:12 Radiocomando</b>, ideale per coloro che cercano prodotti di qualità per i più piccoli! Scopri <b>Smoby</b> e altre marche e brevetti ai migliori prezzi!<br><br><ul><li>Scala: 1:12</li><li>Caratteristiche: <ul><li>Radiocomando</li><li>Controllo con pulsanti</li><li>Effetti sonori</li></ul></li><li>Tipo: Statua</li><li>Materiale: <ul><li>Plastica</li><li>Metallo</li></ul></li><li>Età consigliata: + 6 Anni</li><li>Colore: <ul><li>Nero</li><li>Multicolore</li></ul></li><li>Funziona a batterie: <ul><li>Sì</li><li>AAA x 2, incluse</li></ul></li><li>Include: <ul><li>Batteria</li><li>Telecomando</li></ul></li><li>Batterie incluse: Sì</li><li>Numero di Giocatori: 1 Giocatori</li><li>Genere: Unisex</li><li>Uso consigliato: Interno</li></ul><br><br>Avvertenze: Uso esclusivo per bambini di età superiore ai 36 mesi. Contiene piccole parti. Pericolo di annegamento.",Pop Pulse Emporium,Bricolage,132.23,50,Nuovo,1.3,20.3,36.8,40.6,https://cdnbigbuy.com/images/4006333088414_S2441975_P30.jpg,https://cdnbigbuy.com/images/4006333088414_S2441975_P120.jpg,https://cdnbigbuy.com/images/4006333088414_S2441975_P60.jpg,https://cdnbigbuy.com/images/4006333088414_S2441975_P70.jpg,0,3-6 giorni,24 mesi,EU,,,
S91124340,4260603784967,"mangime Wolfsblut Adulto Carne Patata dolce 12,5 Kg","Se sei alla ricerca di novità alla moda sul mercato, ti presentiamo <b>mangime Wolfsblut Adulto Carne Patata dolce 12,5 Kg</b>!<br><br><ul><li>Tipo: mangime</li><li>Età consigliata: <ul><li>Adulto</li><li>Adulti</li></ul></li><li>Gusto: <ul><li>Carne</li><li>Patata dolce</li></ul></li><li>Ingredienti: <ul><li>Vitamina A</li><li>Vitamina E</li><li>Zinco</li><li>Vitamina D3</li><li>Grasso</li><li>Proteina</li><li>Fibra</li><li>Cenere</li></ul></li><li>Rame (mg): 15 MG/KG</li><li>Ferro: 95 MG/KG</li><li>L-Carnitina: 82 MG/KG</li><li>Selenio: 0,23 MG/KG</li><li>Taurina: 1000 MG/KG</li><li>Capacità: 12,5 Kg</li></ul><br><br>Informazioni importanti: Senza Glutine.",Pop Pulse Emporium,Bricolage,143.4,10,Nuovo,12.61,38.1,18.1,54.0,https://cdnbigbuy.com/images/4260603784967_S91124340_P00.jpg,https://cdnbigbuy.com/images/4260603784967_I20.jpg,https://cdnbigbuy.com/images/4260603784967_R00.jpg,https://cdnbigbuy.com/images/4260603784967_S91124340_P10.jpg,0,3-6 giorni,24 mesi,EU,,,
S9145492,4711378425277,Scheda Di Memoria Micro SD con Adattatore Patriot Memory PEF1TBEP31MCX 1 TB,"Se sei un appassionato d'<b>informatica ed elettronica</b>, ti piace stare al passo con la più recente tecnologia senza lasciarti sfuggire nessun dettaglio, acquista <b>Scheda Di Memoria Micro SD con Adattatore Patriot Memory PEF1TBEP31MCX 1 TB</b> al miglior prezzo.<br><br><ul><li>Tipo: <ul><li>Classe 10</li><li>Classe 3 (U3)</li></ul></li><li>Colore: <ul><li>Nero</li><li>Rosso</li></ul></li><li>Formato: MicroSDXC</li><li>Memoria interna: 1 TB</li><li>Velocità: <ul><li>80 MB/s</li><li>90 MB/s</li><li>v30</li></ul></li><li>Include: Adattatore</li></ul>",Pop Pulse Emporium,Bricolage,132.52,1,Nuovo,0.03,0.5,10.0,13.2,https://cdnbigbuy.com/images/S9145492_4711378425277_P20.jpg,,,,0,3-6 giorni,24 mesi,EU,,,
S72124609,8430622846090,Orologio Uomo Festina F20738/2,"Se sei alla ricerca di novità alla moda sul mercato, ti presentiamo <b>Orologio Uomo Festina F20738/2</b>!<br><br><ul><li>Genere: Uomo</li><li>Anelli extra: No</li><li>Tipo di orologio: Orologio da polso</li></ul>",Pop Pulse Emporium,Bricolage,176.25,50,Nuovo,0.3,14.15,12.43,10.11,https://cdnbigbuy.com/images/8430622846090_R00.jpg,https://cdnbigbuy.com/images/123621_mandatory-watch0.jpg,,,0,3-6 giorni,24 mesi,EU,,,
S3060728,8424002194918,Lampadario Home ESPRIT Marrone Juta Metallo Corda 60 x 60 x 50 cm,"Se sei alla ricerca di novità alla moda sul mercato, ti presentiamo <b>Lampadario Home ESPRIT Marrone Juta Metallo Corda 60 x 60 x 50 cm</b>!<br><br><ul><li>Tipo: Lampadario</li><li>Colore: Marrone</li><li>Materiale: <ul><li>Juta</li><li>Metallo</li><li>Corda</li></ul></li><li>Design: Città</li><li>Tappo: E27</li><li>Non Include: Lampadina</li><li>Dimensioni appross.: 60 x 60 x 50 cm</li></ul>",Pop Pulse Emporium,Bricolage,119.73,49,Nuovo,7.25,33.19,30.31,28.62,https://cdnbigbuy.com/images/8424002194918_S3060728_P00.jpg,https://cdnbigbuy.com/images/8424002194918_S3060728_P40.jpg,https://cdnbigbuy.com/images/8424002194918_S3060728_P10.jpg,https://cdnbigbuy.com/images/8424002194918_S3060728_P20.jpg,0,3-6 giorni,24 mesi,EU,,,
S7274821,8430622705151,Orologio da Taschino Festina F2019/1,"Se ti piace seguire le ultime tendenze per quanto riguarda moda e accessori, compra <b>Orologio da Taschino Festina F2019/1</b> al miglior prezzo.<br><br><ul><li>Genere: Uomo</li><li>Tipo: Orologio da Taschino</li><li>Anno: 2017</li><li>Materiale del cinturino: Acciaio inossidabile</li><li>Materiale della scatola: Acciaio inossidabile</li><li>Colore: Argentato</li><li>Tipo di movimento: Quarzo</li><li>Peso: 100 g</li><li>Funziona a batterie: 1 Litio Ion, incluidas</li></ul>",Pop Pulse Emporium,Bricolage,141.46,50,Nuovo,0.1,3.0,8.0,8.0,https://cdnbigbuy.com/images/8430622705151_S7274821_P00.jpg,,,,0,3-6 giorni,24 mesi,EU,,,
S0391354,0889214125040,Montatura per Occhiali Uomo Longines LG5007-H-56090 Azzurro ø 56 mm,"Se stai pensando di rinnovare il tuo armadio, compra <b>Montatura per Occhiali Uomo Longines LG5007-H-56090 Azzurro ø 56 mm</b> e altri <b>prodotti Longines</b>! La migliore qualità al miglior prezzo è già a portata di mano!<br><br><ul><li>Genere: Uomo</li><li>Caratteristiche: Lenti non graduate</li><li>Tipo: Montatura per Occhiali</li><li>Colore: Azzurro</li><li>Materiale: Metallo</li><li>Include: Include custodia o copertura del marchio</li><li>Ponte: 15 mm</li><li>Stanghette: 150 mm</li><li>Lenti: ø 56 mm</li></ul>",Pop Pulse Emporium,Bricolage,148.25,50,Nuovo,0.3,10.0,10.0,10.0,https://cdnbigbuy.com/images/0889214125040_S7237809_P00.jpg,https://cdnbigbuy.com/images/0889214125040_R20.jpg,https://cdnbigbuy.com/images/0889214125040_S7237809_P20.jpg,https://cdnbigbuy.com/images/0889214125040_S0391354_P00.jpg,0,3-6 giorni,24 mesi,EU,,,
S71002532,5702017591926,Set di Costruzioni Lego Disney Princess 43240 Maleficent as a dragon Multicolore 583 Pezzi,"I bambini meritano il meglio, per questo ti presentiamo <b>Set di Costruzioni Lego Disney Princess 43240 Maleficent as a dragon Multicolore 583 Pezzi</b>, ideale per coloro che cercano prodotti di qualità per i più piccoli! Scopri <b>Lego</b> ai migliori prezzi!<br><br><ul><li>Tipo: Set di Costruzioni</li><li>Numero di pezzi: 583 Pezzi</li><li>Colore: Multicolore</li><li>Materiale: Plastica</li><li>Età consigliata: + 7 Anni</li></ul>",Pop Pulse Emporium,Bricolage,102.7,5,Nuovo,0.82,27.2,37.6,6.2,https://cdnbigbuy.com/images/5702017591926_S71002532_P00.jpg,https://cdnbigbuy.com/images/5702017591926_S71002532_P10.jpg,https://cdnbigbuy.com/images/5702017591926_S71002532_P20.jpg,https://cdnbigbuy.com/images/5702017591926_S71002532_P30.jpg,0,3-6 giorni,24 mesi,EU,,,
S7249450,7617076116813,Collana Donna Guess JUMN01387JWSTT-U,"Ti presentiamo <b>Collana Donna Guess JUMN01387JWSTT-U</b> e un'ampia gamma di anelli, bracciali, orecchini, ciondoli, ecc. a buon prezzo. Scopri gli esclusivi ed eleganti pezzi di gioielli e bigiotteria per tutti i gusti e stili.<br><br><ul><li>Genere: Donna</li><li>Tipo: Collana Donna</li></ul>",Pop Pulse Emporium,Bricolage,112.15,2,Nuovo,0.3,9.98,9.98,9.92,https://cdnbigbuy.com/images/7617076116813_S7249450_P01.jpg,,,,0,3-6 giorni,24 mesi,EU,,,
S91123800,8716811001076,"mangime Trovet Pesce 12,5 Kg","Se sei alla ricerca di novità alla moda sul mercato, ti presentiamo <b>mangime Trovet Pesce 12,5 Kg</b>!<br><br><ul><li>Tipo: <ul><li>mangime</li><li>Cibo secco o mangime</li></ul></li><li>Forma: Solido</li><li>Gusto: Pesce</li><li>Animale Domestico: Cane</li><li>Proprietà: Cura delle ossa e delle articolazioni</li><li>Uso consigliato: <ul><li>Animale domestico con allergia o intolleranza alimentare</li><li>Animale domestico con stomaco sensibile</li><li>Animale domestico con malassorbimento intestinale</li></ul></li><li>Ingredienti: <ul><li>Grasso</li><li>Proteina</li><li>Fibra</li><li>Cenere</li></ul></li><li>Umidità: 8%</li><li>Capacità: 12,5 Kg</li><li>Funziona a batterie: No</li><li>Età consigliata: Adulti</li></ul><br><br>Informazioni importanti: Senza Glutine. <br><br> Informazioni importanti: Senza zucchero.",Pop Pulse Emporium,Bricolage,109.77,8,Nuovo,12.5,77.0,10.0,38.0,https://cdnbigbuy.com/images/8716811001076_S91123800_P00.jpg,https://cdnbigbuy.com/images/8716811001076_I00.jpg,https://cdnbigbuy.com/images/8716811001076_R00.jpg,,0,3-6 giorni,24 mesi,EU,,,
S8902216,4899888733072,"Bolle di Sapone Mickey Mouse 60 ml 3,8 x 11,5 x 3,8 cm (216 Unità)","I bambini meritano il meglio, per questo ti presentiamo <b>Bolle di Sapone Mickey Mouse 60 ml 3,8 x 11,5 x 3,8 cm (216 Unità)</b>, ideale per coloro che cercano prodotti di qualità per i più piccoli! Scopri <b>Mickey Mouse</b> ai migliori prezzi!<br><br><ul><li>Tipo: Bolle di Sapone</li><li>Capacità: 60 ml</li><li>Informazioni importanti: Disegni assortiti inviati in modo aleatorio a seconda della disponibilità in magazzino</li><li>Materiale: PVC</li><li>Età consigliata: + 3 anni</li><li>Unità: 216 Unità</li><li>Dimensioni appross.: 3,8 x 11,5 x 3,8 cm</li></ul>",Pop Pulse Emporium,Bricolage,147.5,1,Nuovo,16.42,24.5,48.5,37.0,https://cdnbigbuy.com/images/S8902216_S8902216_P6_icon2.jpg,https://cdnbigbuy.com/images/S8902216_P12.jpg,https://cdnbigbuy.com/images/S8902216_P22.jpg,https://cdnbigbuy.com/images/S8902216_P32.jpg,0,3-6 giorni,24 mesi,EU,,,
S71000612,3700057136079,Tavolo da picnic Fun House Marrone Ombrellone (125 x ø 100 cm),"<p>Se vuoi dare un tocco d'originalità alla tua casa, con <b>Tavolo da picnic Fun House Marrone Ombrellone (125 x ø 100 cm)</b> potrai farlo.</p><br><br><ul><li>Tipo: Tavolo da picnic</li><li>Colore: <ul><li>Marrone</li><li>Azzurro</li></ul></li><li>Include: Ombrellone (125 x ø 100 cm)</li><li>Materiale: <ul><li>Legno</li><li>Polietilene</li><li>Acciaio</li></ul></li><li>Dimensioni appross.: 53 x 95 x 100 cm</li><li>Composizione: Poliestere</li><li>Forma: Rettangolare</li></ul>",Pop Pulse Emporium,Bricolage,108.08,16,Nuovo,6.91,93.0,46.0,8.0,https://cdnbigbuy.com/images/3700057136079_S71000612_P00.jpg,https://cdnbigbuy.com/images/3700057136079_R10.jpg,,,0,3-6 giorni,24 mesi,EU,,,
S37115425,8027280359125,Sedile OMP OMPKK0-5032-31,"Se ti piace curare ogni singolo dettaglio della casa ed essere sempre alla moda in tema di prodotti che ti renderanno la vità più facile, compra <b>Sedile OMP OMPKK0-5032-31</b> al miglior prezzo.<br><br><ul><li>Colore: <ul><li>Bianco</li><li>Nero</li></ul></li><li>Uso consigliato: Macchina</li></ul>",Pop Pulse Emporium,Bricolage,130.56,1,Nuovo,5.0,15.0,15.0,10.0,https://cdnbigbuy.com/images/8027280359125_S37115425_P00.jpg,,,,0,3-6 giorni,24 mesi,EU,,,
S72105358,8434103510289,Orologio Donna 0.3 Lorus RG295XX9 10 10 10,"Se ti piace seguire le ultime tendenze per quanto riguarda moda e accessori, compra <b>Orologio Donna 0.3 Lorus RG295XX9 10 10 10</b> al miglior prezzo.<br><br><ul><li>Anelli extra: No</li><li>Tipo di orologio: <ul><li>Orologio da polso</li><li>Orologio Donna</li></ul></li><li>Genere: Donna</li></ul>",Pop Pulse Emporium,Bricolage,120.04,2,Nuovo,0.3,14.15,12.43,10.11,https://cdnbigbuy.com/images/8434103510289_S72105358_P00.jpg,https://cdnbigbuy.com/images/104370_mandatory-watch0.jpg,https://cdnbigbuy.com/images/8434103510289_S72105358_P10.jpg,,0,3-6 giorni,24 mesi,EU,,,
S8906353,4899888792529,Ombrellone Aktive Ø 180 cm 180 x 180 x 180 cm (6 Unità),"Se sei alla ricerca di novità alla moda sul mercato, ti presentiamo <b>Ombrellone Aktive Ø 180 cm 180 x 180 x 180 cm (6 Unità)</b>!<br><br><ul><li>Tipo: Ombrellone</li><li>Materiale: <ul><li>Poliestere</li><li>Acciaio</li></ul></li><li>Caratteristiche: <ul><li>Resistente</li><li>Regolabile</li></ul></li><li>Design: Frange</li><li>Composizione: Poliestere</li><li>Unità: 6 Unità</li><li>Include: Custodia per il trasporto</li><li>Diametro: Ø 180 cm</li><li>Filtro solare: UV30</li><li>Dimensioni appross.: 180 x 180 x 180 cm</li></ul>",Pop Pulse Emporium,Bricolage,119.42,50,Nuovo,9.13,30.37,20.81,56.0,https://cdnbigbuy.com/images/s8906353_p0_icon0.jpg,https://cdnbigbuy.com/images/S8906353_P20.jpg,https://cdnbigbuy.com/images/S8906353_P30.jpg,https://cdnbigbuy.com/images/S8906353_P40.jpg,0,3-6 giorni,24 mesi,EU,,,
S8902723,4899888735045,"Trolley Rastar Per bambini Coccinella Telecomando 2,4 GHz 34 x 48 x 27,5 cm","Ti piace essere alla moda e sei un amante degli accessori? Ti presentiamo <b>Trolley Rastar Per bambini Coccinella Telecomando 2,4 GHz 34 x 48 x 27,5 cm</b> e una vasta gamma di borse e portafogli per essere sempre all'avanguardia!<br><br><ul><li>Genere: Per bambini</li><li>Design: Coccinella</li><li>Funzioni: Telecomando</li><li>Frequenza: 2,4 GHz</li><li>Tipo: Trolley</li><li>Materiale: <ul><li>Metallo</li><li>Plastica</li></ul></li><li>Unità: 2 Unità</li><li>Dimensioni appross.: 34 x 48 x 27,5 cm</li></ul>",Pop Pulse Emporium,Bricolage,159.7,5,Nuovo,7.0,34.5,53.0,50.0,https://cdnbigbuy.com/images/S8902723_P0_icon1.jpg,https://cdnbigbuy.com/images/S8902723_P01.jpg,https://cdnbigbuy.com/images/S8902723_P11.jpg,https://cdnbigbuy.com/images/S8902723_P21.jpg,0,3-6 giorni,24 mesi,EU,,,
S72126470,8056597815550,Montatura per Occhiali Donna Vogue VO 4270,"Se sei alla ricerca di novità alla moda sul mercato, ti presentiamo <b>Montatura per Occhiali Donna Vogue VO 4270</b>!<br><br><ul><li>Caratteristiche: Lenti non graduate</li><li>Tipo: Montatura per Occhiali</li><li>Materiale: Metallo</li><li>Genere: Donna</li></ul>",Pop Pulse Emporium,Bricolage,130.59,5,Nuovo,0.24,8.25,9.94,12.12,https://cdnbigbuy.com/images/8056597815550_S72126470_P00.jpg,https://cdnbigbuy.com/images/8056597815550_S72126470_P10.jpg,,,0,3-6 giorni,24 mesi,EU,,,
S7235597,0889214084552,Montatura per Occhiali Donna Tods TO5226 55001,"Se stai pensando di rinnovare il tuo armadio, compra <b>Montatura per Occhiali Donna Tods TO5226 55001</b> e altri <b>prodotti Tods</b>! La migliore qualità al miglior prezzo è già a portata di mano!<br><br><ul><li>Genere: Donna</li><li>Caratteristiche: Lenti non graduate</li><li>Tipo: Montatura per Occhiali</li></ul>",Pop Pulse Emporium,Bricolage,104.77,1,Nuovo,0.3,10.06,9.97,9.97,https://cdnbigbuy.com/images/0889214084552_S7235597_P01.jpg,https://cdnbigbuy.com/images/0889214084552_S7235597_P31.jpg,https://cdnbigbuy.com/images/0889214084552_S7235597_P11.jpg,https://cdnbigbuy.com/images/0889214084552_S7235597_P21.jpg,0,3-6 giorni,24 mesi,EU,,,
M0506439,0010343864726,Cartuccia ad Inchiostro Originale Epson GF Stylus Pro 4880/4800 Ciano 220 ml,"Se sei un appassionato d'<b>informatica ed elettronica</b>, ti piace stare al passo con la più recente tecnologia senza lasciarti sfuggire nessun dettaglio, acquista <b>Cartuccia ad Inchiostro Originale Epson GF Stylus Pro 4880/4800 Ciano 220 ml</b> al miglior prezzo.<br><br><ul><li>Colore: Ciano</li><li>Tecnologia: Inkjet</li><li>Tipo: <ul><li>Stampante fotografica</li><li>Cartuccia ad Inchiostro Originale</li><li>Originale</li></ul></li><li>Prodotto plug-in: Sì</li><li>Tipo di presa: Spina EU</li><li>Capacità: 220 ml</li><li>Paese/regione di produzione: Cina</li><li>Compatibile: Epson</li><li>Caratteristiche: Originale</li></ul>",Pop Pulse Emporium,Bricolage,165.28,2,Nuovo,0.43,29.0,11.0,3.0,https://cdnbigbuy.com/images/0010343864726_R00.jpg,https://cdnbigbuy.com/images/0010343864726_R10.jpg,,,0,3-6 giorni,24 mesi,EU,,,
S7279339,8434103470903,Orologio Donna Watx & Colors WXCA4106,"Se ti piace seguire le ultime tendenze per quanto riguarda moda e accessori, compra <b>Orologio Donna Watx & Colors WXCA4106</b> al miglior prezzo.<br><br><ul><li>Non Include: Cinturino per Orologio</li><li>Genere: Donna</li><li>Anelli extra: No</li><li>Tipo di orologio: Orologio da polso</li></ul>",Pop Pulse Emporium,Bricolage,108.06,2,Nuovo,0.26,13.03,9.48,8.48,https://cdnbigbuy.com/images/8434103470903_S7279339_P01.jpg,https://cdnbigbuy.com/images/78396_mandatory-watch1.jpg,,,0,3-6 giorni,24 mesi,EU,,,
S5623703,5901969432831,Case computer desktop ATX Genesis NPC-1872 Bianco,"Se sei un appassionato d'<b>informatica ed elettronica</b>, ti piace stare al passo con la più recente tecnologia senza lasciarti sfuggire nessun dettaglio, acquista <b>Case computer desktop ATX Genesis NPC-1872 Bianco</b> al miglior prezzo.<br><br><ul><li>Tipo: <ul><li>Case computer desktop ATX</li><li>PC</li><li>Gaming</li></ul></li><li>Colore: Bianco</li><li>Caratteristiche: <ul><li>Pulsante di accensione</li><li>Indicatore LED di funzionamento</li></ul></li><li>Connessioni: USB 2.0</li><li>Porte: Ingresso audio</li><li>Fattore di forma: Midi-Tower</li><li>Fessure di espansione: 8</li><li>Fonte di Alimentazione: ATX</li><li>Include: Manuale dell'utente</li></ul>",Pop Pulse Emporium,Bricolage,115.85,1,Nuovo,6.95,44.7,22.0,51.0,https://cdnbigbuy.com/images/5901969432831_I01.jpg,,,,0,3-6 giorni,24 mesi,EU,,,
S37117144,5998167750386,Braccioli Armster C05038A Nero Ecopelle,"Se sei alla ricerca di novità alla moda sul mercato, ti presentiamo <b>Braccioli Armster C05038A Nero Ecopelle</b>!<br><br><ul><li>Tipo: Braccioli</li><li>Colore: Nero</li><li>Materiale: Ecopelle</li><li>Include: <ul><li>Kit di montaggio</li><li>Manuale delle Istruzioni</li></ul></li><li>Veicolo compatibile: RENAULT CLIO IV</li></ul>",Pop Pulse Emporium,Bricolage,131.98,2,Nuovo,8.0,35.0,25.0,25.0,https://cdnbigbuy.com/images/5998167750386_S37117144_P00.jpg,https://cdnbigbuy.com/images/5998167750386_S37117144_P50.jpg,https://cdnbigbuy.com/images/5998167750386_S37117144_P60.jpg,https://cdnbigbuy.com/images/5998167750386_S37117144_P10.jpg,0,3-6 giorni,24 mesi,EU,,,
S7211806,8431283531547,Orologio Uomo Mark Maddox HC0107-05 (Ø 43 mm),"Se ti piace seguire le ultime tendenze per quanto riguarda moda e accessori, compra <b>Orologio Uomo Mark Maddox HC0107-05 (Ø 43 mm)</b> al miglior prezzo.<br><br><ul><li>Genere: Uomo</li><li>Anelli extra: No</li><li>Tipo di orologio: Orologio da polso</li><li>Funzioni: Cronografo</li><li>Include: Include confezione della marca</li><li>Impermeabilità: 5 atm</li><li>Cristallo: Minerale</li><li>Tipo di movimento: Quarzo</li><li>Diametro della cassa dell'orologio: Ø 43 mm</li></ul>",Pop Pulse Emporium,Bricolage,100.07,1,Nuovo,0.4,32.0,19.0,10.0,https://cdnbigbuy.com/images/8431283531547_S7211806_P00.jpg,https://cdnbigbuy.com/images/11807_mandatory-watch0.jpg,,,0,3-6 giorni,24 mesi,EU,,,
S8901710,4899888615446,"Adattatore Intex Impianto di depurazione per Piscina Tipo B 1.25/1.5"" (24 Unità)","Il divertimento estivo è assicurato con queste proposte che piaceranno sia ai più piccoli che ai grandi! Compra <b>Adattatore Intex Impianto di depurazione per Piscina Tipo B 1.25/1.5"" (24 Unità)</b> e goditi il tuo tempo libero!<br><br><ul><li>Adatto per: Impianto di depurazione per Piscina</li><li>Tipo: <ul><li>Tipo B</li><li>Adattatore</li></ul></li><li>Madrevite (mm): 1.25/1.5""</li><li>Materiale: PVC</li><li>Numero di pezzi: 2 Pezzi</li><li>Unità: 24 Unità</li></ul>",Pop Pulse Emporium,Bricolage,108.1,10,Nuovo,2.16,25.5,28.0,20.5,https://cdnbigbuy.com/images/S8901710_P0_icon3.jpg,https://cdnbigbuy.com/images/S8901710_P03.jpg,,,0,3-6 giorni,24 mesi,EU,,,
S0385080,0193599729978,Borsa Donna Michael Kors 35T0GTVT3V-BROWN Marrone 39 x 29 x 16 cm,Ti piace essere alla moda e sei un amante degli accessori? Ti presentiamo <b>Borsa Donna Michael Kors 35T0GTVT3V-BROWN Marrone 39 x 29 x 16 cm</b> e una vasta gamma di borse e portafogli per essere sempre all'avanguardia!<br><br><ul><li>Tipo: <ul><li>Borsa</li><li>Borsa Donna</li></ul></li><li>Genere: Donna</li><li>Colore: Marrone</li><li>Materiale: Tela</li><li>Tipo di chiusura: Cerniera</li><li>Include: Include custodia o copertura del marchio</li><li>Dimensioni appross.: 39 x 29 x 16 cm</li></ul>,Pop Pulse Emporium,Bricolage,171.55,8,Nuovo,0.3,25.0,25.0,10.0,https://cdnbigbuy.com/images/0193599729978_S0385080_P00.jpg,https://cdnbigbuy.com/images/0193599729978_S0385080_P20.jpg,https://cdnbigbuy.com/images/0193599729978_S0385080_P10.jpg,,0,3-6 giorni,24 mesi,EU,,,
S0389258,0886895559904,Occhiali da sole Donna Victoria Beckham VB649S-601 Ø 52 mm,"Se sei alla ricerca di novità alla moda sul mercato, ti presentiamo <b>Occhiali da sole Donna Victoria Beckham VB649S-601 Ø 52 mm</b>!<br><br><ul><li>Tipo: Occhiali da sole Donna</li><li>Genere: Donna</li><li>Protezione: Proteggono al 100% dei raggi UV (UV400)</li><li>Materiale delle lenti: Policarbonato</li><li>Colore: <ul><li>Rosso</li><li>Rosa</li></ul></li><li>Materiale: Iniettato</li><li>Include: Include custodia o copertura del marchio</li><li>Ponte: 21 mm</li><li>Stanghette: 140 mm</li><li>Filtro solare: Categoria 2</li><li>Lenti: Ø 52 mm</li></ul>",Pop Pulse Emporium,Bricolage,113.32,5,Nuovo,0.3,10.0,10.0,10.0,https://cdnbigbuy.com/images/0886895559904_S0389258_P00.jpg,https://cdnbigbuy.com/images/0886895559904_S0389258_P10.jpg,https://cdnbigbuy.com/images/0886895559904_S0389258_P20.jpg,,0,3-6 giorni,24 mesi,EU,,,
S7206642,0120180100335,Orologio Donna Beverly Hills Polo Club BH2117-03,"Se ti piace seguire le ultime tendenze per quanto riguarda moda e accessori, compra <b>Orologio Donna Beverly Hills Polo Club BH2117-03</b> al miglior prezzo.<br><br><ul><li>Anelli extra: No</li><li>Genere: Donna</li><li>Tipo di orologio: Orologio da polso</li><li>Tipo di movimento: Quarzo</li></ul>",Pop Pulse Emporium,Bricolage,163.78,1,Nuovo,0.33,14.16,11.56,10.0,https://cdnbigbuy.com/images/0120180100335_S7206642_P02.jpg,https://cdnbigbuy.com/images/6643_mandatory-watch2.jpg,,,0,3-6 giorni,24 mesi,EU,,,
S71000054,5702017584348,Set di Costruzioni Lego Millenium Falcon Stars Wars Multicolore,"I bambini meritano il meglio, per questo ti presentiamo <b>Set di Costruzioni Lego Millenium Falcon Stars Wars Multicolore</b>, ideale per coloro che cercano prodotti di qualità per i più piccoli! Scopri <b>Lego</b> ai migliori prezzi!<br><br><ul><li>Tipo: Set di Costruzioni</li><li>Età consigliata: <ul><li>Adulti</li><li>+ 18 Anni</li></ul></li><li>Colore: Multicolore</li><li>Materiale: Plastica</li></ul>",Pop Pulse Emporium,Bricolage,119.87,9,Nuovo,0.99,28.2,26.4,11.6,https://cdnbigbuy.com/images/5702017584348_S71000054_P00.jpg,https://cdnbigbuy.com/images/5702017584348_S71000054_P20.jpg,https://cdnbigbuy.com/images/5702017584348_S71000054_P30.jpg,https://cdnbigbuy.com/images/5702017584348_S71000054_P40.jpg,0,3-6 giorni,24 mesi,EU,,,
S7274715,8430622779114,Orologio Donna Festina CLASSICS (Ø 31 mm),"Se ti piace seguire le ultime tendenze per quanto riguarda moda e accessori, compra <b>Orologio Donna Festina CLASSICS (Ø 31 mm)</b> al miglior prezzo.<br><br><ul><li>Genere: Donna</li><li>Anelli extra: No</li><li>Tipo di orologio: Orologio da polso</li><li>Materiale del cinturino: Acciaio inossidabile</li><li>Include: Include confezione della marca</li><li>Impermeabilità: 5 atm</li><li>Cristallo: Minerale</li><li>Tipo di movimento: Quarzo</li><li>Diametro della cassa dell'orologio: Ø 31 mm</li><li>Paese/regione di produzione: Cina</li><li>Materiale della scatola: Acciaio inossidabile</li><li>Colore del cinturino: Multicolore</li><li>Design: Donna</li><li>Diametro: 31 mm</li></ul>",Pop Pulse Emporium,Bricolage,164.68,50,Nuovo,0.4,39.0,19.0,10.0,https://cdnbigbuy.com/images/8430622779114_S7274715_P01.jpg,https://cdnbigbuy.com/images/73772_mandatory-watch1.jpg,,,0,3-6 giorni,24 mesi,EU,,,
S7198443,8720169076181,Applique da Parete Wiz Multicolore 8 W Metallo WiFi 16 cm RGB,"Se sei un appassionato d'<b>informatica ed elettronica</b>, ti piace stare al passo con la più recente tecnologia senza lasciarti sfuggire nessun dettaglio, acquista <b>Applique da Parete Wiz Multicolore 8 W Metallo WiFi 16 cm RGB</b> al miglior prezzo.<br><br><ul><li>Tipo: Applique da Parete</li><li>Colore: <ul><li>Nero</li><li>Multicolore</li></ul></li><li>Uso consigliato: Giardino</li><li>Funzioni: WiFi</li><li>Dimensioni appross.: 16 cm</li><li>Potenza: 8 W</li><li>Tecnologia: <ul><li>RGB</li><li>LED</li></ul></li><li>Materiale: Metallo</li><li>Voltaggio: <ul><li>240 V</li><li>220-240 V</li></ul></li><li>Classificazione IP: IP44</li><li>Lampadine: 1</li><li>Caratteristiche: Intensità regolabile</li><li>Tipo di lampadina: Bombilla incluida</li><li>Compatibile: Telecomando</li><li>Fonte di Alimentazione: DC</li></ul>",Pop Pulse Emporium,Bricolage,133.75,2,Nuovo,1.32,25.65,20.07,29.21,https://cdnbigbuy.com/images/8720169076181_S7198443_P00.jpg,https://cdnbigbuy.com/images/8720169076181_S7198443_P10.jpg,https://cdnbigbuy.com/images/8720169076181_S7198443_P20.jpg,https://cdnbigbuy.com/images/8720169076181_S7198443_P30.jpg,0,3-6 giorni,24 mesi,EU,,,
S7212464,8431283493968,Orologio Donna Viceroy 471156-09 (Ø 30 mm),"Se ti piace seguire le ultime tendenze per quanto riguarda moda e accessori, compra <b>Orologio Donna Viceroy 471156-09 (Ø 30 mm)</b> al miglior prezzo.<br><br><ul><li>Genere: Donna</li><li>Anelli extra: No</li><li>Tipo di orologio: Orologio da polso</li><li>Tipo di movimento: Quarzo</li><li>Impermeabilità: 3 atm</li><li>Diametro della cassa dell'orologio: Ø 30 mm</li></ul>",Pop Pulse Emporium,Bricolage,150.01,1,Nuovo,0.4,39.0,19.0,10.0,https://cdnbigbuy.com/images/8431283493968_S7212464_P01.jpg,https://cdnbigbuy.com/images/12465_mandatory-watch1.jpg,,,0,3-6 giorni,24 mesi,EU,,,
S7251051,8433594101419,Orologio Donna Lotus IC00134/43,"Se ti piace seguire le ultime tendenze per quanto riguarda moda e accessori, compra <b>Orologio Donna Lotus IC00134/43</b> al miglior prezzo.<br><br><ul><li>Genere: Donna</li><li>Anelli extra: No</li><li>Tipo di orologio: Orologio da polso</li></ul>",Pop Pulse Emporium,Bricolage,194.45,2,Nuovo,0.33,14.16,11.56,10.0,https://cdnbigbuy.com/images/8433594101419_R00.jpg,https://cdnbigbuy.com/images/8433594101419_R10.jpg,https://cdnbigbuy.com/images/50215_mandatory-watch0.jpg,,0,3-6 giorni,24 mesi,EU,,,
S3709424,8033280326340,Stivali Racing Sparco K-POLE Azzurro (Taglia 40),"Se stai pensando di rinnovare il tuo armadio, compra <b>Stivali Racing Sparco K-POLE Azzurro (Taglia 40)</b> e altri <b>prodotti Sparco</b>! La migliore qualità al miglior prezzo è già a portata di mano!<br><ul><li>Colore: <ul><li>Nero</li><li>Azzurro</li></ul></li><li>Taglia: (Taglia 40)</li></ul>",Pop Pulse Emporium,Bricolage,112.97,2,Nuovo,3.0,12.0,25.0,35.0,https://cdnbigbuy.com/images/8033280326340_A03.jpg,https://cdnbigbuy.com/images/8033280326340_S3709424_P13.jpg,https://cdnbigbuy.com/images/9425_mandatory-motor3.jpg,,0,3-6 giorni,24 mesi,EU,,,
S71001477,3666162006679,Lampada da tavolo Lumisky ROBY WHITE Bianco Alluminio,"<p>Se vuoi dare un tocco d'originalità alla tua casa, con <b>Lampada da tavolo Lumisky ROBY WHITE Bianco Alluminio</b> potrai farlo.</p><br><br><ul><li>Prodotto plug-in: Sì</li><li>Tipo di presa: Spina EU</li><li>Tipo: Lampada da tavolo</li><li>Colore: Bianco</li><li>Materiale: Alluminio</li><li>Tipo di lampadina: LED</li><li>Fonte di Alimentazione: Cavo elettrico</li><li>Funziona a batterie: <ul><li>Sì</li><li>1 Litio Ion, incluidas</li></ul></li><li>Batterie incluse: Sì</li></ul>",Pop Pulse Emporium,Bricolage,101.28,1,Nuovo,1.26,36.0,13.6,13.8,https://cdnbigbuy.com/images/3666162006679_S71001477_P00.jpg,https://cdnbigbuy.com/images/3666162006679_S71001477_P20.jpg,https://cdnbigbuy.com/images/3666162006679_S71001477_P30.jpg,https://cdnbigbuy.com/images/3666162006679_S71001477_P40.jpg,0,3-6 giorni,24 mesi,EU,,,
S3626711,4899888628002,Lampadina LED Vintage E27 Trasparente 4 W 14 x 19 x 14 cm (12 Unità),"Se ti piace curare ogni singolo dettaglio della casa ed essere sempre alla moda in tema di prodotti che ti renderanno la vità più facile, compra <b>Lampadina LED Vintage E27 Trasparente 4 W 14 x 19 x 14 cm (12 Unità)</b> al miglior prezzo.<br><br><ul><li>Design: Vintage</li><li>Tappo: E27</li><li>Temperatura di colore: 2500K</li><li>Tipo: Lampadina LED</li><li>Colore: Trasparente</li><li>Materiale: <ul><li>Metallo</li><li>Cristallo</li></ul></li><li>Potenza: 4 W</li><li>Tipo di luce: Luce calda</li><li>Voltaggio: 220 -240 V</li><li>Unità: 12 Unità</li><li>Dimensioni appross.: 14 x 19 x 14 cm</li></ul>",Pop Pulse Emporium,Bricolage,143.32,50,Nuovo,4.1,49.0,64.0,20.0,https://cdnbigbuy.com/images/S3626711_P0_icon1.jpg,https://cdnbigbuy.com/images/S3626711_P01.jpg,https://cdnbigbuy.com/images/S3626711_P31.jpg,https://cdnbigbuy.com/images/S3626711_63218_1688977864-cropped1.jpg,0,3-6 giorni,24 mesi,EU,,,
S0387833,0197853084117,"Borsa a Tracolla Michael Kors 35F4STVC1L-NAVY Azzurro 21 x 14 x 4,5 cm","Se sei alla ricerca di novità alla moda sul mercato, ti presentiamo <b>Borsa a Tracolla Michael Kors 35F4STVC1L-NAVY Azzurro 21 x 14 x 4,5 cm</b>!<br><br><ul><li>Genere: Donna</li><li>Tipo: Borsa a Tracolla</li><li>Colore: Azzurro</li><li>Composizione: Pelle</li><li>Tipo di chiusura: Magnetico</li><li>Include: Include custodia o copertura del marchio</li><li>Dimensioni appross.: 21 x 14 x 4,5 cm</li></ul>",Pop Pulse Emporium,Bricolage,146.32,4,Nuovo,0.3,10.0,10.0,10.0,https://cdnbigbuy.com/images/0197853084117_S0387833_P00.jpg,https://cdnbigbuy.com/images/0197853084117_S0387833_P10.jpg,https://cdnbigbuy.com/images/0197853084117_S0387833_P20.jpg,,0,3-6 giorni,24 mesi,EU,,,
S37115973,5998167710847,Braccioli Armster FORD ECOSPORT 2018 Pelle ecologica,"Attrezza il tuo veicolo con le ultime novità del settore! Compra <b>Braccioli Armster FORD ECOSPORT 2018 Pelle ecologica</b> e fai in modo che non ti manchi nulla!<br><br><p>Il <b>bracciolo centrale Armster</b> per la <b>Ford Ecosport 2018</b> è un accessorio progettato per migliorare significativamente il comfort e la funzionalità del veicolo, ottimizzando l’esperienza di guida e riposo durante il viaggio. Questo bracciolo di colore <b>nero</b> si installa direttamente sul sedile, garantendo una <b>calibrazione personalizzata e specifica per marca e modello</b>, assicurando un’integrazione perfetta con il sedile, la posizione del volante e il cambio per un comfort ottimale in ogni posizione. Si distingue per il suo <b>regolatore di altezza continuo</b> e un’imbottitura morbida nella parte superiore che offre ergonomia e supporto efficiente per il braccio, migliorando la postura e riducendo la fatica nei viaggi lunghi. Inoltre, è <b>pieghevole in posizione verticale</b> tra i sedili quando non utilizzato, facilitando la gestione e liberando spazio se necessario. Il design include uno spazio di stivaggio interno con capacità di <b>1 litro</b> dotato di un inserto in TPE per la riduzione dei rumori, garantendo che gli oggetti rimangano fermi e senza vibrazioni durante la guida; questo vano si apre e chiude dolcemente per un accesso facile e sicuro. Il bracciolo dispone anche di un portapenne che aggiunge un dettaglio pratico per organizzare l’interno del veicolo. Realizzato secondo standard OEM con una qualità che supera test dinamici di lunga durata, la sua resistenza consente una capacità di carico fino a <b>50 kg</b>, assicurando un uso robusto e duraturo. Questo accessorio è facile da installare, poiché include un kit di montaggio e istruzioni, e non richiede attrezzi complessi né intervento professionale, permettendo a chiunque di installarlo comodamente a casa. L’esperienza e la storia del produttore Rati, azienda specializzata nello sviluppo innovativo di acces",Pop Pulse Emporium,Bricolage,131.96,10,Nuovo,8.0,35.0,25.0,25.0,https://cdnbigbuy.com/images/5998167710847_S37115973_P00.jpg,https://cdnbigbuy.com/images/5998167710847_S37115973_P50.jpg,https://cdnbigbuy.com/images/5998167710847_S37115973_P60.jpg,https://cdnbigbuy.com/images/5998167710847_S37115973_P10.jpg,0,3-6 giorni,24 mesi,EU,,,
S55271088,0194552766870,Adattatore di Corrente Lenovo 4X20S56717,"Se sei un appassionato d'<b>informatica ed elettronica</b>, ti piace stare al passo con la più recente tecnologia senza lasciarti sfuggire nessun dettaglio, acquista <b>Adattatore di Corrente Lenovo 4X20S56717</b> al miglior prezzo.<br><br><ul><li>Tipo: <ul><li>Adattatore di Corrente</li><li>Caricabatterie Portatile</li></ul></li><li>Prodotto plug-in: Sì</li><li>Tipo di presa: Spina EU</li><li>Colore: <ul><li>Nero</li><li>Azzurro</li></ul></li><li>Lunghezza del cavo: 1,8 m</li><li>Tensione di ingresso AC: 100 - 240 V</li><li>Compatibile: <ul><li>Lenovo</li><li>Laptop</li><li>Tablet</li></ul></li><li>Fonte di Alimentazione: Cavo elettrico</li><li>Frequenza: 50 - 60 Hz</li><li>Voltaggio: 100 - 240 V</li></ul>",Pop Pulse Emporium,Bricolage,152.18,50,Nuovo,1.0,25.0,15.0,8.0,https://cdnbigbuy.com/images/486887830.jpg,,,,0,3-6 giorni,24 mesi,EU,,,
S72100792,0197737016456,Occhiali da sole Uomo Polaroid PLD 7052_S,"Se ti piace sfoggiare le ultime novità in tema di <b>moda e accessori</b> e gli accessori sono fondamentali per la tua immagine, non lasciarti sfuggire <b>Occhiali da sole Uomo Polaroid PLD 7052_S</b>! Vantati delle migliori marche di <b>occhiali da sole</b>.<br><br><ul><li>Tipo: Occhiali da sole Uomo</li><li>Protezione: Proteggono al 100% dei raggi UV (UV400)</li><li>Genere: Uomo</li><li>Materiale: Policarbonato</li></ul>",Pop Pulse Emporium,Bricolage,142.65,1,Nuovo,0.28,10.0,10.0,10.06,https://cdnbigbuy.com/images/0197737016456_S72100792_P00.jpg,https://cdnbigbuy.com/images/0197737016456_S72100792_P10.jpg,,,0,3-6 giorni,24 mesi,EU,,,
S8409707,0884962161159,Toner Originale HP 126A Magenta,"Se sei un appassionato d'<b>informatica ed elettronica</b>, ti piace stare al passo con la più recente tecnologia senza lasciarti sfuggire nessun dettaglio, acquista <b>Toner Originale HP 126A Magenta</b> al miglior prezzo.<br><br><ul><li>Colore: Magenta</li><li>Compatibile: <ul><li>LASERJET PRO 100 REFURBISHED COLOR MFP M175NW</li><li>Laserjet Pro Cp1025 Color Printer</li><li>Laserjet Pro Cp1025nw Color Printer</li></ul></li></ul>",Pop Pulse Emporium,Bricolage,100.51,5,Nuovo,0.23,21.08,92.2,21.84,https://cdnbigbuy.com/images/EAN8849621611591.jpg,,,,0,3-6 giorni,24 mesi,EU,,,
S55286777,4897082920816,Punto d'Accesso Keenetic KN-3510-01EN,"Se sei un appassionato d'<b>informatica ed elettronica</b>, ti piace stare al passo con la più recente tecnologia senza lasciarti sfuggire nessun dettaglio, acquista <b>Punto d'Accesso Keenetic KN-3510-01EN</b> al miglior prezzo.<br><br><ul><li>Tipo: Punto d'Accesso</li><li>Prodotto plug-in: Sì</li><li>Tipo di presa: Spina EU</li><li>Connessioni: <ul><li>Ethernet LAN</li><li>PoE x 1</li><li>2</li></ul></li><li>Connettività: <ul><li>Wi-Fi</li><li>LAN 10/100/1000Mbps</li></ul></li><li>Voltaggio: 100-240 V</li><li>Frequenza: 50-60 Hz</li><li>Include: Cavo Ethernet LAN</li><li>Memoria Flash: 128 MB</li></ul>",Pop Pulse Emporium,Bricolage,187.06,9,Nuovo,1.02,28.0,24.0,6.0,https://cdnbigbuy.com/images/1042409260.jpg,https://cdnbigbuy.com/images/1042409280.jpg,https://cdnbigbuy.com/images/1042409720.jpg,https://cdnbigbuy.com/images/1042409290.jpg,0,3-6 giorni,24 mesi,EU,,,
S7125107,3032167704009,Bicicletta per Bambini Smoby Rookie Balance Bike Senza pedali,"I bambini meritano il meglio, per questo ti presentiamo <b>Bicicletta per Bambini Smoby Rookie Balance Bike Senza pedali</b>, ideale per coloro che cercano prodotti di qualità per i più piccoli! Scopri <b>Smoby</b> ai migliori prezzi!<br><br><ul><li>Caratteristiche: Senza pedali</li><li>Genere: Per ragazzi e ragazze</li><li>Tipo: Bicicletta per Bambini</li></ul>",Pop Pulse Emporium,Bricolage,100.39,2,Nuovo,2.77,26.2,49.3,15.2,https://cdnbigbuy.com/images/3032167704009_S7125107_P01.jpg,,,,0,3-6 giorni,24 mesi,EU,,,
S7204102,8430622266836,Orologio Uomo Festina F6665_1,"Se ti piace seguire le ultime tendenze per quanto riguarda moda e accessori, compra <b>Orologio Uomo Festina F6665_1</b> al miglior prezzo.<br><br><ul><li>Genere: Uomo</li><li>Anelli extra: No</li><li>Tipo di orologio: Orologio da polso</li></ul>",Pop Pulse Emporium,Bricolage,175.65,1,Nuovo,0.4,32.0,19.0,10.0,https://cdnbigbuy.com/images/8430622266836_S7204102_P00.jpg,https://cdnbigbuy.com/images/4103_mandatory-watch0.jpg,,,0,3-6 giorni,24 mesi,EU,,,
S3020831,8424001847242,Lampada da tavolo DKD Home Decor 8424001847242 33 x 33 x 67 cm Ceramica Dorato Metallo Bianco 220 V ,"<p>Se vuoi dare un tocco d'originalità alla tua casa, con <b>Lampada da tavolo DKD Home Decor 8424001847242 33 x 33 x 67 cm Ceramica Dorato Metallo Bianco 220 V 50 W</b> potrai farlo.</p><br><br><ul><li>Colore: <ul><li>Bianco</li><li>Dorato</li></ul></li><li>Materiale: <ul><li>Metallo</li><li>Ceramica</li></ul></li><li>Tappo: E27</li><li>Voltaggio: 220 V</li><li>Non Include: Lampadina</li><li>Potenza: 50 W</li><li>Larghezza: 33 cm</li><li>Lunghezza: 33 cm</li><li>Dimensioni appross.: 33 x 33 x 67 cm</li><li>Alto: 67 cm</li><li>Tipo: Lampada da tavolo</li><li>Prodotto plug-in: Sì</li><li>Tipo di presa: Spina EU</li></ul>",Pop Pulse Emporium,Bricolage,114.71,10,Nuovo,4.0,34.5,46.0,34.5,https://cdnbigbuy.com/images/8424001847242_S3020831_P43.jpg,https://cdnbigbuy.com/images/8424001847242_S3020831_P33.jpg,https://cdnbigbuy.com/images/8424001847242_S3020831_P13.jpg,https://cdnbigbuy.com/images/8424001847242_S3020831_P03.jpg,0,3-6 giorni,24 mesi,EU,,,
S7265505,0762753348968,Occhiali da sole Donna Hugo Boss BOSS ORANGE 0060_S,"Se ti piace sfoggiare le ultime novità in tema di <b>moda e accessori</b> e gli accessori sono fondamentali per la tua immagine, non lasciarti sfuggire <b>Occhiali da sole Donna Hugo Boss BOSS ORANGE 0060_S</b>! Vantati delle migliori marche di <b>occhiali da sole</b>.<br><br><ul><li>Tipo: Occhiali da sole Donna</li><li>Genere: Donna</li><li>Protezione: Proteggono al 100% dei raggi UV (UV400)</li><li>Paese/regione di produzione: Cina</li></ul>",Pop Pulse Emporium,Bricolage,155.82,5,Nuovo,0.3,10.08,9.98,9.92,https://cdnbigbuy.com/images/0762753348968_R01.jpg,,,,0,3-6 giorni,24 mesi,EU,,,
S3040087,8424002012663,Lampada da tavolo DKD Home Decor Marrone Beige Corda Dolomite 25 W 50 W 220 V 38 x 38 x 59 cm 38 x 3,"<p>Se vuoi dare un tocco d'originalità alla tua casa, con <b>Lampada da tavolo DKD Home Decor Marrone Beige Corda Dolomite 25 W 50 W 220 V 38 x 38 x 59 cm 38 x 38 x 60 cm</b> potrai farlo.</p><br><br><ul><li>Tipo: Lampada da tavolo</li><li>Materiale: <ul><li>Dolomite</li><li>Corda</li></ul></li><li>Prodotto plug-in: Sì</li><li>Tipo di presa: Spina EU</li><li>Colore: <ul><li>Marrone</li><li>Beige</li></ul></li><li>Composizione: Lino</li><li>Voltaggio: 220 V</li><li>Tappo: E27</li><li>Lunghezza: 38 cm</li><li>Design: <ul><li>Mediterraneo</li><li>Alpino</li></ul></li><li>Alto: 60 cm</li><li>Potenza: <ul><li>25 W</li><li>50 W</li></ul></li><li>Larghezza: 38 cm</li><li>Non Include: <ul><li>Batteria</li><li>Lampadina</li></ul></li><li>Dimensioni appross.: <ul><li>38 x 38 x 59 cm</li><li>38 x 38 x 60 cm</li></ul></li></ul>",Pop Pulse Emporium,Bricolage,112.95,10,Nuovo,3.0,40.0,41.0,40.0,https://cdnbigbuy.com/images/8424002012663_S3040087_P14.jpg,https://cdnbigbuy.com/images/8424002012663_S3040087_P04.jpg,,,0,3-6 giorni,24 mesi,EU,,,
S0388240,0196237483485,Borsa a Spalla Michael Kors 35H3STVT6B-NAVY Azzurro 26 x 29 x 12 cm,"Se sei alla ricerca di novità alla moda sul mercato, ti presentiamo <b>Borsa a Spalla Michael Kors 35H3STVT6B-NAVY Azzurro 26 x 29 x 12 cm</b>!<br><br><ul><li>Tipo: Borsa Donna</li><li>Colore: Azzurro</li><li>Composizione: Ecopelle</li><li>Tipo di chiusura: Cerniera</li><li>Include: Include custodia o copertura del marchio</li><li>Dimensioni appross.: 26 x 29 x 12 cm</li></ul>",Pop Pulse Emporium,Bricolage,175.39,50,Nuovo,0.3,10.0,10.0,10.0,https://cdnbigbuy.com/images/0196237483485_S0388240_P00.jpg,https://cdnbigbuy.com/images/0196237483485_S0388240_P10.jpg,https://cdnbigbuy.com/images/0196237483485_S0388240_P20.jpg,,0,3-6 giorni,24 mesi,EU,,,
M0506018,8715946625065,Cartuccia ad Inchiostro Originale Epson Multipack 16XL Magenta,"Se sei un appassionato d'<b>informatica ed elettronica</b>, ti piace stare al passo con la più recente tecnologia senza lasciarti sfuggire nessun dettaglio, acquista <b>Cartuccia ad Inchiostro Originale Epson Multipack 16XL Magenta</b> al miglior prezzo.<br><br><p>Il <b>cartuccia d’inchiostro compatibile Epson modello S0207675</b> è un consumabile progettato per offrire stampe di qualità con una vasta gamma di colori essenziali. Questa <b>cartuccia d’inchiostro</b> è compatibile con le stampanti Epson, garantendo una corretta installazione e un funzionamento ottimale nei dispositivi di questo marchio. Include i quattro inchiostri base indispensabili per la stampa a colori: <b>giallo, nero, ciano e magenta</b>, permettendo di ottenere stampe con grande fedeltà cromatica e contrasto, ideali sia per documenti che per immagini. Grazie alla sua composizione compatibile, questa cartuccia rappresenta una soluzione pratica ed economica per chi deve mantenere la produttività senza rinunciare a una qualità di stampa accettabile. Il suo design e la tecnologia assicurano un’applicazione uniforme dell’inchiostro sulla carta, riducendo errori e contribuendo a prolungare la vita della stampante evitando inceppamenti o malfunzionamenti. Inoltre, essendo compatibile con i modelli Epson, permette sostituzioni rapide e semplici, facilitando la continuità nel flusso di lavoro di stampa. Formato e specifiche sono pensati per soddisfare le esigenze comuni sia in ambienti domestici che professionali dove si richiede stampa a colori occasionale o regolare. Complessivamente, questa cartuccia offre una soluzione versatile e accessibile per la stampa quotidiana con risultati costanti e colori definiti. In sintesi, la cartuccia S0207675 è un’alternativa affidabile per chi cerca di mantenere operative le stampanti Epson con consumabili compatibili che garantiscono qualità e funzionalità corrette.</p><br><br><ul><li>Tipo: <ul><li>Cartuccia</li><li>Originale</li><li>Cartuccia ad Inchiostro Origin",Pop Pulse Emporium,Bricolage,115.72,50,Nuovo,0.13,14.0,16.0,4.5,https://cdnbigbuy.com/images/8715946625065_M0506018_P00.jpg,https://cdnbigbuy.com/images/8715946625065_4_A20.jpg,https://cdnbigbuy.com/images/8715946625065_0_P00.jpg,https://cdnbigbuy.com/images/8715946625065_1_A00.jpg,0,3-6 giorni,24 mesi,EU,,,
S3020919,8424001882045,Lampada da tavolo DKD Home Decor Tela Ceramica Grigio (42 x 42 x 60 cm),"<p>Se vuoi dare un tocco d'originalità alla tua casa, con <b>Lampada da tavolo DKD Home Decor Tela Ceramica Grigio (42 x 42 x 60 cm)</b> potrai farlo.</p><br><br><ul><li>Colore: Grigio</li><li>Materiale: <ul><li>Ceramica</li><li>Tela</li></ul></li><li>Dimensioni appross.: 42 x 42 x 60 cm</li></ul>",Pop Pulse Emporium,Bricolage,116.48,2,Nuovo,5.0,43.0,44.0,44.0,https://cdnbigbuy.com/images/8424001882045_S3020919_P0-v_11.jpg,,,,0,3-6 giorni,24 mesi,EU,,,
S37115900,5998167750454,Braccioli Armster SEAT ARONA 2018 Stoffa,"Attrezza il tuo veicolo con le ultime novità del settore! Compra <b>Braccioli Armster SEAT ARONA 2018 Stoffa</b> e fai in modo che non ti manchi nulla!<br><br><p>Il <b>bracciolo</b> <b>Armster 3 specifico per SEAT Arona 2018</b> è un accessorio progettato per offrire comfort e funzionalità nel veicolo, installabile facilmente sulla console centrale tramite un adattatore esclusivo per questo modello, garantendo un <b>adattamento perfetto e personalizzato</b>. Realizzato con materiali di alta qualità conformi agli standard OEM dell’industria automobilistica, supporta pesi fino a <b>50 kg</b>, dimostrando resistenza e durata comprovata da test dinamici prolungati. Questo bracciolo centrale dispone di un sistema di <b>regolazione continua in altezza</b> e di un <b>appoggiabraccia regolabile con imbottitura morbida</b> sulla parte superiore, che migliora l’ergonomia per conducente e passeggero, riducendo l’affaticamento nei viaggi lunghi. Il design pieghevole consente di posizionarlo verticalmente tra i sedili quando non in uso, ottimizzando lo spazio disponibile. Inoltre, integra un <b>compartimento portaoggetti da 1 litro</b> con apertura e chiusura fluide, dotato di un inserto in TPE che riduce i rumori durante la guida, completato da un supporto per penne e monete, offrendo un’organizzazione pratica per oggetti di uso frequente. La copertura è disponibile in tessuto o ecopelle nera, combinando estetica e funzionalità per adattarsi all’interno del SEAT Arona mantenendo uno stile sobrio e discreto. L’installazione è accessibile a qualsiasi utente con strumenti di base, poiché il kit include un set completo di montaggio e istruzioni dettagliate. Il bracciolo Armster 3 è un prodotto sviluppato da Rati, azienda leader nella fornitura di accessori originali dal 1986, che garantisce una soluzione tecnica robusta e specifica per migliorare l’esperienza di guida nel SEAT Arona 2018. Questo bracciolo rappresenta un miglioramento ergonomico pratico e duraturo, adattato alle esi",Pop Pulse Emporium,Bricolage,131.98,1,Nuovo,8.0,35.0,25.0,25.0,https://cdnbigbuy.com/images/5998167750454_S37115900_P00.jpg,https://cdnbigbuy.com/images/5998167750454_S37115900_P10.jpg,https://cdnbigbuy.com/images/5998167750454_S37115900_P20.jpg,https://cdnbigbuy.com/images/5998167750454_S37115900_P30.jpg,0,3-6 giorni,24 mesi,EU,,,
S7274998,8430622798368,Orologio Uomo Festina F20652/3 Nero Argentato,"Se ti piace seguire le ultime tendenze per quanto riguarda moda e accessori, compra <b>Orologio Uomo Festina F20652/3 Nero Argentato</b> al miglior prezzo.<br><br><ul><li>Genere: Uomo</li><li>Anelli extra: No</li><li>Tipo di orologio: Orologio da polso</li><li>Colore: <ul><li>Nero</li><li>Argentato</li></ul></li><li>Materiale del cinturino: Acciaio inossidabile</li><li>Materiale della scatola: Acciaio inossidabile</li><li>Diametro: 36 mm</li><li>Tipo di movimento: Quarzo</li></ul>",Pop Pulse Emporium,Bricolage,196.59,50,Nuovo,0.4,32.0,19.0,10.0,https://cdnbigbuy.com/images/8430622798368_S7274998_P00.jpg,https://cdnbigbuy.com/images/74055_mandatory-watch0.jpg,,,0,3-6 giorni,24 mesi,EU,,,
S91122674,5400520248787,Zaino Sportivo Gregory 149324-1761 Rosso 20 L,Mettiti in forma e scopri le ultime novità del settore per fare sport con le migliori garanzie! Compra <b>Zaino Sportivo Gregory 149324-1761 Rosso 20 L</b> al miglior prezzo e goditi una vita salutare!<br><br><ul><li>Tipo: Zaino Sportivo</li><li>Colore: Rosso</li><li>Materiale: <ul><li>Poliestere</li><li>Acciaio legato</li></ul></li><li>Larghezza: 29 cm</li><li>Alto: 53 cm</li><li>Lunghezza: 18 cm</li><li>Composizione: Nylon</li><li>Uso consigliato: Escursionismo</li><li>Capacità: 20 L</li><li>Genere: Donna</li></ul>,Pop Pulse Emporium,Bricolage,124.03,4,Nuovo,1.07,31.0,9.0,54.0,https://cdnbigbuy.com/images/5400520248787_R00.jpg,,,,0,3-6 giorni,24 mesi,EU,,,
S0590283,3355998700256,Rassodante Anti-smagliature Jeanne Piaubert Decollete 3D (50 ml),<p>Ti piacerebbe avere la migliore linea di <b>trattamenti estetici</b> a casa tua con prodotti di qualità ad un buon prezzo? Allora non lasciarti sfuggire <b>Rassodante Anti-smagliature Jeanne Piaubert Decollete 3D (50 ml)</b>!</p><br><br><ul><li>Capacità: 50 ml</li><li>Tipo: Cosmetici</li></ul>,Pop Pulse Emporium,Bricolage,132.01,10,Nuovo,0.14,7.6,7.7,15.8,https://cdnbigbuy.com/images/3355998700256_S0590283_P03.jpg,,,,0,3-6 giorni,24 mesi,EU,,,
S91116295,5901443390916,Lampadario Activejet AJE-STELLA Gold Oro (Bianco neutro) (4000 K),"<p>Se vuoi dare un tocco d'originalità alla tua casa, con <b>Lampadario Activejet AJE-STELLA Gold Oro (Bianco neutro) (4000 K)</b> potrai farlo.</p><br><br><ul><li>Tipo: Lampadario</li><li>Colore: <ul><li>Oro</li><li>Dorato</li></ul></li><li>Caratteristiche: LED</li><li>Fonte di Alimentazione: Corrente alternata</li><li>Certificato: <ul><li>RoHS</li><li>CE</li><li>ISO 14001</li><li>ISO 9001</li></ul></li><li>Temperatura di colore: <ul><li>Bianco neutro</li><li>4000 K</li></ul></li><li>Include: Lampadina</li><li>Classificazione IP: IP20</li><li>Flusso luminoso: 2700 lm</li><li>Tecnologia: LED</li><li>Adatto per: Interni</li><li>Tipo di lampadina: Bombilla incluida</li></ul>",Pop Pulse Emporium,Bricolage,140.55,50,Nuovo,1.3,33.19,30.31,28.62,https://cdnbigbuy.com/images/5901443390916_S91116295_P00.jpg,,,,0,3-6 giorni,24 mesi,EU,,,
S7275116,8430622791505,Orologio Uomo Festina F20636/1 Ø 38 mm,"Se ti piace seguire le ultime tendenze per quanto riguarda moda e accessori, compra <b>Orologio Uomo Festina F20636/1 Ø 38 mm</b> al miglior prezzo.<br><br><ul><li>Anelli extra: No</li><li>Tipo di orologio: Orologio da polso</li><li>Diametro della cassa dell'orologio: Ø 38 mm</li><li>Genere: Uomo</li><li>Paese/regione di produzione: Cina</li><li>Materiale del cinturino: Pelle</li><li>Tipo di movimento: Quarzo</li></ul>",Pop Pulse Emporium,Bricolage,196.59,50,Nuovo,0.4,32.0,19.0,10.0,https://cdnbigbuy.com/images/8430622791505_S7275116_P00.jpg,https://cdnbigbuy.com/images/74173_mandatory-watch0.jpg,,,0,3-6 giorni,24 mesi,EU,,,
S77210692,4015867231166,Cavo VGA Equip 119452 20 m Nero,"Se sei un appassionato d'<b>informatica ed elettronica</b>, ti piace stare al passo con la più recente tecnologia senza lasciarti sfuggire nessun dettaglio, acquista <b>Cavo VGA Equip 119452 20 m Nero</b> al miglior prezzo.<br><br><ul><li>Tipo: Maschio</li><li>Connessioni: <ul><li>HDMI</li><li>HDCP</li><li>HDMI 2.1</li></ul></li><li>Lunghezza del cavo: 20 m</li><li>Paese/regione di produzione: Cina</li><li>Colore: Nero</li><li>Materiale: Oro</li><li>3D: Sì</li><li>Tecnologia: HDR</li><li>Fattore di forma: Straight</li></ul>",Pop Pulse Emporium,Bricolage,123.9,5,Nuovo,0.77,20.5,20.0,6.0,https://cdnbigbuy.com/images/4015867231166_S77210692_P00.jpg,,,,0,3-6 giorni,24 mesi,EU,,,
S0412080,8437006757102,Bruciatore per Paella Optimgas 5890038493,"Se ti piace curare ogni singolo dettaglio della casa ed essere sempre alla moda in tema di prodotti che ti renderanno la vità più facile, compra <b>Bruciatore per Paella Optimgas 5890038493</b> al miglior prezzo.<br><br><ul><li>Materiale: Acciaio</li><li>Potenza: 22,52 kW</li><li>Pressione: 20 mbar</li><li>Diametro: Ø 60 cm</li><li>Adatto per: <ul><li>Cucina a Gas</li><li>Induzione</li></ul></li><li>Informazioni importanti: This product includes a gas regulator, but does not include the nozzle/adapter necessary for its connection according to the current regulations in your country. The customer must purchase this component separately to ensure safe and proper use.</li><li>Caratteristiche: Robusto</li><li>Capacità: 1 L</li><li>Numero di pezzi: 2 Pezzi</li><li>Tipo di manico: Acciaio inossidabile</li><li>Colore: <ul><li>Argentato</li><li>Acciaio</li></ul></li></ul>",Pop Pulse Emporium,Bricolage,108.23,5,Nuovo,9.0,14.0,99.0,72.0,https://cdnbigbuy.com/images/8437006757102_0_P02.jpg,,,,0,3-6 giorni,24 mesi,EU,,,
S3059196,8424002179021,Lampada da tavolo Home ESPRIT Ferro teak 40 X 20 X 80 cm,"<p>Se vuoi dare un tocco d'originalità alla tua casa, con <b>Lampada da tavolo Home ESPRIT Ferro teak 40 X 20 X 80 cm</b> potrai farlo.</p><br><br><ul><li>Prodotto plug-in: Sì</li><li>Tipo: Lampada da tavolo</li><li>Tipo di presa: Spina EU</li><li>Materiale: <ul><li>Ferro</li><li>teak</li></ul></li><li>Larghezza: <ul><li>40 cm</li><li>45 cm</li></ul></li><li>Alto: <ul><li>80 cm</li><li>73 cm</li></ul></li><li>Lunghezza: 20 cm</li><li>Non Include: Lampadina</li><li>Dimensioni appross.: 40 X 20 X 80 cm</li></ul>",Pop Pulse Emporium,Bricolage,193.77,10,Nuovo,11.56,43.0,59.0,23.0,https://cdnbigbuy.com/images/8424002179021_S3059196_P00.jpg,https://cdnbigbuy.com/images/8424002179021_S3059196_P30.jpg,https://cdnbigbuy.com/images/8424002179021_S3059196_P40.jpg,https://cdnbigbuy.com/images/8424002179021_S3059196_P50.jpg,0,3-6 giorni,24 mesi,EU,,,
S0389942,0197853431980,Borsetta a mano Michael Kors 35S5STVW3I-BLACK,"Se sei alla ricerca di novità alla moda sul mercato, ti presentiamo <b>Borsetta a mano Michael Kors 35S5STVW3I-BLACK</b>!<br><br><ul><li>Tipo: Borsa</li><li>Genere: Donna</li><li>Colore: Marrone</li><li>Composizione: Pelle</li><li>Tipo di chiusura: Cerniera</li><li>Include: Include custodia o copertura del marchio</li><li>Dimensioni appross.: 25 x 14 x 1 cm</li></ul>",Pop Pulse Emporium,Bricolage,109.45,4,Nuovo,0.3,10.0,10.0,10.0,https://cdnbigbuy.com/images/0197853431980_S0389942_P00.jpg,https://cdnbigbuy.com/images/0197853431980_S0389942_P10.jpg,https://cdnbigbuy.com/images/0197853431980_S0389942_P20.jpg,,0,3-6 giorni,24 mesi,EU,,,
S7201566,4971850935582,Orologio Uomo Casio G-Shock CLASSIC Nero Argentato (Ø 55 mm),"Se ti piace seguire le ultime tendenze per quanto riguarda moda e accessori, compra <b>Orologio Uomo Casio G-Shock CLASSIC Nero Argentato (Ø 55 mm)</b> al miglior prezzo.<br><br><ul><li>Funzioni: <ul><li>Multifunzionale</li><li>Allarme</li></ul></li><li>Genere: <ul><li>Uomo</li><li>Femminile</li></ul></li><li>Materiale del cinturino: Resina</li><li>Cristallo: Minerale</li><li>Impermeabilità: 20 atm</li><li>Include: Include confezione della marca</li><li>Tipo di movimento: Quarzo</li><li>Diametro della cassa dell'orologio: Ø 55 mm</li><li>Tipo di orologio: Orologio da polso</li><li>Anelli extra: No</li><li>Tipo: Da polso</li><li>Colore: <ul><li>Nero</li><li>Argentato</li></ul></li><li>Materiale: Resina</li><li>Caratteristiche: <ul><li>Resistente all'acqua</li><li>Calendario</li><li>Cronometro</li></ul></li><li>Forma: Rotondo</li><li>Tipo di chiusura: Fibbia</li><li>Tecnologia: LCD</li></ul>",Pop Pulse Emporium,Bricolage,177.08,2,Nuovo,0.3,14.15,12.43,10.11,https://cdnbigbuy.com/images/4971850935582_R0_WBG1.jpg,https://cdnbigbuy.com/images/4971850935582_R4_MKT1.jpg,https://cdnbigbuy.com/images/4971850935582_R6_WBG1.jpg,https://cdnbigbuy.com/images/1567_mandatory-watch1.jpg,0,3-6 giorni,24 mesi,EU,,,
S7103959,4039784292833,Pompa di irrigazione Kärcher 3800 l/h,"Se ti piace curare ogni singolo dettaglio della casa ed essere sempre alla moda in tema di prodotti che ti renderanno la vità più facile, compra <b>Pompa di irrigazione Kärcher 3800 l/h</b> al miglior prezzo.<br><br><ul><li>Caratteristiche: <ul><li>Immergibile</li><li>Interruttore acceso/spento</li><li>Valvola di svuotamento</li><li>Portatile</li></ul></li><li>Potenza: 400 W</li><li>Rendimento: 3800 l/h</li><li>Colore: Nero</li><li>Materiale: <ul><li>Acciaio</li><li>Plastica</li></ul></li></ul>",Pop Pulse Emporium,Bricolage,136.26,10,Nuovo,5.77,24.6,30.5,19.1,https://cdnbigbuy.com/images/4039784292833_S7103959_P00.jpg,https://cdnbigbuy.com/images/4039784292833_R10.jpg,https://cdnbigbuy.com/images/4039784292833_R20.jpg,https://cdnbigbuy.com/images/4039784292833_R30.jpg,0,3-6 giorni,24 mesi,EU,,,
S37115141,8027280168802,Base del Sedile OMP HC/868 Acciaio,Attrezza il tuo veicolo con le ultime novità del settore! Compra <b>Base del Sedile OMP HC/868 Acciaio</b> e fai in modo che non ti manchi nulla!<br><br><ul><li>Uso consigliato: Macchina</li><li>Tipo: Base del Sedile</li><li>Materiale: Acciaio</li><li>Veicolo compatibile: Alfa Romeo Gt-Gta _63_76</li></ul>,Pop Pulse Emporium,Bricolage,192.64,2,Nuovo,10.0,45.0,45.0,20.0,https://cdnbigbuy.com/images/8027280168802_S37115141_P00.jpg,,,,0,3-6 giorni,24 mesi,EU,,,
S7274921,8430622475269,Orologio Uomo Festina F16374/1 Argentato (Ø 40 mm),"Se ti piace seguire le ultime tendenze per quanto riguarda moda e accessori, compra <b>Orologio Uomo Festina F16374/1 Argentato (Ø 40 mm)</b> al miglior prezzo.<br><br><ul><li>Genere: Uomo</li><li>Anelli extra: No</li><li>Tipo di orologio: Orologio da polso</li><li>Paese/regione di produzione: Cina</li><li>Anno: 2019</li><li>Materiale del cinturino: Acciaio inossidabile</li><li>Materiale della scatola: Acciaio inossidabile</li><li>Colore: Argentato</li><li>Funziona a batterie: AA x 1, incluse</li><li>Tipo di movimento: Quarzo</li><li>Diametro della cassa dell'orologio: Ø 40 mm</li></ul>",Pop Pulse Emporium,Bricolage,129.87,50,Nuovo,0.4,32.0,19.0,10.0,https://cdnbigbuy.com/images/8430622475269_S7274921_P01.jpg,https://cdnbigbuy.com/images/73978_mandatory-watch1.jpg,,,0,3-6 giorni,24 mesi,EU,,,
S7922367,6941057408491,Scala per piscina Intex 28075          ,Il divertimento estivo è assicurato con queste proposte che piaceranno sia ai più piccoli che ai grandi! Compra <b>Scala per piscina Intex 28075          </b> e goditi il tuo tempo libero!<br><br><ul><li>Materiale: <ul><li>37 % polipropilene</li><li>59 % Acciaio</li><li>3 % PVC</li><li>1 % Poliossimetilene</li></ul></li><li>Prodotto plug-in: No</li><li>Peso massimo supportato: 136 kg</li><li>Dimensioni appross.: 107 cm</li><li>Caratteristiche: <ul><li>Gradini antiscivolo</li><li>3 Gradini</li><li>Resistente alla corrosione</li></ul></li><li>Età consigliata: + 3 anni</li><li>Colore: Argentato</li></ul>,Pop Pulse Emporium,Bricolage,159.25,18,Nuovo,10.7,9.5,48.0,116.0,https://cdnbigbuy.com/images/6941057408491_S7922367_P01.jpg,https://cdnbigbuy.com/images/6941057408491_S7922367_P31.jpg,https://cdnbigbuy.com/images/6941057408491_S7922367_P11.jpg,https://cdnbigbuy.com/images/6941057408491_S7922367_P21.jpg,0,3-6 giorni,24 mesi,EU,,,
S72104471,8430622829871,Orologio Uomo Lotus 18969/2,"Se ti piace seguire le ultime tendenze per quanto riguarda moda e accessori, compra <b>Orologio Uomo Lotus 18969/2</b> al miglior prezzo.<br><br><ul><li>Genere: <ul><li>Uomo</li><li>Donna</li></ul></li><li>Anelli extra: No</li><li>Tipo di orologio: Orologio da polso</li><li>Materiale del cinturino: Acciaio inossidabile</li><li>Colore del cinturino: Multicolore</li><li>Tipo di movimento: Quarzo</li></ul>",Pop Pulse Emporium,Bricolage,176.25,50,Nuovo,0.3,14.15,12.43,10.11,https://cdnbigbuy.com/images/8430622829871_R00.jpg,https://cdnbigbuy.com/images/103483_mandatory-watch0.jpg,,,0,3-6 giorni,24 mesi,EU,,,
S7137080,3431541124233,Ventilatore da Soffitto con Luce FARELEK BERMUDES 50W 60 W,"Se ti piace curare ogni singolo dettaglio della casa ed essere sempre alla moda in tema di prodotti che ti renderanno la vità più facile, compra <b>Ventilatore da Soffitto con Luce FARELEK BERMUDES 50W 60 W</b> al miglior prezzo.<br><br><ul><li>Lame: <ul><li>Reversibile</li><li>4</li></ul></li><li>Voltaggio: 230 V</li><li>Potenza: <ul><li>50 W</li><li>60 W</li></ul></li><li>Tappo: E27</li><li>Tipo di presa: Spina EU</li><li>Diametro: Ø 107 cm</li><li>Colore: Non applicabile</li><li>Materiale: Legno</li><li>Taglia: Taglia unica</li><li>Design: Moderno</li><li>Tipo: Ventilatore da Soffitto</li></ul>",Pop Pulse Emporium,Bricolage,121.76,25,Nuovo,4.79,45.2,21.4,24.4,https://cdnbigbuy.com/images/3431541124233_S7137080_P0_WBG1.jpg,https://cdnbigbuy.com/images/3431541124233_R11.jpg,,,0,3-6 giorni,24 mesi,EU,,,
S72100226,5700303126562,Ciondoli per Bracciali Pandora 793333C01,"Ti presentiamo <b>Ciondoli per Bracciali Pandora 793333C01</b> e un'ampia gamma di anelli, bracciali, orecchini, ciondoli, ecc. a buon prezzo. Scopri gli esclusivi ed eleganti pezzi di gioielli e bigiotteria per tutti i gusti e stili.<br><br><ul><li>Tipo: Perlina</li></ul>",Pop Pulse Emporium,Bricolage,102.44,25,Nuovo,0.3,20.0,24.0,20.0,https://cdnbigbuy.com/images/5700303126562_S72100226_P00.jpg,,,,0,3-6 giorni,24 mesi,EU,,,
M0517513,4961311894206,Toner Ricoh 841426 Nero Magenta,Torna in ufficio senza dimenticarti di nulla! Compra <b>Toner Ricoh 841426 Nero Magenta</b> e sarai l'invidia dei tuoi colleghi!<br><br><ul><li>Tipo: <ul><li>Originale</li><li>Toner</li></ul></li><li>Colore: <ul><li>Magenta</li><li>Nero</li></ul></li><li>Tecnologia: Laser</li><li>Connettività: Wi-Fi</li><li>Caratteristiche: <ul><li>A colori</li><li>Originale</li></ul></li><li>Precisione (umidità relativa): 20 % - 80 %</li></ul>,Pop Pulse Emporium,Bricolage,188.29,2,Nuovo,0.67,56.0,9.0,8.0,https://cdnbigbuy.com/images/4961311894206_M0517513_P00.jpg,,,,0,3-6 giorni,24 mesi,EU,,,
S3059784,8424002183226,Lampada ad energia solare Home ESPRIT Nero 25 x 25 x 140 cm,"Se ti piace curare ogni singolo dettaglio della casa ed essere sempre alla moda in tema di prodotti che ti renderanno la vità più facile, compra <b>Lampada ad energia solare Home ESPRIT Nero 25 x 25 x 140 cm</b> al miglior prezzo.<br><br><ul><li>Informazioni importanti: Disegni assortiti inviati in modo aleatorio a seconda della disponibilità in magazzino</li><li>Include: Telecomando</li><li>Tipo: Giardino</li><li>Colore: Nero</li><li>Materiale: Metallo</li><li>Caratteristiche: <ul><li>LED</li><li>Luce LED</li></ul></li><li>Dimensioni appross.: 25 x 25 x 140 cm</li></ul>",Pop Pulse Emporium,Bricolage,132.13,5,Nuovo,1.0,52.0,39.5,27.5,https://cdnbigbuy.com/images/8424002183226_S3059784_P00.jpg,https://cdnbigbuy.com/images/8424002183226_S3059784_P10.jpg,https://cdnbigbuy.com/images/8424002183226_S3059784_P20.jpg,https://cdnbigbuy.com/images/8424002183226_S3059784_P30.jpg,0,3-6 giorni,24 mesi,EU,,,
S8902338,4899888733645,Ombrellone Aktive Corallo Ø 200 cm 200 x 200 x 200 cm 200 x 198 x 200 cm UV50 (6 Unità),"<p>Se vuoi dare un tocco d'originalità alla tua casa, con <b>Ombrellone Aktive Corallo Ø 200 cm 200 x 200 x 200 cm 200 x 198 x 200 cm UV50 (6 Unità)</b> potrai farlo.</p><br><br><ul><li>Tipo: Ombrellone</li><li>Filtro solare: UV50</li><li>Diametro: Ø 200 cm</li><li>Colore: Corallo</li><li>Spessore: 28-32 mm</li><li>Materiale: <ul><li>Poliestere</li><li>Alluminio</li></ul></li><li>Unità: 6 Unità</li><li>Include: Borsa di trasporto</li><li>Dimensioni appross.: <ul><li>200 x 200 x 200 cm</li><li>200 x 198 x 200 cm</li></ul></li></ul>",Pop Pulse Emporium,Bricolage,113.99,50,Nuovo,8.94,17.0,18.0,113.0,https://cdnbigbuy.com/images/S8902338_P0_icon1.jpg,https://cdnbigbuy.com/images/S8902338_P01.jpg,https://cdnbigbuy.com/images/S8902338_P11.jpg,https://cdnbigbuy.com/images/S8902338_P21.jpg,0,3-6 giorni,24 mesi,EU,,,
M0516019,5031713063384,Toner Originale OKI 45807102 Nero,Torna in ufficio senza dimenticarti di nulla! Compra <b>Toner Originale OKI 45807102 Nero</b> e sarai l'invidia dei tuoi colleghi!<br><br><ul><li>Colore: Nero</li><li>Compatibile: <ul><li>MB472DNW</li><li>MB492DN</li><li>MB562DNW</li><li>B512DN</li><li>B432DN</li></ul></li><li>Caratteristiche: Originale</li></ul>,Pop Pulse Emporium,Bricolage,153.58,50,Nuovo,0.36,30.5,8.0,9.0,https://cdnbigbuy.com/images/5031713063384_R00.jpg,,,,0,3-6 giorni,24 mesi,EU,,,
S7276780,8430622742019,Orologio Uomo Lotus 18682/2 Nero,"Se ti piace seguire le ultime tendenze per quanto riguarda moda e accessori, compra <b>Orologio Uomo Lotus 18682/2 Nero</b> al miglior prezzo.<br><br><ul><li>Genere: Uomo</li><li>Anelli extra: No</li><li>Tipo di orologio: Orologio da polso</li><li>Colore: Nero</li><li>Anno: 2019</li><li>Materiale del cinturino: Acciaio inossidabile</li><li>Materiale della scatola: Acciaio inossidabile</li><li>Colore del cinturino: Grigio</li><li>Tipo di movimento: Quarzo</li></ul>",Pop Pulse Emporium,Bricolage,185.16,50,Nuovo,0.4,32.0,19.0,10.0,https://cdnbigbuy.com/images/8430622742019_S7276780_P01.jpg,https://cdnbigbuy.com/images/75837_mandatory-watch1.jpg,,,0,3-6 giorni,24 mesi,EU,,,
D1400452,6942138951356,Bestway Piscina Gonfiabile Adulto 366x76 cm Giardino 57273,"Il divertimento estivo è assicurato con queste proposte che piaceranno sia ai più piccoli che ai grandi! Compra <b>Piscina Gonfiabile Bestway Azzurro 5377 L 366 x 76 cm</b> e goditi il tuo tempo libero!<br><br><p>Goditi l'estate al massimo con la <b>piscina gonfiabile</b> <b>Bestway</b>, un prodotto ideale per condividere momenti indimenticabili con familiari e amici. Con dimensioni approssimative di <b>366 x 76 cm</b> e una capacità di <b>5377 litri</b>, questa piscina di colore <b>blu</b> offre ampio spazio per rilassarsi e divertirsi. Realizzata con materiali resistenti come <b>pvc</b> e <b>plastica</b>, garantisce durabilità e sicurezza per goderti senza preoccupazioni. Raccomandata per persone oltre i <b>18 anni</b>, il suo design pratico e attraente trasforma qualsiasi patio o giardino in un autentico oasis di divertimento. In ogni incontro, questa piscina aggiunge un tocco speciale, diventando il centro di tutte le attività acquatiche. Approfitta dell'opportunità di rinfrescarti e divertirti, immergendoti nella qualità e nello stile che offre Bestway.</p><br><br><ul><li>Dimensioni appross.: 366 x 76 cm</li><li>Colore: Azzurro</li><li>Materiale: <ul><li>Plastica</li><li>PVC</li></ul></li><li>Caratteristiche: <ul><li>Esterno</li><li>Pulire con panno bagnato</li><li>Guida all'installazione inclusa</li></ul></li><li>Uso consigliato: <ul><li>Spiaggia</li><li>Giardino</li><li>Campeggio</li></ul></li><li>Capacità: 5377 L</li><li>Forma: Rotondo</li><li>Età consigliata: + 18 Anni</li></ul>",Pop Pulse Emporium,Bricolage,108.66,19,Nuovo,11.8,29.5,40.5,29.5,https://cdnbigbuy.com/images/6942138951356_D1400452_P02.jpg,https://cdnbigbuy.com/images/6942138951356_R42.jpg,https://cdnbigbuy.com/images/6942138951356_R02.jpg,https://cdnbigbuy.com/images/6942138951356_I12.jpg,0,3-6 giorni,24 mesi,EU,,,
S91122682,5400520305985,Zaino Sportivo Gregory 153049-1552 Azzurro Rosso 20 L 25 L,"Mettiti in forma e scopri le ultime novità del settore per fare sport con le migliori garanzie! Compra <b>Zaino Sportivo Gregory 153049-1552 Azzurro Rosso 20 L 25 L</b> al miglior prezzo e goditi una vita salutare!<br><br><ul><li>Tipo: Zaino Sportivo</li><li>Colore: <ul><li>Azzurro</li><li>Rosso</li></ul></li><li>Materiale: <ul><li>Poliestere</li><li>Acciaio legato</li></ul></li><li>Larghezza: 29 cm</li><li>Alto: 53 cm</li><li>Lunghezza: <ul><li>20 cm</li><li>18 cm</li></ul></li><li>Composizione: Nylon</li><li>Peso circa: 1,03 KG</li><li>Uso consigliato: Escursionismo</li><li>Capacità: <ul><li>20 L</li><li>25 L</li></ul></li></ul>",Pop Pulse Emporium,Bricolage,133.51,4,Nuovo,1.14,30.0,10.0,53.0,https://cdnbigbuy.com/images/5400520305985_S91122682_P00.jpg,https://cdnbigbuy.com/images/5400520305985_S91122682_P10.jpg,https://cdnbigbuy.com/images/5400520305985_S91122682_P20.jpg,https://cdnbigbuy.com/images/5400520305985_S91122682_P30.jpg,0,3-6 giorni,24 mesi,EU,,,
S0387853,4549526358845,Orologio Uomo Casio EFR-574D-1AVUEF,"Se ti piace seguire le ultime tendenze per quanto riguarda moda e accessori, compra <b>Orologio Uomo Casio EFR-574D-1AVUEF</b> al miglior prezzo.<br><br><ul><li>Caratteristiche: Cronometro</li><li>Tipo di movimento: Quarzo</li><li>Cristallo: Minerale</li><li>Impermeabilità: 10 atm</li><li>Include: Include custodia o copertura del marchio</li><li>Tipo di chiusura: Farfalla</li><li>Colore del quadrante: Nero</li><li>Colore della custodia dell'orologio: Grigio</li><li>Colore del cinturino: Grigio</li><li>Materiale del cinturino: Acciaio inossidabile</li><li>Materiale della cassa dell'orologio: Acciaio inossidabile</li></ul>",Pop Pulse Emporium,Bricolage,154.08,4,Nuovo,0.4,32.0,19.0,10.0,https://cdnbigbuy.com/images/4549526358845_S0387853_P00.jpg,https://cdnbigbuy.com/images/84212_mandatory-watch0.jpg,,,0,3-6 giorni,24 mesi,EU,,,
S71010124,3666085850830,Piastra per Capelli Demeliss Barbie Edition Titanium V2,"<p>Vuoi valorizzare la tua immagine ed esaltare la tua bellezza? Allora con <b>Piastra per Capelli Demeliss Barbie Edition Titanium V2</b>&nbsp;sar&agrave; possibile. Sfrutta i benefici e i vantaggi dei <b>prodotti Demeliss</b>&nbsp;e degli altri <b>accessori per l'acconciatura</b>, tutti di marche <b>100% originali</b>.<b>&nbsp;</b></p><br><br><ul><li>Prodotto plug-in: Sì</li><li>Tipo di presa: Spina EU</li><li>Colore: Rosa</li></ul>",Pop Pulse Emporium,Bricolage,134.74,25,Nuovo,1.06,16.3,42.6,10.3,https://cdnbigbuy.com/images/3666085850830_R00.jpg,https://cdnbigbuy.com/images/S71010124_1729686416-remove-background0.jpg,,,0,3-6 giorni,24 mesi,EU,,,
S71001054,3666162002725,Ghirlanda di Luci LED Lumisky Bianco 6 m,"Se ti piace curare ogni singolo dettaglio della casa ed essere sempre alla moda in tema di prodotti che ti renderanno la vità più facile, compra <b>Ghirlanda di Luci LED Lumisky Bianco 6 m</b> al miglior prezzo.<br><br><ul><li>Caratteristiche: Luce LED</li><li>Uso consigliato: Uso per interni ed esterni</li><li>Tipo: Ghirlanda di Luci LED</li><li>Colore: Bianco</li><li>Lunghezza: 6 m</li><li>Tecnologia: LED</li><li>Lampadine: 10</li></ul>",Pop Pulse Emporium,Bricolage,117.2,2,Nuovo,2.28,31.6,25.4,17.8,https://cdnbigbuy.com/images/3666162002725_S71001054_P00.jpg,https://cdnbigbuy.com/images/3666162002725_S71001054_P20.jpg,https://cdnbigbuy.com/images/3666162002725_S71001054_P30.jpg,https://cdnbigbuy.com/images/3666162002725_S71001054_P10.jpg,0,3-6 giorni,24 mesi,EU,,,
S0392062,0196237630223,Borsetta a mano Michael Kors 35S4G4DC5J-BLACK,"Se sei alla ricerca di novità alla moda sul mercato, ti presentiamo <b>Borsetta a mano Michael Kors 35S4G4DC5J-BLACK</b>!<br><br><ul><li>Colore: Nero</li><li>Materiale: Tela</li><li>Tipo di chiusura: Cerniera</li><li>Include: Include custodia o copertura del marchio</li></ul>",Pop Pulse Emporium,Bricolage,128.85,10,Nuovo,0.3,10.0,10.0,10.0,https://cdnbigbuy.com/images/0196237630223_S0392062_P00.jpg,https://cdnbigbuy.com/images/0196237630223_S0392062_P10.jpg,https://cdnbigbuy.com/images/0196237630223_S0392062_P20.jpg,,0,3-6 giorni,24 mesi,EU,,,
S3043654,8424002060190,Lampadario DKD Home Decor Dorato Metallo 50 W 70 x 70 x 20 cm,"<p>Se vuoi dare un tocco d'originalità alla tua casa, con <b>Lampadario DKD Home Decor Dorato Metallo 50 W 70 x 70 x 20 cm</b> potrai farlo.</p><br><br><ul><li>Tipo: Lampadario</li><li>Colore: Dorato</li><li>Materiale: Metallo</li><li>Potenza: 50 W</li><li>Design: Moderno</li><li>Tappo: E27</li><li>Voltaggio: 220 V</li><li>Lampadine: 4</li><li>Non Include: Lampadina</li><li>Dimensioni appross.: <ul><li>70 x 70 x 20 cm</li><li>67 x 67 x 20 cm</li></ul></li><li>Paese/regione di produzione: Spagna</li><li>Display: Metallo</li></ul>",Pop Pulse Emporium,Bricolage,129.53,25,Nuovo,4.2,23.0,42.0,72.0,https://cdnbigbuy.com/images/8424002060190_S3043654_P21.jpg,https://cdnbigbuy.com/images/8424002060190_S3043654_P11.jpg,https://cdnbigbuy.com/images/8424002060190_S3043654_P41.jpg,https://cdnbigbuy.com/images/8424002060190_S3043654_P01.jpg,0,3-6 giorni,24 mesi,EU,,,
S7284723,4894138358937,Orologio Donna Lorus RG260WX9,"Se ti piace seguire le ultime tendenze per quanto riguarda moda e accessori, compra <b>Orologio Donna Lorus RG260WX9</b> al miglior prezzo.<br><br><ul><li>Genere: Donna</li><li>Anelli extra: No</li><li>Tipo di orologio: Orologio da polso</li></ul>",Pop Pulse Emporium,Bricolage,144.39,2,Nuovo,0.4,39.0,19.0,10.0,https://cdnbigbuy.com/images/4894138358937_S7284723_P01.jpg,https://cdnbigbuy.com/images/4894138358937_S7284723_P11.jpg,https://cdnbigbuy.com/images/83780_mandatory-watch1.jpg,,0,3-6 giorni,24 mesi,EU,,,
S37114898,8033280413118,Scarpe di Sicurezza Sparco Allroad-H Motegi Nero Giallo 43,"Se ti piace prenderti cura della tua salute e sei alla ricerca di prodotti che ti offrano <b>protezione e benessere</b>, compra <b>Scarpe di Sicurezza Sparco Allroad-H Motegi Nero Giallo 43</b> e molti altri <b>prodotti Sparco</b> ai migliori prezzi!<br><br><ul><li>Genere: <ul><li>Unisex</li><li>Unisex adulti</li></ul></li><li>Età consigliata: Adulti</li><li>Colore: <ul><li>Nero</li><li>Giallo</li></ul></li><li>Taglia: 43</li><li>Materiale: <ul><li>Microfibre</li><li>Nylon</li></ul></li><li>Caratteristiche: <ul><li>Resistente all'acqua</li><li>S3 SRC</li></ul></li><li>Tipo: Scarpe di Sicurezza</li><li>Puntale: Composite</li></ul>",Pop Pulse Emporium,Bricolage,121.28,1,Nuovo,3.0,12.0,25.0,35.0,https://cdnbigbuy.com/images/8033280413118_S37114898_P02.jpg,https://cdnbigbuy.com/images/8033280413118_R42.jpg,https://cdnbigbuy.com/images/8033280413118_R62.jpg,https://cdnbigbuy.com/images/8033280413118_R02.jpg,0,3-6 giorni,24 mesi,EU,,,
S7188505,4066407501911,Pompa Gardena Liano Xtreme PVC (25 m),"Se ti piace curare ogni singolo dettaglio della casa ed essere sempre alla moda in tema di prodotti che ti renderanno la vità più facile, compra <b>Pompa Gardena Liano Xtreme PVC (25 m)</b> al miglior prezzo.<br><br><ul><li>Lunghezza: 25 m</li><li>Pressione: 35 bar</li><li>Colore: Multicolore</li><li>Materiale: PVC</li></ul>",Pop Pulse Emporium,Bricolage,142.84,2,Nuovo,4.46,24.2,33.2,17.8,https://cdnbigbuy.com/images/4066407501911_S7188505_P01.jpg,https://cdnbigbuy.com/images/4066407501911_S7188505_P21.jpg,https://cdnbigbuy.com/images/4066407501911_S7188505_P11.jpg,,0,3-6 giorni,24 mesi,EU,,,
S7295504,8055385053952,Orologio Donna LIU JO TLJ2323,"Se ti piace seguire le ultime tendenze per quanto riguarda moda e accessori, compra <b>Orologio Donna LIU JO TLJ2323</b> al miglior prezzo.<br><br><ul><li>Genere: Donna</li><li>Anelli extra: No</li><li>Tipo di orologio: Orologio da polso</li><li>Tipo di movimento: Quarzo</li></ul>",Pop Pulse Emporium,Bricolage,195.89,1,Nuovo,0.33,14.16,11.56,10.0,https://cdnbigbuy.com/images/8055385053952_S7295504_P01.jpg,https://cdnbigbuy.com/images/94516_mandatory-watch1.jpg,,,0,3-6 giorni,24 mesi,EU,,,
S3059544,8424002176754,"Lampada da tavolo Home ESPRIT Marmo 50 W 220 V 30 x 30 x 40,5 cm","<p>Se vuoi dare un tocco d'originalità alla tua casa, con <b>Lampada da tavolo Home ESPRIT Marmo 50 W 220 V 30 x 30 x 40,5 cm</b> potrai farlo.</p><br><br><ul><li>Prodotto plug-in: Sì</li><li>Tipo: Lampada da tavolo</li><li>Tipo di presa: Spina EU</li><li>Materiale: Marmo</li><li>Composizione: Cotone</li><li>Voltaggio: 220 V</li><li>Tappo: E27</li><li>Lunghezza: 30 cm</li><li>Design: Neoclassico</li><li>Alto: 40,5 cm</li><li>Potenza: 50 W</li><li>Larghezza: 30 cm</li><li>Non Include: Lampadina</li><li>Dimensioni appross.: 30 x 30 x 40,5 cm</li></ul>",Pop Pulse Emporium,Bricolage,175.41,10,Nuovo,9.1,23.16,23.69,32.77,https://cdnbigbuy.com/images/8424002176754_S3059544_P00.jpg,https://cdnbigbuy.com/images/8424002176754_S3059544_P10.jpg,https://cdnbigbuy.com/images/8424002176754_S3059544_P20.jpg,https://cdnbigbuy.com/images/8424002176754_S3059544_P30.jpg,0,3-6 giorni,24 mesi,EU,,,
S7916652,5060116273410,Faro Piscina LED EDM 97901 15 W 1300 lm Azzurro,"Se ti piace curare ogni singolo dettaglio della casa ed essere sempre alla moda in tema di prodotti che ti renderanno la vità più facile, compra <b>Faro Piscina LED EDM 97901 15 W 1300 lm Azzurro</b> al miglior prezzo.<br><br><ul><li>Colore: Azzurro</li><li>Potenza: 15 W</li><li>Angolo: 120º</li><li>Uso consigliato: Piscina</li><li>Intervallo di circa: 25000 h</li><li>Classificazione IP: IP68</li><li>Temperatura di colore: RGB</li><li>Voltaggio: 12 V</li><li>Tipo di luce: Luce fredda</li><li>Flusso luminoso: 1300 lm</li><li>Dimensioni appross.: <ul><li>17,6 x 6 cm</li><li>Ø 17,6 x 6 cm</li></ul></li><li>Paese/regione di produzione: Spagna</li><li>Caratteristiche: Luce LED</li><li>Fonte di Alimentazione: AC</li></ul>",Pop Pulse Emporium,Bricolage,102.6,50,Nuovo,0.6,19.0,19.0,7.0,https://cdnbigbuy.com/images/5060116273410_R02.jpg,https://cdnbigbuy.com/images/5060116273410_S7916652_P02.jpg,,,0,3-6 giorni,24 mesi,EU,,,
S72099634,8057191109366,Orologio Uomo Stroili 1683277,"Se ti piace seguire le ultime tendenze per quanto riguarda moda e accessori, compra <b>Orologio Uomo Stroili 1683277</b> al miglior prezzo.<br><br><ul><li>Genere: Uomo</li><li>Anelli extra: No</li><li>Tipo di orologio: Orologio da polso</li></ul>",Pop Pulse Emporium,Bricolage,169.4,1,Nuovo,0.3,14.15,12.43,10.11,https://cdnbigbuy.com/images/8057191109366_S72099634_P00.jpg,https://cdnbigbuy.com/images/98646_mandatory-watch0.jpg,,,0,3-6 giorni,24 mesi,EU,,,
S7194138,4008177188626,Olio di motore Castrol 5W30 C3 5 L,Attrezza il tuo veicolo con le ultime novità del settore! Compra <b>Olio di motore Castrol 5W30 C3 5 L</b> e fai in modo che non ti manchi nulla!<br><br><ul><li>Tipo: Olio di motore</li><li>Uso consigliato: <ul><li>Benzina</li><li>Diesel</li><li>Ibrido</li></ul></li><li>Viscosità SAE: 5W30 C3</li><li>Capacità: 5 L</li></ul>,Pop Pulse Emporium,Bricolage,106.71,25,Nuovo,3.63,12.59,17.97,16.48,https://cdnbigbuy.com/images/4008177188626_S7194138_P00.jpg,,,,0,3-6 giorni,24 mesi,EU,,,
S7294509,7618391694987,Bracciale Uomo Guess JUMB04057JWSTBKT-U Nero,Attrezza il tuo veicolo con le ultime novità del settore! Compra <b>Bracciale Uomo Guess JUMB04057JWSTBKT-U Nero</b> e fai in modo che non ti manchi nulla!<br><br><ul><li>Colore: Nero</li><li>Tipo: Bracciale</li><li>Genere: Uomo</li></ul>,Pop Pulse Emporium,Bricolage,118.26,2,Nuovo,0.23,9.33,9.5,10.99,https://cdnbigbuy.com/images/7618391694987_S7294509_P00.jpg,,,,0,3-6 giorni,24 mesi,EU,,,
S8109367,6941812785911,"Bagaglio a Mano Xiaomi Classic Pro Grigio 28""","Se cerchi elettrodomestici per la tua casa ai migliori prezzi, non lasciarti sfuggire <b>Bagaglio a Mano Xiaomi Classic Pro Grigio 28""</b> e una vasta selezione di piccoli elettrodomestici di qualità!<br><br><ul><li>Dimensione: 28""</li><li>Tipo: Valigia</li><li>Colore: Grigio</li><li>Dimensioni appross.: 51,3 x 33,2 x 80,4 cm</li><li>Materiale: Plastica</li><li>Ruote: 4</li><li>Caratteristiche: Blocco di sicurezza</li></ul>",Pop Pulse Emporium,Bricolage,185.09,10,Nuovo,0.57,16.26,14.36,16.45,https://cdnbigbuy.com/images/6941812785911_S8109367_P00.jpg,,,,0,3-6 giorni,24 mesi,EU,,,
S71015744,4549526342370,Orologio Uomo Casio Marrone Argentato,"Se sei alla ricerca di novità alla moda sul mercato, ti presentiamo <b>Orologio Uomo Casio Marrone Argentato</b>!<br><br><ul><li>Funzioni: Cronografo</li><li>Genere: Uomo</li><li>Anelli extra: No</li><li>Impermeabilità: 10 atm</li><li>Cristallo: Minerale</li><li>Include: Include custodia o copertura del marchio</li><li>Tipo di orologio: Orologio da polso</li><li>Diametro della cassa dell'orologio: <ul><li>Ø 44 mm</li><li>Ø 48 mm</li></ul></li><li>Materiale della cassa dell'orologio: Acciaio inossidabile</li><li>Colore della custodia dell'orologio: Grigio</li><li>Colore del cinturino: Grigio</li><li>Tipo di chiusura: Farfalla</li><li>Colore del quadrante: Verde</li><li>Caratteristiche: Orologio</li><li>Colore: <ul><li>Marrone</li><li>Argentato</li></ul></li><li>Materiale del cinturino: Acciaio inossidabile</li><li>Materiale della scatola: Acciaio inossidabile</li><li>Tipo di movimento: Quarzo</li></ul>",Pop Pulse Emporium,Bricolage,121.86,2,Nuovo,0.24,14.15,12.43,10.11,https://cdnbigbuy.com/images/4549526342370_S0378379_P00.jpg,https://cdnbigbuy.com/images/4549526342370_R10.jpg,https://cdnbigbuy.com/images/4549526342370_R20.jpg,https://cdnbigbuy.com/images/4549526342370_R30.jpg,0,3-6 giorni,24 mesi,EU,,,
S0372428,0716736255248,Occhiali da sole Donna Jimmy Choo AXELLE-G-S-807-9O,"Se ti piace sfoggiare le ultime novità in tema di <a href=""##TAXONOMY_12833##""><b>moda e accessori</b></a>e gli accessori sono fondamentali per la tua immagine, non lasciarti sfuggire <b>Occhiali da sole Donna Jimmy Choo AXELLE-G-S-807-9O</b>! Vantati delle migliori marche di <a href=""##TAXONOMY_12833##""><b>occhiali da sole</b></a>.<br><br><ul><li>Colore: Nero</li><li>Materiale: Acetato</li><li>Ponte: 16 mm</li><li>Stanghette: 145 mm</li><li>Include: Include confezione della marca</li><li>Tipo: Occhiali da sole Donna</li><li>Genere: Donna</li><li>Protezione: Proteggono al 100% dei raggi UV (UV400)</li><li>Materiale delle lenti: Policarbonato</li></ul>",Pop Pulse Emporium,Bricolage,123.03,50,Nuovo,0.3,10.0,10.0,10.0,https://cdnbigbuy.com/images/S0372428_P00.jpg,https://cdnbigbuy.com/images/S0372428_P10.jpg,https://cdnbigbuy.com/images/S0372428_P20.jpg,,0,3-6 giorni,24 mesi,EU,,,
S3061019,8424002202408,Vaso Home ESPRIT Bianco Magnesio Moderno Viso 49 x 49 x 50 cm,"Se sei alla ricerca di novità alla moda sul mercato, ti presentiamo <b>Vaso Home ESPRIT Bianco Magnesio Moderno Viso 49 x 49 x 50 cm</b>!<br><br><ul><li>Tipo: Vaso</li><li>Colore: Bianco</li><li>Materiale: Magnesio</li><li>Design: <ul><li>Moderno</li><li>Viso</li></ul></li><li>Dimensioni appross.: 49 x 49 x 50 cm</li></ul>",Pop Pulse Emporium,Bricolage,100.86,22,Nuovo,7.5,40.5,57.5,40.5,https://cdnbigbuy.com/images/8424002202408_S3061019_P30.jpg,https://cdnbigbuy.com/images/8424002202408_S3061019_P20.jpg,https://cdnbigbuy.com/images/8424002202408_S3061019_P00.jpg,https://cdnbigbuy.com/images/8424002202408_S3061019_P10.jpg,0,3-6 giorni,24 mesi,EU,,,
S0386856,0196163096179,Zaino Michael Kors Jaycee 31 x 25 x 11 cm,Ti piace essere alla moda e sei un amante degli accessori? Ti presentiamo <b>Zaino Michael Kors Jaycee 31 x 25 x 11 cm</b> e una vasta gamma di borse e portafogli per essere sempre all'avanguardia!<br><br><ul><li>Tipo: Zaino</li><li>Genere: Donna</li><li>Stile: Casual</li><li>Materiale: Pelle</li><li>Dimensioni appross.: 31 x 25 x 11 cm</li><li>Tipo di chiusura: Cerniera</li></ul>,Pop Pulse Emporium,Bricolage,198.42,25,Nuovo,0.3,30.0,40.0,7.0,https://cdnbigbuy.com/images/0196163096179_S0386856_P00.jpg,,,,0,3-6 giorni,24 mesi,EU,,,
D1400407,6942138984347,Bestway Piscina Gonfiabile Parco Giochi Musicale 295x190x137 cm +2 Anni Giardino 53117,Il divertimento estivo è assicurato con queste proposte che piaceranno sia ai più piccoli che ai grandi! Compra <b>Piscina per bambini Bestway Musicale 295 x 190 x 137 cm Parco giochi</b> e goditi il tuo tempo libero!<br><br><ul><li>Tipo: Parco giochi</li><li>Design: Musicale</li><li>Dimensioni appross.: 295 x 190 x 137 cm</li><li>Colore: <ul><li>Multicolore</li><li>Nero</li></ul></li><li>Materiale: Plastica</li><li>Caratteristiche: <ul><li>Esterno</li><li>Pulire con panno bagnato</li></ul></li><li>Uso consigliato: <ul><li>Spiaggia</li><li>Giardino</li><li>Campeggio</li></ul></li><li>Adatto per: Esterno</li><li>Forma: <ul><li>Rettangolare</li><li>Rotondo</li></ul></li><li>Quantità: 2</li><li>Età consigliata: <ul><li>+ 2 Anni</li><li>Per bambini</li></ul></li><li>Batterie incluse: No</li><li>Lingua: ES-EN</li></ul>,Pop Pulse Emporium,Bricolage,118.93,22,Nuovo,7.0,33.0,41.0,40.5,https://cdnbigbuy.com/images/6942138984347_D1400407_P02.jpg,https://cdnbigbuy.com/images/6942138984347_D1400407_P22.jpg,https://cdnbigbuy.com/images/6942138984347_I592.jpg,https://cdnbigbuy.com/images/6942138984347_R02.jpg,0,3-6 giorni,24 mesi,EU,,,
S0387829,0197853077713,"Borsa a Tracolla Michael Kors 35F4GTVC1B-VANILLA Beige 21 x 14 x 4,5 cm","Se sei alla ricerca di novità alla moda sul mercato, ti presentiamo <b>Borsa a Tracolla Michael Kors 35F4GTVC1B-VANILLA Beige 21 x 14 x 4,5 cm</b>!<br><br><ul><li>Genere: Donna</li><li>Tipo: Borsa a Tracolla</li><li>Colore: Beige</li><li>Composizione: Pelle</li><li>Tipo di chiusura: Magnetico</li><li>Include: Include custodia o copertura del marchio</li><li>Dimensioni appross.: 21 x 14 x 4,5 cm</li></ul>",Pop Pulse Emporium,Bricolage,181.15,19,Nuovo,0.3,10.0,10.0,10.0,https://cdnbigbuy.com/images/0197853077713_S0387829_P00.jpg,,,,0,3-6 giorni,24 mesi,EU,,,
S72111815,8050506112181,Bracciale Uomo Talent Jewels TJA-1-03-01-2-235 Nero,"Ti presentiamo <b>Bracciale Uomo Talent Jewels TJA-1-03-01-2-235 Nero</b> e un'ampia gamma di anelli, bracciali, orecchini, ciondoli, ecc. a buon prezzo. Scopri gli esclusivi ed eleganti pezzi di gioielli e bigiotteria per tutti i gusti e stili.<br><br><ul><li>Tipo: Bracciale</li><li>Genere: Uomo</li><li>Colore: Nero</li></ul>",Pop Pulse Emporium,Bricolage,127.65,5,Nuovo,0.3,10.0,10.0,10.0,https://cdnbigbuy.com/images/8050506112181_S72111815_P00.jpg,,,,0,3-6 giorni,24 mesi,EU,,,
S72108520,7626741538744,Orologio Donna Guess,"Se ti piace seguire le ultime tendenze per quanto riguarda moda e accessori, compra <b>Orologio Donna Guess</b> al miglior prezzo.<br><br><ul><li>Genere: Donna</li><li>Anelli extra: No</li><li>Tipo di orologio: Orologio da polso</li><li>Connettività: Bluetooth</li></ul>",Pop Pulse Emporium,Bricolage,122.15,2,Nuovo,0.33,14.16,11.56,10.0,https://cdnbigbuy.com/images/7626741538744_R00.jpg,https://cdnbigbuy.com/images/107532_mandatory-watch0.jpg,,,0,3-6 giorni,24 mesi,EU,,,
S0390218,0196237635785,Borsa Donna Michael Kors Kelli Azzurro 30 x 27 x 9 cm,"Se sei alla ricerca di novità alla moda sul mercato, ti presentiamo <b>Borsa Donna Michael Kors Kelli Azzurro 30 x 27 x 9 cm</b>!<br><br><ul><li>Tipo: <ul><li>Borsa</li><li>Borsa Donna</li></ul></li><li>Genere: Donna</li><li>Colore: Azzurro</li><li>Composizione: Pelle</li><li>Include: Include custodia o copertura del marchio</li><li>Dimensioni appross.: 30 x 27 x 9 cm</li></ul>",Pop Pulse Emporium,Bricolage,181.15,5,Nuovo,0.3,10.0,10.0,10.0,https://cdnbigbuy.com/images/0196237635785_S0390218_P00.jpg,https://cdnbigbuy.com/images/0196237635785_S0390218_P10.jpg,https://cdnbigbuy.com/images/0196237635785_S0390218_P20.jpg,,0,3-6 giorni,24 mesi,EU,,,
M0125381,3432240506252,Profumo Uomo Cartier Pasha Black EDT 100 ml,"<p>Lasciati sorprendere da <strong>Profumo Uomo Cartier Pasha Black EDT 100 ml 100% originale</strong> e definisci la tua personalit&agrave; usando questo esclusivo <strong>profumo da uomo</strong> con una fragranza unica e personale. Scopri i <strong>prodotti Cartier 100% originali</strong>!</p><br><br><p>Il <b>Pasha Black</b> di <b>Cartier</b> è un <b>profumo da uomo</b> presentato in una bottiglia da <b>100 ml</b> e formulato come <b>eau de toilette (edt)</b>, garantendo una fragranza equilibrata, fresca e adatta all’uso quotidiano o a occasioni speciali. Questa fragranza maschile si distingue per il suo carattere contemporaneo ed elegante, tipico di un marchio prestigioso con una lunga tradizione nella profumeria di lusso. Il prodotto è disponibile in diversi design di confezione che variano in base a campagne promozionali o stagioni, caratteristica che non influisce sulla formula originale né sulla concentrazione dell’essenza, e resterà disponibile fino a esaurimento scorte. Il <b>tipo di fragranza edt</b> offre un aroma intenso ma più delicato rispetto a versioni con concentrazioni maggiori, garantendo un’esperienza olfattiva versatile e confortevole. Ideale per uomini che cercano una firma olfattiva che bilancia sofisticazione urbana e freschezza dinamica, questa creazione raffinata si adatta a profili contemporanei che apprezzano un tocco distintivo senza perdere naturalezza né durata moderata. Il design e la composizione del <b>Cartier Pasha Black</b> riflettono la qualità e il prestigio associati alla maison Cartier, aggiungendo un accento di distinzione e modernità tra le opzioni di profumeria maschile attuali. Questo prodotto rappresenta una combinazione curata di tradizione e stile contemporaneo, rispondendo alle aspettative di chi preferisce fragranze maschili di alta gamma con un carattere equilibrato e versatile.</p><br><br><ul><li>Capacità: 100 ml</li><li>Tipo di fragranza: EDT</li><li>Tipo: <ul><li>EDT (Eau de Toilette)</li><li>Spray</li></ul></li>",Pop Pulse Emporium,Bricolage,112.38,4,Nuovo,0.39,8.11,7.66,12.95,https://cdnbigbuy.com/images/S8311320_1691148834-no-background0.jpg,https://cdnbigbuy.com/images/3432240506252_S8311320_P10.jpg,https://cdnbigbuy.com/images/3432240506252_S8311320_P00.jpg,,0,3-6 giorni,24 mesi,EU,,,
S8905305,4899888761457,Ombrellone Aktive 200 x 215 x 200 cm (6 Unità),"<p>Se vuoi dare un tocco d'originalità alla tua casa, con <b>Ombrellone Aktive 200 x 215 x 200 cm (6 Unità)</b> potrai farlo.</p><br><br><ul><li>Tipo: Ombrellone</li><li>Materiale: <ul><li>Poliestere</li><li>Acciaio</li></ul></li><li>Unità: 6 Unità</li><li>Dimensioni appross.: 200 x 215 x 200 cm</li></ul>",Pop Pulse Emporium,Bricolage,105.95,50,Nuovo,11.56,15.0,24.0,123.0,https://cdnbigbuy.com/images/s8905305_p0_icon1.jpg,https://cdnbigbuy.com/images/S8905305_P51.jpg,https://cdnbigbuy.com/images/S8905305_P01.jpg,https://cdnbigbuy.com/images/S8905305_P11.jpg,0,3-6 giorni,24 mesi,EU,,,
S2439818,5018997639368,Portachiavi Gorjuss Purrrrrfect love 12 Pezzi,"Se sei alla ricerca di novità alla moda sul mercato, ti presentiamo <b>Portachiavi Gorjuss Purrrrrfect love 12 Pezzi</b>!<br><br><ul><li>Genere: Per ragazzi</li><li>Tipo: Portachiavi</li><li>Numero di pezzi: 12 Pezzi</li><li>Colore: Leopardo</li><li>Materiale: <ul><li>Poliestere</li><li>Poliuretano</li></ul></li><li>Composizione: Poliestere</li></ul>",Pop Pulse Emporium,Bricolage,139.05,50,Nuovo,0.25,8.8,18.7,20.6,https://cdnbigbuy.com/images/5018997639368_S2439818_P11.jpg,https://cdnbigbuy.com/images/5018997639368_S2439818_P41.jpg,https://cdnbigbuy.com/images/5018997639368_S2439818_P01.jpg,https://cdnbigbuy.com/images/5018997639368_S2439818_P21.jpg,0,3-6 giorni,24 mesi,EU,,,
M0117006,3365440002197,Profumo Donna Yves Saint Laurent Paris EDT 125 ml,"<p>Lasciati sorprendere con <strong>Profumo Donna Yves Saint Laurent Paris EDT 125 ml 100% originale</strong> e aumenta la tua femminilit&agrave; con questo esclusivo<strong> profumo da donna</strong> con una fragranza unica e personale. Scopri i <strong>Yves Saint Laurent 100% originali</strong>!</p><br><br><ul><li>Genere: Donna</li><li>Tipo: EDT (Eau de Toilette)</li><li>Nome della fragranza: París</li><li>Capacità: 125 ml</li><li>Tipo di fragranza: EDT</li><li>Aroma: Floreale</li><li>Età consigliata: Adulti</li><li>Peso: 0,12 kg</li></ul><br><br>Informazioni importanti: La confezione del prodotto può variare nel design a seconda delle promozioni pubblicitarie del produttore o del periodo dell'anno. Le diverse confezioni sono disponibili fino ad esaurimento scorte..",Pop Pulse Emporium,Bricolage,151.0,19,Nuovo,0.12,15.24,5.08,5.08,https://cdnbigbuy.com/images/S8308044_P00.jpg,https://cdnbigbuy.com/images/3365440002197_S0515226_P00.jpg,https://cdnbigbuy.com/images/3365440002197_S4515922_P00.jpg,https://cdnbigbuy.com/images/3365440002197_R20.jpg,0,3-6 giorni,24 mesi,EU,,,
S7220500,8057829027147,Orologio Donna U.S. Polo Assn. USP5010BL,"Se ti piace seguire le ultime tendenze per quanto riguarda moda e accessori, compra <b>Orologio Donna U.S. Polo Assn. USP5010BL</b> al miglior prezzo.<br><br><ul><li>Genere: Donna</li><li>Anelli extra: No</li><li>Tipo di orologio: Orologio da polso</li></ul>",Pop Pulse Emporium,Bricolage,150.63,1,Nuovo,0.4,39.0,19.0,10.0,https://cdnbigbuy.com/images/8057829027147_S7220500_P01.jpg,https://cdnbigbuy.com/images/20501_mandatory-watch1.jpg,,,0,3-6 giorni,24 mesi,EU,,,
S9912455,5400520065612,"Valigia Media American Tourister 133190-2645 Grigio 67,5 x 42 x 27,5 cm","Mettiti in forma e scopri le ultime novità del settore per fare sport con le migliori garanzie! Compra <b>Valigia Media American Tourister 133190-2645 Grigio 67,5 x 42 x 27,5 cm</b> al miglior prezzo e goditi una vita salutare!<br><br><ul><li>Tipo: Trolley</li><li>Colore: Grigio</li><li>Materiale: 100 % poliestere</li><li>Caratteristiche: 2 Tasche</li><li>Ruote: Ruote x 4</li><li>Dimensioni appross.: 67,5 x 42 x 27,5 cm</li><li>Genere: Unisex</li></ul>",Pop Pulse Emporium,Bricolage,124.67,2,Nuovo,4.21,26.0,38.44,46.38,https://cdnbigbuy.com/images/5400520065612_S9912455_P00.jpg,,,,0,3-6 giorni,24 mesi,EU,,,
S72121769,4894327091478,Montatura per Occhiali Uomo Yohji Yamamoto YY1015 55019,"Se sei alla ricerca di novità alla moda sul mercato, ti presentiamo <b>Montatura per Occhiali Uomo Yohji Yamamoto YY1015 55019</b>!<br><br><ul><li>Caratteristiche: Lenti non graduate</li><li>Tipo: Montatura per Occhiali</li><li>Genere: Uomo</li></ul>",Pop Pulse Emporium,Bricolage,122.1,25,Nuovo,0.29,10.0,9.97,10.0,https://cdnbigbuy.com/images/4894327091478_S72121769_P00.jpg,https://cdnbigbuy.com/images/4894327091478_S72121769_P10.jpg,https://cdnbigbuy.com/images/4894327091478_S72121769_P20.jpg,,0,3-6 giorni,24 mesi,EU,,,
S0351122,0722631354177,Orologio Donna Glam Rock GR32040 (Ø 44 mm),"Se ti piace seguire le ultime tendenze per quanto riguarda moda e accessori, compra <b>Orologio Donna Glam Rock GR32040 (Ø 44 mm)</b> al miglior prezzo.<br><br><ul><li>Genere: Donna</li><li>Anelli extra: No</li><li>Tipo di orologio: Orologio da polso</li><li>Materiale del cinturino: Silicone</li><li>Materiale della cassa dell'orologio: Acciaio</li><li>Cristallo: Zaffiro</li><li>Impermeabilità: 10 atm</li><li>Include: Include confezione della marca</li><li>Tipo di chiusura: Fibbia</li><li>Colore del quadrante: Nero</li><li>Colore della custodia dell'orologio: Argentato</li><li>Colore del cinturino: Rosso</li><li>Diametro della cassa dell'orologio: Ø 44 mm</li></ul>",Pop Pulse Emporium,Bricolage,115.27,1,Nuovo,0.4,32.0,19.0,10.0,https://cdnbigbuy.com/images/0722631354177_S0351122_P02.jpg,https://cdnbigbuy.com/images/47496_mandatory-watch2.jpg,,,0,3-6 giorni,24 mesi,EU,,,
S3044428,8424002061852,Set di vasi da fiori DKD Home Decor 100 x 22 x 70 cm Grigio Metallo Bianco Vintage,"Se ti piace curare ogni singolo dettaglio della casa ed essere sempre alla moda in tema di prodotti che ti renderanno la vità più facile, compra <b>Set di vasi da fiori DKD Home Decor 100 x 22 x 70 cm Grigio Metallo Bianco Vintage</b> al miglior prezzo.<br><br><ul><li>Tipo: Vaso</li><li>Dimensioni appross.: <ul><li>53 x 80 x 20 cm</li><li>52 x 26 x 26 cm</li><li>100 x 22 x 70 cm</li></ul></li><li>Colore: <ul><li>Bianco</li><li>Grigio</li></ul></li><li>Materiale: Metallo</li><li>Caratteristiche: Finitura invecchiata</li><li>Alto: 70 cm</li><li>Design: Vintage</li></ul>",Pop Pulse Emporium,Bricolage,159.68,21,Nuovo,8.5,34.04,36.03,26.91,https://cdnbigbuy.com/images/8424002061852_S3044428_P31.jpg,https://cdnbigbuy.com/images/8424002061852_S3044428_P21.jpg,https://cdnbigbuy.com/images/8424002061852_S3044428_P11.jpg,,0,3-6 giorni,24 mesi,EU,,,
S0364960,0725125069069,Occhiali da sole Donna Michael Kors MK2112U-382773,"Se ti piace sfoggiare le ultime novità in tema di <a href=""##TAXONOMY_12833##""><b>moda e accessori</b></a>e gli accessori sono fondamentali per la tua immagine, non lasciarti sfuggire <b>Occhiali da sole Donna Michael Kors MK2112U-382773</b>! Vantati delle migliori marche di <a href=""##TAXONOMY_12833##""><b>occhiali da sole</b></a>.<br><br><ul><li>Tipo: Occhiali da sole Donna</li><li>Genere: Donna</li><li>Protezione: Proteggono al 100% dei raggi UV (UV400)</li><li>Materiale delle lenti: Policarbonato</li><li>Include: Include confezione della marca</li><li>Ponte: 18 mm</li><li>Stanghette: 140 mm</li></ul>",Pop Pulse Emporium,Bricolage,117.2,1,Nuovo,0.3,10.0,10.0,10.0,https://cdnbigbuy.com/images/0725125069069_S0364960_P02.jpg,,,,0,3-6 giorni,24 mesi,EU,,,
S7274746,8430622788925,Orologio Donna Festina F20603/1,"Se ti piace seguire le ultime tendenze per quanto riguarda moda e accessori, compra <b>Orologio Donna Festina F20603/1</b> al miglior prezzo.<br><br><ul><li>Genere: Donna</li><li>Anelli extra: No</li><li>Tipo di orologio: Orologio da polso</li><li>Materiale del cinturino: Acciaio inossidabile</li><li>Materiale della scatola: Acciaio inossidabile</li><li>Colore: Argentato</li><li>Design: Donna</li><li>Tipo di movimento: Quarzo</li></ul>",Pop Pulse Emporium,Bricolage,196.59,50,Nuovo,0.4,39.0,19.0,10.0,https://cdnbigbuy.com/images/8430622788925_S7274746_P01.jpg,https://cdnbigbuy.com/images/73803_mandatory-watch1.jpg,,,0,3-6 giorni,24 mesi,EU,,,
S7275453,7622078934167,Parure Collana e Orecchini da Donna Guess JUBS03192JWRHT-U,"Se ti piace seguire le ultime tendenze per quanto riguarda moda e accessori, compra <b>Parure Collana e Orecchini da Donna Guess JUBS03192JWRHT-U</b> al miglior prezzo.",Pop Pulse Emporium,Bricolage,175.84,1,Nuovo,0.3,10.0,10.0,10.0,https://cdnbigbuy.com/images/7622078934167_S7275453_P00.jpg,,,,0,3-6 giorni,24 mesi,EU,,,
S8436912,4977766811392,Cartuccia ad Inchiostro Originale Brother MFC-J1010DW / DCP-J1050DW Ciano (5 Unità),"Se sei un appassionato d'<b>informatica ed elettronica</b>, ti piace stare al passo con la più recente tecnologia senza lasciarti sfuggire nessun dettaglio, acquista <b>Cartuccia ad Inchiostro Originale Brother MFC-J1010DW / DCP-J1050DW Ciano (5 Unità)</b> al miglior prezzo.<br><br><ul><li>Tipo: Cartuccia ad Inchiostro Originale</li><li>Colore: Ciano</li><li>Unità: 5 Unità</li></ul>",Pop Pulse Emporium,Bricolage,108.87,5,Nuovo,0.18,8.5,8.5,7.5,https://cdnbigbuy.com/images/4977766811392_r0_icon0.jpg,https://cdnbigbuy.com/images/4977766811392_R00.jpg,https://cdnbigbuy.com/images/4977766811392_R10.jpg,https://cdnbigbuy.com/images/4977766811392_R20.jpg,0,3-6 giorni,24 mesi,EU,,,
M0513521,0632983075111,Toner Originale Kyocera TK-5440M Magenta,Torna in ufficio senza dimenticarti di nulla! Compra <b>Toner Originale Kyocera TK-5440M Magenta</b> e sarai l'invidia dei tuoi colleghi!<br><br><ul><li>Colore: Magenta</li><li>Caratteristiche: Originale</li></ul>,Pop Pulse Emporium,Bricolage,157.07,50,Nuovo,0.19,18.5,9.5,8.0,https://cdnbigbuy.com/images/0632983075111_R00.jpg,,,,0,3-6 giorni,24 mesi,EU,,,
S0392842,0197853085657,Borsetta a mano Michael Kors Reed,"Se sei alla ricerca di novità alla moda sul mercato, ti presentiamo <b>Borsetta a mano Michael Kors Reed</b>!<br><br><ul><li>Tipo: Borsa Donna</li><li>Colore: Nero</li><li>Materiale: Tela</li><li>Include: Include custodia o copertura del marchio</li><li>Dimensioni appross.: 20 x 14 x 19 cm</li></ul>",Pop Pulse Emporium,Bricolage,146.32,10,Nuovo,0.3,10.0,10.0,10.0,https://cdnbigbuy.com/images/0197853085657_S0392842_P00.jpg,https://cdnbigbuy.com/images/0197853085657_S0392842_P10.jpg,https://cdnbigbuy.com/images/0197853085657_S0392842_P20.jpg,,0,3-6 giorni,24 mesi,EU,,,
S72117649,4894327214112,Montatura per Occhiali Uomo Yohji Yamamoto YY3012 51914,"Se sei alla ricerca di novità alla moda sul mercato, ti presentiamo <b>Montatura per Occhiali Uomo Yohji Yamamoto YY3012 51914</b>!<br><br><ul><li>Caratteristiche: Lenti non graduate</li><li>Tipo: Montatura per Occhiali</li><li>Genere: Uomo</li></ul>",Pop Pulse Emporium,Bricolage,122.1,22,Nuovo,0.29,10.0,9.97,10.0,https://cdnbigbuy.com/images/4894327214112_S72117649_P00.jpg,https://cdnbigbuy.com/images/4894327214112_S72117649_P20.jpg,https://cdnbigbuy.com/images/4894327214112_S72117649_P30.jpg,https://cdnbigbuy.com/images/4894327214112_S72117649_P10.jpg,0,3-6 giorni,24 mesi,EU,,,
S3061245,8424002195182,Lampada da tavolo Home ESPRIT 60 W 220 V,"Se sei alla ricerca di novità alla moda sul mercato, ti presentiamo <b>Lampada da tavolo Home ESPRIT 60 W 220 V</b>!<br><br><ul><li>Prodotto plug-in: Sì</li><li>Tipo: Lampada da tavolo</li><li>Tipo di presa: Spina EU</li><li>Materiale: <ul><li>Metallo</li><li>Cristallo</li></ul></li><li>Composizione: <ul><li>Cotone</li><li>Lino</li></ul></li><li>Voltaggio: 220 V</li><li>Tappo: E27</li><li>Lunghezza: 30 cm</li><li>Design: Moderno</li><li>Alto: 60 cm</li><li>Potenza: 60 W</li><li>Larghezza: 30 cm</li><li>Non Include: Lampadina</li><li>Dimensioni appross.: 30 x 30 x 60 cm</li></ul>",Pop Pulse Emporium,Bricolage,101.76,46,Nuovo,7.92,41.0,53.0,41.0,https://cdnbigbuy.com/images/8424002195182_S3061245_P40.jpg,https://cdnbigbuy.com/images/8424002195182_S3061245_P00.jpg,https://cdnbigbuy.com/images/8424002195182_S3061245_P10.jpg,https://cdnbigbuy.com/images/8424002195182_S3061245_P20.jpg,0,3-6 giorni,24 mesi,EU,,,
S37113882,8435682605885,"Kit di viti OMP OMPS09971408 28 mm Verde M14 x 1,25","Attrezza il tuo veicolo con le ultime novità del settore! Compra <b>Kit di viti OMP OMPS09971408 28 mm Verde M14 x 1,25</b> e fai in modo che non ti manchi nulla!<br><br><ul><li>Colore: Verde</li><li>Vite: M14 x 1,25</li><li>Lunghezza: 28 mm</li><li>Tipo: DIN 12.9</li><li>Unità: 20 Unità</li><li>Materiale: Alluminio</li></ul>",Pop Pulse Emporium,Bricolage,146.82,5,Nuovo,1.0,5.0,5.0,5.0,https://cdnbigbuy.com/images/8435682605885_S37113882_P00.jpg,,,,0,3-6 giorni,24 mesi,EU,,,
S3040069,8424002011888,Lampadario DKD Home Decor Ferro Legno di mango 50 W (104 x 25 x 28 cm),"<p>Se vuoi dare un tocco d'originalità alla tua casa, con <b>Lampadario DKD Home Decor Ferro Legno di mango 50 W (104 x 25 x 28 cm)</b> potrai farlo.</p><br><br><ul><li>Tipo: Lampadario</li><li>Materiale: <ul><li>Ferro</li><li>Legno di mango</li></ul></li><li>Potenza: 50 W</li><li>Tappo: E27</li><li>Voltaggio: 220 V</li><li>Lunghezza del cavo: 120 cm</li><li>Lampadine: 2</li><li>Non Include: Lampadina</li><li>Dimensioni appross.: 104 x 25 x 28 cm</li><li>Paese/regione di produzione: Spagna</li><li>Lingua: Francese</li></ul>",Pop Pulse Emporium,Bricolage,128.56,25,Nuovo,3.45,106.0,30.0,27.0,https://cdnbigbuy.com/images/8424002011888_S3040069_P04.jpg,,,,0,3-6 giorni,24 mesi,EU,,,
S8418500,7310791202693,Carta assorbente per le mani Tork Bianco 120 m,"<p>Carta assorbente per le mani Tork Bianco 120 m (6 Unità) è un esclusivo prodotto di qualità per la cura del corpo. Se sei alla ricerca dei migliori prodotti di igiene personale, i prodotti Tork originali al 100% sono esattamente ciò di cui hai bisogno.</p><br><br><ul><li>Tipo: Carta assorbente per le mani</li><li>Colore: Bianco</li><li>Caratteristiche: doppio strato</li><li>Lunghezza: 120 m</li><li>Unità: 6 Unità</li></ul>",Pop Pulse Emporium,Bricolage,114.91,1,Nuovo,0.68,29.71,16.43,22.25,https://cdnbigbuy.com/images/S8418500_P00.jpg,,,,0,3-6 giorni,24 mesi,EU,,,
S37114036,8033280492847,Zaino Sportivo Sparco Martini Racing Superstage Nero,"Se stai pensando di rinnovare il tuo armadio, compra <b>Zaino Sportivo Sparco Martini Racing Superstage Nero</b> e altri <b>prodotti Sparco</b>! La migliore qualità al miglior prezzo è già a portata di mano!<br><br><ul><li>Tipo: Zaino Sportivo</li><li>Caratteristiche: <ul><li>Manico regolabile</li><li>Manico superiore</li></ul></li><li>Tipo di chiusura: Chiusura lampo</li><li>Compartimenti: <ul><li>Tasca frontale</li><li>Scomparto principale</li><li>Scompartimento per pc portatile</li></ul></li><li>Include: Tasca laterale x 2</li><li>Composizione: Poliestere 600D</li><li>Capacità: 42 L</li><li>Dimensioni appross.: 52 x 40 x 20 cm</li><li>Colore: Nero</li></ul>",Pop Pulse Emporium,Bricolage,142.05,1,Nuovo,0.71,40.0,40.0,50.0,https://cdnbigbuy.com/images/8033280492847_S37114036_P00.jpg,,,,0,3-6 giorni,24 mesi,EU,,,
S0389799,0197853121850,Borsa a Tracolla Michael Kors GREENWICH Verde 20 x 17 x 7 cm,"Se sei alla ricerca di novità alla moda sul mercato, ti presentiamo <b>Borsa a Tracolla Michael Kors GREENWICH Verde 20 x 17 x 7 cm</b>!<br><br><ul><li>Tipo: <ul><li>Borsa</li><li>Borsa a Tracolla</li></ul></li><li>Genere: Donna</li><li>Colore: Verde</li><li>Composizione: Pelle</li><li>Tipo di chiusura: Barretta per capelli</li><li>Include: Include custodia o copertura del marchio</li><li>Dimensioni appross.: 20 x 17 x 7 cm</li></ul>",Pop Pulse Emporium,Bricolage,198.42,1,Nuovo,0.3,10.0,10.0,10.0,https://cdnbigbuy.com/images/0197853121850_S0389799_P00.jpg,https://cdnbigbuy.com/images/0197853121850_S0389799_P10.jpg,https://cdnbigbuy.com/images/0197853121850_S0389799_P20.jpg,,0,3-6 giorni,24 mesi,EU,,,
S7206597,0120180101578,Orologio Donna Beverly Hills Polo Club BBH2139-03,"Se ti piace seguire le ultime tendenze per quanto riguarda moda e accessori, compra <b>Orologio Donna Beverly Hills Polo Club BBH2139-03</b> al miglior prezzo.<br><br><ul><li>Anelli extra: No</li><li>Genere: Donna</li><li>Tipo di orologio: Orologio da polso</li><li>Tipo di movimento: Quarzo</li></ul>",Pop Pulse Emporium,Bricolage,175.26,1,Nuovo,0.33,14.16,11.56,10.0,https://cdnbigbuy.com/images/0120180101578_S7206597_P02.jpg,https://cdnbigbuy.com/images/6598_mandatory-watch2.jpg,,,0,3-6 giorni,24 mesi,EU,,,
S8903059,4899888735212,Piscina Gonfiabile per Bambini Intex Leccornie 165 L 170 x 122 x 168 cm (2 Unità),Il divertimento estivo è assicurato con queste proposte che piaceranno sia ai più piccoli che ai grandi! Compra <b>Piscina Gonfiabile per Bambini Intex Leccornie 165 L 170 x 122 x 168 cm (2 Unità)</b> e goditi il tuo tempo libero!<br><br><ul><li>Tipo: Piscina Gonfiabile per Bambini</li><li>Design: Leccornie</li><li>Materiale: PVC</li><li>Unità: 2 Unità</li><li>Include: <ul><li>Adesivo per riparazione</li><li>Scivolo</li><li>Spruzzatore</li></ul></li><li>Capacità: 165 L</li><li>Dimensioni appross.: 170 x 122 x 168 cm</li></ul>,Pop Pulse Emporium,Bricolage,117.99,1,Nuovo,9.09,28.0,40.5,42.0,https://cdnbigbuy.com/images/S8903059_P0_icon1.jpg,https://cdnbigbuy.com/images/S8903059_P31.jpg,https://cdnbigbuy.com/images/S8903059_P41.jpg,https://cdnbigbuy.com/images/S8903059_P51.jpg,0,3-6 giorni,24 mesi,EU,,,
S7284826,8434103475243,Orologio Uomo Lorus RG298UX9,"Se ti piace seguire le ultime tendenze per quanto riguarda moda e accessori, compra <b>Orologio Uomo Lorus RG298UX9</b> al miglior prezzo.<br><br><ul><li>Genere: Uomo</li><li>Anelli extra: No</li><li>Tipo di orologio: Orologio da polso</li><li>Materiale del cinturino: Acciaio inossidabile</li><li>Materiale della scatola: Acciaio inossidabile</li><li>Colore del cinturino: Multicolore</li><li>Tipo di movimento: Quarzo</li></ul>",Pop Pulse Emporium,Bricolage,154.57,5,Nuovo,0.4,32.0,19.0,10.0,https://cdnbigbuy.com/images/8434103475243_S7284826_P01.jpg,https://cdnbigbuy.com/images/83883_mandatory-watch1.jpg,,,0,3-6 giorni,24 mesi,EU,,,
S7189148,8718699703424,Strisce LED Philips Base de tira de luz Plus V4 2 metros Bianco 20 W 6500 K (2 m),"<p>Se vuoi dare un tocco d'originalità alla tua casa, con <b>Strisce LED Philips Base de tira de luz Plus V4 2 metros Bianco 20 W 6500 K (2 m)</b> potrai farlo.</p><br><br><ul><li>Connettività: Bluetooth</li><li>Tipo di lampadina: LED</li><li>Materiale: <ul><li>Silicone</li><li>Plastica</li></ul></li><li>Colore: <ul><li>Bianco</li><li>Multicolore</li></ul></li><li>Voltaggio: <ul><li>230 V</li><li>220-240 V</li></ul></li><li>Illuminazione: LED</li><li>Lunghezza: 2 m</li><li>Classificazione IP: IP20</li><li>Temperatura di colore: 6500 K</li><li>Tipo: Luce LED</li><li>Caratteristiche: Regolabile</li><li>Potenza: 20 W</li><li>Tecnologia: LED</li><li>Batterie incluse: No</li><li>Compatibile: <ul><li>Amazon Alexa</li><li>Google Home</li><li>Apple HomeKit</li></ul></li><li>Include: Adattatore AC</li><li>Durata: 25000 h</li><li>Design: Moderno</li><li>Alto: 140 cm</li><li>Uso consigliato: Interno</li><li>Fonte di Alimentazione: AC</li></ul>",Pop Pulse Emporium,Bricolage,102.99,16,Nuovo,0.48,7.8,14.2,14.2,https://cdnbigbuy.com/images/B088RX9CSZ_R00.jpg,https://cdnbigbuy.com/images/8718699703424_I130.jpg,,,0,3-6 giorni,24 mesi,EU,,,
S0391917,0197853079564,Borsa a Tracolla Michael Kors Carmela Beige 27 x 17 x 8 cm,Ti piace essere alla moda e sei un amante degli accessori? Ti presentiamo <b>Borsa a Tracolla Michael Kors Carmela Beige 27 x 17 x 8 cm</b> e una vasta gamma di borse e portafogli per essere sempre all'avanguardia!<br><br><ul><li>Tipo: Borsa</li><li>Genere: Donna</li><li>Colore: Beige</li><li>Composizione: Pelle</li><li>Tipo di chiusura: Cerniera</li><li>Include: Include custodia o copertura del marchio</li><li>Dimensioni appross.: 27 x 17 x 8 cm</li></ul>,Pop Pulse Emporium,Bricolage,181.15,2,Nuovo,0.3,10.0,10.0,10.0,https://cdnbigbuy.com/images/0197853079564_S0391917_P00.jpg,https://cdnbigbuy.com/images/0197853079564_S0391917_P10.jpg,https://cdnbigbuy.com/images/0197853079564_S0391917_P20.jpg,,0,3-6 giorni,24 mesi,EU,,,
S8902922,4899888757177,Ombrellone Aktive 180 x 193 x 180 cm 180 x 180 x 180 cm 180 x 196 x 180 cm (12 Unità),"<p>Se vuoi dare un tocco d'originalità alla tua casa, con <b>Ombrellone Aktive 180 x 193 x 180 cm 180 x 180 x 180 cm 180 x 196 x 180 cm (12 Unità)</b> potrai farlo.</p><br><br><ul><li>Tipo: Ombrellone</li><li>Materiale: <ul><li>Poliestere</li><li>Alluminio</li></ul></li><li>Unità: 12 Unità</li><li>Dimensioni appross.: <ul><li>180 x 193 x 180 cm</li><li>180 x 180 x 180 cm</li><li>180 x 196 x 180 cm</li></ul></li></ul><br><br>Informazioni importanti: Disegni assortiti inviati in modo aleatorio a seconda della disponibilità in magazzino.",Pop Pulse Emporium,Bricolage,130.75,25,Nuovo,11.4,21.5,25.0,104.0,https://cdnbigbuy.com/images/S8902922_P0_icon0.jpg,https://cdnbigbuy.com/images/S8902922_P40.jpg,https://cdnbigbuy.com/images/S8902922_P50.jpg,https://cdnbigbuy.com/images/S8902922_P00.jpg,0,3-6 giorni,24 mesi,EU,,,
S0388888,0197853083318,Borsa a Tracolla Michael Kors Ember Beige 21 x 12 x 7 cm,"Se sei alla ricerca di novità alla moda sul mercato, ti presentiamo <b>Borsa a Tracolla Michael Kors Ember Beige 21 x 12 x 7 cm</b>!<br><br><ul><li>Tipo: <ul><li>Borsa</li><li>Borsa a Tracolla</li></ul></li><li>Genere: Donna</li><li>Colore: Beige</li><li>Materiale: Tela</li><li>Tipo di chiusura: Cerniera</li><li>Include: Include custodia o copertura del marchio</li><li>Dimensioni appross.: 21 x 12 x 7 cm</li></ul>",Pop Pulse Emporium,Bricolage,181.15,1,Nuovo,0.4,12.0,33.0,22.0,https://cdnbigbuy.com/images/0197853083318_S0388888_P00.jpg,https://cdnbigbuy.com/images/0197853083318_S0388888_P10.jpg,https://cdnbigbuy.com/images/0197853083318_S0388888_P20.jpg,,0,3-6 giorni,24 mesi,EU,,,
S3709431,8033280325602,Stivali Racing Sparco S00126941NRGF Giallo,"Se stai pensando di rinnovare il tuo armadio, compra <b>Stivali Racing Sparco K-POLE Giallo (Taglia 41)</b> e altri <b>prodotti Sparco</b>! La migliore qualità al miglior prezzo è già a portata di mano!<br><ul><li>Colore: <ul><li>Nero</li><li>Giallo</li></ul></li><li>Taglia: (Taglia 41)</li></ul>",Pop Pulse Emporium,Bricolage,112.97,8,Nuovo,3.0,12.0,25.0,35.0,https://cdnbigbuy.com/images/8033280325602_S3709431_P03.jpg,https://cdnbigbuy.com/images/8033280325602_S3709431_P13.jpg,https://cdnbigbuy.com/images/9432_mandatory-motor3.jpg,,0,3-6 giorni,24 mesi,EU,,,
S7197730,5702017584560,Set di Costruzioni Lego NINJAGO 71812 Kai's Ninja Climbing Robot Multicolore,"I bambini meritano il meglio, per questo ti presentiamo <b>Set di Costruzioni Lego NINJAGO 71812 Kai's Ninja Climbing Robot Multicolore</b>, ideale per coloro che cercano prodotti di qualità per i più piccoli! Scopri <b>Lego</b> ai migliori prezzi!<br><br><ul><li>Tipo: Set di Costruzioni</li><li>Colore: Multicolore</li><li>Materiale: Plastica</li><li>Età consigliata: + 9 Anni</li></ul>",Pop Pulse Emporium,Bricolage,102.7,24,Nuovo,1.61,26.6,7.6,38.0,https://cdnbigbuy.com/images/5702017584560_S7197730_P00.jpg,https://cdnbigbuy.com/images/5702017584560_S7197730_P10.jpg,https://cdnbigbuy.com/images/5702017584560_S7197730_P20.jpg,https://cdnbigbuy.com/images/5702017584560_S7197730_P30.jpg,0,3-6 giorni,24 mesi,EU,,,
S37114653,8027280489563,Tuta Karting OMP SUMMER-K Rosso XXL,Attrezza il tuo veicolo con le ultime novità del settore! Compra <b>Tuta Karting OMP SUMMER-K Rosso XXL</b> e fai in modo che non ti manchi nulla!<br><br><ul><li>Materiale: Cotone</li><li>Caratteristiche: <ul><li>Resistente</li><li>Con tasche</li></ul></li><li>Uso consigliato: Uso per interni</li><li>Colore: Rosso</li><li>Taglia: XXL</li></ul>,Pop Pulse Emporium,Bricolage,122.36,1,Nuovo,4.0,35.0,30.0,10.0,https://cdnbigbuy.com/images/8027280489563_S37114653_P00.jpg,https://cdnbigbuy.com/images/8027280489563_S37114653_P10.jpg,,,0,3-6 giorni,24 mesi,EU,,,
S0388108,0197853081031,Borsetta a mano Michael Kors Avril,"Se sei alla ricerca di novità alla moda sul mercato, ti presentiamo <b>Borsetta a mano Michael Kors Avril</b>!<br><br><ul><li>Colore: Beige</li><li>Materiale: Tela</li><li>Tipo di chiusura: Cerniera</li><li>Include: Include custodia o copertura del marchio</li><li>Dimensioni appross.: 18 x 15 x 7 cm</li></ul>",Pop Pulse Emporium,Bricolage,163.88,25,Nuovo,0.3,10.0,10.0,10.0,https://cdnbigbuy.com/images/0197853081031_S0388108_P00.jpg,https://cdnbigbuy.com/images/0197853081031_S0388108_P10.jpg,https://cdnbigbuy.com/images/0197853081031_S0388108_P20.jpg,,0,3-6 giorni,24 mesi,EU,,,
S0392222,4894626177378,Orologio Uomo Just Cavalli JC1G215L0015 (Ø 42 mm),"Se sei alla ricerca di novità alla moda sul mercato, ti presentiamo <b>Orologio Uomo Just Cavalli JC1G215L0015 (Ø 42 mm)</b>!<br><br><ul><li>Genere: Uomo</li><li>Anelli extra: No</li><li>Tipo di orologio: Orologio da polso</li><li>Impermeabilità: 10 atm</li><li>Caratteristiche: Multifunzionale</li><li>Materiale della cassa dell'orologio: Acciaio inossidabile</li><li>Tipo di movimento: Quarzo</li><li>Cristallo: Minerale</li><li>Tipo di chiusura: Fibbia</li><li>Colore del quadrante: Multicolore</li><li>Colore della custodia dell'orologio: Grigio</li><li>Colore del cinturino: Nero</li><li>Materiale del cinturino: Pelle</li><li>Diametro della cassa dell'orologio: Ø 42 mm</li></ul>",Pop Pulse Emporium,Bricolage,107.5,4,Nuovo,0.4,32.0,19.0,10.0,https://cdnbigbuy.com/images/4894626177378_S7234317_P00.jpg,https://cdnbigbuy.com/images/4894626177378_S0392222_P00.jpg,https://cdnbigbuy.com/images/4894626177378_S7234317_P10.jpg,https://cdnbigbuy.com/images/4894626177378_S0392222_P10.jpg,0,3-6 giorni,24 mesi,EU,,,
S0376166,5024693180165,Orologio Donna Daisy Dixon DD133PG (Ø 38 mm),"Se ti piace seguire le ultime tendenze per quanto riguarda moda e accessori, compra <b>Orologio Donna Daisy Dixon DD133PG (Ø 38 mm)</b> al miglior prezzo.<br><br><ul><li>Anelli extra: No</li><li>Tipo di orologio: Orologio da polso</li><li>Genere: Donna</li><li>Materiale del cinturino: Pelle</li><li>Materiale della cassa dell'orologio: Metallo</li><li>Tipo di movimento: Quarzo</li><li>Cristallo: Minerale</li><li>Include: Include confezione della marca</li><li>Tipo di chiusura: Fibbia</li><li>Colore del quadrante: Dorato</li><li>Colore della custodia dell'orologio: Dorato</li><li>Colore del cinturino: Rosso</li><li>Diametro della cassa dell'orologio: Ø 38 mm</li></ul>",Pop Pulse Emporium,Bricolage,165.79,5,Nuovo,0.4,32.0,19.0,10.0,https://cdnbigbuy.com/images/5024693180165_S0376166_P01.jpg,https://cdnbigbuy.com/images/72525_mandatory-watch1.jpg,,,0,3-6 giorni,24 mesi,EU,,,
S0386818,0091661503245,Smartwatch Guess C3001G3 (Ø 45 mm),"Se ti piace seguire le ultime tendenze per quanto riguarda moda e accessori, compra <b>Smartwatch Guess C3001G3 (Ø 45 mm)</b> al miglior prezzo.<br><br><ul><li>Genere: Uomo</li><li>Tipo: Smartwatch</li><li>Tipo di orologio: Smartwatch</li><li>Prodotto plug-in: Sì</li><li>Tipo di presa: Spina EU</li><li>Materiale del cinturino: Resina</li><li>Materiale della cassa dell'orologio: Resina</li><li>Tipo di movimento: Quarzo</li><li>Cristallo: Minerale</li><li>Impermeabilità: No</li><li>Include: Include custodia o copertura del marchio</li><li>Tipo di chiusura: Fibbia</li><li>Colore del quadrante: Grigio</li><li>Colore della custodia dell'orologio: Grigio</li><li>Colore del cinturino: Grigio</li><li>Diametro della cassa dell'orologio: Ø 45 mm</li></ul>",Pop Pulse Emporium,Bricolage,146.32,25,Nuovo,0.4,32.0,19.0,10.0,https://cdnbigbuy.com/images/0091661503245_S0386818_P00.jpg,https://cdnbigbuy.com/images/0091661503245_S0386818_P10.jpg,https://cdnbigbuy.com/images/83177_mandatory-watch0.jpg,,0,3-6 giorni,24 mesi,EU,,,
S71002216,3664881124339,Prato artificiale Exelgreen 1 x 5 m Verde 40 mm,"Se ti piace curare ogni singolo dettaglio della casa ed essere sempre alla moda in tema di prodotti che ti renderanno la vità più facile, compra <b>Prato artificiale Exelgreen 1 x 5 m Verde 40 mm</b> al miglior prezzo.<br><br><ul><li>Tipo: Prato artificiale</li><li>Dimensioni appross.: 1 x 5 m</li><li>Colore: Verde</li><li>Materiale: Sintetico</li><li>Uso consigliato: Uso esterno</li><li>Spessore: 40 mm</li></ul>",Pop Pulse Emporium,Bricolage,119.59,25,Nuovo,12.15,69.09,21.45,34.95,https://cdnbigbuy.com/images/3664881124339_S71002216_P00.jpg,https://cdnbigbuy.com/images/3664881124339_S71002216_P10.jpg,https://cdnbigbuy.com/images/3664881124339_S71002216_P20.jpg,https://cdnbigbuy.com/images/3664881124339_S71002216_P30.jpg,0,3-6 giorni,24 mesi,EU,,,
S0369205,4971850954293,Orologio Uomo Casio AWG-M100A-1AER Azzurro Nero (Ø 52 mm),"Se ti piace seguire le ultime tendenze per quanto riguarda moda e accessori, compra <b>Orologio Uomo Casio AWG-M100A-1AER Azzurro Nero (Ø 52 mm)</b> al miglior prezzo.<br><br><ul><li>Anelli extra: No</li><li>Colore: <ul><li>Azzurro</li><li>Nero</li></ul></li><li>Tipo di orologio: Orologio da polso</li><li>Funzioni: Allarme</li><li>Genere: Uomo</li><li>Caratteristiche: energia solar</li><li>Materiale della cassa dell'orologio: Resina</li><li>Tipo di movimento: Solare</li><li>Cristallo: Minerale</li><li>Impermeabilità: 20 atm</li><li>Include: Include custodia o copertura del marchio</li><li>Tipo di chiusura: Fibbia</li><li>Colore del quadrante: Nero</li><li>Colore della custodia dell'orologio: Azzurro</li><li>Colore del cinturino: Nero</li><li>Materiale del cinturino: Resina</li><li>Diametro della cassa dell'orologio: Ø 52 mm</li></ul>",Pop Pulse Emporium,Bricolage,179.22,2,Nuovo,0.4,32.0,19.0,10.0,https://cdnbigbuy.com/images/4971850954293_S0369205_P03.jpg,https://cdnbigbuy.com/images/4971850954293_I33.jpg,https://cdnbigbuy.com/images/4971850954293_I43.jpg,https://cdnbigbuy.com/images/4971850954293_S0369205_P13.jpg,0,3-6 giorni,24 mesi,EU,,,
S7285569,8430622817571,Orologio Uomo Lotus 18929/B Argentato,"Se ti piace seguire le ultime tendenze per quanto riguarda moda e accessori, compra <b>Orologio Uomo Lotus 18929/B Argentato</b> al miglior prezzo.<br><br><ul><li>Genere: Uomo</li><li>Anelli extra: No</li><li>Tipo di orologio: Orologio da polso</li><li>Materiale del cinturino: Acciaio inossidabile</li><li>Materiale della scatola: Acciaio inossidabile</li><li>Tipo di chiusura: Fibbia</li><li>Colore: Argentato</li><li>Colore del quadrante: Azzurro</li><li>Tipo di movimento: Quarzo</li></ul>",Pop Pulse Emporium,Bricolage,196.59,50,Nuovo,0.4,32.0,19.0,10.0,https://cdnbigbuy.com/images/8430622817571_R01.jpg,https://cdnbigbuy.com/images/84626_mandatory-watch1.jpg,,,0,3-6 giorni,24 mesi,EU,,,
S7710289,0632983038437,Toner Kyocera 1T02ND0NL0 Nero,Torna in ufficio senza dimenticarti di nulla! Compra <b>Toner Kyocera 1T02ND0NL0 Nero</b> e sarai l'invidia dei tuoi colleghi!<br><br><ul><li>Colore: Nero</li><li>Tecnologia: Laser</li><li>Tipo: Toner</li><li>Dimensione: A4</li><li>Peso: 130 g</li><li>Compatibile: Kyocera</li><li>Caratteristiche: Originale</li></ul>,Pop Pulse Emporium,Bricolage,102.26,4,Nuovo,0.98,63.0,9.0,8.5,https://cdnbigbuy.com/images/0632983038437_I01.jpg,,,,0,3-6 giorni,24 mesi,EU,,,
S7161260,8719514356610,"Lampadina LED Philips 929002294204 Bianco G 5,5 W E14 470 lm (6500 K)","Se ti piace curare ogni singolo dettaglio della casa ed essere sempre alla moda in tema di prodotti che ti renderanno la vità più facile, compra <b>Lampadina LED Philips 929002294204 Bianco G 5,5 W E14 470 lm (6500 K)</b> al miglior prezzo.<br><br><ul><li>Tipo: <ul><li>Lampadina LED</li><li>Lampadina</li></ul></li><li>Connettività: Bluetooth</li><li>Potenza: 5,5 W</li><li>Colore: Bianco</li><li>Caratteristiche: <ul><li>Luce LED</li><li>Regolabile</li></ul></li><li>Classificazione energetica: G</li><li>Tappo: E14</li><li>Voltaggio: <ul><li>240 V</li><li>220-240 V</li></ul></li><li>Tecnologia: LED</li><li>Compatibile: Amazon Alexa</li><li>Durata: 25000 h</li><li>Flusso luminoso: 470 lm</li><li>Temperatura di colore: 6500 K</li></ul>",Pop Pulse Emporium,Bricolage,106.25,4,Nuovo,0.06,5.8,7.4,13.6,https://cdnbigbuy.com/images/8719514356610_S7161260_P12.jpg,https://cdnbigbuy.com/images/8719514356610_S7161260_P02.jpg,https://cdnbigbuy.com/images/8719514356610_S7161260_P32.jpg,https://cdnbigbuy.com/images/8719514356610_S7161260_P1_icon2.jpg,0,3-6 giorni,24 mesi,EU,,,
S8903057,4899888735199,Piscina Gonfiabile Intex Azzurro 530 l 229 x 135 x 191 cm (2 Unità),Il divertimento estivo è assicurato con queste proposte che piaceranno sia ai più piccoli che ai grandi! Compra <b>Piscina Gonfiabile Intex Azzurro 530 l 229 x 135 x 191 cm (2 Unità)</b> e goditi il tuo tempo libero!<br><br><ul><li>Tipo: Piscina Gonfiabile</li><li>Include: <ul><li>Tenda</li><li>Poltrona</li><li>Adesivo per riparazione</li><li>Tappo di scarico</li></ul></li><li>Colore: Azzurro</li><li>Materiale: PVC</li><li>Unità: 2 Unità</li><li>Capacità: 530 l</li><li>Dimensioni appross.: 229 x 135 x 191 cm</li></ul>,Pop Pulse Emporium,Bricolage,111.84,50,Nuovo,15.14,37.0,47.0,42.0,https://cdnbigbuy.com/images/S8903057_P0_icon1.jpg,https://cdnbigbuy.com/images/S8903057_P31.jpg,https://cdnbigbuy.com/images/S8903057_P41.jpg,https://cdnbigbuy.com/images/S8903057_P51.jpg,0,3-6 giorni,24 mesi,EU,,,
S0380927,4895220917209,Orologio Donna Police PL16027BSG.22M (Ø 36 mm),"Se ti piace seguire le ultime tendenze per quanto riguarda moda e accessori, compra <b>Orologio Donna Police PL16027BSG.22M (Ø 36 mm)</b> al miglior prezzo.<br><br><ul><li>Materiale del cinturino: Acciaio inossidabile</li><li>Anelli extra: No</li><li>Impermeabilità: <ul><li>3 atm</li><li>No</li></ul></li><li>Cristallo: Minerale</li><li>Tipo di orologio: Orologio da polso</li><li>Genere: Donna</li><li>Materiale della cassa dell'orologio: Acciaio inossidabile</li><li>Tipo di movimento: Quarzo</li><li>Include: Include confezione della marca</li><li>Tipo di chiusura: Pressione</li><li>Colore del quadrante: Dorato</li><li>Colore della custodia dell'orologio: Dorato</li><li>Colore del cinturino: Dorato</li><li>Diametro della cassa dell'orologio: Ø 36 mm</li></ul>",Pop Pulse Emporium,Bricolage,150.2,9,Nuovo,0.4,32.0,19.0,10.0,https://cdnbigbuy.com/images/4895220917209_S0380927_P00.jpg,https://cdnbigbuy.com/images/89117_mandatory-watch0.jpg,https://cdnbigbuy.com/images/77286_mandatory-watch0.jpg,,0,3-6 giorni,24 mesi,EU,,,
S9910167,8422521004763,Amplificatore FONESTAR ALTA-VOZ-W30,"Se sei un appassionato d'<b>informatica ed elettronica</b>, ti piace stare al passo con la più recente tecnologia senza lasciarti sfuggire nessun dettaglio, acquista <b>Amplificatore FONESTAR ALTA-VOZ-W30</b> al miglior prezzo.<br><br><ul><li>Prodotto plug-in: Sì</li><li>Tipo di presa: Spina EU</li><li>Tipo: Amplificatore</li><li>Colore: Nero</li><li>Caratteristiche: <ul><li>Borsa di trasporto</li><li>Altoparlanti</li><li>Ultraleggero</li></ul></li><li>Tipo di batteria: Litio Ion</li></ul>",Pop Pulse Emporium,Bricolage,100.1,9,Nuovo,0.4,18.0,14.0,8.0,https://cdnbigbuy.com/images/8422521004763_R00.jpg,https://cdnbigbuy.com/images/8422521004763_R10.jpg,,,0,3-6 giorni,24 mesi,EU,,,
S7926705,5907553508296,Programmatore di irrigazione Cellfast,"Se ti piace curare ogni singolo dettaglio della casa ed essere sempre alla moda in tema di prodotti che ti renderanno la vità più facile, compra <b>Programmatore di irrigazione Cellfast</b> al miglior prezzo.<br><br><ul><li>Colore: <ul><li>Nero</li><li>Azzurro</li></ul></li><li>Paese/regione di produzione: Spagna</li><li>Materiale: Plastica</li></ul>",Pop Pulse Emporium,Bricolage,101.08,49,Nuovo,0.37,19.14,13.3,16.49,https://cdnbigbuy.com/images/5907553508296_S7926705_P00.jpg,https://cdnbigbuy.com/images/5907553508296_S7926705_P40.jpg,https://cdnbigbuy.com/images/5907553508296_S7926705_P50.jpg,https://cdnbigbuy.com/images/5907553508296_S7926705_P60.jpg,0,3-6 giorni,24 mesi,EU,,,
S72112252,8050506113836,Bracciale Uomo Talent Jewels TJA-2-04-03-2-215 Nero,"Ti presentiamo <b>Bracciale Uomo Talent Jewels TJA-2-04-03-2-215 Nero</b> e un'ampia gamma di anelli, bracciali, orecchini, ciondoli, ecc. a buon prezzo. Scopri gli esclusivi ed eleganti pezzi di gioielli e bigiotteria per tutti i gusti e stili.<br><br><ul><li>Tipo: Bracciale</li><li>Genere: Uomo</li><li>Colore: Nero</li></ul>",Pop Pulse Emporium,Bricolage,150.63,5,Nuovo,0.3,10.0,10.0,10.0,https://cdnbigbuy.com/images/8050506113836_S72112252_P00.jpg,,,,0,3-6 giorni,24 mesi,EU,,,
M0519942,0095205068917,Toner Xerox 006R04393 Magenta C230 - C235,Torna in ufficio senza dimenticarti di nulla! Compra <b>Toner Xerox 006R04393 Magenta C230 - C235</b> e sarai l'invidia dei tuoi colleghi!<br><br><ul><li>Tecnologia: Láser</li><li>Tipo: <ul><li>Toner</li><li>Originale</li></ul></li><li>Compatibile: C230 - C235</li><li>Capacità: 2500 Pagine</li><li>Colore: <ul><li>Magenta</li><li>Rosso</li></ul></li><li>Larghezza: 13 cm</li><li>Caratteristiche: Originale</li></ul>,Pop Pulse Emporium,Bricolage,168.37,1,Nuovo,0.92,39.5,12.5,12.5,https://cdnbigbuy.com/images/0095205068917_M0519942_P00.jpg,https://cdnbigbuy.com/images/546282940.jpg,,,0,3-6 giorni,24 mesi,EU,,,
S3721351,8033280392536,Felpa con Cappuccio Uomo Sparco MARTINI RACING Nero Taglia XL,"Se stai pensando di rinnovare il tuo armadio, compra <b>Felpa con Cappuccio Uomo Sparco MARTINI RACING Nero Taglia XL</b> e altri <b>prodotti Sparco</b>! La migliore qualità al miglior prezzo è già a portata di mano!<br><br><ul><li>Colore: Nero</li><li>Taglia: XL</li><li>Tipo: Felpa con Cappuccio</li><li>Caratteristiche: Chiusura lampo</li><li>Composizione: 100 % cotone</li><li>Grammatura: 300 g/m²</li><li>Genere: Unisex adulti</li></ul>",Pop Pulse Emporium,Bricolage,126.82,1,Nuovo,2.0,10.0,10.0,5.0,https://cdnbigbuy.com/images/8033280392536_S3721351_P02.jpg,https://cdnbigbuy.com/images/21061_mandatory-motor2.jpg,,,0,3-6 giorni,24 mesi,EU,,,
S71011593,5407008070977,Olio per Motore Auto Mobil 5W30 ESP 5W30 5 L,Attrezza il tuo veicolo con le ultime novità del settore! Compra <b>Olio per Motore Auto Mobil 5W30 ESP 5W30 5 L</b> e fai in modo che non ti manchi nulla!<br><br><ul><li>Viscosità SAE: 5W30</li><li>Capacità: 5 L</li></ul>,Pop Pulse Emporium,Bricolage,141.2,2,Nuovo,4.44,19.6,14.0,29.6,https://cdnbigbuy.com/images/5407008070977_S71011593_P00.jpg,https://cdnbigbuy.com/images/5407008070977_S71011593_P10.jpg,https://cdnbigbuy.com/images/5407008070977_S71011593_P20.jpg,,0,3-6 giorni,24 mesi,EU,,,
S9911013,8436545693537,Case computer desktop ATX Hiditec H2 Air,"Se sei un appassionato d'<b>informatica ed elettronica</b>, ti piace stare al passo con la più recente tecnologia senza lasciarti sfuggire nessun dettaglio, acquista <b>Case computer desktop ATX Hiditec H2 Air</b> al miglior prezzo.<br><br><ul><li>Caratteristiche: ARGB</li><li>Tipo: <ul><li>Case computer desktop ATX</li><li>PC</li></ul></li><li>Non Include: Fonte di Alimentazione</li><li>Materiale: Acciaio</li><li>Connessioni: <ul><li>USB 2.0</li><li>USB 3.2</li><li>USB-C 3.2 Gen 2 (3.1 Gen 2)</li></ul></li><li>Porte: <ul><li>Ingresso audio</li><li>Uscita audio</li></ul></li><li>Illuminazione: Multicolore</li><li>Fattore di forma: Tower</li><li>Display incorporato: No</li><li>Larghezza: 21,5 cm</li></ul>",Pop Pulse Emporium,Bricolage,134.61,5,Nuovo,9.6,58.0,51.0,27.0,https://cdnbigbuy.com/images/8436545693537_S9911013_P10.jpg,https://cdnbigbuy.com/images/8436545693537_S9911013_P00.jpg,https://cdnbigbuy.com/images/8436545693537_S9911013_P20.jpg,https://cdnbigbuy.com/images/8436545693537_S9911013_P30.jpg,0,3-6 giorni,24 mesi,EU,,,
S72106793,0889214197955,Montatura per Occhiali Uomo Ermenegildo Zegna EZ5207 50016,"Se stai pensando di rinnovare il tuo armadio, compra <b>Montatura per Occhiali Uomo Ermenegildo Zegna EZ5207 50016</b> e altri <b>prodotti Ermenegildo Zegna</b>! La migliore qualità al miglior prezzo è già a portata di mano!<br><br><ul><li>Caratteristiche: Lenti non graduate</li><li>Tipo: Montatura per Occhiali</li><li>Genere: Uomo</li></ul>",Pop Pulse Emporium,Bricolage,140.48,5,Nuovo,0.29,10.0,9.97,10.0,https://cdnbigbuy.com/images/0889214197955_S72106793_P00.jpg,https://cdnbigbuy.com/images/0889214197955_S72106793_P10.jpg,https://cdnbigbuy.com/images/0889214197955_S72106793_P20.jpg,,0,3-6 giorni,24 mesi,EU,,,
S55275483,8806096015384,"Monitor LG 24BA560-B Full HD 23,8"" 100 Hz","Se sei un appassionato d'<b>informatica ed elettronica</b>, ti piace stare al passo con la più recente tecnologia senza lasciarti sfuggire nessun dettaglio, acquista <b>Monitor LG 24BA560-B Full HD 23,8"" 100 Hz</b> al miglior prezzo.<br><br><ul><li>Diagonale dello schermo (cm): 60,5 cm</li><li>Prodotto plug-in: Sì</li><li>Tipo di presa: Spina EU</li><li>Tipo: <ul><li>Monitor</li><li>Asse</li></ul></li><li>Colore: Nero</li><li>Tempi di Risposta: 5 ms</li><li>VESA: 10 x 10 cm</li><li>Brillante: <ul><li>250 cd/m2</li><li>250 ANSI</li></ul></li><li>Voltaggio: <ul><li>100-240 V</li><li>100 - 240 V</li></ul></li><li>Display: 23,8""</li><li>Potenza: 4 W</li><li>Classificazione energetica: D</li><li>Risoluzione: Full HD</li><li>Relazione di aspetto: 16:9</li><li>Connessioni: <ul><li>HDMI</li><li>USB</li><li>DisplayPort</li><li>2</li><li>VGA</li><li>USB-C x 2</li><li>HDMI 1.4</li><li>USB A x 2</li><li>DisplayPort 1.2</li><li>DisplayPort x 1</li></ul></li><li>Caratteristiche: <ul><li>Girevole</li><li>Regolabile</li><li>Con stand</li><li>Inclinazione regolabile</li><li>Guida all'installazione inclusa</li><li>Altoparlanti integrati</li><li>Schermo piatto</li></ul></li><li>Risoluzione (px): 1920 x 1080 px</li><li>Tecnologia: <ul><li>LED</li><li>IPS</li><li>Flicker free</li></ul></li><li>Frequenza: <ul><li>100 Hz</li><li>50 - 60 Hz</li></ul></li><li>Porte: 1</li><li>Frequenza di ingresso AC: 50-60 Hz</li><li>Schermo tattile: No</li><li>Include: Uscita di auricolari</li><li>Angolo: 178º</li><li>Montaggio: VESA</li></ul>",Pop Pulse Emporium,Bricolage,158.55,50,Nuovo,7.47,62.0,48.0,17.0,https://cdnbigbuy.com/images/S55275483_8806096015384_P00.jpg,https://cdnbigbuy.com/images/S55275483_8806096015384_EE0.jpg,https://cdnbigbuy.com/images/943592010.jpg,https://cdnbigbuy.com/images/s55275483_8806096015384_p0_icon0.jpg,0,3-6 giorni,24 mesi,EU,,,
S72118729,3350656126508,Orologio Donna LIU JO TLJ2487 Dorato,"Se sei alla ricerca di novità alla moda sul mercato, ti presentiamo <b>Orologio Donna LIU JO TLJ2487 Dorato</b>!<br><br><ul><li>Anelli extra: No</li><li>Tipo di orologio: Orologio da polso</li><li>Genere: Donna</li><li>Colore del cinturino: Dorato</li></ul>",Pop Pulse Emporium,Bricolage,195.89,1,Nuovo,0.3,14.15,12.43,10.11,https://cdnbigbuy.com/images/3350656126508_S72118729_P00.jpg,https://cdnbigbuy.com/images/117741_mandatory-watch0.jpg,,,0,3-6 giorni,24 mesi,EU,,,
S8906340,4899888792468,Ombrellone Aktive Azzurro 220 x 210 x 220 cm (6 Unità),"Se sei alla ricerca di novità alla moda sul mercato, ti presentiamo <b>Ombrellone Aktive Azzurro 220 x 210 x 220 cm (6 Unità)</b>!<br><br><ul><li>Tipo: Ombrellone</li><li>Colore: Azzurro</li><li>Materiale: <ul><li>Poliestere</li><li>Acciaio</li></ul></li><li>Caratteristiche: <ul><li>Resistente</li><li>Regolabile</li></ul></li><li>Unità: 6 Unità</li><li>Include: Custodia per il trasporto</li><li>Filtro solare: UV30</li><li>Dimensioni appross.: 220 x 210 x 220 cm</li></ul>",Pop Pulse Emporium,Bricolage,165.28,25,Nuovo,14.47,30.37,20.81,56.0,https://cdnbigbuy.com/images/s8906340_p0_icon0.jpg,https://cdnbigbuy.com/images/S8906340_P10.jpg,https://cdnbigbuy.com/images/S8906340_P20.jpg,https://cdnbigbuy.com/images/S8906340_P30.jpg,0,3-6 giorni,24 mesi,EU,,,
S9907838,6935364010546,Switch TP-Link TL-SG2008,"Se sei un appassionato d'<b>informatica ed elettronica</b>, ti piace stare al passo con la più recente tecnologia senza lasciarti sfuggire nessun dettaglio, acquista <b>Switch TP-Link TL-SG2008</b> al miglior prezzo.<br><br><ul><li>Tipo: <ul><li>Centrotavolo</li><li>Switch</li></ul></li><li>Velocità: 1 Gbps﻿</li><li>Prodotto plug-in: Sì</li><li>Tipo di presa: Spina EU</li><li>Colore: Nero</li><li>Materiale: <ul><li>Metallo</li><li>Rame</li></ul></li><li>Connettività: Bluetooth</li><li>Supporto: Multipolare</li><li>Voltaggio: <ul><li>12 V</li><li>220 V</li><li>100 - 240 V</li></ul></li><li>Fonte di Alimentazione: Cavo AC</li><li>Porte: 2</li><li>Connessioni: <ul><li>Ethernet LAN</li><li>rj45 x 8</li></ul></li><li>Caratteristiche: Indicatore LED di funzionamento</li><li>Amperaggio: 1 A</li><li>Certificato: CE, FCC, RoHS</li><li>Frequenza: 60 Hz</li><li>Raggio d'azione di umidità: 10 % - 90 %</li><li>Temperatura approssimativa: -40º / 70º</li><li>Sicurezza: IGMP</li><li>Capacità: 900 g</li></ul>",Pop Pulse Emporium,Bricolage,113.96,2,Nuovo,0.93,21.0,13.0,3.0,https://cdnbigbuy.com/images/6935364010546_S9907838_P00.jpg,https://cdnbigbuy.com/images/6935364010546_S9907838_P10.jpg,https://cdnbigbuy.com/images/6935364010546_S9907838_P20.jpg,,0,3-6 giorni,24 mesi,EU,,,
S72104413,8430622830259,Orologio Uomo Festina F20701/5 Nero,"Se ti piace seguire le ultime tendenze per quanto riguarda moda e accessori, compra <b>Orologio Uomo Festina F20701/5 Nero</b> al miglior prezzo.<br><br><ul><li>Colore: Nero</li><li>Genere: Donna</li><li>Tipo di chiusura: Fibbia</li><li>Tipo di movimento: Quarzo</li></ul>",Pop Pulse Emporium,Bricolage,141.46,50,Nuovo,0.3,14.15,12.43,10.11,https://cdnbigbuy.com/images/8430622830259_S72104413_P00.jpg,https://cdnbigbuy.com/images/103425_mandatory-watch0.jpg,,,0,3-6 giorni,24 mesi,EU,,,
S3726309,8033280386696,Stivali Racing Sparco 00128742RS Rosso,"Se stai pensando di rinnovare il tuo armadio, compra <b>Stivali Racing Sparco TOP RACE Rosso Talla 42</b> e altri <b>prodotti Sparco</b>! La migliore qualità al miglior prezzo è già a portata di mano!<br><ul><li>Colore: Rosso</li><li>Taglia: Talla 42</li></ul>",Pop Pulse Emporium,Bricolage,193.94,1,Nuovo,5.0,10.0,10.0,20.0,https://cdnbigbuy.com/images/8033280386696_S3726309_P02.jpg,https://cdnbigbuy.com/images/26024_mandatory-motor2.jpg,,,0,3-6 giorni,24 mesi,EU,,,
S7233553,4549526315121,"Orologio Unisex Casio A168WEMB-1BEF Nero (Ø 36 mm) (Ø 38,5 mm) (Ø 34 mm)","Se ti piace seguire le ultime tendenze per quanto riguarda moda e accessori, compra <b>Orologio Unisex Casio A168WEMB-1BEF Nero (Ø 36 mm) (Ø 38,5 mm) (Ø 34 mm)</b> al miglior prezzo.<br><br><ul><li>Colore del quadrante: Nero</li><li>Diametro: <ul><li>36 mm</li><li>34 mm</li></ul></li><li>Tipo di movimento: Quarzo</li><li>Anelli extra: No</li><li>Genere: Unisex</li><li>Tipo di orologio: Orologio da polso</li><li>Funzioni: Multifunzionale</li><li>Materiale del cinturino: <ul><li>Rete</li><li>Acciaio inossidabile</li></ul></li><li>Include: Include custodia o copertura del marchio</li><li>Impermeabilità: 3 atm</li><li>Cristallo: Minerale</li><li>Diametro della cassa dell'orologio: <ul><li>Ø 36 mm</li><li>Ø 38,5 mm</li><li>Ø 34 mm</li></ul></li><li>Paese/regione di produzione: Spagna</li><li>Colore: Nero</li><li>Materiale: Acciaio inossidabile</li><li>Stile: Bracciale</li><li>Forma: Rettangolare</li><li>Tecnologia: Digitale</li><li>Tipo di garanzia: Del produttore</li><li>Età consigliata: Adulti</li></ul>",Pop Pulse Emporium,Bricolage,106.8,2,Nuovo,0.29,10.75,9.66,9.73,https://cdnbigbuy.com/images/4549526315121_S7233553_P01.jpg,https://cdnbigbuy.com/images/32717_mandatory-watch1.jpg,,,0,3-6 giorni,24 mesi,EU,,,
S7140445,3325740040787,Disinfettante Saniterpen 5 L Deodorante,"Se sei alla ricerca di novità alla moda sul mercato, ti presentiamo <b>Disinfettante Saniterpen 5 L Deodorante</b>!<br><br><ul><li>Capacità: 5 L</li><li>Proprietà: Deodorante</li><li>Tipo: Disinfettante</li></ul>",Pop Pulse Emporium,Bricolage,109.81,25,Nuovo,5.5,13.5,18.5,28.5,https://cdnbigbuy.com/images/3325740040787_S7140445_P0_WBG1.jpg,,,,0,3-6 giorni,24 mesi,EU,,,
S7194306,3032163202509,Toletta con Sgabello Smoby Princess,"I bambini meritano il meglio, per questo ti presentiamo <b>Toletta con Sgabello Smoby Princess</b>, ideale per coloro che cercano prodotti di qualità per i più piccoli! Scopri <b>Smoby</b> ai migliori prezzi!<br><br><ul><li>Colore: Rosa</li><li>Materiale: Plastica</li><li>Età consigliata: + 3 anni</li><li>Tipo: Toeletta</li></ul>",Pop Pulse Emporium,Bricolage,111.68,2,Nuovo,3.06,64.4,49.2,20.5,https://cdnbigbuy.com/images/3032163202509_S7194306_P00.jpg,,,,0,3-6 giorni,24 mesi,EU,,,
S7166277,6941057422060,Pulitori automatici Intex Zx50,"Il divertimento estivo è assicurato con queste proposte che piaceranno sia ai più piccoli che ai grandi! Compra <b>Pulitori automatici Intex Zx50</b> e goditi il tuo tempo libero!<br><br><ul><li>Colore: Bianco</li><li>Lunghezza del tubo: 6,5 m</li><li>Materiale: Plastica</li><li>Lingua: Francese</li></ul>",Pop Pulse Emporium,Bricolage,105.64,21,Nuovo,4.78,37.59,38.1,31.24,https://cdnbigbuy.com/images/6941057422060_S7166277_P00.jpg,,,,0,3-6 giorni,24 mesi,EU,,,
S7275127,8430622795664,Orologio Uomo Festina F20425/7 Verde Argentato,"Se ti piace seguire le ultime tendenze per quanto riguarda moda e accessori, compra <b>Orologio Uomo Festina F20425/7 Verde Argentato</b> al miglior prezzo.<br><br><ul><li>Genere: Uomo</li><li>Anelli extra: No</li><li>Tipo di orologio: Orologio da polso</li><li>Colore: <ul><li>Verde</li><li>Argentato</li></ul></li><li>Peso: 1 kg</li><li>Forma: Rettangolare</li><li>Diametro: 43 mm</li><li>Tipo di movimento: Quarzo</li></ul>",Pop Pulse Emporium,Bricolage,141.46,50,Nuovo,0.4,32.0,19.0,10.0,https://cdnbigbuy.com/images/8430622795664_S7275127_P01.jpg,https://cdnbigbuy.com/images/74184_mandatory-watch1.jpg,,,0,3-6 giorni,24 mesi,EU,,,
S9198979,1210000615015,Avviatore per Batteria Auto Noco GB20,Attrezza il tuo veicolo con le ultime novità del settore! Compra <b>Avviatore per Batteria Auto Noco GB20</b> e fai in modo che non ti manchi nulla!<br><br><ul><li>Caratteristiche: <ul><li>Luce LED</li><li>Display incorporato</li></ul></li><li>Amperaggio: 400 A</li><li>Protezione: Polarità inversa</li><li>Include: <ul><li>Micro USB</li><li>Torcia</li><li>Custodia per il trasporto</li></ul></li><li>Colore: Nero</li><li>Connessioni: <ul><li>USB</li><li>Micro USB</li><li>USB x 1</li></ul></li><li>Voltaggio: <ul><li>12 V</li><li>5 V</li></ul></li><li>Classificazione IP: IP65</li><li>Temperatura approssimativa: -20º / 50º</li><li>Tipo di batteria: Litio Ion</li></ul>,Pop Pulse Emporium,Bricolage,123.3,49,Nuovo,1.23,13.0,10.0,22.0,https://cdnbigbuy.com/images/1210000615015_S9198979_P00.jpg,,,,0,3-6 giorni,24 mesi,EU,,,
S72112104,8050506115908,Bracciale Uomo Talent Jewels TJA-6-01-02-2-215 Nero,"Ti presentiamo <b>Bracciale Uomo Talent Jewels TJA-6-01-02-2-215 Nero</b> e un'ampia gamma di anelli, bracciali, orecchini, ciondoli, ecc. a buon prezzo. Scopri gli esclusivi ed eleganti pezzi di gioielli e bigiotteria per tutti i gusti e stili.<br><br><ul><li>Tipo: Bracciale</li><li>Genere: Uomo</li><li>Colore: Nero</li></ul>",Pop Pulse Emporium,Bricolage,139.13,5,Nuovo,0.3,10.0,10.0,10.0,https://cdnbigbuy.com/images/8050506115908_S72112104_P00.jpg,,,,0,3-6 giorni,24 mesi,EU,,,
S7134128,5099206099104,Tastiera Logitech MX Keys Mini Francese AZERTY,"Se sei un appassionato d'<b>informatica ed elettronica</b>, ti piace stare al passo con la più recente tecnologia senza lasciarti sfuggire nessun dettaglio, acquista <b>Tastiera Logitech MX Keys Mini Francese AZERTY</b> al miglior prezzo.<br><br><ul><li>Caratteristiche: <ul><li>Senza Fili</li><li>Android</li><li>Compatto</li><li>Retroilluminato</li><li>Indicatore LED di funzionamento</li><li>Tasti multimediali</li></ul></li><li>Connettività: Bluetooth</li><li>Tastiera: <ul><li>AZERTY</li><li>Azerty Francese</li></ul></li><li>Tipo: <ul><li>Tastiera</li><li>Mini</li></ul></li><li>Colore: Grigio</li><li>Compatibile: <ul><li>Mac OS</li><li>Computer</li></ul></li><li>Connessioni: USB-C</li><li>Tipo di batteria: <ul><li>Integrata</li><li>Ricaricabile</li></ul></li><li>Stile: Dritto</li><li>Lingua: Francese</li><li>Tecnologia: LED</li><li>Gamma: 10 m</li><li>Potenza: 3600 W</li><li>Batteria: Caricabatterie USB</li><li>Non Include: <ul><li>Tastiera numerica</li><li>Mouse</li></ul></li></ul>",Pop Pulse Emporium,Bricolage,164.33,1,Nuovo,0.69,32.0,13.6,3.8,https://cdnbigbuy.com/images/566643412.jpg,,,,0,3-6 giorni,24 mesi,EU,,,
S7211610,8431283474332,Orologio Uomo Mark Maddox HM2001-57,"Se ti piace seguire le ultime tendenze per quanto riguarda moda e accessori, compra <b>Orologio Uomo Mark Maddox HM2001-57</b> al miglior prezzo.<br><br><ul><li>Genere: Uomo</li><li>Anelli extra: No</li><li>Tipo di orologio: Orologio da polso</li><li>Funzioni: Cronografo</li><li>Impermeabilità: 3 atm</li><li>Tipo di movimento: Quarzo</li></ul>",Pop Pulse Emporium,Bricolage,101.5,5,Nuovo,0.4,32.0,19.0,10.0,https://cdnbigbuy.com/images/8431283474332_S7211610_P00.jpg,https://cdnbigbuy.com/images/11611_mandatory-watch0.jpg,,,0,3-6 giorni,24 mesi,EU,,,
S5629047,0649528939241,Hard Disk Crucial T500  1 TB SSD,"Se sei un appassionato d'<b>informatica ed elettronica</b>, ti piace stare al passo con la più recente tecnologia senza lasciarti sfuggire nessun dettaglio, acquista <b>Hard Disk Crucial T500  1 TB SSD</b> al miglior prezzo.",Pop Pulse Emporium,Bricolage,133.36,5,Nuovo,0.2,13.0,10.0,2.0,https://cdnbigbuy.com/images/0649528939241_S5629047_P00.jpg,https://cdnbigbuy.com/images/0649528939241_S5629047_P10.jpg,,,0,3-6 giorni,24 mesi,EU,,,
S7209797,4895148694640,Bracciale Uomo Police PJ26187BSS01,"Ti presentiamo <b>Bracciale Uomo Police PJ26187BSS01</b> e un'ampia gamma di anelli, bracciali, orecchini, ciondoli, ecc. a buon prezzo. Scopri gli esclusivi ed eleganti pezzi di gioielli e bigiotteria per tutti i gusti e stili.<br><br><ul><li>Genere: <ul><li>Donna</li><li>Uomo</li></ul></li><li>Tipo: <ul><li>Bracciale Donna</li><li>Bracciale</li></ul></li></ul>",Pop Pulse Emporium,Bricolage,101.93,2,Nuovo,0.3,9.99,9.99,9.96,https://cdnbigbuy.com/images/4895148694640_S7209797_P01.jpg,,,,0,3-6 giorni,24 mesi,EU,,,
S71017388,8719514491588,Lampadina LED Philips Bianco G 400 lm 2 Unità (2200K) (6500 K),"Se sei alla ricerca di novità alla moda sul mercato, ti presentiamo <b>Lampadina LED Philips Bianco G 400 lm 2 Unità (2200K) (6500 K)</b>!<br><br><ul><li>Tipo: <ul><li>Lampadina LED</li><li>Lampadina</li></ul></li><li>Colore: Bianco</li><li>Caratteristiche: Regolabile</li><li>Classificazione energetica: G</li><li>Voltaggio: 12 V</li><li>Tecnologia: LED</li><li>Compatibile: <ul><li>Amazon Alexa</li><li>Google Home</li></ul></li><li>Durata: 25000 h</li><li>Flusso luminoso: 400 lm</li><li>Temperatura di colore: <ul><li>2200K</li><li>6500 K</li></ul></li><li>Unità: 2 Unità</li></ul>",Pop Pulse Emporium,Bricolage,106.77,5,Nuovo,0.15,9.65,9.6,10.96,https://cdnbigbuy.com/images/8719514491588_S71017388_P00.jpg,https://cdnbigbuy.com/images/8719514491588_S71017388_P10.jpg,https://cdnbigbuy.com/images/8719514491588_S71017388_P20.jpg,https://cdnbigbuy.com/images/8719514491588_S71017388_P30.jpg,0,3-6 giorni,24 mesi,EU,,,
S0388617,0193599710150,Borsa a Spalla Michael Kors Lenox Azzurro 40 x 32 x 13 cm,"Se sei alla ricerca di novità alla moda sul mercato, ti presentiamo <b>Borsa a Spalla Michael Kors Lenox Azzurro 40 x 32 x 13 cm</b>!<br><br><ul><li>Tipo: Borsa Donna</li><li>Colore: Azzurro</li><li>Composizione: Pelle</li><li>Tipo di chiusura: Magnetico</li><li>Include: Include custodia o copertura del marchio</li><li>Dimensioni appross.: 40 x 32 x 13 cm</li></ul>",Pop Pulse Emporium,Bricolage,181.15,1,Nuovo,0.3,10.0,10.0,10.0,https://cdnbigbuy.com/images/0193599710150_S0388617_P00.jpg,https://cdnbigbuy.com/images/0193599710150_S0388617_P10.jpg,https://cdnbigbuy.com/images/0193599710150_S0388617_P20.jpg,,0,3-6 giorni,24 mesi,EU,,,
S7180282,4059433573489,Playset Schleich 42564 Dinosauri,"I bambini meritano il meglio, per questo ti presentiamo <b>Playset Schleich 42564 Dinosauri</b>, ideale per coloro che cercano prodotti di qualità per i più piccoli! Scopri <b>Schleich</b> ai migliori prezzi!<br><br><ul><li>Design: Dinosauri</li></ul>",Pop Pulse Emporium,Bricolage,170.7,2,Nuovo,3.47,55.8,36.8,16.2,https://cdnbigbuy.com/images/4059433573489_S7180282_P01.jpg,,,,0,3-6 giorni,24 mesi,EU,,,
M0120860,8435415076944,Profumo Uomo Jean Paul Gaultier 65189084 EDP 125 ml Le Male,<p>Lasciati sorprendere da <strong>Profumo Uomo Jean Paul Gaultier 65189084 EDP 125 ml Le Male 100% originale</strong> e definisci la tua personalit&agrave; usando questo esclusivo <strong>profumo da uomo</strong> con una fragranza unica e personale. Scopri i <strong>prodotti Jean Paul Gaultier 100% originali</strong>!</p><br><br><ul><li>Genere: Uomo</li><li>Capacità: 125 ml</li><li>Nome della fragranza: Le Male</li><li>Tipo: EDP (Eau de Parfum)</li></ul><br><br>Informazioni importanti: La confezione del prodotto può variare nel design a seconda delle promozioni pubblicitarie del produttore o del periodo dell'anno. Le diverse confezioni sono disponibili fino ad esaurimento scorte..,Pop Pulse Emporium,Bricolage,143.16,25,Nuovo,0.44,9.0,9.0,18.0,https://cdnbigbuy.com/images/M0120860_8435415076944_M0120860_P00.jpg,https://cdnbigbuy.com/images/M0120860_8435415076944_M0120860_P10.jpg,,,0,3-6 giorni,24 mesi,EU,,,
S0389310,0091661537349,Orologio Uomo Guess GW0627G1 (Ø 44 mm),"Se sei alla ricerca di novità alla moda sul mercato, ti presentiamo <b>Orologio Uomo Guess GW0627G1 (Ø 44 mm)</b>!<br><br><ul><li>Genere: Uomo</li><li>Anelli extra: No</li><li>Tipo di orologio: Orologio da polso</li><li>Materiale del cinturino: Acciaio inossidabile</li><li>Materiale della cassa dell'orologio: Acciaio inossidabile</li><li>Tipo di movimento: Quarzo</li><li>Cristallo: Minerale</li><li>Impermeabilità: 5 atm</li><li>Include: Include custodia o copertura del marchio</li><li>Tipo di chiusura: Farfalla</li><li>Colore del quadrante: Nero</li><li>Colore della custodia dell'orologio: Grigio</li><li>Colore del cinturino: Grigio</li><li>Diametro della cassa dell'orologio: Ø 44 mm</li></ul>",Pop Pulse Emporium,Bricolage,101.68,8,Nuovo,0.4,32.0,19.0,10.0,https://cdnbigbuy.com/images/0091661537349_S0389310_P00.jpg,https://cdnbigbuy.com/images/0091661537349_S0389310_P10.jpg,https://cdnbigbuy.com/images/0091661537349_S0389310_P20.jpg,https://cdnbigbuy.com/images/85669_mandatory-watch0.jpg,0,3-6 giorni,24 mesi,EU,,,
S9175303,5902221622342,Lampada Antizanzare N'oveen IKN1080 Argentato Acciaio,"Se ti piace curare ogni singolo dettaglio della casa ed essere sempre alla moda in tema di prodotti che ti renderanno la vità più facile, compra <b>Lampada Antizanzare N'oveen IKN1080 Argentato Acciaio</b> al miglior prezzo.<br><br><ul><li>Colore: Argentato</li><li>Materiale: Acciaio</li></ul>",Pop Pulse Emporium,Bricolage,159.51,4,Nuovo,6.21,16.8,41.2,74.7,https://cdnbigbuy.com/images/5902221622342_S9175303_P00.jpg,https://cdnbigbuy.com/images/5902221622342_S9175303_P10.jpg,,,0,3-6 giorni,24 mesi,EU,,,
S0385065,7613272544771,Orologio Donna Tommy Hilfiger 1782682 (Ø 40 mm),"Se ti piace seguire le ultime tendenze per quanto riguarda moda e accessori, compra <b>Orologio Donna Tommy Hilfiger 1782682 (Ø 40 mm)</b> al miglior prezzo.<br><br><ul><li>Genere: Donna</li><li>Anelli extra: No</li><li>Tipo di orologio: Orologio da polso</li><li>Materiale del cinturino: Acciaio inossidabile</li><li>Materiale della cassa dell'orologio: Acciaio inossidabile</li><li>Tipo di movimento: Quarzo</li><li>Cristallo: Minerale</li><li>Impermeabilità: No</li><li>Include: Include confezione della marca</li><li>Tipo di chiusura: Farfalla</li><li>Colore del quadrante: Bianco</li><li>Colore della custodia dell'orologio: Rosa</li><li>Colore del cinturino: Rosa</li><li>Diametro della cassa dell'orologio: Ø 40 mm</li></ul>",Pop Pulse Emporium,Bricolage,156.02,5,Nuovo,0.4,32.0,19.0,10.0,https://cdnbigbuy.com/images/7613272544771_S0385065_P00.jpg,https://cdnbigbuy.com/images/81424_mandatory-watch0.jpg,,,0,3-6 giorni,24 mesi,EU,,,
S72114979,8433594196507,Orecchini Donna Lotus,"Ti presentiamo <b>Orecchini Donna Lotus</b> e un'ampia gamma di anelli, bracciali, orecchini, ciondoli, ecc. a buon prezzo. Scopri gli esclusivi ed eleganti pezzi di gioielli e bigiotteria per tutti i gusti e stili.<br><br><ul><li>Genere: Donna</li><li>Tipo: Orecchini Donna</li></ul>",Pop Pulse Emporium,Bricolage,112.95,4,Nuovo,0.29,9.9,9.94,9.77,https://cdnbigbuy.com/images/8433594196507_R00.jpg,https://cdnbigbuy.com/images/8433594196507_R10.jpg,,,0,3-6 giorni,24 mesi,EU,,,
S9144384,0608887786842,Plafoniera LED Yeelight Arwen 450C F 50 W 4000 Lm (2700 K) (6500 K),"<p>Se vuoi dare un tocco d'originalità alla tua casa, con <b>Plafoniera LED Yeelight Arwen 450C F 50 W 4000 Lm (2700 K) (6500 K)</b> potrai farlo.</p><br><br><ul><li>Colore: <ul><li>Bianco</li><li>Multicolore</li><li>Sì</li><li>Bianco Caldo</li><li>Multi</li></ul></li><li>Materiale: SPCC</li><li>Caratteristiche: <ul><li>Telecomando</li><li>LED</li><li>Regolabile</li><li>Interruttore On /Off</li></ul></li><li>Potenza: 50 W</li><li>Voltaggio: 220-240 V</li><li>Temperatura di colore: <ul><li>2700 K</li><li>6500 K</li></ul></li><li>Flusso luminoso: 4000 Lm</li><li>Classificazione energetica: F</li><li>Forma: Rotondo</li><li>Tecnologia: LED</li><li>Classificazione IP: IP50</li><li>Batterie incluse: No</li><li>Include: Telecomando</li><li>Frequenza di ingresso AC: 50-60 Hz</li><li>Durata: 25000 h</li><li>Adatto per: Interni</li></ul>",Pop Pulse Emporium,Bricolage,131.99,10,Nuovo,2.96,54.0,54.5,13.0,https://cdnbigbuy.com/images/0608887786842_S9144384_P00.jpg,https://cdnbigbuy.com/images/0608887786842_S9144384_P10.jpg,,,0,3-6 giorni,24 mesi,EU,,,
S7913184,8720573225984,Set di valigie PR World Set da Viaggio Nero,Ti piace essere alla moda e sei un amante degli accessori? Ti presentiamo <b>Set di valigie PR World Set da Viaggio Nero</b> e una vasta gamma di borse e portafogli per essere sempre all'avanguardia!<br><br><ul><li>Caratteristiche: <ul><li>Con manici</li><li>Rotazione di 360°</li><li>2 tasche con zip</li></ul></li><li>Materiale: Alluminio</li><li>Dimensioni appross.: <ul><li>36 x 24 x 53 cm</li><li>44 x 26 x 63 cm</li></ul></li><li>Tipo: <ul><li>Set da Viaggio</li><li>Valigia</li></ul></li><li>Colore: Nero</li><li>Ruote: 4</li></ul>,Pop Pulse Emporium,Bricolage,121.97,5,Nuovo,6.38,27.0,45.0,64.0,https://cdnbigbuy.com/images/8720573225984_00_WBG3.jpg,,,,0,3-6 giorni,24 mesi,EU,,,
S7124645,4009847083203,Set attrezzi per bambini Klein 8320,"I bambini meritano il meglio, per questo ti presentiamo <b>Set di Attrezzi Klein 8320</b>, ideale per coloro che cercano prodotti di qualità per i più piccoli! Scopri <b>Klein</b> ai migliori prezzi!<br><br><ul><li>Tipo: Per bambini</li><li>Caratteristiche: Individuale</li><li>Età consigliata: <ul><li>+ 3 anni</li><li>Bambini</li></ul></li><li>Colore: Multicolore</li><li>Materiale: Plastica</li><li>Lingua: ES-EN-FR-IT-DE</li><li>Genere: Unisex</li><li>Peso circa: 3,3 kg</li><li>Numero di Giocatori: +1 Giocatori</li></ul>",Pop Pulse Emporium,Bricolage,103.81,4,Nuovo,4.64,84.5,59.0,14.0,https://cdnbigbuy.com/images/4009847083203_S7124645_P01.jpg,,,,0,3-6 giorni,24 mesi,EU,,,
S3061247,8424002195205,Lampadario Home ESPRIT Marrone Chiaro Juta Legno 67 x 67 x 70 cm,"Se sei alla ricerca di novità alla moda sul mercato, ti presentiamo <b>Lampadario Home ESPRIT Marrone Chiaro Juta Legno 67 x 67 x 70 cm</b>!<br><br><ul><li>Tipo: Lampadario</li><li>Colore: Marrone Chiaro</li><li>Materiale: <ul><li>Juta</li><li>Legno</li></ul></li><li>Alto: 70 cm</li><li>Design: Moderno</li><li>Tappo: E27</li><li>Voltaggio: 220 V</li><li>Illuminazione: 60 W</li><li>Non Include: Lampadina</li><li>Dimensioni appross.: 67 x 67 x 70 cm</li></ul>",Pop Pulse Emporium,Bricolage,118.62,1,Nuovo,4.55,33.19,30.31,28.62,https://cdnbigbuy.com/images/8424002195205_S3061247_P30.jpg,https://cdnbigbuy.com/images/8424002195205_S3061247_P00.jpg,https://cdnbigbuy.com/images/8424002195205_S3061247_P10.jpg,https://cdnbigbuy.com/images/8424002195205_S3061247_P20.jpg,0,3-6 giorni,24 mesi,EU,,,
S91112119,4711085946256,Fonte di Alimentazione XPG 75261435 ATX 850 W 80 Plus Gold,"Se sei un appassionato d'<b>informatica ed elettronica</b>, ti piace stare al passo con la più recente tecnologia senza lasciarti sfuggire nessun dettaglio, acquista <b>Fonte di Alimentazione XPG 75261435 ATX 850 W 80 Plus Gold</b> al miglior prezzo.<br><br><ul><li>Tipo: Fonte di Alimentazione</li><li>Prodotto plug-in: Sì</li><li>Colore: Nero</li><li>Ventilatore: <ul><li>Ø 12 cm</li><li>x 1</li><li>1</li><li>12 cm</li></ul></li><li>Frequenza: 47-63 Hz</li><li>Voltaggio: <ul><li>100-240V</li><li>100 - 240 V</li></ul></li><li>Uso consigliato: <ul><li>PC da Tavolo</li><li>PC</li></ul></li><li>Connessioni: <ul><li>SATA x 6</li><li>24-PIN ATX</li><li>4+4 pin</li><li>8-pin</li><li>4-pin x 2</li><li>6+2 pin x 3</li><li>24-pin ATX x 1</li></ul></li><li>Caratteristiche: <ul><li>Protezione contro il surriscaldamento</li><li>Protezione da corto circuito</li><li>Protezione da sovratensioni</li><li>Protezione da sovratensione</li><li>Protezione da sottotensione</li></ul></li><li>Fattore di forma: ATX</li><li>Potenza: 850 W</li><li>Certificato: 80 Plus Gold</li><li>Dimensioni appross.: 15 x 8,6 x 14 cm</li><li>Larghezza: 15 cm</li><li>Tecnologia: FDB</li><li>Amperaggio: 12 A</li></ul>",Pop Pulse Emporium,Bricolage,143.15,9,Nuovo,2.23,21.0,12.0,30.0,https://cdnbigbuy.com/images/4711085946256_S91112119_P00.jpg,https://cdnbigbuy.com/images/4711085946256_S91112119_P30.jpg,https://cdnbigbuy.com/images/4711085946256_S91112119_P40.jpg,https://cdnbigbuy.com/images/4711085946256_S91112119_P10.jpg,0,3-6 giorni,24 mesi,EU,,,
S7182399,8719514291812,Lampadina Intelligente Philips 8719514291812 (2 Unità),"<p>Se vuoi dare un tocco d'originalità alla tua casa, con <b>Lampadina Intelligente Philips 8719514291812 (2 Unità)</b> potrai farlo.</p><br><br><ul><li>Temperatura di colore: 6500 K</li><li>Include: Cavo RJ45</li><li>Unità: 2 Unità</li></ul>",Pop Pulse Emporium,Bricolage,167.23,10,Nuovo,0.9,17.4,22.2,14.0,https://cdnbigbuy.com/images/8719514291812_S7182399_P03.jpg,https://cdnbigbuy.com/images/8719514291812_S7182399_P13.jpg,https://cdnbigbuy.com/images/8719514291812_S7182399_P33.jpg,https://cdnbigbuy.com/images/8719514291812_S7182399_P23.jpg,0,3-6 giorni,24 mesi,EU,,,
S3031325,8424001936557,Lampada da tavolo DKD Home Decor Bianco Argentato Cristallo Marmo 220 V 15 x 15 x 68 cm,"<p>Se vuoi dare un tocco d'originalità alla tua casa, con <b>Lampada da tavolo DKD Home Decor Bianco Argentato Cristallo Marmo 220 V 15 x 15 x 68 cm</b> potrai farlo.</p><br><br><ul><li>Prodotto plug-in: Sì</li><li>Tipo di presa: Spina EU</li><li>Tipo: Lampada da tavolo</li><li>Colore: <ul><li>Bianco</li><li>Argentato</li></ul></li><li>Lampadine: 5</li><li>Lunghezza del cavo: 140 cm</li><li>Voltaggio: 220 V</li><li>Lunghezza: 15 cm</li><li>Design: Moderno</li><li>Alto: 68 cm</li><li>Larghezza: 15 cm</li><li>Materiale: <ul><li>Cristallo</li><li>Marmo</li></ul></li><li>Non Include: Lampadina</li><li>Dimensioni appross.: 15 x 15 x 68 cm</li><li>Paese/regione di produzione: Spagna</li><li>Prodotto fragile: Sì</li></ul>",Pop Pulse Emporium,Bricolage,137.46,25,Nuovo,4.0,75.0,24.0,31.0,https://cdnbigbuy.com/images/8424001936557_S3031325_P34.jpg,https://cdnbigbuy.com/images/8424001936557_S3031325_P04.jpg,https://cdnbigbuy.com/images/8424001936557_S3031325_P14.jpg,https://cdnbigbuy.com/images/8424001936557_S3031325_P24.jpg,0,3-6 giorni,24 mesi,EU,,,
S91104848,5038483539293,Ciabatte da Uomo Mobilex PRS014BEZ42,"Se stai pensando di rinnovare il tuo armadio, compra <b>Ciabatte da Uomo Mobilex PRS014BEZ42</b> e altri <b>prodotti Mobilex</b>! La migliore qualità al miglior prezzo è già a portata di mano!<br><br><ul><li>Taglia: 42</li><li>Caratteristiche: Adatto per la riabilitazione</li><li>Tipo: Ciabatte da Piscina</li><li>Materiale: <ul><li>Camoscio</li><li>Gomma Eva</li></ul></li><li>Genere: Unisex</li><li>Funziona a batterie: No</li></ul>",Pop Pulse Emporium,Bricolage,111.6,5,Nuovo,0.93,31.5,18.5,11.5,https://cdnbigbuy.com/images/5038483539293_S91104848_P00.jpg,https://cdnbigbuy.com/images/5038483539293_S91104848_P20.jpg,https://cdnbigbuy.com/images/5038483539293_S91104848_P10.jpg,,0,3-6 giorni,24 mesi,EU,,,
S37114102,8033280493615,Scarpe Sparco S-RUN Martini Racing Azzurro 44,"Se stai pensando di rinnovare il tuo armadio, compra <b>Scarpe Sparco S-RUN Martini Racing Azzurro 44</b> e altri <b>prodotti Sparco</b>! La migliore qualità al miglior prezzo è già a portata di mano!<br><br><ul><li>Colore: Azzurro</li><li>Taglia: 44</li></ul>",Pop Pulse Emporium,Bricolage,132.37,1,Nuovo,1.08,30.0,40.0,20.0,https://cdnbigbuy.com/images/8033280493615_S37114102_P01.jpg,https://cdnbigbuy.com/images/113651_mandatory-motor1.jpg,,,0,3-6 giorni,24 mesi,EU,,,
S71018169,4057589289049,Borsa per Animali Domstici Trixie,Ti piace essere alla moda e sei un amante degli accessori? Ti presentiamo <b>Borsa per Animali Domstici Trixie</b> e una vasta gamma di borse e portafogli per essere sempre all'avanguardia!<br><br><ul><li>Tipo: Trasportino</li><li>Animale Domestico: Animali piccoli</li><li>Dimensioni appross.: 28 × 25 × 44 CM</li><li>Include: <ul><li>Cinghia</li><li>Maniglia per il trasporto</li></ul></li><li>Caratteristiche: Tasca esterna</li><li>Apertura: Frontale</li><li>Materiale: <ul><li>Gomma Eva</li><li>Poliestere</li></ul></li><li>Compatibile: Compatibile con il bagaglio a mano</li><li>Colore: Nero</li><li>Tipo di chiusura: Cerniera</li><li>Larghezza: 25 cm</li></ul>,Pop Pulse Emporium,Bricolage,125.83,2,Nuovo,1.4,29.25,37.5,41.5,https://cdnbigbuy.com/images/4057589289049_M0605769_P00.jpg,https://cdnbigbuy.com/images/4057589289049_M0605769_P240.jpg,https://cdnbigbuy.com/images/4057589289049_R80.jpg,https://cdnbigbuy.com/images/4057589289049_M0605769_P50.jpg,0,3-6 giorni,24 mesi,EU,,,
S72118761,4894816131388,Ciondolo Donna Police PEAGN0032401 Dorato,"Ti presentiamo <b>Ciondolo Donna Police PEAGN0032401 Dorato</b> e un'ampia gamma di anelli, bracciali, orecchini, ciondoli, ecc. a buon prezzo. Scopri gli esclusivi ed eleganti pezzi di gioielli e bigiotteria per tutti i gusti e stili.<br><br><ul><li>Genere: Donna</li><li>Tipo: Ciondolo Donna</li><li>Colore: Dorato</li></ul>",Pop Pulse Emporium,Bricolage,115.49,2,Nuovo,0.3,10.0,10.0,9.99,https://cdnbigbuy.com/images/4894816131388_S72118761_P00.jpg,https://cdnbigbuy.com/images/4894816131388_S72118761_P10.jpg,https://cdnbigbuy.com/images/4894816131388_S72118761_P20.jpg,https://cdnbigbuy.com/images/4894816131388_S72118761_P30.jpg,0,3-6 giorni,24 mesi,EU,,,
M0518727,4519232185134,Toner Toshiba 6AG00009130 Ciano,Torna in ufficio senza dimenticarti di nulla! Compra <b>Toner Toshiba 6AG00009130 Ciano</b> e sarai l'invidia dei tuoi colleghi!<br><br><ul><li>Colore: Ciano</li><li>Tipo: Toner</li><li>Compatibile: Toshiba</li><li>Caratteristiche: Originale</li></ul>,Pop Pulse Emporium,Bricolage,100.22,9,Nuovo,0.64,41.0,8.5,8.0,https://cdnbigbuy.com/images/4519232185134_M0518727_P00.jpg,,,,0,3-6 giorni,24 mesi,EU,,,
S3031322,8424001936526,Lampada da tavolo DKD Home Decor Dorato 220 V 50 W (36 x 50 x 74 cm),"<p>Se vuoi dare un tocco d'originalità alla tua casa, con <b>Lampada da tavolo DKD Home Decor Dorato 220 V 50 W (36 x 50 x 74 cm)</b> potrai farlo.</p><br><br><ul><li>Tipo di presa: Spina EU</li><li>Prodotto plug-in: Sì</li><li>Tipo: Lampada da tavolo</li><li>Colore: <ul><li>Bianco</li><li>Dorato</li></ul></li><li>Composizione: Poliestere</li><li>Lunghezza del cavo: 200 cm</li><li>Voltaggio: 220 V</li><li>Tappo: E27</li><li>Lunghezza: <ul><li>50 cm</li><li>36 cm</li></ul></li><li>Alto: <ul><li>76 cm</li><li>74 cm</li></ul></li><li>Potenza: 50 W</li><li>Caratteristiche: Tradizionale</li><li>Larghezza: 36 cm</li><li>Materiale: Metallo</li><li>Non Include: Lampadina</li><li>Dimensioni appross.: <ul><li>36 x 50 x 74 cm</li><li>36 x 36 x 76 cm</li></ul></li><li>Paese/regione di produzione: Spagna</li><li>Fonte di Alimentazione: Cavo elettrico</li></ul>",Pop Pulse Emporium,Bricolage,118.69,2,Nuovo,4.7,37.5,58.5,37.5,https://cdnbigbuy.com/images/8424001936526_S3031322_P44.jpg,https://cdnbigbuy.com/images/8424001936526_S3031322_P04.jpg,https://cdnbigbuy.com/images/8424001936526_S3031322_P14.jpg,https://cdnbigbuy.com/images/8424001936526_S3031322_P24.jpg,0,3-6 giorni,24 mesi,EU,,,
S8111211,6941948703988,Caricabatterie Portatile Xiaomi,"Se sei alla ricerca di novità alla moda sul mercato, ti presentiamo <b>Caricabatterie Portatile Xiaomi</b>!<br><br><ul><li>Tipo: Caricabatterie Portatile</li><li>Prodotto plug-in: Sì</li></ul>",Pop Pulse Emporium,Bricolage,120.74,17,Nuovo,0.45,17.55,14.27,12.67,https://cdnbigbuy.com/images/6941948703988_S8111211_P00.jpg,,,,0,3-6 giorni,24 mesi,EU,,,
S3709410,8033280325169,Stivali Racing Sparco K-POLE Azzurro/Bianco Taglia 38 Azzurro,"Se stai pensando di rinnovare il tuo armadio, compra <b>Stivali Racing Sparco K-POLE Azzurro/Bianco Taglia 38 Azzurro</b> e altri <b>prodotti Sparco</b>! La migliore qualità al miglior prezzo è già a portata di mano!<br><ul><li>Colore: <ul><li>Azzurro</li><li>Azzurro/Bianco</li></ul></li><li>Taglia: Taglia 38</li><li>Uso consigliato: Unisex adulto</li></ul>",Pop Pulse Emporium,Bricolage,112.97,2,Nuovo,3.0,12.0,25.0,35.0,https://cdnbigbuy.com/images/8033280325169_A01.jpg,,,,0,3-6 giorni,24 mesi,EU,,,
S7289524,0194366148466,"Orologio Uomo Timex CHICAGO (Ø 44,5 mm)","Se ti piace seguire le ultime tendenze per quanto riguarda moda e accessori, compra <b>Orologio Uomo Timex CHICAGO (Ø 44,5 mm)</b> al miglior prezzo.<br><br><ul><li>Anelli extra: No</li><li>Tipo di orologio: Orologio da polso</li><li>Genere: Uomo</li><li>Funzioni: Cronografo</li><li>Materiale del cinturino: Acciaio inossidabile</li><li>Include: Include confezione della marca</li><li>Impermeabilità: 5 atm</li><li>Cristallo: Minerale</li><li>Tipo di movimento: Quarzo</li><li>Diametro della cassa dell'orologio: Ø 44,5 mm</li><li>Paese/regione di produzione: Cina</li><li>Diametro: 45 mm</li><li>Funziona a batterie: 1 Litio Ion, incluidas</li></ul>",Pop Pulse Emporium,Bricolage,127.04,10,Nuovo,0.3,14.15,12.43,10.11,https://cdnbigbuy.com/images/0194366148466_R01.jpg,https://cdnbigbuy.com/images/88536_mandatory-watch1.jpg,https://cdnbigbuy.com/images/0194366148466_R11.jpg,https://cdnbigbuy.com/images/0194366148466_R21.jpg,0,3-6 giorni,24 mesi,EU,,,
S7235414,0889214129673,Occhiali da sole Donna Emilio Pucci EP0146 5683Y,"Se ti piace sfoggiare le ultime novità in tema di <a href=""##TAXONOMY_12833##""><b>moda e accessori</b></a>e gli accessori sono fondamentali per la tua immagine, non lasciarti sfuggire <b>Occhiali da sole Donna Emilio Pucci EP0146 5683Y</b>! Vantati delle migliori marche di <a href=""##TAXONOMY_12833##""><b>occhiali da sole</b></a>.<br><br><ul><li>Genere: Donna</li><li>Tipo: Occhiali da sole Donna</li></ul>",Pop Pulse Emporium,Bricolage,117.0,25,Nuovo,0.3,10.08,9.98,9.92,https://cdnbigbuy.com/images/0889214129673_S7235414_P01.jpg,https://cdnbigbuy.com/images/0889214129673_S7235414_P11.jpg,https://cdnbigbuy.com/images/0889214129673_S7235414_P21.jpg,https://cdnbigbuy.com/images/0889214129673_S7235414_P31.jpg,0,3-6 giorni,24 mesi,EU,,,
S55174810,5706991027433,Auricolari con Microfono Jabra 25089-999-899 Nero,"Se sei un appassionato d'<b>informatica ed elettronica</b>, ti piace stare al passo con la più recente tecnologia senza lasciarti sfuggire nessun dettaglio, acquista <b>Auricolari con Microfono Jabra 25089-999-899 Nero</b> al miglior prezzo.<br><br><ul><li>Tipo: <ul><li>Auricolari con Microfono</li><li>Auricolare</li><li>Cuffie</li><li>Con cavo</li></ul></li><li>Colore: Nero</li><li>Connessioni: <ul><li>USB</li><li>USB-C</li><li>Con cavo</li></ul></li><li>Tipo di cuffie: Supraaurali esterni</li><li>Frequenza: 20 - 20000 Hz</li><li>Uso consigliato: Oficina/Centro de llamadas</li><li>Materiale: Plastica</li><li>Caratteristiche: Resistente all'acqua</li><li>Connettività: <ul><li>Bluetooth</li><li>Senza Fili</li></ul></li><li>Età consigliata: Adulti</li></ul>",Pop Pulse Emporium,Bricolage,190.13,50,Nuovo,0.44,20.05,16.27,12.22,https://cdnbigbuy.com/images/710661671.jpg,https://cdnbigbuy.com/images/710661121.jpg,,,0,3-6 giorni,24 mesi,EU,,,
S0389076,8033288940142,Orologio Uomo Trussardi R2423153001 (Ø 42 mm),"Se sei alla ricerca di novità alla moda sul mercato, ti presentiamo <b>Orologio Uomo Trussardi R2423153001 (Ø 42 mm)</b>!<br><br><ul><li>Genere: Uomo</li><li>Anelli extra: No</li><li>Tipo di orologio: Orologio da polso</li><li>Materiale del cinturino: Acciaio inossidabile</li><li>Materiale della cassa dell'orologio: Acciaio inossidabile</li><li>Tipo di movimento: Automatico</li><li>Cristallo: Minerale</li><li>Impermeabilità: 5 atm</li><li>Include: Include custodia o copertura del marchio</li><li>Tipo di chiusura: Farfalla</li><li>Colore del quadrante: Nero</li><li>Colore della custodia dell'orologio: Dorato</li><li>Colore del cinturino: Dorato</li><li>Diametro della cassa dell'orologio: Ø 42 mm</li></ul>",Pop Pulse Emporium,Bricolage,183.06,2,Nuovo,0.4,32.0,19.0,10.0,https://cdnbigbuy.com/images/8033288940142_S0389076_P00.jpg,https://cdnbigbuy.com/images/85435_mandatory-watch0.jpg,,,0,3-6 giorni,24 mesi,EU,,,
S3413911,8420327562418,Panca Versa Bambù Tessile Legno MDF 40 x 55 x 100 cm,"Se stai pensando di rinnovare il tuo armadio, compra <b>Panca Versa Bambù Tessile Legno MDF 40 x 55 x 100 cm</b> e altri <b>prodotti Versa</b>! La migliore qualità al miglior prezzo è già a portata di mano!<br><br><ul><li>Colore: Marrone</li><li>Tipo: Panca</li><li>Materiale: <ul><li>Bambù</li><li>Tessile</li><li>Legno MDF</li></ul></li><li>Dimensioni appross.: 40 x 55 x 100 cm</li></ul>",Pop Pulse Emporium,Bricolage,132.04,50,Nuovo,16.8,17.0,45.0,107.0,https://cdnbigbuy.com/images/8420327562418_S3413911_P00.jpg,https://cdnbigbuy.com/images/8420327562418_S3413911_P10.jpg,https://cdnbigbuy.com/images/8420327562418_S3413911_P20.jpg,https://cdnbigbuy.com/images/8420327562418_S3413911_P30.jpg,0,3-6 giorni,24 mesi,EU,,,
S3031445,8424001957477,Lampadario DKD Home Decor 100 x 29 x 22 cm Nero Dorato Metallo 50 W,"<p>Se vuoi dare un tocco d'originalità alla tua casa, con <b>Lampadario DKD Home Decor Nero Dorato 220 V 50 W (100 x 29 x 22 cm)</b> potrai farlo.</p><br><ul><li>Colore: <ul><li>Nero</li><li>Dorato</li></ul></li><li>Materiale: Metallo</li><li>Potenza: <ul><li>220 V</li><li>50 W</li></ul></li><li>Tappo: E27</li><li>Stile: Loft</li><li>Dimensioni appross.: 100 x 29 x 22 cm</li></ul>",Pop Pulse Emporium,Bricolage,175.39,1,Nuovo,2.53,80.0,28.5,18.0,https://cdnbigbuy.com/images/8424001957477_S3031445_P53.jpg,https://cdnbigbuy.com/images/8424001957477_S3031445_P03.jpg,https://cdnbigbuy.com/images/8424001957477_S3031445_P13.jpg,https://cdnbigbuy.com/images/8424001957477_S3031445_P23.jpg,0,3-6 giorni,24 mesi,EU,,,
S72106143,0889214258571,Montatura per Occhiali Uomo Ermenegildo Zegna EZ5215 58052,"Se stai pensando di rinnovare il tuo armadio, compra <b>Montatura per Occhiali Uomo Ermenegildo Zegna EZ5215 58052</b> e altri <b>prodotti Ermenegildo Zegna</b>! La migliore qualità al miglior prezzo è già a portata di mano!<br><br><ul><li>Caratteristiche: Lenti non graduate</li><li>Tipo: Montatura per Occhiali</li><li>Genere: Uomo</li></ul>",Pop Pulse Emporium,Bricolage,126.08,10,Nuovo,0.3,17.0,5.0,5.0,https://cdnbigbuy.com/images/0889214258571_S72106143_P00.jpg,https://cdnbigbuy.com/images/0889214258571_S72106143_P10.jpg,https://cdnbigbuy.com/images/0889214258571_S72106143_P20.jpg,,0,3-6 giorni,24 mesi,EU,,,
S37113869,8435682605748,"Kit di viti OMP OMPS09981204 28 mm Grigio M12 x 1,50","Attrezza il tuo veicolo con le ultime novità del settore! Compra <b>Kit di viti OMP OMPS09981204 28 mm Grigio M12 x 1,50</b> e fai in modo che non ti manchi nulla!<br><br><ul><li>Colore: Grigio</li><li>Vite: M12 x 1,50</li><li>Lunghezza: 28 mm</li><li>Tipo: DIN 12.9</li><li>Unità: 20 Unità</li><li>Materiale: Alluminio</li></ul>",Pop Pulse Emporium,Bricolage,146.82,5,Nuovo,1.0,5.0,5.0,5.0,https://cdnbigbuy.com/images/8435682605748_S37113869_P00.jpg,,,,0,3-6 giorni,24 mesi,EU,,,
S7206109,4895220909471,Orologio Uomo Police P15968JS39,"Se ti piace seguire le ultime tendenze per quanto riguarda moda e accessori, compra <b>Orologio Uomo Police P15968JS39</b> al miglior prezzo.<br><br><ul><li>Genere: Uomo</li><li>Anelli extra: No</li><li>Tipo di orologio: Orologio da polso</li></ul>",Pop Pulse Emporium,Bricolage,196.03,2,Nuovo,0.4,32.0,19.0,10.0,https://cdnbigbuy.com/images/4895220909471_S7206109_P01.jpg,https://cdnbigbuy.com/images/6110_mandatory-watch1.jpg,,,0,3-6 giorni,24 mesi,EU,,,
S71003725,4053423245059,Termometro a Infrarossi BOSCH AdvancedTemp,"Se ti piace prenderti cura della tua salute e sei alla ricerca di prodotti che ti offrano <b>protezione e benessere</b>, compra <b>Termometro a Infrarossi BOSCH AdvancedTemp</b> e molti altri <b>prodotti BOSCH</b> ai migliori prezzi!<br><br><ul><li>Fonte di Alimentazione: Batteria</li><li>Tecnologia: Digitale</li><li>Funziona a batterie: Sì</li><li>Batterie incluse: Sì</li><li>Tipo di batteria: Batterie Alcaline</li><li>Età consigliata: Adulti</li></ul>",Pop Pulse Emporium,Bricolage,172.71,9,Nuovo,0.68,8.64,22.61,11.94,https://cdnbigbuy.com/images/4053423245059_S71003725_P00.jpg,https://cdnbigbuy.com/images/4053423245059_S71003725_P10.jpg,https://cdnbigbuy.com/images/4053423245059_S71003725_P20.jpg,https://cdnbigbuy.com/images/4053423245059_S71003725_P30.jpg,0,3-6 giorni,24 mesi,EU,,,
S3038838,8424002011017,Supporto per Legna DKD Home Decor Acciaio inossidabile (30 x 20 x 60 cm),"Se ti piace curare ogni singolo dettaglio della casa ed essere sempre alla moda in tema di prodotti che ti renderanno la vità più facile, compra <b>Supporto per Legna DKD Home Decor Acciaio inossidabile (30 x 20 x 60 cm)</b> al miglior prezzo.<br><br><ul><li>Include: 4 Pezzi</li><li>Numero di pezzi: 4 Pezzi</li><li>Colore: Argentato</li><li>Materiale: Acciaio inossidabile</li><li>Design: Moderno</li><li>Dimensioni appross.: 30 x 20 x 60 cm</li></ul>",Pop Pulse Emporium,Bricolage,104.56,25,Nuovo,5.5,23.0,63.0,39.0,https://cdnbigbuy.com/images/8424002011017_S3038838_P53.jpg,https://cdnbigbuy.com/images/8424002011017_S3038838_P33.jpg,https://cdnbigbuy.com/images/8424002011017_S3038838_P03.jpg,https://cdnbigbuy.com/images/8424002011017_S3038838_P43.jpg,0,3-6 giorni,24 mesi,EU,,,
S7910278,8436012477127,Custodia Protettrice Altadex Mobili da giardino Verde Poliestere Plastica 205 x 325 x 90 cm,"Se ti piace curare ogni singolo dettaglio della casa ed essere sempre alla moda in tema di prodotti che ti renderanno la vità più facile, compra <b>Custodia Protettrice Altadex Mobili da giardino Verde Poliestere Plastica 205 x 325 x 90 cm</b> al miglior prezzo.<br><br><ul><li>Caratteristiche: <ul><li>Impermeabile</li><li>Traspirante</li><li>Anti UV</li></ul></li><li>Tipo: <ul><li>Mobili da giardino</li><li>Custodia Protettrice</li></ul></li><li>Materiale: <ul><li>Polietilene</li><li>Poliestere</li><li>Plastica</li></ul></li><li>Uso consigliato: Interno/Esterno</li><li>Colore: Verde</li><li>Dimensioni appross.: 205 x 325 x 90 cm</li><li>Tipo di corrente: CA</li><li>Composizione: 100 % poliestere</li><li>Non Include: Batteria</li></ul>",Pop Pulse Emporium,Bricolage,104.0,5,Nuovo,0.5,25.0,17.0,25.0,https://cdnbigbuy.com/images/8436012477127_R0_WBG3.jpg,https://cdnbigbuy.com/images/8436012477127_S7910278_P23.jpg,,,0,3-6 giorni,24 mesi,EU,,,
M0119820,3145891214505,Profumo Uomo Chanel Allure EDT,<p>Lasciati sorprendere da <strong>Profumo Uomo Chanel Allure EDT 100% originale</strong> e definisci la tua personalit&agrave; usando questo esclusivo <strong>profumo da uomo</strong> con una fragranza unica e personale. Scopri i <strong>prodotti Chanel 100% originali</strong>!</p><br><br><ul><li>Genere: Uomo</li><li>Tipo: EDT (Eau de Toilette)</li><li>Nome della fragranza: Allure Homme</li><li>Capacità: 50 ml</li><li>Informazioni importanti: La confezione del prodotto può variare nel design a seconda delle promozioni pubblicitarie del produttore o del periodo dell'anno. Le diverse confezioni sono disponibili fino ad esaurimento scorte.</li><li>Tipo di fragranza: EDT</li></ul>,Pop Pulse Emporium,Bricolage,149.62,1,Nuovo,0.05,2.87,10.64,2.87,https://cdnbigbuy.com/images/3145891214505_R00.jpg,,,,0,3-6 giorni,24 mesi,EU,,,
S37116123,5998167763812,Braccioli Armster HYUNDAI IX20 2010-2019 Ecopelle,"Attrezza il tuo veicolo con le ultime novità del settore! Compra <b>Braccioli Armster HYUNDAI IX20 2010-2019 Ecopelle</b> e fai in modo che non ti manchi nulla!<br><br><p>Il <b>bracciolo Armster 2</b> per <b>HYUNDAI IX20 2010-2019</b> è una soluzione ergonomica e pratica progettata specificamente per questo modello, garantendo una perfetta adattabilità alla console centrale grazie a un adattatore esclusivo per il veicolo. Il suo design intelligente consente un <b>regolazione dell’altezza in 4 posizioni</b> e un <b>poggiabraccio imbottito e regolabile</b> per offrire il massimo comfort durante la guida, posizionandosi in modo ottimale rispetto al sedile, al volante e al cambio. Realizzato con materiali di alta qualità, presenta una struttura con finitura opaca combinata a un elemento di design in <b>nero lucido o grigio acciaio</b>, adattandosi con sobrietà e funzionalità all’estetica interna dell’auto. Questo <b>bracciolo centrale pieghevole</b> include un pratico <b>scomparto portaoggetti</b> per documenti, portafoglio o telefono, oltre a un supporto speciale per penne e monete, facilitando l’organizzazione dell’abitacolo. Una caratteristica unica è la custodia per cintura, che permette di conservare e trasportare documenti e oggetti personali in modo sicuro e accessibile, fissandoli alla cintura del conducente per maggiore comodità. La qualità OEM è garantita da rigorosi test dinamici di durata e resistenza, supportando fino a <b>80 kg di carico</b>, assicurando robustezza e lunga durata. L’installazione è semplice e veloce, progettata per essere eseguita da chiunque a casa con strumenti di base, grazie a un kit di montaggio completo e istruzioni chiare. Sviluppato da Rati, azienda con lunga esperienza dal 1986 in accessori originali per auto, questo bracciolo aggiunge comfort, funzionalità ed estetica specifica per la HYUNDAI IX20, migliorando l’esperienza di guida con un prodotto curato nei dettagli.</p><br><br><ul><li>Materiale: Ecopelle</li><li>Tipo: <ul><li>B",Pop Pulse Emporium,Bricolage,147.64,2,Nuovo,8.0,35.0,25.0,25.0,https://cdnbigbuy.com/images/5998167763812_S37116123_P00.jpg,https://cdnbigbuy.com/images/5998167763812_S37116123_P30.jpg,https://cdnbigbuy.com/images/5998167763812_S37116123_P40.jpg,https://cdnbigbuy.com/images/5998167763812_S37116123_P50.jpg,0,3-6 giorni,24 mesi,EU,,,
S7289629,5600468109830,Bracciale Donna AN Jewels ANPULSEIRALI15 Argentato,"Se ti piace seguire le ultime tendenze per quanto riguarda moda e accessori, compra <b>Bracciale Donna AN Jewels ANPULSEIRALI15 Argentato</b> al miglior prezzo.<br><br><ul><li>Genere: Donna</li><li>Tipo: Bracciale Donna</li><li>Colore: Argentato</li></ul>",Pop Pulse Emporium,Bricolage,101.56,1,Nuovo,0.3,10.0,10.0,10.0,https://cdnbigbuy.com/images/5600468109830_S7289629_P00.jpg,,,,0,3-6 giorni,24 mesi,EU,,,
S72125486,4549526402302,Orologio Uomo Casio G-Shock BGA-10-7AER,"Se sei alla ricerca di novità alla moda sul mercato, ti presentiamo <b>Orologio Uomo Casio G-Shock BGA-10-7AER</b>!<br><br><ul><li>Genere: Uomo</li><li>Anelli extra: No</li><li>Tipo di orologio: Orologio da polso</li></ul>",Pop Pulse Emporium,Bricolage,127.93,1,Nuovo,0.3,14.15,12.43,10.11,https://cdnbigbuy.com/images/4549526402302_S72125486_P00.jpg,https://cdnbigbuy.com/images/124498_mandatory-watch0.jpg,https://cdnbigbuy.com/images/4549526402302_R00.jpg,,0,3-6 giorni,24 mesi,EU,,,
S7276868,8430622797194,Orologio Donna Lotus 18883/7,"Se ti piace seguire le ultime tendenze per quanto riguarda moda e accessori, compra <b>Orologio Donna Lotus 18883/7</b> al miglior prezzo.<br><br><ul><li>Genere: Donna</li><li>Anelli extra: No</li><li>Tipo di orologio: Orologio da polso</li><li>Colore: <ul><li>Verde</li><li>Argentato</li></ul></li><li>Tipo di movimento: Quarzo</li></ul>",Pop Pulse Emporium,Bricolage,141.46,50,Nuovo,0.4,39.0,19.0,10.0,https://cdnbigbuy.com/images/8430622797194_R01.jpg,https://cdnbigbuy.com/images/75925_mandatory-watch1.jpg,,,0,3-6 giorni,24 mesi,EU,,,
S7928641,8720169072510,Luce antibuio Wiz 3 m Bianco,"Se ti piace curare ogni singolo dettaglio della casa ed essere sempre alla moda in tema di prodotti che ti renderanno la vità più facile, compra <b>Luce antibuio Wiz 3 m Bianco</b> al miglior prezzo.<br><br><ul><li>Fonte di Alimentazione: Corrente alternata</li><li>Tipo di lampadina: LED</li><li>Tensione di uscita: 20 V</li><li>Lunghezza: <ul><li>300 cm</li><li>3 m</li></ul></li><li>Larghezza: 1 cm</li><li>Colore: Bianco</li><li>Materiale: Plastica</li><li>Lingua: Francese</li><li>Voltaggio: <ul><li>20 V</li><li>220-240 V</li></ul></li><li>Tecnologia: LED</li><li>Classificazione IP: IP20</li><li>Non Include: Adattatore AC</li><li>Compatibile: Telecomando</li><li>Durata: 15000 h</li></ul>",Pop Pulse Emporium,Bricolage,136.35,10,Nuovo,1.02,12.93,13.4,10.5,https://cdnbigbuy.com/images/8720169072510_S9173527_P00.jpg,https://cdnbigbuy.com/images/8720169072510_R90.jpg,https://cdnbigbuy.com/images/8720169072510_R30.jpg,https://cdnbigbuy.com/images/8720169072510_I00.jpg,0,3-6 giorni,24 mesi,EU,,,
S0390968,0091661529696,Orologio Donna Guess GW0474L2 (Ø 32 mm),"Se ti piace seguire le ultime tendenze per quanto riguarda moda e accessori, compra <b>Orologio Donna Guess GW0474L2 (Ø 32 mm)</b> al miglior prezzo.<br><br><ul><li>Genere: Donna</li><li>Anelli extra: No</li><li>Tipo di orologio: Orologio da polso</li><li>Impermeabilità: 3 atm</li><li>Materiale del cinturino: Acciaio inossidabile</li><li>Materiale della cassa dell'orologio: Acciaio inossidabile</li><li>Tipo di movimento: Quarzo</li><li>Cristallo: Minerale</li><li>Include: Include custodia o copertura del marchio</li><li>Tipo di chiusura: Pressione</li><li>Colore del quadrante: Dorato</li><li>Colore della custodia dell'orologio: Dorato</li><li>Colore del cinturino: Dorato</li><li>Diametro della cassa dell'orologio: Ø 32 mm</li></ul>",Pop Pulse Emporium,Bricolage,128.85,5,Nuovo,0.4,32.0,19.0,10.0,https://cdnbigbuy.com/images/0091661529696_S7273703_P00.jpg,https://cdnbigbuy.com/images/0091661529696_R40.jpg,https://cdnbigbuy.com/images/0091661529696_S7273703_P30.jpg,https://cdnbigbuy.com/images/0091661529696_R50.jpg,0,3-6 giorni,24 mesi,EU,,,
S3061248,8424002195212,Lampadario Home ESPRIT Dorato Ferro 46 x 46 x 98 cm,"Se sei alla ricerca di novità alla moda sul mercato, ti presentiamo <b>Lampadario Home ESPRIT Dorato Ferro 46 x 46 x 98 cm</b>!<br><br><ul><li>Tipo: Lampadario</li><li>Colore: Dorato</li><li>Materiale: Ferro</li><li>Design: Finitura invecchiata</li><li>Tappo: E27</li><li>Voltaggio: 220 V</li><li>Illuminazione: 60 W</li><li>Non Include: Lampadina</li><li>Dimensioni appross.: 46 x 46 x 98 cm</li></ul>",Pop Pulse Emporium,Bricolage,122.97,4,Nuovo,4.85,47.0,47.0,13.0,https://cdnbigbuy.com/images/8424002195212_S3061248_P30.jpg,https://cdnbigbuy.com/images/8424002195212_S3061248_P00.jpg,https://cdnbigbuy.com/images/8424002195212_S3061248_P10.jpg,https://cdnbigbuy.com/images/8424002195212_S3061248_P20.jpg,0,3-6 giorni,24 mesi,EU,,,
S7230072,4549526322662,Orologio Uomo Casio G-Shock G-SQUAD Nero (Ø 51 mm),"Se ti piace seguire le ultime tendenze per quanto riguarda moda e accessori, compra <b>Orologio Uomo Casio G-Shock G-SQUAD Nero (Ø 51 mm)</b> al miglior prezzo.<br><br><ul><li>Genere: Uomo</li><li>Anelli extra: No</li><li>Tipo di orologio: Orologio da polso</li><li>Funzioni: <ul><li>Allarme</li><li>Multifunzionale</li><li>Indicatore di batteria scarica</li><li>Conto alla rovescia</li></ul></li><li>Tipo di batterie: CR2025</li><li>Funziona a batterie: <ul><li>Sì</li><li>1 LR44</li></ul></li><li>Materiale del cinturino: <ul><li>Resina</li><li>Acciaio inossidabile</li></ul></li><li>Include: Include confezione della marca</li><li>Impermeabilità: 20 atm</li><li>Cristallo: Minerale</li><li>Tipo di movimento: Quarzo</li><li>Diametro della cassa dell'orologio: <ul><li>Ø 49 mm</li><li>Ø 51 mm</li></ul></li><li>Tipo: <ul><li>Minerale</li><li>Da polso</li></ul></li><li>Colore: Nero</li><li>Materiale: Resina</li><li>Caratteristiche: <ul><li>Resistente all'acqua</li><li>Calendario</li><li>Cronometro</li><li>Cronografo</li><li>Formato 12h / 24h</li></ul></li><li>Connettività: Bluetooth</li><li>Materiale della scatola: Acciaio inossidabile</li><li>Forma: Rotondo</li><li>Tecnologia: LED</li></ul>",Pop Pulse Emporium,Bricolage,172.83,1,Nuovo,0.3,14.15,12.43,10.11,https://cdnbigbuy.com/images/4549526322662_S7230072_P02.jpg,https://cdnbigbuy.com/images/29236_mandatory-watch2.jpg,,,0,3-6 giorni,24 mesi,EU,,,
S3059030,8424002159344,Lampada da tavolo Home ESPRIT Nero Dorato Resina 50 W 220 V 30 x 30 x 59 cm,"<p>Se vuoi dare un tocco d'originalità alla tua casa, con <b>Lampada da tavolo Home ESPRIT Nero Dorato Resina 50 W 220 V 30 x 30 x 59 cm</b> potrai farlo.</p><br><br><ul><li>Prodotto plug-in: Sì</li><li>Tipo: Lampada da tavolo</li><li>Tipo di presa: Spina EU</li><li>Colore: <ul><li>Nero</li><li>Dorato</li></ul></li><li>Composizione: Poliestere</li><li>Voltaggio: 220 V</li><li>Tappo: E27</li><li>Lunghezza: 30 cm</li><li>Design: <ul><li>Moderno</li><li>Cavallo</li></ul></li><li>Potenza: 50 W</li><li>Larghezza: 30 cm</li><li>Materiale: Resina</li><li>Non Include: Lampadina</li><li>Dimensioni appross.: 30 x 30 x 59 cm</li></ul>",Pop Pulse Emporium,Bricolage,128.95,25,Nuovo,6.5,37.0,65.5,37.0,https://cdnbigbuy.com/images/8424002159344_S3059030_P00.jpg,https://cdnbigbuy.com/images/8424002159344_S3059030_P10.jpg,https://cdnbigbuy.com/images/8424002159344_S3059030_P20.jpg,https://cdnbigbuy.com/images/8424002159344_S3059030_P40.jpg,0,3-6 giorni,24 mesi,EU,,,
S0379297,4895220921848,Orologio Donna Police (Ø 34 mm),"Se ti piace seguire le ultime tendenze per quanto riguarda moda e accessori, compra <b>Orologio Donna Police (Ø 34 mm)</b> al miglior prezzo.<br><br><ul><li>Anelli extra: No</li><li>Tipo di orologio: Orologio da polso</li><li>Genere: Donna</li><li>Materiale del cinturino: Pelle</li><li>Materiale della cassa dell'orologio: Acciaio inossidabile</li><li>Tipo di movimento: Quarzo</li><li>Cristallo: Minerale</li><li>Include: Include confezione della marca</li><li>Tipo di chiusura: Fibbia</li><li>Colore del quadrante: Grigio</li><li>Colore della custodia dell'orologio: Dorato</li><li>Colore del cinturino: Rosso</li><li>Diametro della cassa dell'orologio: Ø 34 mm</li></ul>",Pop Pulse Emporium,Bricolage,134.67,25,Nuovo,0.4,32.0,19.0,10.0,https://cdnbigbuy.com/images/4895220921848_S0379297_P01.jpg,https://cdnbigbuy.com/images/75656_mandatory-watch1.jpg,,,0,3-6 giorni,24 mesi,EU,,,
S7137086,3431541124721,Ventilatore da Soffitto con Luce FARELEK BALEARES 60W,"Se ti piace curare ogni singolo dettaglio della casa ed essere sempre alla moda in tema di prodotti che ti renderanno la vità più facile, compra <b>Ventilatore da Soffitto con Luce FARELEK BALEARES 60W</b> al miglior prezzo.<br><br><ul><li>Tappo: E27</li><li>Lame: <ul><li>5</li><li>Reversibile</li></ul></li><li>Potenza: 60 W</li><li>Diametro: Ø 132 cm</li><li>Colore: Bianco</li><li>Voltaggio: 220 V</li></ul>",Pop Pulse Emporium,Bricolage,145.79,25,Nuovo,7.39,31.2,49.6,25.6,https://cdnbigbuy.com/images/3431541124721_S7137086_P0_WBG1.jpg,,,,0,3-6 giorni,24 mesi,EU,,,
S3061468,8424002210335,Lampada da tavolo Home ESPRIT Bianco,"Se sei alla ricerca di novità alla moda sul mercato, ti presentiamo <b>Lampada da tavolo Home ESPRIT Bianco</b>!<br><br><ul><li>Prodotto plug-in: Sì</li><li>Tipo: Lampada da tavolo</li><li>Colore: Bianco</li><li>Materiale: <ul><li>Lino</li><li>Resina</li></ul></li><li>Larghezza: 38 cm</li><li>Alto: 67 cm</li><li>Design: <ul><li>Spirali</li><li>Città</li></ul></li><li>Lunghezza: 38 cm</li><li>Non Include: Lampadina</li><li>Dimensioni appross.: 38 x 38 x 67 cm</li></ul>",Pop Pulse Emporium,Bricolage,106.68,10,Nuovo,4.2,40.0,57.0,40.0,https://cdnbigbuy.com/images/8424002210335_S3061468_P00.jpg,https://cdnbigbuy.com/images/8424002210335_S3061468_P10.jpg,,,0,3-6 giorni,24 mesi,EU,,,
S72104412,8430622830402,Orologio Uomo Festina F20701/4,"Se ti piace seguire le ultime tendenze per quanto riguarda moda e accessori, compra <b>Orologio Uomo Festina F20701/4</b> al miglior prezzo.<br><br><ul><li>Genere: Donna</li><li>Colore del cinturino: Azzurro</li><li>Tipo di chiusura: Fibbia</li><li>Colore del quadrante: Azzurro</li><li>Tipo di movimento: Quarzo</li></ul>",Pop Pulse Emporium,Bricolage,141.46,50,Nuovo,0.3,14.15,12.43,10.11,https://cdnbigbuy.com/images/8430622830402_S72104412_P00.jpg,https://cdnbigbuy.com/images/103424_mandatory-watch0.jpg,,,0,3-6 giorni,24 mesi,EU,,,
M0515785,5031713031413,Toner Originale OKI 43381907 Ciano,"Torna in ufficio senza dimenticarti di nulla! Compra <b>Toner Originale OKI 43381907 Ciano</b> e sarai l'invidia dei tuoi colleghi!<br><br><ul><li>Colore: Ciano</li><li>Compatibile: C-5600/5700</li><li>Caratteristiche: <ul><li>A colori</li><li>Originale</li></ul></li><li>Peso: 0,44 Kg</li></ul>",Pop Pulse Emporium,Bricolage,184.19,5,Nuovo,0.41,30.5,7.0,10.5,https://cdnbigbuy.com/images/5031713031413_M0515785_P00.jpg,https://cdnbigbuy.com/images/5031713031413_R00.jpg,,,0,3-6 giorni,24 mesi,EU,,,
S0324592,8431242381565,Orologio Donna Seiko SXDE42P2 (Ø 28 mm),"Se ti piace seguire le ultime tendenze per quanto riguarda moda e accessori, compra <b>Orologio Donna Seiko SXDE42P2 (Ø 28 mm)</b> al miglior prezzo.<br><br><ul><li>Caratteristiche: Data</li><li>Materiale del cinturino: Pelle</li><li>Colore del cinturino: Bianco</li><li>Colore del quadrante: Bianco</li><li>Tipo di chiusura: Fibbia</li><li>Include: Include confezione della marca</li><li>Tipo di movimento: Quarzo</li><li>Colore della custodia dell'orologio: Argentato</li><li>Materiale della cassa dell'orologio: Acciaio inossidabile</li><li>Diametro della cassa dell'orologio: Ø 28 mm</li><li>Genere: Donna</li></ul>",Pop Pulse Emporium,Bricolage,192.66,10,Nuovo,0.4,32.0,19.0,10.0,https://cdnbigbuy.com/images/8431242381565_0_P02.jpg,https://cdnbigbuy.com/images/21059_mandatory-watch2.jpg,,,0,3-6 giorni,24 mesi,EU,,,
S7137692,0715442470709,Altoparlanti per Auto Mtx Audio TX450S,Attrezza il tuo veicolo con le ultime novità del settore! Compra <b>Altoparlanti per Auto Mtx Audio TX450S</b> e fai in modo che non ti manchi nulla!<br><br><ul><li>Diametro: Ø 13 cm</li><li>Potenza: 70 W</li><li>Tipo: Altoparlanti</li><li>Include: Telecomando</li></ul>,Pop Pulse Emporium,Bricolage,142.68,5,Nuovo,3.27,30.7,42.4,11.5,https://cdnbigbuy.com/images/0715442470709_S7137692_P01.jpg,https://cdnbigbuy.com/images/0715442470709_S7137692_P31.jpg,https://cdnbigbuy.com/images/0715442470709_S7137692_P41.jpg,https://cdnbigbuy.com/images/0715442470709_S7137692_P11.jpg,0,3-6 giorni,24 mesi,EU,,,
S0386168,0196237482853,Borsa Donna Michael Kors CORA,Ti piace essere alla moda e sei un amante degli accessori? Ti presentiamo <b>Borsa Donna Michael Kors CORA</b> e una vasta gamma di borse e portafogli per essere sempre all'avanguardia!<br><br><ul><li>Tipo: Borsa Donna</li><li>Genere: Donna</li><li>Colore: Bianco</li><li>Composizione: Pelle</li><li>Tipo di chiusura: Cerniera</li><li>Include: Include custodia o copertura del marchio</li><li>Dimensioni appross.: 24 x 17 x 6 cm</li></ul>,Pop Pulse Emporium,Bricolage,198.42,24,Nuovo,0.3,20.0,30.0,10.0,https://cdnbigbuy.com/images/0196237482853_S0386168_P00.jpg,https://cdnbigbuy.com/images/0196237482853_S0386168_P10.jpg,https://cdnbigbuy.com/images/0196237482853_S0386168_P20.jpg,,0,3-6 giorni,24 mesi,EU,,,
S7298083,7613272501897,Bracciale Donna Calvin Klein 35000299,"Ti presentiamo <b>Bracciale Donna Calvin Klein 35000299</b> e un'ampia gamma di anelli, bracciali, orecchini, ciondoli, ecc. a buon prezzo. Scopri gli esclusivi ed eleganti pezzi di gioielli e bigiotteria per tutti i gusti e stili.<br><br><ul><li>Genere: Donna</li><li>Tipo: <ul><li>Bracciale Donna</li><li>Bracciale</li></ul></li><li>Include: Include confezione della marca</li></ul>",Pop Pulse Emporium,Bricolage,104.6,1,Nuovo,0.29,9.97,9.99,9.96,https://cdnbigbuy.com/images/7613272501897_S7298083_P00.jpg,https://cdnbigbuy.com/images/7613272501897_S7298083_P10.jpg,,,0,3-6 giorni,24 mesi,EU,,,
S0387845,8056783038039,Orologio Uomo Maserati R8873621039 (Ø 44 mm),"Se sei alla ricerca di novità alla moda sul mercato, ti presentiamo <b>Orologio Uomo Maserati R8873621039 (Ø 44 mm)</b>!<br><br><ul><li>Anelli extra: No</li><li>Tipo di orologio: Orologio da polso</li><li>Genere: Uomo</li><li>Materiale del cinturino: Acciaio inossidabile</li><li>Materiale della cassa dell'orologio: Acciaio inossidabile</li><li>Tipo di movimento: Quarzo</li><li>Cristallo: Minerale</li><li>Impermeabilità: 5 atm</li><li>Include: Include custodia o copertura del marchio</li><li>Tipo di chiusura: Farfalla</li><li>Colore del quadrante: Azzurro</li><li>Colore della custodia dell'orologio: Grigio</li><li>Colore del cinturino: Grigio</li><li>Diametro della cassa dell'orologio: Ø 44 mm</li></ul>",Pop Pulse Emporium,Bricolage,159.9,1,Nuovo,0.4,32.0,19.0,10.0,https://cdnbigbuy.com/images/8056783038039_S0387845_P00.jpg,https://cdnbigbuy.com/images/84204_mandatory-watch0.jpg,,,0,3-6 giorni,24 mesi,EU,,,
S5622917,8716309124058,Adattatore di Corrente Energenie EG-PWC-PS500-01 USB x 1,"Se sei un appassionato d'<b>informatica ed elettronica</b>, ti piace stare al passo con la più recente tecnologia senza lasciarti sfuggire nessun dettaglio, acquista <b>Adattatore di Corrente Energenie EG-PWC-PS500-01 USB x 1</b> al miglior prezzo.<br><br><ul><li>Prodotto plug-in: Sì</li><li>Tipo di presa: Spina EU</li><li>Connessioni: USB x 1</li><li>Tipo: Adattatore di Corrente</li><li>Colore: <ul><li>Verde</li><li>Nero</li></ul></li><li>Profondità: 70 mm</li><li>Lunghezza del cavo: 0,8 m</li><li>Paese/regione di produzione: Cina</li><li>Caratteristiche: Indicatore LED di funzionamento</li><li>Alto: 15 cm</li></ul>",Pop Pulse Emporium,Bricolage,133.48,2,Nuovo,1.95,13.5,32.5,20.0,https://cdnbigbuy.com/images/8716309124058_I01.jpg,https://cdnbigbuy.com/images/8716309124058_I121.jpg,https://cdnbigbuy.com/images/8716309124058_I61.jpg,https://cdnbigbuy.com/images/8716309124058_I131.jpg,0,3-6 giorni,24 mesi,EU,,,
S2423106,8436039866874,Motocicletta MINI VESPA Rosso,"I bambini meritano il meglio, per questo ti presentiamo <b>Motocicletta MINI VESPA Rosso</b>, ideale per coloro che cercano prodotti di qualità per i più piccoli! Scopri <b></b> ai migliori prezzi!<br><ul><li>Materiale: <ul><li>polipropilene</li><li>Plastica</li></ul></li><li>Funzioni: <ul><li>Luce</li><li>Suono</li></ul></li><li>Età consigliata: <ul><li>3 Anni</li><li>+ 1 Anno</li><li>+ 3 anni</li></ul></li><li>Tipo: Elettrica</li><li>Colore: Rosso</li><li>Montaggio: No</li></ul>",Pop Pulse Emporium,Bricolage,125.96,50,Nuovo,4.7,31.0,35.0,61.0,https://cdnbigbuy.com/images/8436039866874_S2423106_P03.jpg,https://cdnbigbuy.com/images/8436039866874_S2423106_P13.jpg,https://cdnbigbuy.com/images/8436039866874_S2423106_P23.jpg,https://cdnbigbuy.com/images/8436039866874_S2423106_P43.jpg,0,3-6 giorni,24 mesi,EU,,,
S72120997,4064092211221,Orologio Uomo Skagen RIIS (Ø 40 mm),"Se sei alla ricerca di novità alla moda sul mercato, ti presentiamo <b>Orologio Uomo Skagen RIIS (Ø 40 mm)</b>!<br><br><ul><li>Anelli extra: No</li><li>Tipo di orologio: Orologio da polso</li><li>Caratteristiche: Resistente agli schizzi</li><li>Genere: Uomo</li><li>Materiale del cinturino: Pelle</li><li>Include: Include custodia o copertura del marchio</li><li>Cristallo: Minerale</li><li>Tipo di movimento: Quarzo</li><li>Diametro della cassa dell'orologio: Ø 40 mm</li></ul>",Pop Pulse Emporium,Bricolage,131.09,2,Nuovo,0.3,14.15,12.43,10.11,https://cdnbigbuy.com/images/4064092211221_S72120997_P00.jpg,https://cdnbigbuy.com/images/120009_mandatory-watch0.jpg,,,0,3-6 giorni,24 mesi,EU,,,
S0389300,0091661535666,Orologio Donna Guess GW0604L2 (Ø 36 mm),"Se sei alla ricerca di novità alla moda sul mercato, ti presentiamo <b>Orologio Donna Guess GW0604L2 (Ø 36 mm)</b>!<br><br><ul><li>Genere: Donna</li><li>Anelli extra: No</li><li>Tipo di orologio: Orologio da polso</li><li>Materiale del cinturino: Acciaio inossidabile</li><li>Materiale della cassa dell'orologio: Acciaio inossidabile</li><li>Tipo di movimento: Quarzo</li><li>Cristallo: Minerale</li><li>Include: Include custodia o copertura del marchio</li><li>Tipo di chiusura: Pressione</li><li>Colore del quadrante: Dorato</li><li>Colore della custodia dell'orologio: Dorato</li><li>Colore del cinturino: Dorato</li><li>Diametro della cassa dell'orologio: Ø 36 mm</li></ul>",Pop Pulse Emporium,Bricolage,109.45,10,Nuovo,0.4,32.0,19.0,10.0,https://cdnbigbuy.com/images/0091661535666_S0389300_P00.jpg,https://cdnbigbuy.com/images/0091661535666_S0389300_P10.jpg,https://cdnbigbuy.com/images/0091661535666_S0389300_P20.jpg,https://cdnbigbuy.com/images/85659_mandatory-watch0.jpg,0,3-6 giorni,24 mesi,EU,,,
S0384793,7613272563758,Orologio Donna Hugo Boss 1502716 (Ø 34 mm),"Se ti piace seguire le ultime tendenze per quanto riguarda moda e accessori, compra <b>Orologio Donna Hugo Boss 1502716 (Ø 34 mm)</b> al miglior prezzo.<br><br><ul><li>Genere: Donna</li><li>Anelli extra: No</li><li>Tipo di orologio: <ul><li>Orologio da polso</li><li>Orologio Donna</li></ul></li><li>Materiale del cinturino: Acciaio inossidabile</li><li>Materiale della cassa dell'orologio: Acciaio inossidabile</li><li>Tipo di movimento: Quarzo</li><li>Cristallo: Minerale</li><li>Impermeabilità: 5 atm</li><li>Include: Include confezione della marca</li><li>Tipo di chiusura: Farfalla</li><li>Colore del quadrante: Verde</li><li>Colore della custodia dell'orologio: Grigio</li><li>Colore del cinturino: Grigio</li><li>Diametro della cassa dell'orologio: Ø 34 mm</li></ul>",Pop Pulse Emporium,Bricolage,171.55,4,Nuovo,0.4,32.0,19.0,10.0,https://cdnbigbuy.com/images/7613272563758_S0384793_P00.jpg,https://cdnbigbuy.com/images/7613272563758_S0384793_P10.jpg,https://cdnbigbuy.com/images/7613272563758_S0384793_P20.jpg,https://cdnbigbuy.com/images/81152_mandatory-watch0.jpg,0,3-6 giorni,24 mesi,EU,,,
S55057664,0065030861342,Cavo USB A con USB B Startech USB3SAB5M Nero,"Se sei un appassionato d'<b>informatica ed elettronica</b>, ti piace stare al passo con la più recente tecnologia senza lasciarti sfuggire nessun dettaglio, acquista <b>Cavo USB A con USB B Startech USB3SAB5M Nero</b> al miglior prezzo.<br><br><ul><li>Connessioni: <ul><li>USB-A</li><li>USB B</li><li>USB 3.2</li><li>USB</li><li>SATA</li><li>USB A 2.0</li></ul></li><li>Tipo: <ul><li>Maschio</li><li>Maschio/Maschio</li></ul></li><li>Colore: Nero</li><li>Materiale: <ul><li>PVC</li><li>Carta di alluminio</li></ul></li><li>Lunghezza del cavo: 5 m</li><li>Trasferimento di dati: 5000 Mbit/s</li><li>Finitura: nichel</li><li>Voltaggio: 240 V</li><li>Caratteristiche: Plug and play</li><li>Certificato: RoHS</li><li>Altezza: 32 cm</li><li>Fattore di forma: Straight</li></ul>",Pop Pulse Emporium,Bricolage,125.54,10,Nuovo,0.36,22.0,23.0,4.0,https://cdnbigbuy.com/images/114092832.jpg,https://cdnbigbuy.com/images/114092842.jpg,https://cdnbigbuy.com/images/114092852.jpg,,0,3-6 giorni,24 mesi,EU,,,
S7198117,0035051119951,Bambole MGA LOL Surprise Mega Ball Magic,"I bambini meritano il meglio, per questo ti presentiamo <b>Bambole MGA LOL Surprise Mega Ball Magic</b>, ideale per coloro che cercano prodotti di qualità per i più piccoli! Scopri <b>MGA</b> ai migliori prezzi!<br><br><ul><li>Tipo: Bambole</li><li>Informazioni importanti: <ul><li>Disegni assortiti inviati in modo aleatorio a seconda della disponibilità in magazzino</li><li>L'immagine potrebbe non mostrare tutti i modelli assortiti disponibili</li></ul></li><li>Unità: 1 Unità</li><li>Colore: Multicolore</li><li>Materiale: Plastica</li><li>Età consigliata: <ul><li>+ 3 anni</li><li>+ 4 Anni</li></ul></li></ul>",Pop Pulse Emporium,Bricolage,161.71,2,Nuovo,2.17,59.0,8.9,38.1,https://cdnbigbuy.com/images/0035051119951_S7198117_P00.jpg,,,,0,3-6 giorni,24 mesi,EU,,,
S0310223,0091661447952,Orologio Donna Guess W0573L1 (Ø 39 mm),"Se ti piace seguire le ultime tendenze per quanto riguarda moda e accessori, compra <b>Orologio Donna Guess W0573L1 (Ø 39 mm)</b> al miglior prezzo.<br><ul><li>Colore del quadrante: Bianco</li><li>Materiale del cinturino: Acciaio</li><li>Cristallo: Minerale</li><li>Impermeabilità: No</li><li>Include: Include confezione della marca</li><li>Tipo di movimento: Quarzo</li><li>Colore della custodia dell'orologio: Argentato</li><li>Colore del cinturino: Argentato</li><li>Materiale della cassa dell'orologio: <ul><li>Acciaio</li><li>Acciaio inossidabile</li></ul></li><li>Diametro della cassa dell'orologio: Ø 39 mm</li><li>Genere: Donna</li></ul>",Pop Pulse Emporium,Bricolage,126.9,25,Nuovo,0.4,32.0,19.0,10.0,https://cdnbigbuy.com/images/0091661447952_S0310223_P01.jpg,https://cdnbigbuy.com/images/import_images-2020121611062201.jpg,https://cdnbigbuy.com/images/7401_mandatory-watch1.jpg,,0,3-6 giorni,24 mesi,EU,,,
S7291356,8426880015835,Orecchini Donna Majorica 17178.01.1.000.010.1,"Se ti piace seguire le ultime tendenze per quanto riguarda moda e accessori, compra <b>Orecchini Donna Majorica 17178.01.1.000.010.1</b> al miglior prezzo.<br><br><ul><li>Genere: Donna</li><li>Tipo: Orecchini Donna</li></ul>",Pop Pulse Emporium,Bricolage,193.74,5,Nuovo,0.29,9.9,9.94,9.77,https://cdnbigbuy.com/images/8426880015835_R10.jpg,https://cdnbigbuy.com/images/8426880015835_R40.jpg,https://cdnbigbuy.com/images/8426880015835_R20.jpg,https://cdnbigbuy.com/images/8426880015835_R30.jpg,0,3-6 giorni,24 mesi,EU,,,
S8427788,7322540124279,Carta assorbente per le mani Tork Pack Bianco (21 Unità),"<p>Carta assorbente per le mani Tork Pack Bianco (21 Unità) è un esclusivo prodotto di qualità per la cura del corpo. Se sei alla ricerca dei migliori prodotti di igiene personale, i prodotti Tork originali al 100% sono esattamente ciò di cui hai bisogno.</p><br><br><ul><li>Tipo: Pack</li><li>Caratteristiche: <ul><li>Soffice</li><li>2 strati</li><li>Pieghevole</li></ul></li><li>Colore: Bianco</li><li>Numero di pezzi: 100 Pezzi</li><li>Unità: 21 Unità</li><li>Materiale: Carta</li></ul>",Pop Pulse Emporium,Bricolage,159.99,5,Nuovo,0.68,29.71,16.43,22.25,https://cdnbigbuy.com/images/7322540124279_S8427788_P0_icon1.jpg,https://cdnbigbuy.com/images/7322540124279_R11.jpg,https://cdnbigbuy.com/images/7322540124279_R21.jpg,https://cdnbigbuy.com/images/7322540124279_R31.jpg,0,3-6 giorni,24 mesi,EU,,,
S7216364,3007001768936,Orologio Uomo Nixon A158-001 Nero,"Se ti piace seguire le ultime tendenze per quanto riguarda moda e accessori, compra <b>Orologio Uomo Nixon A158-001 Nero</b> al miglior prezzo.<br><br><ul><li>Genere: Uomo</li><li>Anelli extra: No</li><li>Tipo di orologio: Orologio da polso</li><li>Funzioni: <ul><li>Allarme</li><li>Conto alla rovescia</li></ul></li><li>Tipo: <ul><li>Maschio</li><li>Da polso</li></ul></li><li>Colore: Nero</li><li>Materiale: Acciaio inossidabile</li><li>Caratteristiche: <ul><li>Resistente all'acqua</li><li>Calendario</li></ul></li><li>Pressione: 3 BAR</li><li>Tecnologia: LCD</li><li>Design: Casual</li><li>Prodotto fragile: Sì</li><li>Dimensioni appross.: 3 mm</li></ul>",Pop Pulse Emporium,Bricolage,179.17,2,Nuovo,0.4,39.0,19.0,10.0,https://cdnbigbuy.com/images/3007001768936_S7216364_P02.jpg,https://cdnbigbuy.com/images/3007001768936_S7216364_P22.jpg,https://cdnbigbuy.com/images/3007001768936_S7216364_P12.jpg,https://cdnbigbuy.com/images/16365_mandatory-watch2.jpg,0,3-6 giorni,24 mesi,EU,,,
S8901008,4899888612575,Lettino Aktive Azzurro Pieghevole 180 x 18 x 60 cm (6 Unità),"<p>Se vuoi dare un tocco d'originalità alla tua casa, con <b>Lettino Aktive Azzurro Pieghevole 180 x 18 x 60 cm (6 Unità)</b> potrai farlo.</p><br><br><ul><li>Materiale: <ul><li>PVC</li><li>Acciaio</li></ul></li><li>Caratteristiche: <ul><li>Facile da pulire</li><li>Pieghevole</li></ul></li><li>Peso massimo supportato: 100 kg</li><li>Unità: 6 Unità</li><li>Dimensioni appross.: 180 x 18 x 60 cm</li><li>Sport: Da campeggio</li><li>Colore: Azzurro</li><li>Include: Borsa di trasporto</li><li>Larghezza: 60 cm</li><li>Lunghezza: 180 cm</li><li>Alto: 18 cm</li></ul>",Pop Pulse Emporium,Bricolage,177.03,20,Nuovo,20.16,21.0,63.5,29.0,https://cdnbigbuy.com/images/S8901008_P0_icon1.jpg,https://cdnbigbuy.com/images/S8901008_P11.jpg,https://cdnbigbuy.com/images/S8901008_P21.jpg,https://cdnbigbuy.com/images/S8901008_P31.jpg,0,3-6 giorni,24 mesi,EU,,,
S0374888,0886895495639,Occhiali da sole Donna Victoria Beckham VB221S-725 ø 60 mm,"Se ti piace sfoggiare le ultime novità in tema di <b>moda e accessori</b> e gli accessori sono fondamentali per la tua immagine, non lasciarti sfuggire <b>Occhiali da sole Donna Victoria Beckham VB221S-725 ø 60 mm</b>! Vantati delle migliori marche di <b>occhiali da sole</b>.<br><br><ul><li>Tipo: Occhiali da sole Donna</li><li>Genere: Donna</li><li>Protezione: Proteggono al 100% dei raggi UV (UV400)</li><li>Materiale delle lenti: Policarbonato</li><li>Materiale: Metallo</li><li>Include: Include confezione della marca</li><li>Ponte: 13 mm</li><li>Stanghette: 140 mm</li><li>Lenti: ø 60 mm</li></ul>",Pop Pulse Emporium,Bricolage,113.32,5,Nuovo,0.3,10.0,10.0,10.0,https://cdnbigbuy.com/images/0886895495639_S0374888_P01.jpg,https://cdnbigbuy.com/images/0886895495639_S0374888_P21.jpg,,,0,3-6 giorni,24 mesi,EU,,,
S7204561,7612901135809,Orologio Donna Chronotech RW0079,"Se ti piace seguire le ultime tendenze per quanto riguarda moda e accessori, compra <b>Orologio Donna Chronotech RW0079</b> al miglior prezzo.<br><br><ul><li>Genere: Donna</li><li>Anelli extra: No</li><li>Tipo di orologio: Orologio da polso</li><li>Materiale della scatola: Acciaio inossidabile</li><li>Colore del cinturino: Multicolore</li><li>Tipo di movimento: Quarzo</li><li>Caratteristiche: Senza chiusura</li><li>Uso consigliato: Adulto unisex</li></ul>",Pop Pulse Emporium,Bricolage,146.49,5,Nuovo,0.33,14.16,11.56,10.0,https://cdnbigbuy.com/images/7612901135809_S7204561_P01.jpg,https://cdnbigbuy.com/images/4562_mandatory-watch1.jpg,,,0,3-6 giorni,24 mesi,EU,,,
S71014699,3336021042345,Gabbia per Uccelli Zolux,"Se sei alla ricerca di novità alla moda sul mercato, ti presentiamo <b>Gabbia per Uccelli Zolux</b>!",Pop Pulse Emporium,Bricolage,111.22,5,Nuovo,2.57,39.88,47.96,39.54,https://cdnbigbuy.com/images/3336021042345_S71014699_P00.jpg,https://cdnbigbuy.com/images/3336021042345_S71014699_P10.jpg,,,0,3-6 giorni,24 mesi,EU,,,
S72106581,0889214332745,Montatura per Occhiali Donna Max Mara MM5057 54028,"Se stai pensando di rinnovare il tuo armadio, compra <b>Montatura per Occhiali Donna Max Mara MM5057 54028</b> e altri <b>prodotti Max Mara</b>! La migliore qualità al miglior prezzo è già a portata di mano!<br><br><ul><li>Genere: Donna</li><li>Tipo: Montatura per Occhiali</li><li>Tipo di lente: Occhiali non graduati</li></ul>",Pop Pulse Emporium,Bricolage,112.54,21,Nuovo,0.3,15.0,5.0,3.0,https://cdnbigbuy.com/images/0889214332745_S72106581_P00.jpg,https://cdnbigbuy.com/images/0889214332745_S72106581_P20.jpg,https://cdnbigbuy.com/images/0889214332745_S72106581_P10.jpg,,0,3-6 giorni,24 mesi,EU,,,
M0516806,0751492636689,Hard Disk PNY CS2130 500 GB SSD,"Se sei un appassionato d'<b>informatica ed elettronica</b>, ti piace stare al passo con la più recente tecnologia senza lasciarti sfuggire nessun dettaglio, acquista <b>Hard Disk PNY CS2130 500 GB SSD</b> al miglior prezzo.<br><br><ul><li>Uso consigliato: PC da Tavolo</li><li>Tipo di memoria: 3D NAND</li><li>Velocità: <ul><li>3500 MB/s</li><li>1800 MB/s</li></ul></li><li>Connessioni: <ul><li>PCI Express 3.0</li><li>M.2</li><li>SATA</li><li>USB x 3</li></ul></li><li>Hard Disk: 500 GB SSD</li><li>Colore: Nero</li><li>Caratteristiche: Senza Fili</li><li>Compatibile: <ul><li>Laptop</li><li>SSD NVMe</li><li>PC</li></ul></li></ul>",Pop Pulse Emporium,Bricolage,110.2,50,Nuovo,0.05,13.0,10.0,1.0,https://cdnbigbuy.com/images/0751492636689_M0516806_P00.jpg,https://cdnbigbuy.com/images/0751492636689_I90.jpg,,,0,3-6 giorni,24 mesi,EU,,,
S3058573,8424002176617,Lampadario Home ESPRIT Marrone Naturale Legno Metallo 50 W 53 x 53 x 123 cm,"<p>Se vuoi dare un tocco d'originalità alla tua casa, con <b>Lampadario Home ESPRIT Marrone Naturale Legno Metallo 50 W 53 x 53 x 123 cm</b> potrai farlo.</p><br><br><ul><li>Tipo: <ul><li>Lampadario</li><li>Palle</li></ul></li><li>Colore: <ul><li>Marrone</li><li>Naturale</li></ul></li><li>Materiale: <ul><li>Legno</li><li>Metallo</li></ul></li><li>Potenza: 50 W</li><li>Tappo: E27</li><li>Voltaggio: 220 V</li><li>Non Include: Lampadina</li><li>Dimensioni appross.: 53 x 53 x 123 cm</li></ul>",Pop Pulse Emporium,Bricolage,151.19,2,Nuovo,4.27,54.0,55.0,13.0,https://cdnbigbuy.com/images/8424002176617_S3058573_P00.jpg,https://cdnbigbuy.com/images/8424002176617_S3058573_P30.jpg,https://cdnbigbuy.com/images/8424002176617_S3058573_P40.jpg,https://cdnbigbuy.com/images/8424002176617_S3058573_P50.jpg,0,3-6 giorni,24 mesi,EU,,,
S0368411,0196163095936,Zaino Casual Michael Kors 35S2G8TB2B-VANILLA Grigio 25 x 30 x 15 cm,"Se stai pensando di rinnovare il tuo armadio, compra <b>Zaino Casual Michael Kors 35S2G8TB2B-VANILLA Grigio 25 x 30 x 15 cm</b> e altri <b>prodotti Michael Kors</b>! La migliore qualità al miglior prezzo è già a portata di mano!<br><br><ul><li>Tipo: Zaino Casual</li><li>Colore: Grigio</li><li>Materiale: Pelle</li><li>Tipo di chiusura: Cerniera</li><li>Dimensioni appross.: 25 x 30 x 15 cm</li></ul>",Pop Pulse Emporium,Bricolage,198.42,25,Nuovo,0.3,10.0,10.0,10.0,https://cdnbigbuy.com/images/0196163095936_S0368411_P0_WBG0.jpg,,,,0,3-6 giorni,24 mesi,EU,,,
S3059825,8424002176792,Lampada da tavolo Home ESPRIT Beige,"Se sei alla ricerca di novità alla moda sul mercato, ti presentiamo <b>Lampada da tavolo Home ESPRIT Beige</b>!<br><br><ul><li>Prodotto plug-in: Sì</li><li>Tipo: Lampada da tavolo</li><li>Tipo di presa: Spina EU</li><li>Colore: Beige</li><li>Larghezza: 40 cm</li><li>Alto: 61 cm</li><li>Design: Tropicale</li><li>Lunghezza: 40 cm</li><li>Composizione: Rattan</li><li>Non Include: Lampadina</li><li>Dimensioni appross.: 40 x 40 x 61 cm</li></ul>",Pop Pulse Emporium,Bricolage,101.37,50,Nuovo,3.9,23.16,23.69,32.77,https://cdnbigbuy.com/images/8424002176792_S3059825_P40.jpg,https://cdnbigbuy.com/images/8424002176792_S3059825_P20.jpg,https://cdnbigbuy.com/images/8424002176792_S3059825_P30.jpg,https://cdnbigbuy.com/images/8424002176792_S3059825_P00.jpg,0,3-6 giorni,24 mesi,EU,,,
S7908015,8719202997002,Ombrellone Ambiance Grigio chiaro 3 m,"<p>Se vuoi dare un tocco d'originalità alla tua casa, con <b>Ombrellone Ambiance Grigio chiaro 3 m</b> potrai farlo.</p><br><br><p>Il <b>ombrellone</b> <b>Ambiance</b> presenta un design eccentrico in <b>colore grigio chiaro</b> che dona uno stile moderno e sobrio a qualsiasi spazio esterno, ideale per giardini, terrazze o aree relax. La sua struttura è realizzata in <b>acciaio con rivestimento in poliammide</b>, garantendo alta resistenza alla corrosione e stabilità alle condizioni climatiche variabili. Ha un <b>diametro di circa 300 cm</b>, che offre un’ampia ombra per proteggere efficacemente dal sole, mentre la sua <b>altezza massima di 3 metri</b> assicura comfort e spazio libero sotto l’ombrellone. Il sistema di apertura e chiusura avviene tramite una pratica <b>manovella</b> che ne facilita l’uso. Inoltre, è dotato di <b>24 stecche in fibra di vetro da 7 mm</b>, rivestite in polietilene nero per aumentare durata e flessibilità strutturale. Il tessuto è in <b>poliestere da 180 gr/m²</b>, materiale resistente e durevole che offre protezione solare efficace e buona resistenza all’usura. Il corpo è composto da un <b>tubo principale in acciaio 48 x 1,2 mm</b> e un <b>tubo trasversale 42 x 1,0 mm</b>, garantendo una struttura robusta ed equilibrata. È importante sottolineare che questo ombrellone non include la base, che deve essere acquistata separatamente per un ancoraggio sicuro. Questo prodotto unisce qualità dei materiali e funzionalità nel design, offrendo una soluzione pratica per creare zone d’ombra con un’estetica discreta ed elegante.</p><br><br><ul><li>Diametro: Ø 300 cm</li><li>Alto: 3 m</li><li>Tipo: Ombrellone</li><li>Colore: <ul><li>Grigio chiaro</li><li>Grigio</li></ul></li><li>Tipo di manico: Plastica</li></ul>",Pop Pulse Emporium,Bricolage,152.86,24,Nuovo,12.7,34.0,212.0,13.0,https://cdnbigbuy.com/images/8719202997002_R0_WBG2.jpg,https://cdnbigbuy.com/images/8719202997002_R1_WBG2.jpg,,,0,3-6 giorni,24 mesi,EU,,,
S71009554,5410527152352,Vaso Garden ID,"Se ti piace curare ogni singolo dettaglio della casa ed essere sempre alla moda in tema di prodotti che ti renderanno la vità più facile, compra <b>Vaso Garden ID</b> al miglior prezzo.<br><br><ul><li>Tipo: <ul><li>Set di Vasi</li><li>Vaso</li></ul></li></ul>",Pop Pulse Emporium,Bricolage,112.15,1,Nuovo,4.45,56.0,35.0,35.0,https://cdnbigbuy.com/images/5410527152352_S71009554_P00.jpg,https://cdnbigbuy.com/images/5410527152352_S71009554_P10.jpg,https://cdnbigbuy.com/images/5410527152352_S71009554_P20.jpg,https://cdnbigbuy.com/images/5410527152352_S71009554_P30.jpg,0,3-6 giorni,24 mesi,EU,,,
S71010231,5410527703165,Lampada ad energia solare Garden ID Column,"Se ti piace curare ogni singolo dettaglio della casa ed essere sempre alla moda in tema di prodotti che ti renderanno la vità più facile, compra <b>Lampada ad energia solare Garden ID Column</b> al miglior prezzo.<br><br><ul><li>Tipo: Lampada ad energia solare</li><li>Diametro: Ø 20 cm</li><li>Intervallo di circa: 6-8 h</li></ul>",Pop Pulse Emporium,Bricolage,108.2,1,Nuovo,1.5,65.5,23.0,22.0,https://cdnbigbuy.com/images/5410527703165_S71010231_P00.jpg,https://cdnbigbuy.com/images/5410527703165_S71010231_P10.jpg,,,0,3-6 giorni,24 mesi,EU,,,
S0392130,0197853116238,Borsetta a mano Michael Kors Colby,"Se sei alla ricerca di novità alla moda sul mercato, ti presentiamo <b>Borsetta a mano Michael Kors Colby</b>!<br><br><ul><li>Colore: Beige</li><li>Materiale: Tela</li><li>Tipo di chiusura: Magnetico</li><li>Include: Include custodia o copertura del marchio</li><li>Dimensioni appross.: 18 x 10 x 6 cm</li></ul>",Pop Pulse Emporium,Bricolage,146.32,10,Nuovo,0.3,10.0,10.0,10.0,https://cdnbigbuy.com/images/0197853116238_S0392130_P00.jpg,https://cdnbigbuy.com/images/0197853116238_S0392130_P10.jpg,https://cdnbigbuy.com/images/0197853116238_S0392130_P20.jpg,,0,3-6 giorni,24 mesi,EU,,,
S7195703,4008789713599,Playset Playmobil 71359 Princess Magic 114 Pezzi,"I bambini meritano il meglio, per questo ti presentiamo <b>Playset Playmobil 71359 Princess Magic 114 Pezzi</b>, ideale per coloro che cercano prodotti di qualità per i più piccoli! Scopri <b>Playmobil</b> ai migliori prezzi!<br><br><ul><li>Numero di pezzi: 114 Pezzi</li><li>Tipo: Playset</li><li>Colore: Multicolore</li><li>Materiale: Plastica</li><li>Lingua: Inglese</li><li>Età consigliata: <ul><li>+ 3 anni</li><li>+ 4 Anni</li><li>Bambini</li></ul></li><li>Funziona a batterie: Sì</li><li>Non Include: Batteria</li><li>Certificato: CE</li></ul>",Pop Pulse Emporium,Bricolage,126.75,5,Nuovo,1.42,51.82,38.61,12.45,https://cdnbigbuy.com/images/4008789713599_R00.jpg,https://cdnbigbuy.com/images/4008789713599_I00.jpg,,,0,3-6 giorni,24 mesi,EU,,,
S3031380,8424001943500,Lampadario DKD Home Decor Naturale 50 W 39 x 39 x 30 cm,"<p>Se vuoi dare un tocco d'originalità alla tua casa, con <b>Lampadario DKD Home Decor Naturale 50 W 39 x 39 x 30 cm</b> potrai farlo.</p><br><br><ul><li>Tipo: Lampadario</li><li>Colore: Naturale</li><li>Potenza: 50 W</li><li>Tappo: E27</li><li>Voltaggio: 220 V</li><li>Lunghezza del cavo: 120 cm</li><li>Composizione: Rattan</li><li>Lampadine: 1</li><li>Dimensioni appross.: 39 x 39 x 30 cm</li></ul>",Pop Pulse Emporium,Bricolage,111.27,25,Nuovo,2.0,40.0,31.0,41.0,https://cdnbigbuy.com/images/8424001943500_S3031380_P40.jpg,https://cdnbigbuy.com/images/8424001943500_S3031380_P10.jpg,https://cdnbigbuy.com/images/8424001943500_S3031380_P20.jpg,https://cdnbigbuy.com/images/8424001943500_S3031380_P30.jpg,0,3-6 giorni,24 mesi,EU,,,
S0374324,7613272504249,Orologio Uomo Tommy Hilfiger 1792041 (Ø 45 mm),"Se ti piace seguire le ultime tendenze per quanto riguarda moda e accessori, compra <b>Orologio Uomo Tommy Hilfiger 1792041 (Ø 45 mm)</b> al miglior prezzo.<br><br><ul><li>Genere: Uomo</li><li>Anelli extra: No</li><li>Tipo di orologio: Orologio da polso</li><li>Materiale del cinturino: Stoffa</li><li>Materiale della cassa dell'orologio: Resina</li><li>Tipo di movimento: Quarzo</li><li>Cristallo: Minerale</li><li>Impermeabilità: 3 atm</li><li>Include: Include confezione della marca</li><li>Tipo di chiusura: Fibbia</li><li>Colore del quadrante: Azzurro</li><li>Colore della custodia dell'orologio: Azzurro</li><li>Colore del cinturino: Azzurro</li><li>Diametro della cassa dell'orologio: Ø 45 mm</li></ul>",Pop Pulse Emporium,Bricolage,109.45,2,Nuovo,0.4,32.0,19.0,10.0,https://cdnbigbuy.com/images/7613272504249_S0374324_P00.jpg,https://cdnbigbuy.com/images/7613272504249_S0374324_P20.jpg,https://cdnbigbuy.com/images/70687_mandatory-watch0.jpg,https://cdnbigbuy.com/images/7613272504249_S0374324_P10.jpg,0,3-6 giorni,24 mesi,EU,,,
S2215747,8718226492975,"Lavagna Securit Cavalletto Doppia 125 x 69 x 56,5 cm","Torna in ufficio senza dimenticarti di nulla! Compra <b>Lavagna Securit Cavalletto Doppia 125 x 69 x 56,5 cm</b> e sarai l'invidia dei tuoi colleghi!<br><br><ul><li>Tipo: Settore Alberghiero</li><li>Caratteristiche: <ul><li>Cavalletto</li><li>Doppia</li></ul></li><li>Dimensioni appross.: 125 x 69 x 56,5 cm</li></ul>",Pop Pulse Emporium,Bricolage,155.17,22,Nuovo,9.3,125.0,6.9,56.5,https://cdnbigbuy.com/images/S2215747_21575_1696246918-cropped1.jpg,https://cdnbigbuy.com/images/8718226492975_S2215747_P01.jpg,,,0,3-6 giorni,24 mesi,EU,,,
S7270461,4894816109981,Bracciale Uomo Police PEAGB0007801,"Ti presentiamo <b>Bracciale Uomo Police PEAGB0007801</b> e un'ampia gamma di anelli, bracciali, orecchini, ciondoli, ecc. a buon prezzo. Scopri gli esclusivi ed eleganti pezzi di gioielli e bigiotteria per tutti i gusti e stili.<br><br><ul><li>Tipo: Bracciale</li><li>Genere: Uomo</li><li>Colore: Argentato</li></ul>",Pop Pulse Emporium,Bricolage,101.93,2,Nuovo,0.24,9.51,9.06,8.82,https://cdnbigbuy.com/images/4894816109981_R01.jpg,,,,0,3-6 giorni,24 mesi,EU,,,
S8411261,0632983051399,Toner Kyocera TK-3060 Nero,Torna in ufficio senza dimenticarti di nulla! Compra <b>Toner Kyocera TK-3060 Nero</b> e sarai l'invidia dei tuoi colleghi!<br><br><ul><li>Tipo: Toner</li><li>Colore: Nero</li></ul>,Pop Pulse Emporium,Bricolage,136.66,25,Nuovo,0.75,33.0,12.0,12.0,https://cdnbigbuy.com/images/0632983051399_S8411261_P01.jpg,,,,0,3-6 giorni,24 mesi,EU,,,
S3060735,8424002194987,Lampadario Home ESPRIT Bicolore Juta Corda Ferro 25 W 50 x 50 x 54 cm,"Se sei alla ricerca di novità alla moda sul mercato, ti presentiamo <b>Lampadario Home ESPRIT Bicolore Juta Corda Ferro 25 W 50 x 50 x 54 cm</b>!<br><br><ul><li>Tipo: Lampadario</li><li>Colore: Bicolore</li><li>Materiale: <ul><li>Juta</li><li>Corda</li><li>Ferro</li></ul></li><li>Potenza: 25 W</li><li>Design: Coloniale</li><li>Tappo: E27</li><li>Non Include: Lampadina</li><li>Dimensioni appross.: 50 x 50 x 54 cm</li></ul>",Pop Pulse Emporium,Bricolage,100.69,50,Nuovo,5.65,33.19,30.31,28.62,https://cdnbigbuy.com/images/8424002194987_S3060735_P30.jpg,https://cdnbigbuy.com/images/8424002194987_S3060735_P00.jpg,https://cdnbigbuy.com/images/8424002194987_S3060735_P10.jpg,https://cdnbigbuy.com/images/8424002194987_S3060735_P20.jpg,0,3-6 giorni,24 mesi,EU,,,
S7283273,8050506110279,Perlina Unisex Talent Jewels TJC-2-04-03,"Ti presentiamo <b>Perlina Unisex Talent Jewels TJC-2-04-03</b> e un'ampia gamma di anelli, bracciali, orecchini, ciondoli, ecc. a buon prezzo. Scopri gli esclusivi ed eleganti pezzi di gioielli e bigiotteria per tutti i gusti e stili.<br><br><ul><li>Genere: Unisex</li><li>Tipo: Perlina</li></ul>",Pop Pulse Emporium,Bricolage,107.69,25,Nuovo,0.3,10.0,10.0,10.0,https://cdnbigbuy.com/images/8050506110279_S7283273_P01.jpg,https://cdnbigbuy.com/images/8050506110279_R41.jpg,https://cdnbigbuy.com/images/8050506110279_R01.jpg,https://cdnbigbuy.com/images/8050506110279_R11.jpg,0,3-6 giorni,24 mesi,EU,,,
S0387890,0840190029661,Orologio Unisex Adidas AOSY23021 (Ø 40 mm),"Se sei alla ricerca di novità alla moda sul mercato, ti presentiamo <b>Orologio Unisex Adidas AOSY23021 (Ø 40 mm)</b>!<br><br><ul><li>Anelli extra: No</li><li>Tipo di orologio: Orologio da polso</li><li>Genere: Unisex</li><li>Materiale del cinturino: Silicone</li><li>Materiale della cassa dell'orologio: Acciaio inossidabile</li><li>Tipo di movimento: Quarzo</li><li>Cristallo: Minerale</li><li>Impermeabilità: 5 atm</li><li>Include: Include custodia o copertura del marchio</li><li>Tipo di chiusura: Fibbia</li><li>Colore del quadrante: Nero</li><li>Colore della custodia dell'orologio: Nero</li><li>Colore del cinturino: Nero</li><li>Diametro della cassa dell'orologio: Ø 40 mm</li></ul>",Pop Pulse Emporium,Bricolage,101.68,5,Nuovo,0.4,32.0,19.0,10.0,https://cdnbigbuy.com/images/0840190029661_S0387890_P00.jpg,https://cdnbigbuy.com/images/0840190029661_S0387890_P10.jpg,https://cdnbigbuy.com/images/0840190029661_S0387890_P20.jpg,https://cdnbigbuy.com/images/84249_mandatory-watch0.jpg,0,3-6 giorni,24 mesi,EU,,,
S9918235,4719331869090,Scheda Madre Gigabyte 9MH81MGMW-00-G10,"Se sei alla ricerca di novità alla moda sul mercato, ti presentiamo <b>Scheda Madre Gigabyte 9MH81MGMW-00-G10</b>!<br><br><ul><li>Tipo: <ul><li>Scheda Madre</li><li>ATX</li><li>UEFI</li></ul></li><li>Modello: Serie 1</li><li>Connettività: <ul><li>Bluetooth</li><li>Wi-Fi</li><li>Wi-Fi 6 GHz</li><li>Bluetooth 5.3</li></ul></li><li>Fattore di forma: MicroATX</li><li>Interfaccia: <ul><li>Gigabit Ethernet</li><li>DirectX 12.0</li></ul></li><li>Batteria: CR2032</li><li>Memoria: 256 MB</li><li>Batterie incluse: Sì</li><li>Altoparlanti: 7.1</li><li>Connessioni: <ul><li>HDMI x 1</li><li>2 x USB 2.0</li><li>Microfono</li><li>Ethernet LAN</li><li>SATA x 4</li><li>PS/2 x 1</li><li>DIMM x 2</li><li>HDMI 2.1 x 1</li><li>DIMM</li><li>DisplayPort x 1</li><li>RJ45 x 1</li></ul></li><li>Compatibile: <ul><li>HDD/SSD</li><li>PC</li></ul></li><li>Include: Viti</li><li>Suono: Realtek ALC897</li><li>Fonte di Alimentazione: ATX</li><li>Tipo di memoria: DDR5</li><li>Famiglia di processori: Intel</li><li>Risoluzione (px): 4096 x 2160 px</li></ul>",Pop Pulse Emporium,Bricolage,174.28,10,Nuovo,1.1,27.0,27.0,7.0,https://cdnbigbuy.com/images/4719331869090_S9918235_P00.jpg,https://cdnbigbuy.com/images/4719331869090_I00.jpg,https://cdnbigbuy.com/images/4719331869090_I10.jpg,https://cdnbigbuy.com/images/4719331869090_I20.jpg,0,3-6 giorni,24 mesi,EU,,,
S9128328,4015672110342,Nebulizzatore Omron NE-C301-E + NE-C301-E,"Se ti piace prenderti cura della tua salute e sei alla ricerca di prodotti che ti offrano <b>protezione e benessere</b>, compra <b>Nebulizzatore Omron NE-C301-E + NE-C301-E</b> e molti altri <b>prodotti Omron</b> ai migliori prezzi!<br><br><ul><li>Tipo: <ul><li>Nebulizzatore</li><li>Aspiratore Nasale</li></ul></li><li>Fonte di Alimentazione: Corrente alternata</li><li>Include: Bocchetta</li><li>Emissione acustica: 63 dB</li><li>Colore: Bianco</li><li>Genere: Per bambini</li><li>Non Include: Display</li><li>Alto: 18 cm</li></ul>",Pop Pulse Emporium,Bricolage,101.85,4,Nuovo,2.1,11.6,18.0,29.3,https://cdnbigbuy.com/images/4015672110342_0_A01.jpg,https://cdnbigbuy.com/images/4015672110342_I11.jpg,https://cdnbigbuy.com/images/B01LWLARZS_R51.jpg,,0,3-6 giorni,24 mesi,EU,,,
S37115762,5998167713824,Braccioli Armster RENAULT CLIO 2013-2020 Pelle ecologica,"Attrezza il tuo veicolo con le ultime novità del settore! Compra <b>Braccioli Armster RENAULT CLIO 2013-2020 Pelle ecologica</b> e fai in modo che non ti manchi nulla!<br><br><p>Il <b>bracciolo centrale Armster per Renault Clio 2013-2020</b> è un accessorio progettato specificamente per migliorare comfort e funzionalità del veicolo, adattandosi perfettamente ai sedili originali grazie al suo <b>adattamento personalizzato</b> che considera la posizione del sedile, volante e cambio. Realizzato con materiali di qualità OEM, questo bracciolo offre una <b>durata superiore</b> certificata da rigorosi test dinamici e una capacità massima di carico fino a <b>50 kg</b>, garantendo resistenza e affidabilità durante l’uso. Il design include un <b>imbottitura morbida sulla parte superiore</b> per assicurare comfort in tutte le posizioni del sedile, mentre l’altezza è <b>regolabile continuamente</b> per adattarsi alle preferenze di conducente o passeggero. Inoltre, è <b>pieghevole tra i sedili</b> in posizione verticale quando non utilizzato, ottimizzando lo spazio interno del veicolo. Questo modello integra un pratico vano portaoggetti con capacità di circa <b>1 litro</b>, dotato di un inserto in <b>TPE che riduce il rumore</b> e un meccanismo di apertura e chiusura morbido che facilita l’accesso a piccoli oggetti. Per aumentare la funzionalità, include un <b>portapenne</b>, pensato per mantenere organizzati gli oggetti personali a portata di mano. L’installazione è semplice e progettata per essere eseguita con strumenti di base a casa, senza necessità di officina, poiché il kit comprende un set completo di montaggio e istruzioni dettagliate. Sviluppato da Rati, azienda con oltre trent’anni di esperienza nella produzione di accessori originali per auto, questo bracciolo rappresenta un’alternativa premium ai modelli originali semplici e poco ergonomici, offrendo comfort e praticità agli utenti del Renault Clio nella gamma 2013-2020. In sintesi, questo bracciolo Armster combina d",Pop Pulse Emporium,Bricolage,131.96,10,Nuovo,8.0,35.0,25.0,25.0,https://cdnbigbuy.com/images/5998167713824_S37115762_P00.jpg,https://cdnbigbuy.com/images/5998167713824_S37115762_P30.jpg,https://cdnbigbuy.com/images/5998167713824_S37115762_P40.jpg,https://cdnbigbuy.com/images/5998167713824_S37115762_P50.jpg,0,3-6 giorni,24 mesi,EU,,,
S55258101,7640158666401,"Valigetta per Portatile Dicota D31441-RPET Nero 15,6''","Se sei un appassionato d'<b>informatica ed elettronica</b>, ti piace stare al passo con la più recente tecnologia senza lasciarti sfuggire nessun dettaglio, acquista <b>Valigetta per Portatile Dicota D31441-RPET Nero 15,6''</b> al miglior prezzo.<br><br><ul><li>Taglia: Taglia unica</li><li>Tipo: Valigetta per Portatile</li><li>Colore: Nero</li><li>Dimensione: 15,6''</li><li>Materiale: Polietilentereftalato (PET)</li><li>Caratteristiche: <ul><li>Maniglia per il trasporto</li><li>Tasca con cerniera</li><li>Scompartimento per tablet</li><li>Tasca frontale</li></ul></li><li>Capacità: 22 L</li><li>Tipo di chiusura: Cerniera</li><li>Include: <ul><li>Tasca frontale</li><li>Maniglia per il trasporto</li></ul></li><li>Genere: Uomo</li><li>Display: 15,6""</li><li>Alto: 35 cm</li><li>Compartimenti: 1 Compartimenti</li></ul>",Pop Pulse Emporium,Bricolage,144.0,25,Nuovo,2.7,35.72,30.99,15.33,https://cdnbigbuy.com/images/555955560.jpg,https://cdnbigbuy.com/images/555956000.jpg,https://cdnbigbuy.com/images/555955790.jpg,https://cdnbigbuy.com/images/555955780.jpg,0,3-6 giorni,24 mesi,EU,,,
S7238569,0664689758104,Montatura per Occhiali Uomo Ermenegildo Zegna ZC5013 06253,"Se stai pensando di rinnovare il tuo armadio, compra <b>Montatura per Occhiali Uomo Ermenegildo Zegna ZC5013 06253</b> e altri <b>prodotti Ermenegildo Zegna</b>! La migliore qualità al miglior prezzo è già a portata di mano!<br><ul><li>Genere: Uomo</li><li>Caratteristiche: Lenti non graduate</li><li>Tipo: Montatura per Occhiali</li></ul>",Pop Pulse Emporium,Bricolage,110.76,25,Nuovo,0.3,10.33,9.92,9.83,https://cdnbigbuy.com/images/0664689758104_S7238569_P01.jpg,https://cdnbigbuy.com/images/0664689758104_S7238569_P21.jpg,https://cdnbigbuy.com/images/0664689758104_S7238569_P11.jpg,https://cdnbigbuy.com/images/0664689758104_S7238569_P31.jpg,0,3-6 giorni,24 mesi,EU,,,
S72114331,4549526394577,"Orologio Uomo Casio DIVER 50M (Ø 43,5 mm)","Se sei alla ricerca di novità alla moda sul mercato, ti presentiamo <b>Orologio Uomo Casio DIVER 50M (Ø 43,5 mm)</b>!<br><br><ul><li>Anelli extra: No</li><li>Tipo di orologio: Orologio da polso</li><li>Genere: Uomo</li><li>Funzioni: Data</li><li>Materiale del cinturino: Acciaio inossidabile</li><li>Include: Include custodia o copertura del marchio</li><li>Impermeabilità: 5 atm</li><li>Cristallo: Minerale</li><li>Tipo di movimento: Quarzo</li><li>Diametro della cassa dell'orologio: Ø 43,5 mm</li></ul>",Pop Pulse Emporium,Bricolage,149.86,5,Nuovo,0.3,14.15,12.43,10.11,https://cdnbigbuy.com/images/4549526394577_S72114331_P00.jpg,https://cdnbigbuy.com/images/113343_mandatory-watch0.jpg,,,0,3-6 giorni,24 mesi,EU,,,
S0389692,0197853277472,Borsa a Tracolla Michael Kors 35F4STVC1L-PEARL-GREY Grigio 21 x 12 x 5 cm,"Se sei alla ricerca di novità alla moda sul mercato, ti presentiamo <b>Borsa a Tracolla Michael Kors 35F4STVC1L-PEARL-GREY Grigio 21 x 12 x 5 cm</b>!<br><br><ul><li>Tipo: Borsa a Tracolla</li><li>Colore: Grigio</li><li>Composizione: Pelle</li><li>Tipo di chiusura: click</li><li>Include: Include custodia o copertura del marchio</li><li>Dimensioni appross.: 21 x 12 x 5 cm</li></ul>",Pop Pulse Emporium,Bricolage,181.15,10,Nuovo,0.3,10.0,10.0,10.0,https://cdnbigbuy.com/images/0197853277472_S0389692_P00.jpg,https://cdnbigbuy.com/images/0197853277472_S0389692_P10.jpg,https://cdnbigbuy.com/images/0197853277472_S0389692_P20.jpg,,0,3-6 giorni,24 mesi,EU,,,
S7275080,8430622802751,Orologio Uomo Festina F20660/3 Nero,"Se ti piace seguire le ultime tendenze per quanto riguarda moda e accessori, compra <b>Orologio Uomo Festina F20660/3 Nero</b> al miglior prezzo.<br><br><ul><li>Genere: Uomo</li><li>Anelli extra: No</li><li>Tipo di orologio: Orologio da polso</li><li>Colore: Nero</li><li>Materiale della scatola: Acciaio inossidabile</li><li>Materiale del cinturino: Pelle</li><li>Tipo di movimento: Quarzo</li></ul>",Pop Pulse Emporium,Bricolage,185.16,50,Nuovo,0.4,32.0,19.0,10.0,https://cdnbigbuy.com/images/8430622802751_S7275080_P00.jpg,https://cdnbigbuy.com/images/74137_mandatory-watch0.jpg,,,0,3-6 giorni,24 mesi,EU,,,
S0450612,8433766481141,Scopa Elettrica Solac AE2505 Bianco,"Se cerchi elettrodomestici per la tua casa ai migliori prezzi, non lasciarti sfuggire <b>Scopa Elettrica Solac AE2505 Bianco</b> e una vasta selezione di piccoli elettrodomestici di qualità!<br><br><ul><li>Colore: Bianco</li><li>Tipo: Aspirapolvere senza Sacchetto</li><li>Materiale: Acciaio inossidabile</li><li>Tempo approssimativo di ricarica: 4 h</li><li>Filtro: HEPA</li><li>Intervallo di circa: 55 min</li><li>Batteria ricaricabile al litio: 29,6 V</li><li>Batteria: Litio Ion</li><li>Capacità: 1 L</li><li>Emissione acustica: 75 dB</li></ul>",Pop Pulse Emporium,Bricolage,151.72,1,Nuovo,3.29,23.41,33.72,60.56,https://cdnbigbuy.com/images/S0450612_8433766481141_s76_p01.jpg,,,,0,3-6 giorni,24 mesi,EU,,,
S72109757,0886895646383,Occhiali da sole Uomo Nike NIKE VARIANT I EV24013,"Se ti piace sfoggiare le ultime novità in tema di <b>moda e accessori</b> e gli accessori sono fondamentali per la tua immagine, non lasciarti sfuggire <b>Occhiali da sole Uomo Nike NIKE VARIANT I EV24013</b>! Vantati delle migliori marche di <b>occhiali da sole</b>.<br><br><ul><li>Tipo: Occhiali da sole Uomo</li><li>Protezione: Proteggono al 100% dei raggi UV (UV400)</li><li>Genere: Uomo</li></ul>",Pop Pulse Emporium,Bricolage,138.79,2,Nuovo,0.3,10.0,10.0,10.0,https://cdnbigbuy.com/images/0886895646383_S72109757_P00.jpg,https://cdnbigbuy.com/images/0886895646383_S72109757_P10.jpg,,,0,3-6 giorni,24 mesi,EU,,,
