id_offer,ean,locale,category,title,short_description,description,manufacturer,picture_1,picture_2,picture_3,picture_4,price_cs,quantity,condition,length,width,height,weight,content_volume,currency,handling_time,delivery_time_max,delivery_time_min
S8108308,8017709334932,cs-CZ,Casa e arredamento,"Přístroj na espresso Smeg BCC12WHMEU 1,4 L Bílý","Jestli hledáte vhodné elektrospotřebiče za špičkové ceny, nesmí vám uniknout <b>Přístroj na espresso Smeg BCC12WHMEU 1,4 L Bílý</b> a další kousky z š","Jestli hledáte vhodné elektrospotřebiče za špičkové ceny, nesmí vám uniknout <b>Přístroj na espresso Smeg BCC12WHMEU 1,4 L Bílý</b> a další kousky z širokého výběru kvalitních malých domácích elektrospotřebičů!<br><br><p><b>Superautomatický kávovar BCC12WHMEU</b> od <b>Smeg</b> vyniká kombinací elegantního designu v <b>bílé</b> barvě a praktičnosti vysoce výkonného <b>espresso kávovaru</b>. Vyrobený z odolného <b>plastiku</b>, nabízí <b>kapacitu 1,4 litru</b>, ideální pro přípravu více šálků bez",Pop Pulse Emporium,,,,,827.44,4,NEW,49.3,43.3,26.0,11.32,55501.94,CZK,2,8,3
S0457398,4242003927328,cs-CZ,Casa e arredamento,"Indukční Plotýnka Siemens AG EX275HXC1E 91,2 cm 7400 W","Jestliže chcete renovovat svou kuchyň, kupte si <b>Indukční Plotýnka Siemens AG EX275HXC1E 91,2 cm 7400 W</b> a další <b>produkty Siemens AG</b>! Nejl","Jestliže chcete renovovat svou kuchyň, kupte si <b>Indukční Plotýnka Siemens AG EX275HXC1E 91,2 cm 7400 W</b> a další <b>produkty Siemens AG</b>! Nejlepší kvalitu za nejlepší cenu máte na dosah!<br><br><ul><li>Zásuvný produkt: Ano</li><li>Typ zástrčky: Zástrčka EU</li><li>Šířka: 91,2 cm</li><li>Vlastnosti: <ul><li>Blokování pro děti</li><li>Vestavěný displej</li><li>Dotykový knoflík</li><li>Automatické vypínání</li></ul></li><li>Typ instalace: Integrační</li><li>Příkon: 7400 W</li><li>Úrovně výk",Pop Pulse Emporium,,,,,1816.42,1,NEW,109.0,64.0,19.0,21.0,132544.0,CZK,2,8,3
S0460741,4242006312534,cs-CZ,Casa e arredamento,Indukční Plotýnka Balay 3EBC983ER 80 cm 7400 W,"Jestliže chcete renovovat svou kuchyň, kupte si <b>Indukční Plotýnka Balay 3EBC983ER 80 cm 7400 W</b> a další <b>produkty Balay</b>! Nejlepší kvalitu ","Jestliže chcete renovovat svou kuchyň, kupte si <b>Indukční Plotýnka Balay 3EBC983ER 80 cm 7400 W</b> a další <b>produkty Balay</b>! Nejlepší kvalitu za nejlepší cenu máte na dosah!<br><br><ul><li>Energetická klasifikace: B</li><li>Typ: Indukční Plotýnka</li><li>Zásuvný produkt: Ano</li><li>Typ zástrčky: Zástrčka EU</li><li>Barva: Černý</li><li>Šířka: 80 cm</li><li>Vlastnosti: <ul><li>Časovač</li><li>Blokování pro děti</li><li>Vestavěný displej</li><li>Dotykový knoflík</li></ul></li><li>Typ inst",Pop Pulse Emporium,,,,,2188.06,1,NEW,33.4,49.5,27.5,6.95,45465.75,CZK,2,8,3
S0457010,4242005394180,cs-CZ,Casa e arredamento,"Indukční Plotýnka BOSCH PVQ631HC1E 59,2 cm 7400 W","Jestliže chcete renovovat svou kuchyň, kupte si <b>Indukční Plotýnka BOSCH PVQ631HC1E 59,2 cm 7400 W</b> a další <b>produkty BOSCH</b>! Nejlepší kvali","Jestliže chcete renovovat svou kuchyň, kupte si <b>Indukční Plotýnka BOSCH PVQ631HC1E 59,2 cm 7400 W</b> a další <b>produkty BOSCH</b>! Nejlepší kvalitu za nejlepší cenu máte na dosah!<br><br><ul><li>Zásuvný produkt: Ano</li><li>Typ zástrčky: Zástrčka EU</li><li>Barva: Černý</li><li>Šířka: 59,2 cm</li><li>Vlastnosti: <ul><li>Časovač</li><li>Dotykový knoflík</li></ul></li><li>Typ instalace: Integrační</li><li>Příkon: 7400 W</li><li>Úrovně výkonu: 17</li><li>Místo pro vaření: 4</li><li>Typ: <ul><l",Pop Pulse Emporium,,,,,873.44,2,NEW,69.0,68.0,19.0,10.0,89148.0,CZK,2,8,3
S71024103,4053423303346,cs-CZ,Giardinaggio e fai da te,Laserová vodováha Openfield,"Pokud hledáte nejnovější trendy na trhu, máme tu čest vám představit <b>Laserová vodováha Openfield</b>!<br><br><ul><li>Barva: Modrý</li><li>Nápajecí ","Pokud hledáte nejnovější trendy na trhu, máme tu čest vám představit <b>Laserová vodováha Openfield</b>!<br><br><ul><li>Barva: Modrý</li><li>Nápajecí Zdroj: Baterie</li><li>Obsahuje: Baterie</li><li>Baterie v ceně: Ano</li><li>Typ baterie: Alkalické Baterie</li></ul>",Pop Pulse Emporium,https://cdnbigbuy.com/images/4053423303346_R00.jpg,https://cdnbigbuy.com/images/4053423303346_R50.jpg,https://cdnbigbuy.com/images/4053423303346_R10.jpg,https://cdnbigbuy.com/images/4053423303346_R20.jpg,726.0,1,NEW,21.0,19.0,13.0,1.74,5187.0,CZK,2,8,3
S71018336,4242002848631,cs-CZ,Casa e arredamento,Indukční Plotýnka BOSCH,"Jestliže chcete renovovat svou kuchyň, kupte si <b>Indukční Plotýnka BOSCH</b> a další <b>produkty BOSCH</b>! Nejlepší kvalitu za nejlepší cenu máte n","Jestliže chcete renovovat svou kuchyň, kupte si <b>Indukční Plotýnka BOSCH</b> a další <b>produkty BOSCH</b>! Nejlepší kvalitu za nejlepší cenu máte na dosah!<br><br><ul><li>Typ: <ul><li>Integrační</li><li>Indukční Plotýnka</li><li>Vestavěný</li></ul></li><li>Šířka: <ul><li>30 cm</li><li>30,6 cm</li></ul></li><li>Napětí: <ul><li>220-240 V</li><li>220 V</li></ul></li><li>Ovládání: Dotykový</li><li>Příkon: 3700 W</li><li>Typ zástrčky: Zástrčka EU</li><li>Zásuvný produkt: Ano</li><li>Vlastnosti: <u",Pop Pulse Emporium,,,,,758.08,25,NEW,33.4,49.5,27.5,7.29,45465.75,CZK,2,8,3
S6104903,0040102005886,cs-CZ,Articoli da cucina e per la casa,Zastřihovač pro mazlíčky Andis Pulse ZR II Wild Černý Fialový,"Pokud hledáte nejnovější trendy na trhu, máme tu čest vám představit <b>Zastřihovač pro mazlíčky Andis Pulse ZR II Wild Černý Fialový</b>!<br><br><ul>","Pokud hledáte nejnovější trendy na trhu, máme tu čest vám představit <b>Zastřihovač pro mazlíčky Andis Pulse ZR II Wild Černý Fialový</b>!<br><br><ul><li>Zásuvný produkt: Ano</li><li>Typ: Zastřihovač pro mazlíčky</li><li>Napětí: 100-240 V</li><li>Frekvence: 50-60 Hz</li><li>Přibližná výdrž: 3 hodin</li><li>Barva: <ul><li>Černý</li><li>Fialový</li></ul></li><li>Typ zástrčky: Zástrčka EU</li><li>Typ baterie: Litio Ion</li><li>Rychlost: 1800-3800 spm</li></ul>",Pop Pulse Emporium,https://cdnbigbuy.com/images/0040102005886_S6104903_P10.jpg,https://cdnbigbuy.com/images/0040102005886_S6104903_P50.jpg,https://cdnbigbuy.com/images/0040102005886_S6104903_P00.jpg,https://cdnbigbuy.com/images/0040102005886_S6104903_P20.jpg,615.2,5,NEW,20.7,2.5,2.5,2.1,129.38,CZK,2,8,3
S7188553,3165140988148,cs-CZ,Giardinaggio e fai da te,Detektor úniku vody BOSCH D-Tect 200 C,"Pokud při zařizování vašeho domova kladete důraz na všelijaké detaily a chcete být průběžně informován o nejnovějších produktech, které vám usnadní ži","Pokud při zařizování vašeho domova kladete důraz na všelijaké detaily a chcete být průběžně informován o nejnovějších produktech, které vám usnadní život, nakupujte <b>Detektor úniku vody BOSCH D-Tect 200 C</b> za tu nejlepší cenu.<br><br><ul><li>Barva: Modrý</li><li>Napětí: 12 V</li><li>Nápajecí Zdroj: Baterie</li><li>Funguje na baterie: Ano</li><li>Obsahuje: Baterie</li><li>Baterie v ceně: Ano</li><li>Typ baterie: Alkalické Baterie</li></ul>",Pop Pulse Emporium,https://cdnbigbuy.com/images/3165140988148_S7188553_P00.jpg,https://cdnbigbuy.com/images/3165140988148_S7188553_P00.jpg,https://cdnbigbuy.com/images/3165140988148_S7188553_P50.jpg,https://cdnbigbuy.com/images/3165140988148_S7188553_P10.jpg,1216.32,1,NEW,26.8,25.0,15.8,1.68,10586.0,CZK,2,8,3
S7125120,3308815074108,cs-CZ,Giardinaggio e fai da te,Drtička SFA SANIPRO XR UP Silence,"Pokud při zařizování vašeho domova kladete důraz na všelijaké detaily a chcete být průběžně informován o nejnovějších produktech, které vám usnadní ži","Pokud při zařizování vašeho domova kladete důraz na všelijaké detaily a chcete být průběžně informován o nejnovějších produktech, které vám usnadní život, nakupujte <b>Drtička SFA SANIPRO XR UP Silence</b> za tu nejlepší cenu.<br><br><ul><li>Barva: Bílý</li><li>Váha: 6 Kg</li><li>Není zahrnut: Baterie</li></ul>",Pop Pulse Emporium,https://cdnbigbuy.com/images/3308815074108_S7125120_P00.jpg,,,,1061.7,10,NEW,56.0,25.0,36.0,6.82,50400.0,CZK,2,8,3
S0464186,8721008535869,cs-CZ,Sport e attività all'aperto,Hoverboard Segway AA.05.16.01.0004,"Pokud hledáte nejnovější trendy na trhu, máme tu čest vám představit <b>Hoverboard Segway AA.05.16.01.0004</b>!<br><br><ul><li>Typ: Hoverboard</li><li","Pokud hledáte nejnovější trendy na trhu, máme tu čest vám představit <b>Hoverboard Segway AA.05.16.01.0004</b>!<br><br><ul><li>Typ: Hoverboard</li><li>Zásuvný produkt: Ano</li><li>Důležité informace: Pokud značka nezaregistrovala skútr, majitel bude muset projít ITV nebo TÜV, aby získal „EBE“ nebo individuální povolení k provozu.</li></ul><br><br>Důležité informace: Pokud značka nezaregistrovala skútr, majitel bude muset projít ITV nebo TÜV, aby získal „EBE“ nebo individuální povolení k provozu.",Pop Pulse Emporium,https://cdnbigbuy.com/images/8721008535869_S0464186_P00.jpg,,,,1339.64,21,NEW,85.5,44.7,36.0,14.82,137586.6,CZK,2,8,3
S7166120,4006508217694,cs-CZ,Casa e arredamento,"Superautomatický kávovar Melitta Barista Smart T Stříbřitý 1450 W 15 bar 1,8 L","Jestli hledáte vhodné elektrospotřebiče za špičkové ceny, nesmí vám uniknout <b>Superautomatický kávovar Melitta Barista Smart T Stříbřitý 1450 W 15 b","Jestli hledáte vhodné elektrospotřebiče za špičkové ceny, nesmí vám uniknout <b>Superautomatický kávovar Melitta Barista Smart T Stříbřitý 1450 W 15 bar 1,8 L</b> a další kousky z širokého výběru kvalitních malých domácích elektrospotřebičů!<br><br><p><b>MELITTA Barista Smart T</b> je <b>plně automatický kávovar</b> navržený pro osobní a profesionální přípravu espressa doma. Má elegantní design s <b>bílým a stříbrným</b> provedením, které ladí s moderní kuchyní. Extrakční systém pracuje s <b>tla",Pop Pulse Emporium,,,,,1281.68,4,NEW,59.5,42.0,5.9,6.12,14744.1,CZK,2,8,3
S0464184,8721008535814,cs-CZ,Sport e attività all'aperto,Hoverboard Segway AA.05.17.02.0003 Černý 25 km/h,Zůstaňte ve formě a objevujte poslední novinky ze sportovního světa s největšími zárukami! Nakupte <b>Hoverboard Segway AA.05.17.02.0003 Černý 25 km/h,"Zůstaňte ve formě a objevujte poslední novinky ze sportovního světa s největšími zárukami! Nakupte <b>Hoverboard Segway AA.05.17.02.0003 Černý 25 km/h</b> za nejlepší cenu a užívejte si života plného zdraví!<br><br><ul><li>Typ: <ul><li>Hoverboard</li><li>Brzdová destička</li><li>Přední</li></ul></li><li>Zásuvný produkt: Ano</li><li>Důležité informace: Pokud značka nezaregistrovala skútr, majitel bude muset projít ITV nebo TÜV, aby získal „EBE“ nebo individuální povolení k provozu.</li><li>Barva:",Pop Pulse Emporium,https://cdnbigbuy.com/images/8721008535814_I00.jpg,,,,865.7,2,NEW,85.5,44.7,36.0,14.82,137586.6,CZK,2,8,3
S0466095,7333394110646,cs-CZ,Casa e arredamento,Pyrolytická trouba AEG TE8PB731AB 71 L 3400 W,"Pokud hledáte nejnovější trendy na trhu, máme tu čest vám představit <b>Pyrolytická trouba AEG TE8PB731AB 71 L 3400 W</b>!<br><br><p><b>Pyrolytická tr","Pokud hledáte nejnovější trendy na trhu, máme tu čest vám představit <b>Pyrolytická trouba AEG TE8PB731AB 71 L 3400 W</b>!<br><br><p><b>Pyrolytická trouba</b> <b>AEG</b> představuje pokročilé a efektivní řešení pro moderní kuchyně, které integruje technologie usnadňující každodenní používání a zlepšující kulinářské výsledky. Tento spotřebič s elegantním <b>černým provedením</b> vyniká vysokou <b>energetickou třídou A++</b>, což optimalizuje spotřebu a přispívá k udržitelnějšímu domácímu prostřed",Pop Pulse Emporium,,,,,1184.22,1,NEW,54.8,51.4,52.3,41.0,147314.46,CZK,2,8,3
S7153406,3660767953741,cs-CZ,Casa e arredamento,Indukční Plotýnka Sauter SPI5361B 60 cm 7200 W,"Jestliže chcete renovovat svou kuchyň, kupte si <b>Indukční Plotýnka Sauter SPI5361B 60 cm 7200 W</b> a další <b>produkty Sauter</b>! Nejlepší kvalitu","Jestliže chcete renovovat svou kuchyň, kupte si <b>Indukční Plotýnka Sauter SPI5361B 60 cm 7200 W</b> a další <b>produkty Sauter</b>! Nejlepší kvalitu za nejlepší cenu máte na dosah!<br><ul><li>Barva: Černý</li><li>Šířka: 60 cm</li><li>Vlastnosti: Teflonový</li><li>Místo pro vaření: 3</li><li>Příkon: 7200 W</li><li>Typ zástrčky: Zástrčka EU</li><li>Materiál: Tvrzené sklo</li><li>Váha: 14 Kg</li></ul>",Pop Pulse Emporium,,,,,646.6,25,NEW,60.0,75.0,15.0,12.0,67500.0,CZK,2,8,3
S0466392,7333394069784,cs-CZ,Casa e arredamento,Indukční Plotýnka AEG TI63IQ10IB 7350 W,"Pokud hledáte nejnovější trendy na trhu, máme tu čest vám představit <b>Indukční Plotýnka AEG TI63IQ10IB 7350 W</b>!<br><br><ul><li>Typ: Indukční Plot","Pokud hledáte nejnovější trendy na trhu, máme tu čest vám představit <b>Indukční Plotýnka AEG TI63IQ10IB 7350 W</b>!<br><br><ul><li>Typ: Indukční Plotýnka</li><li>Zásuvný produkt: Ano</li><li>Typ zástrčky: Zástrčka EU</li><li>Vlastnosti: Blokování pro děti</li><li>Příkon: 7350 W</li><li>Místo pro vaření: 3</li><li>Barva: Černý</li><li>Dokončení: Matný</li><li>Nápajecí Zdroj: Elektrická</li><li>Úrovně výkonu: 9</li><li>Obsahuje: Manuál</li><li>Ovládání: Dotykový</li><li>Typ instalace: Vestaviteln",Pop Pulse Emporium,,,,,612.56,10,NEW,60.0,67.8,11.8,6.95,48002.4,CZK,2,8,3
M1206549,7640110699942,cs-CZ,Giardinaggio e fai da te,Laserová vodováha s čarami Leica Geosystems L6G,"Pokud při zařizování vašeho domova kladete důraz na všelijaké detaily a chcete být průběžně informován o nejnovějších produktech, které vám usnadní ži","Pokud při zařizování vašeho domova kladete důraz na všelijaké detaily a chcete být průběžně informován o nejnovějších produktech, které vám usnadní život, nakupujte <b>Laserová vodováha s čarami Leica Geosystems L6G</b> za tu nejlepší cenu.<br><br><ul><li>Typ: <ul><li>Laserová vodováha s čarami</li><li>Dobíjecí baterie</li></ul></li><li>Typ baterie: AA</li><li>Přesnost: <ul><li>± 0,2 MM/M</li><li>± 4°</li></ul></li><li>Napětí: 1,5 V</li><li>Velikost závitu: 1/4""</li><li>Rozsah: <ul><li>35 m</li>",Pop Pulse Emporium,https://cdnbigbuy.com/images/7640110699942_M1206549_P00.jpg,https://cdnbigbuy.com/images/7640110699942_M1206549_P20.jpg,https://cdnbigbuy.com/images/7640110699942_M1206549_P30.jpg,https://cdnbigbuy.com/images/7640110699942_M1206549_P40.jpg,1091.4,5,NEW,23.6,27.6,14.6,0.78,9509.86,CZK,2,8,3
S71003064,4067393016632,cs-CZ,Giardinaggio e fai da te,Sprchový sloup Grohe Vitalio Comfort Černý ABS 11 X 114 X 37 CM,"Pokud při zařizování vašeho domova kladete důraz na všelijaké detaily a chcete být průběžně informován o nejnovějších produktech, které vám usnadní ži","Pokud při zařizování vašeho domova kladete důraz na všelijaké detaily a chcete být průběžně informován o nejnovějších produktech, které vám usnadní život, nakupujte <b>Sprchový sloup Grohe Vitalio Comfort Černý ABS 11 X 114 X 37 CM</b> za tu nejlepší cenu.<br><br><p><b>Sprchový sloup Vitalio Comfort</b> od renomované značky Grohe je praktické a elegantní řešení do koupelny, navržené speciálně pro montáž na stěnu a dokončené v <b>matné černé</b>, která dodává moderní a sofistikovaný vzhled. Vyrob",Pop Pulse Emporium,https://cdnbigbuy.com/images/4067393016632_S71003064_P00.jpg,https://cdnbigbuy.com/images/4067393016632_S71003064_P20.jpg,https://cdnbigbuy.com/images/4067393016632_S71003064_P10.jpg,,809.02,2,NEW,37.0,10.2,114.0,6.6,43023.6,CZK,2,8,3
S7188862,3345111142018,cs-CZ,Giardinaggio e fai da te,Garage door engine Avidsen Orane510 500 kg,"Pokud při zařizování vašeho domova kladete důraz na všelijaké detaily a chcete být průběžně informován o nejnovějších produktech, které vám usnadní ži","Pokud při zařizování vašeho domova kladete důraz na všelijaké detaily a chcete být průběžně informován o nejnovějších produktech, které vám usnadní život, nakupujte <b>Garage door engine Avidsen Orane510 500 kg</b> za tu nejlepší cenu.<br><br><p><b>Motor pro garážová vrata Orane510</b> značky Avidsen je robustní a praktické řešení pro automatizaci křídlových vrat o šířce až <b>5 metrů</b> a maximální hmotnosti <b>500 kg</b>. Tento pohon je napájen z <b>evropské elektrické sítě (EU zásuvka)</b> a",Pop Pulse Emporium,https://cdnbigbuy.com/images/3345111142018_S7188862_P01.jpg,https://cdnbigbuy.com/images/3345111142018_S7188862_P41.jpg,https://cdnbigbuy.com/images/3345111142018_S7188862_P31.jpg,https://cdnbigbuy.com/images/3345111142018_S7188862_P21.jpg,759.34,10,NEW,57.0,42.0,26.5,18.63,63441.0,CZK,2,8,3
S0465779,7333394069968,cs-CZ,Casa e arredamento,Indukční Plotýnka AEG,"Pokud hledáte nejnovější trendy na trhu, máme tu čest vám představit <b>Indukční Plotýnka AEG</b>!<br><br><ul><li>Typ: Indukční Plotýnka</li><li>Zásuv","Pokud hledáte nejnovější trendy na trhu, máme tu čest vám představit <b>Indukční Plotýnka AEG</b>!<br><br><ul><li>Typ: Indukční Plotýnka</li><li>Zásuvný produkt: Ano</li></ul>",Pop Pulse Emporium,,,,,713.98,17,NEW,33.4,49.5,27.5,6.95,45465.75,CZK,2,8,3
M1205665,4021176039270,cs-CZ,Giardinaggio e fai da te,Stahovák ložisek KUKKO,"Pokud při zařizování vašeho domova kladete důraz na všelijaké detaily a chcete být průběžně informován o nejnovějších produktech, které vám usnadní ži","Pokud při zařizování vašeho domova kladete důraz na všelijaké detaily a chcete být průběžně informován o nejnovějších produktech, které vám usnadní život, nakupujte <b>Stahovák ložisek KUKKO</b> za tu nejlepší cenu.<br><br><ul><li>Typ: Stahovák ložisek</li><li>Rozsah: 12-34 mm</li></ul>",Pop Pulse Emporium,https://cdnbigbuy.com/images/4021176039270_M1205665_P00.jpg,https://cdnbigbuy.com/images/4021176039270_M1205665_P10.jpg,,,748.18,1,NEW,34.0,27.5,12.3,3.25,11500.5,CZK,2,8,3
S7108974,4004025086632,cs-CZ,Giardinaggio e fai da te,Elektrická stříkací pistole Wagner,"Pokud při zařizování vašeho domova kladete důraz na všelijaké detaily a chcete být průběžně informován o nejnovějších produktech, které vám usnadní ži","Pokud při zařizování vašeho domova kladete důraz na všelijaké detaily a chcete být průběžně informován o nejnovějších produktech, které vám usnadní život, nakupujte <b>Elektrická stříkací pistole Wagner</b> za tu nejlepší cenu.<br><br><ul><li>Příkon: 600 W</li><li>Tlakové: 110 BAR</li><li>Rozsah: 15 m²</li><li>Kapacita: 1,5 L</li><li>Barva: Černý</li></ul>",Pop Pulse Emporium,https://cdnbigbuy.com/images/4004025086632_S7108974_P01.jpg,,,,1007.72,5,NEW,47.0,40.8,34.0,9.68,65198.4,CZK,2,8,3
S71025302,6956079727796,cs-CZ,Casa e arredamento,Vysavač Eureka,"Jestli hledáte vhodné elektrospotřebiče za špičkové ceny, nesmí vám uniknout <b>Vysavač Eureka</b> a další kousky z širokého výběru kvalitních malých ","Jestli hledáte vhodné elektrospotřebiče za špičkové ceny, nesmí vám uniknout <b>Vysavač Eureka</b> a další kousky z širokého výběru kvalitních malých domácích elektrospotřebičů!<br><br><p><b>Vysavač</b> Eureka je zařízení navržené pro efektivní a pohodlný úklid díky <b>napájení lithium-iontovou baterií</b>, která zajišťuje dostatečnou výdrž a volnost pohybu bez kabelů. Jeho <b>obdélníkový</b> design usnadňuje přístup k různým povrchům a koutům, čímž optimalizuje sací výkon. Součástí je <b>1 lith",Pop Pulse Emporium,,,,,667.26,22,NEW,72.0,38.0,32.0,9.47,87552.0,CZK,2,8,3
M1200572,4021176013546,cs-CZ,Giardinaggio e fai da te,Stahovák ložisek KUKKO 3 Nohy,"Pokud při zařizování vašeho domova kladete důraz na všelijaké detaily a chcete být průběžně informován o nejnovějších produktech, které vám usnadní ži","Pokud při zařizování vašeho domova kladete důraz na všelijaké detaily a chcete být průběžně informován o nejnovějších produktech, které vám usnadní život, nakupujte <b>Stahovák ložisek KUKKO 3 Nohy</b> za tu nejlepší cenu.<br><br><ul><li>Typ: <ul><li>Univerzální</li><li>Stahovák ložisek</li></ul></li><li>Nohy: 3 Nohy</li><li>Vlastnosti: Klouzavé nohy</li><li>Šířka: 250 mm</li><li>Rozsah: 200 mm</li></ul>",Pop Pulse Emporium,https://cdnbigbuy.com/images/4021176013546_M1200572_P00.jpg,https://cdnbigbuy.com/images/4021176013546_M1200572_P20.jpg,https://cdnbigbuy.com/images/4021176013546_M1200572_P30.jpg,https://cdnbigbuy.com/images/4021176013546_M1200572_P10.jpg,820.18,1,NEW,31.0,31.0,4.5,9.6,4324.5,CZK,2,8,3
S7181835,4059952596754,cs-CZ,Giardinaggio e fai da te,Úderníková vrtačka BOSCH GDX/GSB 18 V 1750 rpm 350 Nm,"Pokud při zařizování vašeho domova kladete důraz na všelijaké detaily a chcete být průběžně informován o nejnovějších produktech, které vám usnadní ži","Pokud při zařizování vašeho domova kladete důraz na všelijaké detaily a chcete být průběžně informován o nejnovějších produktech, které vám usnadní život, nakupujte <b>Úderníková vrtačka BOSCH GDX/GSB 18 V 1750 rpm 350 Nm</b> za tu nejlepší cenu.<br><br><ul><li>Zásuvný produkt: Ano</li><li>Typ zástrčky: Zástrčka EU</li><li>Obsahuje: <ul><li>Aktovka</li><li>Nabíječka na baterie</li><li>Dobíjecí lithiová baterie x 2</li></ul></li><li>Typ: Nářadí</li><li>Napětí: 18 V</li><li>Rychlost: 1750 rpm</li>",Pop Pulse Emporium,https://cdnbigbuy.com/images/4059952596754_R01.jpg,https://cdnbigbuy.com/images/4059952596754_R51.jpg,https://cdnbigbuy.com/images/4059952596754_R61.jpg,https://cdnbigbuy.com/images/4059952596754_R71.jpg,795.76,1,NEW,44.2,38.8,11.7,5.74,20065.03,CZK,2,8,3
S0464315,8021735217794,cs-CZ,Giardinaggio e fai da te,Automatické čističe bazénu Nilox NXWTRSCOOTEROR,"Pokud hledáte nejnovější trendy na trhu, máme tu čest vám představit <b>Automatické čističe bazénu Nilox NXWTRSCOOTEROR</b>!","Pokud hledáte nejnovější trendy na trhu, máme tu čest vám představit <b>Automatické čističe bazénu Nilox NXWTRSCOOTEROR</b>!",Pop Pulse Emporium,https://cdnbigbuy.com/images/8021735217794_R00.jpg,https://cdnbigbuy.com/images/8021735217794_R10.jpg,,,615.54,8,NEW,35.8,40.7,34.3,6.71,49977.16,CZK,2,8,3
S71007829,4053423251050,cs-CZ,Giardinaggio e fai da te,Set vrtačky a doplňků BOSCH GSR18V-45 + GBH 18V-22 18 V,"Pokud při zařizování vašeho domova kladete důraz na všelijaké detaily a chcete být průběžně informován o nejnovějších produktech, které vám usnadní ži","Pokud při zařizování vašeho domova kladete důraz na všelijaké detaily a chcete být průběžně informován o nejnovějších produktech, které vám usnadní život, nakupujte <b>Set vrtačky a doplňků BOSCH GSR18V-45 + GBH 18V-22 18 V</b> za tu nejlepší cenu.<br><br><ul><li>Napětí: 18 V</li><li>Nápajecí Zdroj: Baterie</li><li>Obsahuje: <ul><li>Baterie</li><li>Dobíjecí lithiová baterie x 2</li></ul></li><li>Baterie v ceně: Ano</li><li>Typ baterie: Litio Ion</li></ul>",Pop Pulse Emporium,https://cdnbigbuy.com/images/4053423251050_S71007829_P00.jpg,,,,835.88,5,NEW,28.0,56.0,29.8,8.24,46726.4,CZK,2,8,3
M1200783,4021176007866,cs-CZ,Giardinaggio e fai da te,Oddělovač-vytažeč ložisek KUKKO,"Pokud při zařizování vašeho domova kladete důraz na všelijaké detaily a chcete být průběžně informován o nejnovějších produktech, které vám usnadní ži","Pokud při zařizování vašeho domova kladete důraz na všelijaké detaily a chcete být průběžně informován o nejnovějších produktech, které vám usnadní život, nakupujte <b>Oddělovač-vytažeč ložisek KUKKO</b> za tu nejlepší cenu.<br><br><ul><li>Typ: Stahovák ložisek</li><li>Rozsah: 200 mm</li></ul>",Pop Pulse Emporium,https://cdnbigbuy.com/images/4021176007866_M1200783_P00.jpg,https://cdnbigbuy.com/images/4021176007866_M1200783_P10.jpg,https://cdnbigbuy.com/images/4021176007866_M1200783_P20.jpg,https://cdnbigbuy.com/images/4021176007866_M1200783_P30.jpg,3071.96,1,NEW,50.0,31.5,10.5,32.18,16537.5,CZK,2,8,3
S7149786,8004399331648,cs-CZ,Casa e arredamento,Superautomatický kávovar DeLonghi ECAM650.85.MS 1450 W Šedý 1 L,"Jestli hledáte vhodné elektrospotřebiče za špičkové ceny, nesmí vám uniknout <b>Superautomatický kávovar DeLonghi ECAM650.85.MS 1450 W Šedý 1 L</b> a ","Jestli hledáte vhodné elektrospotřebiče za špičkové ceny, nesmí vám uniknout <b>Superautomatický kávovar DeLonghi ECAM650.85.MS 1450 W Šedý 1 L</b> a další kousky z širokého výběru kvalitních malých domácích elektrospotřebičů!<br><br><p><b>Superautomatický kávovar DeLonghi ECAM650.85.MS</b> nabízí sofistikovaný design v <b>černé a šedé</b> s povrchy z <b>nerezové oceli</b> a zamaku, které dodávají kuchyni odolnost a eleganci. Je vybaven <b>4,3palcovou dotykovou TFT obrazovkou</b>, která usnadňuj",Pop Pulse Emporium,,,,,2171.62,10,NEW,54.0,33.0,56.0,17.9,99792.0,CZK,2,8,3
M1205727,8024482178714,cs-CZ,Giardinaggio e fai da te,Sadu Nářadí GT Line ROCKTURTLEPTS Polyester PVC Kov Hliník Polyetylen Přírodní guma,"Pokud při zařizování vašeho domova kladete důraz na všelijaké detaily a chcete být průběžně informován o nejnovějších produktech, které vám usnadní ži","Pokud při zařizování vašeho domova kladete důraz na všelijaké detaily a chcete být průběžně informován o nejnovějších produktech, které vám usnadní život, nakupujte <b>Sadu Nářadí GT Line ROCKTURTLEPTS Polyester PVC Kov Hliník Polyetylen Přírodní guma</b> za tu nejlepší cenu.<br><br><ul><li>Typ: <ul><li>Sadu Nářadí</li><li>Taška na nářadí</li></ul></li><li>Barva: Černý</li><li>Materiál: <ul><li>Polyester</li><li>PVC</li><li>Kov</li><li>Hliník</li><li>Polyetylen</li><li>Přírodní guma</li></ul></l",Pop Pulse Emporium,https://cdnbigbuy.com/images/8024482178714_M1205727_P00.jpg,https://cdnbigbuy.com/images/8024482178714_M1205727_P30.jpg,https://cdnbigbuy.com/images/8024482178714_M1205727_P40.jpg,https://cdnbigbuy.com/images/8024482178714_M1205727_P50.jpg,724.98,5,NEW,35.0,40.0,50.0,9.0,70000.0,CZK,2,8,3
S71018203,0077924993442,cs-CZ,Casa e arredamento,Gril Weber Černý 43 x 22 cm,"Pokud hledáte nejnovější trendy na trhu, máme tu čest vám představit <b>Gril Weber Černý 43 x 22 cm</b>!<br><br><ul><li>Zásuvný produkt: Ano</li><li>T","Pokud hledáte nejnovější trendy na trhu, máme tu čest vám představit <b>Gril Weber Černý 43 x 22 cm</b>!<br><br><ul><li>Zásuvný produkt: Ano</li><li>Typ: <ul><li>Gril</li><li>Barbeque gril</li></ul></li><li>Typ zástrčky: Zástrčka EU</li><li>Barva: Černý</li><li>Materiál: <ul><li>Kov</li><li>Smaltovaná ocel</li></ul></li><li>Přibližné rozměry: 25 x 76 x 58 cm</li><li>Šířka: 76 cm</li><li>Tvar: Obdélníkový</li><li>Termostat: Nastavitelný</li><li>Nápajecí Zdroj: Gas</li><li>Grilovací plocha: 43 x 2",Pop Pulse Emporium,,,,,612.74,10,NEW,44.5,31.5,22.6,27.0,31679.55,CZK,2,8,3
S0438613,4242005320769,cs-CZ,Casa e arredamento,Indukční Plotýnka BOSCH PID61RBB5E 7400 W (60 cm),"Jestliže chcete renovovat svou kuchyň, kupte si <b>Indukční Plotýnka BOSCH PID61RBB5E 7400 W (60 cm)</b> a další <b>produkty BOSCH</b>! Nejlepší kvali","Jestliže chcete renovovat svou kuchyň, kupte si <b>Indukční Plotýnka BOSCH PID61RBB5E 7400 W (60 cm)</b> a další <b>produkty BOSCH</b>! Nejlepší kvalitu za nejlepší cenu máte na dosah!<br><br><ul><li>Šířka: <ul><li>60 cm</li><li>59,2 cm</li></ul></li><li>Zásuvný produkt: Ano</li><li>Typ zástrčky: Zástrčka EU</li><li>Typ: Indukční Plotýnka</li><li>Barva: Černý</li><li>Vlastnosti: <ul><li>Časovač</li><li>Blokování pro děti</li><li>Dotykový knoflík</li></ul></li><li>Typ instalace: Integrační</li><l",Pop Pulse Emporium,,,,,717.56,50,NEW,69.0,68.0,19.0,13.3,89148.0,CZK,2,8,3
S71019931,0034223331047,cs-CZ,Sport e attività all'aperto,Přenosný Chladící Box Dometic,"Pokud hledáte nejnovější trendy na trhu, máme tu čest vám představit <b>Přenosný Chladící Box Dometic</b>!<br><br><ul><li>Typ: Přenosný Chladící Box</","Pokud hledáte nejnovější trendy na trhu, máme tu čest vám představit <b>Přenosný Chladící Box Dometic</b>!<br><br><ul><li>Typ: Přenosný Chladící Box</li></ul>",Pop Pulse Emporium,https://cdnbigbuy.com/images/0034223331047_S71019931_P00.jpg,https://cdnbigbuy.com/images/0034223331047_S71019931_P20.jpg,https://cdnbigbuy.com/images/0034223331047_S71019931_P30.jpg,https://cdnbigbuy.com/images/0034223331047_S71019931_P40.jpg,791.96,5,NEW,34.0,47.0,58.0,13.18,92684.0,CZK,2,8,3
S71016413,3700628277378,cs-CZ,Sport e attività all'aperto,Přenosný Chladící Box Eza Blizz-E Flex Kov Plastické 56 L,"Pokud hledáte nejnovější trendy na trhu, máme tu čest vám představit <b>Přenosný Chladící Box Eza Blizz-E Flex Kov Plastické 56 L</b>!<br><br><p>Přeno","Pokud hledáte nejnovější trendy na trhu, máme tu čest vám představit <b>Přenosný Chladící Box Eza Blizz-E Flex Kov Plastické 56 L</b>!<br><br><p>Přenosná <b>lednice Blizz-E Flex</b> značky <b>Eza</b> je efektivní chladicí zařízení navržené pro vysokou všestrannost a pohodlí v mobilním i domácím prostředí. Má <b>kapacitu 56 litrů</b>, ideální pro uchování potravin a nápojů čerstvých během dlouhých cest, kempování nebo každodenního použití. Konstrukce kombinuje odolné materiály jako <b>kov a plast",Pop Pulse Emporium,https://cdnbigbuy.com/images/3700628277378_S71016413_P00.jpg,https://cdnbigbuy.com/images/3700628277378_S71016413_P10.jpg,https://cdnbigbuy.com/images/3700628277378_S71016413_P20.jpg,https://cdnbigbuy.com/images/3700628277378_S71016413_P30.jpg,879.48,2,NEW,30.8,28.6,33.3,17.3,29333.3,CZK,2,8,3
S71008209,4061792192164,cs-CZ,Giardinaggio e fai da te,Přímočará pila Metabo KS 18 LTX 66 BL,"Pokud při zařizování vašeho domova kladete důraz na všelijaké detaily a chcete být průběžně informován o nejnovějších produktech, které vám usnadní ži","Pokud při zařizování vašeho domova kladete důraz na všelijaké detaily a chcete být průběžně informován o nejnovějších produktech, které vám usnadní život, nakupujte <b>Přímočará pila Metabo KS 18 LTX 66 BL</b> za tu nejlepší cenu.<br><br><ul><li>Napětí: 18 V</li><li>Barva: <ul><li>Zelená</li><li>Černá/šedá</li></ul></li><li>Vlastnosti: LED Světlý</li><li>Nápajecí Zdroj: Baterie</li><li>Funguje na baterie: Ano</li><li>Typ baterie: Alkalické Baterie</li><li>Přibližný průměr: 165 mm</li></ul>",Pop Pulse Emporium,https://cdnbigbuy.com/images/4061792192164_S71008209_P00.jpg,https://cdnbigbuy.com/images/4061792192164_S71008209_P50.jpg,https://cdnbigbuy.com/images/4061792192164_S71008209_P10.jpg,https://cdnbigbuy.com/images/4061792192164_S71008209_P20.jpg,711.64,2,NEW,39.0,28.4,33.8,7.02,37436.88,CZK,2,8,3
S71015726,3701335304517,cs-CZ,Casa e arredamento,Kráječ na maso Hkoenig MSX252 Černý Šedý 240 W,"Pokud hledáte nejnovější trendy na trhu, máme tu čest vám představit <b>Kráječ na maso Hkoenig MSX252 Černý Šedý 240 W</b>!<br><br><p><b>MSX252 od Hko","Pokud hledáte nejnovější trendy na trhu, máme tu čest vám představit <b>Kráječ na maso Hkoenig MSX252 Černý Šedý 240 W</b>!<br><br><p><b>MSX252 od Hkoenig</b> je <b>kráječ</b> navržený pro přesnost, robustnost a snadné použití v domácnostech i profesionálních provozech. Vyrobený z <b>nerezové oceli</b> zajišťuje optimální hygienu a vysokou odolnost při častém používání a čištění, což je klíčové při zpracování potravin. Díky <b>výkonnému motoru 240 W</b> snadno krájí uzeniny, sýry, maso i další p",Pop Pulse Emporium,,,,,687.18,2,NEW,34.6,36.0,29.0,16.66,36122.4,CZK,2,8,3
S0452993,8435356373263,cs-CZ,Casa e arredamento,Zdroj vody Osmofilter ECO1600 C/BOMBA Bílý,"Pokud se zajímáte o <b>počítače a elektronika</b>, rádi máte doma moderní vybavení a hlídáte si každý detail, kupte si <b>Zdroj vody Osmofilter ECO160","Pokud se zajímáte o <b>počítače a elektronika</b>, rádi máte doma moderní vybavení a hlídáte si každý detail, kupte si <b>Zdroj vody Osmofilter ECO1600 C/BOMBA Bílý</b> za nejlepší ceny.<br><br><ul><li>Barva: Bílý</li></ul>",Pop Pulse Emporium,,,,,749.42,1,NEW,30.0,7.0,7.0,1.0,1470.0,CZK,2,8,3
S0458601,4895232707911,cs-CZ,Sport e attività all'aperto,Hoverboard Red Bull RACE TEN TURBO SE 500 W,Zůstaňte ve formě a objevujte poslední novinky ze sportovního světa s největšími zárukami! Nakupte <b>Hoverboard Red Bull RACE TEN TURBO SE 500 W</b> ,"Zůstaňte ve formě a objevujte poslední novinky ze sportovního světa s největšími zárukami! Nakupte <b>Hoverboard Red Bull RACE TEN TURBO SE 500 W</b> za nejlepší cenu a užívejte si života plného zdraví!<br><br><p><b>Elektrická koloběžka RACE TEN TURBO SE</b> od Red Bull nabízí efektivní a praktické řešení pro městské přesuny s moderním a funkčním designem. Tento model je dostupný v <b>modré a černé barvě</b>, kombinující estetiku a nenápadnost, a je vybaven <b>motorem o výkonu 500 W</b>, který u",Pop Pulse Emporium,https://cdnbigbuy.com/images/4895232707911_S0458601_P00.jpg,https://cdnbigbuy.com/images/4895232707911_S0458601_P10.jpg,,,776.1,10,NEW,85.5,44.7,36.0,14.82,137586.6,CZK,2,8,3
S0459143,4242005391424,cs-CZ,Casa e arredamento,Indukční Plotýnka BOSCH PXJ631HC2E 60 cm 7400 W,"Jestliže chcete renovovat svou kuchyň, kupte si <b>Indukční Plotýnka BOSCH PXJ631HC2E 60 cm 7400 W</b> a další <b>produkty BOSCH</b>! Nejlepší kvalitu","Jestliže chcete renovovat svou kuchyň, kupte si <b>Indukční Plotýnka BOSCH PXJ631HC2E 60 cm 7400 W</b> a další <b>produkty BOSCH</b>! Nejlepší kvalitu za nejlepší cenu máte na dosah!<br><br><p><b>Indukční varná deska PXJ631HC2E</b> od <b>BOSCH</b> je navržena pro efektivní a bezpečné vaření, vybavená <b>třemi varnými zónami</b>, které umožňují flexibilní použití různých nádob současně. S kompaktní šířkou <b>60 cm</b> se tato deska hodí do kuchyní s omezeným prostorem, aniž by ztratila výkon, při",Pop Pulse Emporium,,,,,919.96,2,NEW,69.0,68.0,19.0,10.0,89148.0,CZK,2,8,3
S71003611,3165140888301,cs-CZ,Giardinaggio e fai da te,Laserová vodováha BOSCH 30 m,"Pokud při zařizování vašeho domova kladete důraz na všelijaké detaily a chcete být průběžně informován o nejnovějších produktech, které vám usnadní ži","Pokud při zařizování vašeho domova kladete důraz na všelijaké detaily a chcete být průběžně informován o nejnovějších produktech, které vám usnadní život, nakupujte <b>Laserová vodováha BOSCH 30 m</b> za tu nejlepší cenu.<br><br><ul><li>Barva: <ul><li>Modrý</li><li>Červený</li></ul></li><li>Materiál: Plastické</li><li>Napětí: 12 V</li><li>Nápajecí Zdroj: Baterie</li><li>Počet kusů: 3 Kusy</li><li>Stupeň krytí: IP54</li><li>Funguje na baterie: Ano</li><li>Obsahuje: <ul><li>Baterie</li><li>Dobíjec",Pop Pulse Emporium,https://cdnbigbuy.com/images/3165140888301_S71003611_P00.jpg,https://cdnbigbuy.com/images/3165140888301_S71003611_P10.jpg,,,930.36,2,NEW,34.8,44.4,13.8,4.7,21322.66,CZK,2,8,3
M1206538,8024482185255,cs-CZ,Giardinaggio e fai da te,Sadu Nářadí GT Line V-Rock Turtle PTS Hliník Polyetylen Ocel Plastické,"Pokud při zařizování vašeho domova kladete důraz na všelijaké detaily a chcete být průběžně informován o nejnovějších produktech, které vám usnadní ži","Pokud při zařizování vašeho domova kladete důraz na všelijaké detaily a chcete být průběžně informován o nejnovějších produktech, které vám usnadní život, nakupujte <b>Sadu Nářadí GT Line V-Rock Turtle PTS Hliník Polyetylen Ocel Plastické</b> za tu nejlepší cenu.<br><br><ul><li>Typ: Sadu Nářadí</li><li>Barva: Černý</li><li>Materiál: <ul><li>Hliník</li><li>Polyetylen</li><li>Ocel</li><li>Plastické</li></ul></li><li>Obsahuje: <ul><li>Kapsy</li><li>Tác x 3</li></ul></li><li>Vlastnosti: Horní ucho</",Pop Pulse Emporium,https://cdnbigbuy.com/images/8024482185255_M1206538_P00.jpg,https://cdnbigbuy.com/images/8024482185255_M1206538_P40.jpg,https://cdnbigbuy.com/images/8024482185255_M1206538_P50.jpg,https://cdnbigbuy.com/images/8024482185255_M1206538_P10.jpg,722.92,2,NEW,50.0,40.0,35.0,9.0,70000.0,CZK,2,8,3
S71015588,5061042263162,cs-CZ,Casa e arredamento,Robotický vysavač iRobot,"Pokud při zařizování vašeho domova kladete důraz na všelijaké detaily a chcete být průběžně informován o nejnovějších produktech, které vám usnadní ži","Pokud při zařizování vašeho domova kladete důraz na všelijaké detaily a chcete být průběžně informován o nejnovějších produktech, které vám usnadní život, nakupujte <b>Robotický vysavač iRobot</b> za tu nejlepší cenu.<br><br><p><b>Robotický vysavač</b> <b>iRobot ROOMBA 105AE COMBO WHI</b> je praktické a efektivní řešení pro každodenní údržbu čistoty v domácnosti. Má kompaktní a <b>kulatý</b> design v <b>bílé barvě</b>, který usnadňuje pohyb a přístup do těžko dostupných míst. Je vybaven <b>Wi-Fi",Pop Pulse Emporium,,,,,636.04,10,NEW,39.2,38.7,30.3,6.9,45966.31,CZK,2,8,3
S7175709,3165140913515,cs-CZ,Giardinaggio e fai da te,Termický fotoaparát BOSCH GTC 400,"Pokud při zařizování vašeho domova kladete důraz na všelijaké detaily a chcete být průběžně informován o nejnovějších produktech, které vám usnadní ži","Pokud při zařizování vašeho domova kladete důraz na všelijaké detaily a chcete být průběžně informován o nejnovějších produktech, které vám usnadní život, nakupujte <b>Termický fotoaparát BOSCH GTC 400</b> za tu nejlepší cenu.<br><br><ul><li>Barva: Modrý</li><li>Nápajecí Zdroj: Baterie</li><li>Funguje na baterie: <ul><li>Ano</li><li>1 Litio Ion</li></ul></li><li>Baterie v ceně: Ano</li><li>Typ baterie: Litio Ion</li></ul>",Pop Pulse Emporium,https://cdnbigbuy.com/images/3165140913515_S7175709_P00.jpg,,,,1692.74,1,NEW,34.2,44.0,13.8,3.34,20766.24,CZK,2,8,3
S71016754,5061042262929,cs-CZ,Casa e arredamento,Robotický vysavač iRobot Roomba Plus 405 5000 mAh,"Pokud hledáte nejnovější trendy na trhu, máme tu čest vám představit <b>Robotický vysavač iRobot Roomba Plus 405 5000 mAh</b>!<br><br><ul><li>Zásuvný ","Pokud hledáte nejnovější trendy na trhu, máme tu čest vám představit <b>Robotický vysavač iRobot Roomba Plus 405 5000 mAh</b>!<br><br><ul><li>Zásuvný produkt: Ano</li><li>Barva: Černý</li><li>Vlastnosti: <ul><li>Snadný k čištění</li><li>Rozpoznává překážky</li></ul></li><li>Připojení: Wi-Fi</li><li>Tvar: Kulatý</li><li>Kompatibilní: <ul><li>Amazon Alexa</li><li>Google Home</li></ul></li><li>Obsahuje: <ul><li>Nabíjecí podstavec</li><li>Sānu Birste x 2</li><li>HEPA filtr x 1</li><li>Čisticí kartáč",Pop Pulse Emporium,,,,,1138.94,25,NEW,39.2,38.7,30.3,13.3,45966.31,CZK,2,8,3
S71015632,0193108142540,cs-CZ,Giardinaggio e fai da te,Bezpečnostní kamera Arlo Ultra V2,"Pokud hledáte nejnovější trendy na trhu, máme tu čest vám představit <b>Bezpečnostní kamera Arlo Ultra V2</b>!<br><br><ul><li>Typ: <ul><li>Videokamera","Pokud hledáte nejnovější trendy na trhu, máme tu čest vám představit <b>Bezpečnostní kamera Arlo Ultra V2</b>!<br><br><ul><li>Typ: <ul><li>Videokamera</li><li>IP bezpečnostní kamera</li></ul></li><li>Kusů: 2 kusů</li><li>Vlastnosti: <ul><li>Noční vidění</li><li>Baterie</li><li>Exteriér</li><li>Integrované reproduktory</li><li>Integrovaný mikrofon</li><li>Odolný vůči klimatu</li><li>LED kontrolka provozu</li></ul></li><li>Barva: Bílý</li><li>Připojení: <ul><li>Bluetooth</li><li>Wi-Fi</li><li>Wi-F",Pop Pulse Emporium,https://cdnbigbuy.com/images/0193108142540_S71015632_P00.jpg,https://cdnbigbuy.com/images/0193108142540_I10.jpg,https://cdnbigbuy.com/images/0193108142540_S71015632_P30.jpg,https://cdnbigbuy.com/images/0193108142540_I20.jpg,1184.6,1,NEW,23.0,20.0,17.0,1.87,7820.0,CZK,2,8,3
S7184406,4000907017732,cs-CZ,Casa e arredamento,Konvenční digestoř Dometic CK 2000 40 cm 12 V,"Jestliže chcete renovovat svou kuchyň, kupte si <b>Konvenční digestoř Dometic CK 2000 40 cm 12 V</b> a další <b>produkty Dometic</b>! Nejlepší kvalitu","Jestliže chcete renovovat svou kuchyň, kupte si <b>Konvenční digestoř Dometic CK 2000 40 cm 12 V</b> a další <b>produkty Dometic</b>! Nejlepší kvalitu za nejlepší cenu máte na dosah!<br><br><ul><li>Délka: 40 cm</li><li>Napětí: 12 V</li><li>Typ: Konvenční digestoř</li><li>Zásuvný produkt: Ano</li><li>Typ zástrčky: Zástrčka EU</li><li>Materiál: Nerezová ocel</li><li>Příkon: 5 W</li><li>Hlučnost: 65 dB</li><li>Váha: 2,2 kg</li></ul>",Pop Pulse Emporium,,,,,786.3,1,NEW,32.3,44.0,9.0,2.65,12790.8,CZK,2,8,3
S0454473,8435025721159,cs-CZ,Casa e arredamento,Trouba Nodor NORCHEF MO4800DB 1400 W 40 L,"Jestliže chcete renovovat svou kuchyň, kupte si <b>Trouba Nodor NORCHEF MO4800DB 1400 W 40 L</b> a další <b>produkty Nodor</b>! Nejlepší kvalitu za ne","Jestliže chcete renovovat svou kuchyň, kupte si <b>Trouba Nodor NORCHEF MO4800DB 1400 W 40 L</b> a další <b>produkty Nodor</b>! Nejlepší kvalitu za nejlepší cenu máte na dosah!<br><br><ul><li>Zásuvný produkt: Ano</li><li>Typ zástrčky: Zástrčka EU</li><li>Typ trouby: Trouba</li><li>Typ: Konvekční Trouba</li><li>Nápajecí Zdroj: elektrická síť</li><li>Příkon: 1400 W</li><li>Energetická klasifikace: A</li><li>Připojení: No</li><li>Vlastnosti: <ul><li>Blokování pro děti</li><li>Vnitřní světlo</li><li",Pop Pulse Emporium,,,,,797.96,1,NEW,54.8,51.4,52.3,41.0,147314.46,CZK,2,8,3
S7148033,9420064116997,cs-CZ,Sport e attività all'aperto,Lokátor ryb Lowrance Elite FS Series 12 V,Zůstaňte ve formě a objevujte poslední novinky ze sportovního světa s největšími zárukami! Nakupte <b>Lokátor ryb Lowrance Elite FS Series 12 V</b> za,"Zůstaňte ve formě a objevujte poslední novinky ze sportovního světa s největšími zárukami! Nakupte <b>Lokátor ryb Lowrance Elite FS Series 12 V</b> za nejlepší cenu a užívejte si života plného zdraví!<br><br><ul><li>Typ: GPS lokátor</li><li>Napětí: 12 V</li><li>Materiál: Plastické</li><li>Pohlaví: Unisex dospělí</li><li>Připojení: Ethernet LAN</li><li>Úhlopříčka obrazovky (cm): 17,8 cm</li></ul>",Pop Pulse Emporium,https://cdnbigbuy.com/images/9420064116997_S7148033_P01.jpg,https://cdnbigbuy.com/images/9420064116997_S7148033_P31.jpg,https://cdnbigbuy.com/images/9420064116997_S7148033_P11.jpg,https://cdnbigbuy.com/images/9420064116997_S7148033_P21.jpg,1537.3,1,NEW,32.6,40.6,15.0,3.54,19853.4,CZK,2,8,3
S0453498,8007411010699,cs-CZ,Giardinaggio e fai da te,Parní čistič POLTI FAV30 2450 W,"Jestli hledáte vhodné elektrospotřebiče za špičkové ceny, nesmí vám uniknout <b>Parní čistič POLTI FAV30 2450 W</b> a další kousky z širokého výběru k","Jestli hledáte vhodné elektrospotřebiče za špičkové ceny, nesmí vám uniknout <b>Parní čistič POLTI FAV30 2450 W</b> a další kousky z širokého výběru kvalitních malých domácích elektrospotřebičů!<br><br><ul><li>Barva: Bílý</li><li>Příkon: 2450 W</li><li>Tlakové: 4 bar</li><li>Kapacita: 1,8 L</li></ul>",Pop Pulse Emporium,https://cdnbigbuy.com/images/8007411010699_S0453498_P01.jpg,,,,678.84,2,NEW,40.8,33.5,28.6,4.96,39090.48,CZK,2,8,3
S71001654,3760372556761,cs-CZ,Casa e arredamento,Robotický vysavač EZIclean All in one Z10 Plus,"Pokud při zařizování vašeho domova kladete důraz na všelijaké detaily a chcete být průběžně informován o nejnovějších produktech, které vám usnadní ži","Pokud při zařizování vašeho domova kladete důraz na všelijaké detaily a chcete být průběžně informován o nejnovějších produktech, které vám usnadní život, nakupujte <b>Robotický vysavač EZIclean All in one Z10 Plus</b> za tu nejlepší cenu.<br><br><ul><li>Zásuvný produkt: Ano</li><li>Typ zástrčky: Zástrčka EU</li></ul>",Pop Pulse Emporium,,,,,1288.94,5,NEW,44.8,55.7,45.8,16.05,114287.49,CZK,2,8,3
S7153409,3660767956643,cs-CZ,Casa e arredamento,Indukční Plotýnka Sauter SPI6361B 60 cm 7200 W,"Jestliže chcete renovovat svou kuchyň, kupte si <b>Indukční Plotýnka Sauter SPI6361B 60 cm 5700 W</b> a další <b>produkty Sauter</b>! Nejlepší kvalitu","Jestliže chcete renovovat svou kuchyň, kupte si <b>Indukční Plotýnka Sauter SPI6361B 60 cm 5700 W</b> a další <b>produkty Sauter</b>! Nejlepší kvalitu za nejlepší cenu máte na dosah!<br><ul><li>Typ: Indukční Plotýnka</li><li>Barva: Černý</li><li>Šířka: 60 cm</li><li>Místo pro vaření: 3</li><li>Příkon: 5700 W</li></ul>",Pop Pulse Emporium,,,,,646.48,25,NEW,74.0,60.0,14.0,11.3,62160.0,CZK,2,8,3
S0461727,8435089040944,cs-CZ,Sport e attività all'aperto,Hoverboard Smartgyro SG27-555,"Pokud hledáte nejnovější trendy na trhu, máme tu čest vám představit <b>Hoverboard Smartgyro SG27-555</b>!<br><br><ul><li>Typ: Hoverboard</li><li>Zásu","Pokud hledáte nejnovější trendy na trhu, máme tu čest vám představit <b>Hoverboard Smartgyro SG27-555</b>!<br><br><ul><li>Typ: Hoverboard</li><li>Zásuvný produkt: Ano</li><li>Důležité informace: Pokud značka nezaregistrovala skútr, majitel bude muset projít ITV nebo TÜV, aby získal „EBE“ nebo individuální povolení k provozu.</li></ul><br><br>Důležité informace: Pokud značka nezaregistrovala skútr, majitel bude muset projít ITV nebo TÜV, aby získal „EBE“ nebo individuální povolení k provozu..",Pop Pulse Emporium,https://cdnbigbuy.com/images/8435089040944_S9916799_P00.jpg,,,,1722.14,2,NEW,85.5,44.7,36.0,14.82,137586.6,CZK,2,8,3
S71015240,6941607349885,cs-CZ,Giardinaggio e fai da te,Bestway Nafukovací Bazén 365x320x240 cm + 5 let Zahrada 53408,Tyto nabídky produktů vám zajistí příjemnou letní zábavu. Malí i dospělí si je okamžitě zamilují ! Nakupujte <b>Vodní tobogán Bestway Vícebarevný</b> ,"Tyto nabídky produktů vám zajistí příjemnou letní zábavu. Malí i dospělí si je okamžitě zamilují ! Nakupujte <b>Vodní tobogán Bestway Vícebarevný</b> a užívejte si chvíle volna!<br><br><p>Hladký <b>nafukovací vodní skluzavka</b> od Bestway je ideální volbou pro zábavu nejmenších, navržená speciálně pro děti od <b>5 let</b>. S atraktivní <b>barevnou kombinací</b>, která okamžitě přitahuje pozornost, tento vodní park nabízí svěží a vzrušující herní zážitek. Vyrobená z <b>vysoce kvalitního plastu</",Pop Pulse Emporium,https://cdnbigbuy.com/images/6941607349885I20.jpg,https://cdnbigbuy.com/images/6941607349885_R90.jpg,https://cdnbigbuy.com/images/6941607349885_R50.jpg,https://cdnbigbuy.com/images/6941607349885_R10.jpg,661.34,2,NEW,28.2,54.0,41.0,27.8,62434.8,CZK,2,8,3
S7149775,4006508221608,cs-CZ,Casa e arredamento,Superautomatický kávovar Melitta F230-101 Stříbřitý 1450 W 15 bar 1 L,"Jestli hledáte vhodné elektrospotřebiče za špičkové ceny, nesmí vám uniknout <b>Superautomatický kávovar Melitta F230-101 Stříbřitý 1450 W 15 bar 1 L<","Jestli hledáte vhodné elektrospotřebiče za špičkové ceny, nesmí vám uniknout <b>Superautomatický kávovar Melitta F230-101 Stříbřitý 1450 W 15 bar 1 L</b> a další kousky z širokého výběru kvalitních malých domácích elektrospotřebičů!<br><br><ul><li>Barva: Stříbřitý</li><li>Příkon: 1450 W</li><li>Zásuvný produkt: Ano</li><li>Typ zástrčky: Zástrčka EU</li><li>Materiál: Nerezová ocel</li><li>Energetická klasifikace: A</li><li>Kapacita: 1 L</li><li>Tlakové: 15 bar</li><li>Vestavěný displej: Ano</li><",Pop Pulse Emporium,,,,,682.98,25,NEW,30.2,55.2,38.6,8.78,64347.74,CZK,2,8,3
S71008817,6941812775905,cs-CZ,Sport e attività all'aperto,Hoverboard Xiaomi Electric Scooter 4 300 W,Zůstaňte ve formě a objevujte poslední novinky ze sportovního světa s největšími zárukami! Nakupte <b>Hoverboard Xiaomi Electric Scooter 4 300 W</b> z,"Zůstaňte ve formě a objevujte poslední novinky ze sportovního světa s největšími zárukami! Nakupte <b>Hoverboard Xiaomi Electric Scooter 4 300 W</b> za nejlepší cenu a užívejte si života plného zdraví!<br><br><ul><li>Typ: Hoverboard</li><li>Zásuvný produkt: Ano</li><li>Důležité informace: Pokud značka nezaregistrovala skútr, majitel bude muset projít ITV nebo TÜV, aby získal „EBE“ nebo individuální povolení k provozu.</li><li>Typ zástrčky: Zástrčka EU</li><li>Příkon: 300 W</li></ul>",Pop Pulse Emporium,https://cdnbigbuy.com/images/6941812775905_S71008817_P00.jpg,https://cdnbigbuy.com/images/6941812775905_S71008817_P20.jpg,https://cdnbigbuy.com/images/6941812775905_S71008817_P30.jpg,https://cdnbigbuy.com/images/6941812775905_S71008817_P40.jpg,772.94,10,NEW,85.5,44.7,36.0,14.82,137586.6,CZK,2,8,3
M1206548,7640180530657,cs-CZ,Giardinaggio e fai da te,Laserová vodováha s čarami Leica Geosystems L6G,"Pokud při zařizování vašeho domova kladete důraz na všelijaké detaily a chcete být průběžně informován o nejnovějších produktech, které vám usnadní ži","Pokud při zařizování vašeho domova kladete důraz na všelijaké detaily a chcete být průběžně informován o nejnovějších produktech, které vám usnadní život, nakupujte <b>Laserová vodováha s čarami Leica Geosystems L6G</b> za tu nejlepší cenu.<br><br><ul><li>Typ: <ul><li>Laserová vodováha s čarami</li><li>Dobíjecí baterie</li></ul></li><li>Typ baterie: AA</li><li>Přesnost: <ul><li>± 0,2 MM/M</li><li>± 4°</li></ul></li><li>Napětí: 1,5 V</li><li>Velikost závitu: 1/4""</li><li>Rozsah: <ul><li>35 m</li>",Pop Pulse Emporium,https://cdnbigbuy.com/images/7640180530657_M1206548_P00.jpg,https://cdnbigbuy.com/images/7640180530657_M1206548_P40.jpg,https://cdnbigbuy.com/images/7640180530657_M1206548_P10.jpg,https://cdnbigbuy.com/images/7640180530657_M1206548_P20.jpg,939.36,1,NEW,23.6,27.6,14.6,0.78,9509.86,CZK,2,8,3
S7190679,4015704280388,cs-CZ,Sport e attività all'aperto,Přenosný Chladící Box Dometic CFF35 Šedý,Zůstaňte ve formě a objevujte poslední novinky ze sportovního světa s největšími zárukami! Nakupte <b>Přenosný Chladící Box Dometic CFF35 Šedý</b> za ,Zůstaňte ve formě a objevujte poslední novinky ze sportovního světa s největšími zárukami! Nakupte <b>Přenosný Chladící Box Dometic CFF35 Šedý</b> za nejlepší cenu a užívejte si života plného zdraví!<br><br><ul><li>Technologie: LCD</li><li>Typ: Přenosný Chladící Box</li><li>Barva: Šedý</li><li>Vhodné pro: Exteriér</li><li>Vlastnosti: <ul><li>LCD obrazovka</li><li>Nosná rukojeť</li></ul></li><li>Energetická klasifikace: D</li><li>elektrická síť: AC/DC</li><li>Obsahuje: <ul><li>Adaptér AC</li><li>,Pop Pulse Emporium,https://cdnbigbuy.com/images/4015704280388_S7190679_P01.jpg,https://cdnbigbuy.com/images/4015704280388_S7190679_P21.jpg,https://cdnbigbuy.com/images/4015704280388_S7190679_P31.jpg,https://cdnbigbuy.com/images/4015704280388_S7190679_P41.jpg,844.68,5,NEW,62.5,43.5,43.3,20.02,117721.88,CZK,2,8,3
S71013833,0622356291736,cs-CZ,Casa e arredamento,Robotický vysavač Shark,"Pokud při zařizování vašeho domova kladete důraz na všelijaké detaily a chcete být průběžně informován o nejnovějších produktech, které vám usnadní ži","Pokud při zařizování vašeho domova kladete důraz na všelijaké detaily a chcete být průběžně informován o nejnovějších produktech, které vám usnadní život, nakupujte <b>Robotický vysavač Shark</b> za tu nejlepší cenu.<br><br><ul><li>Zásuvný produkt: Ano</li><li>Typ zástrčky: Zástrčka EU</li><li>Barva: Černý</li><li>Tvar: Kulatý</li><li>Vlastnosti: Programovatelný</li><li>Kapacita: 1,7 L</li></ul>",Pop Pulse Emporium,,,,,1125.14,2,NEW,39.2,38.7,30.3,5.51,45966.31,CZK,2,8,3
S71003864,3165140690058,cs-CZ,Giardinaggio e fai da te,Frézka BOSCH GOF 1250 CE,"Pokud při zařizování vašeho domova kladete důraz na všelijaké detaily a chcete být průběžně informován o nejnovějších produktech, které vám usnadní ži","Pokud při zařizování vašeho domova kladete důraz na všelijaké detaily a chcete být průběžně informován o nejnovějších produktech, které vám usnadní život, nakupujte <b>Frézka BOSCH GOF 1250 CE</b> za tu nejlepší cenu.<br><br><ul><li>Barva: <ul><li>Černý</li><li>Modrý</li></ul></li><li>Materiál: Plastické</li><li>Napětí: 230 V</li><li>Nápajecí Zdroj: Elektrický kabel</li><li>Vlastnosti: Bezpečnostní zámek</li></ul>",Pop Pulse Emporium,https://cdnbigbuy.com/images/3165140690058_S71003864_P00.jpg,,,,739.24,2,NEW,41.0,36.0,28.0,6.64,41328.0,CZK,2,8,3
M1201645,4007140006479,cs-CZ,Giardinaggio e fai da te,Kovový jádrový vrták RUKO 150 mm,"Pokud při zařizování vašeho domova kladete důraz na všelijaké detaily a chcete být průběžně informován o nejnovějších produktech, které vám usnadní ži","Pokud při zařizování vašeho domova kladete důraz na všelijaké detaily a chcete být průběžně informován o nejnovějších produktech, které vám usnadní život, nakupujte <b>Kovový jádrový vrták RUKO 150 mm</b> za tu nejlepší cenu.<br><br><ul><li>Typ: Kovový jádrový vrták</li><li>Přibližný průměr: 150 mm</li><li>Barva: Vícebarevný</li><li>Materiál: <ul><li>Kov</li><li>Rychlořezná ocel (HSS)</li><li>Tvrdý kov (HM)</li></ul></li><li>Vhodné pro: <ul><li>Dřevo</li><li>Kov</li></ul></li><li>Vlastnosti: Per",Pop Pulse Emporium,https://cdnbigbuy.com/images/4007140006479_M1201645_P00.jpg,https://cdnbigbuy.com/images/4007140006479_M1201645_P10.jpg,,,685.76,1,NEW,18.0,16.0,5.0,1.13,1440.0,CZK,2,8,3
S7109198,3283494602968,cs-CZ,Giardinaggio e fai da te,Páječka Stanley VIP 200A,"Pokud při zařizování vašeho domova kladete důraz na všelijaké detaily a chcete být průběžně informován o nejnovějších produktech, které vám usnadní ži","Pokud při zařizování vašeho domova kladete důraz na všelijaké detaily a chcete být průběžně informován o nejnovějších produktech, které vám usnadní život, nakupujte <b>Páječka Stanley VIP 200A</b> za tu nejlepší cenu.<br><br><ul><li>Typ zástrčky: Zástrčka EU</li><li>Zásuvný produkt: Ano</li><li>Typ: Svářecí tužka</li><li>Barva: Žlutý</li><li>Napětí: 230 V</li><li>Nápajecí Zdroj: Elektrický kabel</li><li>Není zahrnut: Baterie</li><li>Materiál: Kov/Plastické</li></ul>",Pop Pulse Emporium,https://cdnbigbuy.com/images/3283494602968_S7109198_P01.jpg,https://cdnbigbuy.com/images/3283494602968_R51.jpg,https://cdnbigbuy.com/images/3283494602968_S7109198_P11.jpg,https://cdnbigbuy.com/images/3283494602968_R61.jpg,952.24,2,NEW,62.0,24.5,44.0,17.5,66836.0,CZK,2,8,3
M1207105,7640110696781,cs-CZ,Giardinaggio e fai da te,Rotující laserová vodováha Leica Geosystems Rugby 640,"Pokud při zařizování vašeho domova kladete důraz na všelijaké detaily a chcete být průběžně informován o nejnovějších produktech, které vám usnadní ži","Pokud při zařizování vašeho domova kladete důraz na všelijaké detaily a chcete být průběžně informován o nejnovějších produktech, které vám usnadní život, nakupujte <b>Rotující laserová vodováha Leica Geosystems Rugby 640</b> za tu nejlepší cenu.<br><br><ul><li>Typ: Rotující laserová vodováha</li><li>Typ baterie: Li-Ion</li><li>Přesnost: <ul><li>± 2,2 A 30 M MM</li><li>±5°</li></ul></li><li>Rozsah: 400 M</li></ul>",Pop Pulse Emporium,https://cdnbigbuy.com/images/7640110696781_M1207105_P00.jpg,https://cdnbigbuy.com/images/7640110696781_M1207105_P10.jpg,,,3128.6,1,NEW,25.0,25.0,25.0,4.0,15625.0,CZK,2,8,3
M1207224,9002719042808,cs-CZ,Giardinaggio e fai da te,Laserová vodováha s čarami SOLA 3D Green Professional,"Pokud při zařizování vašeho domova kladete důraz na všelijaké detaily a chcete být průběžně informován o nejnovějších produktech, které vám usnadní ži","Pokud při zařizování vašeho domova kladete důraz na všelijaké detaily a chcete být průběžně informován o nejnovějších produktech, které vám usnadní život, nakupujte <b>Laserová vodováha s čarami SOLA 3D Green Professional</b> za tu nejlepší cenu.<br><br><ul><li>Typ: Laserová vodováha s čarami</li><li>Přesnost: <ul><li>±0,30 MM/M</li><li>±3°</li></ul></li><li>Kapacita baterie: 3450 MAH</li><li>Napětí: 3,6 V</li><li>Velikost závitu: <ul><li>1/4""</li><li>5/8""</li></ul></li><li>Rozsah: <ul><li>80 m<",Pop Pulse Emporium,https://cdnbigbuy.com/images/9002719042808_M1207224_P00.jpg,https://cdnbigbuy.com/images/9002719042808_M1207224_P20.jpg,https://cdnbigbuy.com/images/9002719042808_M1207224_P10.jpg,,796.78,1,NEW,23.6,27.6,14.6,5.0,9509.86,CZK,2,8,3
S0408175,4242006250973,cs-CZ,Casa e arredamento,Indukční Plotýnka Balay 3EB967FR 60 cm 60 cm,"Jestliže chcete renovovat svou kuchyň, kupte si <b>Indukční Plotýnka Balay 3EB967FR 60 cm 60 cm</b> a další <b>produkty Balay</b>! Nejlepší kvalitu za","Jestliže chcete renovovat svou kuchyň, kupte si <b>Indukční Plotýnka Balay 3EB967FR 60 cm 60 cm</b> a další <b>produkty Balay</b>! Nejlepší kvalitu za nejlepší cenu máte na dosah!<br><br><p><b>Balay 3EB967FR</b> je <b>indukční varná deska</b> navržená pro efektivitu a přesnost vaření s přibližnou šířkou <b>60 cm</b>, díky čemuž je univerzální volbou pro vestavné kuchyně. Tato deska má <b>tři varné zóny</b>, které umožňují nezávislé rozdělení výkonu s maximálním celkovým výkonem <b>7400 W</b>, id",Pop Pulse Emporium,,,,,643.34,50,NEW,69.0,68.0,19.0,13.0,89148.0,CZK,2,8,3
S0460752,0622356285179,cs-CZ,Casa e arredamento,Robotický vysavač Shark RV2800ZEEU,"Pokud při zařizování vašeho domova kladete důraz na všelijaké detaily a chcete být průběžně informován o nejnovějších produktech, které vám usnadní ži","Pokud při zařizování vašeho domova kladete důraz na všelijaké detaily a chcete být průběžně informován o nejnovějších produktech, které vám usnadní život, nakupujte <b>Robotický vysavač Shark RV2800ZEEU</b> za tu nejlepší cenu.<br><br><p><b>Robotický vysavač Shark RV2800ZEEU</b> nabízí praktické a efektivní řešení pro úklid domácnosti s kompaktním a funkčním designem. Jeho <b>kulatý</b> tvar v <b>černé barvě</b> usnadňuje přístup do úzkých prostor a rohů, zatímco jeho nádobka o <b>objemu 1,7 lit",Pop Pulse Emporium,,,,,753.44,50,NEW,39.2,38.7,30.3,5.51,45966.31,CZK,2,8,3
S71007621,8004399331174,cs-CZ,Casa e arredamento,Superautomatický kávovar DeLonghi ECAM 350.75.S Stříbřitý 300 g,"Jestli hledáte vhodné elektrospotřebiče za špičkové ceny, nesmí vám uniknout <b>Superautomatický kávovar DeLonghi ECAM 350.75.S Stříbřitý 300 g</b> a ","Jestli hledáte vhodné elektrospotřebiče za špičkové ceny, nesmí vám uniknout <b>Superautomatický kávovar DeLonghi ECAM 350.75.S Stříbřitý 300 g</b> a další kousky z širokého výběru kvalitních malých domácích elektrospotřebičů!<br><br><p><b>Superautomatický kávovar DELONGHI ECAM 350.75.S</b> kombinuje pokročilou funkčnost a elegantní design, ideální pro ty, kdo hledají kvalitu a všestrannost při přípravě kávy. Jeho konstrukce z <b>nerezové oceli</b> se stříbrným povrchem a <b>černou barvou</b> za",Pop Pulse Emporium,,,,,1381.22,4,NEW,49.5,29.0,49.0,11.93,70339.5,CZK,2,8,3
S0468425,4242003985731,cs-CZ,Casa e arredamento,Trouba Siemens AG HB572AES4,"Pokud hledáte nejnovější trendy na trhu, máme tu čest vám představit <b>Trouba Siemens AG HB572AES4</b>!<br><br><p><b>Horkovzdušná trouba</b> od <b>Si","Pokud hledáte nejnovější trendy na trhu, máme tu čest vám představit <b>Trouba Siemens AG HB572AES4</b>!<br><br><p><b>Horkovzdušná trouba</b> od <b>Siemens AG</b> představuje efektivní a moderní řešení pro domácí kuchyně, které spojuje současný design s funkcemi optimalizujícími kulinářský zážitek. Díky <b>kapacitě 71 litrů</b> umožňuje připravovat více pokrmů najednou, což je ideální jak pro rodiny, tak pro ty, kteří při vaření potřebují více prostoru. Vyniká <b>energetickou třídou A+</b> (s od",Pop Pulse Emporium,,,,,1128.0,1,NEW,54.8,51.4,52.3,41.0,147314.46,CZK,2,8,3
S0463736,7333394108971,cs-CZ,Casa e arredamento,Trouba AEG OU5PB41WSB GT 72 L,"Jestliže chcete renovovat svou kuchyň, kupte si <b>Trouba AEG OU5PB41WSB GT 72 L</b> a další <b>produkty AEG</b>! Nejlepší kvalitu za nejlepší cenu má","Jestliže chcete renovovat svou kuchyň, kupte si <b>Trouba AEG OU5PB41WSB GT 72 L</b> a další <b>produkty AEG</b>! Nejlepší kvalitu za nejlepší cenu máte na dosah!<br><br><ul><li>Typ trouby: Trouba</li><li>Zásuvný produkt: Ano</li><li>Typ zástrčky: Zástrčka EU</li><li>Energetická klasifikace: A++</li><li>Kapacita: 72 L</li></ul>",Pop Pulse Emporium,,,,,705.14,21,NEW,54.8,51.4,52.3,41.0,147314.46,CZK,2,8,3
S71015683,4053423251074,cs-CZ,Giardinaggio e fai da te,Úderníková vrtačka BOSCH,"Pokud hledáte nejnovější trendy na trhu, máme tu čest vám představit <b>Úderníková vrtačka BOSCH</b>!<br><br><p><b>Kombo sada příklepových vrtacích šr","Pokud hledáte nejnovější trendy na trhu, máme tu čest vám představit <b>Úderníková vrtačka BOSCH</b>!<br><br><p><b>Kombo sada příklepových vrtacích šroubováků BOSCH</b> obsahuje tři profesionální nástroje navržené pro maximální všestrannost a výkon při vrtání a šroubování. Sadu tvoří příklepová vrtačka <b>GSR 18V-55</b>, rázový utahovák <b>GDX 18V-200</b> a příklepové kladivo <b>GBH 18V-22</b>, všechny napájené bateriemi <b>ProCORE18V 4.0Ah</b>, které zajišťují dlouhou výdrž a vysoký výkon i při",Pop Pulse Emporium,https://cdnbigbuy.com/images/4053423251074_S71015683_P00.jpg,https://cdnbigbuy.com/images/4053423251074_S71015683_P10.jpg,,,1210.96,2,NEW,52.0,35.0,32.0,12.35,58240.0,CZK,2,8,3
S7184747,0753759279813,cs-CZ,Sport e attività all'aperto,LED zadní světlo na kolo GARMIN,Zůstaňte ve formě a objevujte poslední novinky ze sportovního světa s největšími zárukami! Nakupte <b>LED zadní světlo na kolo GARMIN</b> za nejlepší ,Zůstaňte ve formě a objevujte poslední novinky ze sportovního světa s největšími zárukami! Nakupte <b>LED zadní světlo na kolo GARMIN</b> za nejlepší cenu a užívejte si života plného zdraví!,Pop Pulse Emporium,https://cdnbigbuy.com/images/0753759279813_R01.jpg,https://cdnbigbuy.com/images/0753759279813_R21.jpg,https://cdnbigbuy.com/images/0753759279813_R31.jpg,https://cdnbigbuy.com/images/0753759279813_R41.jpg,689.46,5,NEW,14.3,9.1,7.1,0.37,923.92,CZK,2,8,3
S71025299,6956079727727,cs-CZ,Casa e arredamento,Robotický vysavač Eureka,"Pokud při zařizování vašeho domova kladete důraz na všelijaké detaily a chcete být průběžně informován o nejnovějších produktech, které vám usnadní ži","Pokud při zařizování vašeho domova kladete důraz na všelijaké detaily a chcete být průběžně informován o nejnovějších produktech, které vám usnadní život, nakupujte <b>Robotický vysavač Eureka</b> za tu nejlepší cenu.<br><br><p><b>Robotický vysavač</b> Eureka je zařízení navržené pro efektivní a praktický úklid domácnosti, spojující funkčnost a technologii v kompaktním a snadno ovladatelném formátu. Jeho <b>černá barva</b> a <b>kulatý design</b> s přibližnými rozměry <b>25 cm</b> usnadňují pohyb",Pop Pulse Emporium,,,,,939.3,10,NEW,39.0,49.0,33.0,10.56,63063.0,CZK,2,8,3
S0469201,8806097264903,cs-CZ,Casa e arredamento,Tyčový vysavač Samsung VS80F28DLP,"Pokud hledáte nejnovější trendy na trhu, máme tu čest vám představit <b>Tyčový vysavač Samsung VS80F28DLP</b>!<br><br><ul><li>Zásuvný produkt: Ano</li","Pokud hledáte nejnovější trendy na trhu, máme tu čest vám představit <b>Tyčový vysavač Samsung VS80F28DLP</b>!<br><br><ul><li>Zásuvný produkt: Ano</li><li>Typ: <ul><li>Tyčový vysavač</li><li>Suchý</li></ul></li><li>Barva: Šedý</li><li>Šířka: 30 cm</li><li>Vlastnosti: <ul><li>LED Světlý</li><li>Vestavěný displej</li></ul></li><li>Kapacita: 500 ml</li><li>Nápajecí Zdroj: Baterie</li><li>Přibližná doba nabíjení: 3,5 hodin</li><li>Přibližná výdrž: 1 hodina</li><li>Technologie: LCD</li><li>Typ bateri",Pop Pulse Emporium,,,,,947.56,10,NEW,37.4,41.2,93.1,13.6,143455.93,CZK,2,8,3
S71013483,3701122125103,cs-CZ,Sport e attività all'aperto,Hoverboard Dualtron DOLPHIN Černý 25 km/h 450 W,"Pokud hledáte nejnovější trendy na trhu, máme tu čest vám představit <b>Hoverboard Dualtron DOLPHIN Černý 25 km/h 450 W</b>!<br><br><ul><li>Typ: Hover","Pokud hledáte nejnovější trendy na trhu, máme tu čest vám představit <b>Hoverboard Dualtron DOLPHIN Černý 25 km/h 450 W</b>!<br><br><ul><li>Typ: Hoverboard</li><li>Zásuvný produkt: Ano</li><li>Důležité informace: Pokud značka nezaregistrovala skútr, majitel bude muset projít ITV nebo TÜV, aby získal „EBE“ nebo individuální povolení k provozu.</li><li>Typ zástrčky: Zástrčka EU</li><li>Barva: Černý</li><li>Rychlost: 25 km/h</li><li>Doporučený věk: + 16 roků</li><li>Příkon: 450 W</li><li>Přibližná ",Pop Pulse Emporium,https://cdnbigbuy.com/images/3701122125103_S71013483_P00.jpg,https://cdnbigbuy.com/images/3701122125103_S71013483_P10.jpg,,,937.38,4,NEW,85.5,44.7,36.0,14.82,137586.6,CZK,2,8,3
M1200887,4021176865183,cs-CZ,Giardinaggio e fai da te,Otevřený klíč KUKKO 110 mm,"Pokud při zařizování vašeho domova kladete důraz na všelijaké detaily a chcete být průběžně informován o nejnovějších produktech, které vám usnadní ži","Pokud při zařizování vašeho domova kladete důraz na všelijaké detaily a chcete být průběžně informován o nejnovějších produktech, které vám usnadní život, nakupujte <b>Otevřený klíč KUKKO 110 mm</b> za tu nejlepší cenu.<br><br><ul><li>Typ: Otevřený klíč</li><li>velikost: 110 mm</li><li>Délka: 500 mm</li><li>Materiál: Ocel</li></ul>",Pop Pulse Emporium,https://cdnbigbuy.com/images/4021176865183_M1200887_P00.jpg,https://cdnbigbuy.com/images/4021176865183_M1200887_P20.jpg,https://cdnbigbuy.com/images/4021176865183_M1200887_P10.jpg,,986.88,1,NEW,51.0,23.0,4.9,15.64,5747.7,CZK,2,8,3
S71013655,4006508230945,cs-CZ,Casa e arredamento,Superautomatický kávovar Melitta Barista SE F830-003 Černý 1450 W 15 bar,"Jestli hledáte vhodné elektrospotřebiče za špičkové ceny, nesmí vám uniknout <b>Superautomatický kávovar Melitta Barista SE F830-003 Černý 1450 W 15 b","Jestli hledáte vhodné elektrospotřebiče za špičkové ceny, nesmí vám uniknout <b>Superautomatický kávovar Melitta Barista SE F830-003 Černý 1450 W 15 bar</b> a další kousky z širokého výběru kvalitních malých domácích elektrospotřebičů!<br><br><p><b>Superautomatický kávovar Melitta Barista SE F830-003</b> je zařízení navržené pro milovníky kávy, kteří hledají kvalitu a snadné použití v každodenním režimu. Tento kompaktní a elegantní model v <b>černé barvě</b> má <b>výkon 1450 W</b>, který zajišťu",Pop Pulse Emporium,,,,,1221.44,5,NEW,44.1,39.1,38.8,8.89,66903.23,CZK,2,8,3
S71014899,4066529127266,cs-CZ,Giardinaggio e fai da te,Vysokotlaký čistič Kärcher K 5 Power Control Flex Home,"Pokud hledáte nejnovější trendy na trhu, máme tu čest vám představit <b>Vysokotlaký čistič Kärcher K 5 Power Control Flex Home</b>!<br><br><ul><li>Typ","Pokud hledáte nejnovější trendy na trhu, máme tu čest vám představit <b>Vysokotlaký čistič Kärcher K 5 Power Control Flex Home</b>!<br><br><ul><li>Typ: Vysokotlaký čistič</li><li>Nápajecí Zdroj: Elektrický kabel</li></ul>",Pop Pulse Emporium,https://cdnbigbuy.com/images/4066529127266_S71014899_P00.jpg,https://cdnbigbuy.com/images/4066529127266_S71014899_P40.jpg,https://cdnbigbuy.com/images/4066529127266_S71014899_P10.jpg,https://cdnbigbuy.com/images/4066529127266_S71014899_P20.jpg,690.32,25,NEW,45.3,38.7,40.8,16.37,71526.89,CZK,2,8,3
S71016756,5061042263063,cs-CZ,Casa e arredamento,Robotický vysavač iRobot Roomba Plus 505 Combo,"Pokud hledáte nejnovější trendy na trhu, máme tu čest vám představit <b>Robotický vysavač iRobot Roomba Plus 505 Combo</b>!<br><br><p><b>Roomba Plus 5","Pokud hledáte nejnovější trendy na trhu, máme tu čest vám představit <b>Robotický vysavač iRobot Roomba Plus 505 Combo</b>!<br><br><p><b>Roomba Plus 505 Combo</b> od <b>iRobot</b> je pokročilý <b>robotický vysavač</b> navržený pro efektivní a kompletní úklid moderních domácností. Obsahuje technologii <b>iTech Smart 2.0</b>, která optimalizuje navigaci a přizpůsobení zařízení různým povrchům a prostředím, čímž zajišťuje účinné pokrytí. Jeho <b>bílá barva</b> dodává jednoduchý a elegantní design v",Pop Pulse Emporium,,,,,1350.68,25,NEW,39.2,38.7,30.3,13.54,45966.31,CZK,2,8,3
S71009961,4003482347706,cs-CZ,Giardinaggio e fai da te,Skříň na klíč Burg-Wachter FP 44 E Černý,"Pokud se zajímáte o <b>počítače a elektronika</b>, rádi máte doma moderní vybavení a hlídáte si každý detail, kupte si <b>Skříň na klíč Burg-Wachter F","Pokud se zajímáte o <b>počítače a elektronika</b>, rádi máte doma moderní vybavení a hlídáte si každý detail, kupte si <b>Skříň na klíč Burg-Wachter FP 44 E Černý</b> za nejlepší ceny.<br><br><ul><li>Funguje na baterie: Ano</li><li>Barva: Černý</li><li>Materiál: <ul><li>Ocel</li><li>Papír</li></ul></li><li>Vlastnosti: Vestavěný displej</li><li>Typ baterie: <ul><li>AA</li><li>Alkalické Baterie</li></ul></li><li>Baterie v ceně: Ano</li><li>Přibližná hmotnost: 25 kg</li><li>Šířka: 39 cm</li><li>Typ",Pop Pulse Emporium,https://cdnbigbuy.com/images/4003482347706_S71009961_P00.jpg,https://cdnbigbuy.com/images/4003482347706_S71009961_P10.jpg,https://cdnbigbuy.com/images/4003482347706_S71009961_P20.jpg,https://cdnbigbuy.com/images/4003482347706_S71009961_P30.jpg,634.96,1,NEW,38.0,46.0,40.0,25.18,69920.0,CZK,2,8,3
S71013657,3701122103316,cs-CZ,Sport e attività all'aperto,Hoverboard Dualtron TOGO Černý 25 km/h 600 W,"Pokud hledáte nejnovější trendy na trhu, máme tu čest vám představit <b>Hoverboard Dualtron TOGO Černý 25 km/h 600 W</b>!<br><br><ul><li>Typ: Hoverboa","Pokud hledáte nejnovější trendy na trhu, máme tu čest vám představit <b>Hoverboard Dualtron TOGO Černý 25 km/h 600 W</b>!<br><br><ul><li>Typ: Hoverboard</li><li>Zásuvný produkt: Ano</li><li>Důležité informace: Pokud značka nezaregistrovala skútr, majitel bude muset projít ITV nebo TÜV, aby získal „EBE“ nebo individuální povolení k provozu.</li><li>Typ zástrčky: Zástrčka EU</li><li>Barva: Černý</li><li>Rychlost: 25 km/h</li><li>Materiál: Kov</li><li>Příkon: 600 W</li><li>Doporučený věk: + 16 roků",Pop Pulse Emporium,https://cdnbigbuy.com/images/3701122103316_S71013657_P00.jpg,https://cdnbigbuy.com/images/3701122103316_S71013657_P20.jpg,https://cdnbigbuy.com/images/3701122103316_S71013657_P30.jpg,https://cdnbigbuy.com/images/3701122103316_S71013657_P40.jpg,977.34,1,NEW,85.5,44.7,36.0,14.82,137586.6,CZK,2,8,3
S71016349,6976233677347,cs-CZ,Casa e arredamento,Tyčový vysavač Dreame,"Jestli hledáte vhodné elektrospotřebiče za špičkové ceny, nesmí vám uniknout <b>Tyčový vysavač Dreame</b> a další kousky z širokého výběru kvalitních ","Jestli hledáte vhodné elektrospotřebiče za špičkové ceny, nesmí vám uniknout <b>Tyčový vysavač Dreame</b> a další kousky z širokého výběru kvalitních malých domácích elektrospotřebičů!<br><br><p><b>Vysavač tyčový Dreame H14 PRO</b> nabízí pokročilé řešení pro domácí úklid s možností suchého i mokrého vysávání, což umožňuje univerzální a efektivní čištění různých povrchů. Je vybaven výkonným motorem o <b>400W</b> a zvládne pokrýt plochu až <b>300 m²</b>, což usnadňuje úklid větších prostor bez ča",Pop Pulse Emporium,,,,,907.94,25,NEW,49.9,33.1,48.0,11.07,79281.12,CZK,2,8,3
S0456986,4242005361557,cs-CZ,Casa e arredamento,"Indukční Plotýnka BOSCH PVJ631HC1E 59,2 cm 7400 W","Jestliže chcete renovovat svou kuchyň, kupte si <b>Indukční Plotýnka BOSCH PVJ631HC1E 59,2 cm 7400 W</b> a další <b>produkty BOSCH</b>! Nejlepší kvali","Jestliže chcete renovovat svou kuchyň, kupte si <b>Indukční Plotýnka BOSCH PVJ631HC1E 59,2 cm 7400 W</b> a další <b>produkty BOSCH</b>! Nejlepší kvalitu za nejlepší cenu máte na dosah!<br><br><p><b>Indukční varná deska PVJ631HC1E</b> od <b>BOSCH</b> je zařízení navržené pro efektivní a bezpečné vaření, ideální pro moderní domácnosti a kuchyňské prostory vyžadující pokročilou technologii. Disponuje <b>třemi varnými zónami</b>, které umožňují všestranné a současné použití, optimalizující prostor d",Pop Pulse Emporium,,,,,775.68,2,NEW,69.0,68.0,19.0,10.0,89148.0,CZK,2,8,3
S0466100,7333394061702,cs-CZ,Casa e arredamento,Konvenční digestoř AEG GV77D91ST Černý,"Pokud hledáte nejnovější trendy na trhu, máme tu čest vám představit <b>Konvenční digestoř AEG GV77D91ST Černý</b>!<br><br><ul><li>Typ: <ul><li>Odsava","Pokud hledáte nejnovější trendy na trhu, máme tu čest vám představit <b>Konvenční digestoř AEG GV77D91ST Černý</b>!<br><br><ul><li>Typ: <ul><li>Odsavač do kuchyně</li><li>Konvenční digestoř</li></ul></li><li>Zásuvný produkt: Ano</li><li>Typ zástrčky: Zástrčka EU</li><li>Energetická klasifikace: A+</li><li>Hlučnost: 43 dB</li><li>Extrakční kapacita: 445 m3/h</li><li>Barva: Černý</li><li>velikost: 90 cm</li><li>Materiál: Kov</li><li>Úrovně výkonu: 3</li><li>Obsahuje: Filtr</li><li>Ovládání: Dotyko",Pop Pulse Emporium,,,,,1156.2,1,NEW,44.2,42.4,37.0,2.72,69340.96,CZK,2,8,3
S0454237,8433766201121,cs-CZ,Casa e arredamento,"Superautomatický kávovar Solac CE4810 Černý 1470 W 1,2 L","Jestli hledáte vhodné elektrospotřebiče za špičkové ceny, nesmí vám uniknout <b>Superautomatický kávovar Solac CE4810 Černý 1470 W 1,2 L</b> a další k","Jestli hledáte vhodné elektrospotřebiče za špičkové ceny, nesmí vám uniknout <b>Superautomatický kávovar Solac CE4810 Černý 1470 W 1,2 L</b> a další kousky z širokého výběru kvalitních malých domácích elektrospotřebičů!<br><br><p><b>Superautomatický kávovar Solac CE4810</b> kombinuje pokročilé funkce a robustní design, aby poskytl kompletní zážitek z přípravy kávy doma nebo v malých pracovních prostorách. Díky <b>maximálnímu provoznímu tlaku 19 barů</b> zaručuje optimální extrakci kávy, což umož",Pop Pulse Emporium,,,,,633.2,2,NEW,48.2,42.4,39.3,9.16,80316.62,CZK,2,8,3
S71023203,0034223508067,cs-CZ,Sport e attività all'aperto,Přenosný Chladící Box Dometic Černý Béžový,Zůstaňte ve formě a objevujte poslední novinky ze sportovního světa s největšími zárukami! Nakupte <b>Přenosný Chladící Box Dometic Černý Béžový</b> z,Zůstaňte ve formě a objevujte poslední novinky ze sportovního světa s největšími zárukami! Nakupte <b>Přenosný Chladící Box Dometic Černý Béžový</b> za nejlepší cenu a užívejte si života plného zdraví!<br><br><ul><li>Typ: Přenosný Chladící Box</li><li>Barva: <ul><li>Černý</li><li>Béžový</li></ul></li><li>Vlastnosti: Nosná rukojeť</li><li>Energetická klasifikace: C</li><li>elektrická síť: AC/DC</li><li>Frekvence: 50 - 60 Hz</li><li>Napětí: 100 - 240 V</li><li>Typ zástrčky: Zástrčka EU</li><li>Obs,Pop Pulse Emporium,https://cdnbigbuy.com/images/0034223508067_S71023203_P00.jpg,https://cdnbigbuy.com/images/0034223508067_S71023203_P50.jpg,https://cdnbigbuy.com/images/0034223508067_S71023203_P10.jpg,https://cdnbigbuy.com/images/0034223508067_R70.jpg,919.02,2,NEW,44.0,53.0,63.0,19.3,146916.0,CZK,2,8,3
S71022458,8004399332164,cs-CZ,Casa e arredamento,Superautomatický kávovar DeLonghi Magnifica S 1450 W Bílý,"Jestli hledáte vhodné elektrospotřebiče za špičkové ceny, nesmí vám uniknout <b>Superautomatický kávovar DeLonghi Magnifica S 1450 W Bílý</b> a další ","Jestli hledáte vhodné elektrospotřebiče za špičkové ceny, nesmí vám uniknout <b>Superautomatický kávovar DeLonghi Magnifica S 1450 W Bílý</b> a další kousky z širokého výběru kvalitních malých domácích elektrospotřebičů!<br><br><p><b>Kávovar Superautomat Magnifica S</b> od <b>DeLonghi</b> je kompletní řešení pro milovníky espressa, kteří hledají profesionální kvalitu a pohodlí doma nebo v malé kanceláři. Tento model vyniká <b>integrovaným mlýnkem na zrnkovou kávu</b>, který zajišťuje čerstvé a r",Pop Pulse Emporium,,,,,608.36,25,NEW,41.0,50.0,31.0,10.75,63550.0,CZK,2,8,3
S7194860,4242004269762,cs-CZ,Casa e arredamento,Indukční Plotýnka Neff T66FTX4L0 60 cm,"Jestliže chcete renovovat svou kuchyň, kupte si <b>Indukční Plotýnka Neff T66FTX4L0 60 cm</b> a další <b>produkty Neff</b>! Nejlepší kvalitu za nejlep","Jestliže chcete renovovat svou kuchyň, kupte si <b>Indukční Plotýnka Neff T66FTX4L0 60 cm</b> a další <b>produkty Neff</b>! Nejlepší kvalitu za nejlepší cenu máte na dosah!<br><br><ul><li>Zásuvný produkt: Ano</li><li>Typ zástrčky: Zástrčka EU</li><li>Typ: <ul><li>Indukční Plotýnka</li><li>Vestavěný</li></ul></li><li>Barva: Černý</li><li>Místo pro vaření: <ul><li>4</li><li>3</li></ul></li><li>Šířka: 60 cm</li><li>Vlastnosti: Blokování pro děti</li><li>Funkce: Časovač</li><li>Tvar: Obdélníkový</li",Pop Pulse Emporium,,,,,1282.86,1,NEW,75.0,60.0,12.0,14.94,54000.0,CZK,2,8,3
S71016411,3700628277354,cs-CZ,Sport e attività all'aperto,Přenosný Chladící Box Eza Blizz-E Flex 45 x 38 x 62 cm Plastické 38 L,"Pokud hledáte nejnovější trendy na trhu, máme tu čest vám představit <b>Přenosný Chladící Box Eza Blizz-E Flex 45 x 38 x 62 cm Plastické 38 L</b>!<br>","Pokud hledáte nejnovější trendy na trhu, máme tu čest vám představit <b>Přenosný Chladící Box Eza Blizz-E Flex 45 x 38 x 62 cm Plastické 38 L</b>!<br><br><p>Přenosná <b>lednice</b> Eza Blizz-E Flex je všestranné a pokročilé řešení pro přepravu a uchování potravin a nápojů, vyznačující se kompresorovou technologií, která umožňuje udržovat teploty mezi <b>-20°C a +20°C</b>, což usnadňuje jak chlazení, tak mrazení podle potřeb uživatele. S kapacitou <b>38 litrů</b> nabízí vhodnou velikost pro výlet",Pop Pulse Emporium,https://cdnbigbuy.com/images/3700628277354_S71016411_P00.jpg,https://cdnbigbuy.com/images/3700628277354_S71016411_P40.jpg,https://cdnbigbuy.com/images/3700628277354_S71016411_P10.jpg,https://cdnbigbuy.com/images/3700628277354_S71016411_P20.jpg,721.82,5,NEW,30.8,28.6,33.3,1.3,29333.3,CZK,2,8,3
S7149785,8004399021365,cs-CZ,Casa e arredamento,Superautomatický kávovar DeLonghi ECAM290.22.B Černý 1450 W 15 bar,"Jestli hledáte vhodné elektrospotřebiče za špičkové ceny, nesmí vám uniknout <b>Superautomatický kávovar DeLonghi ECAM290.22.B Černý 1450 W 15 bar</b>","Jestli hledáte vhodné elektrospotřebiče za špičkové ceny, nesmí vám uniknout <b>Superautomatický kávovar DeLonghi ECAM290.22.B Černý 1450 W 15 bar</b> a další kousky z širokého výběru kvalitních malých domácích elektrospotřebičů!<br><br><p><b>Superautomatický kávovar DeLonghi ECAM290.22.B</b> je stroj navržený pro kompletní zážitek z přípravy espressa doma nebo v malých kancelářích. S výkonem <b>1450W</b> a tlakem <b>15 bar</b> zajišťuje optimální extrakci vůní a chutí kávy, což vede k plným náp",Pop Pulse Emporium,,,,,722.88,25,NEW,50.0,30.6,41.0,11.7,62730.0,CZK,2,8,3
S71024950,6974653812478,cs-CZ,Casa e arredamento,Vysavač Roborock Bílý,"Pokud hledáte nejnovější trendy na trhu, máme tu čest vám představit <b>Vysavač Roborock Bílý</b>!<br><br><p><b>ROBOROCK F25 ACE COMBO</b> od Roborock","Pokud hledáte nejnovější trendy na trhu, máme tu čest vám představit <b>Vysavač Roborock Bílý</b>!<br><br><p><b>ROBOROCK F25 ACE COMBO</b> od Roborock je <b>bezdrátový vysavač</b> univerzální a efektivní, navržený tak, aby nabízel více funkcí úklidu v jednom zařízení. S sacím výkonem <b>20 kPa</b> zajišťuje optimální schopnost sbírat prach a nečistoty na suchých površích, ideální pro každodenní údržbu domácnosti. Navíc obsahuje technologii horkého mytí dosahující <b>90 °C</b>, což umožňuje hlubš",Pop Pulse Emporium,,,,,1233.84,25,NEW,84.0,36.0,35.0,12.3,105840.0,CZK,2,8,3
S71017610,6936905900753,cs-CZ,Casa e arredamento,Robotický vysavač Roborock 6400 mAh,"Pokud hledáte nejnovější trendy na trhu, máme tu čest vám představit <b>Robotický vysavač Roborock 6400 mAh</b>!<br><br><p><b>ROBOROCK SAROS Z70</b> j","Pokud hledáte nejnovější trendy na trhu, máme tu čest vám představit <b>Robotický vysavač Roborock 6400 mAh</b>!<br><br><p><b>ROBOROCK SAROS Z70</b> je pokročilý <b>robotický vysavač</b> navržený pro efektivní a adaptivní úklid domácnosti s ultratenkým designem, který usnadňuje přístup do těžko dostupných míst. Zařízení vyniká <b>výkonem 65 W</b> a sacím tlakem <b>22000 Pa</b>, což zaručuje důkladné odstranění prachu a nečistot z různých povrchů. Navíc obsahuje inovativní <b>kloubové rameno Omni",Pop Pulse Emporium,,,,,3134.62,19,NEW,39.2,38.7,30.3,23.57,45966.31,CZK,2,8,3
S55313783,0097855208194,cs-CZ,Giardinaggio e fai da te,Senzor Logitech 950-000109,"Pokud se zajímáte o <b>počítače a elektronika</b>, rádi máte doma moderní vybavení a hlídáte si každý detail, kupte si <b>Senzor Logitech 950-000109</","Pokud se zajímáte o <b>počítače a elektronika</b>, rádi máte doma moderní vybavení a hlídáte si každý detail, kupte si <b>Senzor Logitech 950-000109</b> za nejlepší ceny.<br><br><ul><li>Typ: <ul><li>Webkamera</li><li>Bezdrátový</li></ul></li><li>Barva: Bílý</li><li>Připojení: Bluetooth</li><li>Baterie v ceně: Ano</li><li>Vlastnosti: Bezdrátová</li><li>Funkční rozpětí vlhkosti: 10 % - 90 %</li><li>Vestavěný displej: Č.</li><li>Teplota přibližně: -40º / 70º</li></ul>",Pop Pulse Emporium,https://cdnbigbuy.com/images/0097855208194_I01.jpg,https://cdnbigbuy.com/images/0097855208194_I21.jpg,https://cdnbigbuy.com/images/0097855208194_S55313783_P31.jpg,https://cdnbigbuy.com/images/0097855208194_S55313783_P41.jpg,759.94,2,NEW,17.5,16.7,16.3,0.4,4763.67,CZK,2,8,3
S71014797,6941565981059,cs-CZ,Sport e attività all'aperto,Sportovní kamery Dji Osmo Action 5 Černý,Zůstaňte ve formě a objevujte poslední novinky ze sportovního světa s největšími zárukami! Nakupte <b>Sportovní kamery Dji Osmo Action 5 Černý</b> za ,Zůstaňte ve formě a objevujte poslední novinky ze sportovního světa s největšími zárukami! Nakupte <b>Sportovní kamery Dji Osmo Action 5 Černý</b> za nejlepší cenu a užívejte si života plného zdraví!<br><br><ul><li>Typ: <ul><li>Sportovní kamery</li><li>LCD</li></ul></li><li>Zásuvný produkt: Ano</li><li>Typ zástrčky: Zástrčka EU</li><li>Barva: Černý</li><li>Vlastnosti: <ul><li>Voděodolný</li><li>Dotyková obrazovka</li><li>Integrovaný mikrofon</li><li>Vestavěný displej</li><li>Garance</li><li>Návo,Pop Pulse Emporium,https://cdnbigbuy.com/images/6941565981059_S71014797_P00.jpg,https://cdnbigbuy.com/images/6941565981059_S71014797_P10.jpg,https://cdnbigbuy.com/images/6941565981059_S71014797_P20.jpg,https://cdnbigbuy.com/images/6941565981059_S71014797_P30.jpg,791.24,1,NEW,12.0,24.0,5.0,0.68,1440.0,CZK,2,8,3
M1208236,4021176100765,cs-CZ,Giardinaggio e fai da te,Sada vytahováků KUKKO 2-3 Nohy,"Pokud při zařizování vašeho domova kladete důraz na všelijaké detaily a chcete být průběžně informován o nejnovějších produktech, které vám usnadní ži","Pokud při zařizování vašeho domova kladete důraz na všelijaké detaily a chcete být průběžně informován o nejnovějších produktech, které vám usnadní život, nakupujte <b>Sada vytahováků KUKKO 2-3 Nohy</b> za tu nejlepší cenu.<br><br><ul><li>Nohy: 2-3 Nohy</li><li>Typ: Stahovák ložisek</li><li>Vlastnosti: rychlé nastavení</li></ul>",Pop Pulse Emporium,https://cdnbigbuy.com/images/M1208236_1759833378-remove-background0.jpg,https://cdnbigbuy.com/images/4021176100765_M1208236_P30.jpg,https://cdnbigbuy.com/images/4021176100765_M1208236_P00.jpg,https://cdnbigbuy.com/images/4021176100765_M1208236_P10.jpg,1010.34,2,NEW,16.0,45.0,37.0,5.5,26640.0,CZK,2,8,3
S0468863,4242005496129,cs-CZ,Casa e arredamento,Plynová deska BOSCH PCS7A5I90,"Pokud hledáte nejnovější trendy na trhu, máme tu čest vám představit <b>Plynová deska BOSCH PCS7A5I90</b>!<br><br><ul><li>Typ: <ul><li>Indukční Plotýn","Pokud hledáte nejnovější trendy na trhu, máme tu čest vám představit <b>Plynová deska BOSCH PCS7A5I90</b>!<br><br><ul><li>Typ: <ul><li>Indukční Plotýnka</li><li>Plynová deska</li><li>Vestavěný</li></ul></li><li>Zásuvný produkt: Ano</li><li>Šířka: 75 cm</li><li>Typ zástrčky: Zástrčka EU</li><li>Místo pro vaření: 5</li><li>Barva: <ul><li>Bílý</li><li>Ocel</li></ul></li><li>Materiál: Nerezová ocel</li><li>Tvar: Kulatý</li><li>Napětí: <ul><li>240 V</li><li>220-240 V</li></ul></li><li>Délka kabelu: 1",Pop Pulse Emporium,,,,,623.7,50,NEW,60.0,79.0,15.0,15.8,71100.0,CZK,2,8,3
S71007905,3165140607742,cs-CZ,Giardinaggio e fai da te,Přímočará pila BOSCH GKT 55 GCE,"Pokud při zařizování vašeho domova kladete důraz na všelijaké detaily a chcete být průběžně informován o nejnovějších produktech, které vám usnadní ži","Pokud při zařizování vašeho domova kladete důraz na všelijaké detaily a chcete být průběžně informován o nejnovějších produktech, které vám usnadní život, nakupujte <b>Přímočará pila BOSCH GKT 55 GCE</b> za tu nejlepší cenu.<br><br><ul><li>Barva: Modrý</li><li>Příkon: 1400 W</li><li>Napětí: 230 V</li><li>Nápajecí Zdroj: Elektrický kabel</li><li>Přibližný průměr: 165 mm</li></ul>",Pop Pulse Emporium,https://cdnbigbuy.com/images/3165140607742_S71007905_P00.jpg,,,,1074.44,2,NEW,45.2,29.0,26.8,6.32,35129.44,CZK,2,8,3
S7195498,4242005394036,cs-CZ,Casa e arredamento,Indukční Plotýnka BOSCH PIJ631HB1E,"Jestliže chcete renovovat svou kuchyň, kupte si <b>Indukční Plotýnka BOSCH PIJ631HB1E</b> a další <b>produkty BOSCH</b>! Nejlepší kvalitu za nejlepší ","Jestliže chcete renovovat svou kuchyň, kupte si <b>Indukční Plotýnka BOSCH PIJ631HB1E</b> a další <b>produkty BOSCH</b>! Nejlepší kvalitu za nejlepší cenu máte na dosah!<br><br><ul><li>Zásuvný produkt: Ano</li><li>Typ zástrčky: Zástrčka EU</li><li>Typ: <ul><li>Indukční Plotýnka</li><li>Vestavěný</li></ul></li><li>Barva: Černý</li><li>Místo pro vaření: 3</li><li>Přibližné rozměry: 59 x 52 cm</li><li>Vlastnosti: Blokování pro děti</li><li>Funkce: Časovač</li><li>Tvar: Kulatý</li><li>Napětí: <ul><l",Pop Pulse Emporium,,,,,814.62,25,NEW,75.0,61.0,13.0,10.0,59475.0,CZK,2,8,3
M1203777,9002719006145,cs-CZ,Giardinaggio e fai da te,Nastavovací čtverec SOLA 600 mm,"Pokud při zařizování vašeho domova kladete důraz na všelijaké detaily a chcete být průběžně informován o nejnovějších produktech, které vám usnadní ži","Pokud při zařizování vašeho domova kladete důraz na všelijaké detaily a chcete být průběžně informován o nejnovějších produktech, které vám usnadní život, nakupujte <b>Nastavovací čtverec SOLA 600 mm</b> za tu nejlepší cenu.<br><br><ul><li>Barva: Červený</li><li>Typ: Úhelník</li><li>Váha: 1,5 Kg</li><li>Délka: 600 mm</li></ul>",Pop Pulse Emporium,https://cdnbigbuy.com/images/9002719006145_M1203777_P00.jpg,https://cdnbigbuy.com/images/9002719006145_M1203777_P10.jpg,,,756.96,1,NEW,19.0,8.9,16.4,1.78,2773.24,CZK,2,8,3
S0438700,4242005320752,cs-CZ,Casa e arredamento,"Indukční Plotýnka BOSCH PID631BB5E 60 cm 7400 W 59,2 cm","Jestliže chcete renovovat svou kuchyň, kupte si <b>Indukční Plotýnka BOSCH PID631BB5E 60 cm 7400 W 59,2 cm</b> a další <b>produkty BOSCH</b>! Nejlepší","Jestliže chcete renovovat svou kuchyň, kupte si <b>Indukční Plotýnka BOSCH PID631BB5E 60 cm 7400 W 59,2 cm</b> a další <b>produkty BOSCH</b>! Nejlepší kvalitu za nejlepší cenu máte na dosah!<br><br><ul><li>Barva: Černý</li><li>Šířka: <ul><li>60 cm</li><li>59,2 cm</li></ul></li><li>Vlastnosti: <ul><li>Blokování pro děti</li><li>Vestavěný displej</li><li>Dotykový knoflík</li><li>Bezpečnostní zámek</li></ul></li><li>Místo pro vaření: 3</li><li>Příkon: 7400 W</li><li>Úrovně výkonu: 17</li><li>Typ: <",Pop Pulse Emporium,,,,,661.58,50,NEW,65.9,61.5,19.4,13.4,78625.29,CZK,2,8,3
M1205022,8024482178691,cs-CZ,Giardinaggio e fai da te,Sadu Nářadí GT Line Kov Hliník Polyetylen,"Pokud při zařizování vašeho domova kladete důraz na všelijaké detaily a chcete být průběžně informován o nejnovějších produktech, které vám usnadní ži","Pokud při zařizování vašeho domova kladete důraz na všelijaké detaily a chcete být průběžně informován o nejnovějších produktech, které vám usnadní život, nakupujte <b>Sadu Nářadí GT Line Kov Hliník Polyetylen</b> za tu nejlepší cenu.<br><br><ul><li>Typ: Sadu Nářadí</li><li>Barva: Černý</li><li>Materiál: <ul><li>Kov</li><li>Hliník</li><li>Polyetylen</li></ul></li><li>Obsahuje: <ul><li>Aktovka</li><li>Kapsy</li></ul></li><li>Vlastnosti: Horní ucho</li></ul>",Pop Pulse Emporium,https://cdnbigbuy.com/images/8024482178691_M1205022_P00.jpg,https://cdnbigbuy.com/images/8024482178691_M1205022_P40.jpg,https://cdnbigbuy.com/images/8024482178691_M1205022_P10.jpg,https://cdnbigbuy.com/images/8024482178691_M1205022_P20.jpg,724.98,5,NEW,35.0,40.0,50.0,8.7,70000.0,CZK,2,8,3
S2423056,8436039862791,cs-CZ,Giardinaggio e fai da te,Vzduchový kompresor 220 V Elektrický,"Pokud při zařizování vašeho domova kladete důraz na všelijaké detaily a chcete být průběžně informován o nejnovějších produktech, které vám usnadní ži","Pokud při zařizování vašeho domova kladete důraz na všelijaké detaily a chcete být průběžně informován o nejnovějších produktech, které vám usnadní život, nakupujte <b>Vzduchový kompresor 220 V Elektrický</b> za tu nejlepší cenu.<br><br><p><b>Vzduchový kompresor</b> značky <b>BigBuy Fun</b> je elektrické zařízení navržené pro spolehlivý výkon při úlohách vyžadujících stálý tlak vzduchu. S <b>pracovním napětím 220 V</b> je tento <b>elektrický kompresor</b> vhodný pro domácí i profesionální použit",Pop Pulse Emporium,https://cdnbigbuy.com/images/8436039862791_S2423056_P02.jpg,,,,708.9,2,NEW,34.7,18.0,28.0,2.0,17488.8,CZK,2,8,3
M1200539,4021176009761,cs-CZ,Giardinaggio e fai da te,Stahovák ložisek KUKKO 2 Nohy,"Pokud při zařizování vašeho domova kladete důraz na všelijaké detaily a chcete být průběžně informován o nejnovějších produktech, které vám usnadní ži","Pokud při zařizování vašeho domova kladete důraz na všelijaké detaily a chcete být průběžně informován o nejnovějších produktech, které vám usnadní život, nakupujte <b>Stahovák ložisek KUKKO 2 Nohy</b> za tu nejlepší cenu.<br><br><ul><li>Typ: <ul><li>Univerzální</li><li>Stahovák ložisek</li></ul></li><li>Nohy: 2 Nohy</li><li>Vlastnosti: Klouzavé nohy</li><li>Rozsah: 200 mm</li></ul>",Pop Pulse Emporium,https://cdnbigbuy.com/images/4021176009761_M1200539_P00.jpg,https://cdnbigbuy.com/images/4021176009761_M1200539_P100.jpg,https://cdnbigbuy.com/images/4021176009761_M1200539_P60.jpg,https://cdnbigbuy.com/images/4021176009761_M1200539_P20.jpg,1342.54,2,NEW,62.0,13.0,10.0,14.0,8060.0,CZK,2,8,3
M1203500,4010873962844,cs-CZ,Giardinaggio e fai da te,"Lineární hladina vody VOGEL  DIN 877 200 mm 200 X 0,05 MM Kov Plastické","Pokud při zařizování vašeho domova kladete důraz na všelijaké detaily a chcete být průběžně informován o nejnovějších produktech, které vám usnadní ži","Pokud při zařizování vašeho domova kladete důraz na všelijaké detaily a chcete být průběžně informován o nejnovějších produktech, které vám usnadní život, nakupujte <b>Lineární hladina vody VOGEL  DIN 877 200 mm 200 X 0,05 MM Kov Plastické</b> za tu nejlepší cenu.<br><br><ul><li>Typ: Lineární hladina vody</li><li>Délka: 200 mm</li><li>Přesnost: 0,05 mm</li><li>Přibližné rozměry: 200 X 0,05 MM</li><li>Materiál: <ul><li>Kov</li><li>Plastické</li></ul></li><li>Vlastnosti: <ul><li>Hladina bublin</li",Pop Pulse Emporium,https://cdnbigbuy.com/images/4010873962844_M1203500_P00.jpg,https://cdnbigbuy.com/images/4010873962844_M1203500_P10.jpg,https://cdnbigbuy.com/images/4010873962844_M1203500_P20.jpg,,880.24,1,NEW,7.0,25.0,7.0,1.4,1225.0,CZK,2,8,3
S0453610,8806084549747,cs-CZ,Casa e arredamento,Indukční Plotýnka LG CBIZ3035B 80 cm 7400 W,"Jestliže chcete renovovat svou kuchyň, kupte si <b>Indukční Plotýnka LG CBIZ3035B 80 cm 7400 W</b> a další <b>produkty LG</b>! Nejlepší kvalitu za nej","Jestliže chcete renovovat svou kuchyň, kupte si <b>Indukční Plotýnka LG CBIZ3035B 80 cm 7400 W</b> a další <b>produkty LG</b>! Nejlepší kvalitu za nejlepší cenu máte na dosah!<br><br><p>Indukční <b>varná deska</b> <b>LG CBIZ3035B</b> je pokročilé řešení pro ty, kteří hledají efektivitu a přesnost v moderní kuchyni, kombinující inovativní technologii s elegantním designem v <b>černé barvě</b>. S prostornými rozměry <b>80 cm na šířku</b> se tato deska dokonale integruje do kuchyní různých konfigur",Pop Pulse Emporium,,,,,982.36,10,NEW,98.0,64.0,19.0,18.0,119168.0,CZK,2,8,3
S71007167,8806095052939,cs-CZ,Casa e arredamento,Bezkabelový vysavač Samsung Jet 85 Modrý 550 W,"Jestli hledáte vhodné elektrospotřebiče za špičkové ceny, nesmí vám uniknout <b>Bezkabelový vysavač Samsung Jet 85 Modrý 550 W</b> a další kousky z ši","Jestli hledáte vhodné elektrospotřebiče za špičkové ceny, nesmí vám uniknout <b>Bezkabelový vysavač Samsung Jet 85 Modrý 550 W</b> a další kousky z širokého výběru kvalitních malých domácích elektrospotřebičů!<br><br><ul><li>Typ: Suchý</li><li>Barva: Modrý</li><li>Vlastnosti: <ul><li>Úzký náustek</li><li>Vestavěný displej</li><li>Montáž na stěnu</li><li>LED indikátor nabíjení</li></ul></li><li>Tvar: Obdélníkový</li><li>Kapacita: 800 ml</li><li>Nápajecí Zdroj: Baterie</li><li>Typ zástrčky: Typ F<",Pop Pulse Emporium,,,,,786.98,25,NEW,77.0,37.4,26.5,6.88,76314.7,CZK,2,8,3
S71008723,5060646169283,cs-CZ,Sport e attività all'aperto,"Markýza Kampa Šedý 2,9 m Polyester Nafukovací","Zůstaňte ve formě a objevujte poslední novinky ze sportovního světa s největšími zárukami! Nakupte <b>Markýza Kampa Šedý 2,9 m Polyester Nafukovací</b","Zůstaňte ve formě a objevujte poslední novinky ze sportovního světa s největšími zárukami! Nakupte <b>Markýza Kampa Šedý 2,9 m Polyester Nafukovací</b> za nejlepší cenu a užívejte si života plného zdraví!<br><br><ul><li>Vlastnosti: <ul><li>Nafukovací</li><li>Snadný k čištění</li><li>Snadná instalace</li></ul></li><li>Barva: Šedý</li><li>Přibližné rozměry: 2,9 m</li><li>Materiál: Polyester</li><li>Složení: Polyester</li><li>Obsahuje: <ul><li>Povlak na transport</li><li>Manuál uživatele</li></ul><",Pop Pulse Emporium,https://cdnbigbuy.com/images/5060646169283_S71008723_P00.jpg,,,,646.06,10,NEW,35.0,38.0,69.0,15.56,91770.0,CZK,2,8,3
S0459928,4242006315603,cs-CZ,Casa e arredamento,Trouba Balay 3HB5879B7 3600 W 71 L,"Jestliže chcete renovovat svou kuchyň, kupte si <b>Trouba Balay 3HB5879B7 3600 W 71 L</b> a další <b>produkty Balay</b>! Nejlepší kvalitu za nejlepší ","Jestliže chcete renovovat svou kuchyň, kupte si <b>Trouba Balay 3HB5879B7 3600 W 71 L</b> a další <b>produkty Balay</b>! Nejlepší kvalitu za nejlepší cenu máte na dosah!<br><br><ul><li>Typ trouby: Trouba</li><li>Zásuvný produkt: Ano</li><li>Typ zástrčky: Zástrčka EU</li><li>Barva: Bílý</li><li>Šířka: 60 cm</li><li>Vlastnosti: <ul><li>Vnitřní světlo</li><li>Vestavěný displej</li><li>Dotykový knoflík</li><li>Vestavěný</li></ul></li><li>Energetická klasifikace: A+</li><li>Příkon: 3600 W</li><li>Náp",Pop Pulse Emporium,,,,,865.78,25,NEW,0.7,0.7,0.7,41.0,0.34,CZK,2,8,3
S0438610,4242005321070,cs-CZ,Casa e arredamento,Indukční Plotýnka BOSCH PIJ631BB5E 7400 W,"Jestliže chcete renovovat svou kuchyň, kupte si <b>Indukční Plotýnka BOSCH PIJ631BB5E 7400 W</b> a další <b>produkty BOSCH</b>! Nejlepší kvalitu za ne","Jestliže chcete renovovat svou kuchyň, kupte si <b>Indukční Plotýnka BOSCH PIJ631BB5E 7400 W</b> a další <b>produkty BOSCH</b>! Nejlepší kvalitu za nejlepší cenu máte na dosah!<br><br><ul><li>Zásuvný produkt: Ano</li><li>Typ zástrčky: Zástrčka EU</li><li>Typ: Indukční Plotýnka</li><li>Barva: Černý</li><li>Šířka: <ul><li>60 cm</li><li>59,2 cm</li></ul></li><li>Vlastnosti: <ul><li>Časovač</li><li>Blokování pro děti</li><li>Vestavěný displej</li><li>Dotykový knoflík</li></ul></li><li>Typ instalace:",Pop Pulse Emporium,,,,,629.92,50,NEW,69.0,68.0,19.0,12.4,89148.0,CZK,2,8,3
M1200743,4021176012976,cs-CZ,Giardinaggio e fai da te,Stahovák ložisek KUKKO,"Pokud při zařizování vašeho domova kladete důraz na všelijaké detaily a chcete být průběžně informován o nejnovějších produktech, které vám usnadní ži","Pokud při zařizování vašeho domova kladete důraz na všelijaké detaily a chcete být průběžně informován o nejnovějších produktech, které vám usnadní život, nakupujte <b>Stahovák ložisek KUKKO</b> za tu nejlepší cenu.<br><br><ul><li>Typ: Stahovák ložisek</li></ul>",Pop Pulse Emporium,https://cdnbigbuy.com/images/4021176012976_M1200743_P00.jpg,https://cdnbigbuy.com/images/4021176012976_M1200743_P10.jpg,https://cdnbigbuy.com/images/4021176012976_M1200743_P20.jpg,https://cdnbigbuy.com/images/4021176012976_M1200743_P30.jpg,3868.68,1,NEW,47.4,41.9,32.8,23.98,65142.77,CZK,2,8,3
S7149788,8004399331143,cs-CZ,Casa e arredamento,Elektrický kávovar DeLonghi ECAM 350.15.B 1450 W,"Jestli hledáte vhodné elektrospotřebiče za špičkové ceny, nesmí vám uniknout <b>Elektrický kávovar DeLonghi ECAM 350.15.B 1450 W</b> a další kousky z ","Jestli hledáte vhodné elektrospotřebiče za špičkové ceny, nesmí vám uniknout <b>Elektrický kávovar DeLonghi ECAM 350.15.B 1450 W</b> a další kousky z širokého výběru kvalitních malých domácích elektrospotřebičů!<br><br><ul><li>Barva: Černý</li><li>Zásuvný produkt: Ano</li><li>Typ zástrčky: Zástrčka EU</li><li>Materiál: Nerezová ocel</li><li>Energetická klasifikace: A</li><li>Napětí: 230 V</li><li>Příkon: 1450 W</li></ul>",Pop Pulse Emporium,,,,,736.48,1,NEW,50.0,30.0,40.8,11.64,61200.0,CZK,2,8,3
S71014434,4059952596716,cs-CZ,Giardinaggio e fai da te,Set vrtačky a doplňků BOSCH GDR 18V-200 + GSR 18V-55 + GBA 18V 2x4.0Ah + GAL 18V-40 18 V,"Pokud při zařizování vašeho domova kladete důraz na všelijaké detaily a chcete být průběžně informován o nejnovějších produktech, které vám usnadní ži","Pokud při zařizování vašeho domova kladete důraz na všelijaké detaily a chcete být průběžně informován o nejnovějších produktech, které vám usnadní život, nakupujte <b>Set vrtačky a doplňků BOSCH GDR 18V-200 + GSR 18V-55 + GBA 18V 2x4.0Ah + GAL 18V-40 18 V</b> za tu nejlepší cenu.<br><br><ul><li>Barva: <ul><li>Černý</li><li>Modrý</li></ul></li><li>Napětí: 18 V</li><li>Obsahuje: <ul><li>Nabíječka na baterie</li><li>Povlak na transport</li></ul></li><li>Typ baterie: Litio Ion</li></ul>",Pop Pulse Emporium,https://cdnbigbuy.com/images/4059952596716_S71014434_P00.jpg,,,,816.22,2,NEW,44.0,38.0,11.0,5.6,18392.0,CZK,2,8,3
S8107257,8017709334734,cs-CZ,Casa e arredamento,"Superautomatický kávovar Smeg BCC11BLMEU Černý Šedý 1350 W 19 bar 1,4 L","Jestli hledáte vhodné elektrospotřebiče za špičkové ceny, nesmí vám uniknout <b>Superautomatický kávovar Smeg BCC11BLMEU Černý Šedý 1350 W 19 bar 1,4 ","Jestli hledáte vhodné elektrospotřebiče za špičkové ceny, nesmí vám uniknout <b>Superautomatický kávovar Smeg BCC11BLMEU Černý Šedý 1350 W 19 bar 1,4 L</b> a další kousky z širokého výběru kvalitních malých domácích elektrospotřebičů!<br><br><p><b>Superautomatický kávovar</b> <b>Smeg BCC11BLMEU</b> je sofistikovaná volba pro milovníky kávy, kteří hledají kvalitu, efektivitu a nadčasový design v jednom přístroji. Nabízí elegantní povrch v <b>černé a šedé barvě</b>, který se diskrétně a výrazně za",Pop Pulse Emporium,,,,,644.48,22,NEW,25.7,44.0,49.5,11.34,55974.6,CZK,2,8,3
S71016824,4066529125835,cs-CZ,Giardinaggio e fai da te,Vysokotlaký čistič Kärcher,"Pokud hledáte nejnovější trendy na trhu, máme tu čest vám představit <b>Vysokotlaký čistič Kärcher</b>!<br><br><p><b>Vysokotlaký čistič KARCHER K7 Pow","Pokud hledáte nejnovější trendy na trhu, máme tu čest vám představit <b>Vysokotlaký čistič Kärcher</b>!<br><br><p><b>Vysokotlaký čistič KARCHER K7 Power Flex Home</b> je výkonný a všestranný nástroj navržený pro náročné čistící úkoly v domácnosti i venku. S průtokem <b>600 litrů za hodinu</b> a výkonem motoru <b>3000 W</b> nabízí tento čistič optimální výkon pro odstranění odolných nečistot z povrchů jako jsou terasy, auta, fasády a zahradní nábytek. Maximální pracovní tlak <b>180 barů</b> zajiš",Pop Pulse Emporium,https://cdnbigbuy.com/images/4066529125835_S71016824_P00.jpg,https://cdnbigbuy.com/images/4066529125835_S71016824_P10.jpg,https://cdnbigbuy.com/images/4066529125835_S71016824_P20.jpg,,953.3,2,NEW,45.3,38.7,40.8,24.8,71526.89,CZK,2,8,3
M1200555,4021176756634,cs-CZ,Giardinaggio e fai da te,Stahovák ložisek KUKKO 2 Nohy,"Pokud při zařizování vašeho domova kladete důraz na všelijaké detaily a chcete být průběžně informován o nejnovějších produktech, které vám usnadní ži","Pokud při zařizování vašeho domova kladete důraz na všelijaké detaily a chcete být průběžně informován o nejnovějších produktech, které vám usnadní život, nakupujte <b>Stahovák ložisek KUKKO 2 Nohy</b> za tu nejlepší cenu.<br><br><ul><li>Typ: <ul><li>Univerzální</li><li>Stahovák ložisek</li></ul></li><li>Nohy: 2 Nohy</li><li>Vlastnosti: <ul><li>rychlé nastavení</li><li>Klouzavé nohy</li></ul></li><li>Šířka: 250 mm</li><li>Rozsah: 200 mm</li></ul>",Pop Pulse Emporium,https://cdnbigbuy.com/images/4021176756634_M1200555_P00.jpg,https://cdnbigbuy.com/images/4021176756634_M1200555_P10.jpg,https://cdnbigbuy.com/images/4021176756634_M1200555_P20.jpg,,732.3,1,NEW,42.9,42.9,12.8,7.5,23557.25,CZK,2,8,3
S7152971,4004025086434,cs-CZ,Giardinaggio e fai da te,Elektrická stříkací pistole Wagner,"Pokud při zařizování vašeho domova kladete důraz na všelijaké detaily a chcete být průběžně informován o nejnovějších produktech, které vám usnadní ži","Pokud při zařizování vašeho domova kladete důraz na všelijaké detaily a chcete být průběžně informován o nejnovějších produktech, které vám usnadní život, nakupujte <b>Elektrická stříkací pistole Wagner</b> za tu nejlepší cenu.<br><br><ul><li>Příkon: 550 W</li><li>Délka: 9 m</li><li>Tlakové: 110 BAR</li><li>Kapacita: 25 L</li><li>Napětí: 230 V</li></ul>",Pop Pulse Emporium,https://cdnbigbuy.com/images/4004025086434_S7152971_P01.jpg,https://cdnbigbuy.com/images/4004025086434_R51.jpg,https://cdnbigbuy.com/images/4004025086434_R11.jpg,https://cdnbigbuy.com/images/4004025086434_S7152971_P11.jpg,908.24,2,NEW,46.4,33.8,40.8,11.12,63987.46,CZK,2,8,3
M1200885,4021176856471,cs-CZ,Giardinaggio e fai da te,Otevřený klíč KUKKO 100 mm,"Pokud při zařizování vašeho domova kladete důraz na všelijaké detaily a chcete být průběžně informován o nejnovějších produktech, které vám usnadní ži","Pokud při zařizování vašeho domova kladete důraz na všelijaké detaily a chcete být průběžně informován o nejnovějších produktech, které vám usnadní život, nakupujte <b>Otevřený klíč KUKKO 100 mm</b> za tu nejlepší cenu.<br><br><ul><li>Typ: Otevřený klíč</li><li>velikost: 100 mm</li><li>Délka: 500 mm</li><li>Materiál: Ocel</li></ul>",Pop Pulse Emporium,https://cdnbigbuy.com/images/4021176856471_M1200885_P00.jpg,https://cdnbigbuy.com/images/4021176856471_M1200885_P10.jpg,https://cdnbigbuy.com/images/4021176856471_M1200885_P20.jpg,,816.52,2,NEW,49.5,23.0,4.9,11.19,5578.65,CZK,2,8,3
S7178832,3165140995160,cs-CZ,Giardinaggio e fai da te,Termický fotoaparát BOSCH GTC 400,"Pokud při zařizování vašeho domova kladete důraz na všelijaké detaily a chcete být průběžně informován o nejnovějších produktech, které vám usnadní ži","Pokud při zařizování vašeho domova kladete důraz na všelijaké detaily a chcete být průběžně informován o nejnovějších produktech, které vám usnadní život, nakupujte <b>Termický fotoaparát BOSCH GTC 400</b> za tu nejlepší cenu.<br><br><ul><li>Napětí: 12 V</li><li>Rozlišení (px): 160 x 120 px</li><li>Teplota přibližně: -10 ° - 400 °c</li><li>Obsahuje: <ul><li>USB kabel</li><li>Aktovka</li><li>Vodítko</li></ul></li><li>Barva: Modrý</li><li>Nápajecí Zdroj: Baterie</li><li>Funguje na baterie: Ano</li",Pop Pulse Emporium,https://cdnbigbuy.com/images/3165140995160_S7178832_P00.jpg,https://cdnbigbuy.com/images/3165140995160_S7178832_P10.jpg,,,1740.62,2,NEW,44.0,35.6,13.8,2.6,21616.32,CZK,2,8,3
S71001878,4046664154051,cs-CZ,Giardinaggio e fai da te,Sekačka trávy Scheppach RoboCut XL600,"Pokud při zařizování vašeho domova kladete důraz na všelijaké detaily a chcete být průběžně informován o nejnovějších produktech, které vám usnadní ži","Pokud při zařizování vašeho domova kladete důraz na všelijaké detaily a chcete být průběžně informován o nejnovějších produktech, které vám usnadní život, nakupujte <b>Sekačka trávy Scheppach RoboCut XL600</b> za tu nejlepší cenu.<br><br><ul><li>Materiál: Plastické</li><li>Nápajecí Zdroj: Baterie</li><li>Vlastnosti: Automatické</li><li>Váha: 14,5 kg</li></ul>",Pop Pulse Emporium,https://cdnbigbuy.com/images/4046664154051_S71001878_P00.jpg,https://cdnbigbuy.com/images/4046664154051_S71001878_P10.jpg,https://cdnbigbuy.com/images/4046664154051_S71001878_P20.jpg,,810.36,25,NEW,72.6,44.5,27.0,15.01,87228.9,CZK,2,8,3
S0433864,8434778012071,cs-CZ,Casa e arredamento,Indukční Plotýnka Teka IZC93320MST (90 cm),"Jestliže chcete renovovat svou kuchyň, kupte si <b>Indukční Plotýnka Teka IZC93320MST (90 cm)</b> a další <b>produkty Teka</b>! Nejlepší kvalitu za ne","Jestliže chcete renovovat svou kuchyň, kupte si <b>Indukční Plotýnka Teka IZC93320MST (90 cm)</b> a další <b>produkty Teka</b>! Nejlepší kvalitu za nejlepší cenu máte na dosah!<br><br><ul><li>Barva: Černý</li><li>Šířka: 90 cm</li><li>Příkon: <ul><li>1600 W</li><li>3600 W</li><li>3000 W</li><li>7200 W</li></ul></li><li>Místo pro vaření: 3</li><li>Materiál: <ul><li>Keramické sklo</li><li>Dřevo</li></ul></li><li>Funkce: <ul><li>Časovač</li><li>Funkce uchování teploty</li></ul></li><li>Zásuvný produ",Pop Pulse Emporium,,,,,1004.08,1,NEW,109.0,64.0,19.0,21.0,132544.0,CZK,2,8,3
S7112836,0790776004646,cs-CZ,Casa e arredamento,Napařovací žehlička Laurastar 000.0339.515 2200 W Růžový,"Jestli hledáte vhodné elektrospotřebiče za špičkové ceny, nesmí vám uniknout <b>Napařovací žehlička Laurastar 000.0339.515 Růžový 2200 W</b> a další k","Jestli hledáte vhodné elektrospotřebiče za špičkové ceny, nesmí vám uniknout <b>Napařovací žehlička Laurastar 000.0339.515 Růžový 2200 W</b> a další kousky z širokého výběru kvalitních malých domácích elektrospotřebičů!<br><ul><li>Kapacita: 1,1 L</li><li>Vlastnosti: Snadné uložení a přenos</li><li>Příkon: 2200 W</li><li>Barva: Růžový</li><li>Typ: Napařovací žehlička</li><li>Zásuvný produkt: Ano</li></ul>",Pop Pulse Emporium,,,,,737.56,2,NEW,30.0,30.0,50.0,5.5,45000.0,CZK,2,8,3
S71015378,6975399590484,cs-CZ,Sport e attività all'aperto,Přenosný Chladící Box Igloo71 38 L 39 L Modrý Plastické,Zůstaňte ve formě a objevujte poslední novinky ze sportovního světa s největšími zárukami! Nakupte <b>Přenosný Chladící Box Igloo71 38 L 39 L Modrý Pl,"Zůstaňte ve formě a objevujte poslední novinky ze sportovního světa s největšími zárukami! Nakupte <b>Přenosný Chladící Box Igloo71 38 L 39 L Modrý Plastické</b> za nejlepší cenu a užívejte si života plného zdraví!<br><br><p><b>Elektrická přenosná lednice Igloo</b> je navržena tak, aby poskytovala praktické a efektivní řešení chlazení na cestách. Vyrobena z <b>odolného plastu</b>, tato lednice kombinuje lehkost a trvanlivost, ideální pro venkovní použití, cestování nebo domácnost. Její přibližná",Pop Pulse Emporium,https://cdnbigbuy.com/images/6975399590484_S71015378_P00.jpg,https://cdnbigbuy.com/images/6975399590484_S71015378_P50.jpg,https://cdnbigbuy.com/images/6975399590484_S71015378_P10.jpg,https://cdnbigbuy.com/images/6975399590484_S71015378_P20.jpg,680.98,2,NEW,30.8,28.6,33.3,15.36,29333.3,CZK,2,8,3
S7165120,8004399331006,cs-CZ,Casa e arredamento,Superautomatický kávovar DeLonghi ECAM65055MS 1450 W Šedý 1450 W 2 L,"Jestli hledáte vhodné elektrospotřebiče za špičkové ceny, nesmí vám uniknout <b>Elektrický kávovar DeLonghi ECAM65055MS 1450 W Šedý 1450 W 2 L</b> a d","Jestli hledáte vhodné elektrospotřebiče za špičkové ceny, nesmí vám uniknout <b>Elektrický kávovar DeLonghi ECAM65055MS 1450 W Šedý 1450 W 2 L</b> a další kousky z širokého výběru kvalitních malých domácích elektrospotřebičů!<br><br><ul><li>Barva: Šedý</li><li>Zásuvný produkt: Ano</li><li>Typ zástrčky: Zástrčka EU</li><li>Typ: Přístroj na espresso</li><li>Materiál: Nerezová ocel</li><li>Kapacita: 2 L</li><li>Napětí: 240 V</li><li>Příkon: 1450 W</li></ul>",Pop Pulse Emporium,,,,,2113.62,5,NEW,54.0,33.0,55.0,15.84,98010.0,CZK,2,8,3
S71023307,3760372558994,cs-CZ,Giardinaggio e fai da te,Vysavač na Okna EZIclean 72 W,"Pokud hledáte nejnovější trendy na trhu, máme tu čest vám představit <b>Vysavač na Okna EZIclean 72 W</b>!<br><br><ul><li>Barva: Černý</li><li>Příkon:","Pokud hledáte nejnovější trendy na trhu, máme tu čest vám představit <b>Vysavač na Okna EZIclean 72 W</b>!<br><br><ul><li>Barva: Černý</li><li>Příkon: 72 W</li></ul>",Pop Pulse Emporium,https://cdnbigbuy.com/images/3760372558994_S71023307_P00.jpg,https://cdnbigbuy.com/images/3760372558994_S71023307_P50.jpg,https://cdnbigbuy.com/images/3760372558994_S71023307_P10.jpg,https://cdnbigbuy.com/images/3760372558994_S71023307_P20.jpg,741.5,2,NEW,42.0,30.0,12.0,3.68,15120.0,CZK,2,8,3
S7148042,0753759268411,cs-CZ,Sport e attività all'aperto,Lokátor ryb GARMIN STRIKER Vivid 9sv,Zůstaňte ve formě a objevujte poslední novinky ze sportovního světa s největšími zárukami! Nakupte <b>Lokátor ryb GARMIN STRIKER Vivid 9sv</b> za nejl,"Zůstaňte ve formě a objevujte poslední novinky ze sportovního světa s největšími zárukami! Nakupte <b>Lokátor ryb GARMIN STRIKER Vivid 9sv</b> za nejlepší cenu a užívejte si života plného zdraví!<br><br><ul><li>Vlastnosti: <ul><li>Nepropustný</li><li>Dotyková obrazovka</li></ul></li><li>Připojení: Wi-Fi</li><li>Verze: Evropa</li><li>Rozlišení: 800 x 480 px</li><li>Váha: 2,2 kg</li></ul>",Pop Pulse Emporium,https://cdnbigbuy.com/images/0753759268411_S7148042_P00.jpg,https://cdnbigbuy.com/images/0753759268411_S7148042_P20.jpg,https://cdnbigbuy.com/images/0753759268411_S7148042_P10.jpg,,1092.16,2,NEW,21.6,34.2,25.4,2.94,18763.49,CZK,2,8,3
S0451609,4242003934777,cs-CZ,Casa e arredamento,"Indukční Plotýnka Siemens AG EH631BJB6E 59,2 cm 7400 W","Jestliže chcete renovovat svou kuchyň, kupte si <b>Indukční Plotýnka Siemens AG EH631BJB6E 59,2 cm 7400 W</b> a další <b>produkty Siemens AG</b>! Nejl","Jestliže chcete renovovat svou kuchyň, kupte si <b>Indukční Plotýnka Siemens AG EH631BJB6E 59,2 cm 7400 W</b> a další <b>produkty Siemens AG</b>! Nejlepší kvalitu za nejlepší cenu máte na dosah!<br><br><ul><li>Barva: Černý</li><li>Šířka: 59,2 cm</li><li>Vlastnosti: <ul><li>Vestavěný displej</li><li>Dotykový knoflík</li></ul></li><li>Příkon: 7400 W</li><li>Úrovně výkonu: 17</li><li>Místo pro vaření: 3</li><li>Typ: <ul><li>Indukční Plotýnka</li><li>Vestavěný</li></ul></li><li>Tvar: Obdélníkový</li",Pop Pulse Emporium,,,,,883.34,1,NEW,69.0,68.0,19.0,11.1,89148.0,CZK,2,8,3
S8431419,8717496337498,cs-CZ,Giardinaggio e fai da te,Biometrický systém kontroly přístupu Safescan,"Pokud se zajímáte o <b>počítače a elektronika</b>, rádi máte doma moderní vybavení a hlídáte si každý detail, kupte si <b>Biometrický systém kontroly ","Pokud se zajímáte o <b>počítače a elektronika</b>, rádi máte doma moderní vybavení a hlídáte si každý detail, kupte si <b>Biometrický systém kontroly přístupu Safescan</b> za nejlepší ceny.<br><br><ul><li>Typ: <ul><li>Bezpečnostní souprava pro domácnost</li><li>Klíčenka</li><li>RFID karta</li></ul></li><li>Vlastnosti: <ul><li>Port USB</li><li>Ovládání s klávesnicí</li></ul></li><li>Materiál: Plastické</li><li>Tvar: Obdélníkový</li></ul>",Pop Pulse Emporium,https://cdnbigbuy.com/images/8717496337498_S8431419_P00.jpg,https://cdnbigbuy.com/images/8717496337498_R00.jpg,https://cdnbigbuy.com/images/8717496337498_R20.jpg,https://cdnbigbuy.com/images/8717496337498_R30.jpg,859.88,2,NEW,15.0,14.0,14.0,0.69,2940.0,CZK,2,8,3
S7109612,3760275216908,cs-CZ,Giardinaggio e fai da te,Automatické čističe bazénu Bestway 16908,Tyto nabídky produktů vám zajistí příjemnou letní zábavu. Malí i dospělí si je okamžitě zamilují ! Nakupujte <b>Automatické čističe bazénu Bestway 169,"Tyto nabídky produktů vám zajistí příjemnou letní zábavu. Malí i dospělí si je okamžitě zamilují ! Nakupujte <b>Automatické čističe bazénu Bestway 16908</b> a užívejte si chvíle volna!<br><br><ul><li>Typ: Automatické</li><li>Vlastnosti: Vypínač</li><li>Obsahuje: Dobíjecí lithiová baterie</li><li>Rozsah: 3,5 x 5 m</li></ul>",Pop Pulse Emporium,https://cdnbigbuy.com/images/3760275216908_S7109612_P01.jpg,https://cdnbigbuy.com/images/3760275216908_R11.jpg,https://cdnbigbuy.com/images/3760275216908_R31.jpg,https://cdnbigbuy.com/images/3760275216908_R61.jpg,939.16,10,NEW,51.9,43.6,31.7,10.79,71732.03,CZK,2,8,3
S7152201,4059952511962,cs-CZ,Giardinaggio e fai da te,Robot sekačka trávy BOSCH Indo S+ 500 30-50 mm 500 m 19 cm,"Pokud při zařizování vašeho domova kladete důraz na všelijaké detaily a chcete být průběžně informován o nejnovějších produktech, které vám usnadní ži","Pokud při zařizování vašeho domova kladete důraz na všelijaké detaily a chcete být průběžně informován o nejnovějších produktech, které vám usnadní život, nakupujte <b>Robot sekačka trávy BOSCH Indo S+ 500 30-50 mm 500 m 19 cm</b> za tu nejlepší cenu.<br><br><ul><li>Zásuvný produkt: Ano</li><li>Typ zástrčky: Zástrčka EU</li><li>Přibližná doba nabíjení: 1 hodina</li><li>Typ: <ul><li>Robot sekačka trávy</li><li>Otáčivá</li></ul></li><li>Obsahuje: <ul><li>Příslušenství</li><li>Nabíjecí podstavec</l",Pop Pulse Emporium,https://cdnbigbuy.com/images/4059952511962_S7152201_P00.jpg,https://cdnbigbuy.com/images/4059952511962_R70.jpg,https://cdnbigbuy.com/images/4059952511962_R30.jpg,https://cdnbigbuy.com/images/4059952511962_I40.jpg,1972.34,2,NEW,59.5,40.0,33.0,16.2,78540.0,CZK,2,8,3
M1200538,4021176010163,cs-CZ,Giardinaggio e fai da te,Stahovák ložisek KUKKO 200 mm 350 mm 2 Nohy,"Pokud hledáte nejnovější trendy na trhu, máme tu čest vám představit <b>Stahovák ložisek KUKKO 200 mm 350 mm 2 Nohy</b>!<br><br><ul><li>Typ: Stahovák ","Pokud hledáte nejnovější trendy na trhu, máme tu čest vám představit <b>Stahovák ložisek KUKKO 200 mm 350 mm 2 Nohy</b>!<br><br><ul><li>Typ: Stahovák ložisek</li><li>velikost: 27 mm</li><li>Šířka: 350 mm</li><li>Rozsah: 200 mm</li><li>Délka: <ul><li>200 mm</li><li>350 mm</li></ul></li><li>Nohy: 2 Nohy</li><li>Vlastnosti: Klouzavé nohy</li><li>Kompatibilní: 20-1, 20-10</li></ul>",Pop Pulse Emporium,https://cdnbigbuy.com/images/4021176010163_M1200538_P00.jpg,https://cdnbigbuy.com/images/4021176010163_M1200538_P100.jpg,https://cdnbigbuy.com/images/4021176010163_M1200538_P60.jpg,https://cdnbigbuy.com/images/4021176010163_M1200538_P20.jpg,634.66,2,NEW,48.0,44.0,12.8,7.5,27033.6,CZK,2,8,3
S8109815,8017709334857,cs-CZ,Casa e arredamento,Přístroj na espresso Smeg,"Jestli hledáte vhodné elektrospotřebiče za špičkové ceny, nesmí vám uniknout <b>Přístroj na espresso Smeg</b> a další kousky z širokého výběru kvalitn","Jestli hledáte vhodné elektrospotřebiče za špičkové ceny, nesmí vám uniknout <b>Přístroj na espresso Smeg</b> a další kousky z širokého výběru kvalitních malých domácích elektrospotřebičů!<br><br><p>Kávovar <b>BCC12BLMEU</b> od <b>Smeg</b> je ideální volbou pro milovníky kávy, kteří hledají kvalitu a design. S elegantním černým povrchem a detaily z <b>nerezové oceli</b> není tento kávovar jen funkční, ale také dodává každé kuchyni nádech sofistikovanosti. Jeho výkonný <b>19 barový tlak</b> zajiš",Pop Pulse Emporium,,,,,827.44,1,NEW,49.3,43.3,26.0,11.32,55501.94,CZK,2,8,3
S0459946,4242006308469,cs-CZ,Casa e arredamento,Indukční Plotýnka Balay 3EB967LH 60 cm 7400 W,"Jestliže chcete renovovat svou kuchyň, kupte si <b>Indukční Plotýnka Balay 3EB967LH 60 cm 7400 W</b> a další <b>produkty Balay</b>! Nejlepší kvalitu z","Jestliže chcete renovovat svou kuchyň, kupte si <b>Indukční Plotýnka Balay 3EB967LH 60 cm 7400 W</b> a další <b>produkty Balay</b>! Nejlepší kvalitu za nejlepší cenu máte na dosah!<br><br><ul><li>Typ: Indukční Plotýnka</li><li>Zásuvný produkt: Ano</li><li>Typ zástrčky: Zástrčka EU</li><li>Barva: Černý</li><li>Šířka: 60 cm</li><li>Vlastnosti: <ul><li>Časovač</li><li>Blokování pro děti</li><li>Dotykový knoflík</li></ul></li><li>Typ instalace: Integrační</li><li>Příkon: 7400 W</li><li>Místo pro vař",Pop Pulse Emporium,,,,,1164.36,2,NEW,69.0,68.0,19.0,10.0,89148.0,CZK,2,8,3
M1202691,4007140094971,cs-CZ,Giardinaggio e fai da te,Sada ručních závitníků RUKO Rychlořezná ocel (HSS) 40 mm DIN 5157 2 kusů (2 kusů),"Pokud při zařizování vašeho domova kladete důraz na všelijaké detaily a chcete být průběžně informován o nejnovějších produktech, které vám usnadní ži","Pokud při zařizování vašeho domova kladete důraz na všelijaké detaily a chcete být průběžně informován o nejnovějších produktech, které vám usnadní život, nakupujte <b>Sada ručních závitníků RUKO Rychlořezná ocel (HSS) 40 mm DIN 5157 2 kusů (2 kusů)</b> za tu nejlepší cenu.<br><br><ul><li>Materiál: <ul><li>Rychlořezná ocel (HSS)</li><li>Ocel</li></ul></li><li>Typ: Sada ručních závitníků</li><li>Kusů: 2 kusů</li><li>Standardní: DIN 5157</li><li>Vlastnosti: Broušení s automatickým centrováním</li>",Pop Pulse Emporium,https://cdnbigbuy.com/images/4007140094971_M1202691_P00.jpg,https://cdnbigbuy.com/images/4007140094971_I00.jpg,https://cdnbigbuy.com/images/4007140094971_I10.jpg,https://cdnbigbuy.com/images/4007140094971_I20.jpg,604.44,1,NEW,5.0,10.0,15.0,1.6,750.0,CZK,2,8,3
S7148043,0753759269302,cs-CZ,Sport e attività all'aperto,Sonda GARMIN gt56uhd-tm 12 pin,Zůstaňte ve formě a objevujte poslední novinky ze sportovního světa s největšími zárukami! Nakupte <b>Sonda GARMIN gt56uhd-tm 12 pin</b> za nejlepší c,Zůstaňte ve formě a objevujte poslední novinky ze sportovního světa s největšími zárukami! Nakupte <b>Sonda GARMIN gt56uhd-tm 12 pin</b> za nejlepší cenu a užívejte si života plného zdraví!<br><br><ul><li>Typ: Sonda</li></ul>,Pop Pulse Emporium,https://cdnbigbuy.com/images/0753759269302_S7148043_P00.jpg,,,,688.86,2,NEW,31.2,14.6,11.6,1.14,5284.03,CZK,2,8,3
M1200752,4021176781476,cs-CZ,Giardinaggio e fai da te,Stahovák ložisek KUKKO,"Pokud při zařizování vašeho domova kladete důraz na všelijaké detaily a chcete být průběžně informován o nejnovějších produktech, které vám usnadní ži","Pokud při zařizování vašeho domova kladete důraz na všelijaké detaily a chcete být průběžně informován o nejnovějších produktech, které vám usnadní život, nakupujte <b>Stahovák ložisek KUKKO</b> za tu nejlepší cenu.<br><br><ul><li>Typ: Stahovák ložisek</li></ul>",Pop Pulse Emporium,https://cdnbigbuy.com/images/4021176781476_M1200752_P00.jpg,https://cdnbigbuy.com/images/4021176781476_M1200752_P10.jpg,https://cdnbigbuy.com/images/4021176781476_M1200752_P20.jpg,https://cdnbigbuy.com/images/4021176781476_M1200752_P30.jpg,744.5,1,NEW,26.0,15.5,6.5,1.75,2619.5,CZK,2,8,3
S7108771,4007430299727,cs-CZ,Giardinaggio e fai da te,Stolní pila Metabo KS 305 M 2000 W 80 mm,"Pokud při zařizování vašeho domova kladete důraz na všelijaké detaily a chcete být průběžně informován o nejnovějších produktech, které vám usnadní ži","Pokud při zařizování vašeho domova kladete důraz na všelijaké detaily a chcete být průběžně informován o nejnovějších produktech, které vám usnadní život, nakupujte <b>Stolní pila Metabo KS 305 M 2000 W 80 mm</b> za tu nejlepší cenu.<br><br><ul><li>Nápajecí Zdroj: Elektrický kabel</li><li>Typ zástrčky: Zástrčka EU</li><li>Zásuvný produkt: Ano</li><li>Obsahuje: <ul><li>Dust bag</li><li>Vodítko krájení</li></ul></li><li>Typ: <ul><li>Stolní pila</li><li>Kotoučová pila</li></ul></li><li>Doporučené p",Pop Pulse Emporium,https://cdnbigbuy.com/images/4007430299727_S7108771_P00.jpg,,,,836.78,1,NEW,58.5,54.5,43.5,2.1,138688.88,CZK,2,8,3
S0449875,8435518804550,cs-CZ,Casa e arredamento,Vinotéka Vinobox V50GC1TI Černý,"Pokud hledáte nejnovější trendy na trhu, máme tu čest vám představit <b>Vinotéka Vinobox V50GC1TI Černý</b>!<br><br><ul><li>Energetická klasifikace: A","Pokud hledáte nejnovější trendy na trhu, máme tu čest vám představit <b>Vinotéka Vinobox V50GC1TI Černý</b>!<br><br><ul><li>Energetická klasifikace: A</li><li>Kapacita: 50</li><li>Barva: Černý</li><li>Typ instalace: Samo-sestavení</li><li>Vysoký: 84,5 cm</li><li>Dveře: 1 dveře</li><li>Vlastnosti: <ul><li>Nastavitelná teplota</li><li>Nevibrační</li></ul></li></ul>",Pop Pulse Emporium,,,,,1428.88,1,NEW,17.0,14.4,18.4,0.49,4504.32,CZK,2,8,3
S0452803,8435089035834,cs-CZ,Sport e attività all'aperto,Hoverboard Smartgyro Černý,"Pokud se zajímáte o <b>počítače a elektronika</b>, rádi máte doma moderní vybavení a hlídáte si každý detail, kupte si <b>Hoverboard Smartgyro Černý</","Pokud se zajímáte o <b>počítače a elektronika</b>, rádi máte doma moderní vybavení a hlídáte si každý detail, kupte si <b>Hoverboard Smartgyro Černý</b> za nejlepší ceny.<br><br><ul><li>Zásuvný produkt: Ano</li><li>Důležité informace: Pokud značka nezaregistrovala skútr, majitel bude muset projít ITV nebo TÜV, aby získal „EBE“ nebo individuální povolení k provozu.</li><li>Typ zástrčky: Zástrčka EU</li><li>Typ: <ul><li>Hoverboard</li><li>Brzdová destička</li><li>Přední</li><li>Masivní kola</li></",Pop Pulse Emporium,https://cdnbigbuy.com/images/8435089035834_I20.jpg,https://cdnbigbuy.com/images/8435089035834_I00.jpg,https://cdnbigbuy.com/images/8435089035834_I40.jpg,,1160.24,8,NEW,84.7,47.5,36.3,22.0,146043.97,CZK,2,8,3
S71009914,3701085206468,cs-CZ,Giardinaggio e fai da te,Otvírač posuvné brány SCS SENTINEL SimplyOpen 2 24v,"Pokud při zařizování vašeho domova kladete důraz na všelijaké detaily a chcete být průběžně informován o nejnovějších produktech, které vám usnadní ži","Pokud při zařizování vašeho domova kladete důraz na všelijaké detaily a chcete být průběžně informován o nejnovějších produktech, které vám usnadní život, nakupujte <b>Otvírač posuvné brány SCS SENTINEL SimplyOpen 2 24v</b> za tu nejlepší cenu.<br><br><p><b>SimplyOpen 2</b> od <b>SCS SENTINEL</b> je motor pro posuvné brány navržený k efektivní a bezpečné automatizaci pohybu obytných i komerčních bran. Tento pohon využívá mechanismus s kloubovými rameny, který umožňuje přizpůsobit motor různým ko",Pop Pulse Emporium,https://cdnbigbuy.com/images/3701085206468_S71009914_P00.jpg,https://cdnbigbuy.com/images/3701085206468_S71009914_P10.jpg,https://cdnbigbuy.com/images/3701085206468_S71009914_P20.jpg,https://cdnbigbuy.com/images/3701085206468_S71009914_P30.jpg,600.64,4,NEW,46.0,33.0,33.0,19.26,50094.0,CZK,2,8,3
S1906958,8436575278155,cs-CZ,Giardinaggio e fai da te,Elektrická zástrčka Wallbox,"Pokud hledáte nejnovější trendy na trhu, máme tu čest vám představit <b>Elektrická zástrčka Wallbox</b>!<br><br><ul><li>Typ: Elektrická zástrčka</li><","Pokud hledáte nejnovější trendy na trhu, máme tu čest vám představit <b>Elektrická zástrčka Wallbox</b>!<br><br><ul><li>Typ: Elektrická zástrčka</li><li>Barva: Černý</li><li>Příkon: 7400 W</li></ul>",Pop Pulse Emporium,https://cdnbigbuy.com/images/8436575278155_S1906958_P00.jpg,https://cdnbigbuy.com/images/8436575278155_S1906958_P60.jpg,https://cdnbigbuy.com/images/8436575278155_S1906958_P20.jpg,https://cdnbigbuy.com/images/8436575278155_S1906958_P30.jpg,1676.88,1,NEW,40.0,40.0,20.0,7.0,32000.0,CZK,2,8,3
S0426946,8434778011265,cs-CZ,Casa e arredamento,Plynová deska Teka JZC94313ABNBK 3F 90 cm,"Jestliže chcete renovovat svou kuchyň, kupte si <b>Plynová deska Teka JZC94313ABNBK 3F 90 cm</b> a další <b>produkty Teka</b>! Nejlepší kvalitu za nej","Jestliže chcete renovovat svou kuchyň, kupte si <b>Plynová deska Teka JZC94313ABNBK 3F 90 cm</b> a další <b>produkty Teka</b>! Nejlepší kvalitu za nejlepší cenu máte na dosah!<br><br><ul><li>Materiál: Sklo</li><li>Šířka: 90 cm</li><li>Příkon: <ul><li>1500 W</li><li>3600 W</li><li>7200 W</li></ul></li><li>Funkce: Časovač</li><li>Důležité informace: Při připojení plynu je třeba dbát na předpisy specifické pro danou zemi.</li><li>Typ: <ul><li>Plynová deska</li><li>Vestavěný</li></ul></li><li>Napětí",Pop Pulse Emporium,,,,,1098.38,2,NEW,64.0,109.0,19.0,21.0,132544.0,CZK,2,8,3
M1300614,4895251649872,cs-CZ,Giardinaggio e fai da te,Fotovoltaický solární panel Ecoflow EFSOLARLIGHT400W-P-DXT4EU 400 W Přenosný,"Pokud při zařizování vašeho domova kladete důraz na všelijaké detaily a chcete být průběžně informován o nejnovějších produktech, které vám usnadní ži","Pokud při zařizování vašeho domova kladete důraz na všelijaké detaily a chcete být průběžně informován o nejnovějších produktech, které vám usnadní život, nakupujte <b>Fotovoltaický solární panel Ecoflow EFSOLARLIGHT400W-P-DXT4EU 400 W Přenosný</b> za tu nejlepší cenu.<br><br><ul><li>Typ: Fotovoltaický solární panel</li><li>Materiál: Monokrystalický</li><li>Design: Kompaktní</li><li>Přibližné míry při rozložení: 250,9 x 96,7 x 2,6 cm</li><li>Skladatelné úchytky: 65,9 x 96,7 x 3,6 cm</li><li>ochr",Pop Pulse Emporium,https://cdnbigbuy.com/images/4895251649872_M1300614_P00.jpg,https://cdnbigbuy.com/images/4895251649872_M1300614_P50.jpg,https://cdnbigbuy.com/images/4895251649872_M1300614_P10.jpg,https://cdnbigbuy.com/images/4895251649872_M1300614_P60.jpg,874.5,5,NEW,58.5,46.7,12.5,19.3,34149.38,CZK,2,8,3
S71013419,4242005433650,cs-CZ,Casa e arredamento,Indukční Plotýnka BOSCH PVS611B16E,"Pokud hledáte nejnovější trendy na trhu, máme tu čest vám představit <b>Indukční Plotýnka BOSCH PVS611B16E</b>!<br><br><p><b>Indukční varná deska</b> ","Pokud hledáte nejnovější trendy na trhu, máme tu čest vám představit <b>Indukční Plotýnka BOSCH PVS611B16E</b>!<br><br><p><b>Indukční varná deska</b> <b>BOSCH PVS611B16E</b> je navržena tak, aby poskytovala efektivní, bezpečný a přesný zážitek z vaření doma, dokonale se přizpůsobující potřebám moderních kuchyní díky své integraci a pokročilým funkcím. S <b>šířkou 59 cm</b> se snadno vejde do většiny standardních kuchyňských desek, což umožňuje snadnou modernizaci kuchyně. Vybavena <b>čtyřmi samo",Pop Pulse Emporium,,,,,2171.82,10,NEW,33.4,49.5,27.5,6.95,45465.75,CZK,2,8,3
S7189741,8004399025394,cs-CZ,Casa e arredamento,Superautomatický kávovar DeLonghi,"Jestli hledáte vhodné elektrospotřebiče za špičkové ceny, nesmí vám uniknout <b>Superautomatický kávovar DeLonghi</b> a další kousky z širokého výběru","Jestli hledáte vhodné elektrospotřebiče za špičkové ceny, nesmí vám uniknout <b>Superautomatický kávovar DeLonghi</b> a další kousky z širokého výběru kvalitních malých domácích elektrospotřebičů!<br><br><p><b>Superautomatický kávovar</b> DeLonghi ECAM220.21.WW vyniká svým designem v bílé barvě a výkonným motorem o <b>1450 W</b>, který zajišťuje optimální výkon při přípravě kávy. S tlakem <b>15 barů</b> dokáže připravit espresso s hustou cremou a vyváženou chutí, čímž napodobuje ideální podmínky",Pop Pulse Emporium,,,,,687.3,25,NEW,48.2,42.4,39.3,9.16,80316.62,CZK,2,8,3
S7189996,8710103886037,cs-CZ,Casa e arredamento,"Superautomatický kávovar Philips Series 2200 EP2230/10 Černý 1500 W 15 bar 1,8 L","Jestli hledáte vhodné elektrospotřebiče za špičkové ceny, nesmí vám uniknout <b>Superautomatický kávovar Philips Series 2200 EP2230/10 Černý 1500 W 15","Jestli hledáte vhodné elektrospotřebiče za špičkové ceny, nesmí vám uniknout <b>Superautomatický kávovar Philips Series 2200 EP2230/10 Černý 1500 W 15 bar 1,8 L</b> a další kousky z širokého výběru kvalitních malých domácích elektrospotřebičů!<br><br><p><b>Superautomatický kávovar Philips Série 2200 EP2230/10</b> je zařízení určené pro ty, kteří chtějí profesionální espresso zážitek doma s maximálním pohodlím. Tento espresso přístroj vyniká <b>matným černým provedením</b>, které kombinuje kvalit",Pop Pulse Emporium,,,,,671.8,25,NEW,49.0,29.0,48.0,9.4,68208.0,CZK,2,8,3
S7152207,4892210183033,cs-CZ,Giardinaggio e fai da te,Lawn Mower Ryobi 18 V,"Pokud při zařizování vašeho domova kladete důraz na všelijaké detaily a chcete být průběžně informován o nejnovějších produktech, které vám usnadní ži","Pokud při zařizování vašeho domova kladete důraz na všelijaké detaily a chcete být průběžně informován o nejnovějších produktech, které vám usnadní život, nakupujte <b>Lawn Mower Ryobi 18 V</b> za tu nejlepší cenu.<br><br><ul><li>Zásuvný produkt: Ano</li><li>Typ: Sekačka trávy</li><li>Typ zástrčky: Zástrčka EU</li><li>Napětí: 18 V</li><li>Obsahuje: Nabíječka na baterie</li><li>Nápajecí Zdroj: Baterie</li></ul>",Pop Pulse Emporium,https://cdnbigbuy.com/images/4892210183033_S7152207_P01.jpg,,,,626.1,2,NEW,73.0,44.5,39.0,14.84,126691.5,CZK,2,8,3
S0468472,4242005437832,cs-CZ,Casa e arredamento,"Plynová deska BOSCH PPQ7A6I40 75 cm 1,5 m","Pokud hledáte nejnovější trendy na trhu, máme tu čest vám představit <b>Plynová deska BOSCH PPQ7A6I40 75 cm 1,5 m</b>!<br><br><p><b>PPQ7A6I40 od BOSCH","Pokud hledáte nejnovější trendy na trhu, máme tu čest vám představit <b>Plynová deska BOSCH PPQ7A6I40 75 cm 1,5 m</b>!<br><br><p><b>PPQ7A6I40 od BOSCH</b> je <b>plynová varná deska</b> vysoké kvality, navržená pro ty, kteří hledají efektivní a všestranné řešení do domácí kuchyně. Tato deska má <b>šířku 75 cm</b>, což poskytuje dostatek prostoru a umožňuje pohodlné vaření více jídel současně díky <b>pěti varným zónám</b>, které optimalizují rozmístění nádob různých velikostí. S <b>celkovým výkone",Pop Pulse Emporium,,,,,725.1,50,NEW,59.7,79.3,14.5,21.8,68646.04,CZK,2,8,3
S71003879,3165140956468,cs-CZ,Giardinaggio e fai da te,Vrtací kladivo BOSCH GBH 18V-26 F 60 W,"Pokud při zařizování vašeho domova kladete důraz na všelijaké detaily a chcete být průběžně informován o nejnovějších produktech, které vám usnadní ži","Pokud při zařizování vašeho domova kladete důraz na všelijaké detaily a chcete být průběžně informován o nejnovějších produktech, které vám usnadní život, nakupujte <b>Vrtací kladivo BOSCH GBH 18V-26 F 60 W</b> za tu nejlepší cenu.<br><br><ul><li>Zásuvný produkt: Ano</li><li>Typ zástrčky: Zástrčka EU</li><li>Vlastnosti: <ul><li>LED Světlý</li><li>Dvojitá rukojeť</li></ul></li><li>Napětí: 18 V</li><li>Nápajecí Zdroj: <ul><li>Baterie</li><li>Dobíjecí baterie</li></ul></li><li>Motor: Bez smetáčků</",Pop Pulse Emporium,https://cdnbigbuy.com/images/3165140956468_S71003879_P00.jpg,https://cdnbigbuy.com/images/3165140956468_S71003879_P10.jpg,,,1210.88,2,NEW,35.9,44.4,15.3,8.49,24387.59,CZK,2,8,3
S71014815,3283494501216,cs-CZ,Giardinaggio e fai da te,Převodník výkonu MECAFER INVERSOR 450121 MF2100i 2000 W 220-240 V,"Pokud při zařizování vašeho domova kladete důraz na všelijaké detaily a chcete být průběžně informován o nejnovějších produktech, které vám usnadní ži","Pokud při zařizování vašeho domova kladete důraz na všelijaké detaily a chcete být průběžně informován o nejnovějších produktech, které vám usnadní život, nakupujte <b>Převodník výkonu MECAFER INVERSOR 450121 MF2100i 2000 W 220-240 V</b> za tu nejlepší cenu.<br><br><ul><li>Typ: Nabíječka k notebooku</li><li>Zásuvný produkt: Ano</li><li>Typ zástrčky: Zástrčka EU</li><li>Příkon: 2000 W</li><li>Napětí: 220-240 V</li></ul>",Pop Pulse Emporium,https://cdnbigbuy.com/images/3283494501216_S71014815_P00.jpg,,,,897.46,2,NEW,38.0,56.0,51.0,22.24,108528.0,CZK,2,8,3
S71019250,6977328065568,cs-CZ,Casa e arredamento,Robotický vysavač Dreame 6400 mAh,"Pokud při zařizování vašeho domova kladete důraz na všelijaké detaily a chcete být průběžně informován o nejnovějších produktech, které vám usnadní ži","Pokud při zařizování vašeho domova kladete důraz na všelijaké detaily a chcete být průběžně informován o nejnovějších produktech, které vám usnadní život, nakupujte <b>Robotický vysavač Dreame 6400 mAh</b> za tu nejlepší cenu.<br><br><p><b>Dreame X50 Ultra Complete</b> je <b>robotický vysavač</b>, který kombinuje pokročilé funkce s praktickým a estetickým designem v <b>černé</b> barvě a <b>kulatém</b> tvaru, ideální pro různé domácí prostory. Tento model vyniká snadnou údržbou díky <b>jednoduché",Pop Pulse Emporium,,,,,1792.08,2,NEW,65.0,50.0,44.0,20.73,143000.0,CZK,2,8,3
S7153407,3660767208209,cs-CZ,Casa e arredamento,Indukční Plotýnka Sauter SPI4664B 60 cm 5700 W,"Jestliže chcete renovovat svou kuchyň, kupte si <b>Indukční Plotýnka Sauter SPI4664B 60 cm 5700 W</b> a další <b>produkty Sauter</b>! Nejlepší kvalitu","Jestliže chcete renovovat svou kuchyň, kupte si <b>Indukční Plotýnka Sauter SPI4664B 60 cm 5700 W</b> a další <b>produkty Sauter</b>! Nejlepší kvalitu za nejlepší cenu máte na dosah!<br><ul><li>Barva: Černý</li><li>Místo pro vaření: 4</li><li>Příkon: 5700 W</li><li>Typ: Indukční Plotýnka</li><li>Šířka: 60 cm</li><li>Zásuvný produkt: Ano</li><li>Materiál: Tvrzené sklo</li><li>Velikost: Jednotná velikost</li></ul>",Pop Pulse Emporium,,,,,655.22,25,NEW,75.0,60.0,14.0,11.9,63000.0,CZK,2,8,3
S7187611,4897082666332,cs-CZ,Giardinaggio e fai da te,Fotovoltaický solární panel Ecoflow Solar220W,"Pokud se zajímáte o <b>počítače a elektronika</b>, rádi máte doma moderní vybavení a hlídáte si každý detail, kupte si <b>Fotovoltaický solární panel ","Pokud se zajímáte o <b>počítače a elektronika</b>, rádi máte doma moderní vybavení a hlídáte si každý detail, kupte si <b>Fotovoltaický solární panel Ecoflow Solar220W</b> za nejlepší ceny.<br><br><ul><li>Jmenovitý výkon: 220 W</li><li>Stupeň krytí: IP68</li><li>Intenzita: 13 A</li><li>Napětí: 8 V</li><li>Typ: Fotovoltaický solární panel</li><li>Materiál: Křemík</li><li>Připojení: MC4</li><li>Frekvence: 50 Hz</li></ul>",Pop Pulse Emporium,https://cdnbigbuy.com/images/621375191.jpg,,,,899.62,1,NEW,93.0,59.0,10.0,13.46,54870.0,CZK,2,8,3
M1206716,4007123667628,cs-CZ,Giardinaggio e fai da te,"Kabelový naviják Brennenstuhl Brobusta CEE 4 IP44 H07RN-F 5G2,5 40 m 3 x 1,5 mm","Pokud při zařizování vašeho domova kladete důraz na všelijaké detaily a chcete být průběžně informován o nejnovějších produktech, které vám usnadní ži","Pokud při zařizování vašeho domova kladete důraz na všelijaké detaily a chcete být průběžně informován o nejnovějších produktech, které vám usnadní život, nakupujte <b>Kabelový naviják Brennenstuhl Brobusta CEE 4 IP44 H07RN-F 5G2,5 40 m 3 x 1,5 mm</b> za tu nejlepší cenu.<br><br><ul><li>Typ: Kabelový naviják</li><li>Délka kabelu: 40 m</li><li>Barva: Černý</li><li>Materiál: Plastické</li><li>Stupeň krytí: IP44</li><li>Vysoký: 52 cm</li><li>Tloušťka: 3 x 1,5 mm</li></ul>",Pop Pulse Emporium,https://cdnbigbuy.com/images/4007123667628_M1206716_P00.jpg,https://cdnbigbuy.com/images/4007123667628_M1206716_P30.jpg,https://cdnbigbuy.com/images/4007123667628_I10.jpg,https://cdnbigbuy.com/images/4007123667628_I20.jpg,748.64,1,NEW,19.7,18.3,23.3,18.0,8399.88,CZK,2,8,3
S71025298,6956079727734,cs-CZ,Casa e arredamento,Robotický vysavač Eureka,"Pokud při zařizování vašeho domova kladete důraz na všelijaké detaily a chcete být průběžně informován o nejnovějších produktech, které vám usnadní ži","Pokud při zařizování vašeho domova kladete důraz na všelijaké detaily a chcete být průběžně informován o nejnovějších produktech, které vám usnadní život, nakupujte <b>Robotický vysavač Eureka</b> za tu nejlepší cenu.<br><br><p><b>Robotický vysavač</b> Eureka má funkční a moderní design, charakteristický svou <b>kulatou formou</b> a velikostí <b>35 cm</b> v průměru, která usnadňuje efektivní čištění v těžko přístupných místech a umožňuje obratné manévrování kolem nábytku a rohů. Toto zařízení vy",Pop Pulse Emporium,,,,,939.3,10,NEW,40.0,48.0,33.0,10.69,63360.0,CZK,2,8,3
S71016419,3700628277361,cs-CZ,Sport e attività all'aperto,Přenosný Chladící Box Eza Blizz-E Flex 47 L 40 x 51 x 65 cm Plastické,"Pokud hledáte nejnovější trendy na trhu, máme tu čest vám představit <b>Přenosný Chladící Box Eza Blizz-E Flex 47 L 40 x 51 x 65 cm Plastické</b>!<br>","Pokud hledáte nejnovější trendy na trhu, máme tu čest vám představit <b>Přenosný Chladící Box Eza Blizz-E Flex 47 L 40 x 51 x 65 cm Plastické</b>!<br><br><p>Přenosná <b>lednice Blizz-E Flex</b> značky <b>Eza</b> je zařízení navržené k udržení ideální teploty v exteriérech nebo při kempování, s kapacitou <b>47 litrů</b>, která umožňuje uložit značné množství potravin a nápojů. Vyrobena z <b>odolného plastu</b>, tato lednice kombinuje trvanlivost s funkčním designem pro unisex použití. Její pokroč",Pop Pulse Emporium,https://cdnbigbuy.com/images/3700628277361_S71016419_P00.jpg,https://cdnbigbuy.com/images/3700628277361_S71016419_P10.jpg,https://cdnbigbuy.com/images/3700628277361_S71016419_P20.jpg,https://cdnbigbuy.com/images/3700628277361_S71016419_P30.jpg,859.1,2,NEW,30.8,28.6,33.3,16.5,29333.3,CZK,2,8,3
S7185741,5420020006403,cs-CZ,Casa e arredamento,Olejový radiátor Tosai Sre 4602 7 L 4600 W,"Jestli hledáte vhodné elektrospotřebiče za špičkové ceny, nesmí vám uniknout <b>Olejový radiátor Tosai Sre 4602 7 L 4600 W</b> a další kousky z široké","Jestli hledáte vhodné elektrospotřebiče za špičkové ceny, nesmí vám uniknout <b>Olejový radiátor Tosai Sre 4602 7 L 4600 W</b> a další kousky z širokého výběru kvalitních malých domácích elektrospotřebičů!<br><br><p><b>Olejový radiátor Tosai Sre 4602</b> je efektivní a bezpečné řešení pro vytápění obytných prostor nebo malých provozoven, navržené pro optimální tepelný komfort s výkonem <b>4600 W</b>. Vyroben z vysoce odolné <b>oceli</b> a v elegantním <b>šedém</b> odstínu, tento model kombinuje ",Pop Pulse Emporium,,,,,812.12,2,NEW,36.6,58.0,51.8,15.03,109961.04,CZK,2,8,3
M1200909,4021176858451,cs-CZ,Giardinaggio e fai da te,Hvězdicový klíč KUKKO 110 mm Ocel,"Pokud při zařizování vašeho domova kladete důraz na všelijaké detaily a chcete být průběžně informován o nejnovějších produktech, které vám usnadní ži","Pokud při zařizování vašeho domova kladete důraz na všelijaké detaily a chcete být průběžně informován o nejnovějších produktech, které vám usnadní život, nakupujte <b>Hvězdicový klíč KUKKO 110 mm Ocel</b> za tu nejlepší cenu.<br><br><ul><li>Typ: Hvězdicový klíč</li><li>velikost: <ul><li>110 mm</li><li>22 mm</li></ul></li><li>Délka: 430 mm</li><li>Přibližný průměr: 175 mm</li><li>Materiál: Ocel</li></ul>",Pop Pulse Emporium,https://cdnbigbuy.com/images/4021176858451_M1200909_P00.jpg,https://cdnbigbuy.com/images/4021176858451_M1200909_P10.jpg,https://cdnbigbuy.com/images/4021176858451_M1200909_P20.jpg,,778.92,2,NEW,44.0,18.0,4.9,8.98,3880.8,CZK,2,8,3
S71022538,4061275224481,cs-CZ,Casa e arredamento,Přenosné Klimatizace Medion Bílý A,"Jestli hledáte vhodné elektrospotřebiče za špičkové ceny, nesmí vám uniknout <b>Přenosné Klimatizace Medion Bílý A</b> a další kousky z širokého výběr","Jestli hledáte vhodné elektrospotřebiče za špičkové ceny, nesmí vám uniknout <b>Přenosné Klimatizace Medion Bílý A</b> a další kousky z širokého výběru kvalitních malých domácích elektrospotřebičů!<br><br><ul><li>Barva: Bílý</li><li>Vlastnosti: Vestavěný displej</li><li>Energetická klasifikace: A</li><li>Nápajecí Zdroj: Elektrický kabel</li><li>Technologie: LCD</li><li>Hlučnost: 63 dB</li><li>Funkce: Odvlhčovač</li></ul>",Pop Pulse Emporium,,,,,911.98,2,NEW,51.0,46.0,53.0,25.26,124338.0,CZK,2,8,3
S0461664,4066529122742,cs-CZ,Giardinaggio e fai da te,Vysokotlaký čistič Kärcher 13247320,"Pokud při zařizování vašeho domova kladete důraz na všelijaké detaily a chcete být průběžně informován o nejnovějších produktech, které vám usnadní ži","Pokud při zařizování vašeho domova kladete důraz na všelijaké detaily a chcete být průběžně informován o nejnovějších produktech, které vám usnadní život, nakupujte <b>Vysokotlaký čistič Kärcher 13247320</b> za tu nejlepší cenu.",Pop Pulse Emporium,https://cdnbigbuy.com/images/4066529122742_S0461664_P00.jpg,,,,628.86,9,NEW,45.3,38.7,40.8,8.77,71526.89,CZK,2,8,3
S71015647,0193108146623,cs-CZ,Giardinaggio e fai da te,Bezpečnostní kamera Arlo 2k esenciales,"Pokud hledáte nejnovější trendy na trhu, máme tu čest vám představit <b>Bezpečnostní kamera Arlo 2k esenciales</b>!<br><br><ul><li>Typ: <ul><li>Videok","Pokud hledáte nejnovější trendy na trhu, máme tu čest vám představit <b>Bezpečnostní kamera Arlo 2k esenciales</b>!<br><br><ul><li>Typ: <ul><li>Videokamera</li><li>IP bezpečnostní kamera</li></ul></li><li>Kusů: 3 kusů</li><li>Barva: Bílý</li><li>Vlastnosti: Integrované reproduktory</li><li>Připojení: Wi-Fi</li><li>Obsahuje: <ul><li>Montážní set</li><li>Šrouby</li><li>Dobíjecí lithiová baterie</li><li>Manuál uživatele</li></ul></li><li>Funkce: Noční vidění</li><li>Technologie: <ul><li>Bezdrátový<",Pop Pulse Emporium,https://cdnbigbuy.com/images/0193108146623_S71015647_P00.jpg,https://cdnbigbuy.com/images/0193108146623_S71015647_P40.jpg,https://cdnbigbuy.com/images/0193108146623_I20.jpg,https://cdnbigbuy.com/images/0193108146623_S71015647_P50.jpg,758.58,2,NEW,31.0,21.0,15.0,2.26,9765.0,CZK,2,8,3
S71003178,4006508224579,cs-CZ,Casa e arredamento,"Superautomatický kávovar Melitta Latticia F300-101 Černý Stříbřitý 1450 W 1,5 L","Jestli hledáte vhodné elektrospotřebiče za špičkové ceny, nesmí vám uniknout <b>Superautomatický kávovar Melitta Latticia F300-101 Černý Stříbřitý 145","Jestli hledáte vhodné elektrospotřebiče za špičkové ceny, nesmí vám uniknout <b>Superautomatický kávovar Melitta Latticia F300-101 Černý Stříbřitý 1450 W 1,5 L</b> a další kousky z širokého výběru kvalitních malých domácích elektrospotřebičů!<br><br><p><b>Superautomatický kávovar Latticia F300-101</b> od <b>Melitta</b> je kompletní a pokročilé řešení pro přípravu kvalitního espressa doma nebo v kanceláři. Tento model kombinuje funkce <b>espresso stroje</b> s praktičností <b>pákového kávovaru</b>",Pop Pulse Emporium,,,,,849.38,2,NEW,45.2,54.4,30.0,9.22,73766.4,CZK,2,8,3
S1906956,8436575278179,cs-CZ,Giardinaggio e fai da te,Elektrická zástrčka Wallbox,"Pokud při zařizování vašeho domova kladete důraz na všelijaké detaily a chcete být průběžně informován o nejnovějších produktech, které vám usnadní ži","Pokud při zařizování vašeho domova kladete důraz na všelijaké detaily a chcete být průběžně informován o nejnovějších produktech, které vám usnadní život, nakupujte <b>Elektrická zástrčka Wallbox</b> za tu nejlepší cenu.<br><br><ul><li>Typ: Elektrická zástrčka</li><li>Barva: Černý</li><li>Příkon: <ul><li>22000 W</li><li>7400 W</li></ul></li><li>Připojení: Wi-Fi</li><li>Montáž: Montáž na stěnu</li><li>Stupeň krytí: IP54</li><li>Výstupy: 1</li><li>Vestavěný displej: Č.</li><li>Teplota přibližně: -",Pop Pulse Emporium,https://cdnbigbuy.com/images/8436575278179_S1906956_P00.jpg,https://cdnbigbuy.com/images/8436575278179_S1906956_P60.jpg,https://cdnbigbuy.com/images/8436575278179_S1906956_P20.jpg,https://cdnbigbuy.com/images/8436575278179_S1906956_P30.jpg,1766.02,5,NEW,40.0,40.0,20.0,7.0,32000.0,CZK,2,8,3
S71018850,4242005496006,cs-CZ,Casa e arredamento,Indukční Plotýnka BOSCH,"Pokud hledáte nejnovější trendy na trhu, máme tu čest vám představit <b>Indukční Plotýnka BOSCH</b>!<br><br><ul><li>Typ: <ul><li>Indukční Plotýnka</li","Pokud hledáte nejnovější trendy na trhu, máme tu čest vám představit <b>Indukční Plotýnka BOSCH</b>!<br><br><ul><li>Typ: <ul><li>Indukční Plotýnka</li><li>Vestavěný</li></ul></li><li>Zásuvný produkt: Ano</li><li>Místo pro vaření: 4</li><li>Délka kabelu: 1 m</li><li>Barva: Ocel</li><li>Frekvence vstupního střídavého napětí: 50-60 Hz</li><li>Napětí: 220-240 V</li><li>Délka: 52 cm</li><li>Vestavěný displej: Č.</li></ul>",Pop Pulse Emporium,,,,,647.02,5,NEW,66.0,58.0,15.0,11.8,57420.0,CZK,2,8,3
S7112895,5011423191539,cs-CZ,Casa e arredamento,Kuchyňský robot Kenwood KVL4110S Ocel 1200 W,"Jestli hledáte vhodné elektrospotřebiče za špičkové ceny, nesmí vám uniknout <b>Kuchyňský robot Kenwood KVL4110S Ocel 1200 W</b> a další kousky z širo","Jestli hledáte vhodné elektrospotřebiče za špičkové ceny, nesmí vám uniknout <b>Kuchyňský robot Kenwood KVL4110S Ocel 1200 W</b> a další kousky z širokého výběru kvalitních malých domácích elektrospotřebičů!<br><br><ul><li>Příkon: 1200 W</li><li>Barva: Ocel</li><li>Zásuvný produkt: Ano</li><li>Materiál: Nerezová ocel</li></ul>",Pop Pulse Emporium,,,,,814.9,10,NEW,51.2,71.8,35.0,13.51,128665.6,CZK,2,8,3
S7172736,4977766772112,cs-CZ,Casa e arredamento,Šicí stroj Brother FS100WT 100 W,"Pokud při zařizování vašeho domova kladete důraz na všelijaké detaily a chcete být průběžně informován o nejnovějších produktech, které vám usnadní ži","Pokud při zařizování vašeho domova kladete důraz na všelijaké detaily a chcete být průběžně informován o nejnovějších produktech, které vám usnadní život, nakupujte <b>Šicí stroj Brother FS100WT 100 W</b> za tu nejlepší cenu.<br><br><ul><li>Typ: Šicí stroj</li><li>Obsahuje: LCD obrazovka</li><li>Příkon: 100 W</li><li>Typ zástrčky: Zástrčka EU</li><li>Barva: Bílý</li></ul>",Pop Pulse Emporium,,,,,794.58,19,NEW,45.6,36.2,51.4,9.3,84847.01,CZK,2,8,3
M1207505,7640180531241,cs-CZ,Giardinaggio e fai da te,Telemetr Leica Geosystems DISTO D5 200 m,"Pokud při zařizování vašeho domova kladete důraz na všelijaké detaily a chcete být průběžně informován o nejnovějších produktech, které vám usnadní ži","Pokud při zařizování vašeho domova kladete důraz na všelijaké detaily a chcete být průběžně informován o nejnovějších produktech, které vám usnadní život, nakupujte <b>Telemetr Leica Geosystems DISTO D5 200 m</b> za tu nejlepší cenu.<br><br><ul><li>Typ: Telemetr/teleskop</li><li>Přesnost: ± 1,0 MM</li><li>Rozsah: 200 m</li><li>Stupeň krytí: IP54</li></ul>",Pop Pulse Emporium,https://cdnbigbuy.com/images/7640180531241_M1207505_P00.jpg,https://cdnbigbuy.com/images/7640180531241_M1207505_P50.jpg,https://cdnbigbuy.com/images/7640180531241_M1207505_P10.jpg,https://cdnbigbuy.com/images/7640180531241_M1207505_P20.jpg,843.02,5,NEW,12.8,9.6,10.7,2.0,1314.82,CZK,2,8,3
S71008519,6941545631363,cs-CZ,Giardinaggio e fai da te,Chytrý video nosič Ezviz,"Pokud při zařizování vašeho domova kladete důraz na všelijaké detaily a chcete být průběžně informován o nejnovějších produktech, které vám usnadní ži","Pokud při zařizování vašeho domova kladete důraz na všelijaké detaily a chcete být průběžně informován o nejnovějších produktech, které vám usnadní život, nakupujte <b>Chytrý video nosič Ezviz</b> za tu nejlepší cenu.<br><br><p><b>Ezviz EP7</b> je chytrý <b>interkom</b> navržený pro pokročilou komunikaci a bezpečnost v domácnostech i firmách, který spojuje moderní technologie v kompaktním a funkčním provedení. Jeho <b>dotyková obrazovka</b> umožňuje intuitivní ovládání a efektivní správu hovorů,",Pop Pulse Emporium,https://cdnbigbuy.com/images/6941545631363_S71008519_P00.jpg,https://cdnbigbuy.com/images/6941545631363_S71008519_P30.jpg,https://cdnbigbuy.com/images/6941545631363_S71008519_P10.jpg,https://cdnbigbuy.com/images/6941545631363_S71008519_P20.jpg,722.88,4,NEW,22.6,31.2,8.5,1.94,5993.52,CZK,2,8,3
S7188507,4078500022538,cs-CZ,Giardinaggio e fai da te,Zalévací bomba Gardena 19080-20,"Pokud při zařizování vašeho domova kladete důraz na všelijaké detaily a chcete být průběžně informován o nejnovějších produktech, které vám usnadní ži","Pokud při zařizování vašeho domova kladete důraz na všelijaké detaily a chcete být průběžně informován o nejnovějších produktech, které vám usnadní život, nakupujte <b>Zalévací bomba Gardena 19080-20</b> za tu nejlepší cenu.<br><br><ul><li>Zásuvný produkt: Ano</li><li>Typ zástrčky: Zástrčka EU</li><li>Materiál: <ul><li>Nerezová ocel</li><li>Plastické</li></ul></li><li>Příkon: 1300 W</li><li>Nápajecí Zdroj: Elektrický kabel</li><li>Výkonnost: 5000 l/h</li></ul>",Pop Pulse Emporium,https://cdnbigbuy.com/images/4078500022538_S7188507_P00.jpg,https://cdnbigbuy.com/images/4078500022538_S7188507_P20.jpg,https://cdnbigbuy.com/images/4078500022538_S7188507_P10.jpg,,747.22,2,NEW,49.2,28.0,34.8,15.16,47940.48,CZK,2,8,3
S0459961,4242006298586,cs-CZ,Casa e arredamento,Indukční Plotýnka Balay 3EB965LH 60 cm,"Jestliže chcete renovovat svou kuchyň, kupte si <b>Indukční Plotýnka Balay 3EB965LH 60 cm</b> a další <b>produkty Balay</b>! Nejlepší kvalitu za nejle","Jestliže chcete renovovat svou kuchyň, kupte si <b>Indukční Plotýnka Balay 3EB965LH 60 cm</b> a další <b>produkty Balay</b>! Nejlepší kvalitu za nejlepší cenu máte na dosah!<br><br><ul><li>Typ: Indukční Plotýnka</li><li>Zásuvný produkt: Ano</li><li>Typ zástrčky: Zástrčka EU</li><li>Barva: Černý</li><li>Šířka: 60 cm</li><li>Vlastnosti: <ul><li>Blokování pro děti</li><li>Vestavěný displej</li></ul></li><li>Typ instalace: Integrační</li><li>Místo pro vaření: 3</li><li>Automatické vypínání: Ano</li>",Pop Pulse Emporium,,,,,976.22,2,NEW,69.0,68.0,19.0,10.0,89148.0,CZK,2,8,3
S71019887,6976233677194,cs-CZ,Casa e arredamento,Robotický vysavač Dreame L40 Ultra 5200 mAh,"Pokud hledáte nejnovější trendy na trhu, máme tu čest vám představit <b>Robotický vysavač Dreame L40 Ultra 5200 mAh</b>!<br><br><p><b>Dreame L40 ULTRA","Pokud hledáte nejnovější trendy na trhu, máme tu čest vám představit <b>Robotický vysavač Dreame L40 Ultra 5200 mAh</b>!<br><br><p><b>Dreame L40 ULTRA</b> je pokročilý <b>robotický vysavač</b> navržený pro autonomní a efektivní úklid domácnosti, vynikající kombinací výkonu, konektivity a snadného ovládání. Tento model je vybaven výkonným <b>sacím systémem s 11 000 Pa</b>, který účinně odstraňuje prach, chlupy i nečistoty z tvrdých podlah i koberců a zajišťuje důkladný sběr i v náročných oblastec",Pop Pulse Emporium,,,,,1243.4,10,NEW,64.0,44.0,44.0,19.2,123904.0,CZK,2,8,3
S7112917,5011423191508,cs-CZ,Casa e arredamento,Kuchyňský robot Kenwood KVC3110S,"Jestli hledáte vhodné elektrospotřebiče za špičkové ceny, nesmí vám uniknout <b>Kuchyňský robot Kenwood KVC3110S</b> a další kousky z širokého výběru ","Jestli hledáte vhodné elektrospotřebiče za špičkové ceny, nesmí vám uniknout <b>Kuchyňský robot Kenwood KVC3110S</b> a další kousky z širokého výběru kvalitních malých domácích elektrospotřebičů!<br><ul><li>Kapacita: 4,6 L</li><li>Barva: Stříbro</li><li>Materiál: Nerezová ocel</li><li>Příkon: 1000 W</li></ul>",Pop Pulse Emporium,,,,,667.32,2,NEW,67.2,34.2,44.5,12.02,102271.68,CZK,2,8,3
S71024712,8698902518000,cs-CZ,Casa e arredamento,Plynová deska Daewoo BH9GKF51BNH,"Pokud hledáte nejnovější trendy na trhu, máme tu čest vám představit <b>Plynová deska Daewoo BH9GKF51BNH</b>!<br><br><p><b>Plynová varná deska</b> Dae","Pokud hledáte nejnovější trendy na trhu, máme tu čest vám představit <b>Plynová deska Daewoo BH9GKF51BNH</b>!<br><br><p><b>Plynová varná deska</b> Daewoo BH9GKF51BNH spojuje všestrannost a design a nabízí efektivní a elegantní řešení pro moderní kuchyně. Tento model vyniká <b>5 varnými zónami</b>, které umožňují současnou přípravu více jídel a přizpůsobí se potřebám velkých rodin i milovníků propracované gastronomie. Její <b>matně černé provedení</b> dodává prostředí sofistikovaný a nenápadný vz",Pop Pulse Emporium,,,,,601.08,5,NEW,94.0,58.0,15.0,20.63,81780.0,CZK,2,8,3
S7149764,8004399328655,cs-CZ,Casa e arredamento,Elektrický kávovar DeLonghi Etam 29510B Černý,"Jestli hledáte vhodné elektrospotřebiče za špičkové ceny, nesmí vám uniknout <b>Elektrický kávovar DeLonghi Etam 29510B Černý</b> a další kousky z šir","Jestli hledáte vhodné elektrospotřebiče za špičkové ceny, nesmí vám uniknout <b>Elektrický kávovar DeLonghi Etam 29510B Černý</b> a další kousky z širokého výběru kvalitních malých domácích elektrospotřebičů!<br><br><ul><li>Barva: Černý</li><li>Typ: Elektrický kávovar</li><li>Vlastnosti: <ul><li>Automatické vypínání</li><li>Náustek na páru</li><li>Nádrž vyjmutelné vody</li><li>Programovatelné charakteristiky</li><li>Nastavitelná intenzita</li><li>Automatické</li></ul></li><li>Tlakové: 15 bar</li",Pop Pulse Emporium,,,,,744.88,25,NEW,28.4,43.0,55.4,11.7,67654.48,CZK,2,8,3
S71019933,0034223508050,cs-CZ,Sport e attività all'aperto,Přenosný Chladící Box Dometic,"Pokud hledáte nejnovější trendy na trhu, máme tu čest vám představit <b>Přenosný Chladící Box Dometic</b>!<br><br><ul><li>Typ: Přenosný Chladící Box</","Pokud hledáte nejnovější trendy na trhu, máme tu čest vám představit <b>Přenosný Chladící Box Dometic</b>!<br><br><ul><li>Typ: Přenosný Chladící Box</li></ul>",Pop Pulse Emporium,https://cdnbigbuy.com/images/0034223508050_S71019933_P00.jpg,https://cdnbigbuy.com/images/0034223508050_S71019933_P40.jpg,https://cdnbigbuy.com/images/0034223508050_S71019933_P50.jpg,https://cdnbigbuy.com/images/0034223508050_S71019933_P10.jpg,839.04,5,NEW,45.0,44.0,63.0,17.88,124740.0,CZK,2,8,3
S7172640,3663707012744,cs-CZ,Giardinaggio e fai da te,Automatické čističe bazénu Bestway 58481,Tyto nabídky produktů vám zajistí příjemnou letní zábavu. Malí i dospělí si je okamžitě zamilují ! Nakupujte <b>Automatické čističe bazénu Bestway 584,Tyto nabídky produktů vám zajistí příjemnou letní zábavu. Malí i dospělí si je okamžitě zamilují ! Nakupujte <b>Automatické čističe bazénu Bestway 58481</b> a užívejte si chvíle volna!<br><br><ul><li>Obsahuje: Světelný indikátor</li></ul>,Pop Pulse Emporium,https://cdnbigbuy.com/images/3663707012744_S7172640_P00.jpg,,,,1374.54,5,NEW,76.0,54.0,32.0,23.0,131328.0,CZK,2,8,3
S7189720,4059952596709,cs-CZ,Giardinaggio e fai da te,"Rázový klíč, rázový utahovák BOSCH GDX Professional 18 V 200 Nm","Pokud při zařizování vašeho domova kladete důraz na všelijaké detaily a chcete být průběžně informován o nejnovějších produktech, které vám usnadní ži","Pokud při zařizování vašeho domova kladete důraz na všelijaké detaily a chcete být průběžně informován o nejnovějších produktech, které vám usnadní život, nakupujte <b>Rázový klíč, rázový utahovák BOSCH GDX Professional 18 V 200 Nm</b> za tu nejlepší cenu.<br><br><ul><li>Obsahuje: <ul><li>Aktovka</li><li>Dobíjecí lithiová baterie</li><li>Nabíječka na baterie</li></ul></li><li>Barva: Modrý</li><li>Napětí: 18 V</li><li>Nápajecí Zdroj: <ul><li>Baterie</li><li>Dobíjecí baterie</li></ul></li><li>Moto",Pop Pulse Emporium,https://cdnbigbuy.com/images/4059952596709_S7189720_P01.jpg,https://cdnbigbuy.com/images/4059952596709_S7189720_P11.jpg,https://cdnbigbuy.com/images/4059952596709_S7189720_P21.jpg,https://cdnbigbuy.com/images/4059952596709_S7189720_P31.jpg,659.92,2,NEW,38.9,43.8,11.1,4.44,18912.4,CZK,2,8,3
S71016414,3700628277347,cs-CZ,Sport e attività all'aperto,Přenosný Chladící Box Eza Blizz-E Dual 38 x 52 x 62 cm Plastické 39 L,"Pokud hledáte nejnovější trendy na trhu, máme tu čest vám představit <b>Přenosný Chladící Box Eza Blizz-E Dual 38 x 52 x 62 cm Plastické 39 L</b>!<br>","Pokud hledáte nejnovější trendy na trhu, máme tu čest vám představit <b>Přenosný Chladící Box Eza Blizz-E Dual 38 x 52 x 62 cm Plastické 39 L</b>!<br><br><p><b>Přenosná lednička Blizz-E Dual od Eza</b> je zařízení navržené pro praktické a univerzální chlazení v jakémkoli prostředí. S kapacitou <b>39 litrů</b> nabízí <b>dva nezávislé oddíly</b>, které umožňují uchovávat různé druhy potravin nebo nápojů při odlišných teplotách současně, což usnadňuje organizaci a zachování obsahu podle vašich potř",Pop Pulse Emporium,https://cdnbigbuy.com/images/3700628277347_S71016414_P00.jpg,https://cdnbigbuy.com/images/3700628277347_S71016414_P20.jpg,https://cdnbigbuy.com/images/3700628277347_S71016414_P30.jpg,https://cdnbigbuy.com/images/3700628277347_S71016414_P40.jpg,716.92,5,NEW,30.8,28.6,33.3,13.6,29333.3,CZK,2,8,3
S0469745,0622356349901,cs-CZ,Casa e arredamento,Elektrický kávovar Shark ES601EUBK Černý,"Pokud hledáte nejnovější trendy na trhu, máme tu čest vám představit <b>Elektrický kávovar Shark ES601EUBK Černý</b>!<br><br><ul><li>Zásuvný produkt: ","Pokud hledáte nejnovější trendy na trhu, máme tu čest vám představit <b>Elektrický kávovar Shark ES601EUBK Černý</b>!<br><br><ul><li>Zásuvný produkt: Ano</li><li>Typ zástrčky: Zástrčka EU</li><li>Barva: Černý</li><li>Vlastnosti: <ul><li>Integrovaný mlýnek</li><li>Snadný k čištění</li></ul></li></ul>",Pop Pulse Emporium,,,,,650.18,10,NEW,36.8,49.1,38.1,13.6,68842.13,CZK,2,8,3
S71021060,8720389042089,cs-CZ,Casa e arredamento,Tyčový vysavač Philips,"Pokud hledáte nejnovější trendy na trhu, máme tu čest vám představit <b>Tyčový vysavač Philips</b>!<br><br><ul><li>Zásuvný produkt: Ano</li><li>Typ: T","Pokud hledáte nejnovější trendy na trhu, máme tu čest vám představit <b>Tyčový vysavač Philips</b>!<br><br><ul><li>Zásuvný produkt: Ano</li><li>Typ: Tyčový vysavač</li><li>Typ zástrčky: Zástrčka EU</li><li>Šířka: 35 cm</li><li>Tvar: Obdélníkový</li><li>Nápajecí Zdroj: Baterie</li><li>Barva: Korálová</li><li>Vlastnosti: Vlhký a suchý</li><li>Technologie: Cyclonic</li><li>Typ baterie: Litio Ion</li><li>Přibližná výdrž: 25 minut</li></ul>",Pop Pulse Emporium,,,,,702.56,5,NEW,77.0,40.0,30.0,10.5,92400.0,CZK,2,8,3
S7149766,8004399328679,cs-CZ,Casa e arredamento,"Superautomatický kávovar DeLonghi ETAM29.620.SB 1,40 L 15 bar 1450W Stříbřitý 1450 W 1,4 L","Jestli hledáte vhodné elektrospotřebiče za špičkové ceny, nesmí vám uniknout <b>Superautomatický kávovar DeLonghi ETAM29.620.SB 1,40 L 15 bar 1450W St","Jestli hledáte vhodné elektrospotřebiče za špičkové ceny, nesmí vám uniknout <b>Superautomatický kávovar DeLonghi ETAM29.620.SB 1,40 L 15 bar 1450W Stříbřitý 1450 W 1,4 L</b> a další kousky z širokého výběru kvalitních malých domácích elektrospotřebičů!<br><br><ul><li>Barva: Stříbřitý</li><li>Přibližné rozměry: 19,5 x 47,7 x 34 cm</li><li>Zásuvný produkt: Ano</li><li>Typ zástrčky: Zástrčka EU</li><li>Materiál: Nerezová ocel</li><li>Vlastnosti: Vyjmutelný tác na kapání</li><li>Váha: 2,5 kg</li><l",Pop Pulse Emporium,,,,,1083.74,16,NEW,56.0,27.0,43.0,11.92,65016.0,CZK,2,8,3
S71022581,3700092608968,cs-CZ,Sport e attività all'aperto,Hoverboard EZWAY 800 W,"Pokud hledáte nejnovější trendy na trhu, máme tu čest vám představit <b>Hoverboard EZWAY 800 W</b>!<br><br><ul><li>Typ: Hoverboard</li><li>Zásuvný pro","Pokud hledáte nejnovější trendy na trhu, máme tu čest vám představit <b>Hoverboard EZWAY 800 W</b>!<br><br><ul><li>Typ: Hoverboard</li><li>Zásuvný produkt: Ano</li><li>Příkon: 800 W</li></ul><br><br>Důležité informace: Pokud značka nezaregistrovala skútr, majitel bude muset projít ITV nebo TÜV, aby získal „EBE“ nebo individuální povolení k provozu..",Pop Pulse Emporium,https://cdnbigbuy.com/images/3700092608968_S71022581_P00.jpg,https://cdnbigbuy.com/images/3700092608968_S71022581_P50.jpg,https://cdnbigbuy.com/images/3700092608968_S71022581_P10.jpg,https://cdnbigbuy.com/images/3700092608968_S71022581_P20.jpg,1077.72,25,NEW,85.5,44.7,36.0,27.25,137586.6,CZK,2,8,3
M1202612,4007140128478,cs-CZ,Giardinaggio e fai da te,Sada ručních závitníků RUKO Rychlořezná ocel (HSS) 75 mm 52 mm 47 mm DIN 352 3 kusů 3 Kusy,"Pokud při zařizování vašeho domova kladete důraz na všelijaké detaily a chcete být průběžně informován o nejnovějších produktech, které vám usnadní ži","Pokud při zařizování vašeho domova kladete důraz na všelijaké detaily a chcete být průběžně informován o nejnovějších produktech, které vám usnadní život, nakupujte <b>Sada ručních závitníků RUKO Rychlořezná ocel (HSS) 75 mm 52 mm 47 mm DIN 352 3 kusů 3 Kusy</b> za tu nejlepší cenu.<br><br><ul><li>Materiál: Rychlořezná ocel (HSS)</li><li>Typ: Sada ručních závitníků</li><li>Kusů: 3 kusů</li><li>Vlastnosti: Broušení s automatickým centrováním</li><li>Standardní: <ul><li>DIN 352</li><li>ISO DIN 13<",Pop Pulse Emporium,https://cdnbigbuy.com/images/4007140128478_M1202612_P00.jpg,https://cdnbigbuy.com/images/4007140128478_M1202612_P10.jpg,,,870.02,1,NEW,19.0,6.0,6.0,1.8,684.0,CZK,2,8,3
S71015233,6977728942438,cs-CZ,Casa e arredamento,Robotický vysavač MOVA P50 Ultra,"Pokud hledáte nejnovější trendy na trhu, máme tu čest vám představit <b>Robotický vysavač MOVA P50 Ultra</b>!<br><br><p><b>Robotický vysavač P50 Ultra","Pokud hledáte nejnovější trendy na trhu, máme tu čest vám představit <b>Robotický vysavač MOVA P50 Ultra</b>!<br><br><p><b>Robotický vysavač P50 Ultra</b> od <b>Dreame</b> je zařízení navržené pro efektivní domácí úklid s vyvážením mezi kapacitou, výkonem a inteligentním připojením. Má <b>kapacitu nádoby až 3,2 litru</b>, což umožňuje pojmout velké množství prachu a nečistot před vyprázdněním, čímž nabízí delší výdrž pro rozsáhlé úklidové práce. Jeho <b>přibližná výdrž 150 minut (2,5 hodiny)</b>",Pop Pulse Emporium,,,,,1319.44,18,NEW,39.2,38.7,30.3,20.88,45966.31,CZK,2,8,3
S7189682,3165140888295,cs-CZ,Giardinaggio e fai da te,Laserová vodováha BOSCH GLL 3-80 C Professional + BT 150,"Pokud při zařizování vašeho domova kladete důraz na všelijaké detaily a chcete být průběžně informován o nejnovějších produktech, které vám usnadní ži","Pokud při zařizování vašeho domova kladete důraz na všelijaké detaily a chcete být průběžně informován o nejnovějších produktech, které vám usnadní život, nakupujte <b>Laserová vodováha BOSCH GLL 3-80 C Professional + BT 150</b> za tu nejlepší cenu.<br><br><ul><li>Nápajecí Zdroj: Baterie</li><li>Obsahuje: <ul><li>Stativ</li><li>Přepravní taška</li><li>Dobíjecí lithiová baterie</li></ul></li><li>Typ: Laserová vodováha</li><li>Barva: Modrý</li><li>Energetická klasifikace: A+</li><li>Napětí: 12 V</",Pop Pulse Emporium,https://cdnbigbuy.com/images/3165140888295_S7189682_P01.jpg,https://cdnbigbuy.com/images/3165140888295_S7189682_P31.jpg,https://cdnbigbuy.com/images/3165140888295_S7189682_P41.jpg,https://cdnbigbuy.com/images/3165140888295_S7189682_P51.jpg,827.18,1,NEW,59.5,25.0,11.5,3.14,17106.25,CZK,2,8,3
S71002913,3661546406243,cs-CZ,Sport e attività all'aperto,Hoverboard Beeper FX55-10 Bílý,Zůstaňte ve formě a objevujte poslední novinky ze sportovního světa s největšími zárukami! Nakupte <b>Hoverboard Beeper FX55-10 Bílý</b> za nejlepší c,"Zůstaňte ve formě a objevujte poslední novinky ze sportovního světa s největšími zárukami! Nakupte <b>Hoverboard Beeper FX55-10 Bílý</b> za nejlepší cenu a užívejte si života plného zdraví!<br><br><ul><li>Příkon: 500 W</li><li>Rychlost: 25 km/h</li><li>Přibližná výdrž: 40 - 45 Km</li><li>Typ: Hoverboard</li><li>Zásuvný produkt: Ano</li><li>Důležité informace: Pokud značka nezaregistrovala skútr, majitel bude muset projít ITV nebo TÜV, aby získal „EBE“ nebo individuální povolení k provozu.</li><l",Pop Pulse Emporium,https://cdnbigbuy.com/images/3661546406243_S71002913_P00.jpg,https://cdnbigbuy.com/images/3661546406243_S71002913_P10.jpg,https://cdnbigbuy.com/images/3661546406243_S71002913_P20.jpg,https://cdnbigbuy.com/images/3661546406243_S71002913_P30.jpg,1588.94,2,NEW,116.0,22.0,57.0,24.0,145464.0,CZK,2,8,3
S71023598,8007411013973,cs-CZ,Casa e arredamento,Parní čistič POLTI RollySteam WD10,"Jestli hledáte vhodné elektrospotřebiče za špičkové ceny, nesmí vám uniknout <b>Parní čistič POLTI RollySteam WD10</b> a další kousky z širokého výběr","Jestli hledáte vhodné elektrospotřebiče za špičkové ceny, nesmí vám uniknout <b>Parní čistič POLTI RollySteam WD10</b> a další kousky z širokého výběru kvalitních malých domácích elektrospotřebičů!<br><br><p><b>Vaporizér</b> <b>POLTI WD10</b> představuje účinné a univerzální řešení pro úklid domácnosti, které spojuje sílu páry s funkcí <b>tyčového vysavače</b> v jednom kompaktním spotřebiči. Tento model vyniká <b>výkonem 750 W</b>, což umožňuje stálou a efektivní tvorbu páry, usnadňující dezinfe",Pop Pulse Emporium,,,,,621.32,25,NEW,79.0,36.0,20.0,7.75,56880.0,CZK,2,8,3
S0468710,8004399026889,cs-CZ,Casa e arredamento,Elektrický kávovar DeLonghi LASPECIALISTAOPERAEC9555.M,"Jestli hledáte vhodné elektrospotřebiče za špičkové ceny, nesmí vám uniknout <b>Elektrický kávovar DeLonghi LASPECIALISTAOPERAEC9555.M</b> a další kou","Jestli hledáte vhodné elektrospotřebiče za špičkové ceny, nesmí vám uniknout <b>Elektrický kávovar DeLonghi LASPECIALISTAOPERAEC9555.M</b> a další kousky z širokého výběru kvalitních malých domácích elektrospotřebičů!<br><br><ul><li>Zásuvný produkt: Ano</li><li>Vlastnosti: Kávový filtr</li><li>Materiál: Kov</li><li>Napětí: 240 V</li><li>Barva: Kov</li></ul>",Pop Pulse Emporium,,,,,1429.48,1,NEW,30.1,32.1,40.1,3.67,38745.02,CZK,2,8,3
S71025478,0622356292306,cs-CZ,Casa e arredamento,Zmrzlinovač NINJA,"Pokud hledáte nejnovější trendy na trhu, máme tu čest vám představit <b>Zmrzlinovač NINJA</b>!","Pokud hledáte nejnovější trendy na trhu, máme tu čest vám představit <b>Zmrzlinovač NINJA</b>!",Pop Pulse Emporium,,,,,674.1,25,NEW,33.0,54.0,49.0,13.34,87318.0,CZK,2,8,3
S0459940,4242006295325,cs-CZ,Casa e arredamento,Indukční Plotýnka Balay 3EB997LH,"Jestliže chcete renovovat svou kuchyň, kupte si <b>Indukční Plotýnka Balay 3EB997LH</b> a další <b>produkty Balay</b>! Nejlepší kvalitu za nejlepší ce","Jestliže chcete renovovat svou kuchyň, kupte si <b>Indukční Plotýnka Balay 3EB997LH</b> a další <b>produkty Balay</b>! Nejlepší kvalitu za nejlepší cenu máte na dosah!<br><br><ul><li>Typ: Indukční Plotýnka</li><li>Zásuvný produkt: Ano</li><li>Typ zástrčky: Zástrčka EU</li><li>Barva: Černý</li><li>Vlastnosti: <ul><li>Blokování pro děti</li><li>Vestavěný displej</li></ul></li><li>Typ instalace: Integrační</li><li>Místo pro vaření: 5</li><li>Automatické vypínání: Ano</li></ul>",Pop Pulse Emporium,,,,,1508.76,2,NEW,109.0,64.0,19.0,21.0,132544.0,CZK,2,8,3
S0469181,4242005483167,cs-CZ,Casa e arredamento,Plynová deska BOSCH PRB3A6I40 30 cm,"Jestliže chcete renovovat svou kuchyň, kupte si <b>Plynová deska BOSCH PRB3A6I40 30 cm</b> a další <b>produkty BOSCH</b>! Nejlepší kvalitu za nejlepší","Jestliže chcete renovovat svou kuchyň, kupte si <b>Plynová deska BOSCH PRB3A6I40 30 cm</b> a další <b>produkty BOSCH</b>! Nejlepší kvalitu za nejlepší cenu máte na dosah!<br><br><ul><li>Typ: <ul><li>Indukční Plotýnka</li><li>Plynová deska</li><li>Vestavěný</li></ul></li><li>Zásuvný produkt: Ano</li><li>Typ zástrčky: Zástrčka EU</li><li>Místo pro vaření: 2</li><li>Barva: Černý</li><li>Materiál: <ul><li>Nerezová ocel</li><li>Sklo</li></ul></li><li>Šířka: 30 cm</li><li>Vlastnosti: Snadný k čištění<",Pop Pulse Emporium,,,,,708.86,25,NEW,57.8,36.1,16.3,8.5,34011.25,CZK,2,8,3
M1200578,4021176463839,cs-CZ,Giardinaggio e fai da te,Stahovák ložisek KUKKO,"Pokud hledáte nejnovější trendy na trhu, máme tu čest vám představit <b>Stahovák ložisek KUKKO</b>!<br><br><ul><li>Typ: Stahovák ložisek</li><li>Šířka","Pokud hledáte nejnovější trendy na trhu, máme tu čest vám představit <b>Stahovák ložisek KUKKO</b>!<br><br><ul><li>Typ: Stahovák ložisek</li><li>Šířka: 120 mm</li></ul>",Pop Pulse Emporium,https://cdnbigbuy.com/images/4021176463839_M1200578_P00.jpg,https://cdnbigbuy.com/images/4021176463839_M1200578_P10.jpg,https://cdnbigbuy.com/images/4021176463839_M1200578_P20.jpg,,944.18,1,NEW,34.4,20.9,14.8,5.11,10640.61,CZK,2,8,3
S0453612,8806091859341,cs-CZ,Casa e arredamento,Indukční Plotýnka LG CBIZ2435B 60 cm 7400 W,"Jestliže chcete renovovat svou kuchyň, kupte si <b>Indukční Plotýnka LG CBIZ2435B 60 cm 7400 W</b> a další <b>produkty LG</b>! Nejlepší kvalitu za nej","Jestliže chcete renovovat svou kuchyň, kupte si <b>Indukční Plotýnka LG CBIZ2435B 60 cm 7400 W</b> a další <b>produkty LG</b>! Nejlepší kvalitu za nejlepší cenu máte na dosah!<br><br><ul><li>Zásuvný produkt: Ano</li><li>Typ zástrčky: Zástrčka EU</li><li>Typ: <ul><li>Indukční Plotýnka</li><li>Vestavěný</li></ul></li><li>Barva: Černý</li><li>Šířka: 60 cm</li><li>Vlastnosti: <ul><li>Blokování pro děti</li><li>Vestavěný displej</li><li>Dotykový knoflík</li></ul></li><li>Příkon: 7400 W</li><li>Úrovně",Pop Pulse Emporium,,,,,765.68,10,NEW,64.5,69.0,10.8,12.6,48065.4,CZK,2,8,3
S0465841,8806096428573,cs-CZ,Casa e arredamento,Trouba LG WS5D7230S 72 L,"Jestliže chcete renovovat svou kuchyň, kupte si <b>Trouba LG WS5D7230S 72 L</b> a další <b>produkty LG</b>! Nejlepší kvalitu za nejlepší cenu máte na ","Jestliže chcete renovovat svou kuchyň, kupte si <b>Trouba LG WS5D7230S 72 L</b> a další <b>produkty LG</b>! Nejlepší kvalitu za nejlepší cenu máte na dosah!<br><br><p><b>Trouba</b> <b>WS5D7230S</b> značky LG je vysoce výkonný domácí spotřebič navržený pro efektivní a bezpečné vaření. S <b>kapacitou 72 litrů</b> a <b>šířkou 59,5 cm</b> nabízí dostatek prostoru pro přípravu více jídel najednou, vhodný pro rodinné kuchyně či časté používání. Její <b>nerezové ocelové provedení</b> zajišťuje moderní ",Pop Pulse Emporium,,,,,670.02,50,NEW,54.8,51.4,52.3,41.0,147314.46,CZK,2,8,3
S71024104,4053423303353,cs-CZ,Giardinaggio e fai da te,Laserová vodováha Openfield,"Pokud hledáte nejnovější trendy na trhu, máme tu čest vám představit <b>Laserová vodováha Openfield</b>!<br><br><p>Zelená <b>laserová vodováha Openfie","Pokud hledáte nejnovější trendy na trhu, máme tu čest vám představit <b>Laserová vodováha Openfield</b>!<br><br><p>Zelená <b>laserová vodováha Openfield</b> nabízí efektivní a přesné řešení pro vyrovnávání a zarovnávání v různých profesionálních prostředích. Díky <b>zelenému</b> laserovému paprsku poskytuje lepší viditelnost než tradiční červené lasery, což usnadňuje práci za silného okolního osvětlení a na větší vzdálenosti. Tato laserová vodováha je dodávána se vším potřebným pro okamžité použ",Pop Pulse Emporium,https://cdnbigbuy.com/images/4053423303353_R00.jpg,https://cdnbigbuy.com/images/4053423303353_R40.jpg,https://cdnbigbuy.com/images/4053423303353_R50.jpg,https://cdnbigbuy.com/images/4053423303353_R10.jpg,921.08,2,NEW,60.0,23.0,11.0,3.18,15180.0,CZK,2,8,3
S0457580,7427136034052,cs-CZ,Sport e attività all'aperto,Hoverboard B-Mov CADAQUÉS Černý 500 W,Zůstaňte ve formě a objevujte poslední novinky ze sportovního světa s největšími zárukami! Nakupte <b>Hoverboard B-Mov CADAQUÉS Černý 500 W</b> za nej,"Zůstaňte ve formě a objevujte poslední novinky ze sportovního světa s největšími zárukami! Nakupte <b>Hoverboard B-Mov CADAQUÉS Černý 500 W</b> za nejlepší cenu a užívejte si života plného zdraví!<br><br><ul><li>Zásuvný produkt: Ano</li><li>Důležité informace: Pokud značka nezaregistrovala skútr, majitel bude muset projít ITV nebo TÜV, aby získal „EBE“ nebo individuální povolení k provozu.</li><li>Typ zástrčky: Zástrčka EU</li><li>Typ: Hoverboard</li><li>Barva: Černý</li><li>Vlastnosti: Skládací",Pop Pulse Emporium,https://cdnbigbuy.com/images/7427136034052_S0457580_P00.jpg,,,,1043.26,23,NEW,85.5,44.7,36.0,14.82,137586.6,CZK,2,8,3
M1205772,9002719033790,cs-CZ,Giardinaggio e fai da te,Laserová vodováha s čarami SOLA HORIZON GREEN BASIC,"Pokud při zařizování vašeho domova kladete důraz na všelijaké detaily a chcete být průběžně informován o nejnovějších produktech, které vám usnadní ži","Pokud při zařizování vašeho domova kladete důraz na všelijaké detaily a chcete být průběžně informován o nejnovějších produktech, které vám usnadní život, nakupujte <b>Laserová vodováha s čarami SOLA HORIZON GREEN BASIC</b> za tu nejlepší cenu.<br><br><ul><li>Typ: Laserová vodováha s čarami</li><li>Rozsah: <ul><li>80 m</li><li>25 m</li></ul></li><li>Typ baterie: AA</li><li>Přibližná výdrž: 8 hodin</li><li>Velikost závitu: 1/4""</li><li>Přesnost: ±0,30 MM/M</li></ul>",Pop Pulse Emporium,https://cdnbigbuy.com/images/9002719033790_M1205772_P00.jpg,https://cdnbigbuy.com/images/9002719033790_M1205772_P80.jpg,https://cdnbigbuy.com/images/9002719033790_M1205772_P40.jpg,https://cdnbigbuy.com/images/9002719033790_M1205772_P50.jpg,959.38,4,NEW,23.6,27.6,14.6,1.49,9509.86,CZK,2,8,3
M1200637,4021176815218,cs-CZ,Giardinaggio e fai da te,Samocentrující stahovák ložisek KUKKO 2 Nohy,"Pokud při zařizování vašeho domova kladete důraz na všelijaké detaily a chcete být průběžně informován o nejnovějších produktech, které vám usnadní ži","Pokud při zařizování vašeho domova kladete důraz na všelijaké detaily a chcete být průběžně informován o nejnovějších produktech, které vám usnadní život, nakupujte <b>Samocentrující stahovák ložisek KUKKO 2 Nohy</b> za tu nejlepší cenu.<br><br><ul><li>Nohy: 2 Nohy</li><li>Typ: Stahovák ložisek</li><li>Šířka: 375 mm</li><li>Rozsah: 275 mm</li></ul>",Pop Pulse Emporium,https://cdnbigbuy.com/images/4021176815218_M1200637_P00.jpg,https://cdnbigbuy.com/images/4021176815218_M1200637_P10.jpg,https://cdnbigbuy.com/images/4021176815218_M1200637_P20.jpg,https://cdnbigbuy.com/images/4021176815218_M1200637_P30.jpg,714.74,1,NEW,50.0,22.0,7.5,5.32,8250.0,CZK,2,8,3
S7125123,3308810000416,cs-CZ,Giardinaggio e fai da te,Drtička SFA   Bez zápachu,"Pokud při zařizování vašeho domova kladete důraz na všelijaké detaily a chcete být průběžně informován o nejnovějších produktech, které vám usnadní ži","Pokud při zařizování vašeho domova kladete důraz na všelijaké detaily a chcete být průběžně informován o nejnovějších produktech, které vám usnadní život, nakupujte <b>Drtička SFA   Bez zápachu</b> za tu nejlepší cenu.<br><br><p><b>Drtič SFA Sanibroyeur Plus Silence</b> je zařízení navržené pro usnadnění odvodu odpadů v sanitárních instalacích, kde jsou běžná vodovodní připojení komplikovaná nebo nemožná. Tento <b>drtič</b> vyniká svou schopností zpracovat nejen toaletu, ale i umyvadlo, sprchu a",Pop Pulse Emporium,https://cdnbigbuy.com/images/3308810000416_S7125123_P01.jpg,https://cdnbigbuy.com/images/3308810000416_S7125123_P21.jpg,https://cdnbigbuy.com/images/3308810000416_S7125123_P31.jpg,https://cdnbigbuy.com/images/3308810000416_S7125123_P11.jpg,1236.38,2,NEW,55.2,24.4,32.6,7.38,43908.29,CZK,2,8,3
S0464185,8721008535722,cs-CZ,Sport e attività all'aperto,Hoverboard Segway AA.06.02.01.0004,"Pokud hledáte nejnovější trendy na trhu, máme tu čest vám představit <b>Hoverboard Segway AA.06.02.01.0004</b>!<br><br><ul><li>Typ: Hoverboard</li><li","Pokud hledáte nejnovější trendy na trhu, máme tu čest vám představit <b>Hoverboard Segway AA.06.02.01.0004</b>!<br><br><ul><li>Typ: Hoverboard</li><li>Zásuvný produkt: Ano</li><li>Důležité informace: Pokud značka nezaregistrovala skútr, majitel bude muset projít ITV nebo TÜV, aby získal „EBE“ nebo individuální povolení k provozu.</li></ul><br><br>Důležité informace: Pokud značka nezaregistrovala skútr, majitel bude muset projít ITV nebo TÜV, aby získal „EBE“ nebo individuální povolení k provozu.",Pop Pulse Emporium,https://cdnbigbuy.com/images/8721008535722_S0464185_P00.jpg,,,,2210.3,1,NEW,85.5,44.7,36.0,14.82,137586.6,CZK,2,8,3
S0470033,6976233677248,cs-CZ,Casa e arredamento,Tyčový vysavač Dreame Z20,"Jestli hledáte vhodné elektrospotřebiče za špičkové ceny, nesmí vám uniknout <b>Tyčový vysavač Dreame Z20</b> a další kousky z širokého výběru kvalitn","Jestli hledáte vhodné elektrospotřebiče za špičkové ceny, nesmí vám uniknout <b>Tyčový vysavač Dreame Z20</b> a další kousky z širokého výběru kvalitních malých domácích elektrospotřebičů!<br><br><p><b>Dreame Z20</b> je bezdrátový <b>tyčový vysavač</b>, který nabízí pokročilý výkon pro každodenní úklid a kombinuje špičkovou technologii s funkčním designem pro domácnosti, které hledají efektivitu a pohodlí. Jeho výkonný <b>motor o výkonu 715 W</b> dosahuje až <b>140 000 ot./min</b> a poskytuje si",Pop Pulse Emporium,,,,,665.24,2,NEW,15.6,98.9,36.8,10.4,56776.51,CZK,2,8,3
S71022580,3700092608951,cs-CZ,Sport e attività all'aperto,Hoverboard EZWAY 800 W,"Pokud hledáte nejnovější trendy na trhu, máme tu čest vám představit <b>Hoverboard EZWAY 800 W</b>!<br><br><ul><li>Typ: Hoverboard</li><li>Zásuvný pro","Pokud hledáte nejnovější trendy na trhu, máme tu čest vám představit <b>Hoverboard EZWAY 800 W</b>!<br><br><ul><li>Typ: Hoverboard</li><li>Zásuvný produkt: Ano</li><li>Příkon: 800 W</li></ul><br><br>Důležité informace: Pokud značka nezaregistrovala skútr, majitel bude muset projít ITV nebo TÜV, aby získal „EBE“ nebo individuální povolení k provozu..",Pop Pulse Emporium,https://cdnbigbuy.com/images/3700092608951_S71022580_P00.jpg,https://cdnbigbuy.com/images/3700092608951_S71022580_P30.jpg,https://cdnbigbuy.com/images/3700092608951_S71022580_P40.jpg,https://cdnbigbuy.com/images/3700092608951_S71022580_P50.jpg,921.2,25,NEW,85.5,44.7,36.0,25.2,137586.6,CZK,2,8,3
S7198244,8806095108858,cs-CZ,Casa e arredamento,Bezkabelový vysavač Samsung 550 W 200 W,"Jestli hledáte vhodné elektrospotřebiče za špičkové ceny, nesmí vám uniknout <b>Bezkabelový vysavač Samsung 550 W 200 W</b> a další kousky z širokého ","Jestli hledáte vhodné elektrospotřebiče za špičkové ceny, nesmí vám uniknout <b>Bezkabelový vysavač Samsung 550 W 200 W</b> a další kousky z širokého výběru kvalitních malých domácích elektrospotřebičů!<br><br><ul><li>Typ: Suchý</li><li>Vlastnosti: Vestavěný displej</li><li>Jazyk: Anglicky</li><li>Nápajecí Zdroj: Baterie</li><li>Technologie: LED</li><li>Příkon: <ul><li>550 W</li><li>200 W</li></ul></li><li>Přibližná výdrž: 1 hodina</li><li>Napětí: 21,6 V</li><li>Filtr: Omyvatelný</li><li>Obsahuj",Pop Pulse Emporium,,,,,628.26,25,NEW,75.0,26.0,26.5,6.4,51675.0,CZK,2,8,3
S71018789,5411397170644,cs-CZ,Casa e arredamento,Superautomatický kávovar DOMO,"Pokud hledáte nejnovější trendy na trhu, máme tu čest vám představit <b>Superautomatický kávovar DOMO</b>!<br><br><p><b>Superautomatický kávovar DOMO ","Pokud hledáte nejnovější trendy na trhu, máme tu čest vám představit <b>Superautomatický kávovar DOMO</b>!<br><br><p><b>Superautomatický kávovar DOMO DO743K</b> je zařízení navržené pro milovníky kávy, kteří hledají pohodlí a kvalitu v každém šálku. Tento kávovar má <b>integrovaný mlýnek</b>, který umožňuje namlít až <b>125 gramů kávy</b> pro zajištění čerstvosti a optimální vůně při každé přípravě. S <b>maximálním výkonem 1350 W</b> a <b>tlakem 19 barů</b> zařízení zaručuje efektivní a rovnoměr",Pop Pulse Emporium,,,,,647.4,4,NEW,40.0,55.0,27.0,9.18,59400.0,CZK,2,8,3
S71015385,4066529155818,cs-CZ,Giardinaggio e fai da te,Vysokotlaký čistič Kärcher  5 POWER CONTROL FLEX HOME & BRUSH,"Pokud při zařizování vašeho domova kladete důraz na všelijaké detaily a chcete být průběžně informován o nejnovějších produktech, které vám usnadní ži","Pokud při zařizování vašeho domova kladete důraz na všelijaké detaily a chcete být průběžně informován o nejnovějších produktech, které vám usnadní život, nakupujte <b>Vysokotlaký čistič Kärcher  5 POWER CONTROL FLEX HOME & BRUSH</b> za tu nejlepší cenu.<br><br><p><b>Vysokotlaký čistič Kärcher 5 POWER CONTROL FLEX HOME & BRUSH</b> je univerzální čisticí nástroj určený pro domácí použití, který kombinuje výkon a přesnost. S <b>výkonem 1400 W</b> nabízí tento model dostatečný výkon pro efektivní č",Pop Pulse Emporium,https://cdnbigbuy.com/images/4066529155818_S71015385_P00.jpg,https://cdnbigbuy.com/images/4066529155818_S71015385_P20.jpg,https://cdnbigbuy.com/images/4066529155818_S71015385_P30.jpg,https://cdnbigbuy.com/images/4066529155818_S71015385_P40.jpg,662.78,25,NEW,45.3,38.7,40.8,19.8,71526.89,CZK,2,8,3
S0464162,6941812702321,cs-CZ,Sport e attività all'aperto,Hoverboard Xiaomi BHR9616ES,"Pokud hledáte nejnovější trendy na trhu, máme tu čest vám představit <b>Hoverboard Xiaomi BHR9616ES</b>!<br><br><p><b>Electric Scooter 5 Max</b> od Xi","Pokud hledáte nejnovější trendy na trhu, máme tu čest vám představit <b>Hoverboard Xiaomi BHR9616ES</b>!<br><br><p><b>Electric Scooter 5 Max</b> od Xiaomi je <b>elektrická koloběžka</b> navržená pro efektivní a bezpečný městský pohyb, s povrchovou úpravou v <b>černé barvě</b> a konstrukcí z <b>oceli</b>, která zajišťuje pevnost a dlouhou životnost při každodenním používání. Mezi její hlavní specifikace patří <b>výkon 400 W</b>, který umožňuje dosáhnout <b>maximální rychlosti 25 km/h</b>, což odp",Pop Pulse Emporium,https://cdnbigbuy.com/images/6941812702321_S9917993_P00.jpg,,,,809.9,50,NEW,85.5,44.7,36.0,14.82,137586.6,CZK,2,8,3
S7197922,0011120273311,cs-CZ,Casa e arredamento,Bezkabelový vysavač Bissell 1200 W,"Jestli hledáte vhodné elektrospotřebiče za špičkové ceny, nesmí vám uniknout <b>Bezkabelový vysavač Bissell 1200 W</b> a další kousky z širokého výběr","Jestli hledáte vhodné elektrospotřebiče za špičkové ceny, nesmí vám uniknout <b>Bezkabelový vysavač Bissell 1200 W</b> a další kousky z širokého výběru kvalitních malých domácích elektrospotřebičů!<br><br><ul><li>Typ: Vysavač</li><li>Příkon: 1200 W</li></ul>",Pop Pulse Emporium,,,,,639.82,25,NEW,66.0,35.0,29.0,5.7,66990.0,CZK,2,8,3
S0454816,3016661175176,cs-CZ,Casa e arredamento,Superautomatický kávovar Krups EA89ZB10,"Jestli hledáte vhodné elektrospotřebiče za špičkové ceny, nesmí vám uniknout <b>Superautomatický kávovar Krups EA89ZB10</b> a další kousky z širokého ","Jestli hledáte vhodné elektrospotřebiče za špičkové ceny, nesmí vám uniknout <b>Superautomatický kávovar Krups EA89ZB10</b> a další kousky z širokého výběru kvalitních malých domácích elektrospotřebičů!<br><br><p><b>Superautomatický kávovar EA89ZB10</b> od <b>Krups</b> vyniká kombinací pokročilých funkcí, které zajišťují kompletní zážitek pro milovníky kávy. Jeho elegantní design v <b>černé barvě</b> doplňuje <b>integrovaný mlýnek</b>, který umožňuje mletí kávy přímo před přípravou, čímž zachová",Pop Pulse Emporium,,,,,672.88,18,NEW,48.2,42.4,39.3,9.16,80316.62,CZK,2,8,3
S71001770,8412081308500,cs-CZ,Giardinaggio e fai da te,Automatické čističe bazénu Gre WET RUNNER XPERT,Tyto nabídky produktů vám zajistí příjemnou letní zábavu. Malí i dospělí si je okamžitě zamilují ! Nakupujte <b>Automatické čističe bazénu Gre WET RUN,Tyto nabídky produktů vám zajistí příjemnou letní zábavu. Malí i dospělí si je okamžitě zamilují ! Nakupujte <b>Automatické čističe bazénu Gre WET RUNNER XPERT</b> a užívejte si chvíle volna!<br><br><ul><li>Nápajecí Zdroj: Baterie</li><li>Přibližná výdrž: 2 hodin</li></ul>,Pop Pulse Emporium,https://cdnbigbuy.com/images/8412081308500_R00.jpg,,,,629.62,4,NEW,42.4,42.8,30.2,7.48,54804.54,CZK,2,8,3
M1205119,4010873329326,cs-CZ,Giardinaggio e fai da te,Přesná Digitální Váha VOGEL 35 kg,"Pokud při zařizování vašeho domova kladete důraz na všelijaké detaily a chcete být průběžně informován o nejnovějších produktech, které vám usnadní ži","Pokud při zařizování vašeho domova kladete důraz na všelijaké detaily a chcete být průběžně informován o nejnovějších produktech, které vám usnadní život, nakupujte <b>Přesná Digitální Váha VOGEL 35 kg</b> za tu nejlepší cenu.<br><br><ul><li>Typ: Přesná Digitální Váha</li><li>Maximální váha: 35 kg</li></ul>",Pop Pulse Emporium,https://cdnbigbuy.com/images/4010873329326_M1205119_P00.jpg,https://cdnbigbuy.com/images/4010873329326_M1205119_P10.jpg,,,621.74,2,NEW,31.3,27.4,19.3,4.0,16552.07,CZK,2,8,3
S7197187,8008984852402,cs-CZ,Giardinaggio e fai da te,Robot sekačka trávy STIGA STIG-A 1500 1500 M²,"Pokud při zařizování vašeho domova kladete důraz na všelijaké detaily a chcete být průběžně informován o nejnovějších produktech, které vám usnadní ži","Pokud při zařizování vašeho domova kladete důraz na všelijaké detaily a chcete být průběžně informován o nejnovějších produktech, které vám usnadní život, nakupujte <b>Robot sekačka trávy STIGA STIG-A 1500 1500 M²</b> za tu nejlepší cenu.<br><br><ul><li>Vlastnosti: GPS</li><li>Připojení: Bluetooth</li><li>Kapacita baterie: 5 Ah</li><li>Velikost řezu: 18 cm</li><li>Doporučené použití: 1500 M²</li></ul>",Pop Pulse Emporium,https://cdnbigbuy.com/images/8008984852402_S7197187_P00.jpg,https://cdnbigbuy.com/images/8008984852402_S7197187_P30.jpg,https://cdnbigbuy.com/images/8008984852402_S7197187_P40.jpg,https://cdnbigbuy.com/images/8008984852402_S7197187_P50.jpg,4969.3,1,NEW,81.0,56.0,31.0,16.88,140616.0,CZK,2,8,3
S1906957,8436575279299,cs-CZ,Giardinaggio e fai da te,Elektrická zástrčka Wallbox,"Pokud hledáte nejnovější trendy na trhu, máme tu čest vám představit <b>Elektrická zástrčka Wallbox</b>!<br><br><ul><li>Typ: Elektrická zástrčka</li><","Pokud hledáte nejnovější trendy na trhu, máme tu čest vám představit <b>Elektrická zástrčka Wallbox</b>!<br><br><ul><li>Typ: Elektrická zástrčka</li><li>Barva: Bílý</li><li>Příkon: 7400 W</li></ul>",Pop Pulse Emporium,https://cdnbigbuy.com/images/8436575279299_S1906957_P00.jpg,https://cdnbigbuy.com/images/8436575279299_S1906957_P30.jpg,https://cdnbigbuy.com/images/8436575279299_S1906957_P40.jpg,https://cdnbigbuy.com/images/8436575279299_S1906957_P10.jpg,1676.88,1,NEW,40.0,40.0,20.0,7.0,32000.0,CZK,2,8,3
S71000144,3308815076164,cs-CZ,Giardinaggio e fai da te,Vodní bomba SFA 1 L,"Pokud při zařizování vašeho domova kladete důraz na všelijaké detaily a chcete být průběžně informován o nejnovějších produktech, které vám usnadní ži","Pokud při zařizování vašeho domova kladete důraz na všelijaké detaily a chcete být průběžně informován o nejnovějších produktech, které vám usnadní život, nakupujte <b>Vodní bomba SFA 1 L</b> za tu nejlepší cenu.<br><br><p><b>Čerpadlo na vodu</b> SFA Sanifloor+ 3 AUC3308815076164 je zařízení speciálně navržené pro zvedání vody v instalacích extratenkých sprchových vaniček, které umožňuje efektivní odvod v místech s nedostatečným přirozeným sklonem pro odtok. Je vyrobeno z odolných materiálů, vče",Pop Pulse Emporium,https://cdnbigbuy.com/images/3308815076164_S71000144_P10.jpg,https://cdnbigbuy.com/images/3308815076164_S71000144_P00.jpg,,,1258.36,2,NEW,41.2,25.8,34.1,8.22,36246.94,CZK,2,8,3
S7198707,4892210183071,cs-CZ,Giardinaggio e fai da te,Skarifikátor trávníku Ryobi,"Pokud při zařizování vašeho domova kladete důraz na všelijaké detaily a chcete být průběžně informován o nejnovějších produktech, které vám usnadní ži","Pokud při zařizování vašeho domova kladete důraz na všelijaké detaily a chcete být průběžně informován o nejnovějších produktech, které vám usnadní život, nakupujte <b>Skarifikátor trávníku Ryobi</b> za tu nejlepší cenu.<br><br><ul><li>Materiál: Nerezová ocel</li><li>Váha: 10 kg</li><li>Napětí: 18 V</li><li>Nápajecí Zdroj: Baterie</li><li>Motor: Bez smetáčků</li><li>Obsahuje: Baterie</li><li>Kolečka: 4</li><li>Přibližná doba nabíjení: 2 hodin</li><li>Typ baterie: Litio Ion</li></ul>",Pop Pulse Emporium,https://cdnbigbuy.com/images/4892210183071_S7198707_P00.jpg,https://cdnbigbuy.com/images/4892210183071_S7198707_P50.jpg,https://cdnbigbuy.com/images/4892210183071_S7198707_P10.jpg,https://cdnbigbuy.com/images/4892210183071_S7198707_P20.jpg,657.78,2,NEW,63.0,46.0,37.5,14.9,108675.0,CZK,2,8,3
M1203499,4010873962820,cs-CZ,Giardinaggio e fai da te,"Lineární hladina vody VOGEL  DIN 877 150 mm 150 X 0,05 MM Slévání Plastické","Pokud při zařizování vašeho domova kladete důraz na všelijaké detaily a chcete být průběžně informován o nejnovějších produktech, které vám usnadní ži","Pokud při zařizování vašeho domova kladete důraz na všelijaké detaily a chcete být průběžně informován o nejnovějších produktech, které vám usnadní život, nakupujte <b>Lineární hladina vody VOGEL  DIN 877 150 mm 150 X 0,05 MM Slévání Plastické</b> za tu nejlepší cenu.<br><br><ul><li>Typ: Lineární hladina vody</li><li>Délka: 150 mm</li><li>Přesnost: 0,05 mm</li><li>Přibližné rozměry: 150 X 0,05 MM</li><li>Materiál: <ul><li>Slévání</li><li>Plastické</li></ul></li><li>Vlastnosti: <ul><li>Hladina bu",Pop Pulse Emporium,https://cdnbigbuy.com/images/4010873962820_M1203499_P00.jpg,https://cdnbigbuy.com/images/4010873962820_M1203499_P10.jpg,https://cdnbigbuy.com/images/4010873962820_M1203499_P20.jpg,,719.54,1,NEW,7.0,25.0,7.0,1.1,1225.0,CZK,2,8,3
S7195059,4242005394111,cs-CZ,Casa e arredamento,Indukční Plotýnka BOSCH PIX631HC1E 60 cm,"Jestliže chcete renovovat svou kuchyň, kupte si <b>Indukční Plotýnka BOSCH PIX631HC1E 60 cm</b> a další <b>produkty BOSCH</b>! Nejlepší kvalitu za nej","Jestliže chcete renovovat svou kuchyň, kupte si <b>Indukční Plotýnka BOSCH PIX631HC1E 60 cm</b> a další <b>produkty BOSCH</b>! Nejlepší kvalitu za nejlepší cenu máte na dosah!<br><br><ul><li>Typ: <ul><li>Indukční Plotýnka</li><li>Vestavěný</li></ul></li><li>Šířka: <ul><li>59,2 cm</li><li>60 cm</li></ul></li><li>Vysoký: 51 cm</li><li>Úrovně výkonu: 17</li><li>Vstupní střídavé napětí: 220-240 V</li><li>Typ ovládání: Dotykový</li><li>Příkon: 7400 W</li><li>Přibližná hmotnost: 1,6 kg</li><li>Přibliž",Pop Pulse Emporium,,,,,927.4,25,NEW,75.0,60.0,13.0,1.46,58500.0,CZK,2,8,3
S7187755,3701085205546,cs-CZ,Giardinaggio e fai da te,Sliding door engine SCS SENTINEL Opengate 3 500 kg,"Pokud při zařizování vašeho domova kladete důraz na všelijaké detaily a chcete být průběžně informován o nejnovějších produktech, které vám usnadní ži","Pokud při zařizování vašeho domova kladete důraz na všelijaké detaily a chcete být průběžně informován o nejnovějších produktech, které vám usnadní život, nakupujte <b>Sliding door engine SCS SENTINEL Opengate 3 500 kg</b> za tu nejlepší cenu.<br><br><ul><li>Vhodné pro: Posuvné dveře 5 m</li><li>Maximální váha: 500 kg</li><li>Obsahuje: <ul><li>Instalační souprava</li><li>Klíče</li><li>Dálkové ovládání</li><li>Přerušované Nouzové Světlo</li></ul></li><li>Nápajecí Zdroj: elektrická síť</li><li>Typ",Pop Pulse Emporium,https://cdnbigbuy.com/images/3701085205546_S7187755_P01.jpg,https://cdnbigbuy.com/images/3701085205546_S7187755_P41.jpg,https://cdnbigbuy.com/images/3701085205546_S7187755_P51.jpg,https://cdnbigbuy.com/images/3701085205546_S7187755_P11.jpg,703.26,16,NEW,30.0,40.0,44.0,14.34,52800.0,CZK,2,8,3
S0455030,8720389027666,cs-CZ,Casa e arredamento,Superautomatický kávovar Philips EP3343/50,"Jestli hledáte vhodné elektrospotřebiče za špičkové ceny, nesmí vám uniknout <b>Superautomatický kávovar Philips EP3343/50</b> a další kousky z široké","Jestli hledáte vhodné elektrospotřebiče za špičkové ceny, nesmí vám uniknout <b>Superautomatický kávovar Philips EP3343/50</b> a další kousky z širokého výběru kvalitních malých domácích elektrospotřebičů!<br><br><ul><li>Tlakové: 15 bar</li><li>Příkon: 230 W</li><li>Kapacita: 1,8 L</li><li>Barva: <ul><li>Bílý</li><li>Černý</li></ul></li><li>Typ: <ul><li>Superautomatický kávovar</li><li>Přístroj na espresso</li><li>Espresso kávovar</li></ul></li><li>Zásuvný produkt: Ano</li><li>Vlastnosti: <ul><l",Pop Pulse Emporium,,,,,639.1,10,NEW,44.1,39.1,38.8,8.89,66903.23,CZK,2,8,3
S71016418,3700628277330,cs-CZ,Sport e attività all'aperto,"Přenosný Chladící Box Eza Blizz-E Dual 31,3 L 45 x 38 x 62 cm Plastické","Pokud hledáte nejnovější trendy na trhu, máme tu čest vám představit <b>Přenosný Chladící Box Eza Blizz-E Dual 31,3 L 45 x 38 x 62 cm Plastické</b>!<b","Pokud hledáte nejnovější trendy na trhu, máme tu čest vám představit <b>Přenosný Chladící Box Eza Blizz-E Dual 31,3 L 45 x 38 x 62 cm Plastické</b>!<br><br><p>Přenosná <b>lednice</b> <b>Eza Blizz-E Dual</b> je univerzální a efektivní zařízení navržené k udržení potravin a nápojů při optimální teplotě, ať jste kdekoli. S kapacitou <b>31,3 litrů</b> nabízí dostatek prostoru pro různé produkty, od zásob na výlety po nápoje na venkovní akce. Nastavitelný teplotní rozsah od <b>-20 °C do +20 °C</b> um",Pop Pulse Emporium,https://cdnbigbuy.com/images/3700628277330_S71016418_P00.jpg,https://cdnbigbuy.com/images/3700628277330_S71016418_P20.jpg,https://cdnbigbuy.com/images/3700628277330_S71016418_P30.jpg,https://cdnbigbuy.com/images/3700628277330_S71016418_P10.jpg,615.8,2,NEW,30.8,28.6,33.3,1.3,29333.3,CZK,2,8,3
S71015575,0622356294072,cs-CZ,Casa e arredamento,"Zmrzlinovač NINJA Plastické 1,9 L","Pokud hledáte nejnovější trendy na trhu, máme tu čest vám představit <b>Zmrzlinovač NINJA Plastické 1,9 L</b>!<br><br><ul><li>Barva: Modrý</li><li>Mat","Pokud hledáte nejnovější trendy na trhu, máme tu čest vám představit <b>Zmrzlinovač NINJA Plastické 1,9 L</b>!<br><br><ul><li>Barva: Modrý</li><li>Materiál: Plastické</li><li>Kapacita: 1,9 L</li></ul>",Pop Pulse Emporium,,,,,681.3,25,NEW,33.5,31.6,25.6,15.04,27100.16,CZK,2,8,3
S7172965,3165140979979,cs-CZ,Giardinaggio e fai da te,Kotoučová pila BOSCH 06016A2106 18 V,"Pokud při zařizování vašeho domova kladete důraz na všelijaké detaily a chcete být průběžně informován o nejnovějších produktech, které vám usnadní ži","Pokud při zařizování vašeho domova kladete důraz na všelijaké detaily a chcete být průběžně informován o nejnovějších produktech, které vám usnadní život, nakupujte <b>Kotoučová pila BOSCH 06016A2106 18 V</b> za tu nejlepší cenu.<br><br><ul><li>Barva: <ul><li>Černý</li><li>Modrý</li></ul></li><li>Vlastnosti: LED Světlý</li><li>Napětí: 18 V</li><li>Nápajecí Zdroj: Baterie</li><li>Funguje na baterie: Ano</li><li>Obsahuje: <ul><li>Baterie</li><li>Dobíjecí lithiová baterie</li><li>Nabíječka na bater",Pop Pulse Emporium,https://cdnbigbuy.com/images/3165140979979_S7172965_P01.jpg,,,,755.94,1,NEW,33.8,44.0,24.0,8.0,35692.8,CZK,2,8,3
S71019589,4053423242546,cs-CZ,Giardinaggio e fai da te,Vrtací kladivo BOSCH SDS-plus 1350 W,"Pokud hledáte nejnovější trendy na trhu, máme tu čest vám představit <b>Vrtací kladivo BOSCH SDS-plus 1350 W</b>!<br><br><ul><li>Zásuvný produkt: Ano<","Pokud hledáte nejnovější trendy na trhu, máme tu čest vám představit <b>Vrtací kladivo BOSCH SDS-plus 1350 W</b>!<br><br><ul><li>Zásuvný produkt: Ano</li><li>Typ zástrčky: Zástrčka EU</li><li>Příkon: 1350 W</li><li>Materiál: Kov</li><li>Nápajecí Zdroj: Proud CC/CA</li></ul>",Pop Pulse Emporium,https://cdnbigbuy.com/images/4053423242546_R00.jpg,https://cdnbigbuy.com/images/4053423242546_R40.jpg,https://cdnbigbuy.com/images/4053423242546_R10.jpg,https://cdnbigbuy.com/images/4053423242546_R20.jpg,1161.32,1,NEW,23.0,17.0,41.0,11.86,16031.0,CZK,2,8,3
M1206537,8024482185231,cs-CZ,Giardinaggio e fai da te,Sadu Nářadí GT Line Kov Hliník Polyetylen Ocel,"Pokud hledáte nejnovější trendy na trhu, máme tu čest vám představit <b>Sadu Nářadí GT Line Kov Hliník Polyetylen Ocel</b>!<br><br><ul><li>Barva: Čern","Pokud hledáte nejnovější trendy na trhu, máme tu čest vám představit <b>Sadu Nářadí GT Line Kov Hliník Polyetylen Ocel</b>!<br><br><ul><li>Barva: Černý</li><li>Materiál: <ul><li>Polymer</li><li>Kov</li><li>Hliník</li><li>Polyetylen</li><li>Ocel</li></ul></li><li>Typ: Sadu Nářadí</li><li>Obsahuje: Tác x 3</li><li>Vlastnosti: Horní ucho</li></ul>",Pop Pulse Emporium,https://cdnbigbuy.com/images/8024482185231_M1206537_P00.jpg,https://cdnbigbuy.com/images/8024482185231_M1206537_P20.jpg,https://cdnbigbuy.com/images/8024482185231_M1206537_P30.jpg,https://cdnbigbuy.com/images/8024482185231_M1206537_P40.jpg,722.92,2,NEW,26.1,33.4,28.3,8.7,24670.24,CZK,2,8,3
S71016422,3700628277385,cs-CZ,Sport e attività all'aperto,Přenosný Chladící Box Eza Blizz-E Flex 73 L 54 x 48 x 94 cm Plastické,"Pokud hledáte nejnovější trendy na trhu, máme tu čest vám představit <b>Přenosný Chladící Box Eza Blizz-E Flex 73 L 54 x 48 x 94 cm Plastické</b>!<br>","Pokud hledáte nejnovější trendy na trhu, máme tu čest vám představit <b>Přenosný Chladící Box Eza Blizz-E Flex 73 L 54 x 48 x 94 cm Plastické</b>!<br><br><p><b>Přenosná lednička Eza Blizz-E Flex</b> představuje pokročilé řešení pro uchování potravin a nápojů kdekoliv, kombinující efektivitu a všestrannost. Tento model vyniká technologií <b>komprese</b>, která umožňuje dosáhnout teplot od <b>-20 °C do +20 °C</b>, přizpůsobuje se jak pro zmrazování, tak pro udržení čerstvosti produktů, což ji činí",Pop Pulse Emporium,https://cdnbigbuy.com/images/3700628277385_S71016422_P00.jpg,https://cdnbigbuy.com/images/3700628277385_S71016422_P30.jpg,https://cdnbigbuy.com/images/3700628277385_S71016422_P10.jpg,https://cdnbigbuy.com/images/3700628277385_S71016422_P20.jpg,955.4,1,NEW,30.8,28.6,33.3,26.8,29333.3,CZK,2,8,3
S0468253,4242005541966,cs-CZ,Casa e arredamento,Trouba BOSCH HBG536EB4 71 L,"Jestliže chcete renovovat svou kuchyň, kupte si <b>Trouba BOSCH HBG536EB4 71 L</b> a další <b>produkty BOSCH</b>! Nejlepší kvalitu za nejlepší cenu má","Jestliže chcete renovovat svou kuchyň, kupte si <b>Trouba BOSCH HBG536EB4 71 L</b> a další <b>produkty BOSCH</b>! Nejlepší kvalitu za nejlepší cenu máte na dosah!<br><br><ul><li>Typ trouby: Trouba</li><li>Zásuvný produkt: Ano</li><li>Typ zástrčky: Zástrčka EU</li><li>Vlastnosti: <ul><li>Vnitřní světlo</li><li>Blokování pro děti</li><li>Vestavěný displej</li></ul></li><li>Energetická klasifikace: <ul><li>A+</li><li>A+++</li></ul></li><li>Typ ovládání: Otáčení</li><li>Barva: Černý</li><li>Nápajecí",Pop Pulse Emporium,,,,,605.2,50,NEW,54.8,51.4,52.3,41.0,147314.46,CZK,2,8,3
S71011395,3700092657188,cs-CZ,Sport e attività all'aperto,Hoverboard Urbanglide ECROSS PRO LITE 2 Černý 25 km/h,Zůstaňte ve formě a objevujte poslední novinky ze sportovního světa s největšími zárukami! Nakupte <b>Hoverboard Urbanglide ECROSS PRO LITE 2 Černý 25,"Zůstaňte ve formě a objevujte poslední novinky ze sportovního světa s největšími zárukami! Nakupte <b>Hoverboard Urbanglide ECROSS PRO LITE 2 Černý 25 km/h</b> za nejlepší cenu a užívejte si života plného zdraví!<br><br><ul><li>Typ: Hoverboard</li><li>Zásuvný produkt: Ano</li><li>Důležité informace: Pokud značka nezaregistrovala skútr, majitel bude muset projít ITV nebo TÜV, aby získal „EBE“ nebo individuální povolení k provozu.</li><li>Typ zástrčky: Zástrčka EU</li><li>Barva: Černý</li><li>Rych",Pop Pulse Emporium,https://cdnbigbuy.com/images/3700092657188_S71011395_P00.jpg,https://cdnbigbuy.com/images/3700092657188_S71011395_P40.jpg,https://cdnbigbuy.com/images/3700092657188_S71011395_P50.jpg,https://cdnbigbuy.com/images/3700092657188_S71011395_P10.jpg,925.7,25,NEW,85.5,44.7,36.0,14.82,137586.6,CZK,2,8,3
M1200910,4021176858529,cs-CZ,Giardinaggio e fai da te,Hvězdicový klíč KUKKO 115 mm Ocel,"Pokud při zařizování vašeho domova kladete důraz na všelijaké detaily a chcete být průběžně informován o nejnovějších produktech, které vám usnadní ži","Pokud při zařizování vašeho domova kladete důraz na všelijaké detaily a chcete být průběžně informován o nejnovějších produktech, které vám usnadní život, nakupujte <b>Hvězdicový klíč KUKKO 115 mm Ocel</b> za tu nejlepší cenu.<br><br><ul><li>Typ: Hvězdicový klíč</li><li>velikost: <ul><li>115 mm</li><li>22 mm</li></ul></li><li>Délka: 430 mm</li><li>Přibližný průměr: 175 mm</li><li>Materiál: Ocel</li></ul>",Pop Pulse Emporium,https://cdnbigbuy.com/images/4021176858529_M1200910_P00.jpg,https://cdnbigbuy.com/images/4021176858529_M1200910_P20.jpg,https://cdnbigbuy.com/images/4021176858529_M1200910_P10.jpg,,853.84,2,NEW,44.0,18.0,4.9,7.66,3880.8,CZK,2,8,3
S0461529,5413184200770,cs-CZ,Casa e arredamento,"Kuchyňský robot KitchenAid 5KSM125EOB Černý 300 W 4,8 L","Jestli hledáte vhodné elektrospotřebiče za špičkové ceny, nesmí vám uniknout <b>Kuchyňský robot KitchenAid 5KSM125EOB Černý 300 W 4,8 L</b> a další ko","Jestli hledáte vhodné elektrospotřebiče za špičkové ceny, nesmí vám uniknout <b>Kuchyňský robot KitchenAid 5KSM125EOB Černý 300 W 4,8 L</b> a další kousky z širokého výběru kvalitních malých domácích elektrospotřebičů!<br><br><ul><li>Zásuvný produkt: Ano</li><li>Typ zástrčky: <ul><li>Zástrčka EU</li><li>Typ C</li></ul></li><li>Typ: Mixér</li><li>Barva: Černý</li><li>Materiál: Nerezová ocel</li><li>Vlastnosti: Různé rychlosti</li><li>Frekvence: 50 - 60 Hz</li><li>Obsahuje: <ul><li>Mísící metly</l",Pop Pulse Emporium,,,,,852.54,5,NEW,41.3,40.6,27.3,11.5,45776.09,CZK,2,8,3
S7153044,3165140994927,cs-CZ,Giardinaggio e fai da te,Úhlová bruska BOSCH GWS 18V-10,"Pokud při zařizování vašeho domova kladete důraz na všelijaké detaily a chcete být průběžně informován o nejnovějších produktech, které vám usnadní ži","Pokud při zařizování vašeho domova kladete důraz na všelijaké detaily a chcete být průběžně informován o nejnovějších produktech, které vám usnadní život, nakupujte <b>Úhlová bruska BOSCH GWS 18V-10</b> za tu nejlepší cenu.<br><br><ul><li>Zásuvný produkt: Ano</li><li>Typ zástrčky: Zástrčka EU</li><li>Obsahuje: <ul><li>Baterie</li><li>Nabíječka na baterie</li></ul></li><li>Kapacita baterie: 5 Ah</li><li>Materiál: Kov</li><li>Napětí: 18 V</li><li>Nápajecí Zdroj: Baterie</li><li>Typ baterie: Litio ",Pop Pulse Emporium,https://cdnbigbuy.com/images/3165140994927_S7153044_P00.jpg,,,,787.36,2,NEW,14.6,31.6,12.6,4.94,5813.14,CZK,2,8,3
S0457579,7427136034076,cs-CZ,Sport e attività all'aperto,Hoverboard B-Mov TRAMUNTANA 800 W,Zůstaňte ve formě a objevujte poslední novinky ze sportovního světa s největšími zárukami! Nakupte <b>Hoverboard B-Mov TRAMUNTANA 800 W</b> za nejlepš,"Zůstaňte ve formě a objevujte poslední novinky ze sportovního světa s největšími zárukami! Nakupte <b>Hoverboard B-Mov TRAMUNTANA 800 W</b> za nejlepší cenu a užívejte si života plného zdraví!<br><br><ul><li>Typ: Hoverboard</li><li>Zásuvný produkt: Ano</li><li>Důležité informace: Pokud značka nezaregistrovala skútr, majitel bude muset projít ITV nebo TÜV, aby získal „EBE“ nebo individuální povolení k provozu.</li><li>Typ zástrčky: Zástrčka EU</li><li>Vlastnosti: Skládací</li><li>Příkon: 800 W</l",Pop Pulse Emporium,https://cdnbigbuy.com/images/7427136034076_S0457579_P00.jpg,,,,746.84,5,NEW,85.5,44.7,36.0,14.82,137586.6,CZK,2,8,3
S71015886,4053423251029,cs-CZ,Giardinaggio e fai da te,Úderníková vrtačka BOSCH 0615A50037,"Pokud při zařizování vašeho domova kladete důraz na všelijaké detaily a chcete být průběžně informován o nejnovějších produktech, které vám usnadní ži","Pokud při zařizování vašeho domova kladete důraz na všelijaké detaily a chcete být průběžně informován o nejnovějších produktech, které vám usnadní život, nakupujte <b>Úderníková vrtačka BOSCH 0615A50037</b> za tu nejlepší cenu.<br><br><p><b>Úderová vrtačka BOSCH model 0615A50037</b> je elektrický nástroj určený pro profesionály i kutily, kteří potřebují robustní a efektivní zařízení pro vrtání s příklepem. Tento vrták je napájen <b>elektrickým kabelem</b> s běžnou <b>evropskou zástrčkou (EU)</b",Pop Pulse Emporium,https://cdnbigbuy.com/images/4053423251029_S71015886_P00.jpg,,,,897.44,10,NEW,29.0,54.0,30.0,9.36,46980.0,CZK,2,8,3
M1206146,4011024251428,cs-CZ,Giardinaggio e fai da te,Míchač Collomix Xo6 R HF 1750 W,"Pokud při zařizování vašeho domova kladete důraz na všelijaké detaily a chcete být průběžně informován o nejnovějších produktech, které vám usnadní ži","Pokud při zařizování vašeho domova kladete důraz na všelijaké detaily a chcete být průběžně informován o nejnovějších produktech, které vám usnadní život, nakupujte <b>Míchač Collomix Xo6 R HF 1750 W</b> za tu nejlepší cenu.<br><br><ul><li>Typ: Míchač</li><li>Barva: <ul><li>Modrý</li><li>Černý</li></ul></li><li>Rychlost: 400/560 rpm</li><li>Kapacita: 90 L</li><li>Příkon: 1750 W</li><li>Vlastnosti: Různé rychlosti</li><li>Frekvence vstupního střídavého napětí: 50-60 Hz</li><li>Napětí: 230-240 V</",Pop Pulse Emporium,https://cdnbigbuy.com/images/4011024251428_M1206146_P00.jpg,https://cdnbigbuy.com/images/4011024251428_M1206146_P40.jpg,https://cdnbigbuy.com/images/4011024251428_M1206146_P140.jpg,https://cdnbigbuy.com/images/4011024251428_M1206146_P100.jpg,1220.32,2,NEW,59.8,20.2,33.3,9.0,40225.07,CZK,2,8,3
S0467110,8435025742307,cs-CZ,Casa e arredamento,Konvenční digestoř Nodor CROWN90NO Ocel,"Pokud hledáte nejnovější trendy na trhu, máme tu čest vám představit <b>Konvenční digestoř Nodor CROWN90NO Ocel</b>!<br><br><ul><li>Typ: <ul><li>Odsav","Pokud hledáte nejnovější trendy na trhu, máme tu čest vám představit <b>Konvenční digestoř Nodor CROWN90NO Ocel</b>!<br><br><ul><li>Typ: <ul><li>Odsavač do kuchyně</li><li>Konvenční digestoř</li></ul></li><li>Zásuvný produkt: Ano</li><li>Typ zástrčky: Zástrčka EU</li><li>Extrakční kapacita: 799 m3/h</li><li>velikost: 90 cm</li><li>Materiál: Nerezová ocel</li><li>Vlastnosti: <ul><li>Vhodné do myčky</li><li>3 rychlosti</li></ul></li><li>Energetická klasifikace: A</li><li>Dokončení: Polomatný</li><",Pop Pulse Emporium,,,,,920.3,2,NEW,44.2,42.4,37.0,2.72,69340.96,CZK,2,8,3
S7165122,8004399331150,cs-CZ,Casa e arredamento,Superautomatický kávovar DeLonghi 0132220020 1450 W Bílý 1450 W 15 bar,"Jestli hledáte vhodné elektrospotřebiče za špičkové ceny, nesmí vám uniknout <b>Superautomatický kávovar DeLonghi 0132220020 1450 W Bílý 1450 W 15 bar","Jestli hledáte vhodné elektrospotřebiče za špičkové ceny, nesmí vám uniknout <b>Superautomatický kávovar DeLonghi 0132220020 1450 W Bílý 1450 W 15 bar</b> a další kousky z širokého výběru kvalitních malých domácích elektrospotřebičů!<br><br><ul><li>Barva: Bílý</li><li>Tlakové: 15 bar</li><li>Zásuvný produkt: Ano</li><li>Typ zástrčky: Zástrčka EU</li><li>Typ: Superautomatický kávovar</li><li>Materiál: Nerezová ocel</li><li>Vlastnosti: Dotyková obrazovka</li><li>Příkon: 1450 W</li></ul>",Pop Pulse Emporium,,,,,970.16,25,NEW,41.2,50.6,30.0,11.72,62541.6,CZK,2,8,3
S71025301,6956079725235,cs-CZ,Casa e arredamento,Robotický vysavač Eureka,"Pokud hledáte nejnovější trendy na trhu, máme tu čest vám představit <b>Robotický vysavač Eureka</b>!<br><br><ul><li>Zásuvný produkt: Ano</li></ul>","Pokud hledáte nejnovější trendy na trhu, máme tu čest vám představit <b>Robotický vysavač Eureka</b>!<br><br><ul><li>Zásuvný produkt: Ano</li></ul>",Pop Pulse Emporium,,,,,1312.9,10,NEW,63.0,47.0,46.0,20.32,136206.0,CZK,2,8,3
S7108220,3165140662482,cs-CZ,Giardinaggio e fai da te,Laserová vodováha BOSCH GLL 3-50,"Pokud při zařizování vašeho domova kladete důraz na všelijaké detaily a chcete být průběžně informován o nejnovějších produktech, které vám usnadní ži","Pokud při zařizování vašeho domova kladete důraz na všelijaké detaily a chcete být průběžně informován o nejnovějších produktech, které vám usnadní život, nakupujte <b>Laserová vodováha BOSCH GLL 3-50</b> za tu nejlepší cenu.<br><br><ul><li>Stupeň krytí: IP54</li><li>Typ: LR6</li><li>Napětí: 1,5 V</li><li>Funguje na baterie: <ul><li>Ano</li><li>1,5 V</li></ul></li><li>Baterie v ceně: Ano</li><li>Počet baterií: 4 x AAA</li><li>Obsahuje: Povlak na transport</li></ul>",Pop Pulse Emporium,https://cdnbigbuy.com/images/3165140662482_S7108220_P01.jpg,https://cdnbigbuy.com/images/3165140662482_R41.jpg,https://cdnbigbuy.com/images/3165140662482_R01.jpg,https://cdnbigbuy.com/images/3165140662482_S7108220_P31.jpg,659.54,2,NEW,34.8,44.2,13.8,3.8,21226.61,CZK,2,8,3
S0463692,4242003955963,cs-CZ,Casa e arredamento,Trouba Siemens AG HB372AES3 71 L,"Pokud hledáte nejnovější trendy na trhu, máme tu čest vám představit <b>Trouba Siemens AG HB372AES3 71 L</b>!<br><br><ul><li>Typ trouby: Trouba</li><l","Pokud hledáte nejnovější trendy na trhu, máme tu čest vám představit <b>Trouba Siemens AG HB372AES3 71 L</b>!<br><br><ul><li>Typ trouby: Trouba</li><li>Zásuvný produkt: Ano</li><li>Vlastnosti: <ul><li>Vnitřní světlo</li><li>Dotykový knoflík</li><li>Blokování pro děti</li><li>Vestavěný displej</li></ul></li><li>Energetická klasifikace: A+</li><li>Technologie: LED</li><li>Délka kabelu: 1,2 m</li><li>Obsahuje: <ul><li>Funkce grilování</li><li>Zásobník pečiva</li></ul></li><li>Napětí: 220-240 V</li>",Pop Pulse Emporium,,,,,1051.74,4,NEW,54.8,51.4,52.3,41.0,147314.46,CZK,2,8,3
S0459902,4242006315573,cs-CZ,Casa e arredamento,Trouba Balay 3HB513CN3 3400 W 71 L,"Jestliže chcete renovovat svou kuchyň, kupte si <b>Trouba Balay 3HB513CN3 3400 W 71 L</b> a další <b>produkty Balay</b>! Nejlepší kvalitu za nejlepší ","Jestliže chcete renovovat svou kuchyň, kupte si <b>Trouba Balay 3HB513CN3 3400 W 71 L</b> a další <b>produkty Balay</b>! Nejlepší kvalitu za nejlepší cenu máte na dosah!<br><br><ul><li>Typ trouby: Trouba</li><li>Zásuvný produkt: Ano</li><li>Typ zástrčky: Zástrčka EU</li><li>Typ: Konvekční Trouba</li><li>Barva: Černý</li><li>Šířka: 60 cm</li><li>Vlastnosti: <ul><li>Vnitřní světlo</li><li>Vestavěný displej</li><li>Vestavěný</li></ul></li><li>Energetická klasifikace: A+</li><li>Příkon: 3400 W</li><",Pop Pulse Emporium,,,,,725.12,1,NEW,0.7,0.7,0.7,41.0,0.34,CZK,2,8,3
M1207847,4021176893469,cs-CZ,Giardinaggio e fai da te,Mechanické vřeteno KUKKO 350 mm,"Pokud při zařizování vašeho domova kladete důraz na všelijaké detaily a chcete být průběžně informován o nejnovějších produktech, které vám usnadní ži","Pokud při zařizování vašeho domova kladete důraz na všelijaké detaily a chcete být průběžně informován o nejnovějších produktech, které vám usnadní život, nakupujte <b>Mechanické vřeteno KUKKO 350 mm</b> za tu nejlepší cenu.<br><br><p><b>Mechanický šroub</b> renomované značky <b>KUKKO</b> je navržen tak, aby poskytoval přesnost a odolnost v aplikacích vyžadujících řízený pohyb. Vyrobený kompletně v <b>Německu</b>, tento šroub vyniká robustní konstrukcí z vysoce kvalitní <b>oceli</b>, která zajiš",Pop Pulse Emporium,https://cdnbigbuy.com/images/4021176893469_M1207847_P00.jpg,https://cdnbigbuy.com/images/4021176893469_M1207847_P10.jpg,,,634.64,1,NEW,19.0,22.0,18.0,3.12,7524.0,CZK,2,8,3
S71021017,8720389055584,cs-CZ,Casa e arredamento,Robotický vysavač Philips 4800 mAh,"Pokud při zařizování vašeho domova kladete důraz na všelijaké detaily a chcete být průběžně informován o nejnovějších produktech, které vám usnadní ži","Pokud při zařizování vašeho domova kladete důraz na všelijaké detaily a chcete být průběžně informován o nejnovějších produktech, které vám usnadní život, nakupujte <b>Robotický vysavač Philips 4800 mAh</b> za tu nejlepší cenu.<br><br><ul><li>Zásuvný produkt: Ano</li><li>Typ zástrčky: Zástrčka EU</li><li>Barva: Béžový</li><li>Vlastnosti: <ul><li>Filtr</li><li>Rozpoznává překážky</li></ul></li><li>Typ baterie: <ul><li>Nabíjecí</li><li>Litio Ion</li></ul></li><li>Připojení: Wi-Fi</li><li>Materiál:",Pop Pulse Emporium,,,,,889.88,1,NEW,36.0,39.0,42.0,6.37,58968.0,CZK,2,8,3
S71007906,3165140607759,cs-CZ,Giardinaggio e fai da te,Kotoučová pila BOSCH 0601675001 1400 W 230 V 165 mm,"Pokud při zařizování vašeho domova kladete důraz na všelijaké detaily a chcete být průběžně informován o nejnovějších produktech, které vám usnadní ži","Pokud při zařizování vašeho domova kladete důraz na všelijaké detaily a chcete být průběžně informován o nejnovějších produktech, které vám usnadní život, nakupujte <b>Kotoučová pila BOSCH 0601675001 1400 W 230 V 165 mm</b> za tu nejlepší cenu.<br><br><ul><li>Příkon: 1400 W</li><li>Přibližná hmotnost: 4,7 Kg</li><li>Nápajecí Zdroj: Střídavý proud</li><li>Přibližný průměr: Ø 16,5 cm</li><li>Šířka: 31 cm</li></ul>",Pop Pulse Emporium,https://cdnbigbuy.com/images/3165140607759_S71007906_P00.jpg,https://cdnbigbuy.com/images/3165140607759_S71007906_P30.jpg,https://cdnbigbuy.com/images/3165140607759_S71007906_P40.jpg,https://cdnbigbuy.com/images/3165140607759_S71007906_P10.jpg,1106.92,2,NEW,44.0,34.0,37.6,8.14,56249.6,CZK,2,8,3
S0461721,8435089030679,cs-CZ,Sport e attività all'aperto,Hoverboard Smartgyro SG27-152 Černá/modrá 800 W,Zůstaňte ve formě a objevujte poslední novinky ze sportovního světa s největšími zárukami! Nakupte <b>Hoverboard Smartgyro SG27-152 Černá/modrá 800 W<,"Zůstaňte ve formě a objevujte poslední novinky ze sportovního světa s největšími zárukami! Nakupte <b>Hoverboard Smartgyro SG27-152 Černá/modrá 800 W</b> za nejlepší cenu a užívejte si života plného zdraví!<br><br><ul><li>Typ: <ul><li>Hoverboard</li><li>Brzdová destička</li><li>Přední</li><li>Koloběžka</li><li>Masivní kola</li></ul></li><li>Zásuvný produkt: Ano</li><li>Důležité informace: Pokud značka nezaregistrovala skútr, majitel bude muset projít ITV nebo TÜV, aby získal „EBE“ nebo individuá",Pop Pulse Emporium,https://cdnbigbuy.com/images/8435089030679_S0461721_P00.jpg,,,,1015.04,5,NEW,85.5,44.7,36.0,14.82,137586.6,CZK,2,8,3
M1203425,4010873632761,cs-CZ,Giardinaggio e fai da te,Digitální posuvné měřítko VOGEL 500 mm,"Pokud při zařizování vašeho domova kladete důraz na všelijaké detaily a chcete být průběžně informován o nejnovějších produktech, které vám usnadní ži","Pokud při zařizování vašeho domova kladete důraz na všelijaké detaily a chcete být průběžně informován o nejnovějších produktech, které vám usnadní život, nakupujte <b>Digitální posuvné měřítko VOGEL 500 mm</b> za tu nejlepší cenu.<br><br><ul><li>Vlastnosti: Digitální</li><li>Typ: <ul><li>Kalibr</li><li>Digitální měřidlo/měřítko</li></ul></li><li>Přesnost: 0,05 mm</li><li>Měřicí kapacita: 500 mm</li></ul>",Pop Pulse Emporium,https://cdnbigbuy.com/images/4010873632761_M1203425_P00.jpg,https://cdnbigbuy.com/images/4010873632761_M1203425_P10.jpg,https://cdnbigbuy.com/images/4010873632761_M1203425_P20.jpg,,768.82,1,NEW,3.0,17.0,10.0,0.6,510.0,CZK,2,8,3
S71015040,6977328064448,cs-CZ,Casa e arredamento,Robotický vysavač Dreame L50 Pro Ultra 6400 mAh,"Pokud při zařizování vašeho domova kladete důraz na všelijaké detaily a chcete být průběžně informován o nejnovějších produktech, které vám usnadní ži","Pokud při zařizování vašeho domova kladete důraz na všelijaké detaily a chcete být průběžně informován o nejnovějších produktech, které vám usnadní život, nakupujte <b>Robotický vysavač Dreame L50 Pro Ultra 6400 mAh</b> za tu nejlepší cenu.<br><br><p><b>Dreame L50 Pro Ultra</b> je <b>robotický vysavač</b> navržený pro efektivní a pohodlný úklid v moderních domácnostech, vybavený pokročilou technologií pro optimalizaci výkonu. Díky inovativní <b>technologii iTech Laser 360º</b> dokáže přesně mapo",Pop Pulse Emporium,,,,,1946.98,25,NEW,39.2,38.7,30.3,18.1,45966.31,CZK,2,8,3
S71025471,6977728946269,cs-CZ,Casa e arredamento,Vysavač MOVA,"Pokud hledáte nejnovější trendy na trhu, máme tu čest vám představit <b>Vysavač MOVA</b>!","Pokud hledáte nejnovější trendy na trhu, máme tu čest vám představit <b>Vysavač MOVA</b>!",Pop Pulse Emporium,,,,,1002.54,4,NEW,76.0,40.0,35.0,13.34,106400.0,CZK,2,8,3
S71023723,6974653812027,cs-CZ,Casa e arredamento,Tyčový vysavač Roborock F25 ACE,"Jestli hledáte vhodné elektrospotřebiče za špičkové ceny, nesmí vám uniknout <b>Tyčový vysavač Roborock F25 ACE</b> a další kousky z širokého výběru k","Jestli hledáte vhodné elektrospotřebiče za špičkové ceny, nesmí vám uniknout <b>Tyčový vysavač Roborock F25 ACE</b> a další kousky z širokého výběru kvalitních malých domácích elektrospotřebičů!<br><br><ul><li>Zásuvný produkt: Ano</li><li>Typ: Tyčový vysavač</li><li>Sání: 20000 Pa</li><li>Barva: Černý</li><li>Vlastnosti: <ul><li>Přenosný</li><li>S kolečky</li><li>Ergonomický</li><li>Omyvatelný filtr</li><li>Bez tašky</li></ul></li><li>Nápajecí Zdroj: Baterie</li><li>Obsahuje: Manuál uživatele</l",Pop Pulse Emporium,,,,,1007.36,25,NEW,73.0,34.0,31.0,9.0,76942.0,CZK,2,8,3
S71022623,5400338128608,cs-CZ,Giardinaggio e fai da te,Sada pro malé stavitele Powerplus (3 kusů),"Pokud při zařizování vašeho domova kladete důraz na všelijaké detaily a chcete být průběžně informován o nejnovějších produktech, které vám usnadní ži","Pokud při zařizování vašeho domova kladete důraz na všelijaké detaily a chcete být průběžně informován o nejnovějších produktech, které vám usnadní život, nakupujte <b>Sada pro malé stavitele Powerplus (3 kusů)</b> za tu nejlepší cenu.<br><br><ul><li>Zásuvný produkt: Ano</li><li>Obsahuje: 3</li><li>Typ zástrčky: Zástrčka EU</li><li>Barva: Oranžový</li><li>Materiál: <ul><li>Kov</li><li>Plastické</li></ul></li><li>Kusů: 3 kusů</li></ul>",Pop Pulse Emporium,https://cdnbigbuy.com/images/5400338128608_S71022623_P00.jpg,https://cdnbigbuy.com/images/5400338128608_S71022623_P20.jpg,https://cdnbigbuy.com/images/5400338128608_S71022623_P30.jpg,https://cdnbigbuy.com/images/5400338128608_S71022623_P40.jpg,614.86,9,NEW,58.0,40.0,20.0,10.35,46400.0,CZK,2,8,3
S71020338,4242005473670,cs-CZ,Casa e arredamento,Indukční Plotýnka BOSCH,"Jestliže chcete renovovat svou kuchyň, kupte si <b>Indukční Plotýnka BOSCH</b> a další <b>produkty BOSCH</b>! Nejlepší kvalitu za nejlepší cenu máte n","Jestliže chcete renovovat svou kuchyň, kupte si <b>Indukční Plotýnka BOSCH</b> a další <b>produkty BOSCH</b>! Nejlepší kvalitu za nejlepší cenu máte na dosah!<br><br><ul><li>Typ: <ul><li>Indukční Plotýnka</li><li>Plynová deska</li><li>Vestavěný</li></ul></li><li>Zásuvný produkt: Ano</li><li>Typ instalace: Integrační</li><li>Instalační hloubka oddílu: 48 cm</li><li>Vlastnosti: <ul><li>Elektronické zapínání</li><li>Bezpečnostní ventil</li></ul></li><li>Typ ovládání: Otáčení</li><li>Vstupní střídav",Pop Pulse Emporium,,,,,616.46,1,NEW,80.0,61.0,15.0,14.54,73200.0,CZK,2,8,3
S0453313,0810116380282,cs-CZ,Sport e attività all'aperto,Sportovní kamery GoPro HERO12 Černý,"Pokud se zajímáte o <b>počítače a elektronika</b>, rádi máte doma moderní vybavení a hlídáte si každý detail, kupte si <b>Sportovní kamery GoPro HERO1","Pokud se zajímáte o <b>počítače a elektronika</b>, rádi máte doma moderní vybavení a hlídáte si každý detail, kupte si <b>Sportovní kamery GoPro HERO12 Černý</b> za nejlepší ceny.<br><br><ul><li>Typ: Sportovní kamery</li><li>Zásuvný produkt: Ano</li><li>Typ zástrčky: Zástrčka EU</li><li>Barva: Černý</li><li>Vlastnosti: <ul><li>Dotyková obrazovka</li><li>Vestavěný displej</li><li>Integrované reproduktory</li><li>LCD obrazovka</li><li>Integrovaný mikrofon</li><li>Noční režim</li></ul></li><li>Přip",Pop Pulse Emporium,https://cdnbigbuy.com/images/0810116380282_S0453313_P01.jpg,https://cdnbigbuy.com/images/0810116380282_I01.jpg,https://cdnbigbuy.com/images/0810116380282_I21.jpg,,637.22,10,NEW,3.4,7.2,5.1,1.0,124.85,CZK,2,8,3
S71020680,8713508794969,cs-CZ,Casa e arredamento,Zářič QLima,"Pokud hledáte nejnovější trendy na trhu, máme tu čest vám představit <b>Zářič QLima</b>!<br><br><ul><li>Zásuvný produkt: Ano</li></ul>","Pokud hledáte nejnovější trendy na trhu, máme tu čest vám představit <b>Zářič QLima</b>!<br><br><ul><li>Zásuvný produkt: Ano</li></ul>",Pop Pulse Emporium,,,,,799.14,25,NEW,53.0,41.0,51.0,14.18,110823.0,CZK,2,8,3
M1206545,4021176181382,cs-CZ,Giardinaggio e fai da te,Sada vytahováků KUKKO 22-160 x 130 mm,"Pokud při zařizování vašeho domova kladete důraz na všelijaké detaily a chcete být průběžně informován o nejnovějších produktech, které vám usnadní ži","Pokud při zařizování vašeho domova kladete důraz na všelijaké detaily a chcete být průběžně informován o nejnovějších produktech, které vám usnadní život, nakupujte <b>Sada vytahováků KUKKO 22-160 x 130 mm</b> za tu nejlepší cenu.<br><br><ul><li>Typ: Stahovák ložisek</li><li>Šířka: 22-160 mm</li><li>Přibližné rozměry: 22-160 x 130 mm</li><li>Rozsah: 130 mm</li></ul>",Pop Pulse Emporium,https://cdnbigbuy.com/images/4021176181382_M1206545_P00.jpg,https://cdnbigbuy.com/images/4021176181382_M1206545_P10.jpg,https://cdnbigbuy.com/images/4021176181382_M1206545_P20.jpg,https://cdnbigbuy.com/images/4021176181382_M1206545_P30.jpg,864.36,1,NEW,35.7,44.2,15.1,2.5,23826.89,CZK,2,8,3
M1203498,4010873962837,cs-CZ,Giardinaggio e fai da te,"Lineární hladina vody VOGEL  DIN 877 200 mm 200 X 0,02 MM Kov Plastické","Pokud při zařizování vašeho domova kladete důraz na všelijaké detaily a chcete být průběžně informován o nejnovějších produktech, které vám usnadní ži","Pokud při zařizování vašeho domova kladete důraz na všelijaké detaily a chcete být průběžně informován o nejnovějších produktech, které vám usnadní život, nakupujte <b>Lineární hladina vody VOGEL  DIN 877 200 mm 200 X 0,02 MM Kov Plastické</b> za tu nejlepší cenu.<br><br><ul><li>Typ: Lineární hladina vody</li><li>Délka: 200 mm</li><li>Přesnost: 0,02 mm</li><li>Přibližné rozměry: 200 X 0,02 MM</li><li>Materiál: <ul><li>Kov</li><li>Plastické</li></ul></li><li>Vlastnosti: <ul><li>Hladina bublin</li",Pop Pulse Emporium,https://cdnbigbuy.com/images/4010873962837_M1203498_P00.jpg,https://cdnbigbuy.com/images/4010873962837_M1203498_P10.jpg,https://cdnbigbuy.com/images/4010873962837_M1203498_P20.jpg,,1033.92,1,NEW,7.0,25.0,7.0,1.4,1225.0,CZK,2,8,3
S0467649,8435025742284,cs-CZ,Casa e arredamento,Konvenční digestoř Nodor CROWN60NO Ocel,"Pokud hledáte nejnovější trendy na trhu, máme tu čest vám představit <b>Konvenční digestoř Nodor CROWN60NO Ocel</b>!<br><br><ul><li>Typ: <ul><li>Odsav","Pokud hledáte nejnovější trendy na trhu, máme tu čest vám představit <b>Konvenční digestoř Nodor CROWN60NO Ocel</b>!<br><br><ul><li>Typ: <ul><li>Odsavač do kuchyně</li><li>Konvenční digestoř</li></ul></li><li>Zásuvný produkt: Ano</li><li>Energetická klasifikace: <ul><li>A+</li><li>A</li></ul></li><li>Typ zástrčky: Zástrčka EU</li><li>Extrakční kapacita: 799 m3/h</li><li>Materiál: Nerezová ocel</li><li>Úrovně výkonu: 3</li><li>Barva: Ocel</li><li>Obsahuje: Filtr</li><li>Ovládání: Tlačítek</li><li",Pop Pulse Emporium,,,,,823.42,2,NEW,44.2,42.4,37.0,2.72,69340.96,CZK,2,8,3
M1205120,4010873329333,cs-CZ,Giardinaggio e fai da te,Přesná Digitální Váha VOGEL 60 Kg,"Pokud při zařizování vašeho domova kladete důraz na všelijaké detaily a chcete být průběžně informován o nejnovějších produktech, které vám usnadní ži","Pokud při zařizování vašeho domova kladete důraz na všelijaké detaily a chcete být průběžně informován o nejnovějších produktech, které vám usnadní život, nakupujte <b>Přesná Digitální Váha VOGEL 60 Kg</b> za tu nejlepší cenu.<br><br><ul><li>Typ: Přesná Digitální Váha</li><li>Maximální váha: 60 Kg</li></ul>",Pop Pulse Emporium,https://cdnbigbuy.com/images/4010873329333_M1205120_P00.jpg,https://cdnbigbuy.com/images/4010873329333_M1205120_P10.jpg,,,1050.2,1,NEW,31.3,27.4,19.3,4.0,16552.07,CZK,2,8,3
S7175277,8004399328686,cs-CZ,Casa e arredamento,"Superautomatický kávovar DeLonghi Cappuccino ETAM 29.660.SB Stříbřitý 1450 W 15 bar 1,4 L","Jestli hledáte vhodné elektrospotřebiče za špičkové ceny, nesmí vám uniknout <b>Superautomatický kávovar DeLonghi Cappuccino ETAM 29.660.SB Stříbřitý ","Jestli hledáte vhodné elektrospotřebiče za špičkové ceny, nesmí vám uniknout <b>Superautomatický kávovar DeLonghi Cappuccino ETAM 29.660.SB Stříbřitý 1450 W 15 bar 1,4 L</b> a další kousky z širokého výběru kvalitních malých domácích elektrospotřebičů!<br><br><ul><li>Barva: <ul><li>Černý</li><li>Stříbřitý</li><li>Ocel</li></ul></li><li>Příkon: 1450 W</li><li>Vibrátor: Ano</li><li>Napětí: 220-240 V</li><li>Obsahuje: <ul><li>Mléčná pěna</li><li>Plátno</li></ul></li><li>Typ: <ul><li>Espresso kávova",Pop Pulse Emporium,,,,,1311.92,10,NEW,56.0,30.6,49.8,13.5,85337.28,CZK,2,8,3
S71015584,0790776025849,cs-CZ,Giardinaggio e fai da te,Parní čistič Laurastar Lift Swiss Limited Edition 2200 W,"Pokud hledáte nejnovější trendy na trhu, máme tu čest vám představit <b>Parní čistič Laurastar Lift Swiss Limited Edition 2200 W</b>!<br><br><p><b>Gen","Pokud hledáte nejnovější trendy na trhu, máme tu čest vám představit <b>Parní čistič Laurastar Lift Swiss Limited Edition 2200 W</b>!<br><br><p><b>Generátor páry Laurastar Lift Swiss Limited Edition</b> je <b>parní žehlička</b> navržená pro efektivní a výkonné žehlení díky <b>výkonu 2200 W</b>, který zajišťuje stálou a rychlou produkci páry. Jeho <b>kapacita 1,1 litru</b> umožňuje delší používání bez častých doplňování, což přináší pohodlí během žehlení. Tento model má atraktivní <b>červený</b> ",Pop Pulse Emporium,https://cdnbigbuy.com/images/0790776025849_S71015584_P00.jpg,https://cdnbigbuy.com/images/0790776025849_S71015584_P50.jpg,https://cdnbigbuy.com/images/0790776025849_S71015584_P10.jpg,https://cdnbigbuy.com/images/0790776025849_S71015584_P20.jpg,713.14,10,NEW,38.2,33.3,34.9,6.57,44394.89,CZK,2,8,3
S0465935,5025232978359,cs-CZ,Casa e arredamento,Mikrovlnná Trouba s Grilem Panasonic NNCD88QSEPG 1300 W,"Pokud hledáte nejnovější trendy na trhu, máme tu čest vám představit <b>Mikrovlnná Trouba s Grilem Panasonic NNCD88QSEPG 1300 W</b>!<br><br><p><b>Mikr","Pokud hledáte nejnovější trendy na trhu, máme tu čest vám představit <b>Mikrovlnná Trouba s Grilem Panasonic NNCD88QSEPG 1300 W</b>!<br><br><p><b>Mikrovlnná trouba s grilem Panasonic model NNCD88QSEPG</b> je navržena pro univerzální a efektivní vaření v moderní kuchyni. Tento samostatný přístroj vyniká prostorným vnitřkem o objemu <b>34 litrů</b>, ideálním pro přípravu nebo ohřev větších pokrmů. Jeho konstrukce z <b>nerezové oceli</b> zajišťuje odolnost a usnadňuje čištění, zároveň nabízí elegan",Pop Pulse Emporium,,,,,662.46,1,NEW,53.0,43.0,60.0,14.0,136740.0,CZK,2,8,3
S71015637,0193108142786,cs-CZ,Giardinaggio e fai da te,Bezpečnostní kamera Arlo Ultra V2,"Pokud hledáte nejnovější trendy na trhu, máme tu čest vám představit <b>Bezpečnostní kamera Arlo Ultra V2</b>!<br><br><ul><li>Typ: <ul><li>Videokamera","Pokud hledáte nejnovější trendy na trhu, máme tu čest vám představit <b>Bezpečnostní kamera Arlo Ultra V2</b>!<br><br><ul><li>Typ: <ul><li>Videokamera</li><li>IP bezpečnostní kamera</li></ul></li><li>Kusů: 4 kusů</li><li>Barva: Bílý</li><li>Vlastnosti: <ul><li>Integrované reproduktory</li><li>Integrovaný mikrofon</li><li>Odolný vůči klimatu</li><li>LED kontrolka provozu</li></ul></li><li>Připojení: <ul><li>Bluetooth</li><li>Wi-Fi</li><li>Wi-Fi 5 GHz</li></ul></li><li>Montáž: Montáž na stěnu</li>",Pop Pulse Emporium,https://cdnbigbuy.com/images/0193108142786_S71015637_P00.jpg,https://cdnbigbuy.com/images/0193108142786_S71015637_P30.jpg,https://cdnbigbuy.com/images/0193108142786_I10.jpg,https://cdnbigbuy.com/images/0193108142786_S71015637_P40.jpg,1847.5,1,NEW,28.0,21.0,17.0,2.77,9996.0,CZK,2,8,3
S71003880,3165140975964,cs-CZ,Giardinaggio e fai da te,"Termický fotoaparát BOSCH GTC 600 C 3,5""","<p>Chcete-li dodat svému domovu kouzlo originality, pomůže vám s tím <b>Termický fotoaparát BOSCH GTC 600 C 3,5""</b>.</p><br><br><ul><li>Plátno: 3,5""<","<p>Chcete-li dodat svému domovu kouzlo originality, pomůže vám s tím <b>Termický fotoaparát BOSCH GTC 600 C 3,5""</b>.</p><br><br><ul><li>Plátno: 3,5""</li><li>Barva: <ul><li>Modrý</li><li>Černá/modrá</li></ul></li><li>Materiál: Plastické</li><li>Vlastnosti: <ul><li>Indikátor baterie</li><li>Vestavěný displej</li></ul></li><li>Připojení: <ul><li>Wi-Fi</li><li>USB-A - USB-C</li></ul></li><li>Nápajecí Zdroj: Baterie</li><li>Stupeň krytí: IP54</li><li>Obsahuje: <ul><li>Baterie</li><li>Povlak na trans",Pop Pulse Emporium,https://cdnbigbuy.com/images/3165140975964_S71003880_P00.jpg,,,,2774.92,2,NEW,34.0,43.9,13.7,3.42,20448.62,CZK,2,8,3
S71015762,8590669337491,cs-CZ,Giardinaggio e fai da te,Generátor Fieldmann FZI 4018-Bi,"Pokud při zařizování vašeho domova kladete důraz na všelijaké detaily a chcete být průběžně informován o nejnovějších produktech, které vám usnadní ži","Pokud při zařizování vašeho domova kladete důraz na všelijaké detaily a chcete být průběžně informován o nejnovějších produktech, které vám usnadní život, nakupujte <b>Generátor Fieldmann FZI 4018-Bi</b> za tu nejlepší cenu.<br><br><ul><li>Zásuvný produkt: Ano</li><li>Typ zástrčky: Zástrčka EU</li><li>Nápajecí Zdroj: Benzín</li></ul>",Pop Pulse Emporium,https://cdnbigbuy.com/images/8590669337491_S71015762_P00.jpg,https://cdnbigbuy.com/images/8590669337491_S71015762_P40.jpg,https://cdnbigbuy.com/images/8590669337491_S71015762_P50.jpg,https://cdnbigbuy.com/images/8590669337491_S71015762_P10.jpg,669.5,1,NEW,56.0,34.0,49.0,19.64,93296.0,CZK,2,8,3
S71016750,5061042263186,cs-CZ,Casa e arredamento,Robotický vysavač iRobot,"Pokud hledáte nejnovější trendy na trhu, máme tu čest vám představit <b>Robotický vysavač iRobot</b>!<br><br><ul><li>Typ zástrčky: Zástrčka EU</li><li","Pokud hledáte nejnovější trendy na trhu, máme tu čest vám představit <b>Robotický vysavač iRobot</b>!<br><br><ul><li>Typ zástrčky: Zástrčka EU</li><li>Zásuvný produkt: Ano</li><li>Barva: Černý</li><li>Připojení: Wi-Fi</li><li>Tvar: Kulatý</li><li>Kompatibilní: <ul><li>Amazon Alexa</li><li>Google Home</li></ul></li><li>Vlastnosti: Rozpoznává překážky</li><li>Vestavěný displej: Č.</li></ul>",Pop Pulse Emporium,,,,,692.04,25,NEW,39.2,38.7,30.3,6.87,45966.31,CZK,2,8,3
S0460293,7333394049304,cs-CZ,Casa e arredamento,Indukční Plotýnka AEG TI63IQ30FZ 60 cm 3200 W 7350 W,"Jestliže chcete renovovat svou kuchyň, kupte si <b>Indukční Plotýnka AEG TI63IQ30FZ 60 cm 3200 W 7350 W</b> a další <b>produkty AEG</b>! Nejlepší kval","Jestliže chcete renovovat svou kuchyň, kupte si <b>Indukční Plotýnka AEG TI63IQ30FZ 60 cm 3200 W 7350 W</b> a další <b>produkty AEG</b>! Nejlepší kvalitu za nejlepší cenu máte na dosah!<br><br><p><b>Indukční varná deska</b> <b>AEG TI63IQ30FZ</b> je moderním a efektivním řešením pro ty, kteří hledají maximální funkčnost a bezpečnost v domácí kuchyni. Díky elegantnímu <b>černému provedení</b> a <b>kompaktní šířce 60 cm</b> se snadno začlení do většiny pracovních desek a prostorů, přičemž nabízí ne",Pop Pulse Emporium,,,,,930.48,8,NEW,33.4,49.5,27.5,11.6,45465.75,CZK,2,8,3
S7194161,8004399027244,cs-CZ,Casa e arredamento,"Superautomatický kávovar DeLonghi 1450 W 1,8 L","Jestli hledáte vhodné elektrospotřebiče za špičkové ceny, nesmí vám uniknout <b>Superautomatický kávovar DeLonghi 1450 W 1,8 L</b> a další kousky z ši","Jestli hledáte vhodné elektrospotřebiče za špičkové ceny, nesmí vám uniknout <b>Superautomatický kávovar DeLonghi 1450 W 1,8 L</b> a další kousky z širokého výběru kvalitních malých domácích elektrospotřebičů!<br><br><p><b>Superautomatický kávovar Delonghi ECAM220.61.W</b> nabízí elegantní design v <b>bílé barvě</b>, který spojuje funkčnost a styl pro každou moderní kuchyni. Jeho výkon <b>1450 W</b> zajišťuje rychlé a efektivní ohřátí, usnadňující přípravu stálého espressa s autentickou chutí. D",Pop Pulse Emporium,,,,,761.24,25,NEW,48.2,42.4,39.3,9.16,80316.62,CZK,2,8,3
M1207352,9002719041658,cs-CZ,Giardinaggio e fai da te,Rotující laserová vodováha SOLA EVO 360,"Pokud při zařizování vašeho domova kladete důraz na všelijaké detaily a chcete být průběžně informován o nejnovějších produktech, které vám usnadní ži","Pokud při zařizování vašeho domova kladete důraz na všelijaké detaily a chcete být průběžně informován o nejnovějších produktech, které vám usnadní život, nakupujte <b>Rotující laserová vodováha SOLA EVO 360</b> za tu nejlepší cenu.<br><br><ul><li>Typ: Rotující laserová vodováha</li><li>Přesnost: <ul><li>±5°</li><li>± 0,1 MM/M</li></ul></li><li>Rozsah: <ul><li>300 m</li><li>20 m</li><li>400 M</li></ul></li><li>Stupeň krytí: IP66</li><li>Typ baterie: Li-Ion</li></ul>",Pop Pulse Emporium,https://cdnbigbuy.com/images/9002719041658_M1207352_P00.jpg,https://cdnbigbuy.com/images/9002719041658_M1207352_P90.jpg,https://cdnbigbuy.com/images/9002719041658_M1207352_P50.jpg,https://cdnbigbuy.com/images/9002719041658_M1207352_P10.jpg,1314.02,5,NEW,25.0,20.0,15.0,5.0,7500.0,CZK,2,8,3
S71018802,4067393015963,cs-CZ,Giardinaggio e fai da te,Sprchový sloup Grohe Černý 25 cm,"Pokud při zařizování vašeho domova kladete důraz na všelijaké detaily a chcete být průběžně informován o nejnovějších produktech, které vám usnadní ži","Pokud při zařizování vašeho domova kladete důraz na všelijaké detaily a chcete být průběžně informován o nejnovějších produktech, které vám usnadní život, nakupujte <b>Sprchový sloup Grohe Černý 25 cm</b> za tu nejlepší cenu.<br><br><p><b>Sprchový sloup</b> Grohe v <b>černé</b> barvě kombinuje funkčnost a moderní design, ideální pro vestavné instalace, které chtějí elegantní a nenápadné provedení. Tento set obsahuje termostatickou baterii, která udržuje konstantní teplotu vody, zvyšuje bezpečnos",Pop Pulse Emporium,https://cdnbigbuy.com/images/4067393015963_I00.jpg,https://cdnbigbuy.com/images/4067393015963_I10.jpg,https://cdnbigbuy.com/images/4067393015963_I20.jpg,,1366.56,2,NEW,32.0,35.0,41.0,6.31,45920.0,CZK,2,8,3
S71021183,3700092681404,cs-CZ,Sport e attività all'aperto,Hoverboard Urbanglide ECROSS ONE 800 W Černý 25 km/h,"Pokud hledáte nejnovější trendy na trhu, máme tu čest vám představit <b>Hoverboard Urbanglide ECROSS ONE 800 W Černý 25 km/h</b>!<br><br><p>Elektrická","Pokud hledáte nejnovější trendy na trhu, máme tu čest vám představit <b>Hoverboard Urbanglide ECROSS ONE 800 W Černý 25 km/h</b>!<br><br><p>Elektrická <b>koloběžka</b> <b>Urbanglide ECROSS ONE</b> je všestranné a výkonné řešení pro městské i terénní jízdy, kombinující odolnost a pohodlí. Je vybavena <b>motorem o výkonu 800 W</b> a <b>napětím 48 V</b>, nabízí maximální rychlost <b>25 km/h</b>, vhodnou pro bezpečné a efektivní používání ve městě. Její baterie s vysokou kapacitou zajišťuje dojezd a",Pop Pulse Emporium,https://cdnbigbuy.com/images/S71021183_1755061721-remove-background1.jpg,https://cdnbigbuy.com/images/3700092681404_S71021183_P51.jpg,https://cdnbigbuy.com/images/3700092681404_S71021183_P11.jpg,https://cdnbigbuy.com/images/3700092681404_I01.jpg,988.32,25,NEW,85.5,44.7,36.0,25.2,137586.6,CZK,2,8,3
M1200585,4021176731891,cs-CZ,Giardinaggio e fai da te,Stahovák ložisek KUKKO 3 Nohy,"Pokud při zařizování vašeho domova kladete důraz na všelijaké detaily a chcete být průběžně informován o nejnovějších produktech, které vám usnadní ži","Pokud při zařizování vašeho domova kladete důraz na všelijaké detaily a chcete být průběžně informován o nejnovějších produktech, které vám usnadní život, nakupujte <b>Stahovák ložisek KUKKO 3 Nohy</b> za tu nejlepší cenu.<br><br><ul><li>Typ: <ul><li>Univerzální</li><li>Stahovák ložisek</li></ul></li><li>Nohy: 3 Nohy</li><li>Vlastnosti: <ul><li>rychlé nastavení</li><li>Klouzavé nohy</li></ul></li><li>Šířka: 250 mm</li><li>Rozsah: 200 mm</li></ul>",Pop Pulse Emporium,https://cdnbigbuy.com/images/4021176731891_M1200585_P00.jpg,https://cdnbigbuy.com/images/4021176731891_M1200585_P10.jpg,https://cdnbigbuy.com/images/4021176731891_M1200585_P20.jpg,,984.2,1,NEW,31.0,31.0,4.5,9.6,4324.5,CZK,2,8,3
S1906955,8436575279275,cs-CZ,Giardinaggio e fai da te,Elektrická zástrčka Wallbox,"Pokud při zařizování vašeho domova kladete důraz na všelijaké detaily a chcete být průběžně informován o nejnovějších produktech, které vám usnadní ži","Pokud při zařizování vašeho domova kladete důraz na všelijaké detaily a chcete být průběžně informován o nejnovějších produktech, které vám usnadní život, nakupujte <b>Elektrická zástrčka Wallbox</b> za tu nejlepší cenu.<br><br><ul><li>Typ: Elektrická zástrčka</li><li>Barva: Bílý</li><li>Příkon: <ul><li>22000 W</li><li>7400 W</li></ul></li><li>Připojení: Wi-Fi</li><li>Montáž: Montáž na stěnu</li><li>Stupeň krytí: IP54</li><li>Výstupy: 1</li><li>Vlastnosti: LED kontrolka provozu</li><li>Vestavěný",Pop Pulse Emporium,https://cdnbigbuy.com/images/8436575279275_S1906955_P00.jpg,https://cdnbigbuy.com/images/8436575279275_S1906955_P30.jpg,https://cdnbigbuy.com/images/8436575279275_S1906955_P40.jpg,https://cdnbigbuy.com/images/8436575279275_S1906955_P10.jpg,1766.02,1,NEW,40.0,40.0,20.0,7.0,32000.0,CZK,2,8,3
S7153430,8004399481121,cs-CZ,Casa e arredamento,Odvlhčovač DeLonghi DD230P 30 L,"Jestli hledáte vhodné elektrospotřebiče za špičkové ceny, nesmí vám uniknout <b>Odvlhčovač DeLonghi DD230P 30 L</b> a další kousky z širokého výběru k","Jestli hledáte vhodné elektrospotřebiče za špičkové ceny, nesmí vám uniknout <b>Odvlhčovač DeLonghi DD230P 30 L</b> a další kousky z širokého výběru kvalitních malých domácích elektrospotřebičů!<br><br><p><b>Odvlhčovač</b> <b>DELONGHI DD230P</b> je zařízení navržené pro efektivní kontrolu vlhkosti v interiérech, přispívající ke zvýšení komfortu a prevenci problémů spojených s nadměrnou vlhkostí, jako je plíseň nebo nepříjemné zápachy. Tento model má <b>bílý</b> povrch, který mu dodává neutrální ",Pop Pulse Emporium,,,,,690.0,25,NEW,40.5,35.0,68.0,18.0,96390.0,CZK,2,8,3
S7189712,4059952570044,cs-CZ,Giardinaggio e fai da te,Set vrtačky a doplňků BOSCH 0 615 A00 17D 12 V,"Pokud při zařizování vašeho domova kladete důraz na všelijaké detaily a chcete být průběžně informován o nejnovějších produktech, které vám usnadní ži","Pokud při zařizování vašeho domova kladete důraz na všelijaké detaily a chcete být průběžně informován o nejnovějších produktech, které vám usnadní život, nakupujte <b>Set vrtačky a doplňků BOSCH 0 615 A00 17D 12 V</b> za tu nejlepší cenu.<br><br><ul><li>Zásuvný produkt: Ano</li><li>Typ zástrčky: Zástrčka EU</li><li>Obsahuje: <ul><li>Dobíjecí lithiová baterie x 3</li><li>Nabíječka</li><li>Povlak na transport</li></ul></li><li>Typ: Nářadí</li><li>Napětí: 12 V</li><li>Nápajecí Zdroj: Baterie</li><",Pop Pulse Emporium,https://cdnbigbuy.com/images/4059952570044_S7189712_P01.jpg,https://cdnbigbuy.com/images/4059952570044_S7189712_P41.jpg,https://cdnbigbuy.com/images/4059952570044_S7189712_P11.jpg,https://cdnbigbuy.com/images/4059952570044_S7189712_P21.jpg,1351.38,2,NEW,60.0,39.5,18.0,11.75,42660.0,CZK,2,8,3
M1202554,4007140136459,cs-CZ,Giardinaggio e fai da te,Sada vrtáků RUKO Tvrdý kov (HM) 35 Kusy,"Pokud hledáte nejnovější trendy na trhu, máme tu čest vám představit <b>Sada vrtáků RUKO Tvrdý kov (HM) 35 Kusy</b>!<br><br><ul><li>Materiál: Tvrdý ko","Pokud hledáte nejnovější trendy na trhu, máme tu čest vám představit <b>Sada vrtáků RUKO Tvrdý kov (HM) 35 Kusy</b>!<br><br><ul><li>Materiál: Tvrdý kov (HM)</li><li>Počet kusů: 35 Kusy</li></ul>",Pop Pulse Emporium,https://cdnbigbuy.com/images/4007140136459_M1202554_P00.jpg,https://cdnbigbuy.com/images/4007140136459_M1202554_P10.jpg,,,1458.5,2,NEW,15.0,19.0,19.0,2.14,5415.0,CZK,2,8,3
S0454772,8436606900024,cs-CZ,Sport e attività all'aperto,Hoverboard Youin SC4002 XL3 Černý 800 W,Zůstaňte ve formě a objevujte poslední novinky ze sportovního světa s největšími zárukami! Nakupte <b>Hoverboard Youin SC4002 XL3 Černý 800 W</b> za n,"Zůstaňte ve formě a objevujte poslední novinky ze sportovního světa s největšími zárukami! Nakupte <b>Hoverboard Youin SC4002 XL3 Černý 800 W</b> za nejlepší cenu a užívejte si života plného zdraví!<br><br><ul><li>Zásuvný produkt: Ano</li><li>Důležité informace: Pokud značka nezaregistrovala skútr, majitel bude muset projít ITV nebo TÜV, aby získal „EBE“ nebo individuální povolení k provozu.</li><li>Typ zástrčky: Zástrčka EU</li><li>Typ: Hoverboard</li><li>Barva: Černý</li><li>Vlastnosti: <ul><l",Pop Pulse Emporium,https://cdnbigbuy.com/images/8436606900024_S0454772_P00.jpg,,,,907.68,25,NEW,85.5,44.7,36.0,14.82,137586.6,CZK,2,8,3
S71009975,3760372558321,cs-CZ,Casa e arredamento,Robotický vysavač EZIclean All In One Z12 Ultra,"Pokud při zařizování vašeho domova kladete důraz na všelijaké detaily a chcete být průběžně informován o nejnovějších produktech, které vám usnadní ži","Pokud při zařizování vašeho domova kladete důraz na všelijaké detaily a chcete být průběžně informován o nejnovějších produktech, které vám usnadní život, nakupujte <b>Robotický vysavač EZIclean All In One Z12 Ultra</b> za tu nejlepší cenu.<br><br><ul><li>Zásuvný produkt: Ano</li><li>Typ zástrčky: Zástrčka EU</li><li>Jazyk: Francouzština</li><li>Barva: Bílý</li><li>Typ baterie: Nabíjecí</li><li>Váha: 12 kg</li><li>Tvar: Kulatý</li><li>Přibližná doba nabíjení: 7 hodin</li><li>Hlučnost: 56 dB</li>",Pop Pulse Emporium,,,,,969.38,25,NEW,39.0,43.4,37.4,9.58,63303.24,CZK,2,8,3
S0461750,8435089040920,cs-CZ,Sport e attività all'aperto,Hoverboard Smartgyro SG27-553,"Pokud hledáte nejnovější trendy na trhu, máme tu čest vám představit <b>Hoverboard Smartgyro SG27-553</b>!<br><br><ul><li>Typ: Hoverboard</li><li>Zásu","Pokud hledáte nejnovější trendy na trhu, máme tu čest vám představit <b>Hoverboard Smartgyro SG27-553</b>!<br><br><ul><li>Typ: Hoverboard</li><li>Zásuvný produkt: Ano</li><li>Důležité informace: Pokud značka nezaregistrovala skútr, majitel bude muset projít ITV nebo TÜV, aby získal „EBE“ nebo individuální povolení k provozu.</li></ul>",Pop Pulse Emporium,https://cdnbigbuy.com/images/8435089040920_S0461750_P00.jpg,,,,1437.96,9,NEW,85.5,44.7,36.0,14.82,137586.6,CZK,2,8,3
S71019219,6936905900166,cs-CZ,Casa e arredamento,Robotický vysavač Roborock 6400 mAh,"Pokud hledáte nejnovější trendy na trhu, máme tu čest vám představit <b>Robotický vysavač Roborock 6400 mAh</b>!<br><br><ul><li>Zásuvný produkt: Ano</","Pokud hledáte nejnovější trendy na trhu, máme tu čest vám představit <b>Robotický vysavač Roborock 6400 mAh</b>!<br><br><ul><li>Zásuvný produkt: Ano</li><li>Barva: Černý</li><li>Šířka: 35 cm</li><li>Typ baterie: <ul><li>Nabíjecí</li><li>Litio Ion</li></ul></li><li>Připojení: Wi-Fi</li><li>Tvar: Kulatý</li><li>Obsahuje: <ul><li>Napájecí Kabel</li><li>Manuál uživatele</li><li>Dust bag</li></ul></li><li>Přibližná doba nabíjení: 2,5 hodin</li><li>Vlastnosti: Rozpoznává překážky</li><li>Kapacita bate",Pop Pulse Emporium,,,,,2863.06,10,NEW,51.0,50.0,45.0,18.7,114750.0,CZK,2,8,3
S71016381,7333394078069,cs-CZ,Casa e arredamento,Mikrovlnnou Troubu Electrolux CMS4253TMX Ocel,"Pokud hledáte nejnovější trendy na trhu, máme tu čest vám představit <b>Mikrovlnnou Troubu Electrolux CMS4253TMX Ocel</b>!<br><br><ul><li>Zásuvný prod","Pokud hledáte nejnovější trendy na trhu, máme tu čest vám představit <b>Mikrovlnnou Troubu Electrolux CMS4253TMX Ocel</b>!<br><br><ul><li>Zásuvný produkt: Ano</li><li>Typ instalace: Integrační</li><li>Materiál: Nerezová ocel</li><li>Vlastnosti: <ul><li>Proti stopám</li><li>Vestavěný</li></ul></li><li>Typ ovládání: Digitální</li><li>Barva: Ocel</li><li>Obsahuje: <ul><li>Manuál</li><li>Talíř do mikrovlnné trouby</li></ul></li></ul>",Pop Pulse Emporium,,,,,655.32,25,NEW,40.6,44.2,37.3,24.8,66935.6,CZK,2,8,3
S0426199,8434778011234,cs-CZ,Casa e arredamento,Namíchaná deska Teka 112570112 60 cm Černý 60 cm,"Jestliže chcete renovovat svou kuchyň, kupte si <b>Namíchaná deska Teka 112570112 60 cm Černý 60 cm</b> a další <b>produkty Teka</b>! Nejlepší kvalitu","Jestliže chcete renovovat svou kuchyň, kupte si <b>Namíchaná deska Teka 112570112 60 cm Černý 60 cm</b> a další <b>produkty Teka</b>! Nejlepší kvalitu za nejlepší cenu máte na dosah!<br><br><ul><li>Barva: Černý</li><li>Vlastnosti: <ul><li>Blokování pro děti</li><li>9 úrovně</li></ul></li><li>Místo pro vaření: 3</li><li>Automatické vypínání: Ano</li><li>Ovládání: <ul><li>Touch Control</li><li>Dotykový</li></ul></li><li>Příkon: 3500 W</li><li>Nápajecí Zdroj: <ul><li>elektrická síť</li><li>220-240 ",Pop Pulse Emporium,,,,,828.56,1,NEW,70.0,70.0,20.0,12.8,98000.0,CZK,2,8,3
S0452802,8435089037296,cs-CZ,Sport e attività all'aperto,Hoverboard Smartgyro Černý 500 W,"Pokud se zajímáte o <b>počítače a elektronika</b>, rádi máte doma moderní vybavení a hlídáte si každý detail, kupte si <b>Hoverboard Smartgyro Černý 5","Pokud se zajímáte o <b>počítače a elektronika</b>, rádi máte doma moderní vybavení a hlídáte si každý detail, kupte si <b>Hoverboard Smartgyro Černý 500 W</b> za nejlepší ceny.<br><br><p>Elektrická koloběžka <b>Smartgyro</b> představuje všestrannou a efektivní volbu pro městské přesuny s vysokým výkonem. K dispozici v barvách <b>modrá a černá</b>, tento model je vybaven <b>motorem o výkonu 500 W</b>, který umožňuje dosáhnout maximální rychlosti <b>25 km/h</b>, což zajišťuje agilitu bez ztráty ko",Pop Pulse Emporium,https://cdnbigbuy.com/images/8435089037296_S0452802_P00.jpg,,,,1291.4,25,NEW,84.7,47.5,36.3,14.41,146043.97,CZK,2,8,3
S7112897,5011423002323,cs-CZ,Casa e arredamento,Kuchyňský robot Kenwood KVC85.124SI Stříbřitý 1200 W,"Jestli hledáte vhodné elektrospotřebiče za špičkové ceny, nesmí vám uniknout <b>Kuchyňský robot Kenwood KVC85.124SI Stříbřitý 1200 W</b> a další kousk","Jestli hledáte vhodné elektrospotřebiče za špičkové ceny, nesmí vám uniknout <b>Kuchyňský robot Kenwood KVC85.124SI Stříbřitý 1200 W</b> a další kousky z širokého výběru kvalitních malých domácích elektrospotřebičů!<br><br><p><b>Kenwood KVC85.124SI</b> je multifunkční <b>kuchyňský robot</b> speciálně navržený pro pečení, který kombinuje výkon, kapacitu a přesnost v jednom kvalitním zařízení. Díky výkonnému motoru o <b>1200 W</b> nabízí efektivní výkon pro všechny druhy těst a kulinářských přípra",Pop Pulse Emporium,,,,,962.76,25,NEW,39.5,22.5,31.5,11.7,27995.62,CZK,2,8,3
S8109524,8017709334819,cs-CZ,Casa e arredamento,"Superautomatický kávovar Smeg Bílý Šedý 1350 W 19 bar 1,4 L","Jestli hledáte vhodné elektrospotřebiče za špičkové ceny, nesmí vám uniknout <b>Superautomatický kávovar Smeg Bílý Šedý 1350 W 19 bar 1,4 L</b> a dalš","Jestli hledáte vhodné elektrospotřebiče za špičkové ceny, nesmí vám uniknout <b>Superautomatický kávovar Smeg Bílý Šedý 1350 W 19 bar 1,4 L</b> a další kousky z širokého výběru kvalitních malých domácích elektrospotřebičů!<br><br><p><b>Smeg BCC11WHMEU</b> je <b>plně automatický kávovar</b>, který spojuje proslulý elegantní design Smeg s funkcemi určenými pro náročné milovníky kávy. Tento model v atraktivní <b>bílé barvě</b> s <b>šedými</b> detaily má odolné <b>plastové</b> tělo, které je lehké, ",Pop Pulse Emporium,,,,,644.46,25,NEW,25.7,44.0,49.5,11.34,55974.6,CZK,2,8,3
S71017256,6977728943794,cs-CZ,Casa e arredamento,Robotický vysavač Dreame 6400 mAh,"Pokud hledáte nejnovější trendy na trhu, máme tu čest vám představit <b>Robotický vysavač Dreame 6400 mAh</b>!<br><br><ul><li>Typ zástrčky: Zástrčka E","Pokud hledáte nejnovější trendy na trhu, máme tu čest vám představit <b>Robotický vysavač Dreame 6400 mAh</b>!<br><br><ul><li>Typ zástrčky: Zástrčka EU</li><li>Zásuvný produkt: Ano</li><li>Vlastnosti: <ul><li>Bez tašky</li><li>Snadný k čištění</li><li>Rozpoznává překážky</li></ul></li><li>Funkce: Umytý</li><li>Kapacita: <ul><li>4 L</li><li>3,2 L</li></ul></li><li>Přibližný průměr: 35 cm</li><li>Přibližná hmotnost: 4,6 Kg</li><li>Filtr: Ano</li><li>Barva: Bílý</li><li>Typ baterie: Nabíjecí</li><l",Pop Pulse Emporium,,,,,2131.4,5,NEW,39.2,38.7,30.3,24.91,45966.31,CZK,2,8,3
S2422991,8436039866386,cs-CZ,Sport e attività all'aperto,Nafukovací prkno na paddle surf s příslušenstvím Kohala Arrow 2 Modrý ( 335 x 75 x 15  cm),Tyto nabídky produktů vám zajistí příjemnou letní zábavu. Malí i dospělí si je okamžitě zamilují ! Nakupujte <b>Nafukovací prkno na paddle surf s přís,Tyto nabídky produktů vám zajistí příjemnou letní zábavu. Malí i dospělí si je okamžitě zamilují ! Nakupujte <b>Nafukovací prkno na paddle surf s příslušenstvím Kohala Arrow 2 Modrý ( 335 x 75 x 15  cm)</b> a užívejte si chvíle volna!<br><br><ul><li>Přibližné rozměry: 335 x 75 x 15  cm</li><li>Barva: Modrý</li><li>Obsahuje: <ul><li>Taška</li><li>Opravářská sada</li><li>Ploutve</li><li>Vakuová pumpa</li><li>Veslo</li></ul></li></ul>,Pop Pulse Emporium,https://cdnbigbuy.com/images/8436039866386_R04.jpg,https://cdnbigbuy.com/images/8436039866386_S2422991_P04.jpg,,,645.08,2,NEW,23.0,47.0,88.0,12.0,95128.0,CZK,2,8,3
M1206184,7640110697542,cs-CZ,Giardinaggio e fai da te,Laserová vodováha s čarami Leica Geosystems L2P5,"Pokud při zařizování vašeho domova kladete důraz na všelijaké detaily a chcete být průběžně informován o nejnovějších produktech, které vám usnadní ži","Pokud při zařizování vašeho domova kladete důraz na všelijaké detaily a chcete být průběžně informován o nejnovějších produktech, které vám usnadní život, nakupujte <b>Laserová vodováha s čarami Leica Geosystems L2P5</b> za tu nejlepší cenu.<br><br><ul><li>Typ: Laserová vodováha s čarami</li><li>Přesnost: ± 0,2 MM/M</li><li>Rozsah: 25-80 m</li><li>Typ baterie: AA</li><li>Velikost závitu: 1/4""</li></ul>",Pop Pulse Emporium,https://cdnbigbuy.com/images/7640110697542_M1206184_P00.jpg,https://cdnbigbuy.com/images/7640110697542_M1206184_P60.jpg,https://cdnbigbuy.com/images/7640110697542_M1206184_P20.jpg,https://cdnbigbuy.com/images/7640110697542_M1206184_P70.jpg,675.92,2,NEW,33.5,38.0,17.0,4.0,21641.0,CZK,2,8,3
S8106994,8017709329846,cs-CZ,Casa e arredamento,Překapávač Smeg 50's Style EGF03 1650 W Černý,"Jestli hledáte vhodné elektrospotřebiče za špičkové ceny, nesmí vám uniknout <b>Překapávač Smeg 50's Style EGF03 1650 W Černý</b> a další kousky z šir","Jestli hledáte vhodné elektrospotřebiče za špičkové ceny, nesmí vám uniknout <b>Překapávač Smeg 50's Style EGF03 1650 W Černý</b> a další kousky z širokého výběru kvalitních malých domácích elektrospotřebičů!<br><br><ul><li>Typ: Překapávač</li><li>Barva: Černý</li><li>Materiál: <ul><li>Nerezová ocel</li><li>Plastické</li></ul></li><li>Vlastnosti: <ul><li>Náustek na páru</li><li>Nádrž vyjmutelné vody</li><li>Kontrola knoflíky</li></ul></li><li>Délka kabelu: 1 m</li><li>Napětí: 220-240 V</li><li>P",Pop Pulse Emporium,,,,,1017.76,2,NEW,44.2,44.2,49.0,17.24,95728.36,CZK,2,8,3
S7121596,3700628252214,cs-CZ,Sport e attività all'aperto,Stan BAYA SUN,Zůstaňte ve formě a objevujte poslední novinky ze sportovního světa s největšími zárukami! Nakupte <b>Stan BAYA SUN</b> za nejlepší cenu a užívejte si,Zůstaňte ve formě a objevujte poslední novinky ze sportovního světa s největšími zárukami! Nakupte <b>Stan BAYA SUN</b> za nejlepší cenu a užívejte si života plného zdraví!<br><br><ul><li>Vlastnosti: Hořlavý</li></ul>,Pop Pulse Emporium,https://cdnbigbuy.com/images/S7121596_1690181159-no-background1.jpg,https://cdnbigbuy.com/images/3700628252214_S7121596_P01.jpg,,,615.7,5,NEW,70.0,32.5,31.5,13.98,71662.5,CZK,2,8,3
S71011069,8806095108926,cs-CZ,Casa e arredamento,Tyčový vysavač Samsung VS20B95823W 580 W,"Jestli hledáte vhodné elektrospotřebiče za špičkové ceny, nesmí vám uniknout <b>Tyčový vysavač Samsung VS20B95823W 580 W</b> a další kousky z širokého","Jestli hledáte vhodné elektrospotřebiče za špičkové ceny, nesmí vám uniknout <b>Tyčový vysavač Samsung VS20B95823W 580 W</b> a další kousky z širokého výběru kvalitních malých domácích elektrospotřebičů!<br><br><p>Bezdrátový <b>vysavač VS20B95823W</b> od <b>Samsungu</b> je ideálním řešením pro ty, kteří hledají efektivitu a styl při úklidu domácnosti. Tento elegantní přístroj v <b>bílém</b> provedení kombinuje moderní design s pokročilými funkcemi, které optimalizují každý úklid. S výkonem <b>14",Pop Pulse Emporium,,,,,1012.48,10,NEW,93.5,41.0,37.5,14.06,143756.25,CZK,2,8,3
S71022517,6970135036400,cs-CZ,Casa e arredamento,Robotický vysavač ECOVACS X9 PRO OMNI,"Pokud při zařizování vašeho domova kladete důraz na všelijaké detaily a chcete být průběžně informován o nejnovějších produktech, které vám usnadní ži","Pokud při zařizování vašeho domova kladete důraz na všelijaké detaily a chcete být průběžně informován o nejnovějších produktech, které vám usnadní život, nakupujte <b>Robotický vysavač ECOVACS X9 PRO OMNI</b> za tu nejlepší cenu.<br><br><ul><li>Zásuvný produkt: Ano</li><li>Typ zástrčky: Zástrčka EU</li><li>Barva: Černý</li><li>Vlastnosti: <ul><li>Snadný k čištění</li><li>Rozpoznává překážky</li></ul></li><li>Tvar: Kulatý</li><li>Baterie v ceně: Ano</li><li>Filtr: HEPA</li></ul>",Pop Pulse Emporium,,,,,1987.46,25,NEW,57.0,41.0,38.0,16.75,88806.0,CZK,2,8,3
S71016753,5061042263049,cs-CZ,Casa e arredamento,Robotický vysavač iRobot 5000 mAh,"Pokud při zařizování vašeho domova kladete důraz na všelijaké detaily a chcete být průběžně informován o nejnovějších produktech, které vám usnadní ži","Pokud při zařizování vašeho domova kladete důraz na všelijaké detaily a chcete být průběžně informován o nejnovějších produktech, které vám usnadní život, nakupujte <b>Robotický vysavač iRobot 5000 mAh</b> za tu nejlepší cenu.<br><br><p><b>Robotický vysavač iRobot 505 COMBO</b> je praktické a efektivní řešení pro domácí úklid, které kombinuje pokročilou technologii s kompaktním a funkčním designem. Tento robot vyniká <b>černou barvou</b> a <b>kulatým tvarem</b>, což usnadňuje jeho plynulý pohyb ",Pop Pulse Emporium,,,,,1292.82,25,NEW,39.2,38.7,30.3,13.38,45966.31,CZK,2,8,3
S7188551,3165140583169,cs-CZ,Giardinaggio e fai da te,Laserová vodováha BOSCH GRL 400 H Professional,"Pokud při zařizování vašeho domova kladete důraz na všelijaké detaily a chcete být průběžně informován o nejnovějších produktech, které vám usnadní ži","Pokud při zařizování vašeho domova kladete důraz na všelijaké detaily a chcete být průběžně informován o nejnovějších produktech, které vám usnadní život, nakupujte <b>Laserová vodováha BOSCH GRL 400 H Professional</b> za tu nejlepší cenu.<br><br><ul><li>Napětí: 1,5 V</li><li>Barva: <ul><li>Modrý</li><li>Černá/modrá</li></ul></li><li>Vlastnosti: S pouzdrem</li><li>Váha: 2 Kg</li><li>Nápajecí Zdroj: Baterie</li><li>Složení: NiMh</li><li>Stupeň krytí: IP56</li><li>Funguje na baterie: Ano</li><li>O",Pop Pulse Emporium,https://cdnbigbuy.com/images/3165140583169_S7188551_P00.jpg,,,,1080.64,4,NEW,17.0,18.3,18.8,7.6,5848.68,CZK,2,8,3
S0461530,5413184200794,cs-CZ,Casa e arredamento,"Kuchyňský robot KitchenAid 5KSM125EAC 300 W 4,8 L","Jestli hledáte vhodné elektrospotřebiče za špičkové ceny, nesmí vám uniknout <b>Kuchyňský robot KitchenAid 5KSM125EAC 300 W 4,8 L</b> a další kousky z","Jestli hledáte vhodné elektrospotřebiče za špičkové ceny, nesmí vám uniknout <b>Kuchyňský robot KitchenAid 5KSM125EAC 300 W 4,8 L</b> a další kousky z širokého výběru kvalitních malých domácích elektrospotřebičů!<br><br><ul><li>Zásuvný produkt: Ano</li><li>Typ zástrčky: <ul><li>Zástrčka EU</li><li>Typ C</li></ul></li><li>Typ: Mixér</li><li>Materiál: Nerezová ocel</li><li>Vlastnosti: Různé rychlosti</li><li>Frekvence: 50 - 60 Hz</li><li>Obsahuje: <ul><li>Mísící metly</li><li>Kneading rods</li></u",Pop Pulse Emporium,,,,,842.9,2,NEW,41.3,40.6,27.3,11.5,45776.09,CZK,2,8,3
S7196405,9420024179338,cs-CZ,Sport e attività all'aperto,"Sonda Simrad 5 83/200 XDCR 5""","Zůstaňte ve formě a objevujte poslední novinky ze sportovního světa s největšími zárukami! Nakupte <b>Sonda Simrad 5 83/200 XDCR 5""</b> za nejlepší ce","Zůstaňte ve formě a objevujte poslední novinky ze sportovního světa s největšími zárukami! Nakupte <b>Sonda Simrad 5 83/200 XDCR 5""</b> za nejlepší cenu a užívejte si života plného zdraví!<br><br><p><b>Kombinace sondy XDCR Simrad Cruise 5 83/200</b> je pokročilé námořní zařízení navržené pro přesné a spolehlivé snímání mořského dna, ideální pro rybaření a rekreační plavbu. Tento přístroj obsahuje měnič pracující současně na dvou frekvencích <b>83 kHz a 200 kHz</b>, což umožňuje optimální univerz",Pop Pulse Emporium,https://cdnbigbuy.com/images/9420024179338_S7196405_P20.jpg,https://cdnbigbuy.com/images/9420024179338_S7196405_P50.jpg,https://cdnbigbuy.com/images/9420024179338_S7196405_P00.jpg,https://cdnbigbuy.com/images/9420024179338_S7196405_P10.jpg,812.84,2,NEW,24.8,19.4,20.0,1.84,9622.4,CZK,2,8,3
S0461728,8435089048209,cs-CZ,Sport e attività all'aperto,Hoverboard Smartgyro SG27-572,"Pokud hledáte nejnovější trendy na trhu, máme tu čest vám představit <b>Hoverboard Smartgyro SG27-572</b>!<br><br><ul><li>Typ: Hoverboard</li><li>Zásu","Pokud hledáte nejnovější trendy na trhu, máme tu čest vám představit <b>Hoverboard Smartgyro SG27-572</b>!<br><br><ul><li>Typ: Hoverboard</li><li>Zásuvný produkt: Ano</li><li>Důležité informace: Pokud značka nezaregistrovala skútr, majitel bude muset projít ITV nebo TÜV, aby získal „EBE“ nebo individuální povolení k provozu.</li></ul><br><br>Důležité informace: Pokud značka nezaregistrovala skútr, majitel bude muset projít ITV nebo TÜV, aby získal „EBE“ nebo individuální povolení k provozu..",Pop Pulse Emporium,https://cdnbigbuy.com/images/8435089048209_S5632052_P00.jpg,,,,1650.18,2,NEW,85.5,44.7,36.0,14.82,137586.6,CZK,2,8,3
S71015892,4059952506395,cs-CZ,Giardinaggio e fai da te,Šroubovací vrtačka BOSCH GSR 18V-28 + GDR 18V-160 18V,"Pokud při zařizování vašeho domova kladete důraz na všelijaké detaily a chcete být průběžně informován o nejnovějších produktech, které vám usnadní ži","Pokud při zařizování vašeho domova kladete důraz na všelijaké detaily a chcete být průběžně informován o nejnovějších produktech, které vám usnadní život, nakupujte <b>Šroubovací vrtačka BOSCH GSR 18V-28 + GDR 18V-160 18V</b> za tu nejlepší cenu.<br><br><p><b>GSR 18V-28 + GDR 18V-160</b> od BOSCH je profesionální <b>aku vrtačka-šroubovák</b> navržená pro náročné domácí kutily i intenzivní montážní práce na stavbě. Tento set obsahuje výkonnou <b>vrtačku-šroubovák</b> s <b>napětím 18V</b> a také <",Pop Pulse Emporium,https://cdnbigbuy.com/images/4059952506395_S71015892_P00.jpg,https://cdnbigbuy.com/images/4059952506395_S71015892_P20.jpg,https://cdnbigbuy.com/images/4059952506395_S71015892_P30.jpg,,832.48,1,NEW,44.0,36.0,14.0,7.16,22176.0,CZK,2,8,3
S7180320,8004399025356,cs-CZ,Casa e arredamento,Superautomatický kávovar DeLonghi ECAM220.21.B Černý,"Jestli hledáte vhodné elektrospotřebiče za špičkové ceny, nesmí vám uniknout <b>Superautomatický kávovar DeLonghi ECAM220.21.B Černý</b> a další kousk","Jestli hledáte vhodné elektrospotřebiče za špičkové ceny, nesmí vám uniknout <b>Superautomatický kávovar DeLonghi ECAM220.21.B Černý</b> a další kousky z širokého výběru kvalitních malých domácích elektrospotřebičů!<br><br><p><b>Superautomatický kávovar DeLonghi ECAM220.21.B</b> je zařízení navržené pro kvalitní domácí přípravu kávy, které kombinuje moderní design v <b>elegantní černé</b> barvě s pokročilými funkcemi. Jeho intuitivní digitální panel umožňuje jedním dotykem vybrat a připravit tři",Pop Pulse Emporium,,,,,762.04,23,NEW,51.0,30.4,41.0,11.64,63566.4,CZK,2,8,3
M1204694,4007140362223,cs-CZ,Giardinaggio e fai da te,Vrtací kladivo RUKO RSH 1300 3400 rpm 800 W,"Pokud při zařizování vašeho domova kladete důraz na všelijaké detaily a chcete být průběžně informován o nejnovějších produktech, které vám usnadní ži","Pokud při zařizování vašeho domova kladete důraz na všelijaké detaily a chcete být průběžně informován o nejnovějších produktech, které vám usnadní život, nakupujte <b>Vrtací kladivo RUKO RSH 1300 3400 rpm 800 W</b> za tu nejlepší cenu.<br><br><ul><li>Zásuvný produkt: Ano</li><li>Rychlost: 3400 rpm</li><li>Typ: Vrtací kladivo</li><li>Vlastnosti: <ul><li>Oboustranný</li><li>Ergonomická rukojeť</li></ul></li><li>Příkon: 800 W</li><li>Napětí: 220-240 V</li><li>Nápajecí Zdroj: Střídavý proud</li></u",Pop Pulse Emporium,https://cdnbigbuy.com/images/4007140362223_M1204694_P00.jpg,https://cdnbigbuy.com/images/4007140362223_M1204694_P10.jpg,https://cdnbigbuy.com/images/4007140362223_M1204694_P20.jpg,,1808.08,1,NEW,32.0,33.8,33.9,3.4,36666.24,CZK,2,8,3
S7109095,4059952565804,cs-CZ,Giardinaggio e fai da te,Úhlová bruska BOSCH 06019H6102 18 V 1500 W,"Pokud při zařizování vašeho domova kladete důraz na všelijaké detaily a chcete být průběžně informován o nejnovějších produktech, které vám usnadní ži","Pokud při zařizování vašeho domova kladete důraz na všelijaké detaily a chcete být průběžně informován o nejnovějších produktech, které vám usnadní život, nakupujte <b>Úhlová bruska BOSCH 06019H6102 18 V 1500 W</b> za tu nejlepší cenu.<br><br><ul><li>Zásuvný produkt: Ano</li><li>Typ zástrčky: Zástrčka EU</li><li>Napětí: 18 V</li><li>Barva: <ul><li>Černý</li><li>Modrý</li></ul></li><li>Materiál: Kov</li><li>Příkon: 1500 W</li><li>Nápajecí Zdroj: Baterie</li><li>Přibližný průměr: 125 mm</li><li>Mo",Pop Pulse Emporium,https://cdnbigbuy.com/images/4059952565804_S7109095_P01.jpg,https://cdnbigbuy.com/images/4059952565804_S7109095_P31.jpg,https://cdnbigbuy.com/images/4059952565804_I01.jpg,https://cdnbigbuy.com/images/4059952565804_R21.jpg,1059.14,2,NEW,44.2,34.0,13.6,7.58,20438.08,CZK,2,8,3
S0461531,5413184124557,cs-CZ,Casa e arredamento,"Kuchyňský robot KitchenAid 5KSM125ECU Stříbřitý 300 W 4,8 L","Jestli hledáte vhodné elektrospotřebiče za špičkové ceny, nesmí vám uniknout <b>Kuchyňský robot KitchenAid 5KSM125ECU Stříbřitý 300 W 4,8 L</b> a dalš","Jestli hledáte vhodné elektrospotřebiče za špičkové ceny, nesmí vám uniknout <b>Kuchyňský robot KitchenAid 5KSM125ECU Stříbřitý 300 W 4,8 L</b> a další kousky z širokého výběru kvalitních malých domácích elektrospotřebičů!<br><br><ul><li>Zásuvný produkt: Ano</li><li>Typ zástrčky: <ul><li>Zástrčka EU</li><li>Typ C</li></ul></li><li>Typ: Mixér</li><li>Materiál: Nerezová ocel</li><li>Vlastnosti: Různé rychlosti</li><li>Barva: Stříbřitý</li><li>Frekvence: 50 - 60 Hz</li><li>Obsahuje: <ul><li>Mísící ",Pop Pulse Emporium,,,,,849.1,2,NEW,41.3,40.6,27.3,11.5,45776.09,CZK,2,8,3
S8111291,8017709333881,cs-CZ,Casa e arredamento,Trouba Smeg COF01PGEU 2000 W 19 L,"Jestliže chcete renovovat svou kuchyň, kupte si <b>Trouba Smeg COF01PGEU 2000 W 19 L</b> a další <b>produkty Smeg</b>! Nejlepší kvalitu za nejlepší ce","Jestliže chcete renovovat svou kuchyň, kupte si <b>Trouba Smeg COF01PGEU 2000 W 19 L</b> a další <b>produkty Smeg</b>! Nejlepší kvalitu za nejlepší cenu máte na dosah!<br><br><ul><li>Typ trouby: Trouba</li><li>Zásuvný produkt: Ano</li><li>Barva: Zelená</li><li>Materiál: Plastické</li><li>Vlastnosti: <ul><li>Elektrický</li><li>Vestavěný displej</li><li>Snadný k čištění</li><li>Multifunkční</li><li>Jednoduché a pohodlné použití</li><li>Vestavěný</li></ul></li><li>Funkce: <ul><li>Hodinky</li><li>Ča",Pop Pulse Emporium,,,,,1087.6,1,NEW,50.0,51.0,40.0,41.0,102000.0,CZK,2,8,3
S0468423,4242003935279,cs-CZ,Casa e arredamento,Indukční Plotýnka Siemens AG EH631HEB1E 60 cm,"Pokud hledáte nejnovější trendy na trhu, máme tu čest vám představit <b>Indukční Plotýnka Siemens AG EH631HEB1E 60 cm</b>!<br><br><ul><li>Typ: <ul><li","Pokud hledáte nejnovější trendy na trhu, máme tu čest vám představit <b>Indukční Plotýnka Siemens AG EH631HEB1E 60 cm</b>!<br><br><ul><li>Typ: <ul><li>Indukční Plotýnka</li><li>Vestavěný</li></ul></li><li>Zásuvný produkt: Ano</li><li>Vlastnosti: <ul><li>Blokování pro děti</li><li>Dotykový knoflík</li></ul></li><li>Úrovně výkonu: 17</li><li>Barva: Černý</li><li>Šířka: 60 cm</li><li>Funkce: Časovač</li><li>Místo pro vaření: 4</li><li>Frekvence: 50 - 60 Hz</li><li>Typ ovládání: Dotykový</li><li>Nap",Pop Pulse Emporium,,,,,1011.86,2,NEW,60.0,75.0,13.0,13.5,58500.0,CZK,2,8,3
M1200549,4021176645198,cs-CZ,Giardinaggio e fai da te,Stahovák ložisek KUKKO 2 Nohy,"Pokud při zařizování vašeho domova kladete důraz na všelijaké detaily a chcete být průběžně informován o nejnovějších produktech, které vám usnadní ži","Pokud při zařizování vašeho domova kladete důraz na všelijaké detaily a chcete být průběžně informován o nejnovějších produktech, které vám usnadní život, nakupujte <b>Stahovák ložisek KUKKO 2 Nohy</b> za tu nejlepší cenu.<br><br><ul><li>Typ: <ul><li>Univerzální</li><li>Stahovák ložisek</li></ul></li><li>Nohy: 2 Nohy</li><li>Vlastnosti: <ul><li>rychlé nastavení</li><li>Klouzavé nohy</li></ul></li><li>Šířka: 250 mm</li><li>Rozsah: 200 mm</li></ul>",Pop Pulse Emporium,https://cdnbigbuy.com/images/4021176645198_M1200549_P00.jpg,https://cdnbigbuy.com/images/4021176645198_M1200549_P140.jpg,https://cdnbigbuy.com/images/4021176645198_M1200549_P100.jpg,https://cdnbigbuy.com/images/4021176645198_M1200549_P60.jpg,703.02,2,NEW,42.9,42.9,12.8,7.5,23557.25,CZK,2,8,3
S71002914,3661546406250,cs-CZ,Sport e attività all'aperto,Hoverboard Beeper FX55-10,Zůstaňte ve formě a objevujte poslední novinky ze sportovního světa s největšími zárukami! Nakupte <b>Hoverboard Beeper FX55-10</b> za nejlepší cenu a,"Zůstaňte ve formě a objevujte poslední novinky ze sportovního světa s největšími zárukami! Nakupte <b>Hoverboard Beeper FX55-10</b> za nejlepší cenu a užívejte si života plného zdraví!<br><br><ul><li>Barva: Černý</li><li>Příkon: 850 W</li><li>Rychlost: 25 km/h</li><li>Přibližná výdrž: 25 km</li><li>Kapacita baterie: 10 Ah</li><li>Typ: Hoverboard</li><li>Zásuvný produkt: Ano</li><li>Důležité informace: Pokud značka nezaregistrovala skútr, majitel bude muset projít ITV nebo TÜV, aby získal „EBE“ n",Pop Pulse Emporium,https://cdnbigbuy.com/images/3661546406250_S71002914_P00.jpg,https://cdnbigbuy.com/images/3661546406250_S71002914_P10.jpg,https://cdnbigbuy.com/images/3661546406250_S71002914_P20.jpg,,1597.22,2,NEW,116.0,22.0,57.0,24.0,145464.0,CZK,2,8,3
S8110482,8017709329860,cs-CZ,Casa e arredamento,Přístroj na espresso Smeg EGF03PGEU,"Jestli hledáte vhodné elektrospotřebiče za špičkové ceny, nesmí vám uniknout <b>Přístroj na espresso Smeg EGF03PGEU</b> a další kousky z širokého výbě","Jestli hledáte vhodné elektrospotřebiče za špičkové ceny, nesmí vám uniknout <b>Přístroj na espresso Smeg EGF03PGEU</b> a další kousky z širokého výběru kvalitních malých domácích elektrospotřebičů!<br><br><p><b>Italský kávovar</b> <b>Smeg</b> v <b>zelené</b> barvě kombinuje moderní design s praktickými materiály a nabízí konstrukci z <b>plastiku</b> navrženou pro snadné každodenní použití. Tento model vyniká <b>odnímatelnou nádržkou na vodu</b>, která umožňuje pohodlné doplňování a snadné čiště",Pop Pulse Emporium,,,,,1028.66,2,NEW,17.9,16.5,18.9,0.77,5582.11,CZK,2,8,3
S7189709,4059952569017,cs-CZ,Giardinaggio e fai da te,Úhlová bruska BOSCH GWX 18V-7 Professional 700 W 18 V (1 kusů),"Pokud při zařizování vašeho domova kladete důraz na všelijaké detaily a chcete být průběžně informován o nejnovějších produktech, které vám usnadní ži","Pokud při zařizování vašeho domova kladete důraz na všelijaké detaily a chcete být průběžně informován o nejnovějších produktech, které vám usnadní život, nakupujte <b>Úhlová bruska BOSCH GWX 18V-7 Professional 700 W 18 V (1 kusů)</b> za tu nejlepší cenu.<br><br><ul><li>Zásuvný produkt: Ano</li><li>Typ zástrčky: Zástrčka EU</li><li>Příkon: 700 W</li><li>Napětí: 18 V</li><li>Nápajecí Zdroj: Baterie</li><li>Přibližný průměr: 125 mm</li><li>Motor: Bez smetáčků</li><li>Barva: Černá/modrá</li><li>Obs",Pop Pulse Emporium,https://cdnbigbuy.com/images/4059952569017_S7189709_P01.jpg,https://cdnbigbuy.com/images/4059952569017_S7189709_P31.jpg,https://cdnbigbuy.com/images/4059952569017_S7189709_P11.jpg,https://cdnbigbuy.com/images/4059952569017_S7189709_P21.jpg,691.9,1,NEW,35.9,44.3,15.2,5.84,24173.62,CZK,2,8,3
S0447882,8434778021097,cs-CZ,Casa e arredamento,Vinotéka Teka RVU10020 Černý,"Pokud při zařizování vašeho domova kladete důraz na všelijaké detaily a chcete být průběžně informován o nejnovějších produktech, které vám usnadní ži","Pokud při zařizování vašeho domova kladete důraz na všelijaké detaily a chcete být průběžně informován o nejnovějších produktech, které vám usnadní život, nakupujte <b>Vinotéka Teka RVU10020 Černý</b> za tu nejlepší cenu.<br><br><ul><li>Barva: Černý</li><li>Šířka: 30 cm</li><li>Energetická klasifikace: F</li><li>Směr otevírání: Vpravo</li><li>Frekvence: 50 Hz</li><li>Obsahuje: Plátno</li><li>Napětí: 220-240 V</li><li>Vysoký: 82 cm</li><li>Hlučnost: 39 dB</li><li>Kapacita: <ul><li>20 lahví</li><l",Pop Pulse Emporium,,,,,670.02,5,NEW,17.0,74.9,18.4,12.7,23428.72,CZK,2,8,3
S0244418,2504032510172,cs-CZ,Giardinaggio e fai da te,Chytrý video nosič Fanvil i68 Šedý,"Pokud při zařizování vašeho domova kladete důraz na všelijaké detaily a chcete být průběžně informován o nejnovějších produktech, které vám usnadní ži","Pokud při zařizování vašeho domova kladete důraz na všelijaké detaily a chcete být průběžně informován o nejnovějších produktech, které vám usnadní život, nakupujte <b>Chytrý video nosič Fanvil i68 Šedý</b> za tu nejlepší cenu.<br><br><p><b>Fanvil i68</b> je inovativní <b>chytrý videovrátný</b> navržený pro pokročilou a bezpečnou kontrolu přístupu v rezidenčních i komerčních prostorách. Zařízení nabízí více metod odemykání, včetně <b>rozpoznání obličeje</b>, IC/ID karet, PIN kódu, QR kódu, DTMF ",Pop Pulse Emporium,https://cdnbigbuy.com/images/2504032510172_S0244418_P00.jpg,https://cdnbigbuy.com/images/2504032510172_S0244418_P10.jpg,https://cdnbigbuy.com/images/2504032510172_S0244418_P20.jpg,,674.22,5,NEW,12.0,2.0,27.0,0.5,648.0,CZK,2,8,3
S71013677,3700192311973,cs-CZ,Articoli da cucina e per la casa,Localizador Antipérdida Num'Axes Černý,"Pokud hledáte nejnovější trendy na trhu, máme tu čest vám představit <b>Localizador Antipérdida Num'Axes Černý</b>!<br><br><ul><li>Barva: Černý</li></","Pokud hledáte nejnovější trendy na trhu, máme tu čest vám představit <b>Localizador Antipérdida Num'Axes Černý</b>!<br><br><ul><li>Barva: Černý</li></ul>",Pop Pulse Emporium,https://cdnbigbuy.com/images/3700192311973_S71013677_P00.jpg,https://cdnbigbuy.com/images/3700192311973_S71013677_P10.jpg,https://cdnbigbuy.com/images/3700192311973_S71013677_P20.jpg,,772.98,20,NEW,8.7,13.1,3.5,1.42,398.89,CZK,2,8,3
S7175451,4059952567310,cs-CZ,Giardinaggio e fai da te,Set vrtačky a doplňků BOSCH GBH 18V-36 C Professional 18 V,"Pokud při zařizování vašeho domova kladete důraz na všelijaké detaily a chcete být průběžně informován o nejnovějších produktech, které vám usnadní ži","Pokud při zařizování vašeho domova kladete důraz na všelijaké detaily a chcete být průběžně informován o nejnovějších produktech, které vám usnadní život, nakupujte <b>Set vrtačky a doplňků BOSCH GBH 18V-36 C Professional 18 V</b> za tu nejlepší cenu.<br><br><ul><li>Barva: <ul><li>Černý</li><li>Modrý</li></ul></li><li>Vlastnosti: <ul><li>LED Světlý</li><li>Dvojitá rukojeť</li></ul></li><li>Napětí: 18 V</li><li>Nápajecí Zdroj: <ul><li>Baterie</li><li>Dobíjecí baterie</li></ul></li><li>Motor: Bez ",Pop Pulse Emporium,https://cdnbigbuy.com/images/4059952567310_S7175451_P00.jpg,https://cdnbigbuy.com/images/4059952567310_S7175451_P50.jpg,,,1580.16,2,NEW,61.0,40.0,14.0,11.6,34160.0,CZK,2,8,3
S0407698,8422248059190,cs-CZ,Casa e arredamento,Indukční Plotýnka Cata 08026002 60 cm 7400 W,"Jestliže chcete renovovat svou kuchyň, kupte si <b>Indukční Plotýnka Cata 08026002 60 cm 7400 W</b> a další <b>produkty Cata</b>! Nejlepší kvalitu za ","Jestliže chcete renovovat svou kuchyň, kupte si <b>Indukční Plotýnka Cata 08026002 60 cm 7400 W</b> a další <b>produkty Cata</b>! Nejlepší kvalitu za nejlepší cenu máte na dosah!<br><br><ul><li>Přibližné rozměry: 60 cm</li><li>Příkon: <ul><li>7400 W</li><li>2100 W</li></ul></li><li>Nápajecí Zdroj: <ul><li>Světlý</li><li>Elektrická</li><li>Elektrický kabel</li></ul></li><li>Místo pro vaření: 4</li><li>Časovač: Ano</li><li>Typ: <ul><li>Indukční Plotýnka</li><li>Vestavěný</li></ul></li><li>Šířka: <",Pop Pulse Emporium,,,,,1097.44,2,NEW,69.0,68.0,19.0,15.0,89148.0,CZK,2,8,3
S0461729,8435089040937,cs-CZ,Sport e attività all'aperto,Hoverboard Smartgyro SG27-554,"Pokud hledáte nejnovější trendy na trhu, máme tu čest vám představit <b>Hoverboard Smartgyro SG27-554</b>!<br><br><ul><li>Typ: Hoverboard</li><li>Zásu","Pokud hledáte nejnovější trendy na trhu, máme tu čest vám představit <b>Hoverboard Smartgyro SG27-554</b>!<br><br><ul><li>Typ: Hoverboard</li><li>Zásuvný produkt: Ano</li><li>Důležité informace: Pokud značka nezaregistrovala skútr, majitel bude muset projít ITV nebo TÜV, aby získal „EBE“ nebo individuální povolení k provozu.</li></ul>",Pop Pulse Emporium,https://cdnbigbuy.com/images/8435089040937_S0461729_P00.jpg,,,,1865.76,1,NEW,85.5,44.7,36.0,14.82,137586.6,CZK,2,8,3
M1205335,9002719029984,cs-CZ,Giardinaggio e fai da te,Laserová vodováha s čarami SOLA Qubo Pro,"Pokud při zařizování vašeho domova kladete důraz na všelijaké detaily a chcete být průběžně informován o nejnovějších produktech, které vám usnadní ži","Pokud při zařizování vašeho domova kladete důraz na všelijaké detaily a chcete být průběžně informován o nejnovějších produktech, které vám usnadní život, nakupujte <b>Laserová vodováha s čarami SOLA Qubo Pro</b> za tu nejlepší cenu.<br><br><ul><li>Typ: Laserová vodováha s čarami</li><li>Rozsah: 80 m</li><li>Barva: Oranžový</li><li>Typ baterie: AA</li><li>Přibližná výdrž: <ul><li>11 hodin</li><li>36 hodin</li></ul></li><li>Velikost závitu: 1/4""</li><li>Přesnost: <ul><li>±0,4-30 M/MM</li><li>±0,3",Pop Pulse Emporium,https://cdnbigbuy.com/images/9002719029984_M1205335_P00.jpg,https://cdnbigbuy.com/images/9002719029984_M1205335_P30.jpg,https://cdnbigbuy.com/images/9002719029984_M1205335_P70.jpg,https://cdnbigbuy.com/images/9002719029984_M1205335_P40.jpg,727.18,1,NEW,23.0,27.0,28.0,0.85,17388.0,CZK,2,8,3
S7187756,3701085205539,cs-CZ,Giardinaggio e fai da te,Fotobuňka SCS SENTINEL Opengate 2 24 V,"Pokud při zařizování vašeho domova kladete důraz na všelijaké detaily a chcete být průběžně informován o nejnovějších produktech, které vám usnadní ži","Pokud při zařizování vašeho domova kladete důraz na všelijaké detaily a chcete být průběžně informován o nejnovějších produktech, které vám usnadní život, nakupujte <b>Fotobuňka SCS SENTINEL Opengate 2 24 V</b> za tu nejlepší cenu.<br><br><ul><li>Typ: Fotobuňka</li><li>Napětí: 24 V</li><li>Vlastnosti: Ovladač</li></ul>",Pop Pulse Emporium,https://cdnbigbuy.com/images/3701085205539_S7187756_P01.jpg,https://cdnbigbuy.com/images/3701085205539_S7187756_P41.jpg,https://cdnbigbuy.com/images/3701085205539_S7187756_P51.jpg,https://cdnbigbuy.com/images/3701085205539_S7187756_P11.jpg,1064.36,4,NEW,45.0,32.0,32.0,19.58,46080.0,CZK,2,8,3
S71022627,5400338128646,cs-CZ,Giardinaggio e fai da te,Sada pro malé stavitele Powerplus (5 kusů),"Pokud při zařizování vašeho domova kladete důraz na všelijaké detaily a chcete být průběžně informován o nejnovějších produktech, které vám usnadní ži","Pokud při zařizování vašeho domova kladete důraz na všelijaké detaily a chcete být průběžně informován o nejnovějších produktech, které vám usnadní život, nakupujte <b>Sada pro malé stavitele Powerplus (5 kusů)</b> za tu nejlepší cenu.<br><br><ul><li>Zásuvný produkt: Ano</li><li>Obsahuje: 5</li><li>Typ zástrčky: Zástrčka EU</li><li>Barva: Oranžový</li><li>Materiál: <ul><li>Kov</li><li>Plastické</li></ul></li><li>Kusů: 5 kusů</li></ul>",Pop Pulse Emporium,https://cdnbigbuy.com/images/5400338128646_S71022627_P00.jpg,https://cdnbigbuy.com/images/5400338128646_S71022627_P30.jpg,https://cdnbigbuy.com/images/5400338128646_S71022627_P40.jpg,https://cdnbigbuy.com/images/5400338128646_S71022627_P10.jpg,687.18,5,NEW,41.0,60.0,42.0,15.45,103320.0,CZK,2,8,3
S71003062,4067393016595,cs-CZ,Giardinaggio e fai da te,Sprchový sloup Grohe Vitalio Start System 250 Černý ABS 11 X 114 X 38 CM,"Pokud při zařizování vašeho domova kladete důraz na všelijaké detaily a chcete být průběžně informován o nejnovějších produktech, které vám usnadní ži","Pokud při zařizování vašeho domova kladete důraz na všelijaké detaily a chcete být průběžně informován o nejnovějších produktech, které vám usnadní život, nakupujte <b>Sprchový sloup Grohe Vitalio Start System 250 Černý ABS 11 X 114 X 38 CM</b> za tu nejlepší cenu.<br><br><p><b>Sprchový sloup Vitalio Start System 250</b> od <b>Grohe</b> je systém určený pro montáž na zeď, který kombinuje funkčnost a efektivitu v kompaktním a elegantním provedení. Vyroben z <b>ABS</b>, odolného a lehkého materiál",Pop Pulse Emporium,https://cdnbigbuy.com/images/4067393016595_S71003062_P00.jpg,https://cdnbigbuy.com/images/4067393016595_S71003062_P10.jpg,https://cdnbigbuy.com/images/4067393016595_S71003062_P20.jpg,https://cdnbigbuy.com/images/4067393016595_S71003062_P30.jpg,808.98,16,NEW,37.4,11.0,114.0,6.46,46899.6,CZK,2,8,3
S0467496,8422248350105,cs-CZ,Casa e arredamento,Indukční Plotýnka Nodor IHN6286BK 7100 W,"Pokud hledáte nejnovější trendy na trhu, máme tu čest vám představit <b>Indukční Plotýnka Nodor IHN6286BK 7100 W</b>!<br><br><ul><li>Typ: Indukční Plo","Pokud hledáte nejnovější trendy na trhu, máme tu čest vám představit <b>Indukční Plotýnka Nodor IHN6286BK 7100 W</b>!<br><br><ul><li>Typ: Indukční Plotýnka</li><li>Zásuvný produkt: Ano</li><li>Typ zástrčky: Zástrčka EU</li><li>Vlastnosti: Dotykový knoflík</li><li>Příkon: 7100 W</li><li>Místo pro vaření: 3</li><li>Barva: Černý</li><li>Dokončení: Matný</li><li>Nápajecí Zdroj: Elektrická</li><li>Úrovně výkonu: 9</li><li>Obsahuje: Manuál</li><li>Ovládání: Dotykový</li><li>Typ instalace: Vestavitelný",Pop Pulse Emporium,,,,,652.6,1,NEW,33.4,49.5,27.5,6.95,45465.75,CZK,2,8,3
S0415373,5025232817672,cs-CZ,Casa e arredamento,Mikrovlnná Trouba s Grilem Panasonic NN-CD575MEPG 1000 W 27 L Stříbřitý,"Jestli hledáte vhodné elektrospotřebiče za špičkové ceny, nesmí vám uniknout <b>Mikrovlnná Trouba s Grilem Panasonic NN-CD575MEPG 1000 W 27 L Stříbřit","Jestli hledáte vhodné elektrospotřebiče za špičkové ceny, nesmí vám uniknout <b>Mikrovlnná Trouba s Grilem Panasonic NN-CD575MEPG 1000 W 27 L Stříbřitý</b> a další kousky z širokého výběru kvalitních malých domácích elektrospotřebičů!<br><br><p><b>Mikrovlnná trouba s grilem Panasonic NN-CD575MEPG</b> je praktické a efektivní řešení pro ty, kteří hledají všestrannost v kuchyni díky <b>výkonu 1000 W</b>, který zajišťuje rychlé a rovnoměrné ohřívání. S <b>vnitřní kapacitou 27 litrů</b> nabízí dosta",Pop Pulse Emporium,,,,,628.32,1,NEW,57.5,47.0,35.0,18.08,94587.5,CZK,2,8,3
S2433923,8436039866461,cs-CZ,Sport e attività all'aperto,Surfovací prkno 480 x 155 x 20 cm,"Pokud přemýšlíte o obnově šatníku, <b>Surfovací prkno 480 x 155 x 20 cm</b> je vám k dispozici, stejně jako jiné produkty <b></b>! Nejlepší kvalitu za","Pokud přemýšlíte o obnově šatníku, <b>Surfovací prkno 480 x 155 x 20 cm</b> je vám k dispozici, stejně jako jiné produkty <b></b>! Nejlepší kvalitu za nejlepší cenu máte na dosah ruky!<br><br><p><b>Big Sup Kohala</b> od značky <b>BigBuy Fun</b> je <b>paddle surf board</b> navržený pro stabilitu a pohodlí při paddle surfingu, ideální pro začátečníky i zkušené uživatele. S rozměry <b>480 cm na délku, 155 cm na šířku a 20 cm na tloušťku</b> nabízí tato deska výbornou rovnováhu na vodě, usnadňuje ko",Pop Pulse Emporium,https://cdnbigbuy.com/images/8436039866461_S2433923_P00.jpg,https://cdnbigbuy.com/images/8436039866461_S2433923_P20.jpg,https://cdnbigbuy.com/images/8436039866461_S2433923_P10.jpg,,2835.52,2,NEW,28.0,38.6,35.4,40.0,38260.32,CZK,2,8,3
S8111286,8017709346973,cs-CZ,Casa e arredamento,Ruční přístroj na espresso Smeg EMC02EGMEU Zelená 1350 W 1 L,"Jestli hledáte vhodné elektrospotřebiče za špičkové ceny, nesmí vám uniknout <b>Ruční přístroj na espresso Smeg EMC02EGMEU Zelená 1350 W 1 L</b> a dal","Jestli hledáte vhodné elektrospotřebiče za špičkové ceny, nesmí vám uniknout <b>Ruční přístroj na espresso Smeg EMC02EGMEU Zelená 1350 W 1 L</b> a další kousky z širokého výběru kvalitních malých domácích elektrospotřebičů!<br><br><p><b>Espresso kávovar s pákou EMC02EGMEU</b> značky <b>Smeg</b> kombinuje elegantní a funkční design v <b>zeleném</b> provedení, které dodá kuchyni osobitý vzhled. Tento model je navržen pro přípravu až <b>2 šálků</b> současně, ideální pro domácnosti nebo malé kancelá",Pop Pulse Emporium,,,,,1774.46,2,NEW,34.2,33.2,34.3,5.48,38945.59,CZK,2,8,3
S71023533,4006508228034,cs-CZ,Casa e arredamento,"Superautomatický kávovar Melitta F630-111 Šedý 1450 W 15 bar 1,8 L","Jestli hledáte vhodné elektrospotřebiče za špičkové ceny, nesmí vám uniknout <b>Superautomatický kávovar Melitta F630-111 Šedý 1450 W 15 bar 1,8 L</b>","Jestli hledáte vhodné elektrospotřebiče za špičkové ceny, nesmí vám uniknout <b>Superautomatický kávovar Melitta F630-111 Šedý 1450 W 15 bar 1,8 L</b> a další kousky z širokého výběru kvalitních malých domácích elektrospotřebičů!<br><br><p><b>Superautomatický kávovar Melitta F630-111</b> je espresso stroj, který vyniká moderním a robustním designem v <b>šedém a stříbrném</b> provedení, elegantně zapadne do každé kuchyně. Tento kávovar má <b>integrovaný mlýnek</b>, který umožňuje umlít až <b>135 ",Pop Pulse Emporium,,,,,1246.86,2,NEW,42.0,39.0,21.0,11.34,34398.0,CZK,2,8,3
S71013314,3700151442687,cs-CZ,Giardinaggio e fai da te,Kryt bazénu Ubbink,"Pokud hledáte nejnovější trendy na trhu, máme tu čest vám představit <b>Kryt bazénu Ubbink</b>!<br><br><ul><li>Typ: Přikrývka</li></ul>","Pokud hledáte nejnovější trendy na trhu, máme tu čest vám představit <b>Kryt bazénu Ubbink</b>!<br><br><ul><li>Typ: Přikrývka</li></ul>",Pop Pulse Emporium,https://cdnbigbuy.com/images/3700151442687_S71013314_P00.jpg,https://cdnbigbuy.com/images/3700151442687_S71013314_P10.jpg,https://cdnbigbuy.com/images/3700151442687_S71013314_P20.jpg,https://cdnbigbuy.com/images/3700151442687_S71013314_P30.jpg,864.78,2,NEW,22.0,59.0,50.0,18.05,64900.0,CZK,2,8,3
S71013482,3701122125080,cs-CZ,Sport e attività all'aperto,Hoverboard Dualtron DOLPHIN Černý 25 km/h 600 W,"Pokud hledáte nejnovější trendy na trhu, máme tu čest vám představit <b>Hoverboard Dualtron DOLPHIN Černý 25 km/h 600 W</b>!<br><br><ul><li>Typ: Hover","Pokud hledáte nejnovější trendy na trhu, máme tu čest vám představit <b>Hoverboard Dualtron DOLPHIN Černý 25 km/h 600 W</b>!<br><br><ul><li>Typ: Hoverboard</li><li>Zásuvný produkt: Ano</li><li>Důležité informace: Pokud značka nezaregistrovala skútr, majitel bude muset projít ITV nebo TÜV, aby získal „EBE“ nebo individuální povolení k provozu.</li><li>Typ zástrčky: Zástrčka EU</li><li>Barva: Černý</li><li>Rychlost: 25 km/h</li><li>Příkon: 600 W</li><li>Doporučený věk: + 16 roků</li><li>Přibližná ",Pop Pulse Emporium,https://cdnbigbuy.com/images/3701122125080_S71013482_P00.jpg,https://cdnbigbuy.com/images/3701122125080_S71013482_P40.jpg,https://cdnbigbuy.com/images/3701122125080_S71013482_P50.jpg,https://cdnbigbuy.com/images/3701122125080_S71013482_P10.jpg,1176.26,4,NEW,85.5,44.7,36.0,14.82,137586.6,CZK,2,8,3
S0459958,4242006308483,cs-CZ,Casa e arredamento,Indukční Plotýnka Balay 3EB977LH 7400 W,"Jestliže chcete renovovat svou kuchyň, kupte si <b>Indukční Plotýnka Balay 3EB977LH 7400 W</b> a další <b>produkty Balay</b>! Nejlepší kvalitu za nejl","Jestliže chcete renovovat svou kuchyň, kupte si <b>Indukční Plotýnka Balay 3EB977LH 7400 W</b> a další <b>produkty Balay</b>! Nejlepší kvalitu za nejlepší cenu máte na dosah!<br><br><ul><li>Typ: Indukční Plotýnka</li><li>Zásuvný produkt: Ano</li><li>Typ zástrčky: Zástrčka EU</li><li>Vlastnosti: <ul><li>Časovač</li><li>Blokování pro děti</li><li>Dotykový knoflík</li></ul></li><li>Typ instalace: Integrační</li><li>Příkon: 7400 W</li><li>Místo pro vaření: 3</li><li>Vestavěný displej: Č.</li></ul>",Pop Pulse Emporium,,,,,909.46,9,NEW,33.4,49.5,27.5,6.95,45465.75,CZK,2,8,3
S7172648,8003437859281,cs-CZ,Casa e arredamento,Mikrovlnnou Troubu Whirlpool Corporation JT 469 WH Bílý,"Jestli hledáte vhodné elektrospotřebiče za špičkové ceny, nesmí vám uniknout <b>Mikrovlnnou Troubu Whirlpool Corporation JT 469 WH Bílý</b> a další ko","Jestli hledáte vhodné elektrospotřebiče za špičkové ceny, nesmí vám uniknout <b>Mikrovlnnou Troubu Whirlpool Corporation JT 469 WH Bílý</b> a další kousky z širokého výběru kvalitních malých domácích elektrospotřebičů!<br><br><ul><li>Barva: Bílý</li><li>Materiál: Nerezová ocel</li><li>Vlastnosti: <ul><li>Odnímatelný</li><li>8 úrovně</li><li>Časovač</li><li>Blokování pro děti</li><li>Vestavěný displej</li></ul></li><li>Zásuvný produkt: Ano</li><li>Typ zástrčky: Zástrčka EU</li><li>Typ: <ul><li>el",Pop Pulse Emporium,,,,,664.58,23,NEW,58.0,56.5,44.0,29.95,144188.0,CZK,2,8,3
S71016424,6941545618371,cs-CZ,Casa e arredamento,Chytrý robotický vysavač Ezviz,"Pokud při zařizování vašeho domova kladete důraz na všelijaké detaily a chcete být průběžně informován o nejnovějších produktech, které vám usnadní ži","Pokud při zařizování vašeho domova kladete důraz na všelijaké detaily a chcete být průběžně informován o nejnovějších produktech, které vám usnadní život, nakupujte <b>Chytrý robotický vysavač Ezviz</b> za tu nejlepší cenu.<br><br><ul><li>Typ: Robotický vysavač</li><li>Typ zástrčky: Zástrčka EU</li><li>Zásuvný produkt: Ano</li><li>Kapacita: <ul><li>150 ml</li><li>400 ml</li></ul></li><li>Přibližná hmotnost: 4,6 Kg</li><li>Přibližné rozměry: 36,5 x 41,5 x 36,5 cm</li><li>Vlastnosti: <ul><li>Bez t",Pop Pulse Emporium,,,,,1252.06,2,NEW,48.5,54.5,48.0,21.13,126876.0,CZK,2,8,3
S71018349,6970135035090,cs-CZ,Casa e arredamento,Robotický vysavač ECOVACS,"Pokud hledáte nejnovější trendy na trhu, máme tu čest vám představit <b>Robotický vysavač ECOVACS</b>!<br><br><p><b>ECOVACS DEEBOT N20 COMBO</b> je po","Pokud hledáte nejnovější trendy na trhu, máme tu čest vám představit <b>Robotický vysavač ECOVACS</b>!<br><br><p><b>ECOVACS DEEBOT N20 COMBO</b> je pokročilý <b>robotický vysavač</b> a mop v <b>bílé</b> barvě, který využívá technologii dvojího automatického vysypávání přes svou nabíjecí stanici, což usnadňuje hygienickou a pohodlnou údržbu. Vyniká silným sacím výkonem <b>10 kPa</b>, schopným efektivně sbírat prach, nečistoty a chlupy na různých typech povrchů, přizpůsobuje se tvrdým podlahám i n",Pop Pulse Emporium,,,,,653.32,25,NEW,62.0,57.0,35.0,16.77,123690.0,CZK,2,8,3
S7107060,4006508210220,cs-CZ,Casa e arredamento,"Superautomatický kávovar Melitta F530-102 Černý 1450 W 1,2 L","Jestli hledáte vhodné elektrospotřebiče za špičkové ceny, nesmí vám uniknout <b>Superautomatický kávovar Melitta F530-102 Černý 1450 W 1,2 L</b> a dal","Jestli hledáte vhodné elektrospotřebiče za špičkové ceny, nesmí vám uniknout <b>Superautomatický kávovar Melitta F530-102 Černý 1450 W 1,2 L</b> a další kousky z širokého výběru kvalitních malých domácích elektrospotřebičů!<br><br><ul><li>Barva: Černý</li><li>Kapacita: 1,2 L</li><li>Příkon: 1450 W</li><li>Vlastnosti: <ul><li>Nastavitelná intenzita</li><li>Automatické</li><li>Kontrola knoflíky</li></ul></li><li>Typ: <ul><li>Elektrický kávovar</li><li>Superautomatický kávovar</li></ul></li><li>Zás",Pop Pulse Emporium,,,,,756.96,5,NEW,44.5,39.5,58.0,10.64,101949.5,CZK,2,8,3
S71024076,4053423303261,cs-CZ,Giardinaggio e fai da te,Laserová vodováha Openfield,"Pokud hledáte nejnovější trendy na trhu, máme tu čest vám představit <b>Laserová vodováha Openfield</b>!<br><br><p>Profesionální <b>laserová vodováha<","Pokud hledáte nejnovější trendy na trhu, máme tu čest vám představit <b>Laserová vodováha Openfield</b>!<br><br><p>Profesionální <b>laserová vodováha</b> značky Openfield je přesný a univerzální nástroj pro vyrovnávání a nivelaci na stavbách. Vyznačuje se vysíláním laserových čar ve <b>dvou barvách: modré a zelené</b>, což zlepšuje viditelnost za různých světelných podmínek a na různých površích. Tato dvojitá funkce umožňuje lepší přizpůsobení specifickým potřebám v projektech stavebnictví, inst",Pop Pulse Emporium,https://cdnbigbuy.com/images/4053423303261_S71024076_P00.jpg,https://cdnbigbuy.com/images/4053423303261_S71024076_P50.jpg,https://cdnbigbuy.com/images/4053423303261_R40.jpg,https://cdnbigbuy.com/images/4053423303261_R00.jpg,813.88,2,NEW,21.0,19.0,13.0,1.72,5187.0,CZK,2,8,3
S71023212,6978515252761,cs-CZ,Casa e arredamento,Tyčový vysavač Dreame H15 Pro FoamWash,"Jestli hledáte vhodné elektrospotřebiče za špičkové ceny, nesmí vám uniknout <b>Tyčový vysavač Dreame H15 Pro FoamWash</b> a další kousky z širokého v","Jestli hledáte vhodné elektrospotřebiče za špičkové ceny, nesmí vám uniknout <b>Tyčový vysavač Dreame H15 Pro FoamWash</b> a další kousky z širokého výběru kvalitních malých domácích elektrospotřebičů!<br><br><ul><li>Barva: Černý</li><li>Vlastnosti: <ul><li>Bez kabelů</li><li>Bezdrátová</li><li>Kroviny, vysávání a zametání</li></ul></li><li>Kapacita: 800 ml</li><li>Sání: 23 kPa</li><li>Nápajecí Zdroj: Dobíjecí baterie</li><li>Přibližná výdrž: 60 minut</li></ul>",Pop Pulse Emporium,,,,,1216.36,25,NEW,78.0,37.0,35.0,12.77,101010.0,CZK,2,8,3
M1200807,4021176020551,cs-CZ,Giardinaggio e fai da te,Hydraulický dělič matic KUKKO,"Pokud při zařizování vašeho domova kladete důraz na všelijaké detaily a chcete být průběžně informován o nejnovějších produktech, které vám usnadní ži","Pokud při zařizování vašeho domova kladete důraz na všelijaké detaily a chcete být průběžně informován o nejnovějších produktech, které vám usnadní život, nakupujte <b>Hydraulický dělič matic KUKKO</b> za tu nejlepší cenu.<br><br><ul><li>Typ: Hydraulický dělič matic</li></ul>",Pop Pulse Emporium,https://cdnbigbuy.com/images/4021176020551_M1200807_P00.jpg,https://cdnbigbuy.com/images/4021176020551_M1200807_P20.jpg,https://cdnbigbuy.com/images/4021176020551_M1200807_P30.jpg,https://cdnbigbuy.com/images/4021176020551_M1200807_P10.jpg,732.3,10,NEW,33.3,7.3,4.5,2.87,1093.9,CZK,2,8,3
S55065344,4713213516317,cs-CZ,Giardinaggio e fai da te,Síťová Karta Qnap QXP-16G2FC,"Pokud se zajímáte o <b>počítače a elektronika</b>, rádi máte doma moderní vybavení a hlídáte si každý detail, kupte si <b>Síťová Karta Qnap QXP-16G2FC","Pokud se zajímáte o <b>počítače a elektronika</b>, rádi máte doma moderní vybavení a hlídáte si každý detail, kupte si <b>Síťová Karta Qnap QXP-16G2FC</b> za nejlepší ceny.<br><br><ul><li>Typ: <ul><li>Drátový</li><li>Síťová Karta</li></ul></li><li>Doporučené použití: PC</li><li>Nápajecí Zdroj: Drátový</li><li>Váha: 280 g</li><li>Teplota přibližně: - 20ºC / 70°C</li><li>Kompatibilní: PC/Server</li></ul>",Pop Pulse Emporium,https://cdnbigbuy.com/images/4713213516317_S7798170_P00.jpg,https://cdnbigbuy.com/images/4713213516317_R20.jpg,https://cdnbigbuy.com/images/4713213516317_S7798170_P10.jpg,https://cdnbigbuy.com/images/4713213516317_S55065344_P20.jpg,1610.0,1,NEW,18.0,14.0,5.0,0.27,1260.0,CZK,2,8,3
M1205746,4021176019999,cs-CZ,Giardinaggio e fai da te,Stahovák ložisek KUKKO,"Pokud při zařizování vašeho domova kladete důraz na všelijaké detaily a chcete být průběžně informován o nejnovějších produktech, které vám usnadní ži","Pokud při zařizování vašeho domova kladete důraz na všelijaké detaily a chcete být průběžně informován o nejnovějších produktech, které vám usnadní život, nakupujte <b>Stahovák ložisek KUKKO</b> za tu nejlepší cenu.<br><br><ul><li>Typ: Stahovák ložisek</li></ul>",Pop Pulse Emporium,https://cdnbigbuy.com/images/4021176019999_M1205746_P00.jpg,https://cdnbigbuy.com/images/4021176019999_M1205746_P20.jpg,https://cdnbigbuy.com/images/4021176019999_M1205746_P30.jpg,https://cdnbigbuy.com/images/4021176019999_M1205746_P10.jpg,2636.98,1,NEW,47.4,40.2,15.8,7.12,30106.58,CZK,2,8,3
S0464074,6932554403805,cs-CZ,Sport e attività all'aperto,Hoverboard Xiaomi BHR9613ES,"Pokud hledáte nejnovější trendy na trhu, máme tu čest vám představit <b>Hoverboard Xiaomi BHR9613ES</b>!<br><br><p><b>Xiaomi Electric Scooter 5 Pro</b","Pokud hledáte nejnovější trendy na trhu, máme tu čest vám představit <b>Hoverboard Xiaomi BHR9613ES</b>!<br><br><p><b>Xiaomi Electric Scooter 5 Pro</b> je <b>elektrická koloběžka</b> navržená pro efektivní, pohodlný a bezpečný městský pohyb. Tento model v elegantní <b>černé barvě</b> má robustní <b>ocelový rám</b>, který zajišťuje odolnost a stabilitu i při náročnějších jízdách. Díky <b>motoru o výkonu 400 W</b> dosahuje <b>maximální rychlosti 25 km/h</b>, což je povolený limit na městských komu",Pop Pulse Emporium,https://cdnbigbuy.com/images/6932554403805_S9917994_P00.jpg,,,,664.8,50,NEW,85.5,44.7,36.0,14.82,137586.6,CZK,2,8,3
S7189726,4059952648415,cs-CZ,Giardinaggio e fai da te,Kotoučová pila BOSCH GKS 18V-57-2 18 V,"Pokud při zařizování vašeho domova kladete důraz na všelijaké detaily a chcete být průběžně informován o nejnovějších produktech, které vám usnadní ži","Pokud při zařizování vašeho domova kladete důraz na všelijaké detaily a chcete být průběžně informován o nejnovějších produktech, které vám usnadní život, nakupujte <b>Kotoučová pila BOSCH GKS 18V-57-2 18 V</b> za tu nejlepší cenu.<br><br><ul><li>Napětí: 18 V</li><li>Barva: Vícebarevný</li><li>Šířka: 30 cm</li><li>Nápajecí Zdroj: Baterie</li><li>Motor: Bez smetáčků</li><li>Vlastnosti: Bezpečnostní zámek</li><li>Rychlost: 5000 rpm</li><li>Obsahuje: LED Světlý</li></ul>",Pop Pulse Emporium,https://cdnbigbuy.com/images/4059952648415_S7189726_P01.jpg,,,,1045.74,2,NEW,43.6,32.4,23.8,8.63,33620.83,CZK,2,8,3
S71008718,5056446110679,cs-CZ,Sport e attività all'aperto,Markýza Kampa Šedý polialgodon,Zůstaňte ve formě a objevujte poslední novinky ze sportovního světa s největšími zárukami! Nakupte <b>Markýza Kampa Šedý polialgodon</b> za nejlepší c,Zůstaňte ve formě a objevujte poslední novinky ze sportovního světa s největšími zárukami! Nakupte <b>Markýza Kampa Šedý polialgodon</b> za nejlepší cenu a užívejte si života plného zdraví!<br><br><ul><li>Doporučené použití: Kempování</li><li>Barva: Šedý</li><li>Materiál: <ul><li>polialgodon</li><li>Polyester</li></ul></li></ul>,Pop Pulse Emporium,https://cdnbigbuy.com/images/5056446110679_S71008718_P00.jpg,https://cdnbigbuy.com/images/5056446110679_S71008718_P40.jpg,https://cdnbigbuy.com/images/5056446110679_S71008718_P50.jpg,https://cdnbigbuy.com/images/5056446110679_S71008718_P10.jpg,1138.38,5,NEW,39.2,37.6,75.6,22.74,111428.35,CZK,2,8,3
S0241627,0889837003466,cs-CZ,Giardinaggio e fai da te,Zvonek Fanvil i67,"Pokud při zařizování vašeho domova kladete důraz na všelijaké detaily a chcete být průběžně informován o nejnovějších produktech, které vám usnadní ži","Pokud při zařizování vašeho domova kladete důraz na všelijaké detaily a chcete být průběžně informován o nejnovějších produktech, které vám usnadní život, nakupujte <b>Zvonek Fanvil i67</b> za tu nejlepší cenu.<br><br><ul><li>Materiál: Hliník</li><li>Vlastnosti: Integrované reproduktory</li><li>Vysoký: 30 cm</li><li>Stupeň krytí: IP66</li><li>Plátno: 7""</li><li>Typ ovládání: Tlačítek</li><li>Teplota přibližně: - 20ºC / 70°C</li></ul>",Pop Pulse Emporium,https://cdnbigbuy.com/images/0889837003466_S0241627_P00.jpg,https://cdnbigbuy.com/images/0889837003466_S0241627_P20.jpg,https://cdnbigbuy.com/images/0889837003466_I00.jpg,https://cdnbigbuy.com/images/0889837003466_I10.jpg,686.1,5,NEW,30.0,20.0,7.0,1.86,4200.0,CZK,2,8,3
S71019507,3165140810173,cs-CZ,Giardinaggio e fai da te,Vysokotlaký čistič BOSCH GHP 5-65X,"Pokud hledáte nejnovější trendy na trhu, máme tu čest vám představit <b>Vysokotlaký čistič BOSCH GHP 5-65X</b>!<br><br><ul><li>Zásuvný produkt: Ano</l","Pokud hledáte nejnovější trendy na trhu, máme tu čest vám představit <b>Vysokotlaký čistič BOSCH GHP 5-65X</b>!<br><br><ul><li>Zásuvný produkt: Ano</li><li>Typ: Vysokotlaký čistič</li><li>Napětí: 230 V</li><li>Délka kabelu: 5 m</li><li>Nápajecí Zdroj: elektrická síť</li><li>Tlakové: 130 bar</li><li>Typ zástrčky: Zástrčka EU</li><li>Délka hadice: 10 m</li></ul>",Pop Pulse Emporium,https://cdnbigbuy.com/images/3165140810173_S71019507_P00.jpg,https://cdnbigbuy.com/images/3165140810173_I00.jpg,https://cdnbigbuy.com/images/3165140810173_I10.jpg,https://cdnbigbuy.com/images/3165140810173_S71019507_P10.jpg,1291.32,4,NEW,78.0,43.0,39.0,25.0,130806.0,CZK,2,8,3
S71024919,6977728944388,cs-CZ,Casa e arredamento,Vysavač MOVA Černý 450 W,"Pokud hledáte nejnovější trendy na trhu, máme tu čest vám představit <b>Vysavač MOVA Černý 450 W</b>!<br><br><ul><li>Barva: Černý</li><li>Vlastnosti: ","Pokud hledáte nejnovější trendy na trhu, máme tu čest vám představit <b>Vysavač MOVA Černý 450 W</b>!<br><br><ul><li>Barva: Černý</li><li>Vlastnosti: <ul><li>LED Světlý</li><li>Vestavěný displej</li><li>Filtr</li><li>Vlhký a suchý</li></ul></li><li>Nápajecí Zdroj: Baterie</li><li>Technologie: LED</li><li>Příkon: 450 W</li><li>Přibližná doba nabíjení: 4 hodin</li><li>Obsahuje: Manuál uživatele</li><li>Přibližná výdrž: 45 minut</li></ul>",Pop Pulse Emporium,,,,,755.9,1,NEW,76.0,36.0,35.0,12.08,95760.0,CZK,2,8,3
S0459945,4242006308452,cs-CZ,Casa e arredamento,Indukční Plotýnka Balay 3EB967AH 60 cm 7400 W,"Jestliže chcete renovovat svou kuchyň, kupte si <b>Indukční Plotýnka Balay 3EB967AH 60 cm 7400 W</b> a další <b>produkty Balay</b>! Nejlepší kvalitu z","Jestliže chcete renovovat svou kuchyň, kupte si <b>Indukční Plotýnka Balay 3EB967AH 60 cm 7400 W</b> a další <b>produkty Balay</b>! Nejlepší kvalitu za nejlepší cenu máte na dosah!<br><br><ul><li>Typ: Indukční Plotýnka</li><li>Zásuvný produkt: Ano</li><li>Typ zástrčky: Zástrčka EU</li><li>Šířka: 60 cm</li><li>Vlastnosti: <ul><li>Časovač</li><li>Blokování pro děti</li><li>Dotykový knoflík</li></ul></li><li>Typ instalace: Integrační</li><li>Příkon: 7400 W</li><li>Místo pro vaření: 3</li><li>Vestav",Pop Pulse Emporium,,,,,974.12,2,NEW,69.0,68.0,19.0,10.0,89148.0,CZK,2,8,3
S71015758,8590669227815,cs-CZ,Giardinaggio e fai da te,Generátor Fieldmann FZI 4020-Bi,"Pokud při zařizování vašeho domova kladete důraz na všelijaké detaily a chcete být průběžně informován o nejnovějších produktech, které vám usnadní ži","Pokud při zařizování vašeho domova kladete důraz na všelijaké detaily a chcete být průběžně informován o nejnovějších produktech, které vám usnadní život, nakupujte <b>Generátor Fieldmann FZI 4020-Bi</b> za tu nejlepší cenu.<br><br><p><b>Generátor Fieldmann FZI 4020-Bi</b> je zařízení navržené pro spolehlivé a přenosné napájení, ideální tam, kde není dostupná nebo je nedostatečná síťová přípojka. Tento generátor pohání <b>benzín</b>, což zajišťuje samostatný provoz a snadné doplňování paliva. Na",Pop Pulse Emporium,https://cdnbigbuy.com/images/8590669227815_S71015758_P00.jpg,https://cdnbigbuy.com/images/8590669227815_S71015758_P10.jpg,,,769.14,2,NEW,55.0,33.0,48.0,23.44,87120.0,CZK,2,8,3
M1205336,9002719029991,cs-CZ,Giardinaggio e fai da te,Laserová vodováha s čarami SOLA Qubo Basic,"Pokud při zařizování vašeho domova kladete důraz na všelijaké detaily a chcete být průběžně informován o nejnovějších produktech, které vám usnadní ži","Pokud při zařizování vašeho domova kladete důraz na všelijaké detaily a chcete být průběžně informován o nejnovějších produktech, které vám usnadní život, nakupujte <b>Laserová vodováha s čarami SOLA Qubo Basic</b> za tu nejlepší cenu.<br><br><ul><li>Typ: Laserová vodováha s čarami</li><li>Rozsah: 80 m</li><li>Barva: Oranžový</li><li>Typ baterie: AA</li><li>Přibližná výdrž: 11 hodin</li><li>Velikost závitu: 1/4""</li><li>Přesnost: ±0,30 MM/M</li></ul>",Pop Pulse Emporium,https://cdnbigbuy.com/images/9002719029991_M1205336_P00.jpg,https://cdnbigbuy.com/images/9002719029991_M1205336_P10.jpg,https://cdnbigbuy.com/images/9002719029991_M1205336_P20.jpg,https://cdnbigbuy.com/images/9002719029991_M1205336_P30.jpg,628.4,2,NEW,14.5,22.5,15.0,0.65,4893.75,CZK,2,8,3
S71014893,4066529122728,cs-CZ,Giardinaggio e fai da te,Vysokotlaký čistič Kärcher 5 Premium Power Control Flex 1800 W,"Pokud hledáte nejnovější trendy na trhu, máme tu čest vám představit <b>Vysokotlaký čistič Kärcher 5 Premium Power Control Flex 1800 W</b>!<br><br><ul","Pokud hledáte nejnovější trendy na trhu, máme tu čest vám představit <b>Vysokotlaký čistič Kärcher 5 Premium Power Control Flex 1800 W</b>!<br><br><ul><li>Barva: Žlutý</li><li>Příkon: 1800 W</li><li>Index opravitelnosti: 8.1</li><li>Nápajecí Zdroj: Elektrický kabel</li><li>Tlakové: 145 bar</li></ul>",Pop Pulse Emporium,https://cdnbigbuy.com/images/4066529122728_S71014893_P00.jpg,https://cdnbigbuy.com/images/4066529122728_S71014893_P30.jpg,https://cdnbigbuy.com/images/4066529122728_S71014893_P40.jpg,https://cdnbigbuy.com/images/4066529122728_S71014893_P10.jpg,686.58,5,NEW,45.3,38.7,40.8,16.17,71526.89,CZK,2,8,3
S0457825,5711145365934,cs-CZ,Casa e arredamento,Vysavač Nilfisk GM80C Stříbro,"Jestli hledáte vhodné elektrospotřebiče za špičkové ceny, nesmí vám uniknout <b>Vysavač Nilfisk GM80C Stříbro</b> a další kousky z širokého výběru kva","Jestli hledáte vhodné elektrospotřebiče za špičkové ceny, nesmí vám uniknout <b>Vysavač Nilfisk GM80C Stříbro</b> a další kousky z širokého výběru kvalitních malých domácích elektrospotřebičů!<br><br><p><b>Vysavač Nilfisk GM80C</b> je zařízení navržené pro efektivní čištění jak <b>tvrdých podlah</b>, tak <b>koberců</b>, přizpůsobující se různým povrchům díky <b>úzké hubici</b>, která usnadňuje vysávání v těžko přístupných místech a úzkých rozích. Má praktický a odolný design z <b>plastiku</b> s ",Pop Pulse Emporium,,,,,683.48,10,NEW,39.4,40.2,32.0,9.2,50684.16,CZK,2,8,3
S7198412,5060646169740,cs-CZ,Sport e attività all'aperto,Plážový stan Kampa Šedý,Zůstaňte ve formě a objevujte poslední novinky ze sportovního světa s největšími zárukami! Nakupte <b>Plážový stan Kampa Šedý</b> za nejlepší cenu a u,Zůstaňte ve formě a objevujte poslední novinky ze sportovního světa s největšími zárukami! Nakupte <b>Plážový stan Kampa Šedý</b> za nejlepší cenu a užívejte si života plného zdraví!<br><br><ul><li>Typ: Plážový stan</li><li>Barva: Šedý</li><li>Materiál: Polyester</li><li>Vlastnosti: Snadná instalace</li><li>Složení: 100 % polyester</li></ul>,Pop Pulse Emporium,https://cdnbigbuy.com/images/5060646169740_S7198412_P00.jpg,,,,615.22,4,NEW,68.0,32.0,29.0,1.11,63104.0,CZK,2,8,3
S0456818,8436606900338,cs-CZ,Sport e attività all'aperto,Hoverboard Youin XL MAX Černý 800 W,Zůstaňte ve formě a objevujte poslední novinky ze sportovního světa s největšími zárukami! Nakupte <b>Hoverboard Youin XL MAX Černý 800 W</b> za nejle,"Zůstaňte ve formě a objevujte poslední novinky ze sportovního světa s největšími zárukami! Nakupte <b>Hoverboard Youin XL MAX Černý 800 W</b> za nejlepší cenu a užívejte si života plného zdraví!<br><br><ul><li>Typ: Hoverboard</li><li>Zásuvný produkt: Ano</li><li>Důležité informace: Pokud značka nezaregistrovala skútr, majitel bude muset projít ITV nebo TÜV, aby získal „EBE“ nebo individuální povolení k provozu.</li><li>Typ zástrčky: Zástrčka EU</li><li>Barva: Černý</li><li>Vlastnosti: <ul><li>Sk",Pop Pulse Emporium,https://cdnbigbuy.com/images/8436606900338_S0456818_P00.jpg,https://cdnbigbuy.com/images/8436606900338_R20.jpg,https://cdnbigbuy.com/images/8436606900338_R30.jpg,,1333.4,5,NEW,85.5,44.7,36.0,14.82,137586.6,CZK,2,8,3
S0469765,8435518806066,cs-CZ,Casa e arredamento,Vinotéka Cavanova V50GC2TN Černý,"Pokud hledáte nejnovější trendy na trhu, máme tu čest vám představit <b>Vinotéka Cavanova V50GC2TN Černý</b>!<br><br><ul><li>Kapacita: 50</li><li>Barv","Pokud hledáte nejnovější trendy na trhu, máme tu čest vám představit <b>Vinotéka Cavanova V50GC2TN Černý</b>!<br><br><ul><li>Kapacita: 50</li><li>Barva: Černý</li><li>Materiál: Sklo</li><li>Vlastnosti: <ul><li>LCD obrazovka</li><li>LED Světlý</li><li>Vestavěný displej</li><li>Nastavitelná teplota</li><li>Nevibrační</li></ul></li><li>Typ instalace: Samo-sestavení</li><li>Energetická klasifikace: G</li><li>Vysoký: 84,5 cm</li><li>Dveře: 1 dveře</li></ul>",Pop Pulse Emporium,,,,,1449.64,2,NEW,57.4,45.5,52.8,20.29,137897.76,CZK,2,8,3
S71013656,3701122103309,cs-CZ,Sport e attività all'aperto,Hoverboard Dualtron TOGO PLUS Černý 25 km/h 800 W,"Pokud hledáte nejnovější trendy na trhu, máme tu čest vám představit <b>Hoverboard Dualtron TOGO PLUS Černý 25 km/h 800 W</b>!<br><br><ul><li>Typ: Hov","Pokud hledáte nejnovější trendy na trhu, máme tu čest vám představit <b>Hoverboard Dualtron TOGO PLUS Černý 25 km/h 800 W</b>!<br><br><ul><li>Typ: Hoverboard</li><li>Zásuvný produkt: Ano</li><li>Důležité informace: Pokud značka nezaregistrovala skútr, majitel bude muset projít ITV nebo TÜV, aby získal „EBE“ nebo individuální povolení k provozu.</li><li>Typ zástrčky: Zástrčka EU</li><li>Barva: Černý</li><li>Rychlost: 25 km/h</li><li>Materiál: Kov</li><li>Příkon: 800 W</li><li>Doporučený věk: + 16",Pop Pulse Emporium,https://cdnbigbuy.com/images/3701122103309_S71013656_P00.jpg,https://cdnbigbuy.com/images/3701122103309_S71013656_P40.jpg,https://cdnbigbuy.com/images/3701122103309_S71013656_P10.jpg,https://cdnbigbuy.com/images/3701122103309_S71013656_P20.jpg,1149.9,10,NEW,85.5,44.7,36.0,14.82,137586.6,CZK,2,8,3
S7170697,4059952566931,cs-CZ,Giardinaggio e fai da te,Robot sekačka trávy BOSCH Indo M+ 700 30-50 mm 700 m 19 cm,"Pokud při zařizování vašeho domova kladete důraz na všelijaké detaily a chcete být průběžně informován o nejnovějších produktech, které vám usnadní ži","Pokud při zařizování vašeho domova kladete důraz na všelijaké detaily a chcete být průběžně informován o nejnovějších produktech, které vám usnadní život, nakupujte <b>Robot sekačka trávy BOSCH Indo M+ 700 30-50 mm 700 m 19 cm</b> za tu nejlepší cenu.<br><br><ul><li>Zásuvný produkt: Ano</li><li>Typ zástrčky: Zástrčka EU</li><li>Typ: Robot sekačka trávy</li><li>Obsahuje: <ul><li>Příslušenství</li><li>Nabíjecí podstavec</li></ul></li><li>Vlastnosti: GPS</li><li>Doporučené použití: Trávník</li><li>",Pop Pulse Emporium,https://cdnbigbuy.com/images/4059952566931_S7170697_P00.jpg,https://cdnbigbuy.com/images/4059952566931_R40.jpg,https://cdnbigbuy.com/images/4059952566931_R10.jpg,https://cdnbigbuy.com/images/4059952566931_R50.jpg,1708.32,1,NEW,60.0,40.0,33.0,17.0,79200.0,CZK,2,8,3
S0460230,7333394049748,cs-CZ,Casa e arredamento,Indukční Plotýnka AEG TI63IQ10IZ,"Jestliže chcete renovovat svou kuchyň, kupte si <b>Indukční Plotýnka AEG TI63IQ10IZ</b> a další <b>produkty AEG</b>! Nejlepší kvalitu za nejlepší cenu","Jestliže chcete renovovat svou kuchyň, kupte si <b>Indukční Plotýnka AEG TI63IQ10IZ</b> a další <b>produkty AEG</b>! Nejlepší kvalitu za nejlepší cenu máte na dosah!<br><br><p><b>Indukční varná deska TI63IQ10IZ</b> od <b>AEG</b> je pokročilé řešení pro moderní kuchyni, které kombinuje efektivitu a funkčnost. Tato <b>indukční varná deska</b> nabízí <b>tři varné zóny</b>, které umožňují flexibilní rozložení pro různé velikosti nádob a současné vaření různých pokrmů. Její <b>maximální celkový výkon",Pop Pulse Emporium,,,,,846.56,1,NEW,33.4,49.5,27.5,12.4,45465.75,CZK,2,8,3
S8108274,8017709277697,cs-CZ,Casa e arredamento,Kuchyňský robot Smeg SMF03WHEU Bílý,"Jestli hledáte vhodné elektrospotřebiče za špičkové ceny, nesmí vám uniknout <b>Kuchyňský robot Smeg SMF03WHEU Bílý</b> a další kousky z širokého výbě","Jestli hledáte vhodné elektrospotřebiče za špičkové ceny, nesmí vám uniknout <b>Kuchyňský robot Smeg SMF03WHEU Bílý</b> a další kousky z širokého výběru kvalitních malých domácích elektrospotřebičů!<br><br><ul><li>Zásuvný produkt: Ano</li><li>Typ zástrčky: Zástrčka EU</li><li>Barva: Bílý</li><li>Váha: 11,6 Kg</li></ul>",Pop Pulse Emporium,,,,,644.98,1,NEW,41.0,46.0,25.6,13.26,48281.6,CZK,2,8,3
S7108930,3165140996020,cs-CZ,Giardinaggio e fai da te,Set vrtačky a doplňků BOSCH SDSPlus GBH 18 V,"Pokud při zařizování vašeho domova kladete důraz na všelijaké detaily a chcete být průběžně informován o nejnovějších produktech, které vám usnadní ži","Pokud při zařizování vašeho domova kladete důraz na všelijaké detaily a chcete být průběžně informován o nejnovějších produktech, které vám usnadní život, nakupujte <b>Set vrtačky a doplňků BOSCH SDSPlus GBH 18 V</b> za tu nejlepší cenu.<br><br><ul><li>Napětí: 18 V</li><li>Obsahuje: <ul><li>Příslušenství</li><li>Aktovka</li></ul></li><li>Typ: Set vrtačky a doplňků</li><li>Vhodné pro: Beton</li><li>Není zahrnut: Baterie</li></ul>",Pop Pulse Emporium,https://cdnbigbuy.com/images/3165140996020_S7108930_P00.jpg,https://cdnbigbuy.com/images/3165140996020_S7108930_P10.jpg,https://cdnbigbuy.com/images/3165140996020_R20.jpg,https://cdnbigbuy.com/images/3165140996020_R40.jpg,1068.08,2,NEW,60.0,40.0,13.0,9.3,31200.0,CZK,2,8,3
S71015821,3760275220660,cs-CZ,Giardinaggio e fai da te,Robotický vysavač pro bazény,"Pokud hledáte nejnovější trendy na trhu, máme tu čest vám představit <b>Robotický vysavač pro bazény</b>!<br><br><p><b>Robotický vysavač do bazénu Rob","Pokud hledáte nejnovější trendy na trhu, máme tu čest vám představit <b>Robotický vysavač pro bazény</b>!<br><br><p><b>Robotický vysavač do bazénu Robopool Titanium</b> od <b>BigBuy Outdoor</b> je <b>inteligentní a autonomní vysavač</b> navržený pro efektivní čištění bazénů až do <b>50 m²</b>. Tento robot kombinuje pokročilou technologii a jednoduché ovládání, aby udržel vodu bez nečistot bez nutnosti neustálého dohledu. Díky autonomnímu provozu se zařízení samostatně pohybuje po celé ploše bazé",Pop Pulse Emporium,https://cdnbigbuy.com/images/3760275220660_S71015821_P00.jpg,https://cdnbigbuy.com/images/3760275220660_S71015821_P10.jpg,https://cdnbigbuy.com/images/3760275220660_S71015821_P20.jpg,https://cdnbigbuy.com/images/3760275220660_S71015821_P30.jpg,1256.6,1,NEW,30.0,43.0,31.0,14.67,39990.0,CZK,2,8,3
S0461565,5413184200787,cs-CZ,Casa e arredamento,"Kuchyňský robot KitchenAid 5KSM125EER Červený 300 W 4,8 L","Jestli hledáte vhodné elektrospotřebiče za špičkové ceny, nesmí vám uniknout <b>Kuchyňský robot KitchenAid 5KSM125EER Červený 300 W 4,8 L</b> a další ","Jestli hledáte vhodné elektrospotřebiče za špičkové ceny, nesmí vám uniknout <b>Kuchyňský robot KitchenAid 5KSM125EER Červený 300 W 4,8 L</b> a další kousky z širokého výběru kvalitních malých domácích elektrospotřebičů!<br><br><ul><li>Zásuvný produkt: Ano</li><li>Typ zástrčky: <ul><li>Zástrčka EU</li><li>Typ C</li></ul></li><li>Typ: Mixér</li><li>Barva: Červený</li><li>Materiál: Nerezová ocel</li><li>Vlastnosti: Různé rychlosti</li><li>Frekvence: 50 - 60 Hz</li><li>Obsahuje: <ul><li>Mísící metl",Pop Pulse Emporium,,,,,862.5,10,NEW,41.3,40.6,27.3,11.5,45776.09,CZK,2,8,3
M1200786,4021176008696,cs-CZ,Giardinaggio e fai da te,Oddělovač-vytažeč ložisek KUKKO,"Pokud při zařizování vašeho domova kladete důraz na všelijaké detaily a chcete být průběžně informován o nejnovějších produktech, které vám usnadní ži","Pokud při zařizování vašeho domova kladete důraz na všelijaké detaily a chcete být průběžně informován o nejnovějších produktech, které vám usnadní život, nakupujte <b>Oddělovač-vytažeč ložisek KUKKO</b> za tu nejlepší cenu.<br><br><ul><li>Typ: Stahovák ložisek</li><li>Rozsah: 115 mm</li></ul>",Pop Pulse Emporium,https://cdnbigbuy.com/images/4021176008696_M1200786_P00.jpg,https://cdnbigbuy.com/images/4021176008696_M1200786_P40.jpg,https://cdnbigbuy.com/images/4021176008696_M1200786_P10.jpg,https://cdnbigbuy.com/images/4021176008696_M1200786_P20.jpg,988.34,1,NEW,47.4,37.8,15.8,10.39,28309.18,CZK,2,8,3
S71013561,6971820289989,cs-CZ,Giardinaggio e fai da te,Inteligentní Robotický Čistič Oken HUTT W9 3800 Pa,"Pokud hledáte nejnovější trendy na trhu, máme tu čest vám představit <b>Inteligentní Robotický Čistič Oken HUTT W9 3800 Pa</b>!<br><br><ul><li>Zásuvný","Pokud hledáte nejnovější trendy na trhu, máme tu čest vám představit <b>Inteligentní Robotický Čistič Oken HUTT W9 3800 Pa</b>!<br><br><ul><li>Zásuvný produkt: Ano</li><li>Typ zástrčky: Zástrčka EU</li><li>Barva: Bílý</li><li>Nápajecí Zdroj: elektrická síť</li><li>Sání: 3800 Pa</li></ul>",Pop Pulse Emporium,https://cdnbigbuy.com/images/6971820289989_S71013561_P00.jpg,https://cdnbigbuy.com/images/6971820289989_S71013561_P30.jpg,https://cdnbigbuy.com/images/6971820289989_S71013561_P10.jpg,https://cdnbigbuy.com/images/6971820289989_S71013561_P20.jpg,645.9,1,NEW,34.6,33.9,23.8,2.79,27915.97,CZK,2,8,3
S71015581,5035048838013,cs-CZ,Giardinaggio e fai da te,Vykružovací pila Stanley SM1650-QS,"Pokud hledáte nejnovější trendy na trhu, máme tu čest vám představit <b>Vykružovací pila Stanley SM1650-QS</b>!<br><br><ul><li>Příkon: 1650 W</li><li>","Pokud hledáte nejnovější trendy na trhu, máme tu čest vám představit <b>Vykružovací pila Stanley SM1650-QS</b>!<br><br><ul><li>Příkon: 1650 W</li><li>Přibližný průměr: <ul><li>Ø 30 mm</li><li>254 mm</li></ul></li><li>Hloubka: 254 mm</li><li>Barva: Žlutý</li><li>Přibližné rozměry: 56 X 44 X 38 CM</li></ul>",Pop Pulse Emporium,https://cdnbigbuy.com/images/5035048838013_S71015581_P00.jpg,https://cdnbigbuy.com/images/5035048838013_S71015581_P20.jpg,https://cdnbigbuy.com/images/5035048838013_S71015581_P30.jpg,https://cdnbigbuy.com/images/5035048838013_S71015581_P40.jpg,603.04,2,NEW,38.0,56.0,44.0,16.24,93632.0,CZK,2,8,3
S0449575,5025232925070,cs-CZ,Casa e arredamento,Mikrovlnnou Troubu Panasonic NNDS59NBEPG 1000 W 1350 W,"Jestli hledáte vhodné elektrospotřebiče za špičkové ceny, nesmí vám uniknout <b>Mikrovlnnou Troubu Panasonic NNDS59NBEPG 1000 W 1350 W</b> a další kou","Jestli hledáte vhodné elektrospotřebiče za špičkové ceny, nesmí vám uniknout <b>Mikrovlnnou Troubu Panasonic NNDS59NBEPG 1000 W 1350 W</b> a další kousky z širokého výběru kvalitních malých domácích elektrospotřebičů!<br><br><ul><li>Zásuvný produkt: Ano</li><li>Typ zástrčky: Zástrčka EU</li><li>Příkon: <ul><li>1350 W</li><li>1000 W</li></ul></li><li>Vlastnosti: <ul><li>LCD obrazovka</li><li>Automatické rozmrazování</li><li>Vestavěný displej</li><li>Kontrola knoflíky</li></ul></li><li>Funkce: Vař",Pop Pulse Emporium,,,,,831.02,2,NEW,42.2,27.4,31.6,16.0,36538.45,CZK,2,8,3
S71015649,0193108146821,cs-CZ,Giardinaggio e fai da te,Bezpečnostní kamera Arlo,"Pokud hledáte nejnovější trendy na trhu, máme tu čest vám představit <b>Bezpečnostní kamera Arlo</b>!<br><br><ul><li>Typ: <ul><li>Videokamera</li><li>","Pokud hledáte nejnovější trendy na trhu, máme tu čest vám představit <b>Bezpečnostní kamera Arlo</b>!<br><br><ul><li>Typ: <ul><li>Videokamera</li><li>IP bezpečnostní kamera</li></ul></li><li>Barva: Bílý</li><li>Vlastnosti: Bezdrátový</li><li>Připojení: Wi-Fi</li><li>Funkce: Noční vidění</li></ul>",Pop Pulse Emporium,https://cdnbigbuy.com/images/0193108146821_S71015649_P00.jpg,https://cdnbigbuy.com/images/0193108146821_S71015649_P30.jpg,https://cdnbigbuy.com/images/0193108146821_I10.jpg,https://cdnbigbuy.com/images/0193108146821_S71015649_P40.jpg,689.06,1,NEW,18.0,19.0,16.0,1.25,5472.0,CZK,2,8,3
S1906953,8436607541141,cs-CZ,Giardinaggio e fai da te,Elektrická zástrčka Wallbox,"Pokud hledáte nejnovější trendy na trhu, máme tu čest vám představit <b>Elektrická zástrčka Wallbox</b>!<br><br><ul><li>Stupeň krytí: IP54</li><li>Typ","Pokud hledáte nejnovější trendy na trhu, máme tu čest vám představit <b>Elektrická zástrčka Wallbox</b>!<br><br><ul><li>Stupeň krytí: IP54</li><li>Typ: Elektrická zástrčka</li><li>Barva: Černý</li><li>Příkon: 22000 W</li></ul>",Pop Pulse Emporium,https://cdnbigbuy.com/images/8436607541141_S1906953_P00.jpg,https://cdnbigbuy.com/images/8436607541141_S1906953_P80.jpg,https://cdnbigbuy.com/images/8436607541141_S1906953_P40.jpg,https://cdnbigbuy.com/images/8436607541141_S1906953_P50.jpg,2264.56,2,NEW,40.0,40.0,20.0,6.0,32000.0,CZK,2,8,3
S7197831,5011423007441,cs-CZ,Casa e arredamento,Kuchyňský robot Kenwood Modrý 1000 W 5 L,"Jestli hledáte vhodné elektrospotřebiče za špičkové ceny, nesmí vám uniknout <b>Kuchyňský robot Kenwood Modrý 1000 W 5 L</b> a další kousky z širokého","Jestli hledáte vhodné elektrospotřebiče za špičkové ceny, nesmí vám uniknout <b>Kuchyňský robot Kenwood Modrý 1000 W 5 L</b> a další kousky z širokého výběru kvalitních malých domácích elektrospotřebičů!<br><br><ul><li>Zásuvný produkt: Ano</li><li>Typ zástrčky: Zástrčka EU</li><li>Barva: Modrý</li><li>Příkon: 1000 W</li><li>Kapacita: 5 L</li><li>Typ: Kuchyňský robot</li></ul>",Pop Pulse Emporium,,,,,604.96,25,NEW,30.4,44.2,53.6,12.8,72021.25,CZK,2,8,3
S71023198,4779032950992,cs-CZ,Sport e attività all'aperto,Lokátor ryb Deeper DP6H13S10,"Pokud hledáte nejnovější trendy na trhu, máme tu čest vám představit <b>Lokátor ryb Deeper DP6H13S10</b>!<br><br><ul><li>USB kabel: Ano</li><li>Materi","Pokud hledáte nejnovější trendy na trhu, máme tu čest vám představit <b>Lokátor ryb Deeper DP6H13S10</b>!<br><br><ul><li>USB kabel: Ano</li><li>Materiál: <ul><li>ABS</li><li>Plastické</li></ul></li><li>Kapacita baterie: 1300 mAh</li><li>Barva: Černý</li><li>Nápajecí Zdroj: Baterie</li><li>Obsahuje: Baterie</li><li>Baterie v ceně: Ano</li><li>Funguje na baterie: 1 Litio Ion, incluidas</li><li>Technologie: TFT</li></ul>",Pop Pulse Emporium,https://cdnbigbuy.com/images/4779032950992_R00.jpg,https://cdnbigbuy.com/images/4779032950992_S71023198_P20.jpg,https://cdnbigbuy.com/images/4779032950992_R50.jpg,https://cdnbigbuy.com/images/4779032950992_R10.jpg,705.04,4,NEW,17.0,16.0,8.0,0.36,2176.0,CZK,2,8,3
S71023436,4042146653098,cs-CZ,Giardinaggio e fai da te,Souprava nářadí KS Tools,"Pokud při zařizování vašeho domova kladete důraz na všelijaké detaily a chcete být průběžně informován o nejnovějších produktech, které vám usnadní ži","Pokud při zařizování vašeho domova kladete důraz na všelijaké detaily a chcete být průběžně informován o nejnovějších produktech, které vám usnadní život, nakupujte <b>Souprava nářadí KS Tools</b> za tu nejlepší cenu.<br><br><ul><li>Barva: Černý</li><li>velikost: Velký</li><li>Není zahrnut: Baterie</li><li>Typ instalace: Podlaha</li></ul>",Pop Pulse Emporium,https://cdnbigbuy.com/images/4042146653098_S71023436_P00.jpg,https://cdnbigbuy.com/images/4042146653098_S71023436_P20.jpg,https://cdnbigbuy.com/images/4042146653098_S71023436_P30.jpg,https://cdnbigbuy.com/images/4042146653098_S71023436_P40.jpg,1190.16,1,NEW,58.0,42.0,16.0,17.0,38976.0,CZK,2,8,3
S0460141,6970357855506,cs-CZ,Sport e attività all'aperto,"Sportovní kamery Insta360 INSTA360 X4 Černý 2,5""","Pokud se zajímáte o <b>počítače a elektronika</b>, rádi máte doma moderní vybavení a hlídáte si každý detail, kupte si <b>Sportovní kamery Insta360 IN","Pokud se zajímáte o <b>počítače a elektronika</b>, rádi máte doma moderní vybavení a hlídáte si každý detail, kupte si <b>Sportovní kamery Insta360 INSTA360 X4 Černý 2,5""</b> za nejlepší ceny.<br><br><p><b>INSTA360 X4</b> od <b>Insta360</b> je pokročilá <b>sportovní kamera</b> navržená pro zachycení snímků a videí v ultra vysokém rozlišení s výjimečnou kvalitou. Má maximální rozlišení obrazu <b>11904 x 5952 pixelů</b> a nabízí záznam videa ve formátu <b>8K Ultra HD</b> (7680 x 3840), což umožňuj",Pop Pulse Emporium,https://cdnbigbuy.com/images/6970357855506_S0460141_P00.jpg,https://cdnbigbuy.com/images/6970357855506_S0460141_P20.jpg,https://cdnbigbuy.com/images/6970357855506_S0460141_P30.jpg,https://cdnbigbuy.com/images/6970357855506_S0460141_P40.jpg,747.32,2,NEW,51.5,40.0,27.2,1.0,56032.0,CZK,2,8,3
S7189717,4059952587745,cs-CZ,Giardinaggio e fai da te,Elektrická šroubovák BOSCH GDX 18V-210 C Professional 210 Nm,"Pokud při zařizování vašeho domova kladete důraz na všelijaké detaily a chcete být průběžně informován o nejnovějších produktech, které vám usnadní ži","Pokud při zařizování vašeho domova kladete důraz na všelijaké detaily a chcete být průběžně informován o nejnovějších produktech, které vám usnadní život, nakupujte <b>Elektrická šroubovák BOSCH GDX 18V-210 C Professional 210 Nm</b> za tu nejlepší cenu.<br><br><p><b>GDX 18V-210 C Professional</b> od <b>BOSCH</b> je <b>elektrická šroubovák</b> navržený pro vysoký výkon a univerzálnost v profesionálních pracích. Pracuje na <b>18V bateriové napájení</b>, což zajišťuje mobilitu a autonomii bez kabel",Pop Pulse Emporium,https://cdnbigbuy.com/images/4059952587745_S7189717_P02.jpg,https://cdnbigbuy.com/images/4059952587745_R52.jpg,https://cdnbigbuy.com/images/4059952587745_R12.jpg,https://cdnbigbuy.com/images/4059952587745_S7189717_P32.jpg,763.48,2,NEW,36.0,44.4,15.2,5.5,24295.68,CZK,2,8,3
M1206185,7640110697559,cs-CZ,Giardinaggio e fai da te,"Laserová vodováha Leica Geosystems Lino L2P5G ± 0,2 MM/M 35-80 m","Pokud při zařizování vašeho domova kladete důraz na všelijaké detaily a chcete být průběžně informován o nejnovějších produktech, které vám usnadní ži","Pokud při zařizování vašeho domova kladete důraz na všelijaké detaily a chcete být průběžně informován o nejnovějších produktech, které vám usnadní život, nakupujte <b>Laserová vodováha Leica Geosystems Lino L2P5G ± 0,2 MM/M 35-80 m</b> za tu nejlepší cenu.<br><br><ul><li>Přesnost: ± 0,2 MM/M</li><li>Rozsah: 35-80 m</li><li>Barva: Černý</li><li>Stupeň krytí: IP54</li><li>Obsahuje: Dobíjecí lithiová baterie</li><li>Šířka: 11 cm</li><li>Typ baterie: Litio Ion</li></ul>",Pop Pulse Emporium,https://cdnbigbuy.com/images/7640110697559_M1206185_P00.jpg,https://cdnbigbuy.com/images/7640110697559_M1206185_P90.jpg,https://cdnbigbuy.com/images/7640110697559_M1206185_P50.jpg,https://cdnbigbuy.com/images/7640110697559_M1206185_P10.jpg,939.36,2,NEW,33.5,38.0,17.0,4.4,21641.0,CZK,2,8,3
S0454771,8436606900017,cs-CZ,Sport e attività all'aperto,Hoverboard Youin SC6001XL MAXLITE Černý 1200 W,Zůstaňte ve formě a objevujte poslední novinky ze sportovního světa s největšími zárukami! Nakupte <b>Hoverboard Youin SC6001XL MAXLITE Černý 1200 W</,"Zůstaňte ve formě a objevujte poslední novinky ze sportovního světa s největšími zárukami! Nakupte <b>Hoverboard Youin SC6001XL MAXLITE Černý 1200 W</b> za nejlepší cenu a užívejte si života plného zdraví!<br><br><ul><li>Zásuvný produkt: Ano</li><li>Důležité informace: Pokud značka nezaregistrovala skútr, majitel bude muset projít ITV nebo TÜV, aby získal „EBE“ nebo individuální povolení k provozu.</li><li>Typ zástrčky: Zástrčka EU</li><li>Typ: Hoverboard</li><li>Barva: Černý</li><li>Přibližná v",Pop Pulse Emporium,https://cdnbigbuy.com/images/8436606900017_S0454771_P00.jpg,,,,922.5,25,NEW,85.5,44.7,36.0,14.82,137586.6,CZK,2,8,3
S0458018,4242002944289,cs-CZ,Casa e arredamento,"Indukční Plotýnka BOSCH PXV875DV1E 81,6 cm 7400 W","Jestliže chcete renovovat svou kuchyň, kupte si <b>Indukční Plotýnka BOSCH PXV875DV1E 81,6 cm 7400 W</b> a další <b>produkty BOSCH</b>! Nejlepší kvali","Jestliže chcete renovovat svou kuchyň, kupte si <b>Indukční Plotýnka BOSCH PXV875DV1E 81,6 cm 7400 W</b> a další <b>produkty BOSCH</b>! Nejlepší kvalitu za nejlepší cenu máte na dosah!<br><br><ul><li>Zásuvný produkt: Ano</li><li>Typ zástrčky: Zástrčka EU</li><li>Barva: Černý</li><li>Šířka: 81,6 cm</li><li>Vlastnosti: <ul><li>Časovač</li><li>Blokování pro děti</li><li>Vestavěný displej</li><li>Dotykový knoflík</li><li>Automatické vypínání</li></ul></li><li>Připojení: Wi-Fi</li><li>Typ instalace: ",Pop Pulse Emporium,,,,,1898.04,1,NEW,60.3,95.3,12.6,18.5,72407.03,CZK,2,8,3
S71014798,6976233677163,cs-CZ,Casa e arredamento,Robotický vysavač Dreame DREAME X40 Master 6400 mAh,"Pokud při zařizování vašeho domova kladete důraz na všelijaké detaily a chcete být průběžně informován o nejnovějších produktech, které vám usnadní ži","Pokud při zařizování vašeho domova kladete důraz na všelijaké detaily a chcete být průběžně informován o nejnovějších produktech, které vám usnadní život, nakupujte <b>Robotický vysavač Dreame DREAME X40 Master 6400 mAh</b> za tu nejlepší cenu.<br><br><p><b>Robotický vysavač DREAME X40 Master</b> od renomované značky Dreame je zařízení navržené pro efektivní autonomní úklid přizpůsobený moderním domácnostem. Tento robot má <b>přibližnou výdrž baterie 3 hodiny</b>, což umožňuje rozsáhlé čištění b",Pop Pulse Emporium,,,,,2148.74,5,NEW,39.2,38.7,30.3,26.5,45966.31,CZK,2,8,3
S7175450,3165140996105,cs-CZ,Giardinaggio e fai da te,Vrtací kladivo BOSCH GBH Professional Bezdrátový 18 V,"Pokud při zařizování vašeho domova kladete důraz na všelijaké detaily a chcete být průběžně informován o nejnovějších produktech, které vám usnadní ži","Pokud při zařizování vašeho domova kladete důraz na všelijaké detaily a chcete být průběžně informován o nejnovějších produktech, které vám usnadní život, nakupujte <b>Vrtací kladivo BOSCH GBH Professional Bezdrátový 18 V</b> za tu nejlepší cenu.<br><br><p><b>GBH Professional</b> od BOSCH je <b>vrtací kladivo</b> navržené pro profesionály, kteří požadují maximální efektivitu, volnost pohybu a odolnost v náročných podmínkách. Je vybaveno <b>bezkartáčovým motorem</b> a napájeno <b>18V dobíjecí bat",Pop Pulse Emporium,https://cdnbigbuy.com/images/3165140996105_R32.jpg,https://cdnbigbuy.com/images/3165140996105_I0_WBG2.jpg,,,1088.5,1,NEW,61.0,40.0,14.0,9.0,34160.0,CZK,2,8,3
S7198371,4046664146469,cs-CZ,Giardinaggio e fai da te,Sekačka na trávu na baterie Scheppach RoboCut L500,"Pokud při zařizování vašeho domova kladete důraz na všelijaké detaily a chcete být průběžně informován o nejnovějších produktech, které vám usnadní ži","Pokud při zařizování vašeho domova kladete důraz na všelijaké detaily a chcete být průběžně informován o nejnovějších produktech, které vám usnadní život, nakupujte <b>Sekačka na trávu na baterie Scheppach RoboCut L500</b> za tu nejlepší cenu.<br><br><ul><li>Nápajecí Zdroj: Baterie</li><li>Zásuvný produkt: Ano</li><li>Typ zástrčky: Zástrčka EU</li><li>Připojení: <ul><li>Bluetooth</li><li>Wi-Fi</li></ul></li><li>Rozsah: 400 m²</li><li>Obsahuje: Senzor deště</li></ul>",Pop Pulse Emporium,https://cdnbigbuy.com/images/4046664146469_S7198371_P00.jpg,https://cdnbigbuy.com/images/4046664146469_S7198371_P50.jpg,https://cdnbigbuy.com/images/4046664146469_S7198371_P10.jpg,https://cdnbigbuy.com/images/4046664146469_S7198371_P20.jpg,714.22,25,NEW,72.5,44.5,27.5,14.84,88721.88,CZK,2,8,3
S71023336,4005176791390,cs-CZ,Giardinaggio e fai da te,Sprchový sloup Grohe Šedý 31 cm,"Pokud při zařizování vašeho domova kladete důraz na všelijaké detaily a chcete být průběžně informován o nejnovějších produktech, které vám usnadní ži","Pokud při zařizování vašeho domova kladete důraz na všelijaké detaily a chcete být průběžně informován o nejnovějších produktech, které vám usnadní život, nakupujte <b>Sprchový sloup Grohe Šedý 31 cm</b> za tu nejlepší cenu.<br><br><p>Vestavěná sprchová sada Grohe, označovaná jako <b>sprchový sloup</b>, nabízí moderní a funkční design ideální pro montáž na zeď, přinášející kompaktní a elegantní řešení v odstínu <b>leštěná chromovaná šedá</b>. Vyrobena z odolných materiálů, jako je <b>vysoce kval",Pop Pulse Emporium,https://cdnbigbuy.com/images/4005176791390_S71023336_P00.jpg,https://cdnbigbuy.com/images/4005176791390_S71023336_P50.jpg,https://cdnbigbuy.com/images/4005176791390_S71023336_P10.jpg,https://cdnbigbuy.com/images/4005176791390_I00.jpg,1639.38,2,NEW,38.0,50.0,30.0,8.08,57000.0,CZK,2,8,3
S0465221,8434778034196,cs-CZ,Casa e arredamento,Trouba Teka NEOHSB6360PSS,"Pokud hledáte nejnovější trendy na trhu, máme tu čest vám představit <b>Trouba Teka NEOHSB6360PSS</b>!<br><br><ul><li>Typ trouby: Trouba</li><li>Zásuv","Pokud hledáte nejnovější trendy na trhu, máme tu čest vám představit <b>Trouba Teka NEOHSB6360PSS</b>!<br><br><ul><li>Typ trouby: Trouba</li><li>Zásuvný produkt: Ano</li><li>Vlastnosti: Vnitřní světlo</li><li>Typ ovládání: Otáčení</li></ul>",Pop Pulse Emporium,,,,,627.4,2,NEW,54.8,51.4,52.3,41.0,147314.46,CZK,2,8,3
S0469764,8435518804444,cs-CZ,Casa e arredamento,Vinotéka Cavanova V40GC2TN Černý,"Pokud hledáte nejnovější trendy na trhu, máme tu čest vám představit <b>Vinotéka Cavanova V40GC2TN Černý</b>!<br><br><p><b>V40GC2TN</b> od Cavanova je","Pokud hledáte nejnovější trendy na trhu, máme tu čest vám představit <b>Vinotéka Cavanova V40GC2TN Černý</b>!<br><br><p><b>V40GC2TN</b> od Cavanova je <b>vinotéka</b> navržená pro nadšence a sběratele vína, kteří hledají efektivní a elegantní řešení pro uchování svých lahví. Tento model vyniká moderním <b>energetickým štítkem B</b>, který vyváženě kombinuje nízkou spotřebu energie s možností udržovat optimální teplotní podmínky pro různé druhy vína, což je klíčové pro dlouhodobou ochranu vůní a ",Pop Pulse Emporium,,,,,903.98,2,NEW,57.4,45.5,52.8,20.29,137897.76,CZK,2,8,3
S7190901,8004399334120,cs-CZ,Casa e arredamento,Superautomatický kávovar DeLonghi MAGNIFICA S,"Jestli hledáte vhodné elektrospotřebiče za špičkové ceny, nesmí vám uniknout <b>Superautomatický kávovar DeLonghi MAGNIFICA S</b> a další kousky z šir","Jestli hledáte vhodné elektrospotřebiče za špičkové ceny, nesmí vám uniknout <b>Superautomatický kávovar DeLonghi MAGNIFICA S</b> a další kousky z širokého výběru kvalitních malých domácích elektrospotřebičů!<br><br><p><b>Kávovar Superautomat Magnifica S</b> od <b>DeLonghi</b> je efektivní a praktickou volbou pro milovníky kávy, kteří chtějí profesionální kvalitu doma nebo v malých kancelářích. Jeho design kombinuje <b>černé a šedé barvy</b> s konstrukcí z <b>odolného plastu</b>, což zajišťuje l",Pop Pulse Emporium,,,,,658.16,25,NEW,49.8,30.4,40.8,11.74,61767.94,CZK,2,8,3
S7187464,8004399025370,cs-CZ,Casa e arredamento,"Superautomatický kávovar DeLonghi Ecam220.22.gb 1,8 L","Jestli hledáte vhodné elektrospotřebiče za špičkové ceny, nesmí vám uniknout <b>Superautomatický kávovar DeLonghi Ecam220.22.gb 1,8 L</b> a další kous","Jestli hledáte vhodné elektrospotřebiče za špičkové ceny, nesmí vám uniknout <b>Superautomatický kávovar DeLonghi Ecam220.22.gb 1,8 L</b> a další kousky z širokého výběru kvalitních malých domácích elektrospotřebičů!<br><br><p><b>Magnifica Start</b> od DeLonghi je <b>plně automatický kávovar</b> navržený tak, aby nabízel jednoduchý a kompletní zážitek při přípravě espressa doma nebo v menším profesionálním prostředí. Tento kávovar vyniká robustním <b>tlakem 15 barů</b>, který zajišťuje optimální",Pop Pulse Emporium,,,,,661.9,25,NEW,51.9,41.3,30.3,11.65,64947.14,CZK,2,8,3
S6101308,0040102790201,cs-CZ,Articoli da cucina e per la casa,Zastřihovač pro mazlíčky Andis DBLC-2 Pulse ZR II Plastické,"Pokud hledáte nejnovější trendy na trhu, máme tu čest vám představit <b>Zastřihovač pro mazlíčky Andis DBLC-2 Pulse ZR II Plastické</b>!<br><br><ul><l","Pokud hledáte nejnovější trendy na trhu, máme tu čest vám představit <b>Zastřihovač pro mazlíčky Andis DBLC-2 Pulse ZR II Plastické</b>!<br><br><ul><li>Typ: <ul><li>Maskoti</li><li>Zastřihovač pro mazlíčky</li></ul></li><li>Doporučené použití: <ul><li>Dlouhovláska</li><li>Shorthaired</li></ul></li><li>Vlastnosti: <ul><li>Dobíjecí baterie</li><li>Bezdrátová</li><li>5 rychlosti</li></ul></li><li>Přibližná výdrž: 3 hodin</li><li>Obsahuje: <ul><li>Dokovací nabíječka</li><li>Baterie x 2</li></ul></li",Pop Pulse Emporium,https://cdnbigbuy.com/images/0040102790201_00_WBG3.jpg,,,,615.2,9,NEW,34.3,11.2,22.9,0.47,8797.26,CZK,2,8,3
M1200692,4021176029073,cs-CZ,Giardinaggio e fai da te,Stahovák ložisek KUKKO 2 Nohy,"Pokud při zařizování vašeho domova kladete důraz na všelijaké detaily a chcete být průběžně informován o nejnovějších produktech, které vám usnadní ži","Pokud při zařizování vašeho domova kladete důraz na všelijaké detaily a chcete být průběžně informován o nejnovějších produktech, které vám usnadní život, nakupujte <b>Stahovák ložisek KUKKO 2 Nohy</b> za tu nejlepší cenu.<br><br><ul><li>Nohy: 2 Nohy</li><li>Vlastnosti: Nohy s klouby</li><li>Typ: Stahovák ložisek</li><li>Rozsah: 540 mm</li></ul>",Pop Pulse Emporium,https://cdnbigbuy.com/images/4021176029073_M1200692_P00.jpg,https://cdnbigbuy.com/images/4021176029073_M1200692_P10.jpg,,,695.44,2,NEW,71.0,22.0,11.0,8.54,17182.0,CZK,2,8,3
S71023597,8007411013942,cs-CZ,Casa e arredamento,Parní čistič POLTI RollySteam WD40C,"Jestli hledáte vhodné elektrospotřebiče za špičkové ceny, nesmí vám uniknout <b>Parní čistič POLTI RollySteam WD40C</b> a další kousky z širokého výbě","Jestli hledáte vhodné elektrospotřebiče za špičkové ceny, nesmí vám uniknout <b>Parní čistič POLTI RollySteam WD40C</b> a další kousky z širokého výběru kvalitních malých domácích elektrospotřebičů!<br><br><p><b>Vaporeta RollySteam WD40C od POLTI</b> je efektivní a všestranné čisticí zařízení navržené pro ty, kteří hledají praktičnost a samostatnost při domácím úklidu. Jedná se o <b>přenosný</b> a <b>bezdrátový</b> model napájený <b>baterií</b>, což usnadňuje použití bez omezení kabelem a umožňu",Pop Pulse Emporium,,,,,869.66,25,NEW,79.0,36.0,20.0,7.8,56880.0,CZK,2,8,3
S71011414,3165140988155,cs-CZ,Giardinaggio e fai da te,Nastavovací čtverec BOSCH D-Tect 200 C,"Pokud hledáte nejnovější trendy na trhu, máme tu čest vám představit <b>Nastavovací čtverec BOSCH D-Tect 200 C</b>!<br><br><p><b>Detektor stěn Bosch P","Pokud hledáte nejnovější trendy na trhu, máme tu čest vám představit <b>Nastavovací čtverec BOSCH D-Tect 200 C</b>!<br><br><p><b>Detektor stěn Bosch Professional D-Tect 200 C</b> je pokročilý nástroj určený profesionálům, kteří vyžadují přesnost a spolehlivost při detekci materiálů ve stěnách a konstrukcích. Toto zařízení značky <b>BOSCH</b> kombinuje sofistikovanou detekční technologii s <b>integrovanou kamerou</b>, která umožňuje jasně zobrazit umístění kabelů, trubek či jiných skrytých předmě",Pop Pulse Emporium,https://cdnbigbuy.com/images/3165140988155_S71011414_P00.jpg,https://cdnbigbuy.com/images/3165140988155_S71011414_P10.jpg,https://cdnbigbuy.com/images/3165140988155_S71011414_P20.jpg,,1351.4,2,NEW,37.0,60.0,16.0,3.55,35520.0,CZK,2,8,3
S7158784,3308815073835,cs-CZ,Casa e arredamento,Filtr pro baterii SFA,"Pokud při zařizování vašeho domova kladete důraz na všelijaké detaily a chcete být průběžně informován o nejnovějších produktech, které vám usnadní ži","Pokud při zařizování vašeho domova kladete důraz na všelijaké detaily a chcete být průběžně informován o nejnovějších produktech, které vám usnadní život, nakupujte <b>Filtr pro baterii SFA</b> za tu nejlepší cenu.",Pop Pulse Emporium,,,,,842.34,4,NEW,23.0,32.0,46.0,6.68,33856.0,CZK,2,8,3
S0465050,8806095052960,cs-CZ,Casa e arredamento,Tyčový vysavač Samsung VS20C9542TN/WA,"Jestli hledáte vhodné elektrospotřebiče za špičkové ceny, nesmí vám uniknout <b>Tyčový vysavač Samsung VS20C9542TN/WA</b> a další kousky z širokého vý","Jestli hledáte vhodné elektrospotřebiče za špičkové ceny, nesmí vám uniknout <b>Tyčový vysavač Samsung VS20C9542TN/WA</b> a další kousky z širokého výběru kvalitních malých domácích elektrospotřebičů!<br><br><p>Aspirátor <b>Samsung</b> je ideálním řešením pro ty, kteří hledají efektivitu a všestrannost při úklidu domova. S elegantním designem ve dvou odstínech, <b>černé</b> a <b>zelené</b>, tento aspirátor kombinuje estetiku a funkčnost, čímž se stává atraktivním prvkem v každém prostoru. Vyrobe",Pop Pulse Emporium,,,,,644.78,18,NEW,49.9,33.1,48.0,4.64,79281.12,CZK,2,8,3
M1206183,7640110697535,cs-CZ,Giardinaggio e fai da te,Laserová vodováha s čarami Leica Geosystems L2G,"Pokud při zařizování vašeho domova kladete důraz na všelijaké detaily a chcete být průběžně informován o nejnovějších produktech, které vám usnadní ži","Pokud při zařizování vašeho domova kladete důraz na všelijaké detaily a chcete být průběžně informován o nejnovějších produktech, které vám usnadní život, nakupujte <b>Laserová vodováha s čarami Leica Geosystems L2G</b> za tu nejlepší cenu.<br><br><ul><li>Typ: Laserová vodováha s čarami</li><li>Přesnost: ± 0,2 MM/M</li><li>Rozsah: 35-80 m</li><li>Barva: Černý</li><li>Stupeň krytí: IP54</li><li>Obsahuje: Dobíjecí lithiová baterie</li><li>Šířka: 11 cm</li><li>Typ baterie: Litio Ion</li><li>Velikos",Pop Pulse Emporium,https://cdnbigbuy.com/images/7640110697535_M1206183_P00.jpg,https://cdnbigbuy.com/images/7640110697535_I10.jpg,https://cdnbigbuy.com/images/7640110697535_M1206183_P50.jpg,https://cdnbigbuy.com/images/7640110697535_M1206183_P10.jpg,675.92,5,NEW,33.5,38.0,17.0,4.1,21641.0,CZK,2,8,3
S71002912,3661546406236,cs-CZ,Sport e attività all'aperto,Hoverboard Beeper FX55-8 Bílý,Zůstaňte ve formě a objevujte poslední novinky ze sportovního světa s největšími zárukami! Nakupte <b>Hoverboard Beeper FX55-8 Bílý</b> za nejlepší ce,"Zůstaňte ve formě a objevujte poslední novinky ze sportovního světa s největšími zárukami! Nakupte <b>Hoverboard Beeper FX55-8 Bílý</b> za nejlepší cenu a užívejte si života plného zdraví!<br><br><ul><li>Příkon: 850 W</li><li>Rychlost: 25 km/h</li><li>Přibližná výdrž: 25 km</li><li>Typ: Hoverboard</li><li>Zásuvný produkt: Ano</li><li>Důležité informace: Pokud značka nezaregistrovala skútr, majitel bude muset projít ITV nebo TÜV, aby získal „EBE“ nebo individuální povolení k provozu.</li><li>Typ ",Pop Pulse Emporium,https://cdnbigbuy.com/images/3661546406236_S71002912_P00.jpg,https://cdnbigbuy.com/images/3661546406236_S71002912_P10.jpg,https://cdnbigbuy.com/images/3661546406236_S71002912_P20.jpg,,1484.54,2,NEW,116.0,22.0,57.0,21.0,145464.0,CZK,2,8,3
S71016755,5061042262905,cs-CZ,Casa e arredamento,Robotický vysavač iRobot,"Pokud hledáte nejnovější trendy na trhu, máme tu čest vám představit <b>Robotický vysavač iRobot</b>!<br><br><p><b>iRobot 405 PLUS COMBO</b> je pokroč","Pokud hledáte nejnovější trendy na trhu, máme tu čest vám představit <b>Robotický vysavač iRobot</b>!<br><br><p><b>iRobot 405 PLUS COMBO</b> je pokročilý <b>robotický vysavač</b> navržený pro usnadnění domácího úklidu s vysokou mírou autonomie a funkčnosti. Jeho <b>kulatý</b> design v <b>bílé</b> barvě přispívá k efektivní navigaci přizpůsobené různým prostorům domácnosti, umožňující důkladný úklid i v těžko přístupných místech. Tento model obsahuje technologii skenování <b>LiDAR Clearview</b>, ",Pop Pulse Emporium,,,,,1189.92,25,NEW,39.2,38.7,30.3,13.42,45966.31,CZK,2,8,3
S0463774,7333394069951,cs-CZ,Casa e arredamento,Indukční Plotýnka AEG,"Pokud hledáte nejnovější trendy na trhu, máme tu čest vám představit <b>Indukční Plotýnka AEG</b>!<br><br><ul><li>Typ: Indukční Plotýnka</li><li>Zásuv","Pokud hledáte nejnovější trendy na trhu, máme tu čest vám představit <b>Indukční Plotýnka AEG</b>!<br><br><ul><li>Typ: Indukční Plotýnka</li><li>Zásuvný produkt: Ano</li></ul>",Pop Pulse Emporium,,,,,751.1,50,NEW,33.4,49.5,27.5,6.95,45465.75,CZK,2,8,3
S0408379,8437004003010,cs-CZ,Casa e arredamento,Sklokeramická deska Vitrokitchen 301TGN 60 cm Černý (5 Místo pro vaření),"Jestliže chcete renovovat svou kuchyň, kupte si <b>Sklokeramická deska Vitrokitchen 301TGN 60 cm Černý (5 Místo pro vaření)</b> a další <b>produkty Vi","Jestliže chcete renovovat svou kuchyň, kupte si <b>Sklokeramická deska Vitrokitchen 301TGN 60 cm Černý (5 Místo pro vaření)</b> a další <b>produkty Vitrokitchen</b>! Nejlepší kvalitu za nejlepší cenu máte na dosah!<br><br><ul><li>Materiál: Vitrokeramika</li><li>Zásuvný produkt: Ano</li><li>Typ zástrčky: Zástrčka EU</li><li>Vlastnosti: <ul><li>Bezpečnostní ventil</li><li>Dotykový knoflík</li><li>Dotyková obrazovka</li></ul></li><li>Typ: Indukční Plotýnka</li><li>Barva: Černý</li><li>Místo pro vař",Pop Pulse Emporium,,,,,1108.52,1,NEW,69.0,68.0,19.0,14.0,89148.0,CZK,2,8,3
S71014437,4059952687322,cs-CZ,Giardinaggio e fai da te,Elektrická šroubovák BOSCH GSR 18V-110C + GDR 18V-210C 18V,"Pokud při zařizování vašeho domova kladete důraz na všelijaké detaily a chcete být průběžně informován o nejnovějších produktech, které vám usnadní ži","Pokud při zařizování vašeho domova kladete důraz na všelijaké detaily a chcete být průběžně informován o nejnovějších produktech, které vám usnadní život, nakupujte <b>Elektrická šroubovák BOSCH GSR 18V-110C + GDR 18V-210C 18V</b> za tu nejlepší cenu.<br><br><p>Sada <b>GSR 18V-110C + GDR 18V-210C</b> od Bosch obsahuje dva profesionální bezdrátové nástroje navržené pro všestrannost a výkon při šroubování a utahování. Tento set zahrnuje <b>rázovou vrtačku šroubovák GSR 18V-110C</b> a <b>bezdrátý r",Pop Pulse Emporium,https://cdnbigbuy.com/images/4059952687322_S71014437_P00.jpg,,,,1043.42,1,NEW,46.0,38.0,33.0,11.2,57684.0,CZK,2,8,3
S71019848,6977328064912,cs-CZ,Casa e arredamento,Robotický vysavač Dreame,"Pokud při zařizování vašeho domova kladete důraz na všelijaké detaily a chcete být průběžně informován o nejnovějších produktech, které vám usnadní ži","Pokud při zařizování vašeho domova kladete důraz na všelijaké detaily a chcete být průběžně informován o nejnovějších produktech, které vám usnadní život, nakupujte <b>Robotický vysavač Dreame</b> za tu nejlepší cenu.<br><br><p><b>Dreame X50 MASTER</b> je <b>robotický vysavač</b> navržený pro efektivní a pohodlný úklid domácnosti. Tento model má elegantní černé <b>provedení</b> a <b>kulatý</b> design s přibližným průměrem <b>35 cm</b>, což mu umožňuje snadno manévrovat mezi místnostmi a dostat s",Pop Pulse Emporium,,,,,2482.16,10,NEW,56.0,49.0,50.0,21.65,137200.0,CZK,2,8,3
S7149787,8004399331136,cs-CZ,Casa e arredamento,Superautomatický kávovar DeLonghi ECAM 350.35.SB Stříbřitý,"Jestli hledáte vhodné elektrospotřebiče za špičkové ceny, nesmí vám uniknout <b>Superautomatický kávovar DeLonghi ECAM 350.35.SB Stříbřitý</b> a další","Jestli hledáte vhodné elektrospotřebiče za špičkové ceny, nesmí vám uniknout <b>Superautomatický kávovar DeLonghi ECAM 350.35.SB Stříbřitý</b> a další kousky z širokého výběru kvalitních malých domácích elektrospotřebičů!<br><br><p><b>Superautomatický kávovar DeLonghi ECAM 350.35.SB</b> kombinuje design a funkčnost pro pokročilý zážitek z přípravy kávy doma nebo v menších profesionálních prostředích. Má <b>integrovaný mlýnek</b>, který mele zrna přesně v okamžiku přípravy, což zaručuje čerstvost",Pop Pulse Emporium,,,,,893.26,10,NEW,50.2,30.2,40.8,11.76,61854.43,CZK,2,8,3
S7188065,3165140964579,cs-CZ,Giardinaggio e fai da te,Úhlová bruska BOSCH GWX 18V-15 S 1500 W 18 V,"Pokud při zařizování vašeho domova kladete důraz na všelijaké detaily a chcete být průběžně informován o nejnovějších produktech, které vám usnadní ži","Pokud při zařizování vašeho domova kladete důraz na všelijaké detaily a chcete být průběžně informován o nejnovějších produktech, které vám usnadní život, nakupujte <b>Úhlová bruska BOSCH GWX 18V-15 S 1500 W 18 V</b> za tu nejlepší cenu.<br><br><ul><li>Zásuvný produkt: Ano</li><li>Typ zástrčky: Zástrčka EU</li><li>Vlastnosti: Dvojitá rukojeť</li><li>Příkon: 1500 W</li><li>Napětí: 18 V</li><li>Nápajecí Zdroj: Baterie</li><li>Přibližný průměr: 125 mm</li><li>Motor: Bez smetáčků</li><li>Funguje na ",Pop Pulse Emporium,https://cdnbigbuy.com/images/3165140964579_S7188065_P01.jpg,https://cdnbigbuy.com/images/3165140964579_S7188065_P11.jpg,https://cdnbigbuy.com/images/3165140964579_S7188065_P21.jpg,https://cdnbigbuy.com/images/3165140964579_S7188065_P31.jpg,1251.66,2,NEW,35.6,44.2,13.6,7.92,21399.87,CZK,2,8,3
S71000681,4004025094873,cs-CZ,Giardinaggio e fai da te,Elektrická stříkací pistole Wagner Control Pro 350R SET,"Pokud při zařizování vašeho domova kladete důraz na všelijaké detaily a chcete být průběžně informován o nejnovějších produktech, které vám usnadní ži","Pokud při zařizování vašeho domova kladete důraz na všelijaké detaily a chcete být průběžně informován o nejnovějších produktech, které vám usnadní život, nakupujte <b>Elektrická stříkací pistole Wagner Control Pro 350R SET</b> za tu nejlepší cenu.<br><br><ul><li>Příkon: 600 W</li><li>Napětí: 220 V</li><li>Délka kabelu: 15 m</li></ul>",Pop Pulse Emporium,https://cdnbigbuy.com/images/4004025094873_S71000681_P00.jpg,https://cdnbigbuy.com/images/4004025094873_S71000681_P50.jpg,https://cdnbigbuy.com/images/4004025094873_S71000681_P10.jpg,https://cdnbigbuy.com/images/4004025094873_S71000681_P20.jpg,1174.28,10,NEW,34.6,46.6,40.6,9.46,65461.82,CZK,2,8,3
S0440076,8435356365442,cs-CZ,Giardinaggio e fai da te,"Zásobník na vodu Osmofilter ECO1600 4,8 L 535 W","Pokud při zařizování vašeho domova kladete důraz na všelijaké detaily a chcete být průběžně informován o nejnovějších produktech, které vám usnadní ži","Pokud při zařizování vašeho domova kladete důraz na všelijaké detaily a chcete být průběžně informován o nejnovějších produktech, které vám usnadní život, nakupujte <b>Zásobník na vodu Osmofilter ECO1600 4,8 L 535 W</b> za tu nejlepší cenu.<br><br><p><b>Distribuční zařízení na vodu ECO1600</b> od <b>Osmofilter</b> je pokročilá jednotka <b>reverzní osmózy</b> navržená pro dodávku vysoce kvalitní čisté vody prostřednictvím efektivního a kompaktního systému. Disponuje <b>zásobníkem studené vody o o",Pop Pulse Emporium,https://cdnbigbuy.com/images/8435356365442_S0440076_P02.jpg,,,,616.56,1,NEW,11.0,33.0,37.0,1.0,13431.0,CZK,2,8,3
S7191839,3165140807944,cs-CZ,Giardinaggio e fai da te,Vrtací kladivo BOSCH PROFESSIONAL SDS plus GBH 2.6 J 1300 rpm,"Pokud při zařizování vašeho domova kladete důraz na všelijaké detaily a chcete být průběžně informován o nejnovějších produktech, které vám usnadní ži","Pokud při zařizování vašeho domova kladete důraz na všelijaké detaily a chcete být průběžně informován o nejnovějších produktech, které vám usnadní život, nakupujte <b>Vrtací kladivo BOSCH PROFESSIONAL SDS plus GBH 2.6 J 1300 rpm</b> za tu nejlepší cenu.<br><br><ul><li>Nápajecí Zdroj: <ul><li>Baterie</li><li>Dobíjecí baterie</li></ul></li><li>Není zahrnut: Baterie</li><li>Motor: Bez smetáčků</li><li>Obsahuje: Aktovka</li><li>Vlastnosti: <ul><li>Dvojitá rukojeť</li><li>LED Světlý</li></ul></li><l",Pop Pulse Emporium,https://cdnbigbuy.com/images/3165140807944_I01.jpg,https://cdnbigbuy.com/images/3165140807944_S7191839_P41.jpg,https://cdnbigbuy.com/images/3165140807944_S7191839_P01.jpg,https://cdnbigbuy.com/images/3165140807944_S7191839_P11.jpg,621.04,1,NEW,35.6,44.0,13.6,5.76,21303.04,CZK,2,8,3
S71013835,0622356298414,cs-CZ,Casa e arredamento,Robotický vysavač Shark,"Pokud při zařizování vašeho domova kladete důraz na všelijaké detaily a chcete být průběžně informován o nejnovějších produktech, které vám usnadní ži","Pokud při zařizování vašeho domova kladete důraz na všelijaké detaily a chcete být průběžně informován o nejnovějších produktech, které vám usnadní život, nakupujte <b>Robotický vysavač Shark</b> za tu nejlepší cenu.<br><br><ul><li>Zásuvný produkt: Ano</li><li>Typ zástrčky: Zástrčka EU</li><li>Barva: Černý</li><li>Tvar: Kulatý</li><li>Kompatibilní: <ul><li>Amazon Alexa</li><li>Google Home</li></ul></li><li>Přibližný průměr: Ø 34 cm</li></ul>",Pop Pulse Emporium,,,,,811.56,25,NEW,39.2,38.7,30.3,5.51,45966.31,CZK,2,8,3
S0461663,4066529125712,cs-CZ,Giardinaggio e fai da te,Vysokotlaký čistič Kärcher K7 PREMIUM,"Pokud hledáte nejnovější trendy na trhu, máme tu čest vám představit <b>Vysokotlaký čistič Kärcher K7 PREMIUM</b>!<br><br><p><b>K7 PREMIUM</b> od Kärc","Pokud hledáte nejnovější trendy na trhu, máme tu čest vám představit <b>Vysokotlaký čistič Kärcher K7 PREMIUM</b>!<br><br><p><b>K7 PREMIUM</b> od Kärcher je <b>vysokotlaký čistič</b>, který kombinuje výkon a funkčnost pro efektivní čištění venkovních ploch. Jeho charakteristická <b>žlutá barva</b> zajišťuje viditelnost a okamžité rozpoznání, zatímco <b>napájení ze sítě</b> garantuje stálý přísun energie během provozu. S <b>maximálním tlakem 180 barů</b> dokáže tento čistič účinně odstranit zasch",Pop Pulse Emporium,https://cdnbigbuy.com/images/4066529125712_S0461663_P00.jpg,,,,845.38,2,NEW,45.3,38.7,40.8,8.77,71526.89,CZK,2,8,3
S71008535,4061792199200,cs-CZ,Giardinaggio e fai da te,Vrtací kladivo Metabo MH 5,"Pokud při zařizování vašeho domova kladete důraz na všelijaké detaily a chcete být průběžně informován o nejnovějších produktech, které vám usnadní ži","Pokud při zařizování vašeho domova kladete důraz na všelijaké detaily a chcete být průběžně informován o nejnovějších produktech, které vám usnadní život, nakupujte <b>Vrtací kladivo Metabo MH 5</b> za tu nejlepší cenu.<br><br><ul><li>Zásuvný produkt: Ano</li><li>Typ zástrčky: Zástrčka EU</li><li>Příkon: 1100 W</li><li>Funguje na baterie: Ano</li><li>Nápajecí Zdroj: Proud CC/CA</li></ul>",Pop Pulse Emporium,https://cdnbigbuy.com/images/4061792199200_S71008535_P00.jpg,https://cdnbigbuy.com/images/4061792199200_S71008535_P10.jpg,,,722.88,8,NEW,59.8,40.8,14.0,9.54,34157.76,CZK,2,8,3
S7106456,4078500053082,cs-CZ,Giardinaggio e fai da te,Elektrická sekačka na trávu Gardena 15201-26,"Pokud při zařizování vašeho domova kladete důraz na všelijaké detaily a chcete být průběžně informován o nejnovějších produktech, které vám usnadní ži","Pokud při zařizování vašeho domova kladete důraz na všelijaké detaily a chcete být průběžně informován o nejnovějších produktech, které vám usnadní život, nakupujte <b>Elektrická sekačka na trávu Gardena 15201-26</b> za tu nejlepší cenu.<br><br><ul><li>Zásuvný produkt: Ano</li><li>Typ zástrčky: Zástrčka EU</li><li>Materiál: Plastické</li><li>Funguje na baterie: Ano</li><li>Vlastnosti: Automatické</li><li>Typ baterie: Litio Ion</li></ul>",Pop Pulse Emporium,https://cdnbigbuy.com/images/4078500053082_S7106456_P00.jpg,,,,1173.22,25,NEW,58.0,51.0,31.0,12.6,91698.0,CZK,2,8,3
S71016632,0753759344122,cs-CZ,Sport e attività all'aperto,Sportovní náramek GARMIN Černý,"Pokud hledáte nejnovější trendy na trhu, máme tu čest vám představit <b>Sportovní náramek GARMIN Černý</b>!<br><br><ul><li>Typ hodinek: Sportovní nára","Pokud hledáte nejnovější trendy na trhu, máme tu čest vám představit <b>Sportovní náramek GARMIN Černý</b>!<br><br><ul><li>Typ hodinek: Sportovní náramek</li><li>Zásuvný produkt: Ano</li><li>Barva: Černý</li><li>Materiál: <ul><li>Sklo</li><li>Silikonové</li><li>Polymer</li></ul></li><li>Vlastnosti: <ul><li>Voděodolný</li><li>Urychlovač</li><li>Senzor světla prostředí</li><li>Gyroskop</li><li>Měřičem tepu</li><li>Manuál</li><li>Alarm</li><li>Teploměr</li><li>Uražená vzdálenost</li><li>Stopky</li>",Pop Pulse Emporium,https://cdnbigbuy.com/images/0753759344122_S71016632_P00.jpg,https://cdnbigbuy.com/images/0753759344122_S71016632_P20.jpg,https://cdnbigbuy.com/images/0753759344122_S71016632_P30.jpg,https://cdnbigbuy.com/images/0753759344122_S71016632_P40.jpg,1079.88,10,NEW,11.0,8.7,9.1,0.18,870.87,CZK,2,8,3
S1906954,8436607541165,cs-CZ,Giardinaggio e fai da te,Elektrická zástrčka Wallbox,"Pokud hledáte nejnovější trendy na trhu, máme tu čest vám představit <b>Elektrická zástrčka Wallbox</b>!<br><br><ul><li>Typ: Elektrická zástrčka</li><","Pokud hledáte nejnovější trendy na trhu, máme tu čest vám představit <b>Elektrická zástrčka Wallbox</b>!<br><br><ul><li>Typ: Elektrická zástrčka</li><li>Barva: Černý</li><li>Příkon: 7400 W</li></ul>",Pop Pulse Emporium,https://cdnbigbuy.com/images/8436607541165_S1906954_P00.jpg,https://cdnbigbuy.com/images/8436607541165_S1906954_P60.jpg,https://cdnbigbuy.com/images/8436607541165_S1906954_P20.jpg,https://cdnbigbuy.com/images/8436607541165_S1906954_P70.jpg,1962.4,2,NEW,40.0,40.0,20.0,5.1,32000.0,CZK,2,8,3
S8111301,8010072255859,cs-CZ,Casa e arredamento,Ruční přístroj na espresso Smeg EMC02BLMEU Černý 1350 W 15 bar 1 L,"Jestli hledáte vhodné elektrospotřebiče za špičkové ceny, nesmí vám uniknout <b>Ruční přístroj na espresso Smeg EMC02BLMEU Černý 1350 W 15 bar 1 L</b>","Jestli hledáte vhodné elektrospotřebiče za špičkové ceny, nesmí vám uniknout <b>Ruční přístroj na espresso Smeg EMC02BLMEU Černý 1350 W 15 bar 1 L</b> a další kousky z širokého výběru kvalitních malých domácích elektrospotřebičů!<br><br><ul><li>Typ zástrčky: Zástrčka EU</li><li>Zásuvný produkt: Ano</li><li>Typ: Ruční přístroj na espresso</li><li>Barva: Černý</li><li>Materiál: Nerezová ocel</li><li>Vlastnosti: <ul><li>Automatické vypínání</li><li>Vyjmutelný tác na kapání</li><li>Náustek na páru</",Pop Pulse Emporium,,,,,1774.38,1,NEW,34.2,33.2,34.3,5.48,38945.59,CZK,2,8,3
S7189699,4059952526157,cs-CZ,Giardinaggio e fai da te,Rámovací detektor BOSCH D-Tech wall detector 200 C,"Pokud při zařizování vašeho domova kladete důraz na všelijaké detaily a chcete být průběžně informován o nejnovějších produktech, které vám usnadní ži","Pokud při zařizování vašeho domova kladete důraz na všelijaké detaily a chcete být průběžně informován o nejnovějších produktech, které vám usnadní život, nakupujte <b>Rámovací detektor BOSCH D-Tech wall detector 200 C</b> za tu nejlepší cenu.<br><br><ul><li>Typ: Fotoaparát</li><li>Barva: Modrý</li><li>Napětí: 12 V</li><li>Nápajecí Zdroj: Baterie</li><li>Není zahrnut: Baterie</li></ul>",Pop Pulse Emporium,https://cdnbigbuy.com/images/4059952526157_S7189699_P00.jpg,https://cdnbigbuy.com/images/4059952526157_S7189699_P20.jpg,https://cdnbigbuy.com/images/4059952526157_S7189699_P30.jpg,https://cdnbigbuy.com/images/4059952526157_S7189699_P40.jpg,1187.78,2,NEW,44.0,35.0,14.0,2.82,21560.0,CZK,2,8,3
S7108969,4004025088018,cs-CZ,Giardinaggio e fai da te,Elektrická stříkací pistole Wagner,"Pokud při zařizování vašeho domova kladete důraz na všelijaké detaily a chcete být průběžně informován o nejnovějších produktech, které vám usnadní ži","Pokud při zařizování vašeho domova kladete důraz na všelijaké detaily a chcete být průběžně informován o nejnovějších produktech, které vám usnadní život, nakupujte <b>Elektrická stříkací pistole Wagner</b> za tu nejlepší cenu.<br><br><ul><li>Příkon: 550 W</li><li>Délka: 9 m</li><li>Tlakové: 110 BAR</li><li>Kapacita: 25 L</li><li>Země/oblast výroby: Francie</li><li>Typ zástrčky: Zástrčka EU</li></ul>",Pop Pulse Emporium,https://cdnbigbuy.com/images/4004025088018_S7108969_P01.jpg,https://cdnbigbuy.com/images/4004025088018_R21.jpg,https://cdnbigbuy.com/images/4004025088018_S7108969_P41.jpg,https://cdnbigbuy.com/images/4004025088018_R31.jpg,822.58,25,NEW,34.0,46.8,40.0,11.14,63648.0,CZK,2,8,3
S71016751,5061042263025,cs-CZ,Casa e arredamento,Robotický vysavač iRobot,"Pokud hledáte nejnovější trendy na trhu, máme tu čest vám představit <b>Robotický vysavač iRobot</b>!<br><br><ul><li>Typ zástrčky: Zástrčka EU</li><li","Pokud hledáte nejnovější trendy na trhu, máme tu čest vám představit <b>Robotický vysavač iRobot</b>!<br><br><ul><li>Typ zástrčky: Zástrčka EU</li><li>Zásuvný produkt: Ano</li><li>Barva: Černý</li><li>Vlastnosti: <ul><li>Snadný k čištění</li><li>Rozpoznává překážky</li></ul></li><li>Typ baterie: <ul><li>Nabíjecí</li><li>Litio Ion</li></ul></li><li>Připojení: Wi-Fi</li><li>Tvar: Kulatý</li><li>Kompatibilní: <ul><li>Amazon Alexa</li><li>Google Home</li></ul></li><li>Filtr: EPA</li></ul>",Pop Pulse Emporium,,,,,708.12,25,NEW,39.2,38.7,30.3,5.74,45966.31,CZK,2,8,3
S71020615,6939349520105,cs-CZ,Giardinaggio e fai da te,Robot sekačka trávy LawnMaster,"Pokud hledáte nejnovější trendy na trhu, máme tu čest vám představit <b>Robot sekačka trávy LawnMaster</b>!<br><br><ul><li>Přibližné rozměry: 36 x 24 ","Pokud hledáte nejnovější trendy na trhu, máme tu čest vám představit <b>Robot sekačka trávy LawnMaster</b>!<br><br><ul><li>Přibližné rozměry: 36 x 24 x 53 cm</li></ul>",Pop Pulse Emporium,https://cdnbigbuy.com/images/6939349520105_S71020615_P00.jpg,https://cdnbigbuy.com/images/6939349520105_S71020615_P30.jpg,https://cdnbigbuy.com/images/6939349520105_S71020615_P40.jpg,https://cdnbigbuy.com/images/6939349520105_S71020615_P10.jpg,797.32,25,NEW,53.0,36.0,24.0,8.8,45792.0,CZK,2,8,3
S7197690,4061275199802,cs-CZ,Casa e arredamento,Robotický vysavač Medion,"Pokud při zařizování vašeho domova kladete důraz na všelijaké detaily a chcete být průběžně informován o nejnovějších produktech, které vám usnadní ži","Pokud při zařizování vašeho domova kladete důraz na všelijaké detaily a chcete být průběžně informován o nejnovějších produktech, které vám usnadní život, nakupujte <b>Robotický vysavač Medion</b> za tu nejlepší cenu.<br><br><ul><li>Typ: Robotický vysavač</li><li>Zásuvný produkt: Ano</li><li>Typ zástrčky: Zástrčka EU</li><li>Barva: <ul><li>Bílý</li><li>Černá/bílá</li></ul></li><li>Materiál: Plastické</li><li>Tvar: Kulatý</li><li>Kompatibilní: <ul><li>Amazon Alexa</li><li>Google Home</li></ul></l",Pop Pulse Emporium,,,,,701.7,1,NEW,48.0,42.2,35.2,12.42,71301.12,CZK,2,8,3
S0463728,0622356283717,cs-CZ,Casa e arredamento,Tyčový vysavač Shark IP3251EUT,"Jestli hledáte vhodné elektrospotřebiče za špičkové ceny, nesmí vám uniknout <b>Tyčový vysavač Shark IP3251EUT</b> a další kousky z širokého výběru kv","Jestli hledáte vhodné elektrospotřebiče za špičkové ceny, nesmí vám uniknout <b>Tyčový vysavač Shark IP3251EUT</b> a další kousky z širokého výběru kvalitních malých domácích elektrospotřebičů!<br><br><p><b>Tyčový vysavač Shark IP3251EUT</b> je inovativní řešení úklidu navržené pro praktičnost a efektivitu v domácnosti. Díky <b>21,6V baterii</b> nabízí dostatečnou výdrž pro rychlý úklid bez závislosti na kabelu, což zajišťuje volnost pohybu a snadné použití. Jeho <b>šedá barva</b> dodává neutrál",Pop Pulse Emporium,,,,,624.38,10,NEW,49.9,33.1,48.0,4.64,79281.12,CZK,2,8,3
S7149789,8004399331167,cs-CZ,Casa e arredamento,Superautomatický kávovar DeLonghi ECAM 350.55.B Černý 300 g,"Jestli hledáte vhodné elektrospotřebiče za špičkové ceny, nesmí vám uniknout <b>Superautomatický kávovar DeLonghi ECAM 350.55.B Černý 300 g</b> a dalš","Jestli hledáte vhodné elektrospotřebiče za špičkové ceny, nesmí vám uniknout <b>Superautomatický kávovar DeLonghi ECAM 350.55.B Černý 300 g</b> a další kousky z širokého výběru kvalitních malých domácích elektrospotřebičů!<br><br><p><b>Superautomatický kávovar DeLonghi ECAM 350.55.B</b> kombinuje funkční design a pokročilou technologii pro kompletní zážitek při přípravě espressa doma nebo ve středně velkých profesionálních prostorách. S <b>černým provedením a odolnou plastovou konstrukcí</b> nab",Pop Pulse Emporium,,,,,1258.8,5,NEW,50.4,30.6,49.8,13.52,76803.55,CZK,2,8,3
M1300629,4895251643764,cs-CZ,Giardinaggio e fai da te,Přenosná elektrárna Ecoflow Stream Ultra 800 W,"Pokud hledáte nejnovější trendy na trhu, máme tu čest vám představit <b>Přenosná elektrárna Ecoflow Stream Ultra 800 W</b>!<br><br><ul><li>Typ: Přenos","Pokud hledáte nejnovější trendy na trhu, máme tu čest vám představit <b>Přenosná elektrárna Ecoflow Stream Ultra 800 W</b>!<br><br><ul><li>Typ: Přenosná elektrárna</li><li>Příkon: 800 W</li><li>životnost: 6000 cyklů</li><li>Složení: litio-ferrofosfato (lifepo4)</li><li>ochrana: IP65</li><li>Hlučnost: 30 dB</li><li>Typ zatížení: <ul><li>Solární</li><li>Elektrický proud</li></ul></li><li>Vlastnosti: <ul><li>Lehký, praktický a snadno použitelný</li><li>Dálkové ovládání</li><li>Rychlé dobíjení</li><",Pop Pulse Emporium,https://cdnbigbuy.com/images/4895251643764_M1300629_P00.jpg,https://cdnbigbuy.com/images/4895251643764_M1300629_P160.jpg,https://cdnbigbuy.com/images/4895251643764_M1300629_P120.jpg,https://cdnbigbuy.com/images/4895251643764_M1300629_P40.jpg,4541.34,5,NEW,31.3,37.3,57.3,26.8,66897.18,CZK,2,8,3
S64161105,8437024438007,cs-CZ,Sport e attività all'aperto,Nafukovací prkno na paddle surf s příslušenstvím Winvey SUP-O Oranžový,Zůstaňte ve formě a objevujte poslední novinky ze sportovního světa s největšími zárukami! Nakupte <b>Nafukovací prkno na paddle surf s příslušenstvím,Zůstaňte ve formě a objevujte poslední novinky ze sportovního světa s největšími zárukami! Nakupte <b>Nafukovací prkno na paddle surf s příslušenstvím Winvey SUP-O Oranžový</b> za nejlepší cenu a užívejte si života plného zdraví!<br><br><ul><li>Typ: Nafukovací prkno na paddle surf s příslušenstvím</li><li>Barva: Oranžový</li><li>Pohlaví: <ul><li>Unisex</li><li>Unisex dospělí</li></ul></li><li>Doporučený věk: Dospělé</li><li>Materiál: Polyester</li><li>Složení: Polyester</li><li>úrovně: Začáteční,Pop Pulse Emporium,https://cdnbigbuy.com/images/8437024438007_S64161105_P00.jpg,https://cdnbigbuy.com/images/8437024438007_S64161105_P70.jpg,https://cdnbigbuy.com/images/8437024438007_S64161105_P30.jpg,https://cdnbigbuy.com/images/8437024438007_S64161105_P40.jpg,647.72,9,NEW,36.8,70.1,42.4,12.46,109378.43,CZK,2,8,3
S0462276,4242006316389,cs-CZ,Casa e arredamento,Trouba Balay 3CW5179B3,"Pokud hledáte nejnovější trendy na trhu, máme tu čest vám představit <b>Trouba Balay 3CW5179B3</b>!<br><br><ul><li>Typ trouby: Trouba</li><li>Zásuvný ","Pokud hledáte nejnovější trendy na trhu, máme tu čest vám představit <b>Trouba Balay 3CW5179B3</b>!<br><br><ul><li>Typ trouby: Trouba</li><li>Zásuvný produkt: Ano</li><li>Typ zástrčky: Zástrčka EU</li><li>Vlastnosti: Dotykový knoflík</li></ul>",Pop Pulse Emporium,,,,,1161.0,1,NEW,54.8,51.4,52.3,41.0,147314.46,CZK,2,8,3
S0459959,4242006308445,cs-CZ,Casa e arredamento,Indukční Plotýnka Balay 3EB960AH 60 cm,"Jestliže chcete renovovat svou kuchyň, kupte si <b>Indukční Plotýnka Balay 3EB960AH 60 cm</b> a další <b>produkty Balay</b>! Nejlepší kvalitu za nejle","Jestliže chcete renovovat svou kuchyň, kupte si <b>Indukční Plotýnka Balay 3EB960AH 60 cm</b> a další <b>produkty Balay</b>! Nejlepší kvalitu za nejlepší cenu máte na dosah!<br><br><ul><li>Typ: Indukční Plotýnka</li><li>Zásuvný produkt: Ano</li><li>Typ zástrčky: Zástrčka EU</li><li>Barva: Šedý</li><li>Šířka: 60 cm</li><li>Vlastnosti: <ul><li>Blokování pro děti</li><li>Vestavěný displej</li></ul></li><li>Typ instalace: Integrační</li><li>Místo pro vaření: 2</li><li>Automatické vypínání: Ano</li><",Pop Pulse Emporium,,,,,1349.34,2,NEW,69.0,68.0,19.0,10.0,89148.0,CZK,2,8,3
S71017612,6936905901019,cs-CZ,Casa e arredamento,Robotický vysavač Roborock QR 598,"Pokud hledáte nejnovější trendy na trhu, máme tu čest vám představit <b>Robotický vysavač Roborock QR 598</b>!<br><br><p><b>Roborock QR 598</b> je pok","Pokud hledáte nejnovější trendy na trhu, máme tu čest vám představit <b>Robotický vysavač Roborock QR 598</b>!<br><br><p><b>Roborock QR 598</b> je pokročilý <b>robotický vysavač</b> navržený pro inteligentní a efektivní úklid domácnosti. S sacím výkonem <b>8000 Pa</b> zajišťuje účinné odstranění prachu, nečistot a drobných odpadků z různých povrchů. Jeho válcový design v <b>černé barvě</b> umožňuje obratně manévrovat kolem nábytku a překážek při zachování kompletního pokrytí. Vybaven je navigačn",Pop Pulse Emporium,,,,,874.52,25,NEW,39.2,38.7,30.3,16.7,45966.31,CZK,2,8,3
S7153561,5011423190198,cs-CZ,Casa e arredamento,Kuchyňský robot Kenwood 0W20011138 Inox 5 L 1000W 1000 W 5 L Černý Červený,"Jestli hledáte vhodné elektrospotřebiče za špičkové ceny, nesmí vám uniknout <b>Kuchyňský robot Kenwood 0W20011138 Inox 5 L 1000W 1000 W 5 L Černý Čer","Jestli hledáte vhodné elektrospotřebiče za špičkové ceny, nesmí vám uniknout <b>Kuchyňský robot Kenwood 0W20011138 Inox 5 L 1000W 1000 W 5 L Černý Červený</b> a další kousky z širokého výběru kvalitních malých domácích elektrospotřebičů!<br><br><p><b>Kuchyňský robot Kenwood model 0W20011138</b> je zařízení navržené pro univerzálnost a výkon při přípravě pokrmů díky svému <b>motoru o výkonu 1000 W</b>, který zajišťuje efektivní práci při různých úkolech. Disponuje <b>nerezovou mísou s kapacitou 5",Pop Pulse Emporium,,,,,602.16,10,NEW,35.0,25.8,19.6,4.13,17698.8,CZK,2,8,3
S71001101,0622356268240,cs-CZ,Giardinaggio e fai da te,Elektrický Gril NINJA OG701EU Černý,"Jestli hledáte vhodné elektrospotřebiče za špičkové ceny, nesmí vám uniknout <b>Elektrický Gril NINJA OG701EU Černý</b> a další kousky z širokého výbě","Jestli hledáte vhodné elektrospotřebiče za špičkové ceny, nesmí vám uniknout <b>Elektrický Gril NINJA OG701EU Černý</b> a další kousky z širokého výběru kvalitních malých domácích elektrospotřebičů!<br><br><ul><li>Barva: Černý</li><li>Zásuvný produkt: Ano</li><li>Typ zástrčky: Zástrčka EU</li><li>Typ: <ul><li>Vzduchová fritéza</li><li>Elektrický Gril</li></ul></li><li>Příkon: 2400 W</li><li>Vlastnosti: Grill</li></ul>",Pop Pulse Emporium,https://cdnbigbuy.com/images/0622356268240_S71001101_P00.jpg,https://cdnbigbuy.com/images/0622356268240_S71001101_P80.jpg,https://cdnbigbuy.com/images/0622356268240_S71001101_P40.jpg,https://cdnbigbuy.com/images/0622356268240_S71001101_P50.jpg,657.4,25,NEW,43.0,53.5,52.8,19.45,121466.4,CZK,2,8,3
S71022626,5400338128639,cs-CZ,Giardinaggio e fai da te,Sada pro malé stavitele Powerplus (4 kusů),"Pokud při zařizování vašeho domova kladete důraz na všelijaké detaily a chcete být průběžně informován o nejnovějších produktech, které vám usnadní ži","Pokud při zařizování vašeho domova kladete důraz na všelijaké detaily a chcete být průběžně informován o nejnovějších produktech, které vám usnadní život, nakupujte <b>Sada pro malé stavitele Powerplus (4 kusů)</b> za tu nejlepší cenu.<br><br><ul><li>Zásuvný produkt: Ano</li><li>Obsahuje: 4</li><li>Typ zástrčky: Zástrčka EU</li><li>Barva: Oranžový</li><li>Materiál: <ul><li>Kov</li><li>Plastické</li></ul></li><li>Kusů: 4 kusů</li></ul>",Pop Pulse Emporium,https://cdnbigbuy.com/images/5400338128639_S71022626_P00.jpg,https://cdnbigbuy.com/images/5400338128639_S71022626_P20.jpg,https://cdnbigbuy.com/images/5400338128639_S71022626_P30.jpg,https://cdnbigbuy.com/images/5400338128639_S71022626_P40.jpg,664.26,8,NEW,40.0,59.0,42.0,15.03,99120.0,CZK,2,8,3
S71017611,6936905900920,cs-CZ,Casa e arredamento,Robotický vysavač Roborock QREVO 5AE,"Pokud hledáte nejnovější trendy na trhu, máme tu čest vám představit <b>Robotický vysavač Roborock QREVO 5AE</b>!<br><br><p><b>ROBOROCK QREVO 5AE</b> ","Pokud hledáte nejnovější trendy na trhu, máme tu čest vám představit <b>Robotický vysavač Roborock QREVO 5AE</b>!<br><br><p><b>ROBOROCK QREVO 5AE</b> je pokročilý <b>robotický vysavač</b> navržený pro efektivní a pohodlný úklid domácnosti. Využívá inovativní <b>technologii iTech SmartGyro 2.0</b>, která zajišťuje přesnou navigaci a optimální pokrytí celé plochy, přičemž vyhýbá se překážkám a zakázaným zónám. S výkonem sání <b>12 000 Pa</b> dokáže odstranit nečistoty, prach a zbytky z různých typ",Pop Pulse Emporium,,,,,1199.36,25,NEW,39.2,38.7,30.3,16.52,45966.31,CZK,2,8,3
S7197771,4046664154082,cs-CZ,Giardinaggio e fai da te,Sekačka na trávu na baterie Scheppach RobocutXXL900,"Pokud při zařizování vašeho domova kladete důraz na všelijaké detaily a chcete být průběžně informován o nejnovějších produktech, které vám usnadní ži","Pokud při zařizování vašeho domova kladete důraz na všelijaké detaily a chcete být průběžně informován o nejnovějších produktech, které vám usnadní život, nakupujte <b>Sekačka na trávu na baterie Scheppach RobocutXXL900</b> za tu nejlepší cenu.<br><br><ul><li>Zásuvný produkt: Ano</li><li>Typ zástrčky: Zástrčka EU</li><li>Barva: Šedý</li><li>Nápajecí Zdroj: Baterie</li></ul>",Pop Pulse Emporium,https://cdnbigbuy.com/images/4046664154082_S7197771_P00.jpg,https://cdnbigbuy.com/images/4046664154082_S7197771_P40.jpg,https://cdnbigbuy.com/images/4046664154082_S7197771_P50.jpg,https://cdnbigbuy.com/images/4046664154082_S7197771_P10.jpg,1079.88,25,NEW,73.0,44.5,27.5,16.28,89333.75,CZK,2,8,3
S71022603,8806097264927,cs-CZ,Casa e arredamento,Tyčový vysavač Samsung AI Jet PetPRO 770 W,"Jestli hledáte vhodné elektrospotřebiče za špičkové ceny, nesmí vám uniknout <b>Tyčový vysavač Samsung AI Jet PetPRO 770 W</b> a další kousky z široké","Jestli hledáte vhodné elektrospotřebiče za špičkové ceny, nesmí vám uniknout <b>Tyčový vysavač Samsung AI Jet PetPRO 770 W</b> a další kousky z širokého výběru kvalitních malých domácích elektrospotřebičů!<br><br><ul><li>Zásuvný produkt: Ano</li><li>Typ: <ul><li>Tyčový vysavač</li><li>Suchý</li></ul></li><li>Typ zástrčky: <ul><li>Zástrčka EU</li><li>Typ F</li></ul></li><li>Příkon: 770 W</li><li>Barva: Šedý</li><li>Šířka: 30 cm</li><li>Vlastnosti: <ul><li>Vestavěný displej</li><li>LED indikátor n",Pop Pulse Emporium,,,,,844.08,19,NEW,94.0,41.0,38.0,13.6,146452.0,CZK,2,8,3
S0465858,0622356287951,cs-CZ,Casa e arredamento,Elektrický kávovar NINJA ES601EU,"Pokud hledáte nejnovější trendy na trhu, máme tu čest vám představit <b>Elektrický kávovar NINJA ES601EU</b>!<br><br><p>Elektrický <b>kávovar</b> <b>N","Pokud hledáte nejnovější trendy na trhu, máme tu čest vám představit <b>Elektrický kávovar NINJA ES601EU</b>!<br><br><p>Elektrický <b>kávovar</b> <b>NINJA ES601EU</b> je navržen tak, aby poskytoval profesionální výsledky doma, kombinující přesnou technologii a vysoce kvalitní materiály. Vyrobený z <b>nerezové oceli</b>, tento kávovar zajišťuje odolnost a snadnou údržbu a zároveň dodává elegantní vzhled každé kuchyni. Je kompatibilní s <b>EU zástrčkou</b>, což usnadňuje jeho začlenění do evropský",Pop Pulse Emporium,,,,,752.72,10,NEW,21.4,20.6,23.1,1.23,10183.4,CZK,2,8,3
S71020970,6977328065452,cs-CZ,Casa e arredamento,Robotický vysavač Dreame X50 Ultra Complete 700W 6400mAh 20000Pa WiFi a ovládání přes app,"Pokud při zařizování vašeho domova kladete důraz na všelijaké detaily a chcete být průběžně informován o nejnovějších produktech, které vám usnadní ži","Pokud při zařizování vašeho domova kladete důraz na všelijaké detaily a chcete být průběžně informován o nejnovějších produktech, které vám usnadní život, nakupujte <b>Robotický vysavač Dreame X50 Ultra Complete 6400 mAh</b> za tu nejlepší cenu.<br><br><p><b>Dreame X50 Ultra Complete</b> je <b>robotický vysavač</b> navržený pro efektivní a pohodlný úklid domácnosti, vyznačující se <b>bílým</b> provedením a <b>kulatým</b> tvarem, který usnadňuje pohyb a přístup do úzkých prostor. S přibližným prů",Pop Pulse Emporium,,,,,1792.08,25,NEW,65.0,49.0,44.0,20.72,140140.0,CZK,2,8,3
S71011170,4059952593654,cs-CZ,Giardinaggio e fai da te,Laserová vodováha BOSCH GRL 650 CHVG 1 mm 80 m,"Pokud při zařizování vašeho domova kladete důraz na všelijaké detaily a chcete být průběžně informován o nejnovějších produktech, které vám usnadní ži","Pokud při zařizování vašeho domova kladete důraz na všelijaké detaily a chcete být průběžně informován o nejnovějších produktech, které vám usnadní život, nakupujte <b>Laserová vodováha BOSCH GRL 650 CHVG 1 mm 80 m</b> za tu nejlepší cenu.<br><br><ul><li>Barva: Modrý</li><li>Přesnost: 1 mm</li><li>Materiál: Plastické</li><li>Baterie v ceně: Ano</li><li>Napětí: 18 V</li><li>Stupeň krytí: IP68</li><li>Obsahuje: Baterie</li><li>Počet kusů: 7 Kusy</li><li>Rozsah: 80 m</li><li>Přibližná hmotnost: 4,3",Pop Pulse Emporium,https://cdnbigbuy.com/images/4059952593654_S71011170_P00.jpg,https://cdnbigbuy.com/images/4059952593654_S71011170_P10.jpg,https://cdnbigbuy.com/images/4059952593654_S71011170_P20.jpg,https://cdnbigbuy.com/images/4059952593654_S71011170_P30.jpg,4049.32,4,NEW,28.0,61.0,46.0,15.54,78568.0,CZK,2,8,3
S71013315,3700151482300,cs-CZ,Giardinaggio e fai da te,Kryt bazénu Ubbink Modrý 400 x 610 cm,"Pokud hledáte nejnovější trendy na trhu, máme tu čest vám představit <b>Kryt bazénu Ubbink Modrý 400 x 610 cm</b>!<br><br><ul><li>Typ: Přikrývka</li><","Pokud hledáte nejnovější trendy na trhu, máme tu čest vám představit <b>Kryt bazénu Ubbink Modrý 400 x 610 cm</b>!<br><br><ul><li>Typ: Přikrývka</li><li>Přibližné rozměry: 400 x 610 cm</li><li>Barva: Modrý</li><li>Materiál: PVC</li><li>Délka: 6 m</li><li>Tvar: Osmiúhelníkový</li></ul>",Pop Pulse Emporium,https://cdnbigbuy.com/images/3700151482300_S71013315_P00.jpg,https://cdnbigbuy.com/images/3700151482300_S71013315_P20.jpg,https://cdnbigbuy.com/images/3700151482300_S71013315_P30.jpg,https://cdnbigbuy.com/images/3700151482300_S71013315_P40.jpg,988.86,1,NEW,60.0,50.0,21.0,19.25,63000.0,CZK,2,8,3
S71015630,0193108142526,cs-CZ,Giardinaggio e fai da te,Bezpečnostní kamera Arlo ARLO Ultra V2,"Pokud hledáte nejnovější trendy na trhu, máme tu čest vám představit <b>Bezpečnostní kamera Arlo ARLO Ultra V2</b>!<br><br><ul><li>Typ: <ul><li>Videok","Pokud hledáte nejnovější trendy na trhu, máme tu čest vám představit <b>Bezpečnostní kamera Arlo ARLO Ultra V2</b>!<br><br><ul><li>Typ: <ul><li>Videokamera</li><li>IP bezpečnostní kamera</li></ul></li><li>Barva: Bílý</li><li>Vlastnosti: <ul><li>Integrované reproduktory</li><li>Integrovaný mikrofon</li><li>Odolný vůči klimatu</li><li>Návod k instalaci v ceně</li><li>LED kontrolka provozu</li></ul></li><li>Připojení: <ul><li>Bluetooth</li><li>Wi-Fi</li><li>Wi-Fi 5 GHz</li></ul></li><li>Montáž: Mon",Pop Pulse Emporium,https://cdnbigbuy.com/images/0193108142526_S71015630_P00.jpg,https://cdnbigbuy.com/images/0193108142526_I20.jpg,https://cdnbigbuy.com/images/0193108142526_S71015630_P40.jpg,https://cdnbigbuy.com/images/0193108142526_S71015630_P50.jpg,604.4,2,NEW,17.0,14.0,10.0,0.69,2380.0,CZK,2,8,3
S71001522,4892210187178,cs-CZ,Giardinaggio e fai da te,Sekačka trávy Ryobi RY18LM37A-240,"Pokud při zařizování vašeho domova kladete důraz na všelijaké detaily a chcete být průběžně informován o nejnovějších produktech, které vám usnadní ži","Pokud při zařizování vašeho domova kladete důraz na všelijaké detaily a chcete být průběžně informován o nejnovějších produktech, které vám usnadní život, nakupujte <b>Sekačka trávy Ryobi RY18LM37A-240</b> za tu nejlepší cenu.<br><br><p><b>Sekačka na trávu Ryobi RY18LM37A-240</b> je kompaktní a efektivní zahradní nástroj navržený pro přesný a pohodlný střih. Pracuje na <b>18V bateriový systém</b>, který zajišťuje autonomii a volnost pohybu bez kabelu, což usnadňuje použití na středně velkých zah",Pop Pulse Emporium,https://cdnbigbuy.com/images/4892210187178_S71001522_P00.jpg,,,,706.8,1,NEW,72.7,44.8,40.1,18.22,130604.1,CZK,2,8,3
S71015816,8690842664267,cs-CZ,Casa e arredamento,Tyčový vysavač BEKO,"Pokud hledáte nejnovější trendy na trhu, máme tu čest vám představit <b>Tyčový vysavač BEKO</b>!<br><br><ul><li>Zásuvný produkt: Ano</li><li>Typ: Tyčo","Pokud hledáte nejnovější trendy na trhu, máme tu čest vám představit <b>Tyčový vysavač BEKO</b>!<br><br><ul><li>Zásuvný produkt: Ano</li><li>Typ: Tyčový vysavač</li></ul>",Pop Pulse Emporium,,,,,653.82,2,NEW,49.9,33.1,48.0,16.46,79281.12,CZK,2,8,3
M1203779,9002719010425,cs-CZ,Giardinaggio e fai da te,Teleskopické pravidlo SOLA TEL,"Pokud hledáte nejnovější trendy na trhu, máme tu čest vám představit <b>Teleskopické pravidlo SOLA TEL</b>!<br><br><ul><li>Typ: Pravítko</li><li>Mater","Pokud hledáte nejnovější trendy na trhu, máme tu čest vám představit <b>Teleskopické pravidlo SOLA TEL</b>!<br><br><ul><li>Typ: Pravítko</li><li>Materiál: Hliník</li><li>Rozsah: 0,86 A 4,00 M</li></ul>",Pop Pulse Emporium,https://cdnbigbuy.com/images/9002719010425_M1203779_P00.jpg,https://cdnbigbuy.com/images/9002719010425_M1203779_P10.jpg,,,638.28,1,NEW,86.5,3.6,6.5,1.56,2024.1,CZK,2,8,3
S71006924,6941565965080,cs-CZ,Sport e attività all'aperto,Sportovní kamery Dji Osmo Action 4 Adventure Combo Černý,"Pokud se zajímáte o <b>počítače a elektronika</b>, rádi máte doma moderní vybavení a hlídáte si každý detail, kupte si <b>Sportovní kamery Dji Osmo Ac","Pokud se zajímáte o <b>počítače a elektronika</b>, rádi máte doma moderní vybavení a hlídáte si každý detail, kupte si <b>Sportovní kamery Dji Osmo Action 4 Adventure Combo Černý</b> za nejlepší ceny.<br><br><ul><li>Typ: <ul><li>Adaptér</li><li>Sportovní kamery</li></ul></li><li>Zásuvný produkt: Ano</li><li>Barva: Černý</li><li>Vlastnosti: <ul><li>Integrovaný mikrofon</li><li>Vestavěný displej</li><li>Odolný vůči klimatu</li></ul></li><li>Připojení: <ul><li>USB-C</li><li>Bluetooth</li><li>Wi-Fi<",Pop Pulse Emporium,https://cdnbigbuy.com/images/6941565965080_S71006924_P00.jpg,https://cdnbigbuy.com/images/6941565965080_S71006924_P30.jpg,https://cdnbigbuy.com/images/6941565965080_S71006924_P40.jpg,https://cdnbigbuy.com/images/6941565965080_S71006924_P50.jpg,637.84,2,NEW,12.0,24.0,5.0,0.82,1440.0,CZK,2,8,3
S71007496,6976233675947,cs-CZ,Casa e arredamento,Robotický vysavač Dreame DREAME X30 Ultra 6400 mAh,"Pokud při zařizování vašeho domova kladete důraz na všelijaké detaily a chcete být průběžně informován o nejnovějších produktech, které vám usnadní ži","Pokud při zařizování vašeho domova kladete důraz na všelijaké detaily a chcete být průběžně informován o nejnovějších produktech, které vám usnadní život, nakupujte <b>Robotický vysavač Dreame DREAME X30 Ultra 6400 mAh</b> za tu nejlepší cenu.<br><br><ul><li>Zásuvný produkt: Ano</li><li>Typ zástrčky: Zástrčka EU</li><li>Barva: Černý</li><li>Typ baterie: Nabíjecí</li><li>Připojení: Wi-Fi</li><li>Přibližná výdrž: 3 hodin</li><li>Kompatibilní: <ul><li>Amazon Alexa</li><li>Google Home</li></ul></li>",Pop Pulse Emporium,,,,,2260.16,10,NEW,43.2,41.7,66.1,19.0,119075.18,CZK,2,8,3
S8111191,6932554403782,cs-CZ,Sport e attività all'aperto,Hoverboard Xiaomi,"Pokud hledáte nejnovější trendy na trhu, máme tu čest vám představit <b>Hoverboard Xiaomi</b>!<br><br><p><b>Elektrická koloběžka Xiaomi ELECTRIC SCOOT","Pokud hledáte nejnovější trendy na trhu, máme tu čest vám představit <b>Hoverboard Xiaomi</b>!<br><br><p><b>Elektrická koloběžka Xiaomi ELECTRIC SCOOTER 5 PRO GL</b> je městské vozidlo navržené pro ty, kdo hledají efektivní a pohodlnou mobilitu. Má výkonný motor o <b>400 W</b>, který poskytuje dostatečnou odezvu pro každodenní jízdy ve městě, kombinující výkon a kontrolovanou spotřebu. Její <b>černý</b> design dodává elegantní a moderní vzhled, zatímco <b>složitelná</b> konstrukce usnadňuje přep",Pop Pulse Emporium,https://cdnbigbuy.com/images/6932554403782_R00.jpg,https://cdnbigbuy.com/images/6932554403782_I00.jpg,https://cdnbigbuy.com/images/6932554403782_R20.jpg,https://cdnbigbuy.com/images/6932554403782_R30.jpg,733.48,50,NEW,85.5,44.7,36.0,20.0,137586.6,CZK,2,8,3
S7191960,3165140995184,cs-CZ,Giardinaggio e fai da te,Infračervený teploměr BOSCH GIS 1000 C,"Pokud při zařizování vašeho domova kladete důraz na všelijaké detaily a chcete být průběžně informován o nejnovějších produktech, které vám usnadní ži","Pokud při zařizování vašeho domova kladete důraz na všelijaké detaily a chcete být průběžně informován o nejnovějších produktech, které vám usnadní život, nakupujte <b>Infračervený teploměr BOSCH GIS 1000 C</b> za tu nejlepší cenu.<br><br><p><b>GIS 1000 C</b> od <b>BOSCH</b> je profesionální <b>infračervený teploměr</b> navržený pro rychlé a přesné měření teploty v různých průmyslových a technických aplikacích. Toto zařízení v modré barvě vyniká robustností a snadnou přenosností, s rozměry <b>36",Pop Pulse Emporium,https://cdnbigbuy.com/images/3165140995184_S7191960_P00.jpg,https://cdnbigbuy.com/images/3165140995184_S7191960_P50.jpg,https://cdnbigbuy.com/images/3165140995184_S7191960_P10.jpg,https://cdnbigbuy.com/images/3165140995184_S7191960_P20.jpg,684.74,2,NEW,44.0,35.4,13.8,2.8,21494.88,CZK,2,8,3
S0461724,8435089040968,cs-CZ,Sport e attività all'aperto,Hoverboard Smartgyro SG27-551,"Pokud hledáte nejnovější trendy na trhu, máme tu čest vám představit <b>Hoverboard Smartgyro SG27-551</b>!<br><br><ul><li>Typ: Hoverboard</li><li>Zásu","Pokud hledáte nejnovější trendy na trhu, máme tu čest vám představit <b>Hoverboard Smartgyro SG27-551</b>!<br><br><ul><li>Typ: Hoverboard</li><li>Zásuvný produkt: Ano</li><li>Důležité informace: Pokud značka nezaregistrovala skútr, majitel bude muset projít ITV nebo TÜV, aby získal „EBE“ nebo individuální povolení k provozu.</li></ul>",Pop Pulse Emporium,https://cdnbigbuy.com/images/8435089040968_S0461724_P00.jpg,,,,892.26,50,NEW,85.5,44.7,36.0,14.82,137586.6,CZK,2,8,3
S71002578,4007430317759,cs-CZ,Giardinaggio e fai da te,Silikonová pistole Metabo KPA 18 LTX 400 Černý,"Pokud při zařizování vašeho domova kladete důraz na všelijaké detaily a chcete být průběžně informován o nejnovějších produktech, které vám usnadní ži","Pokud při zařizování vašeho domova kladete důraz na všelijaké detaily a chcete být průběžně informován o nejnovějších produktech, které vám usnadní život, nakupujte <b>Silikonová pistole Metabo KPA 18 LTX 400 Černý</b> za tu nejlepší cenu.<br><br><ul><li>Barva: Černý</li><li>Napětí: 18 V</li><li>Motor: Bez smetáčků</li><li>Nápajecí Zdroj: Proud CC/CA</li></ul>",Pop Pulse Emporium,https://cdnbigbuy.com/images/4007430317759_S71002578_P00.jpg,,,,660.18,1,NEW,51.2,15.4,25.4,3.9,20027.39,CZK,2,8,3
S7108131,3165140888288,cs-CZ,Giardinaggio e fai da te,Laserová vodováha BOSCH GLL 3-80 C,"Pokud při zařizování vašeho domova kladete důraz na všelijaké detaily a chcete být průběžně informován o nejnovějších produktech, které vám usnadní ži","Pokud při zařizování vašeho domova kladete důraz na všelijaké detaily a chcete být průběžně informován o nejnovějších produktech, které vám usnadní život, nakupujte <b>Laserová vodováha BOSCH GLL 3-80 C</b> za tu nejlepší cenu.<br><br><ul><li>Připojení: Bluetooth</li><li>Stupeň krytí: IP54</li><li>Barva: <ul><li>Modrý</li><li>Černá/modrá</li></ul></li><li>Materiál: Plastické</li><li>Napětí: 12 V</li><li>Funguje na baterie: Ano</li><li>Typ baterie: <ul><li>AA</li><li>Litio Ion</li></ul></li><li>B",Pop Pulse Emporium,https://cdnbigbuy.com/images/3165140888288_S7108131_P01.jpg,https://cdnbigbuy.com/images/3165140888288_S7108131_P31.jpg,https://cdnbigbuy.com/images/3165140888288_R51.jpg,https://cdnbigbuy.com/images/3165140888288_R11.jpg,832.6,4,NEW,21.0,33.6,12.8,1.69,9031.68,CZK,2,8,3
S71019932,0034223331054,cs-CZ,Sport e attività all'aperto,Přenosný Chladící Box Dometic,"Pokud hledáte nejnovější trendy na trhu, máme tu čest vám představit <b>Přenosný Chladící Box Dometic</b>!<br><br><p>Elektrická <b>přenosná lednička</","Pokud hledáte nejnovější trendy na trhu, máme tu čest vám představit <b>Přenosný Chladící Box Dometic</b>!<br><br><p>Elektrická <b>přenosná lednička</b> Dometic CFF18 kombinuje funkčnost a všestrannost pro udržení potravin a nápojů čerstvých v jakémkoli prostředí. Tato lednička vyniká <b>kapacitou 19 litrů</b>, ideální pro krátké výlety, cesty autem nebo omezené prostory, kde je potřeba efektivní chladicí systém. Její kompaktní a robustní design je dostupný v <b>černé a béžové barvě</b>, nabízí ",Pop Pulse Emporium,https://cdnbigbuy.com/images/0034223331054_S71019932_P00.jpg,https://cdnbigbuy.com/images/0034223331054_S71019932_P40.jpg,https://cdnbigbuy.com/images/0034223331054_S71019932_P50.jpg,https://cdnbigbuy.com/images/0034223331054_S71019932_P10.jpg,680.8,1,NEW,37.0,47.0,55.0,12.3,95645.0,CZK,2,8,3
S0467109,8435025721173,cs-CZ,Casa e arredamento,Mikrovlnná Trouba s Grilem Nodor MW4800DB,"Pokud hledáte nejnovější trendy na trhu, máme tu čest vám představit <b>Mikrovlnná Trouba s Grilem Nodor MW4800DB</b>!<br><br><ul><li>Zásuvný produkt:","Pokud hledáte nejnovější trendy na trhu, máme tu čest vám představit <b>Mikrovlnná Trouba s Grilem Nodor MW4800DB</b>!<br><br><ul><li>Zásuvný produkt: Ano</li><li>Typ: Mikrovlnná Trouba s Grilem</li><li>Barva: Černý</li><li>Příkon: 1000 W</li><li>Kapacita: 40 L</li></ul>",Pop Pulse Emporium,,,,,1150.4,2,NEW,46.1,45.0,38.4,13.32,79660.8,CZK,2,8,3
S7106457,4078500053167,cs-CZ,Giardinaggio e fai da te,Robot sekačka trávy Gardena Sileno 500 m² 500 M²,"Pokud při zařizování vašeho domova kladete důraz na všelijaké detaily a chcete být průběžně informován o nejnovějších produktech, které vám usnadní ži","Pokud při zařizování vašeho domova kladete důraz na všelijaké detaily a chcete být průběžně informován o nejnovějších produktech, které vám usnadní život, nakupujte <b>Robot sekačka trávy Gardena Sileno 500 m² 500 M²</b> za tu nejlepší cenu.<br><br><p><b>Robotická sekačka Sileno 500 m²</b> od <b>Gardena</b> je chytré a efektivní řešení pro údržbu zahrad do <b>500 metrů čtverečních</b> s automatizovanou a přesnou péčí. Vyrobena z odolných materiálů, jako je <b>šedý plast</b>, a poháněna <b>lithio",Pop Pulse Emporium,https://cdnbigbuy.com/images/4078500053167_S7106457_P01.jpg,https://cdnbigbuy.com/images/4078500053167_R11.jpg,https://cdnbigbuy.com/images/4078500053167_R61.jpg,https://cdnbigbuy.com/images/4078500053167_R21.jpg,1151.12,25,NEW,60.2,52.6,30.8,12.66,97528.82,CZK,2,8,3
S7191398,4892210182784,cs-CZ,Giardinaggio e fai da te,Sekačka na trávu na baterie Ryobi LithiumPlus 36 V 5 Ah 20-70 mm 37 cm 45 L,"Pokud při zařizování vašeho domova kladete důraz na všelijaké detaily a chcete být průběžně informován o nejnovějších produktech, které vám usnadní ži","Pokud při zařizování vašeho domova kladete důraz na všelijaké detaily a chcete být průběžně informován o nejnovějších produktech, které vám usnadní život, nakupujte <b>Sekačka na trávu na baterie Ryobi LithiumPlus 36 V 5 Ah 20-70 mm 37 cm 45 L</b> za tu nejlepší cenu.<br><br><ul><li>Nápajecí Zdroj: <ul><li>Baterie</li><li>Dobíjecí baterie</li></ul></li><li>Zásuvný produkt: Ano</li><li>Typ zástrčky: Zástrčka EU</li><li>Typ: <ul><li>Sekačka trávy</li><li>Zahradní drtička</li></ul></li><li>Napětí: ",Pop Pulse Emporium,https://cdnbigbuy.com/images/4892210182784_S7191398_P00.jpg,https://cdnbigbuy.com/images/4892210182784_S7191398_P40.jpg,https://cdnbigbuy.com/images/4892210182784_R00.jpg,https://cdnbigbuy.com/images/4892210182784_S7191398_P30.jpg,705.5,5,NEW,72.5,44.0,44.0,15.7,140360.0,CZK,2,8,3
S71015631,0193108142533,cs-CZ,Giardinaggio e fai da te,Bezpečnostní kamera Arlo Arlo Ultra 2,"Pokud hledáte nejnovější trendy na trhu, máme tu čest vám představit <b>Bezpečnostní kamera Arlo Arlo Ultra 2</b>!<br><br><ul><li>Typ: <ul><li>Videoka","Pokud hledáte nejnovější trendy na trhu, máme tu čest vám představit <b>Bezpečnostní kamera Arlo Arlo Ultra 2</b>!<br><br><ul><li>Typ: <ul><li>Videokamera</li><li>IP bezpečnostní kamera</li></ul></li><li>Kusů: 3 kusů</li><li>Vlastnosti: <ul><li>4K</li><li>Integrované reproduktory</li><li>Integrovaný mikrofon</li><li>Odolný vůči klimatu</li><li>LED kontrolka provozu</li></ul></li><li>Barva: Bílý</li><li>Připojení: <ul><li>Bluetooth</li><li>Wi-Fi</li><li>Wi-Fi 5 GHz</li></ul></li><li>Montáž: Montá",Pop Pulse Emporium,https://cdnbigbuy.com/images/0193108142533_S71015631_P00.jpg,https://cdnbigbuy.com/images/0193108142533_I20.jpg,https://cdnbigbuy.com/images/0193108142533_S71015631_P40.jpg,https://cdnbigbuy.com/images/0193108142533_S71015631_P50.jpg,1517.3,1,NEW,24.0,21.0,17.0,2.33,8568.0,CZK,2,8,3
S71003203,4897082665137,cs-CZ,Giardinaggio e fai da te,Generátor Ecoflow,"Pokud při zařizování vašeho domova kladete důraz na všelijaké detaily a chcete být průběžně informován o nejnovějších produktech, které vám usnadní ži","Pokud při zařizování vašeho domova kladete důraz na všelijaké detaily a chcete být průběžně informován o nejnovějších produktech, které vám usnadní život, nakupujte <b>Generátor Ecoflow</b> za tu nejlepší cenu.<br><br><ul><li>Kapacita baterie: 3600 Wh</li><li>Kompatibilní: EcoFlow DELTA Pro</li><li>Typ baterie: Lithium ferro fosfát</li><li>Typ: <ul><li>Pomocná baterie</li><li>Baterie</li></ul></li><li>Zásuvný produkt: Ano</li><li>Typ zástrčky: Zástrčka EU</li><li>Barva: Černý</li></ul>",Pop Pulse Emporium,https://cdnbigbuy.com/images/4897082665137_S71003203_P00.jpg,https://cdnbigbuy.com/images/S71003203_4897082665137_P40.jpg,https://cdnbigbuy.com/images/4897082665137_S71003203_P10.jpg,https://cdnbigbuy.com/images/S71003203_4897082665137_P00.jpg,3912.34,1,NEW,74.0,35.0,55.0,41.2,142450.0,CZK,2,8,3
S71021202,3760124955354,cs-CZ,Casa e arredamento,Kráječ na maso Hkoenig Červený,"Jestli hledáte vhodné elektrospotřebiče za špičkové ceny, nesmí vám uniknout <b>Kráječ na maso Hkoenig Červený</b> a další kousky z širokého výběru kv","Jestli hledáte vhodné elektrospotřebiče za špičkové ceny, nesmí vám uniknout <b>Kráječ na maso Hkoenig Červený</b> a další kousky z širokého výběru kvalitních malých domácích elektrospotřebičů!<br><br><ul><li>Typ: Kráječ na maso</li><li>Barva: Červený</li><li>Materiál: Hliník</li><li>Váha: 15 kg</li></ul>",Pop Pulse Emporium,,,,,683.82,2,NEW,51.0,42.0,39.0,15.11,83538.0,CZK,2,8,3
S7187818,3165140888356,cs-CZ,Giardinaggio e fai da te,Laserová vodováha BOSCH GLL 3-80 Professional 30 m,"Pokud při zařizování vašeho domova kladete důraz na všelijaké detaily a chcete být průběžně informován o nejnovějších produktech, které vám usnadní ži","Pokud při zařizování vašeho domova kladete důraz na všelijaké detaily a chcete být průběžně informován o nejnovějších produktech, které vám usnadní život, nakupujte <b>Laserová vodováha BOSCH GLL 3-80 Professional 30 m</b> za tu nejlepší cenu.<br><br><ul><li>Napětí: 1,5 V</li><li>Barva: Modrý</li><li>Materiál: Plastické</li><li>Vlastnosti: <ul><li>Indikátor baterie</li><li>Automatické</li></ul></li><li>Stupeň krytí: IP54</li><li>Funguje na baterie: Ano</li><li>Obsahuje: <ul><li>Baterie</li><li>D",Pop Pulse Emporium,https://cdnbigbuy.com/images/3165140888356_S7187818_P00.jpg,https://cdnbigbuy.com/images/3165140888356_S7187818_P30.jpg,https://cdnbigbuy.com/images/3165140888356_S7187818_P10.jpg,https://cdnbigbuy.com/images/3165140888356_S7187818_P20.jpg,660.04,4,NEW,14.4,46.4,27.6,2.74,18441.22,CZK,2,8,3
S71003723,4059952660431,cs-CZ,Giardinaggio e fai da te,Set vrtačky a doplňků BOSCH GSR 12 V,"Pokud při zařizování vašeho domova kladete důraz na všelijaké detaily a chcete být průběžně informován o nejnovějších produktech, které vám usnadní ži","Pokud při zařizování vašeho domova kladete důraz na všelijaké detaily a chcete být průběžně informován o nejnovějších produktech, které vám usnadní život, nakupujte <b>Set vrtačky a doplňků BOSCH GSR 12 V</b> za tu nejlepší cenu.<br><br><ul><li>Počet kusů: 5 Kusy</li><li>Napětí: 12 V</li><li>Intenzita: 2 A</li></ul>",Pop Pulse Emporium,https://cdnbigbuy.com/images/4059952660431_S71003723_P00.jpg,https://cdnbigbuy.com/images/4059952660431_S71003723_P10.jpg,,,870.18,4,NEW,37.6,60.4,17.4,9.68,39516.1,CZK,2,8,3
S71016267,0034223508173,cs-CZ,Sport e attività all'aperto,Přenosný Chladící Box Dometic,"Pokud hledáte nejnovější trendy na trhu, máme tu čest vám představit <b>Přenosný Chladící Box Dometic</b>!<br><br><p>Přenosná <b>lednička</b> DOMETIC ","Pokud hledáte nejnovější trendy na trhu, máme tu čest vám představit <b>Přenosný Chladící Box Dometic</b>!<br><br><p>Přenosná <b>lednička</b> DOMETIC CFX2 45 je pokročilé elektrické řešení navržené pro efektivní uchování potravin a nápojů jak doma, tak na cestách. Má <b>kapacitu 45 litrů</b>, ideální pro výlety, jízdu autem, kempování a venkovní aktivity, kde je důležité udržet produkty čerstvé. Její kompresorová technologie umožňuje dosáhnout a udržovat teploty od <b>více než 20 °C až do -22 °C",Pop Pulse Emporium,https://cdnbigbuy.com/images/0034223508173_S71016267_P00.jpg,https://cdnbigbuy.com/images/0034223508173_S71016267_P50.jpg,https://cdnbigbuy.com/images/0034223508173_S71016267_P10.jpg,https://cdnbigbuy.com/images/0034223508173_S71016267_P20.jpg,1259.94,2,NEW,30.8,28.6,33.3,20.36,29333.3,CZK,2,8,3
S0459016,4242003906675,cs-CZ,Casa e arredamento,Mikrovlnnou Troubu Siemens AG BE732L1B1 Černý 900 W 21 L,"Jestli hledáte vhodné elektrospotřebiče za špičkové ceny, nesmí vám uniknout <b>Mikrovlnnou Troubu Siemens AG BE732L1B1 Černý 900 W 21 L</b> a další k","Jestli hledáte vhodné elektrospotřebiče za špičkové ceny, nesmí vám uniknout <b>Mikrovlnnou Troubu Siemens AG BE732L1B1 Černý 900 W 21 L</b> a další kousky z širokého výběru kvalitních malých domácích elektrospotřebičů!<br><br><ul><li>Zásuvný produkt: Ano</li><li>Typ zástrčky: <ul><li>Zástrčka EU</li><li>Typ F</li></ul></li><li>Barva: Černý</li><li>Šířka: 60 cm</li><li>Vlastnosti: Vestavěný displej</li><li>Příkon: 900 W</li><li>Typ: Mikrovlnnou Troubu</li><li>Materiál: <ul><li>Sklo</li><li>Nerez",Pop Pulse Emporium,,,,,1412.18,1,NEW,40.6,44.2,37.3,20.9,66935.6,CZK,2,8,3
S7108134,3165140934527,cs-CZ,Giardinaggio e fai da te,Laserová vodováha BOSCH GCL 2-50 CG Solo,"Pokud při zařizování vašeho domova kladete důraz na všelijaké detaily a chcete být průběžně informován o nejnovějších produktech, které vám usnadní ži","Pokud při zařizování vašeho domova kladete důraz na všelijaké detaily a chcete být průběžně informován o nejnovějších produktech, které vám usnadní život, nakupujte <b>Laserová vodováha BOSCH GCL 2-50 CG Solo</b> za tu nejlepší cenu.<br><br><ul><li>Obsahuje: <ul><li>Příslušenství</li><li>Aktovka</li><li>Základ nebo podpěra</li><li>Stativ</li><li>Pouzdro</li><li>Podpěra montáže</li></ul></li><li>Typ: Laserová vodováha</li><li>Barva: <ul><li>Modrý</li><li>Černá/modrá</li></ul></li><li>Materiál: Pl",Pop Pulse Emporium,https://cdnbigbuy.com/images/3165140934527_S7108134_P11.jpg,https://cdnbigbuy.com/images/3165140934527_S7108134_P41.jpg,https://cdnbigbuy.com/images/3165140934527_S7108134_P01.jpg,https://cdnbigbuy.com/images/3165140934527_S7108134_P21.jpg,725.62,4,NEW,44.0,35.6,13.4,3.16,20989.76,CZK,2,8,3
M1200787,4021176008771,cs-CZ,Giardinaggio e fai da te,Oddělovač-vytažeč ložisek KUKKO,"Pokud při zařizování vašeho domova kladete důraz na všelijaké detaily a chcete být průběžně informován o nejnovějších produktech, které vám usnadní ži","Pokud při zařizování vašeho domova kladete důraz na všelijaké detaily a chcete být průběžně informován o nejnovějších produktech, které vám usnadní život, nakupujte <b>Oddělovač-vytažeč ložisek KUKKO</b> za tu nejlepší cenu.<br><br><ul><li>Typ: Stahovák ložisek</li><li>Rozsah: 155 mm</li></ul>",Pop Pulse Emporium,https://cdnbigbuy.com/images/4021176008771_M1200787_P00.jpg,https://cdnbigbuy.com/images/4021176008771_M1200787_P30.jpg,https://cdnbigbuy.com/images/4021176008771_M1200787_P40.jpg,https://cdnbigbuy.com/images/4021176008771_M1200787_P10.jpg,1383.32,1,NEW,43.0,37.5,10.5,19.0,16931.25,CZK,2,8,3
S0466548,6977328065582,cs-CZ,Giardinaggio e fai da te,Dreame Tyčový vysavač H12 Pro FlexReach 400 W baterie samočištění černý,"Jestli hledáte vhodné elektrospotřebiče za špičkové ceny, nesmí vám uniknout <b>Parní čistič Dreame 011101AA000202</b> a další kousky z širokého výběr","Jestli hledáte vhodné elektrospotřebiče za špičkové ceny, nesmí vám uniknout <b>Parní čistič Dreame 011101AA000202</b> a další kousky z širokého výběru kvalitních malých domácích elektrospotřebičů!<br><br><p><b>Vysavač tyčový Dreame H12 PRO</b> je pokročilé zařízení navržené pro efektivní a všestranný úklid jak na sucho, tak na mokro, přizpůsobující se různým potřebám domácnosti. Jeho design v <b>černé barvě</b> kombinuje eleganci s funkčností, zatímco systém <b>Wet & Dry</b> umožňuje stejně efe",Pop Pulse Emporium,https://cdnbigbuy.com/images/6977328065582_S0466548_P00.jpg,https://cdnbigbuy.com/images/6977328065582_R60.jpg,https://cdnbigbuy.com/images/6977328065582_R20.jpg,https://cdnbigbuy.com/images/6977328065582_I10.jpg,665.22,50,NEW,37.8,29.6,37.1,4.05,41510.45,CZK,2,8,3
S0461749,8435089037470,cs-CZ,Sport e attività all'aperto,Hoverboard Smartgyro SG27-423,"Pokud hledáte nejnovější trendy na trhu, máme tu čest vám představit <b>Hoverboard Smartgyro SG27-423</b>!<br><br><ul><li>Typ: Hoverboard</li><li>Zásu","Pokud hledáte nejnovější trendy na trhu, máme tu čest vám představit <b>Hoverboard Smartgyro SG27-423</b>!<br><br><ul><li>Typ: Hoverboard</li><li>Zásuvný produkt: Ano</li><li>Důležité informace: Pokud značka nezaregistrovala skútr, majitel bude muset projít ITV nebo TÜV, aby získal „EBE“ nebo individuální povolení k provozu.</li></ul><br><br>Důležité informace: Pokud značka nezaregistrovala skútr, majitel bude muset projít ITV nebo TÜV, aby získal „EBE“ nebo individuální povolení k provozu..",Pop Pulse Emporium,https://cdnbigbuy.com/images/8435089037470_S9916554_P00.jpg,https://cdnbigbuy.com/images/8435089037470_I10.jpg,https://cdnbigbuy.com/images/8435089037470_I20.jpg,https://cdnbigbuy.com/images/8435089037470_S5632049_P00.jpg,1434.78,5,NEW,85.5,44.7,36.0,14.82,137586.6,CZK,2,8,3
M1207103,4045921014145,cs-CZ,Giardinaggio e fai da te,Rotující laserová vodováha GEO-FENNEL FL 245HV+,"Pokud při zařizování vašeho domova kladete důraz na všelijaké detaily a chcete být průběžně informován o nejnovějších produktech, které vám usnadní ži","Pokud při zařizování vašeho domova kladete důraz na všelijaké detaily a chcete být průběžně informován o nejnovějších produktech, které vám usnadní život, nakupujte <b>Rotující laserová vodováha GEO-FENNEL FL 245HV+</b> za tu nejlepší cenu.<br><br><ul><li>Typ: Rotující laserová vodováha</li><li>Typ baterie: NiMh</li><li>Přesnost: ± 1,0 A 10 M MM</li><li>Rozsah: 1000 M</li></ul>",Pop Pulse Emporium,https://cdnbigbuy.com/images/4045921014145_M1207103_P00.jpg,https://cdnbigbuy.com/images/4045921014145_M1207103_P10.jpg,,,1728.24,1,NEW,25.0,25.0,25.0,4.0,15625.0,CZK,2,8,3
M1203152,4007140111722,cs-CZ,Giardinaggio e fai da te,Souprava kolíků a závitnic na vyřezávání závitů RUKO Rychlořezná ocel (HSS),"Pokud hledáte nejnovější trendy na trhu, máme tu čest vám představit <b>Souprava kolíků a závitnic na vyřezávání závitů RUKO Rychlořezná ocel (HSS)</b","Pokud hledáte nejnovější trendy na trhu, máme tu čest vám představit <b>Souprava kolíků a závitnic na vyřezávání závitů RUKO Rychlořezná ocel (HSS)</b>!<br><br><ul><li>Materiál: Rychlořezná ocel (HSS)</li></ul>",Pop Pulse Emporium,https://cdnbigbuy.com/images/4007140111722_M1203152_P00.jpg,https://cdnbigbuy.com/images/4007140111722_M1203152_P10.jpg,,,785.1,1,NEW,16.4,24.5,5.0,2.14,2009.0,CZK,2,8,3
S71022381,8720389027611,cs-CZ,Casa e arredamento,Superautomatický kávovar Philips Bílý 1500 W 15 bar,"Jestli hledáte vhodné elektrospotřebiče za špičkové ceny, nesmí vám uniknout <b>Superautomatický kávovar Philips Bílý 1500 W 15 bar</b> a další kousky","Jestli hledáte vhodné elektrospotřebiče za špičkové ceny, nesmí vám uniknout <b>Superautomatický kávovar Philips Bílý 1500 W 15 bar</b> a další kousky z širokého výběru kvalitních malých domácích elektrospotřebičů!<br><br><ul><li>Zásuvný produkt: Ano</li><li>Typ: <ul><li>Superautomatický kávovar</li><li>Espresso kávovar</li></ul></li><li>Typ zástrčky: Zástrčka EU</li><li>Barva: Bílý</li><li>Materiál: <ul><li>Nerezová ocel</li><li>Plastické</li></ul></li><li>Vlastnosti: <ul><li>Automatické vypíná",Pop Pulse Emporium,,,,,738.46,25,NEW,45.0,23.0,47.0,9.86,48645.0,CZK,2,8,3
S71025305,6956079725570,cs-CZ,Casa e arredamento,Robotický vysavač Eureka,"Pokud při zařizování vašeho domova kladete důraz na všelijaké detaily a chcete být průběžně informován o nejnovějších produktech, které vám usnadní ži","Pokud při zařizování vašeho domova kladete důraz na všelijaké detaily a chcete být průběžně informován o nejnovějších produktech, které vám usnadní život, nakupujte <b>Robotický vysavač Eureka</b> za tu nejlepší cenu.<br><br><p><b>Robotický vysavač Eureka</b> je zařízení navržené pro efektivní a pohodlný úklid domácnosti, které kombinuje pokročilé funkce s moderním designem v <b>bílé</b> barvě a <b>kulatým</b> tvarem, který usnadňuje pohyb po různých typech povrchů a v rozích. Má <b>přibližnou v",Pop Pulse Emporium,,,,,1312.9,23,NEW,63.0,46.0,48.0,20.58,139104.0,CZK,2,8,3
S7103979,3308815073828,cs-CZ,Giardinaggio e fai da te,Vodní bomba SFA  ,"Pokud při zařizování vašeho domova kladete důraz na všelijaké detaily a chcete být průběžně informován o nejnovějších produktech, které vám usnadní ži","Pokud při zařizování vašeho domova kladete důraz na všelijaké detaily a chcete být průběžně informován o nejnovějších produktech, které vám usnadní život, nakupujte <b>Vodní bomba SFA  </b> za tu nejlepší cenu.<br><br><ul><li>Typ: Vodní bomba</li><li>Doporučené použití: Koupání a sprchování</li></ul>",Pop Pulse Emporium,https://cdnbigbuy.com/images/3308815073828_S7103979_P01.jpg,,,,702.54,2,NEW,34.4,21.4,22.4,4.36,16489.98,CZK,2,8,3
S71003911,4059952611709,cs-CZ,Giardinaggio e fai da te,Vrtací kladivo BOSCH GBH18V-28CF 2X8AH + GDE18V-16,"Pokud při zařizování vašeho domova kladete důraz na všelijaké detaily a chcete být průběžně informován o nejnovějších produktech, které vám usnadní ži","Pokud při zařizování vašeho domova kladete důraz na všelijaké detaily a chcete být průběžně informován o nejnovějších produktech, které vám usnadní život, nakupujte <b>Vrtací kladivo BOSCH GBH18V-28CF 2X8AH + GDE18V-16</b> za tu nejlepší cenu.<br><br><ul><li>Zásuvný produkt: Ano</li><li>Typ zástrčky: Zástrčka EU</li><li>Vlastnosti: <ul><li>LED Světlý</li><li>Dvojitá rukojeť</li></ul></li><li>Napětí: 18 V</li><li>Nápajecí Zdroj: Baterie</li><li>Motor: Bez smetáčků</li><li>Obsahuje: <ul><li>Bateri",Pop Pulse Emporium,https://cdnbigbuy.com/images/4059952611709_I00.jpg,https://cdnbigbuy.com/images/4059952611709_I20.jpg,,,1724.22,2,NEW,31.8,43.6,23.8,10.73,32998.22,CZK,2,8,3
M1206546,7640180530640,cs-CZ,Giardinaggio e fai da te,Laserová vodováha s čarami Leica Geosystems L6R,"Pokud při zařizování vašeho domova kladete důraz na všelijaké detaily a chcete být průběžně informován o nejnovějších produktech, které vám usnadní ži","Pokud při zařizování vašeho domova kladete důraz na všelijaké detaily a chcete být průběžně informován o nejnovějších produktech, které vám usnadní život, nakupujte <b>Laserová vodováha s čarami Leica Geosystems L6R</b> za tu nejlepší cenu.<br><br><ul><li>Typ: Laserová vodováha s čarami</li><li>Typ baterie: AA</li><li>Přesnost: <ul><li>± 0,2 MM/M</li><li>± 4°</li></ul></li><li>Napětí: 1,5 V</li><li>Velikost závitu: 1/4""</li><li>Rozsah: <ul><li>25 m</li><li>70-140 m</li></ul></li><li>Stupeň krytí",Pop Pulse Emporium,https://cdnbigbuy.com/images/7640180530640_M1206546_P00.jpg,https://cdnbigbuy.com/images/7640180530640_M1206546_P40.jpg,https://cdnbigbuy.com/images/7640180530640_M1206546_P10.jpg,https://cdnbigbuy.com/images/7640180530640_M1206546_P20.jpg,630.76,1,NEW,23.6,27.6,14.6,0.78,9509.86,CZK,2,8,3
S8106987,8017709329839,cs-CZ,Casa e arredamento,"Ruční přístroj na espresso Smeg EGF03CREU Krém 2,4 L","Jestli hledáte vhodné elektrospotřebiče za špičkové ceny, nesmí vám uniknout <b>Ruční přístroj na espresso Smeg EGF03CREU Krém 2,4 L</b> a další kousk","Jestli hledáte vhodné elektrospotřebiče za špičkové ceny, nesmí vám uniknout <b>Ruční přístroj na espresso Smeg EGF03CREU Krém 2,4 L</b> a další kousky z širokého výběru kvalitních malých domácích elektrospotřebičů!<br><br><ul><li>Zásuvný produkt: Ano</li><li>Typ zástrčky: Zástrčka EU</li><li>Typ: Ruční přístroj na espresso</li><li>Barva: Krém</li><li>Materiál: Plastické</li><li>Vlastnosti: <ul><li>Automatické vypínání</li><li>Protiskluzový podklad</li><li>Vestavěný displej</li></ul></li><li>Pří",Pop Pulse Emporium,,,,,1028.7,2,NEW,44.0,44.5,49.0,17.24,95942.0,CZK,2,8,3
S0459934,4242006315306,cs-CZ,Casa e arredamento,Trouba Balay 3CB4130X3 47 L,"Jestliže chcete renovovat svou kuchyň, kupte si <b>Trouba Balay 3CB4130X3 47 L</b> a další <b>produkty Balay</b>! Nejlepší kvalitu za nejlepší cenu má","Jestliže chcete renovovat svou kuchyň, kupte si <b>Trouba Balay 3CB4130X3 47 L</b> a další <b>produkty Balay</b>! Nejlepší kvalitu za nejlepší cenu máte na dosah!<br><br><ul><li>Typ trouby: Trouba</li><li>Zásuvný produkt: Ano</li><li>Typ zástrčky: Zástrčka EU</li><li>Typ: Konvekční Trouba</li><li>Barva: Ocel</li><li>Šířka: 60 cm</li><li>Vlastnosti: <ul><li>Vnitřní světlo</li><li>Vestavěný displej</li><li>Vestavěný</li></ul></li><li>Energetická klasifikace: A</li><li>Nápajecí Zdroj: elektrická sí",Pop Pulse Emporium,,,,,800.9,2,NEW,0.7,0.7,0.5,41.0,0.24,CZK,2,8,3
S71003793,4007430321626,cs-CZ,Giardinaggio e fai da te,Míchač Metabo RW 18 LTX 120,"Pokud při zařizování vašeho domova kladete důraz na všelijaké detaily a chcete být průběžně informován o nejnovějších produktech, které vám usnadní ži","Pokud při zařizování vašeho domova kladete důraz na všelijaké detaily a chcete být průběžně informován o nejnovějších produktech, které vám usnadní život, nakupujte <b>Míchač Metabo RW 18 LTX 120</b> za tu nejlepší cenu.<br><br><ul><li>Typ: Míchač</li><li>Materiál: <ul><li>Kov</li><li>Nerezová ocel</li></ul></li><li>Vlastnosti: <ul><li>Ergonomická rukojeť</li><li>Indikátor přetížení</li></ul></li><li>Baterie v ceně: Č.</li></ul>",Pop Pulse Emporium,https://cdnbigbuy.com/images/4007430321626_S71003793_P00.jpg,https://cdnbigbuy.com/images/4007430321626_S71003793_P20.jpg,https://cdnbigbuy.com/images/4007430321626_S71003793_P30.jpg,https://cdnbigbuy.com/images/4007430321626_S71003793_P40.jpg,645.1,1,NEW,59.0,23.2,33.8,6.24,46265.44,CZK,2,8,3
S7182872,8713508709406,cs-CZ,Casa e arredamento,Olejový radiátor QLima 3700 W,"Jestli hledáte vhodné elektrospotřebiče za špičkové ceny, nesmí vám uniknout <b>Olejový radiátor QLima 3700 W</b> a další kousky z širokého výběru kva","Jestli hledáte vhodné elektrospotřebiče za špičkové ceny, nesmí vám uniknout <b>Olejový radiátor QLima 3700 W</b> a další kousky z širokého výběru kvalitních malých domácích elektrospotřebičů!<br><br><ul><li>Zásuvný produkt: Ano</li><li>Příkon: 3700 W</li><li>Typ: Topidlo</li><li>Design: Domácnost</li></ul>",Pop Pulse Emporium,,,,,758.58,25,NEW,52.0,52.0,41.0,14.2,110864.0,CZK,2,8,3
S7191955,3165140807937,cs-CZ,Giardinaggio e fai da te,Vrtací kladivo BOSCH Professional GBH 18V-26 F,"Pokud při zařizování vašeho domova kladete důraz na všelijaké detaily a chcete být průběžně informován o nejnovějších produktech, které vám usnadní ži","Pokud při zařizování vašeho domova kladete důraz na všelijaké detaily a chcete být průběžně informován o nejnovějších produktech, které vám usnadní život, nakupujte <b>Vrtací kladivo BOSCH Professional GBH 18V-26 F</b> za tu nejlepší cenu.<br><br><ul><li>Není zahrnut: Baterie</li><li>Nápajecí Zdroj: <ul><li>Baterie</li><li>Dobíjecí baterie</li></ul></li><li>Obsahuje: Nosič vrtáků</li><li>Vlastnosti: <ul><li>Vibrace</li><li>Dvojitá rukojeť</li></ul></li><li>Vibrace: 1,5 m/s²</li><li>Zásuvný produ",Pop Pulse Emporium,https://cdnbigbuy.com/images/3165140807937_R20.jpg,https://cdnbigbuy.com/images/3165140807937_I60.jpg,https://cdnbigbuy.com/images/3165140807937_S7191955_P00.jpg,https://cdnbigbuy.com/images/3165140807937_I20.jpg,619.44,2,NEW,39.8,25.0,10.4,4.1,10348.0,CZK,2,8,3
S7189191,0753759185374,cs-CZ,Sport e attività all'aperto,"GPS lokátor GARMIN ECHOMAP Plus 42cv 4,3""","Zůstaňte ve formě a objevujte poslední novinky ze sportovního světa s největšími zárukami! Nakupte <b>GPS lokátor GARMIN ECHOMAP Plus 42cv 4,3""</b> za","Zůstaňte ve formě a objevujte poslední novinky ze sportovního světa s největšími zárukami! Nakupte <b>GPS lokátor GARMIN ECHOMAP Plus 42cv 4,3""</b> za nejlepší cenu a užívejte si života plného zdraví!<br><br><ul><li>Typ: GPS lokátor</li><li>Plátno: 4,3""</li><li>Barva: Černý</li><li>Vlastnosti: Kontrola knoflíky</li><li>Připojení: <ul><li>Wi-Fi</li><li>Micro SD</li></ul></li><li>Maximální velikost paměťové karty: 32 GB</li><li>Dotyková obrazovka: Č.</li><li>Ovládání: App</li><li>Technologie: LCD<",Pop Pulse Emporium,https://cdnbigbuy.com/images/0753759185374_S7189191_P01.jpg,https://cdnbigbuy.com/images/0753759185374_S7189191_P21.jpg,https://cdnbigbuy.com/images/0753759185374_S7189191_P31.jpg,https://cdnbigbuy.com/images/0753759185374_S7189191_P11.jpg,688.86,2,NEW,21.3,29.6,12.9,1.72,8133.19,CZK,2,8,3
S7175636,3165140690065,cs-CZ,Giardinaggio e fai da te,Věncový vrták/fréza BOSCH GOF 1250 CE,"Pokud při zařizování vašeho domova kladete důraz na všelijaké detaily a chcete být průběžně informován o nejnovějších produktech, které vám usnadní ži","Pokud při zařizování vašeho domova kladete důraz na všelijaké detaily a chcete být průběžně informován o nejnovějších produktech, které vám usnadní život, nakupujte <b>Věncový vrták/fréza BOSCH GOF 1250 CE</b> za tu nejlepší cenu.<br><br><ul><li>Typ zástrčky: Zástrčka EU</li><li>Zásuvný produkt: Ano</li><li>Typ: <ul><li>Nářadí</li><li>Vrták</li></ul></li><li>Napětí: 230 V</li><li>Nápajecí Zdroj: Elektrický kabel</li><li>Barva: Černá/modrá</li><li>Vlastnosti: Bezpečnostní zámek</li></ul>",Pop Pulse Emporium,https://cdnbigbuy.com/images/3165140690065_S7175636_P01.jpg,https://cdnbigbuy.com/images/3165140690065_S7175636_P31.jpg,,,790.08,5,NEW,33.2,43.6,24.0,7.71,34740.48,CZK,2,8,3
S0464333,8021735219019,cs-CZ,Giardinaggio e fai da te,Automatické čističe bazénu Nilox NXWTRSCOOTERSUP,"Pokud hledáte nejnovější trendy na trhu, máme tu čest vám představit <b>Automatické čističe bazénu Nilox NXWTRSCOOTERSUP</b>!","Pokud hledáte nejnovější trendy na trhu, máme tu čest vám představit <b>Automatické čističe bazénu Nilox NXWTRSCOOTERSUP</b>!",Pop Pulse Emporium,https://cdnbigbuy.com/images/8021735219019_R00.jpg,https://cdnbigbuy.com/images/8021735219019_R10.jpg,,,615.54,5,NEW,35.8,40.7,34.3,6.71,49977.16,CZK,2,8,3
S7109096,4059952565811,cs-CZ,Giardinaggio e fai da te,Úhlová bruska BOSCH ProCORE,"Pokud při zařizování vašeho domova kladete důraz na všelijaké detaily a chcete být průběžně informován o nejnovějších produktech, které vám usnadní ži","Pokud při zařizování vašeho domova kladete důraz na všelijaké detaily a chcete být průběžně informován o nejnovějších produktech, které vám usnadní život, nakupujte <b>Úhlová bruska BOSCH ProCORE</b> za tu nejlepší cenu.<br><br><ul><li>Napětí: 18 V</li><li>Obsahuje: <ul><li>Aktovka</li><li>Baterie x 2</li><li>Nabíječka</li></ul></li><li>Přibližný průměr: Ø 125 mm</li><li>Zásuvný produkt: Ano</li><li>Typ zástrčky: Zástrčka EU</li></ul>",Pop Pulse Emporium,https://cdnbigbuy.com/images/4059952565811_S7109096_P00.jpg,https://cdnbigbuy.com/images/4059952565811_S7109096_P10.jpg,https://cdnbigbuy.com/images/4059952565811_S7109096_P30.jpg,,1048.82,1,NEW,43.8,35.0,13.8,7.36,21155.4,CZK,2,8,3
S7141464,0753759250430,cs-CZ,Sport e attività all'aperto,"GPS lokátor GARMIN 723 7""","Zůstaňte ve formě a objevujte poslední novinky ze sportovního světa s největšími zárukami! Nakupte <b>GPS lokátor GARMIN 723 7""</b> za nejlepší cenu a","Zůstaňte ve formě a objevujte poslední novinky ze sportovního světa s největšími zárukami! Nakupte <b>GPS lokátor GARMIN 723 7""</b> za nejlepší cenu a užívejte si života plného zdraví!<br><br><ul><li>Typ: GPS lokátor</li><li>Plátno: 7""</li></ul>",Pop Pulse Emporium,https://cdnbigbuy.com/images/0753759250430_S7141464_P01.jpg,https://cdnbigbuy.com/images/0753759250430_S7141464_P11.jpg,https://cdnbigbuy.com/images/0753759250430_S7141464_P21.jpg,,1544.56,1,NEW,29.2,24.0,21.0,2.66,14716.8,CZK,2,8,3
M1205021,8024482178752,cs-CZ,Giardinaggio e fai da te,Taška na nářadí GT Line ALL IN ONE Pěna Ocel Polypropylen Plastické,"Pokud při zařizování vašeho domova kladete důraz na všelijaké detaily a chcete být průběžně informován o nejnovějších produktech, které vám usnadní ži","Pokud při zařizování vašeho domova kladete důraz na všelijaké detaily a chcete být průběžně informován o nejnovějších produktech, které vám usnadní život, nakupujte <b>Taška na nářadí GT Line ALL IN ONE Pěna Ocel Polypropylen Plastické</b> za tu nejlepší cenu.<br><br><ul><li>Barva: <ul><li>Černý</li><li>Červený</li><li>Šedý</li><li>Transparentní</li></ul></li><li>Typ: Taška na nářadí</li><li>Materiál: <ul><li>Pěna</li><li>Ocel</li><li>Polypropylen</li><li>Plastické</li></ul></li><li>Obsahuje: <u",Pop Pulse Emporium,https://cdnbigbuy.com/images/8024482178752_M1205021_P00.jpg,https://cdnbigbuy.com/images/8024482178752_M1205021_P100.jpg,https://cdnbigbuy.com/images/8024482178752_M1205021_P60.jpg,https://cdnbigbuy.com/images/8024482178752_M1205021_P20.jpg,802.04,2,NEW,60.0,40.0,50.0,14.1,120000.0,CZK,2,8,3
S7187760,4054278987316,cs-CZ,Casa e arredamento,Tyčový vysavač Kärcher VC 6 250 W,"Jestli hledáte vhodné elektrospotřebiče za špičkové ceny, nesmí vám uniknout <b>Tyčový vysavač Kärcher VC 6 250 W</b> a další kousky z širokého výběru","Jestli hledáte vhodné elektrospotřebiče za špičkové ceny, nesmí vám uniknout <b>Tyčový vysavač Kärcher VC 6 250 W</b> a další kousky z širokého výběru kvalitních malých domácích elektrospotřebičů!<br><br><ul><li>Typ: <ul><li>Vysavače a čisticí roboti</li><li>Ruční vysavač</li></ul></li><li>Kapacita: 800 ml</li><li>Příkon: 250 W</li><li>Hlučnost: 69 dB</li></ul>",Pop Pulse Emporium,,,,,648.84,4,NEW,23.4,33.7,60.6,3.29,47787.95,CZK,2,8,3
S0459952,4242006266776,cs-CZ,Casa e arredamento,Indukční Plotýnka Balay 3EB989LH 7400 W,"Jestliže chcete renovovat svou kuchyň, kupte si <b>Indukční Plotýnka Balay 3EB989LH 7400 W</b> a další <b>produkty Balay</b>! Nejlepší kvalitu za nejl","Jestliže chcete renovovat svou kuchyň, kupte si <b>Indukční Plotýnka Balay 3EB989LH 7400 W</b> a další <b>produkty Balay</b>! Nejlepší kvalitu za nejlepší cenu máte na dosah!<br><br><ul><li>Typ: Indukční Plotýnka</li><li>Zásuvný produkt: Ano</li><li>Typ zástrčky: Zástrčka EU</li><li>Barva: Černý</li><li>Vlastnosti: <ul><li>Blokování pro děti</li><li>Vestavěný displej</li></ul></li><li>Typ instalace: Integrační</li><li>Příkon: 7400 W</li><li>Místo pro vaření: 4</li><li>Automatické vypínání: Ano</",Pop Pulse Emporium,,,,,1051.52,5,NEW,98.0,64.0,19.0,18.0,119168.0,CZK,2,8,3
S0405425,8423055002683,cs-CZ,Casa e arredamento,Sušák Ručníků Haverland XTAL4N Černý 400 W,"Pokud při zařizování vašeho domova kladete důraz na všelijaké detaily a chcete být průběžně informován o nejnovějších produktech, které vám usnadní ži","Pokud při zařizování vašeho domova kladete důraz na všelijaké detaily a chcete být průběžně informován o nejnovějších produktech, které vám usnadní život, nakupujte <b>Sušák Ručníků Haverland XTAL4N Černý 400 W</b> za tu nejlepší cenu.<br><br><ul><li>Barva: Černý</li><li>Příkon: 400 W</li></ul>",Pop Pulse Emporium,,,,,641.66,1,NEW,58.0,84.9,22.8,4.02,112271.76,CZK,2,8,3
S0454924,4054278974767,cs-CZ,Giardinaggio e fai da te,Parní čistič Kärcher SV7 2200 W,"Jestli hledáte vhodné elektrospotřebiče za špičkové ceny, nesmí vám uniknout <b>Parní čistič Kärcher SV7 2200 W</b> a další kousky z širokého výběru k","Jestli hledáte vhodné elektrospotřebiče za špičkové ceny, nesmí vám uniknout <b>Parní čistič Kärcher SV7 2200 W</b> a další kousky z širokého výběru kvalitních malých domácích elektrospotřebičů!<br><br><ul><li>Příkon: 2200 W</li><li>Tlakové: 4 bar</li><li>Neustálá pára: 65 g/min</li><li>Barva: Bílý</li><li>Materiál: Plastické</li><li>Vlastnosti: <ul><li>S pouzdrem</li><li>Blokování pro děti</li><li>Vypínač zapnutí/vypnutí</li></ul></li><li>Kapacita: 500 ml</li><li>Délka kabelu: 6m</li><li>Typ ov",Pop Pulse Emporium,https://cdnbigbuy.com/images/4054278974767_S0454924_P00.jpg,,,,964.16,2,NEW,37.8,29.6,37.1,4.05,41510.45,CZK,2,8,3
S7112837,0790776004691,cs-CZ,Casa e arredamento,Napařovací žehlička Laurastar 000.0301.520 Černý 2200 W,"Jestli hledáte vhodné elektrospotřebiče za špičkové ceny, nesmí vám uniknout <b>Napařovací žehlička Laurastar 000.0301.520 Černý 2200 W</b> a další ko","Jestli hledáte vhodné elektrospotřebiče za špičkové ceny, nesmí vám uniknout <b>Napařovací žehlička Laurastar 000.0301.520 Černý 2200 W</b> a další kousky z širokého výběru kvalitních malých domácích elektrospotřebičů!<br><br><p><b>Parní žehlička</b> <b>Laurastar Lift Plus Black</b> je přenosný generátor páry navržený pro optimální výkon při péči a úpravě oděvů. S kapacitou <b>1,1 litru</b> vody a výkonem <b>2200 W</b> zajišťuje nepřetržitý a silný přísun páry, který usnadňuje vyhlazování, žehle",Pop Pulse Emporium,,,,,803.52,2,NEW,30.2,50.8,30.0,7.68,46024.8,CZK,2,8,3
S71000287,3308815013183,cs-CZ,Giardinaggio e fai da te,Vodní bomba SFA Saniaccess 3,"Pokud při zařizování vašeho domova kladete důraz na všelijaké detaily a chcete být průběžně informován o nejnovějších produktech, které vám usnadní ži","Pokud při zařizování vašeho domova kladete důraz na všelijaké detaily a chcete být průběžně informován o nejnovějších produktech, které vám usnadní život, nakupujte <b>Vodní bomba SFA Saniaccess 3</b> za tu nejlepší cenu.<br><br><p><b>Čerpadlo SFA Saniaccess 3</b> je zařízení speciálně navržené pro efektivní odvod odpadních vod v domácím i komerčním prostředí, ideální pro instalaci v <b>sanitárních bidetech</b> nebo mycích zónách vyžadujících spolehlivý odtokový systém. Vyrobeno z <b>bílého a pr",Pop Pulse Emporium,https://cdnbigbuy.com/images/3308815013183_S71000287_P01.jpg,https://cdnbigbuy.com/images/3308815013183R01.jpg,https://cdnbigbuy.com/images/3308815013183_S71000287_P11.jpg,https://cdnbigbuy.com/images/3308815013183_R01.jpg,1204.92,5,NEW,58.0,27.0,34.0,7.58,53244.0,CZK,2,8,3
S7166116,4006508210237,cs-CZ,Casa e arredamento,"Superautomatický kávovar Melitta Caffeo Passione Stříbřitý 1000 W 1400 W 15 bar 1,2 L 1400 W","Jestli hledáte vhodné elektrospotřebiče za špičkové ceny, nesmí vám uniknout <b>Superautomatický kávovar Melitta Caffeo Passione 1400 W</b> a další ko","Jestli hledáte vhodné elektrospotřebiče za špičkové ceny, nesmí vám uniknout <b>Superautomatický kávovar Melitta Caffeo Passione 1400 W</b> a další kousky z širokého výběru kvalitních malých domácích elektrospotřebičů!<br><br><ul><li>Zásuvný produkt: Ano</li><li>Typ zástrčky: Zástrčka EU</li><li>Typ: <ul><li>Superautomatický kávovar</li><li>Espresso kávovar</li></ul></li><li>Vlastnosti: Vypínač zapnutí/vypnutí</li><li>Energetická klasifikace: A</li><li>Příkon: <ul><li>1000 W</li><li>1400 W</li><",Pop Pulse Emporium,,,,,777.6,1,NEW,58.0,39.7,24.5,10.28,56413.7,CZK,2,8,3
S0470161,8435089048834,cs-CZ,Sport e attività all'aperto,Hoverboard Smartgyro SG27-585 25 km/h Černý 800 W,"Pokud hledáte nejnovější trendy na trhu, máme tu čest vám představit <b>Hoverboard Smartgyro SG27-585 25 km/h Černý 800 W</b>!<br><br><ul><li>Typ: Hov","Pokud hledáte nejnovější trendy na trhu, máme tu čest vám představit <b>Hoverboard Smartgyro SG27-585 25 km/h Černý 800 W</b>!<br><br><ul><li>Typ: Hoverboard</li><li>Zásuvný produkt: Ano</li><li>Typ zástrčky: Zástrčka EU</li><li>Kapacita baterie: 15000 mAh</li><li>Rychlost: 25 km/h</li><li>Barva: Černý</li><li>Materiál: <ul><li>Guma</li><li>Hliník</li></ul></li><li>Vlastnosti: <ul><li>Přenosný</li><li>S kolečky</li><li>Elektrický</li><li>Kolečka</li><li>Nabíjecí</li><li>Dobíjecí baterie</li><li>",Pop Pulse Emporium,https://cdnbigbuy.com/images/8435089048834_S0470161_P00.jpg,,,,1160.06,18,NEW,85.5,44.7,36.0,14.82,137586.6,CZK,2,8,3
S71003532,5708614904268,cs-CZ,Sport e attività all'aperto,plynový vařič,Zůstaňte ve formě a objevujte poslední novinky ze sportovního světa s největšími zárukami! Nakupte <b>plynový vařič</b> za nejlepší cenu a užívejte si,Zůstaňte ve formě a objevujte poslední novinky ze sportovního světa s největšími zárukami! Nakupte <b>plynový vařič</b> za nejlepší cenu a užívejte si života plného zdraví!<br><br><ul><li>Barva: Černý</li><li>Materiál: Nerezová ocel</li></ul>,Pop Pulse Emporium,https://cdnbigbuy.com/images/5708614904268_S71003532_P00.jpg,https://cdnbigbuy.com/images/5708614904268_S71003532_P20.jpg,https://cdnbigbuy.com/images/5708614904268_S71003532_P30.jpg,https://cdnbigbuy.com/images/5708614904268_S71003532_P40.jpg,761.4,10,NEW,66.5,64.0,34.0,29.55,144704.0,CZK,2,8,3
S71013674,4242004282549,cs-CZ,Casa e arredamento,Mikrovlnnou Troubu Neff HLAWD23N1F Šedý 800 W,"Jestli hledáte vhodné elektrospotřebiče za špičkové ceny, nesmí vám uniknout <b>Mikrovlnnou Troubu Neff HLAWD23N1F Šedý 800 W</b> a další kousky z šir","Jestli hledáte vhodné elektrospotřebiče za špičkové ceny, nesmí vám uniknout <b>Mikrovlnnou Troubu Neff HLAWD23N1F Šedý 800 W</b> a další kousky z širokého výběru kvalitních malých domácích elektrospotřebičů!<br><br><ul><li>Zásuvný produkt: Ano</li><li>Typ zástrčky: Zástrčka EU</li><li>Barva: <ul><li>Šedý</li><li>Černý</li></ul></li><li>Materiál: Nerezová ocel</li><li>Vlastnosti: Vestavěný displej</li><li>Příkon: 800 W</li><li>Technologie: LED</li><li>Směr otevírání: Vlevo</li><li>Frekvence: 50 ",Pop Pulse Emporium,,,,,676.62,5,NEW,40.6,44.2,37.3,12.52,66935.6,CZK,2,8,3
S7153536,0790776000945,cs-CZ,Casa e arredamento,Napařovací žehlička Laurastar 000.0304.501 2200 W,"Jestli hledáte vhodné elektrospotřebiče za špičkové ceny, nesmí vám uniknout <b>Napařovací žehlička Laurastar 000.0304.501 2200 W</b> a další kousky z","Jestli hledáte vhodné elektrospotřebiče za špičkové ceny, nesmí vám uniknout <b>Napařovací žehlička Laurastar 000.0304.501 2200 W</b> a další kousky z širokého výběru kvalitních malých domácích elektrospotřebičů!<br><br><ul><li>Typ: Napařovací žehlička</li><li>Zásuvný produkt: Ano</li><li>Typ zástrčky: Zástrčka EU</li><li>Vlastnosti: LED Světla</li><li>Příkon: 2200 W</li><li>Kapacita: 1,1 L</li><li>Materiál: Hliník</li><li>Energetická klasifikace: A</li><li>Barva: Černá/červená</li><li>Přibližná",Pop Pulse Emporium,,,,,683.08,5,NEW,30.2,50.8,29.6,7.22,45411.14,CZK,2,8,3
S0466560,6977328066206,cs-CZ,Casa e arredamento,Robotický vysavač Dreame 010204AA000500,"Pokud při zařizování vašeho domova kladete důraz na všelijaké detaily a chcete být průběžně informován o nejnovějších produktech, které vám usnadní ži","Pokud při zařizování vašeho domova kladete důraz na všelijaké detaily a chcete být průběžně informován o nejnovějších produktech, které vám usnadní život, nakupujte <b>Robotický vysavač Dreame 010204AA000500</b> za tu nejlepší cenu.<br><br><p><b>Robotický vysavač Dreame L40S PRO ULTRA</b> je pokročilé zařízení navržené pro usnadnění každodenního úklidu domácnosti s vysokou efektivitou a autonomií. Jeho <b>kulatý a kompaktní design o průměru 35 cm</b> umožňuje snadný přístup do různých prostor, p",Pop Pulse Emporium,,,,,1165.4,2,NEW,64.8,45.3,43.3,3.42,127104.55,CZK,2,8,3
S7185936,3660767982000,cs-CZ,Casa e arredamento,Indukční Plotýnka Brandt Ti364W,"Jestliže chcete renovovat svou kuchyň, kupte si <b>Indukční Plotýnka Brandt Ti364W</b> a další <b>produkty Brandt</b>! Nejlepší kvalitu za nejlepší ce","Jestliže chcete renovovat svou kuchyň, kupte si <b>Indukční Plotýnka Brandt Ti364W</b> a další <b>produkty Brandt</b>! Nejlepší kvalitu za nejlepší cenu máte na dosah!<br><br><ul><li>Typ: <ul><li>Indukční Plotýnka</li><li>elektrospotřebiče</li></ul></li><li>Zásuvný produkt: Ano</li><li>Typ zástrčky: Zástrčka EU</li><li>Místo pro vaření: 3</li><li>Přibližné rozměry: 5,9 x 58 x 51 cm</li><li>Přibližný průměr: Ø 14 cm</li></ul>",Pop Pulse Emporium,,,,,700.02,2,NEW,74.0,59.0,14.0,9.66,61124.0,CZK,2,8,3
S55170130,3760170880686,cs-CZ,Casa e arredamento,Stůl Urban Factory EED25UF Bílý Nerezová ocel 118 x 60 cm,"Pokud se zajímáte o <b>počítače a elektronika</b>, rádi máte doma moderní vybavení a hlídáte si každý detail, kupte si <b>Stůl Urban Factory EED25UF B","Pokud se zajímáte o <b>počítače a elektronika</b>, rádi máte doma moderní vybavení a hlídáte si každý detail, kupte si <b>Stůl Urban Factory EED25UF Bílý Nerezová ocel 118 x 60 cm</b> za nejlepší ceny.<br><br><ul><li>Materiál: <ul><li>Dřevo MDF</li><li>Nerezová ocel</li></ul></li><li>Typ: Pravé</li><li>Barva: Bílý</li><li>Vlastnosti: Nastavitelná výška</li><li>Přibližné rozměry: 118 x 60 cm</li></ul>",Pop Pulse Emporium,,,,,697.3,1,NEW,128.0,67.0,13.0,31.5,111488.0,CZK,2,8,3
S71015379,6975399590491,cs-CZ,Sport e attività all'aperto,Přenosný Chladící Box Igloo71 31 L 32 L Modrý Plastické,Zůstaňte ve formě a objevujte poslední novinky ze sportovního světa s největšími zárukami! Nakupte <b>Přenosný Chladící Box Igloo71 31 L 32 L Modrý Pl,"Zůstaňte ve formě a objevujte poslední novinky ze sportovního světa s největšími zárukami! Nakupte <b>Přenosný Chladící Box Igloo71 31 L 32 L Modrý Plastické</b> za nejlepší cenu a užívejte si života plného zdraví!<br><br><p><b>Přenosná chladnička Igloo</b> je zařízení navržené k uchování potravin a nápojů čerstvých díky napájení z <b>elektrické sítě 240 V</b>, což zajišťuje stálé a efektivní chlazení bez závislosti na ledu. Vyrobena z <b>odolného plastu</b>, tato chladnička má elegantní povrch ",Pop Pulse Emporium,https://cdnbigbuy.com/images/6975399590491_S71015379_P00.jpg,https://cdnbigbuy.com/images/6975399590491_S71015379_P50.jpg,https://cdnbigbuy.com/images/6975399590491_S71015379_P10.jpg,https://cdnbigbuy.com/images/6975399590491_S71015379_P20.jpg,623.54,4,NEW,30.8,28.6,33.3,14.38,29333.3,CZK,2,8,3
S71021059,8720389042119,cs-CZ,Casa e arredamento,Tyčový vysavač Philips,"Pokud hledáte nejnovější trendy na trhu, máme tu čest vám představit <b>Tyčový vysavač Philips</b>!<br><br><ul><li>Zásuvný produkt: Ano</li><li>Typ: T","Pokud hledáte nejnovější trendy na trhu, máme tu čest vám představit <b>Tyčový vysavač Philips</b>!<br><br><ul><li>Zásuvný produkt: Ano</li><li>Typ: Tyčový vysavač</li><li>Typ zástrčky: Zástrčka EU</li><li>Barva: Černý</li><li>Hloubka: 25 cm</li><li>Tvar: Obdélníkový</li><li>Nápajecí Zdroj: Baterie</li><li>Přibližná doba nabíjení: 6 hodin</li><li>Napětí: 21,6 V</li><li>Vlastnosti: Vlhký a suchý</li><li>Typ baterie: Litio Ion</li><li>Přibližná výdrž: 30 minut</li></ul>",Pop Pulse Emporium,,,,,808.46,5,NEW,77.0,39.0,30.0,11.55,90090.0,CZK,2,8,3
S71024920,6974653811983,cs-CZ,Casa e arredamento,Vysavač Roborock Bílý,"Pokud hledáte nejnovější trendy na trhu, máme tu čest vám představit <b>Vysavač Roborock Bílý</b>!<br><br><p><b>Bílý vysavač Roborock</b> představuje ","Pokud hledáte nejnovější trendy na trhu, máme tu čest vám představit <b>Vysavač Roborock Bílý</b>!<br><br><p><b>Bílý vysavač Roborock</b> představuje pokročilé řešení pro komplexní úklid domácnosti, kombinující výkon a technologickou inovaci v kompaktním a funkčním designu. Tento model vyniká sacím výkonem <b>20 000 Pa</b>, který zajišťuje důkladné čištění všech suchých povrchů, od koberců po tvrdé podlahy, s efektivními a rovnoměrnými výsledky. Mezi jeho klíčové vlastnosti patří funkce <b>samoo",Pop Pulse Emporium,,,,,745.3,25,NEW,72.0,34.0,30.0,8.32,73440.0,CZK,2,8,3
S0468382,4242006318123,cs-CZ,Casa e arredamento,Plynová deska Balay 3ETG676RB,"Jestliže chcete renovovat svou kuchyň, kupte si <b>Plynová deska Balay 3ETG676RB</b> a další <b>produkty Balay</b>! Nejlepší kvalitu za nejlepší cenu ","Jestliže chcete renovovat svou kuchyň, kupte si <b>Plynová deska Balay 3ETG676RB</b> a další <b>produkty Balay</b>! Nejlepší kvalitu za nejlepší cenu máte na dosah!<br><br><ul><li>Zásuvný produkt: Ano</li><li>Barva: Černý</li><li>Funkce: <ul><li>Vařit</li><li>Kontrola teploty</li></ul></li><li>Dokončení: Matný</li><li>Materiál: <ul><li>Sklo</li><li>Tempered glass</li></ul></li><li>Místo pro vaření: 5</li><li>Ovládání: Otáčení</li><li>Typ instalace: přes přepážku</li><li>Vysoký: 4,5 cm</li><li>Př",Pop Pulse Emporium,,,,,678.54,50,NEW,59.7,79.3,14.5,6.95,68646.04,CZK,2,8,3
S71014863,8690842650826,cs-CZ,Casa e arredamento,Tyčový vysavač BEKO VRT96425VD 150 W,"Pokud hledáte nejnovější trendy na trhu, máme tu čest vám představit <b>Tyčový vysavač BEKO VRT96425VD 150 W</b>!<br><br><ul><li>Zásuvný produkt: Ano<","Pokud hledáte nejnovější trendy na trhu, máme tu čest vám představit <b>Tyčový vysavač BEKO VRT96425VD 150 W</b>!<br><br><ul><li>Zásuvný produkt: Ano</li><li>Typ: Tyčový vysavač</li><li>Typ zástrčky: Zástrčka EU</li><li>Baterie: Lithium-ion</li><li>Materiál: <ul><li>Kov</li><li>Plastické</li></ul></li><li>Vlastnosti: <ul><li>Lehký a flexibilní</li><li>Dobíjecí lithiová baterie</li><li>Indikátor vybití baterie</li><li>HEPA filtr</li><li>Nabíjecí podstavec</li><li>Omyvatelný filtr</li><li>Automati",Pop Pulse Emporium,,,,,639.06,1,NEW,49.9,33.1,48.0,14.54,79281.12,CZK,2,8,3
S0468375,0622356289825,cs-CZ,Casa e arredamento,"Elektrický kávovar NINJA ES701EU Stříbřitý 1,2 L","Pokud hledáte nejnovější trendy na trhu, máme tu čest vám představit <b>Elektrický kávovar NINJA ES701EU Stříbřitý 1,2 L</b>!<br><br><ul><li>Typ zástr","Pokud hledáte nejnovější trendy na trhu, máme tu čest vám představit <b>Elektrický kávovar NINJA ES701EU Stříbřitý 1,2 L</b>!<br><br><ul><li>Typ zástrčky: Zástrčka EU</li><li>Zásuvný produkt: Ano</li><li>Typ: <ul><li>Mletá káva</li><li>Poloautomatická</li><li>Espresso kávovar</li></ul></li><li>Typ ovládání: Tlačítek</li><li>Obsahuje: <ul><li>Manuál uživatele</li><li>Mléčná pěna</li></ul></li><li>Vlastnosti: <ul><li>Vyjmutelný tác na kapání</li><li>Automatické vypínání</li><li>Samočistící</li><li",Pop Pulse Emporium,,,,,954.82,5,NEW,30.1,32.1,40.1,3.67,38745.02,CZK,2,8,3
S7109073,4892210205131,cs-CZ,Giardinaggio e fai da te,Set vrtačky a doplňků Ryobi RCK184C-242S,"Pokud při zařizování vašeho domova kladete důraz na všelijaké detaily a chcete být průběžně informován o nejnovějších produktech, které vám usnadní ži","Pokud při zařizování vašeho domova kladete důraz na všelijaké detaily a chcete být průběžně informován o nejnovějších produktech, které vám usnadní život, nakupujte <b>Set vrtačky a doplňků Ryobi RCK184C-242S</b> za tu nejlepší cenu.<br><br><ul><li>Barva: Zelená</li></ul>",Pop Pulse Emporium,https://cdnbigbuy.com/images/4892210205131_S7109073_P00.jpg,https://cdnbigbuy.com/images/4892210205131_S7109073_P40.jpg,https://cdnbigbuy.com/images/4892210205131_S7109073_P50.jpg,https://cdnbigbuy.com/images/4892210205131_S7109073_P10.jpg,699.36,10,NEW,28.0,37.0,61.8,1.18,64024.8,CZK,2,8,3
S71011001,8004399328341,cs-CZ,Casa e arredamento,Superautomatický kávovar DeLonghi Černý 1450 W,"Jestli hledáte vhodné elektrospotřebiče za špičkové ceny, nesmí vám uniknout <b>Superautomatický kávovar DeLonghi Černý 1450 W</b> a další kousky z ši","Jestli hledáte vhodné elektrospotřebiče za špičkové ceny, nesmí vám uniknout <b>Superautomatický kávovar DeLonghi Černý 1450 W</b> a další kousky z širokého výběru kvalitních malých domácích elektrospotřebičů!<br><br><p><b>Superautomatický kávovar DeLonghi ECAM 44.660.B</b> je zařízení navržené pro ty, kteří hledají maximální pohodlí a kvalitu při přípravě kávy doma nebo v malých kancelářích. S výkonem <b>1450 W</b> zajišťuje rychlé a efektivní ohřátí, schopné připravit espresso s ideální teplot",Pop Pulse Emporium,,,,,1098.74,25,NEW,53.2,33.8,49.8,14.81,89548.37,CZK,2,8,3
M1200540,4021176411861,cs-CZ,Giardinaggio e fai da te,Stahovák ložisek KUKKO 2 Nohy,"Pokud při zařizování vašeho domova kladete důraz na všelijaké detaily a chcete být průběžně informován o nejnovějších produktech, které vám usnadní ži","Pokud při zařizování vašeho domova kladete důraz na všelijaké detaily a chcete být průběžně informován o nejnovějších produktech, které vám usnadní život, nakupujte <b>Stahovák ložisek KUKKO 2 Nohy</b> za tu nejlepší cenu.<br><br><ul><li>Typ: <ul><li>Univerzální</li><li>Stahovák ložisek</li></ul></li><li>Nohy: 2 Nohy</li><li>Vlastnosti: Klouzavé nohy</li><li>Rozsah: 300 mm</li></ul>",Pop Pulse Emporium,https://cdnbigbuy.com/images/4021176411861_M1200540_P00.jpg,https://cdnbigbuy.com/images/4021176411861_M1200540_P100.jpg,https://cdnbigbuy.com/images/4021176411861_M1200540_P60.jpg,https://cdnbigbuy.com/images/4021176411861_M1200540_P20.jpg,2294.52,2,NEW,76.0,14.0,13.0,16.36,13832.0,CZK,2,8,3
S0468660,8004399029064,cs-CZ,Casa e arredamento,Elektrický kávovar DeLonghi EC9455M,"Jestli hledáte vhodné elektrospotřebiče za špičkové ceny, nesmí vám uniknout <b>Elektrický kávovar DeLonghi EC9455M</b> a další kousky z širokého výbě","Jestli hledáte vhodné elektrospotřebiče za špičkové ceny, nesmí vám uniknout <b>Elektrický kávovar DeLonghi EC9455M</b> a další kousky z širokého výběru kvalitních malých domácích elektrospotřebičů!<br><br><ul><li>Zásuvný produkt: Ano</li><li>Vlastnosti: Kávový filtr</li><li>Tlakové: 15 bar</li><li>Materiál: Kov</li><li>Napětí: 240 V</li><li>Barva: Kov</li></ul>",Pop Pulse Emporium,,,,,1292.94,5,NEW,30.1,32.1,40.1,3.67,38745.02,CZK,2,8,3
S7189693,4053423235067,cs-CZ,Giardinaggio e fai da te,Vrtací kladivo BOSCH Professional GBH 24 C,"Pokud při zařizování vašeho domova kladete důraz na všelijaké detaily a chcete být průběžně informován o nejnovějších produktech, které vám usnadní ži","Pokud při zařizování vašeho domova kladete důraz na všelijaké detaily a chcete být průběžně informován o nejnovějších produktech, které vám usnadní život, nakupujte <b>Vrtací kladivo BOSCH Professional GBH 24 C</b> za tu nejlepší cenu.<br><br><ul><li>Obsahuje: <ul><li>Aktovka</li><li>Dobíjecí lithiová baterie</li><li>Nabíječka na baterie</li><li>zaměnitelné tipy</li><li>Dobíjecí lithiová baterie x 2</li></ul></li><li>Zásuvný produkt: Ano</li><li>Vlastnosti: Dvojitá rukojeť</li><li>Typ zástrčky: ",Pop Pulse Emporium,https://cdnbigbuy.com/images/4053423235067_R01.jpg,https://cdnbigbuy.com/images/4053423235067_R31.jpg,https://cdnbigbuy.com/images/4053423235067_R21.jpg,https://cdnbigbuy.com/images/4053423235067_R61.jpg,841.2,4,NEW,35.6,43.8,13.6,7.46,21206.21,CZK,2,8,3
S0453840,4242006308056,cs-CZ,Casa e arredamento,"Indukční Plotýnka Balay 3EB965WR 59,2 cm","Jestliže chcete renovovat svou kuchyň, kupte si <b>Indukční Plotýnka Balay 3EB965WR 59,2 cm</b> a další <b>produkty Balay</b>! Nejlepší kvalitu za nej","Jestliže chcete renovovat svou kuchyň, kupte si <b>Indukční Plotýnka Balay 3EB965WR 59,2 cm</b> a další <b>produkty Balay</b>! Nejlepší kvalitu za nejlepší cenu máte na dosah!<br><br><p><b>Indukční varná deska 3EB965WR</b> značky <b>Balay</b> je určena pro ty, kteří hledají efektivitu a pohodlí v moderní kuchyni. S <b>celkovým výkonem 7400 W</b> zajišťuje rychlé a rovnoměrné ohřívání, což usnadňuje přípravu různých receptů za kratší dobu. Má kompaktní design s <b>šířkou 59,2 cm</b>, ideální pro ",Pop Pulse Emporium,,,,,791.58,4,NEW,69.0,68.0,19.0,11.1,89148.0,CZK,2,8,3
S0459942,4242006308476,cs-CZ,Casa e arredamento,Indukční Plotýnka Balay 3EB969LH 60 cm 7400 W,"Jestliže chcete renovovat svou kuchyň, kupte si <b>Indukční Plotýnka Balay 3EB969LH 60 cm 7400 W</b> a další <b>produkty Balay</b>! Nejlepší kvalitu z","Jestliže chcete renovovat svou kuchyň, kupte si <b>Indukční Plotýnka Balay 3EB969LH 60 cm 7400 W</b> a další <b>produkty Balay</b>! Nejlepší kvalitu za nejlepší cenu máte na dosah!<br><br><ul><li>Typ: Indukční Plotýnka</li><li>Zásuvný produkt: Ano</li><li>Typ zástrčky: Zástrčka EU</li><li>Šířka: 60 cm</li><li>Vlastnosti: <ul><li>Časovač</li><li>Blokování pro děti</li><li>Dotykový knoflík</li></ul></li><li>Typ instalace: Integrační</li><li>Příkon: 7400 W</li><li>Místo pro vaření: 2</li><li>Vestav",Pop Pulse Emporium,,,,,974.56,25,NEW,69.0,68.0,19.0,10.0,89148.0,CZK,2,8,3
S7149765,8004399328662,cs-CZ,Casa e arredamento,Superautomatický kávovar DeLonghi ETAM29.510 1450 W 15 bar,"Jestli hledáte vhodné elektrospotřebiče za špičkové ceny, nesmí vám uniknout <b>Superautomatický kávovar DeLonghi ETAM29.510 1450 W 15 bar</b> a další","Jestli hledáte vhodné elektrospotřebiče za špičkové ceny, nesmí vám uniknout <b>Superautomatický kávovar DeLonghi ETAM29.510 1450 W 15 bar</b> a další kousky z širokého výběru kvalitních malých domácích elektrospotřebičů!<br><br><p><b>Superautomatický kávovar ETAM29.510</b> od <b>DeLonghi</b> je navržen pro milovníky kávy, kteří hledají kvalitu a praktičnost v jednom přístroji. S <b>výkonným motorem o výkonu 1450 W</b> a <b>tlakem 15 barů</b> zajišťuje optimální extrakci kávy, uvolňující plnou v",Pop Pulse Emporium,,,,,812.12,25,NEW,55.0,46.4,27.4,11.64,69924.8,CZK,2,8,3
S71013490,6956079724894,cs-CZ,Casa e arredamento,Robotický vysavač Eureka E10S,"Pokud hledáte nejnovější trendy na trhu, máme tu čest vám představit <b>Robotický vysavač Eureka E10S</b>!<br><br><ul><li>Zásuvný produkt: Ano</li><li","Pokud hledáte nejnovější trendy na trhu, máme tu čest vám představit <b>Robotický vysavač Eureka E10S</b>!<br><br><ul><li>Zásuvný produkt: Ano</li><li>Typ zástrčky: Zástrčka EU</li><li>Barva: Černý</li><li>Kapacita: 200 ml</li><li>Přibližná výdrž: 3 hodin</li></ul>",Pop Pulse Emporium,,,,,600.5,5,NEW,39.2,38.7,30.3,5.51,45966.31,CZK,2,8,3
S7148040,0753759268374,cs-CZ,Sport e attività all'aperto,Lokátor ryb GARMIN GARMIN 7hp vivid striker sounder with gt20-tm transducer,Zůstaňte ve formě a objevujte poslední novinky ze sportovního světa s největšími zárukami! Nakupte <b>Lokátor ryb GARMIN GARMIN 7hp vivid striker soun,"Zůstaňte ve formě a objevujte poslední novinky ze sportovního světa s největšími zárukami! Nakupte <b>Lokátor ryb GARMIN GARMIN 7hp vivid striker sounder with gt20-tm transducer</b> za nejlepší cenu a užívejte si života plného zdraví!<br><br><p><b>GARMIN 7hp vivid striker sounder s transduktorem gt20-tm</b> je pokročilý <b>lokátor ryb</b> navržený pro přesné a detailní navigační a rybářské zážitky. Zařízení má <b>7palcový podsvícený displej</b> s rozlišením <b>800 x 480 pixelů</b>, který poskytu",Pop Pulse Emporium,https://cdnbigbuy.com/images/0753759268374_S7148040_P00.jpg,https://cdnbigbuy.com/images/0753759268374_S7148040_P10.jpg,https://cdnbigbuy.com/images/0753759268374_S7148040_P20.jpg,,803.76,5,NEW,23.0,29.6,21.0,2.14,14296.8,CZK,2,8,3
S71010322,0729849179868,cs-CZ,Articoli da cucina e per la casa,Tác PetSafe,"Pokud hledáte nejnovější trendy na trhu, máme tu čest vám představit <b>Tác PetSafe</b>!<br><br><ul><li>Typ: Tác</li></ul>","Pokud hledáte nejnovější trendy na trhu, máme tu čest vám představit <b>Tác PetSafe</b>!<br><br><ul><li>Typ: Tác</li></ul>",Pop Pulse Emporium,https://cdnbigbuy.com/images/0729849179868_S71010322_P00.jpg,https://cdnbigbuy.com/images/0729849179868_S71010322_P50.jpg,https://cdnbigbuy.com/images/0729849179868_S71010322_P10.jpg,https://cdnbigbuy.com/images/0729849179868_S71010322_P20.jpg,649.36,4,NEW,55.5,55.0,32.4,3.5,98901.0,CZK,2,8,3
S0451306,8007411010705,cs-CZ,Giardinaggio e fai da te,Parní čistič POLTI Fav50_Multifloor,"Jestli hledáte vhodné elektrospotřebiče za špičkové ceny, nesmí vám uniknout <b>Parní čistič POLTI Fav50_Multifloor</b> a další kousky z širokého výbě","Jestli hledáte vhodné elektrospotřebiče za špičkové ceny, nesmí vám uniknout <b>Parní čistič POLTI Fav50_Multifloor</b> a další kousky z širokého výběru kvalitních malých domácích elektrospotřebičů!<br><br><ul><li>Barva: Červený</li><li>Příkon: 1100 W</li><li>Kapacita: 500 ml</li><li>Otočný kabel 360º: 1,6 m</li></ul>",Pop Pulse Emporium,https://cdnbigbuy.com/images/8007411010705_S0451306_P00.jpg,,,,742.58,1,NEW,33.0,49.0,83.8,9.0,135504.6,CZK,2,8,3
S0468388,9355973137422,cs-CZ,Casa e arredamento,Elektrický kávovar Sage THEBARISTATOUCH,"Jestli hledáte vhodné elektrospotřebiče za špičkové ceny, nesmí vám uniknout <b>Elektrický kávovar Sage THEBARISTATOUCH</b> a další kousky z širokého ","Jestli hledáte vhodné elektrospotřebiče za špičkové ceny, nesmí vám uniknout <b>Elektrický kávovar Sage THEBARISTATOUCH</b> a další kousky z širokého výběru kvalitních malých domácích elektrospotřebičů!<br><br><ul><li>Zásuvný produkt: Ano</li><li>Vlastnosti: <ul><li>Snadný k čištění</li><li>Kávový filtr</li></ul></li><li>Materiál: Nerezová ocel</li><li>Napětí: 240 V</li></ul>",Pop Pulse Emporium,,,,,1815.86,2,NEW,30.1,32.1,40.1,3.67,38745.02,CZK,2,8,3
S71023923,3760372558987,cs-CZ,Giardinaggio e fai da te,Vysavač na Okna EZIclean,"Pokud hledáte nejnovější trendy na trhu, máme tu čest vám představit <b>Vysavač na Okna EZIclean</b>!","Pokud hledáte nejnovější trendy na trhu, máme tu čest vám představit <b>Vysavač na Okna EZIclean</b>!",Pop Pulse Emporium,https://cdnbigbuy.com/images/3760372558987_S71023923_P00.jpg,https://cdnbigbuy.com/images/3760372558987_S71023923_P30.jpg,https://cdnbigbuy.com/images/3760372558987_S71023923_P40.jpg,https://cdnbigbuy.com/images/3760372558987_S71023923_P50.jpg,654.9,4,NEW,30.0,41.0,12.0,3.02,14760.0,CZK,2,8,3
S71016405,8020283058651,cs-CZ,Casa e arredamento,Indukční Plotýnka Elica,"Pokud hledáte nejnovější trendy na trhu, máme tu čest vám představit <b>Indukční Plotýnka Elica</b>!<br><br><p><b>Indukční varná deska NikolaTesla Alp","Pokud hledáte nejnovější trendy na trhu, máme tu čest vám představit <b>Indukční Plotýnka Elica</b>!<br><br><p><b>Indukční varná deska NikolaTesla Alpha B</b> od <b>Elica</b> je kuchyňský spotřebič navržený pro efektivitu a kontrolu při přípravě jídel, zvláště díky <b>šířce 78 cm</b>, která nabízí dostatek prostoru pro současné použití až <b>čtyř varných zón</b>. S <b>celkovým výkonem 7400 W</b> zajišťuje tato <b>indukční deska</b> rychlé a přesné ohřívání díky technologii využívající magnetická",Pop Pulse Emporium,,,,,1559.98,24,NEW,33.4,49.5,27.5,23.08,45465.75,CZK,2,8,3
